Size (SMB) after publication (Banz 1981) · sign-flip|0.00014889705882352935
-0.0006419117647058823
0.00031397058823529403
0.0024926470588235296
0.0002617647058823529
0.0015794117647058828
2.6470588235294112e-05
0.0003183823529411764
0.0012216911764705884
0.0003937499999999998
-0.0008639705882352943
0.001400367647058823
-0.0005397058823529412
-0.0004033088235294116
-0.0030466911764705884
-0.00019889705882352934
-0.0010658088235294115
-0.0014183823529411767
-0.0016338235294117646
0.001395588235294118
-0.0015897058823529412
-0.001292279411764706
-0.00033124999999999995
0.00146360294117647
0.002136029411764706
0.0003419117647058827
-0.0005900735294117647
-0.00011286764705882391
-0.0005849264705882352
-0.0019088235294117647
-0.0006562499999999999
0.0010783088235294118
0.000333088235294118
0.001894485294117647
9.522058823529409e-05
0.0017522058823529409
-0.0010860294117647064
-0.0010669117647058824
-0.0019128676470588236
-0.00011875000000000014
0.001593014705882353
-0.0008761029411764704
-0.0005187500000000002
0.0016691176470588233
-0.00021654411764705905
-0.0013058823529411765
0.0023363970588235294
0.0008665441176470588
0.0009125
0.00020661764705882392
-0.000923529411764706
0.0021816176470588235
-0.000131985294117647
0.0010272058823529411
0.001009558823529412
0.0017566176470588234
0.0007036764705882352
0.0014985294117647058
0.00016397058823529402
0.0009577205882352937
0.00035220588235294117
-0.0005624999999999998
0.0009507352941176469
-0.0012742647058823528
-0.002903308823529412
0.00025073529411764666
-0.0005235294117647057
-0.0003886029411764706
-0.0008823529411764704
-0.0015227941176470588
-0.0009724264705882347
-3.6029411764706096e-05
0.0011606617647058823
-0.00025992647058823527
-0.0010463235294117647
-0.0003625000000000003
0.002007720588235295
0.0015099264705882348
-0.001107720588235294
-0.00043602941176470593
-0.0013051470588235298
-0.0001466911764705888
0.0003470588235294117
0.0013474264705882356
-0.0006191176470588233
-0.0009132352941176469
-0.00019779411764705868
0.0003154411764705881
-0.00022132352941176458
0.0009194852941176474
-0.00010808823529411798
-0.0009606617647058826
-0.0004720588235294118
0.0006455882352941174
-0.0015080882352941176
0.001311764705882353
0.00035625000000000007
-0.0006507352941176468
0.002714705882352942
-0.0021977941176470586
-0.0013044117647058823
0.000420955882352941
-0.000872058823529412
-0.00025183823529411806
0.0006702205882352944
-0.0005580882352941178
-0.0009797794117647057
-0.0013018382352941176
-0.00023676470588235277
0.001526470588235294
-0.0004382352941176473
0.00046654411764705887
-0.002495955882352941
0.0008852941176470591
-0.0009091911764705884
0.001229779411764706
-0.0012330882352941173
0.00030845588235294116
0.0006555147058823526
0.00025882352941176436
0.0010132352941176468
0.0006077205882352943
0.0028915441176470586
-0.0003459558823529411
-0.002955882352941176
0.000811764705882353
0.0012654411764705885
-0.001801102941176471
-0.0014672794117647058
-0.0009356617647058821
0.0017426470588235293
0.0008893382352941172
0.001971691176470589
0.0003812499999999998
-2.9044117647058685e-05
0.0013294117647058821
-0.0009136029411764708
0.001546323529411765
-0.0005540441176470589
-0.0013713235294117649
0.0021275735294117647
-0.0004830882352941178
0.003413602941176471
0.0013547794117647052
-0.0011069852941176467
0.0023724264705882354
-0.0005117647058823531
0.0001250000000000001
-8.23529411764705e-05
0.0019470588235294115
-0.0010919117647058825
-0.0018455882352941177
-0.0012511029411764706
-0.0014680147058823533
-0.00010441176470588259
-8.08823529411747e-06
0.0014705882352941176
-0.00012279411764705908
-0.0006613970588235295
-0.0006330882352941177
0.001475
0.001591911764705882
-0.001779779411764706
-0.0011183823529411765
0.0007860294117647059
-0.001655514705882353
-0.002805882352941176
-0.0023702205882352944
0.00041948529411764727
0.0006871323529411765
-0.0002327205882352938
0.000350735294117647
0.0014606617647058822
-0.0001250000000000001
-2.426470588235272e-05
0.002319485294117647
-0.0014169117647058822
-0.0003654411764705881
-0.0013727941176470586
-6.838235294117639e-05
0.0002566176470588234
-0.0019216911764705885
0.002000735294117647
0.0027411764705882356
-1.7647058823529458e-05
0.0008224264705882353
-0.0011959558823529412
-2.536764705882359e-05
-0.0007672794117647057
-0.0006680147058823528
0.0010161764705882356
9.816176470588235e-05
-8.786764705882334e-05
0.000676470588235294
0.00037132352941176465
0.0003573529411764708
0.0013338235294117647
-0.0016654411764705883
-0.00071360294117647
0.00012205882352941169
-0.0007941176470588237
0.000625735294117647
-0.0008669117647058824
0.0016191176470588234
-0.0010511029411764711
0.0010698529411764708
-0.0014235294117647059
-0.00029558823529411763
0.00035220588235294106
0.0013786764705882356
7.169117647058825e-05
-0.0005422794117647057
0.00031360294117647075
-5.7720588235294116e-05
-9.191176470588448e-06
0.00036397058823529405
-0.001021691176470588
0.0007470588235294118
0.0029257352941176474
-0.0009687500000000002
-0.0006544117647058827
-3.860294117647062e-05
-0.00017941176470588264
-0.0029341911764705873
-0.00013161764705882332
0.0006132352941176469
-0.0020286764705882356
-0.0006158088235294118
-0.0007783088235294117
0.0007580882352941175
0.002189338235294118
0.0016069852941176471
-0.0005433823529411764
0.0004272058823529412
-0.0016636029411764709
-0.0014761029411764705
0.0025022058823529415
0.0007988970588235297
-0.00044007352941176494
-0.0013783088235294117
-0.0005849264705882354
0.0009750000000000002
0.0013977941176470587
0.0002746323529411763
-0.001523897058823529
0.00040404411764705876
0.00203125
0.0010511029411764702
-0.00026360294117647046
-0.0022742647058823532
0.0007235294117647055
-0.0005691176470588232
4.0808823529411554e-05
-0.0004720588235294118
0.0025393382352941174
-0.00021433823529411788
-0.0005772058823529409
-0.000522794117647059
0.0008801470588235294
-0.0004547794117647064
0.0039525735294117645
4.55882352941175e-05
0.0005044117647058825
-0.0018106617647058823
8.786764705882334e-05
-0.0012397058823529414
-1.80147058823531e-05
0.0023827205882352943
-0.00031654411764705874
0.0010191176470588238
0.003314705882352941
0.0011602941176470588
-0.00036176470588235305
-0.0028444852941176472
0.00037720588235294085
0.00030551470588235295
-0.0019941176470588233
0.0016816176470588232
-0.0006819852941176469
-0.0004915441176470587
0.0017202205882352938
0.00131875
2.2794117647059374e-05
0.0009738970588235295
0.0007511029411764705
-0.001381617647058824
0.0015430147058823529
0.00044448529411764706
-0.0010235294117647057
-0.0011033088235294119
-0.0018327205882352944
-0.0008750000000000003
-0.0012444852941176472
-0.00046433823529411764
-0.00100625
0.000451470588235294
0.0008205882352941177
0.0005264705882352939
-0.0006047794117647062
-0.00054375
-0.0006827205882352942
-0.0006205882352941178
-0.0001720588235294116
-0.0026036764705882347
0.00040588235294117665
1.9852941176470647e-05
-0.00046507352941176533
0.001912132352941177
0.000960294117647059
-9.411764705882367e-05
0.0010775735294117647
-0.0011062499999999998
-0.000571323529411765
0.0003933823529411763
-0.000923529411764706
0.0005477941176470589
-0.0006378676470588237
0.00013676470588235278
0.0008433823529411762
-0.0001683823529411766
-0.0005952205882352942
-0.0014588235294117646
0.00019779411764705887
6.617647058823923e-06
0.0004970588235294113
-0.0006113970588235293
0.0013316176470588234
-0.0012371323529411764
-0.0006588235294117648
0.0025095588235294116
-0.0008551470588235298
-0.0007165441176470587
-0.0008669117647058826
-0.0007113970588235294
-0.00023750000000000008
-0.0006746323529411765
-0.0006488970588235291
-0.0021680147058823524
0.001502205882352941
-0.0011411764705882353
-7.573529411764698e-05
-0.002195220588235294
0.0004834558823529414
-0.0007124999999999997
0.0021419117647058818
0.0013676470588235294
-0.0020110294117647058
0.002408088235294117
0.0019367647058823531
-0.0003187500000000002
-0.0005338235294117649
-0.001009558823529412
-0.00043235294117647074
-0.00037169117647058815
-0.0005279411764705881
0.0002687500000000001
0.0005716911764705882
-7.830882352941141e-05
0.001348161764705882
-0.001871691176470588
0.0007705882352941174
0.002379779411764706
-0.0015095588235294118
0.00015147058823529433
-0.000722058823529412
0.0005716911764705882
-0.0022378676470588238
-0.0002205882352941176
0.0011481617647058824
0.0016169117647058828
-0.0004988970588235292
0.0006261029411764709
-0.0009352941176470591
0.0011345588235294115
-0.0014125
0.0013044117647058825
-0.00013676470588235302
-0.0013904411764705884
-0.0004691176470588231
0.0029213235294117644
-0.0010202205882352939
0.0006610294117647056
-0.0014172794117647063
0.0016875000000000002
0.00020367647058823553
-0.00037095588235294143
-0.0014948529411764706
0.0008625000000000003
-3.161764705882341e-05
-6.323529411764713e-05
0.0003283088235294114
-0.0008647058823529414
-0.0006569852941176469
0.002636029411764706
0.0014003676470588236
0.0013183823529411766
0.001671323529411765
0.0027345588235294124
0.001316544117647059
-0.0011621323529411767
0.00021029411764705876
-0.0005875000000000003
-0.0008294117647058824
0.000310294117647059
0.0006624999999999999
0.0009011029411764705
-0.0025628676470588235
0.00032316176470588215
7.610294117647062e-05
0.00038786764705882326
0.0014705882352941176
-0.0005555147058823531
0.0007687500000000001
0.00023860294117647064
0.001213970588235294
0.002984191176470588
-0.002026838235294117
0.0006551470588235296
-0.0025522058823529412
0.0010650735294117648
-0.0001617647058823532
-0.0026669117647058825
-0.0009992647058823531
-0.0007933823529411769
2.0955882352941012e-05
-0.0010213235294117648
-0.00028639705882352946
-0.002266544117647058
0.00028639705882352946
0.0012882352941176467
0.0010823529411764705
0.00016727941176470623
0.0003801470588235294
0.00010477941176470608
-0.0025569852941176472
0.0005794117647058824
-0.0003496323529411761
-0.000535294117647059
-0.0008797794117647058
-0.0007448529411764709
0.0012283088235294116
0.0010275735294117646
-0.0014680147058823531
0.0015433823529411763
0.0003180147058823533
0.0002963235294117647
0.0002481617647058824
-0.001513970588235294
-0.0009941176470588233
-0.002143014705882353
-0.0009852941176470588
-0.0011625
-0.00043492647058823535
0.002381617647058823
-0.0003599264705882353
0.001628308823529412
-0.0012742647058823534
0.0005220588235294114
-0.0022463235294117646
-0.00195625
-0.0014150735294117646
0.0013794117647058818
-0.00011948529411764675
0.0025275735294117657
0.001688235294117647
0.0026849264705882357
-0.0016069852941176476
-0.0011191176470588236
0.000778676470588235
-8.308823529411773e-05
0.0006150735294117647
-0.0006540441176470589
0.00021764705882352937
-0.0007301470588235294
-0.0006150735294117645
-0.00032757352941176486
0.0016433823529411764
0.0006433823529411762
-0.0012860294117647058
0.0014011029411764699
0.0008132352941176467
0.001567279411764706
-0.0014238970588235297
-0.0027919117647058826
-0.00010294117647058843
-0.0004073529411764706
-0.0016268382352941178
0.000614338235294118
-0.000813970588235294
0.0003779411764705881
-0.0012643382352941178
-0.0005033088235294117
0.0020069852941176467
-0.00015294117647058833
-0.0011852941176470587
-0.0001492647058823531
5.514705882352926e-05
-0.0009797794117647064
0.0007647058823529409
-0.0006676470588235293
0.0028875
-0.001524264705882353
-0.0007062500000000002
0.0014845588235294117
2.499999999999995e-05
0.0015621323529411762
-0.0012194852941176464
-0.00017683823529411757
1.5441176470588166e-05
0.000303676470588235
0.00022977941176470618
-0.0011448529411764705
-0.0005768382352941178
-0.0012724264705882352
0.0004617647058823532
0.0014930147058823525
0.0007503676470588239
-0.0012625000000000004
0.0015551470588235292
0.0034856617647058817
2.3897058823529613e-05
0.0005514705882352942
0.001569485294117647
0.0008580882352941179
-0.000793014705882353
0.0004687500000000002
0.0014231617647058824
-4.3382352941176745e-05
-0.0014264705882352942
0.00043823529411764694
0.0010746323529411763
-0.003441911764705883
0.00125625
-0.0012294117647058825
0.0013680147058823529
0.0017051470588235296
-0.0009194852941176464
-0.0012242647058823529
-0.00135
-0.0008389705882352941
0.00041066176470588243
0.0015580882352941175
-0.0014952205882352943
-0.0005474264705882353
-0.00045294117647058836
0.00012205882352941189
0.0017966911764705884
-0.0024705882352941176
0.000215073529411765
-0.0017540441176470585
-0.0009746323529411768
-0.0009764705882352941
0.0007191176470588234
0.0013974264705882357
-0.00023161764705882353
-0.002915441176470588
-0.0013713235294117647
-0.0006724264705882353
0.00202610294117647
0.0019511029411764709
0.00165
-0.0015452205882352942
0.0009378676470588237
-0.000978676470588235
-0.0016599264705882354
0.00044779411764705887
-0.0024661764705882355
0.003494852941176471
-0.0008272058823529408
0.000731985294117647
0.001002573529411765
-0.0012845588235294114
-0.0004841911764705884
0.0013069852941176472
-0.00014080882352941176
-0.0005566176470588234
0.0008661764705882357
-0.0013110294117647061
-0.0014878676470588235
-0.00011948529411764736
0.00047242647058823523
-0.0012746323529411764
-0.001814338235294118
0.0004827205882352944
0.00021617647058823496
0.001973161764705882
-0.00015367647058823531
-1.5441176470588217e-05
0.0004268382352941177
-0.0008705882352941177
-0.0018794117647058827
0.0009047794117647058
-0.0020533088235294115
0.0011783088235294119
0.0019775735294117647
0.00046433823529411775
-0.0016301470588235296
-0.0008716911764705881
-0.0005746323529411763
0.00029779411764705897
-0.0012941176470588238
0.00025551470588235277
-0.0003988970588235297
-0.0003132352941176465
0.000792647058823529
0.0018911764705882355
-0.0005397058823529406
-0.0020187499999999997
-0.000889338235294118
0.0005617647058823531
0.0008051470588235291
-0.0006165441176470587
-0.0012786764705882351
-0.00044080882352941155
0.002052573529411765
0.0006308823529411764
0.0015371323529411764
-0.0010636029411764706
-0.0005488970588235292
-0.0005768382352941177
0.001019485294117647
-7.941176470588239e-05
0.001866544117647059
0.0018323529411764705
-0.0008084558823529411
0.001428676470588235
0.0015584558823529412
-0.00036911764705882354
5.514705882352819e-06
0.000466176470588235
-0.0005878676470588237
0.00015036764705882337
0.0005176470588235293
-0.00023713235294117653
-0.0026183823529411765
0.00014852941176470596
-0.00014963235294117693
-0.0008080882352941175
0.0011125
0.00019632352941176476
-0.0008312500000000003
0.00030661764705882343
-2.6102941176470776e-05
-0.001777205882352941
-0.0006849264705882354
0.0015411764705882353
-0.000692279411764706
-0.001505514705882353
0.002038970588235294
0.001126838235294118
-0.0016959558823529412
0.0030305147058823528
-0.0009463235294117648
-0.0015033088235294118
-0.002602573529411765
-0.0007264705882352941
-0.0009
-8.19852941176466e-05
0.0009911764705882351
0.002128308823529412
-0.0006356617647058823
0.001005147058823529
0.0010264705882352943
-0.000986029411764706
0.0017161764705882353
0.002384558823529412
0.0012231617647058828
0.0002985294117647061
0.0005713235294117649
-0.0007808823529411766
-0.00015110294117647063
-0.0018988970588235292
0.0006735294117647061
-0.00037132352941176454
-0.0009209558823529411
0.0002503676470588237
-0.0010158088235294118
0.0005209558823529411
-0.002400735294117647
0.000545220588235294
0.0008875
-0.000513970588235294
-0.0006132352941176471
0.002502205882352941
-0.0017727941176470586
-0.00031139705882353
0.0011419117647058826
-0.0022915441176470596
-0.0010661764705882353
0.0014363970588235292
0.0021985294117647055
-0.0017499999999999998
0.00010588235294117675
0.0013886029411764708
0.0005672794117647057
6.6176470588235915e-06
0.0001863970588235297
-0.0013680147058823529
0.0012610294117647058
0.0005937500000000001
-0.0019904411764705876
0.0013088235294117646
-0.0011066176470588235
-0.0006025735294117648
-0.0016080882352941174
-0.001282720588235294
0.0005220588235294112
-0.000209191176470588
0.0008926470588235293
0.001255514705882353
-0.0018922794117647056
-0.0019647058823529413
-0.0013761029411764713
-0.0005878676470588237
7.279411764705903e-05
0.0016874999999999998
-0.0014617647058823532
0.0014974264705882355
0.0019863970588235294
0.0019294117647058826
0.0020580882352941175
0.0002841911764705883
0.0004893382352941175
0.0011823529411764705
-0.001466911764705882
-0.0013279411764705884
-0.0022007352941176466
-0.0017919117647058821
0.0018830882352941175
0.0018433823529411762
0.0005621323529411766
-0.00019117647058823566
-0.0021128676470588237
0.0015977941176470588
-0.00024926470588235286
0.0005558823529411763
0.00011102941176470589
-0.00031323529411764715
0.0007669117647058826
-0.0014316176470588235
0.0017022058823529412
-7.058823529411774e-05
-0.0002540441176470587
-0.00023455882352941195
0.0008919117647058827
0.0008393382352941179
1.2500000000000206e-05
0.0015981617647058822
0.0007591911764705879
-0.00012389705882352923
2.4632352941176692e-05
-0.001744485294117647
-0.0006161764705882352
0.0004121323529411768
-0.00019632352941176476
0.0006588235294117646
0.0005893382352941176
0.0015992647058823526
-0.00020257352941176494
0.0004981617647058826
0.0004757352941176471
0.0011915441176470587
-0.0011632352941176472
0.002031985294117647
-0.00027500000000000045
-0.0004338235294117646
-0.000128676470588235
-0.0035128676470588234
0.0009187500000000003
0.001614338235294118
0.0011496323529411763
-0.00028382352941176426
-0.0010481617647058825
-0.0015007352941176471
-0.0011503676470588236
0.000872794117647059
-0.0011202205882352944
0.002880514705882353
-0.00015404411764705886
-0.0010003676470588235
-0.0012694852941176472
0.0004283088235294116
0.0014819852941176468
0.0022746323529411767
0.0001363970588235294
0.0021198529411764707
7.86764705882354e-05
-0.0017095588235294117
0.002788235294117647
-0.00041507352941176466
0.002094117647058823
-0.0016264705882352941
-0.00037720588235294085
-0.0005786764705882356
0.00017830882352941183
0.0014128676470588233
-0.002802205882352941
-0.0014430147058823528
-0.002784558823529412
0.001612867647058824
0.0007680147058823528
-0.0015481617647058828
0.0008988970588235298
0.0006992647058823528
0.002193014705882353
-0.0003970588235294116
0.0021772058823529413
0.001273161764705882
-0.0011974264705882352
-0.0002110294117647058
-0.0015496323529411767
0.0027408088235294113
0.0013415441176470588
-0.0006106617647058822
0.003126838235294118
3.198529411764706e-05
0.00031470588235294123
-0.0006147058823529413
0.0011867647058823533
0.0009110294117647057
-0.00045000000000000026
-0.000435294117647059
-0.00036323529411764674
-0.0029058823529411765
-0.0010363970588235295
-4.779411764705846e-05
0.00024375
0.0021702205882352943
0.0026577205882352944
0.0007694852941176472
-0.0010937499999999992
-0.00032426470588235295
0.0001400735294117647
0.00015882352941176485
-5.955882352941174e-05
-0.0006029411764705882
0.0008790441176470591
-0.00179375
0.00013897058823529446
0.0013819852941176472
0.00074375
-0.00115625
0.0028636029411764703
-0.0009345588235294117
-0.0021433823529411764
-2.2426470588235682e-05
0.000558823529411765
0.004364705882352941
-0.001212132352941176
0.0037466911764705885
-0.0009488970588235294
-0.0008264705882352943
0.0007797794117647056
0.0015540441176470586
0.0009680147058823531
0.0005202205882352942
-0.0018996323529411763
0.0016698529411764708
-0.00043235294117647063
0.0015088235294117647
-0.0009143382352941176
-0.0014308823529411761
0.002549264705882353
0.0012963235294117647
4.227941176470561e-05
0.0005441176470588236
0.00014852941176470586
0.0007426470588235294
1.470588235294091e-05
0.0002731617647058823
0.0003533088235294124
0.001665808823529412
-0.00027757352941176506
0.00037867647058823525
-0.0009176470588235291
-0.00016838235294117644
-0.0002761029411764705
-0.00018492647058823513
0.0005904411764705883
0.0009297794117647055
-0.0010812499999999997
-0.0021397058823529416
0.0008113970588235292
-0.0008268382352941179
0.0012124999999999998
-0.0009180147058823529
0.0009933823529411764
0.000477573529411765
-0.00016286764705882365
-0.002676470588235294
0.0021198529411764707
0.0020411764705882355
0.0010981617647058822
-0.00100735294117647
-0.002035294117647059
-0.0008974264705882353
-0.0024242647058823528
-0.0022286764705882352
0.00031507352941176467
-0.001419485294117647
-0.0013893382352941177
-0.003085294117647059
-0.0007827205882352941
-0.0011702205882352947
0.0019985294117647054
0.0023025735294117645
0.00017352941176470584
0.0005246323529411766
-0.0002691176470588235
-0.0010882352941176472
3.529411764705897e-05
-0.0017805147058823528
-0.0005669117647058824
0.00042573529411764734
7.352941176470594e-05
0.002877941176470588
-0.0007213235294117648
0.00019669117647058826
-0.001583455882352941
0.0012125
-0.0023150735294117644
-0.0018988970588235292
0.0001433823529411765
0.0008051470588235294
-0.00024889705882352893
-0.0009253676470588237
0.00045808823529411784
0.001060294117647059
-0.0009904411764705883
0.0006845588235294117
0.0015323529411764706
0.0004367647058823532
-0.0008639705882352943
-0.00011544117647058864
0.0005147058823529415
0.0006187499999999999
0.0010224264705882354
0.0010654411764705882
0.0011625000000000003
0.0009102941176470588
-0.0016191176470588232
-0.0008783088235294117
-0.0007106617647058823
0.001885294117647059
-0.0015687500000000003
0.0011827205882352942
0.0011599264705882354
-0.0006091911764705881
-0.00044669117647058823
0.0005481617647058822
-0.0006625000000000003
-0.0012132352941176471
0.0010801470588235296
-0.0009966911764705882
-0.0014459558823529412
-0.002022794117647059
-0.002969117647058823
-0.0007018382352941177
0.0014761029411764707
-0.000577205882352941
-0.00260625
0.0027411764705882356
0.00022463235294117623
0.0010624999999999999
-0.00042426470588235267
-0.003795220588235294
0.00044485294117647056
0.0010790441176470585
-0.00012647058823529386
0.001976470588235294
-0.0008018382352941178
0.0026216911764705884
0.00022794117647058864
6.24999999999997e-05
0.0009036764705882359
-0.0008158088235294117
0.0008444852941176469
0.0008783088235294118
-0.0015297794117647059
-0.00034522058823529417
0.0005496323529411766
0.0007772058823529409
0.0005176470588235296
0.0005036764705882354
-0.0007077205882352942
-0.0008275735294117649
-0.0003588235294117651
0.0006110294117647061
-0.0005933823529411767
-0.00045992647058823525
0.001505514705882353
0.0010253676470588237
0.002180882352941176
-0.0008636029411764705
-0.0012746323529411767
-0.0023625
-0.0003547794117647058
5.91911764705884e-05
-0.0012246323529411767
0.0007702205882352937
-0.0006088235294117652
0.0014735294117647056
-0.0003323529411764701
0.0012709558823529412
-0.0003386029411764705
-0.001380514705882353
-0.0003849264705882353
-0.001228308823529412
-0.0021452205882352936
-0.0014290441176470587
-0.0014448529411764707
0.001505514705882353
0.00032500000000000015
-0.0008036764705882354
-0.002675735294117647
0.0003727941176470592
-0.0007378676470588237
-0.0006735294117647056
-0.0014025735294117645
0.0012595588235294114
0.0006628676470588237
0.00023235294117647051
0.00015147058823529406
0.0026852941176470587
-0.00028382352941176486
0.00044411764705882346
-0.0001154411764705883
0.0013404411764705883
-0.0002213235294117647
0.0017139705882352934
-0.0010886029411764707
0.0013941176470588232
0.001975
-0.00040257352941176473
-0.00019595588235294138
0.0012220588235294118
-0.0016319852941176472
0.0018680147058823533
0.0005110294117647057
-0.0030566176470588234
-0.0011216911764705883
-0.0005720588235294116
-0.001422058823529412
0.000435294117647059
0.0003845588235294118
-0.0002908088235294115
0.0015698529411764704
0.0020823529411764705
-0.000804779411764706
0.0007915441176470586
0.00011764705882352951
0.0005161764705882354
-0.00041250000000000005
-0.0007999999999999997
0.0010419117647058828
0.0018375000000000002
0.0014268382352941172
-0.00011249999999999986
0.0008488970588235292
-0.0013330882352941178
-0.0006977941176470589
-0.0007128676470588235
-0.00014117647058823525
-0.0015033088235294118
-0.0031893382352941174
-0.001381617647058824
-0.0012474264705882357
0.0012720588235294113
-0.0008569852941176473
-0.0006672794117647058
0.0017691176470588234
-0.0004577205882352939
-0.0010955882352941175
0.0013088235294117646
0.0012161764705882357
-0.0005003676470588232
-0.0017286764705882352
0.0021926470588235296
0.0002558823529411765
-0.001212867647058824
0.0005966911764705884
-0.001715073529411765
0.0010128676470588232
0.0012613970588235294
0.0003867647058823529
0.00019595588235294103
6.433823529411776e-05
0.0008738970588235295
-0.0003672794117647059
-0.0006452205882352939
0.0004294117647058824
0.00021029411764705882
0.00024154411764705906
-0.0012955882352941178
0.0005242647058823532
-0.0019316176470588235
-0.0002224264705882352
3.823529411764724e-05
-0.0020694852941176467
0.0003577205882352943
0.00010808823529411708
0.00011948529411764716
-0.0014544117647058822
2.7573529411764934e-05
0.00029816176470588235
0.0008838235294117645
0.00153125
0.00016764705882352953
0.001375
-0.002724264705882353
0.0004988970588235294
-0.0007386029411764705
-0.00044154411764705907
-0.0016246323529411765
0.0016209558823529408
-0.0009955882352941177
-0.0028650735294117645
-0.0007908088235294117
-0.00018345588235294118
4.595588235294107e-05
0.0004584558823529411
0.0007617647058823533
-0.0005029411764705885
0.0007588235294117651
0.0005908088235294119
0.0004352941176470593
-0.002217279411764706
0.0011474264705882353
0.0015856617647058823
0.001527205882352941
-0.0015382352941176471
-0.00213125
-0.00027830882352941193
-0.00030514705882352946
0.001113970588235294
0.00018639705882352966
-0.0018779411764705883
-3.308823529411768e-05
-0.0008584558823529413
0.0009437500000000006
-0.000675
-0.0004988970588235293
-0.0006033088235294119
-0.0003900735294117645
-0.0015169117647058823
-6.249999999999985e-05
-0.0016687499999999999
-0.001599264705882353
-0.000329411764705882
-0.00024227941176470553
0.001969117647058823
0.000168014705882353
9.705882352941189e-05
-0.00047426470588235285
-0.0013363970588235296
0.00046360294117647055
0.0011889705882352933
-0.0006562500000000001
0.0006625000000000001
-0.001465808823529412
-0.0010654411764705878
-9.926470588235222e-06
-0.001199264705882353
-0.00023382352941176467
-6.066176470588251e-05
0.002785294117647059
-0.0001911764705882353
0.0019694852941176473
-0.00046691176470588203
-0.0021823529411764708
0.0011716911764705885
-0.0009261029411764705
-0.0020242647058823534
-0.0018628676470588232
0.000320220588235294
0.0014999999999999996
-0.0013720588235294115
0.0006301470588235294
-0.00019852941176470626
0.0026169117647058824
-0.0004955882352941179
0.0005893382352941174
0.0004305147058823529
-0.0010573529411764709
0.001502573529411765
-0.00035919117647058817
0.00037058823529411724
-0.001447426470588235
-0.0005253676470588233
0.0005746323529411767
0.0013775735294117649
-0.0017963235294117643
0.0003047794117647058
0.001470955882352941
-0.0012261029411764707
-0.0016378676470588235
-0.001121323529411765
-0.0010801470588235292
0.0008882352941176473
0.002091176470588235
0.0009676470588235289
0.002008088235294118
-0.00019448529411764717
5.147058823529253e-06
0.0010772058823529413
-0.001077205882352941
-0.0013856617647058822
0.002786764705882353
-0.0008665441176470582
0.0007227941176470589
0.0011625
-6.10294117647061e-05
0.00014522058823529445
-0.00035000000000000005
-0.0011272058823529416
0.000790808823529412
-0.0007227941176470588
-0.0002499999999999998
0.001997426470588235
0.001849264705882353
0.0015683823529411764
0.0010665441176470592
-0.0013518382352941173
0.0008602941176470588
0.002500735294117647
-0.0010297794117647056
0.000200735294117647
-0.001232720588235294
0.0002165441176470588
-0.0017113970588235295
-0.0013856617647058816
0.0034080882352941176
-0.0005794117647058823
0.0007113970588235296
0.0002437500000000001
-0.0003080882352941178
-0.0009632352941176477
4.77941176470591e-05
0.001436764705882353
0.00014632352941176425
-0.000473161764705882
-8.860294117647062e-05
0.0009632352941176469
0.0014294117647058824
-0.00048786764705882325
-0.002740073529411764
0.00311875
-0.0007636029411764707
-0.00014558823529411754
-0.0012790441176470588
0.0014871323529411762
0.0006290441176470589
0.0006488970588235292
-0.0027558823529411766
-0.000536764705882353
0.0002466911764705883
0.0009301470588235295
-7.426470588235323e-05
-0.0013963235294117652
-0.0011915441176470593
-0.0010216911764705883
-0.002108823529411765
-0.0005095588235294117
0.0004047794117647057
-0.0014856617647058823
-0.0004371323529411765
-0.0013944852941176473
-0.0007231617647058823
0.0009437500000000001
0.0007547794117647056
0.000827573529411765
-0.0008349264705882351
-0.0006213235294117648
0.00022205882352941179
-0.0019272058823529411
0.0029841911764705888
-0.0016411764705882355
0.0021073529411764704
0.0004154411764705881
-0.0010779411764705882
-0.000992279411764706
-0.0015772058823529409
0.0010830882352941178
-0.002661764705882353
0.0002757352941176466
-0.0005900735294117644
-0.002183455882352941
-0.0001378676470588234
0.0016312499999999999
3.198529411764721e-05
-0.0007680147058823529
-0.0021801470588235293
-0.0017330882352941182
-0.0013187500000000003
0.0004430147058823527
0.000833455882352941
-0.00011654411764705907
0.0013650735294117643
-0.0006066176470588238
0.0003816176470588234
-0.00017499999999999992
0.0005503676470588237
0.0006125000000000001
0.0018610294117647054
-0.002474264705882353
-0.00018198529411764686
-0.0012683823529411765
-0.0019444852941176468
0.0006007352941176473
-4.4852941176470544e-05
-0.0017687500000000001
0.0013305147058823529
0.0001647058823529412
0.0021180147058823527
0.002082720588235294
0.0014183823529411762
-3.970588235294099e-05
-5.8088235294117574e-05
0.0010724264705882355
-0.000994852941176471
0.0005143382352941174
0.0017136029411764706
0.0003753676470588235
0.0005363970588235293
-0.0015419117647058828
-0.00029338235294117663
0.00047463235294117656
-0.0016882352941176466
0.0007066176470588236
0.0006591911764705881
0.0014198529411764702
-0.0009966911764705882
0.000545220588235294
-0.00028713235294117634
0.0032382352941176472
0.000543014705882353
0.0007474264705882352
-0.00025955882352941183
0.0003944852941176473
0.00011654411764705875
0.0005371323529411767
0.00022205882352941192
0.0017202205882352942
-0.0010977941176470584
0.00040772058823529444
0.0009187500000000004
0.0002165441176470586
0.000965073529411765
-0.0006647058823529413
8.602941176470575e-05
0.0002547794117647058
0.0011735294117647059
-4.375000000000049e-05
-0.0008816176470588235
0.00020514705882352917
0.0005698529411764707
-0.0013525735294117646
-0.0002661764705882353
0.000567279411764706
-0.0010080882352941172
0.003951838235294118
0.002647058823529412
0.0018139705882352936
-0.0006746323529411767
-0.00050625
-0.00041617647058823535
0.0006488970588235297
-0.0011029411764705878
0.0004319852941176468
0.0001448529411764705
0.0012941176470588238
6.911764705882356e-05
-0.0007312499999999997
-0.0007496323529411767
0.00023492647058823534
-0.0033757352941176477
0.00020147058823529395
0.0011889705882352942
0.0005047794117647059
-2.7205882352941242e-05
0.0010915441176470586
0.0007496323529411764
-0.0005941176470588232
-0.0010893382352941178
-0.0012661764705882354
0.0002900735294117644
-0.00012132352941176472
-0.0011661764705882354
0.0009209558823529409
-0.00033455882352941186
0.0005117647058823528
-0.0019066176470588243
-0.0002566176470588234
-0.0006790441176470587
-0.0004312500000000002
-0.00270625
0.0005158088235294117
-0.0010422794117647062
0.0009305147058823529
-0.001365808823529412
-0.001170220588235294
0.00020882352941176482
9.963235294117636e-05
-0.0009345588235294113
0.0001863970588235297
-0.001457720588235294
-0.0003257352941176469
-0.0019540441176470586
0.00039227941176470603
0.0004375000000000004
-0.003516911764705882
-0.001675735294117647
-0.0006801470588235295
0.0014617647058823532
0.0008805147058823531
0.0012025735294117648
0.00096875
0.0023753676470588234
-0.0018716911764705886
-0.0019036764705882355
0.0002132352941176474
-0.0003963235294117647
0.0005033088235294116
0.001235294117647059
-0.0014632352941176471
0.0011503676470588234
-0.001052205882352941
-0.0006580882352941181
-0.001501102941176471
-0.001043382352941177
0.0017481617647058824
0.0011823529411764699
0.0004761029411764707
0.00031727941176470595
-3.419117647058824e-05
-1.5073529411764882e-05
-0.0014176470588235296
-0.0011205882352941176
-0.0019933823529411764
0.0005463235294117649
0.0010805147058823524
0.00264375
0.001497058823529412
-0.0017466911764705884
-0.0003264705882352943
0.0024408088235294114
0.0004084558823529412
-7.867647058823531e-05
0.001748529411764706
0.000358823529411765
0.001911764705882353
0.0019294117647058826
0.0014680147058823533
-0.0014698529411764708
-0.0003084558823529408
-0.0012955882352941174
0.0004301470588235294
-0.0020154411764705883
-0.001366544117647059
0.0014316176470588239
0.002474264705882353
-0.0017279411764705886
0.0023588235294117643
0.0007830882352941176
-0.0006687500000000001
0.0012356617647058818
-0.0018033088235294115
-0.0007411764705882353
-0.0016216911764705883
0.0010599264705882354
0.0010474264705882354
0.00013125
-0.00022610294117647058
-0.0015158088235294118
-4.3749999999999674e-05
-0.0004455882352941175
-0.0017852941176470592
-0.001083455882352941
0.002667647058823529
0.0013051470588235294
-0.0016408088235294117
0.001151470588235294
-0.0013117647058823528
-0.000973529411764706
0.0026551470588235294
-0.0005444852941176474
-0.00010036764705882309
-0.00011985294117647065
0.0014224264705882353
-0.0014977941176470588
0.0004863970588235297
-0.0004415441176470586
-0.0025165441176470587
3.6764705882355013e-06
-0.00085625
0.0003312500000000001
0.0011492647058823529
0.0005371323529411767
0.0008834558823529413
-0.0003062500000000001
0.0011246323529411765
-0.0027286764705882352
-0.001894485294117647
0.0014838235294117646
0.00013088235294117634
0.0006036764705882352
0.0025669117647058827
-0.0025047794117647056
-0.0008150735294117648
4.007352941176478e-05
0.00032389705882352924
0.0008125000000000002
-0.00016029411764705877
0.0013235294117647054
-0.000531985294117647
0.0005691176470588236
-0.0009275735294117645
0.00017536764705882354
-0.0028875
0.0009812500000000004
0.00011727941176470572
-0.00022389705882352965
0.0026154411764705877
0.0007628676470588232
0.00035624999999999985
-0.001067279411764706
-0.002395220588235294
-0.0002691176470588236
-0.0010113970588235292
0.00029669117647058844
0.0001272058823529414
-0.0006852941176470587
0.0003805147058823526
0.0006871323529411763
0.000285661764705882
0.0005731617647058824
0.001081985294117647
-1.9485294117646952e-05
-0.0010205882352941175
-8.308823529411778e-05
0.0012224264705882355
0.0007944852941176471
-0.0009529411764705882
0.00020183823529411736
-0.0002481617647058823
-0.0015952205882352939
-0.0021430147058823534
-0.0007577205882352942
0.001060294117647059
-0.00038455882352941145
0.0014290441176470585
-0.001274264705882353
-0.0004246323529411763
0.0002941176470588236
0.0006511029411764707
0.0024216911764705883
0.0019437499999999997
-0.0006386029411764706
-0.00024044117647058788
0.0008610294117647058
0.0015422794117647058
0.0003441176470588235
0.00016801470588235275
0.00017610294117647058
-0.0007136029411764706
-0.0011797794117647058
-0.0011408088235294119
0.0013878676470588235
-0.0012261029411764707
0.0006363970588235295
0.0009540441176470587
0.0011227941176470589
0.0011790441176470587
0.0017830882352941183
-0.000670220588235294
0.000266544117647059
-0.0006908088235294122
0.0012040441176470592
-0.0006283088235294121
0.0015341911764705882
0.001334558823529412
-0.0003863970588235294
-0.00020110294117647043
-0.001950735294117647
-0.0010540441176470588
-0.0013819852941176472
0.0012882352941176473
-0.0012558823529411766
0.0026492647058823527
0.0013709558823529412
0.00027058823529411746
0.0005279411764705884
-0.000625
-0.0007474264705882352
0.0003775735294117649
-0.001543382352941176
-0.00021433823529411772
3.639705882352989e-05
0.0017544117647058826
0.002002941176470588
0.001366544117647059
-8.639705882352959e-05
0.0007161764705882353
-0.000500735294117647
0.00018750000000000017
0.0006294117647058825
-0.0012591911764705881
-0.002010294117647059
0.001476470588235294
-0.00017610294117647077
0.0004393382352941173
-0.0003702205882352943
-0.00018639705882352928
0.0001003676470588235
0.0012231617647058823
0.00040919117647058846
-0.0005426470588235296
-0.0005334558823529412
-0.001504044117647059
0.0022470588235294115
-0.0005022058823529411
-0.0006033088235294121
0.0015341911764705878
0.0007220588235294115
0.0020683823529411764
0.0021735294117647057
-0.001170955882352941
-0.000690073529411765
0.002026838235294117
0.001949632352941177
-0.0005352941176470588
-0.0022165441176470587
-0.002064705882352941
0.00011985294117647045
-0.00028014705882352956
-0.00024338235294117614
0.0009863970588235296
0.0009981617647058826
-0.0018625000000000002
-0.0007066176470588236
-0.0010558823529411762
-3.014705882352951e-05
-0.00015698529411764726
0.00020257352941176424
-0.0008599264705882354
-0.0014408088235294118
-0.0011400735294117648
-0.0008374999999999997
0.0027378676470588234
-0.001394117647058824
0.0020639705882352947
-0.00226360294117647
-0.0009242647058823527
0.0015250000000000003
0.00047536764705882344
-0.00041544117647058815
-0.0006007352941176473
7.463235294117631e-05
-0.0010698529411764706
0.0004150735294117643
-0.002142279411764706
0.0011772058823529413
-0.0017426470588235293
0.00205
0.0001687500000000002
-0.0005213235294117646
0.0004996323529411761
0.0001433823529411763
0.0003573529411764706
-0.00048823529411764696
-0.0022735294117647055
-0.0016731617647058824
0.0018518382352941177
4.044117647058827e-05
-0.0017702205882352943
-0.0005077205882352943
-5.51470588235315e-06
6.617647058823521e-05
0.0006834558823529416
-0.0019430147058823529
0.00013272058823529429
0.0028345588235294114
0.001381617647058823
-0.0008959558823529413
8.419117647058865e-05
0.0010202205882352943
0.0020477941176470587
0.000954044117647059
0.0004878676470588239
0.002241544117647059
-0.0005830882352941176
0.0019742647058823533
-0.0006992647058823531
0.0014488970588235294
-0.00028125000000000036
-0.0011926470588235294
5.220588235294114e-05
-0.0010613970588235295
0.0008742647058823533
0.0006069852941176468
0.0013801470588235294
7.830882352941202e-05
-0.0012088235294117646
-0.0005183823529411767
-0.0008827205882352944
0.001428308823529412
-0.0004893382352941178
-0.0002290441176470589
0.0004555147058823526
-0.0005551470588235292
-0.002812132352941176
-0.0013220588235294119
-0.00038860294117647046
-0.0006779411764705882
8.750000000000016e-05
0.0001937499999999997
0.00029522058823529425
0.00020625000000000013
0.0008650735294117649
0.001213235294117647
0.0007161764705882356
0.00033566176470588234
-0.0020275735294117644
-0.001956985294117647
0.0011533088235294118
0.00032647058823529385
0.0008055147058823528
-0.0005003676470588234
-0.004409926470588236
-0.0005400735294117647
0.001421691176470589
0.003127941176470588
0.0010577205882352936
0.0005533088235294116
-0.0020639705882352947
0.00021580882352941199
-0.0010191176470588231
0.0007507352941176469
0.0015025735294117645
0.0022375
-0.0014632352941176471
0.00021617647058823532
-7.352941176469779e-07
0.00042352941176470595
-5.257352941176473e-05
-0.0005768382352941174
-0.0015617647058823528
-0.000743014705882353
0.001074632352941177
0.002097058823529412
-0.00041838235294117663
0.0022246323529411765
0.0010216911764705885
-0.001366176470588235
0.001008455882352941
-0.0024908088235294115
0.0001930147058823529
-0.0007018382352941176
-0.00042573529411764734
0.0009367647058823531
0.00032757352941176465
-0.000483823529411765
0.00048455882352941166
0.0012158088235294116
-0.0006249999999999999
0.0014106617647058825
-0.0008974264705882355
0.0006415441176470585
-0.001134558823529412
0.0015661764705882351
-0.000597426470588235
-0.0023169117647058824
0.002315441176470588
-0.0013566176470588233
-0.0007312500000000001
-0.0003944852941176469
2.6102941176470827e-05
0.0005044117647058823
-0.0015959558823529414
0.0012727941176470586
-9.63235294117647e-05
-0.0017408088235294117
-0.0025503676470588236
5.22058823529415e-05
0.00041213235294117667
-0.0006797794117647058
1.0294117647058812e-05
0.0022143382352941172
-0.00015955882352941154
0.003045955882352941
-0.0025687500000000003
-0.0014172794117647061
-0.00020551470588235307
0.002054779411764706
0.0004764705882352942
-0.001526470588235294
-0.001113970588235294
-0.0006183823529411766
0.0005393382352941177
-0.0016121323529411768
0.0005680147058823533
0.000965808823529412
0.0012360294117647057
8.088235294117777e-06
0.00015808823529411795
0.00018308823529411788
-1.8014705882352896e-05
0.0006007352941176476
-0.0017415441176470588
0.0003669117647058823
-0.00046066176470588223
0.00039227941176470576
-0.00041617647058823557
0.0013488970588235293
-0.0013558823529411766
-0.0019772058823529404
0.0019308823529411764
-3.235294117647029e-05
0.0008301470588235292
-0.0013220588235294119
0.001611029411764706
0.0011555147058823529
0.0013551470588235295
-0.0017110294117647059
0.001024264705882353
-0.0003580882352941176
0.0001624999999999998
2.8308823529411708e-05
-0.0013558823529411766
-0.0014610294117647059
0.0010908088235294115
-2.2058823529411505e-05
0.00037536764705882377
-0.0016338235294117648
0.0021125
0.00020845588235294087
-0.0007518382352941177
-0.001121691176470588
0.0004272058823529411
0.0011970588235294117
-8.198529411764703e-05
0.0006169117647058828
-0.0005985294117647054
0.0019367647058823527
-0.0012220588235294116
-0.0009794117647058825
-0.0015128676470588234
0.0013775735294117649
-0.0006330882352941175
-0.0009602941176470583
0.0010533088235294117
-0.0020422794117647054
-0.0017121323529411764
0.0025911764705882356
-0.002195588235294118
0.0006753676470588238
-0.0017830882352941177
0.0013011029411764703
-0.0015639705882352943
0.0012022058823529412
0.0011893382352941176
0.0030621323529411767
-0.001486764705882353
-0.0015022058823529407
0.00029816176470588257
0.0008099264705882355
0.0008426470588235297
0.0006011029411764705
-1.801470588235259e-05
0.0007948529411764706
0.00016654411764705865
-0.0015816176470588234
0.002527941176470588
-0.00018823529411764674
0.00039485294117647037
-0.001263235294117647
-0.0014154411764705883
-0.0010514705882352941
0.000977941176470588
0.0008889705882352941
0.0005485294117647056
0.0003713235294117648
0.0020639705882352947
-6.249999999999962e-05
-0.0005720588235294118
-0.0014378676470588236
0.001302205882352941
0.00023823529411764736
-0.00014117647058823506
0.0007790441176470592
-0.0024658088235294112
-0.0005430147058823531
-0.0007992647058823526
0.00046433823529411786
-0.0011886029411764707
-0.0003062500000000001
-0.0005397058823529412
-0.0008084558823529411
0.0008191176470588239
0.0012382352941176472
0.0010349264705882353
-0.0003091911764705881
-0.0013297794117647058
-0.0013378676470588234
0.0009919117647058822
-0.0007562500000000001
-0.0010272058823529411
-0.00025661764705882346
0.0021330882352941175
0.0014187499999999999
-0.0007507352941176469
0.0003558823529411768
-0.0008636029411764704
-8.088235294117624e-06
0.0004691176470588235
0.0005121323529411766
-0.0016150735294117647
-0.0004540441176470584
-0.00118235294117647
0.0010672794117647056
-0.001490808823529412
-0.0008011029411764707
-0.001077205882352941
0.0020547794117647053
-0.0005444852941176474
-6.838235294117634e-05
0.0017066176470588233
0.0005713235294117645
0.0006198529411764709
0.00417610294117647
-0.000990073529411765
-0.0009499999999999999
-0.000563970588235294
-0.0006176470588235295
0.0016466911764705882
-0.0019636029411764706
0.0005213235294117646
0.0006235294117647058
-0.00012463235294117656
-0.0009863970588235293
0.0015654411764705885
-0.000690808823529412
0.0009606617647058823
0.0002588235294117648
0.00027794117647058855
-0.0017025735294117644
-0.0006540441176470591
-0.001278676470588235
0.0016808823529411768
0.000981985294117647
0.0018735294117647062
0.0006680147058823529
-0.0005275735294117644
-0.0007613970588235292
-0.0003433823529411762
0.0009488970588235294
0.0007463235294117651
0.00045294117647058787
-0.00015992647058823514
-0.0008488970588235297
-0.0017897058823529409
0.001527941176470588
0.0007669117647058822
0.00030404411764705904
0.00020257352941176483
-0.00018051470588235327
-0.0015169117647058823
0.0005316176470588237
-0.00013639705882352918
-0.00032426470588235316
0.00016764705882352926
0.0007735294117647058
0.00018125000000000045
0.00024191176470588245
-0.00018272058823529398
0.0005121323529411764
0.0002474264705882353
-0.0004775735294117649
-0.0018389705882352941
0.000897426470588235
0.001246691176470588
0.0010584558823529412
-0.00028455882352941135
0.00011617647058823551
0.0016033088235294115
-0.0008481617647058824
0.0016981617647058823
-0.001246691176470588
0.000341544117647059
0.00034485294117647046
-0.002136764705882353
8.676470588235308e-05
0.0002805147058823528
0.00030624999999999994
0.0007187499999999998
-0.0020720588235294117
0.0002573529411764705
-0.0004672794117647055
-0.0004294117647058824
-0.0005981617647058823
0.0013680147058823533
-0.0006430147058823529
0.000860661764705882
-0.001182720588235294
9.999999999999988e-05
-0.0030654411764705885
0.0007378676470588233
0.0006448529411764709
-0.00016029411764705842
0.0005316176470588238
-0.0005735294117647059
-0.0005338235294117649
-8.713235294117632e-05
0.00017389705882352922
-0.0004919117647058823
0.000495220588235294
0.0017602941176470585
-0.0013764705882352937
0.001618382352941177
-0.00014191176470588224
0.0009000000000000001
0.00036801470588235284
0.0003654411764705881
7.095588235294092e-05
0.00019595588235294133
0.0015330882352941177
0.000508823529411765
9.154411764705874e-05
-0.0018301470588235294
0.00021874999999999957
-0.00048088235294117636
-0.0012904411764705886
-0.002490808823529412
0.0003363970588235294
-0.0035474264705882353
-0.0014761029411764707
0.0015158088235294118
0.0021522058823529415
0.0012566176470588236
-0.0010099264705882354
-0.0010823529411764707
-0.0013238970588235295
0.0012165441176470587
-0.00015992647058823514
-0.00016249999999999997
-0.0008268382352941179
-0.00044227941176470584
1.6544117647059042e-05
0.0005680147058823527
5.9926470588235224e-05
-0.0002404411764705883
0.0017705882352941182
-0.0010827205882352944
0.0016580882352941176
-8.93382352941172e-05
5.1102941176470214e-05
0.0003419117647058827
0.0010768382352941176
3.970588235294109e-05
0.000947058823529412
0.000561029411764706
-0.00015514705882352953
0.001597058823529412
0.0011143382352941176
0.0008106617647058824
-0.000555882352941176
-0.00045882352941176467
0.0027948529411764705
-0.0005400735294117645
0.000652573529411765
0.0028180147058823528
-0.0004963235294117642
0.0015242647058823532
0.0011301470588235293
-0.0012040441176470592
0.0031238970588235303
-0.0009683823529411766
0.0001617647058823532
0.0006419117647058824
0.0010496323529411763
-7.573529411764709e-05
0.0008441176470588239
-0.0019952205882352945
0.0009419117647058823
0.0007330882352941171
0.0009187499999999998
0.0010073529411764705
0.001243014705882353
0.0005183823529411768
0.0012878676470588237
-0.00044117647058823536
0.00125625
0.0008544117647058825
-0.001266176470588235
0.0015882352941176472
-0.0006393382352941175
0.001615808823529412
0.00026029411764705903
0.0007235294117647059
-0.000311029411764706
0.0008966911764705883
0.000340808823529412
-0.00021948529411764685
0.0004731617647058824
-0.00024595588235294094
0.0026268382352941182
0.00021176470588235284
-0.002044852941176471
0.002660294117647059
-0.00011397058823529437
0.0006727941176470588
0.00033088235294117613
-1.9852941176471054e-05
-8.67647058823529e-05
0.0035066176470588237
-0.0013444852941176472
-0.0005386029411764702
0.00012058823529411764
0.0001963235294117647
0.0009356617647058821
-0.0004040441176470586
0.0010095588235294124
-0.0006786764705882353
0.0009566176470588235
-0.000965808823529412
0.001342279411764706
0.0014136029411764704
0.000760294117647059
0.002595220588235294
-0.0007801470588235294
-2.2794117647058866e-05
0.001954779411764706
0.0012919117647058826
0.0014525735294117648
-0.0012172794117647056
4.411764705882367e-05
0.001474264705882353
0.0012330882352941178
0.0011121323529411768
1.2500000000000102e-05
-0.00164375
0.0006838235294117649
-0.0013062500000000001
0.00034852941176470565
-6.066176470588236e-05
0.0010511029411764705
-0.001392279411764706
0.0007966911764705884
-0.0007518382352941177
4.485294117647044e-05
0.0009970588235294119
0.0003411764705882354
-0.0007180147058823527
-0.0008937500000000001
3.3088235294117064e-06
0.0021058823529411766
0.002294485294117647
-0.0008007352941176471
0.0009731617647058823
-0.001342279411764706
-0.000502205882352941
0.0009584558823529413
0.002020220588235294
0.00024889705882352975
0.0015636029411764704
0.0009444852941176471
-3.67647058823693e-07
-0.0006624999999999999
-0.0013941176470588237
-2.242647058823517e-05
0.00034375000000000036
-0.0009511029411764701
-0.00013345588235294097
-0.00012132352941176481
0.0009783088235294126
0.0009904411764705885
0.0006621323529411762
-0.000836764705882353
-0.001599264705882353
-0.002004779411764706
-0.0008904411764705884
0.00011323529411764714
-0.0007227941176470588
-0.002350367647058824
0.002139705882352941
0.0013080882352941177
0.0002812500000000002
0.0005088235294117646
-0.0009121323529411768
-0.0020863970588235296
-0.0014794117647058823
3.93382352941175e-05
0.0009544117647058823
0.0010904411764705885
0.0024073529411764703
0.0014492647058823532
-0.0011867647058823529
0.002548529411764706
0.0006827205882352942
3.23529411764707e-05
-0.002863235294117647
-0.00023051470588235257
0.0030231617647058823
-0.0012205882352941176
-0.0013334558823529417
-0.0009029411764705882
0.0021485294117647054
0.0018360294117647053
-0.0008617647058823529
-0.0008404411764705883
0.0011922794117647055
0.0006650735294117647
-9.117647058823567e-05
-0.00019522058823529388
-0.0011003676470588235
0.0015621323529411762
-0.0002654411764705879
0.0007702205882352937
-0.0005183823529411766
0.001290073529411765
7.316176470588307e-05
-0.0014191176470588237
-0.0019408088235294116
-0.00047352941176470565
0.0004915441176470588
-0.0018455882352941177
0.0020470588235294122
0.0018080882352941178
-0.0003459558823529412
0.0025441176470588234
-0.001300735294117647
0.0009220588235294119
-4.4852941176470754e-05
-0.0012286764705882354
0.00025992647058823543
-0.0020003676470588235
0.00034522058823529406
-0.0008974264705882347
-0.0002496323529411766
-0.0023566176470588237
0.00014227941176470551
0.00014779411764705846
0.001885661764705882
-0.0009551470588235295
0.001609191176470588
7.169117647058809e-05
-0.00011544117647058818
-0.00019485294117647055
0.0007007352941176472
-0.001801838235294118
0.001098529411764706
0.0007525735294117647
0.0027113970588235298
-0.0015488970588235294
0.00024117647058823557
-0.00027757352941176446
0.0012294117647058823
-0.0015830882352941178
0.000818014705882353
0.00016874999999999993
-0.0018992647058823527
0.0018691176470588238
0.0021136029411764705
0.0003150735294117647
0.001114705882352941
-0.0015775735294117647
-0.00018823529411764745
-0.0002290441176470593
0.0033875
0.0008959558823529412
-0.0008613970588235292
0.0010231617647058822
-0.0020073529411764705
0.001054044117647059
-0.0009352941176470591
-0.00018676470588235288
-0.000383455882352941
0.00010441176470588249
0.000664338235294118
0.0004327205882352941
0.00013566176470588282
0.001810294117647059
0.0016301470588235291
-0.0011316176470588237
-0.0010007352941176471
0.0006378676470588236
0.0012091911764705882
-0.0014393382352941178
0.00023566176470588221
-0.0013080882352941177
0.0002727941176470587
-0.00039264705882352915
0.0008698529411764711
6.286764705882364e-05
-0.0009731617647058823
-0.0006022058823529413
0.00012977941176470526
-0.00038308823529411727
-0.0008970588235294119
0.0013327205882352946
-0.001232352941176471
0.001052205882352941
0.0009213235294117649
1.6911764705882328e-05
0.00014448529411764742
0.002261029411764706
-3.8970588235294114e-05
-0.0006466911764705882
0.0009647058823529411
-0.00022242647058823528
-7.205882352941158e-05
0.001898161764705882
0.0007636029411764706
0.001908823529411765
0.001884191176470588
-0.0008922794117647059
-0.0006889705882352939
-0.000888235294117647
5.257352941176443e-05
-0.000809191176470588
-0.0027308823529411767
-0.002819852941176471
-7.095588235294112e-05
-0.0006452205882352942
-2.977941176470597e-05
-0.0017286764705882352
-0.0006055147058823527
0.0010856617647058825
0.0009091911764705883
-0.0009290441176470589
0.001085661764705882
0.0021536764705882352
0.0009709558823529414
0.0013
0.0002823529411764705
0.0002911764705882349
0.0007018382352941177
0.0007775735294117648
-0.0006371323529411764
0.0005422794117647061
0.0017389705882352943
0.0013180147058823536
0.0005275735294117646
0.0008783088235294117
0.0019533088235294117
-0.00010147058823529416
0.0012345588235294115
-0.0012040441176470588
-5.551470588235277e-05
-0.0007845588235294121
3.2720588235294186e-05
0.0007514705882352939
0.0002455882352941177
0.00031911764705882357
-0.0016389705882352936
-0.0018246323529411761
0.0009525735294117649
-0.0017952205882352942
-0.0005463235294117647
0.00032279411764705914
0.0006779411764705881
0.0018224264705882353
0.0016400735294117643
-0.0004077205882352939
-0.0006933823529411765
0.0014500000000000003
-0.00044338235294117664
0.0003639705882352942
0.0015205882352941178
0.00027683823529411775
-5.147058823529508e-06
0.0007459558823529411
0.00045882352941176483
-0.00010919117647058815
-0.0019514705882352939
-0.002197426470588235
-0.0010191176470588231
-0.001356617647058824
-0.00046029411764705885
0.00046323529411764706
-0.0010191176470588231
0.0007290441176470591
-0.0010389705882352946
0.0009294117647058823
-0.0004540441176470586
0.0002650735294117648
0.0009345588235294117
0.0011761029411764704
-0.00016323529411764703
-0.0003058823529411762
0.0011875
-0.0011113970588235295
-0.0007106617647058821
0.0003474264705882355
-0.0003617647058823528
-0.0009047794117647061
0.003143014705882353
-0.0014602941176470592
-7.720588235293778e-06
0.0006643382352941175
0.0005738970588235294
-0.0004584558823529415
-0.0011632352941176472
0.001559558823529412
0.0011794117647058822
-0.001571691176470588
0.0025926470588235294
-0.0014911764705882354
0.0003900735294117645
0.0011933823529411765
-0.0009746323529411765
-0.0001606617647058821
-0.002425
0.0008286764705882352
-0.0018966911764705884
0.0007419117647058823
0.003124632352941176
0.001495220588235294
-0.0012797794117647057
-0.0009018382352941176
0.00034963235294117656
0.00013125000000000005
0.0008003676470588236
-0.00040588235294117654
0.0004720588235294118
-0.0008025735294117648
0.0005058823529411762
-0.0012753676470588235
-0.0006242647058823529
-0.0010268382352941177
0.00030772058823529423
0.0015764705882352944
-0.000551470588235294
-0.0013301470588235292
0.0015955882352941175
-0.00022242647058823528
0.0011253676470588234
-0.0006113970588235297
-0.0009125000000000001
0.0009253676470588233
-0.0008261029411764704
0.00239375
-0.0006860294117647063
-0.0021933823529411765
-0.0014147058823529412
-0.0015856617647058823
0.0004621323529411766
-0.0005698529411764705
-0.0009823529411764707
-0.002757720588235294
-0.0019849264705882356
-0.0022253676470588234
0.0010764705882352938
0.002189338235294118
0.0031606617647058823
0.0006018382352941182
0.0007926470588235292
0.0012106617647058824
0.0016003676470588237
3.6029411764705994e-05
0.0018558823529411762
-0.0008919117647058824
-0.0007669117647058824
0.0008224264705882353
-0.0008613970588235292
-0.0005735294117647062
0.0025279411764705883
-0.0004966911764705882
-0.0016801470588235293
-0.0011698529411764708
0.0006551470588235297
-0.0004558823529411766
-0.0009797794117647057
0.000422426470588235
0.001611029411764706
0.0016231617647058823
0.0016661764705882354
-0.0008011029411764707
0.0015187500000000001
0.0007955882352941175
0.0005139705882352939
0.00096875
0.0013415441176470588
-0.001993014705882353
0.0002191176470588236
-0.002579779411764706
0.0006389705882352942
0.0013823529411764704
0.0003536764705882355
6.323529411764688e-05
0.00042536764705882374
-0.0014904411764705878
-1.176470588235287e-05
0.00024154411764705906
0.0008238970588235296
0.0015529411764705879
0.001894117647058824
0.000740808823529412
-0.0006018382352941177
-0.0006099264705882346
-9.191176470588243e-05
0.00030551470588235317
0.0016091911764705882
-0.0020235294117647057
0.0013386029411764705
0.001428308823529412
0.0017022058823529412
0.0009768382352941174
-0.0002474264705882355
0.0015121323529411765
-0.0007511029411764709
-9.595588235294132e-05
0.00034558823529411744
-0.00018014705882352943
-0.0015555147058823526
-0.002215808823529412
0.0007801470588235296
-0.0014900735294117648
0.0015224264705882354
0.0019893382352941177
0.0017143382352941179
0.0012176470588235293
-0.000436764705882353
-2.9779411764705765e-05
-0.00020477941176470638
-0.0015238970588235296
0.002140073529411765
-0.0007441176470588236
-0.00016838235294117673
0.0010926470588235298
0.00045772058823529376
0.0015183823529411767
-0.0006176470588235295
0.001985294117647059
0.0006209558823529411
0.0010841911764705883
-0.0006136029411764709
0.0007639705882352941
0.0003628676470588239
0.001260294117647059
-0.0002580882352941174
-0.0005573529411764705
-0.0002286764705882355
-0.00013272058823529388
-9.007352941176484e-05
0.0004694852941176476
-0.0030176470588235294
-0.0009047794117647056
0.0007871323529411766
0.0006823529411764704
-0.0007834558823529413
0.0003452205882352943
0.001993014705882353
0.0004139705882352941
-0.0009415441176470592
1.213235294117636e-05
-0.00030514705882352957
0.0005492647058823529
-0.0002113970588235293
-0.0006360294117647061
-0.0025878676470588234
0.0012176470588235295
-0.0009492647058823527
-0.0011121323529411763
-0.0006580882352941178
0.0007397058823529412
-0.0018639705882352946
-0.0006000000000000001
0.0009000000000000004
-0.0007761029411764706
-0.0011875
0.0019356617647058821
-0.0009187500000000003
0.0005029411764705885
-0.0001220588235294118
0.0008025735294117644
-0.0012908088235294118
-0.0015169117647058823
0.0014389705882352944
-0.0003863970588235293
-0.000369485294117647
0.000806985294117647
0.002111397058823529
-0.0016797794117647058
0.00029705882352941225
-0.0009698529411764707
-0.0004871323529411766
0.0016988970588235292
-0.0007588235294117644
0.0006669117647058825
0.0014077205882352941
-0.00027132352941176477
-0.0015790441176470591
-0.0008639705882352943
0.0006099264705882355
-0.0006867647058823529
0.0006091911764705883
0.0011099264705882355
-0.0021136029411764705
-0.0003110294117647057
7.389705882352944e-05
-0.0009213235294117645
0.0001610294117647061
0.0010117647058823529
-0.002265441176470588
-0.0017349264705882354
-0.0003981617647058824
-0.0028621323529411766
-0.000543014705882353
0.002059191176470588
-8.161764705882352e-05
-0.0005709558823529413
0.000865441176470588
-0.000572794117647059
0.0010639705882352936
0.0012227941176470587
-0.0014966911764705882
0.00017426470588235282
0.0006349264705882353
-0.0006569852941176468
-0.0008613970588235295
0.0016705882352941177
-0.00038235294117647077
0.002271691176470588
0.00025955882352941145
0.001403308823529412
0.001331985294117647
1.4705882352941087e-05
-0.0006055147058823529
-0.00029926470588235364
-0.00012095588235294163
0.0003466911764705886
2.904411764705838e-05
0.0008522058823529412
0.0009073529411764704
-8.6029411764706e-05
0.000588235294117647
0.0009610294117647053
-1.4338235294117497e-05
-0.00010514705882352967
0.0003253676470588234
-0.0015599264705882354
0.0002919117647058826
0.0015849264705882354
-0.0013981617647058826
0.0022606617647058817
0.0008183823529411766
-0.0005014705882352943
0.0005466911764705884
-0.000795955882352941
4.595588235294142e-05
-0.00040514705882352967
-0.0016757352941176465
0.001767647058823529
-0.0024202205882352945
0.002685294117647059
0.0008209558823529417
-0.0005720588235294117
-0.00010955882352941159
-0.0007915441176470588
0.0023224264705882357
-0.000550735294117647
-0.00013749999999999995
0.003053308823529412
0.0011599264705882354
0.0015955882352941177
0.0034683823529411757
-0.0005371323529411765
0.00020183823529411706
9.816176470588215e-05
0.0006999999999999999
0.003558455882352941
-0.00036617647058823544
-0.0016180147058823533
0.0007235294117647058
0.003218382352941177
-0.0010636029411764704
-3.639705882352918e-05
-0.0002301470588235296
0.0009209558823529411
0.0008374999999999998
0.0008051470588235294
-0.0006713235294117649
-0.002674264705882353
0.001398529411764706
-0.00030477941176470564
-0.0001327205882352941
-0.0005382352941176473
0.0003922794117647054
-0.0011113970588235292
-0.0015555147058823535
0.0005562500000000002
-3.0882352941176746e-05
-1.4705882352940578e-06
-0.0013551470588235295
0.0010713235294117648
-0.0007231617647058823
0.002379779411764706
0.0033411764705882346
0.00017977941176470567
-0.0010911764705882356
0.0027948529411764705
0.0001544117647058825
0.0014113970588235294
0.000451838235294118
-0.0034132352941176466
0.0018058823529411767
-0.0013569852941176473
0.0003290441176470589
-0.0012338235294117646
0.0007389705882352942
-0.0008977941176470592
-0.0002544117647058826
0.00029227941176470593
0.001997426470588235
3.382352941176496e-05
0.0005955882352941176
-0.0018988970588235292
0.0010930147058823532
-0.00029301470588235303
0.0018963235294117647
0.0014985294117647058
-0.0012459558823529411
0.002811029411764706
-0.0008404411764705881
0.0011981617647058823
-0.00026691176470588227
-0.001995955882352941
8.455882352941062e-06
-0.0001974264705882356
0.00045183823529411767
-0.0015636029411764702
0.0012
-0.0006275735294117649
-0.0004985294117647062
-0.0008264705882352941
-0.0009011029411764705
-0.0003091911764705882
-0.00041066176470588194
-0.0005816176470588233
0.0022911764705882353
-0.00015036764705882356
-0.002041911764705883
-0.0012191176470588237
0.0002360294117647059
0.0012621323529411767
-0.0017558823529411763
-0.0013602941176470585
0.00042977941176470554
-0.0015676470588235293
0.0014650735294117645
0.002335661764705883
-0.0014533088235294117
0.0011386029411764706
7.426470588235252e-05
-0.0011415441176470583
0.0007084558823529413
-0.00020000000000000012
-0.00203125
0.00025514705882352955
0.0015404411764705877
8.749999999999996e-05
0.0016683823529411767
0.00038051470588235277
0.0008040441176470589
0.0019852941176470586
0.00031764705882352933
-0.0012113970588235293
-0.00012683823529411735
-0.0007816176470588236
0.0011011029411764704
-0.0015014705882352933
-0.0017514705882352944
0.000570220588235294
3.602941176470595e-05
0.00036948529411764757
-0.0009209558823529409
4.338235294117608e-05
-0.0005411764705882354
-0.00155625
0.0016746323529411762
0.0007757352941176475
0.0014911764705882354
0.0032205882352941174
-0.0008154411764705884
1.80147058823531e-05
0.0009463235294117648
-0.00035404411764705873
0.0010349264705882353
0.0022573529411764708
0.00129375
-0.00046286764705882335
-2.20588235294124e-06
-0.001010661764705882
0.0018544117647058822
0.0014875
0.0004988970588235295
-0.0006003676470588235
-0.0014871323529411767
0.000674264705882353
-0.001090808823529412
0.00019485294117647077
-0.0009349264705882354
0.0005948529411764712
-0.0003827205882352941
0.0006323529411764704
0.0005110294117647056
-0.0005261029411764704
-0.001739705882352941
-0.00011985294117647076
0.00144375
-0.00040257352941176436
0.0007459558823529411
-0.0005319852941176469
-0.0024058823529411765
-7.426470588235272e-05
-0.0011477941176470585
0.0005786764705882352
-0.0012621323529411763
0.002903308823529412
0.00019595588235294103
-0.0004768382352941172
0.0014466911764705883
-0.001761764705882353
-0.002017279411764706
0.00033088235294117635
0.0007841911764705882
0.0018812499999999997
-0.000981617647058824
-0.001949632352941176
-0.00025
-3.750000000000036e-05
-0.0002073529411764703
0.001480514705882353
-5.367647058823571e-05
0.0013573529411764708
0.0005819852941176472
0.0006580882352941176
0.00029485294117647076
-0.0012911764705882357
0.0019077205882352937
-0.002076470588235294
0.0011900735294117645
-0.0003661764705882354
0.00029779411764705913
0.002188970588235294
-0.0009279411764705885
6.985294117647106e-06
-0.0005948529411764706
-0.0009569852941176474
-0.0010073529411764707
-0.0011702205882352943
-0.00015955882352941154
0.0017503676470588235
0.0017698529411764705
2.2058823529415456e-06
0.0006040441176470591
0.0012591911764705884
0.0001018382352941174
-0.000652205882352941
-0.0019415441176470585
-0.0006996323529411766
-0.0009249999999999997
-0.0022102941176470586
-0.0007294117647058823
0.000535294117647059
0.0009062499999999997
-0.0016051470588235297
0.001202205882352941
-0.0019102941176470586
-0.0015514705882352943
-0.00027463235294117647
1.6544117647059144e-05
0.000888970588235294
-0.00033235294117647053
0.0013393382352941176
-0.00034264705882352934
-0.0011253676470588236
0.0005805147058823531
-0.00013014705882352935
0.0005147058823529412
-0.0018058823529411767
-0.0009
1.5808823529411553e-05
-0.0018573529411764701
-0.0008580882352941179
-0.0007496323529411765
-0.0018113970588235296
-0.0009698529411764705
0.000678676470588235
-0.0010088235294117647
-0.0005077205882352944
-0.0005349264705882356
-0.0007363970588235296
-0.002465808823529412
-0.0011926470588235292
-0.0008650735294117648
0.0002606617647058821
0.0018672794117647064
-0.00043492647058823524
-0.0007305147058823529
0.0014606617647058826
0.0009301470588235293
-1.0294117647058607e-05
-0.0021558823529411767
-0.0011750000000000003
-0.0008459558823529413
0.0005055147058823532
-0.0004088235294117647
-6.985294117647044e-05
-9.669117647058901e-05
0.001604044117647059
-0.0012981617647058825
3.6764705882353993e-06
0.0030680147058823534
-0.0011441176470588235
0.0011786764705882355
0.0014970588235294119
-0.00035625000000000023
-0.0007566176470588233
-0.0002481617647058826
0.0027551470588235297
-0.0005805147058823529
0.0010136029411764707
-0.0007415441176470588
0.0012477941176470592
-0.0011191176470588236
-0.0030676470588235295
0.0001073529411764702
-0.0014121323529411763
-9.154411764705864e-05
0.0006466911764705882
0.00012022058823529435
0.0011147058823529413
-0.0005025735294117645
-0.00045073529411764713
-0.0017363970588235294
-0.0013253676470588232
0.000223529411764706
0.00019889705882352945
-0.0007187499999999997
-0.00011874999999999999
-7.279411764705895e-05
0.0009503676470588233
0.0007022058823529407
-0.0014275735294117646
-0.000528308823529412
0.0019466911764705885
0.0011948529411764707
0.0011419117647058826
0.00015147058823529447
0.0018867647058823534
-0.000713235294117647
0.0016253676470588236
0.0014540441176470586
0.0008253676470588232
-0.0007294117647058824
-0.003233455882352941
-0.0022632352941176475
-0.0006610294117647056
0.0013033088235294117
-0.0011374999999999998
0.0016816176470588237
0.0009757352941176469
-4.852941176470605e-05
0.00027794117647058855
-0.0006952205882352945
0.0018180147058823532
0.0002305147058823527
0.00014522058823529383
0.0006926470588235298
0.00109375
0.0010047794117647058
0.0002242647058823532
-0.001750735294117647
-0.0004301470588235292
-0.00012757352941176475
-0.0007345588235294119
-0.001220955882352941
-0.0005426470588235294
-0.001471323529411765
-0.0010356617647058826
0.0011610294117647057
-0.0009764705882352939
0.00020477941176470587
-8.933823529411785e-05
0.001047426470588235
0.0006808823529411768
-0.0010775735294117647
-0.00039227941176470555
-0.0006680147058823532
-0.00020183823529411744
-0.0001143382352941177
-0.0006275735294117647
-0.0032988970588235292
0.0014393382352941176
0.0005132352941176468
-0.00033014705882352963
0.0007165441176470586
0.0008503676470588239
0.0028198529411764704
-0.0006055147058823528
0.001370955882352941
0.0010702205882352938
-0.0009297794117647059
0.0019272058823529411
0.0007334558823529411
-0.000668382352941177
-0.001555147058823529
-0.0013345588235294118
0.0014165441176470592
-0.00029889705882352944
0.0013246323529411761
0.0013602941176470585
-0.0008441176470588236
0.0006132352941176469
0.0005742647058823528
-5.808823529411778e-05
-0.0001628676470588234
0.0018658088235294116
8.088235294117878e-06
-0.0008727941176470588
0.00019007352941176475
0.0007882352941176474
-0.0016238970588235292
-0.0003224264705882352
0.0006257352941176469
-0.0007867647058823529
-0.0012944852941176466
0.0014058823529411763
-8.345588235294125e-05
-0.0003764705882352943
0.001980147058823529
0.00017830882352941178
-0.002104044117647059
-0.00041654411764705906
0.0010841911764705881
-0.0019261029411764704
-0.0018661764705882355
1.3602941176470723e-05
-0.0006625
-0.0018268382352941172
0.00011507352941176448
0.00015330882352941234
-0.0021617647058823526
-0.0002889705882352939
0.0004518382352941181
0.0015466911764705884
0.0003132352941176475
0.0018305147058823529
0.0010871323529411763
-0.0007264705882352942
-0.0001786764705882354
-0.0001198529411764705
-0.0013742647058823526
-0.000254044117647059
0.0014202205882352947
-0.0007305147058823527
0.00010000000000000009
0.0024628676470588233
0.0011716911764705882
7.463235294117651e-05
-0.00044963235294117644
-0.00010330882352941166
-0.0008720588235294122
-0.0005426470588235296
-0.0007470588235294118
-0.00023088235294117636
-0.0008863970588235292
-0.001135294117647059
0.000866544117647059
-0.0006908088235294116
0.001413970588235294
0.001009926470588235
0.0008503676470588243
0.0005536764705882352
0.0012323529411764709
-0.0023058823529411763
-0.0011900735294117651
0.0012547794117647062
0.0011882352941176473
0.001802941176470588
0.0003455882352941179
-0.0022889705882352942
0.00041507352941176504
0.0005011029411764705
0.0019452205882352941
0.0006610294117647057
-0.002961029411764706
-0.0002080882352941178
0.002136029411764706
-0.0011970588235294113
0.0014253676470588235
-0.0018852941176470586
-0.00018345588235294113
0.0008720588235294116
0.0008125
-0.000303308823529412
0.00029301470588235303
-0.002133455882352941
0.000670955882352941
-0.0013621323529411761
-0.00014852941176470586
-0.0006959558823529414
0.0018529411764705878
6.249999999999985e-05
0.001198161764705883
-0.0022220588235294116
0.0001687500000000001
-0.00010036764705882373
-0.00020367647058823553
0.0008349264705882353
-0.0022838235294117652
-0.0005345588235294115
0.00020220588235294115
-0.00046727941176470585
0.00023382352941176497
-0.00013382352941176457
-8.529411764705913e-05
0.0007757352941176474
-0.0017617647058823529
0.0017683823529411767
-0.0004999999999999995
-0.00019632352941176484
-0.0003110294117647055
-0.0021334558823529414
-0.00020110294117647068
0.00031213235294117657
-0.0006257352941176473
-0.0014022058823529408
-0.0021169117647058824
-0.0003268382352941178
-0.0013205882352941175
-0.00019852941176470612
0.000788970588235294
0.001691544117647059
0.0010455882352941176
0.003537867647058824
0.0001606617647058821
-5.514705882352941e-05
-8.124999999999983e-05
0.0002610294117647061
0.0006077205882352939
0.0005088235294117644
0.001286764705882353
0.0022621323529411763
0.0007963235294117644
0.0009044117647058823
-0.00022720588235294124
-0.001827573529411765
0.0010345588235294116
0.0012823529411764708
-0.00016838235294117676
-0.00042794117647058856
-0.0027474264705882358
0.0024411764705882352
0.0018430147058823524
-0.0024944852941176467
-0.0006812500000000003
-0.00046029411764705863
0.0015926470588235294
0.0006474264705882356
-0.000333455882352941
-0.000954779411764706
-0.0012073529411764702
0.000804044117647059
-0.001479779411764706
-0.0011797794117647063
-0.00020588235294117645
0.001382720588235294
-0.0011404411764705886
-0.0005279411764705882
0.000726470588235294
0.00034117647058823537
0.0014669117647058824
0.0007886029411764705
0.00041286764705882365
-0.0011536764705882352
-0.0011290441176470588
-0.0006966911764705883
-0.0014444852941176468
0.0020047794117647056
-0.0005268382352941181
0.0008555147058823528
0.00023750000000000038
-0.0007194852941176466
0.00036985294117647047
0.0014599264705882353
-0.0004959558823529409
0.0011977941176470588
-0.002657352941176471
-0.001824264705882353
0.0010169117647058823
0.0010404411764705882
-0.0014308823529411761
-0.002234926470588235
-0.0007077205882352945
-0.00038088235294117626
0.0014610294117647054
0.001428308823529412
-0.00018933823529411774
-0.0005665441176470586
0.0007533088235294117
-0.0007198529411764707
0.002271691176470588
-0.0014889705882352943
0.0006621323529411762
-0.001884558823529412
-0.002137132352941176
-0.0007121323529411764
-0.0008143382352941175
-0.0003580882352941176
-0.001432720588235294
0.0003566176470588231
0.0004838235294117648
-0.0010444852941176473
-0.0021897058823529417
-0.0013871323529411764
0.0008191176470588234
0.00022757352941176474
-0.0017345588235294115
0.0014301470588235293
-0.0018286764705882348
-8.933823529411761e-05
0.0031797794117647054
0.0007356617647058824
0.00013014705882352935
0.00037058823529411767
0.002051102941176471
-1.617647058823535e-05
0.0010213235294117644
0.0007044117647058823
-0.0021639705882352937
0.00029705882352941193
0.0008867647058823528
0.00040772058823529455
0.0005099264705882353
-0.001161764705882353
0.00028823529411764676
-0.0011500000000000002
0.001127573529411765
-0.0021562499999999997
0.0021867647058823525
0.0014213235294117646
-0.00023529411764705883
-0.0011025735294117652
-0.0011235294117647057
0.001527941176470588
-0.0012886029411764708
-0.00022794117647058864
-0.00040588235294117676
0.0015551470588235292
-0.00035183823529411746
-0.0012349264705882352
-5.6617647058823545e-05
0.0009466911764705881
-0.0010790441176470583
0.0005911764705882353
-0.0025136029411764703
-0.00010845588235294127
-0.00018602941176470604
0.0014433823529411765
-0.0016121323529411766
-0.0011746323529411764
0.0026147058823529413
-0.0004544117647058817
-0.0003588235294117649
-0.002009926470588235
-0.001750735294117647
0.0003470588235294118
0.0001683823529411763
0.0006702205882352942
0.0008250000000000001
0.001329779411764706
-0.000652205882352941
0.0011297794117647057
-0.0009889705882352943
0.0005003676470588231
0.00011691176470588219
0.0008904411764705882
0.0012044117647058827
-0.0018117647058823534
0.001175
0.00014191176470588194
-0.00020000000000000006
-0.0017216911764705884
-0.0010908088235294117
0.0018599264705882353
0.0007742647058823532
-0.0004908088235294115
-0.0016875
0.0010683823529411764
-0.0018874999999999994
-0.0009033088235294118
-1.6544117647058636e-05
0.00046838235294117654
0.0016687499999999997
0.0023830882352941177
0.000802205882352941
0.0009672794117647059
0.0011941176470588236
-0.0016117647058823533
0.0008209558823529408
0.0015683823529411764
0.0010080882352941176
0.00015514705882352907
-0.0018437500000000001
-0.0005591911764705884
-0.00038088235294117664
0.0018062500000000001
0.0016143382352941176
-0.0031411764705882353
0.00026139705882352945
-0.0013661764705882352
0.0017698529411764705
7.904411764705907e-05
0.0013577205882352936
-0.0012279411764705881
-7.647058823529437e-05
0.0005345588235294116
-0.0020272058823529414
-6.801470588235284e-05
-0.0012367647058823532
0.00044963235294117655
-0.002690441176470588
0.0005238970588235292
-0.0022786764705882354
-0.0007702205882352941
-0.0001790441176470586
0.0013389705882352941
-0.0008242647058823532
0.0010191176470588236
0.00026985294117647086
0.0016066176470588237
-0.0010231617647058822
-0.00032389705882353
-0.0005334558823529416
0.0002658088235294117
-0.0028588235294117643
-0.0008577205882352943
0.0007378676470588234
6.1029411764706e-05
-0.0011415441176470587
-0.0002533088235294121
-0.0005044117647058823
0.0008617647058823531
0.0013727941176470586
-0.0012349264705882352
-0.0009481617647058824
-0.0005529411764705882
-0.0012599264705882352
0.001093382352941177
-0.0005334558823529411
0.001957720588235294
-0.00017977941176470607
-0.0003106617647058822
0.000236029411764706
-0.0009231617647058823
-0.0023738970588235296
-0.0011738970588235293
0.0025044117647058826
0.001884191176470588
-0.0010812500000000004
0.0011077205882352942
0.0006709558823529409
-0.0006312499999999999
-0.0004220588235294121
0.0004338235294117641
0.0024922794117647057
0.0002058823529411763
-0.0004944852941176471
0.002170955882352941
0.0014794117647058823
0.0019169117647058827
-0.00039963235294117626
0.00024117647058823535
0.0019375
0.0013805147058823528
0.0009143382352941175
-0.0004621323529411762
-0.0010275735294117646
-0.0011705882352941175
-0.0018643382352941176
0.00035441176470588255
-0.002252941176470588
0.0007363970588235289
-0.00035735294117647043
-0.0006338235294117647
0.00020808823529411738
0.0011897058823529412
-0.00021360294117647055
-0.0002330882352941178
0.0030264705882352937
-0.0004330882352941175
0.0004522058823529409
-0.002191544117647059
-0.00047757352941176477
0.0019874999999999997
0.0013676470588235299
-0.0002514705882352939
-0.0017286764705882352
-0.0006297794117647059
-0.0006374999999999998
0.001497058823529412
0.0012176470588235293
0.0016345588235294121
-0.00045588235294117624
0.0010029411764705882
0.0008988970588235294
-0.0010735294117647056
-0.0009588235294117648
0.002145588235294118
-0.00213125
0.0020709558823529413
0.0005433823529411762
-0.0009768382352941178
-0.00047426470588235296
0.0024121323529411763
0.00020514705882352947
0.0017525735294117645
0.001307720588235294
-0.0011727941176470586
-0.0004014705882352947
-0.0008680147058823527
0.0005764705882352941
-6.10294117647062e-05
0.00036102941176470633
-0.0006511029411764709
0.0005393382352941177
0.00033897058823529437
0.0016397058823529411
0.0007363970588235293
0.0005955882352941179
-0.0003286764705882356
-0.0006363970588235293
-0.0027705882352941176
0.001641176470588235
0.0009117647058823526
0.0010091911764705884
0.002605882352941176
-0.0018183823529411766
0.000872058823529412
-0.0015606617647058822
-0.00018602941176470544
-0.0021819852941176473
-0.0022797794117647052
0.0006110294117647055
0.0009272058823529415
0.0006286764705882356
0.0006113970588235294
-0.0005220588235294119
0.0002823529411764706
0.0011882352941176473
-0.0026577205882352944
0.0009415441176470588
-0.0013128676470588235
-0.0012058823529411766
0.0008830882352941177
5.882352941176465e-05
0.0008474264705882353
0.0011555147058823526
-0.0005117647058823528
-0.0008731617647058824
-0.0009988970588235293
-0.003322794117647059
0.0004661764705882354
0.0012705882352941178
0.0019014705882352944
0.0006268382352941173
-0.0021246323529411763
0.001544485294117647
-6.21323529411761e-05
0.000810294117647059
0.0008599264705882355
-7.426470588235293e-05
0.00036727941176470586
0.00031507352941176467
-5.330882352941161e-05
-0.0005294117647058819
0.001984558823529412
-0.0012606617647058825
0.0004477941176470586
-0.0008547794117647057
0.00030404411764705904
0.001105514705882353
0.00030147058823529416
6.80147058823529e-05
-0.0002091911764705882
0.0024992647058823527
-0.0004904411764705885
0.001956617647058823
0.00017389705882352939
0.0005555147058823528
-0.0014220588235294117
-0.0006959558823529413
0.0015095588235294116
0.0007040441176470588
-0.0005915441176470586
0.0014566176470588237
0.0007003676470588234
-0.003741544117647058
9.926470588235527e-06
0.000633455882352941
-0.0008433823529411766
-0.0015536764705882352
0.002497794117647059
0.00046029411764705874
-0.0007665441176470588
-0.00250625
-0.0001323529411764706
0.00016727941176470588
0.0011253676470588238
-0.0002889705882352941
0.000372058823529412
-0.0001268382352941177
-0.0004930147058823523
0.0003882352941176471
-0.0003919117647058822
-0.001326470588235294
0.0008691176470588233
-0.0002279411764705881
0.0028599264705882355
0.0010735294117647058
0.0008624999999999999
0.0014242647058823527
-0.0017735294117647057
-0.00023897058823529432
-0.00034963235294117623
-0.001783088235294118
0.0006246323529411766
-0.0004128676470588235
-0.0017400735294117648
0.0010349264705882353
-0.0012628676470588234
-0.0007246323529411763
-6.176470588235323e-05
0.0015970588235294115
-0.0004878676470588238
-0.0002216911764705881
-0.0013246323529411766
0.0005591911764705881
-0.0009147058823529413
-0.00045404411764705883
0.0016051470588235295
0.0031584558823529413
0.0016408088235294117
-0.0006154411764705882
2.2794117647058916e-05
-0.0006974264705882346
4.4485294117647106e-05
0.002403676470588235
-0.0003669117647058823
0.0026033088235294126
0.00010698529411764732
0.0011102941176470585
-0.001488235294117647
0.0008999999999999999
-0.001420955882352941
-0.0019518382352941178
-0.0006643382352941176
0.000866544117647059
0.0006007352941176471
-0.0010753676470588234
-0.0005878676470588239
0.00037610294117647043
-0.0005448529411764702
0.00296875
-0.0012970588235294114
-0.0013264705882352942
0.0020768382352941176
-0.000444485294117647
0.0009632352941176471
-0.0004687500000000001
-0.0019220588235294115
0.00026948529411764736
0.0012286764705882352
-0.002038235294117647
-0.00043823529411764716
-0.0004459558823529412
-0.0026959558823529415
1.397058823529416e-05
-0.0004834558823529412
0.0014507352941176468
-0.000991544117647059
0.001385294117647059
-0.0008650735294117647
0.00048198529411764684
-5.808823529411737e-05
-0.00047058823529411766
-0.00010257352941176453
-0.000621323529411765
-0.0005088235294117646
0.0009514705882352939
0.0025327205882352947
0.0009025735294117647
0.00020220588235294094
0.0006845588235294116
-0.001375735294117647
0.0016466911764705882
-0.0003536764705882352
0.0006102941176470587
-0.00033125
-0.0006871323529411765
0.0009893382352941177
0.0016158088235294118
-0.0013180147058823534
0.001262867647058824
-0.0004290441176470585
0.0011117647058823533
0.0031702205882352943
0.0001830882352941178
0.000815808823529412
0.0001055147058823527
0.0013080882352941177
0.0012242647058823533
-0.0010750000000000002
3.419117647058824e-05
-0.00014999999999999985
0.0014220588235294121
0.0006492647058823533
-0.0010136029411764707
0.0003580882352941174
-0.0015158088235294118
3.2720588235294443e-05
-0.0011481617647058824
-0.0003753676470588236
-0.0012988970588235296
0.0008625000000000001
-0.00012058823529411768
-0.0027753676470588236
-0.0018819852941176472
-0.0005095588235294116
0.00024007352941176474
0.0003625000000000004
0.0012955882352941183
0.0007231617647058824
-0.0001996323529411761
-0.001314705882352941
-9.816176470588258e-05
-0.002565808823529412
0.0008897058823529411
-0.0009444852941176471
-3.602941176470651e-05
0.0006992647058823531
-0.0009992647058823527
0.0016522058823529413
0.0005209558823529412
-0.0005143382352941176
0.0008687500000000002
-0.0012705882352941178
-0.0016161764705882352
-0.0007430147058823527
0.00032205882352941183
0.0015970588235294124
0.0015161764705882352
-0.00039522058823529424
0.0008183823529411766
-0.0026625
-0.0005058823529411764
0.0015580882352941175
0.0015544117647058823
-0.0005658088235294114
0.001700735294117647
0.0013433823529411767
0.0006191176470588235
0.00016470588235294116
-0.001892647058823529
0.001039705882352941
-2.5367647058823287e-05
0.0010897058823529412
-0.0009393382352941173
-0.0008150735294117646
0.0019794117647058823
0.00038750000000000026
0.00027536764705882324
0.0017683823529411767
0.0018569852941176474
-0.00016433823529411762
0.0010856617647058823
0.0010492647058823528
-0.0002378676470588236
-0.0010753676470588237
-0.0017863970588235295
0.0005713235294117646
-0.0014382352941176466
0.00012316176470588205
-0.003116544117647059
0.001018014705882353
0.00028161764705882325
-0.0008165441176470589
0.00026691176470588276
0.000986764705882353
-9.30147058823529e-05
0.00041691176470588245
0.001518014705882353
0.0013724264705882354
-0.0007242647058823527
0.0008397058823529415
0.0014658088235294118
-0.0010161764705882354
-0.00047720588235294084
-0.0013044117647058825
0.0008011029411764707
-0.000606985294117647
0.0007191176470588238
-0.0005033088235294125
-0.0008955882352941177
-0.001021691176470588
0.0013775735294117649
0.0005672794117647057
0.0011669117647058818
5.294117647058837e-05
-0.0007838235294117648
0.0015529411764705877
-0.0002022058823529411
0.00033345588235294106
-0.00047830882352941154
-0.00033970588235294075
0.0015985294117647057
-0.0004393382352941178
0.0004198529411764703
0.00043161764705882386
0.0008128676470588234
-0.0008823529411764706
0.0008900735294117647
-0.0007547794117647057
0.0003628676470588236
0.0012051470588235293
-0.0002437500000000001
0.0006863970588235296
-0.001881617647058824
7.647058823529406e-05
-0.00023897058823529443
-0.0003363970588235291
-0.0010871323529411765
-0.0012977941176470589
0.0018191176470588233
-0.0019018382352941176
-0.0003625000000000003
-0.001946323529411765
-0.00042794117647058813
0.0020602941176470595
0.0007036764705882351
-0.0002937500000000005
-0.0009455882352941173
0.001828676470588235
0.0002624999999999999
-0.003219485294117647
0.000310661764705882
-0.00160625
0.0014330882352941179
0.0009886029411764704
0.0028095588235294115
-0.00015000000000000001
-0.0012731617647058825
0.0020805147058823533
-0.001147058823529412
0.00251764705882353
-0.0018742647058823526
-0.0004794117647058827
0.0003319852941176469
-0.00016985294117647076
0.0014305147058823525
-0.00010183823529411756
-1.3235294117647183e-05
-0.00012683823529411752
-0.001685294117647059
-0.001466544117647059
-0.00195625
-0.00023492647058823534
0.0006452205882352941
0.00045624999999999995
0.00011764705882352954
-0.002045955882352941
-0.0005838235294117649
0.000730514705882353
-0.0010448529411764707
-0.0006639705882352942
-0.0011441176470588235
-0.0004069852941176469
-0.002276470588235294
-0.0008746323529411763
-0.0010974264705882354
0.0011382352941176467
0.00032977941176470587
0.0016470588235294116
-0.00140625
-0.002548161764705882
-0.001864705882352941
-0.0009801470588235292
0.0007698529411764706
0.00044227941176470573
0.0007834558823529412
-0.0007433823529411763
0.0010481617647058825
0.0003477941176470589
0.0007658088235294119
0.0010650735294117648
6.1029411764705694e-05
-0.0006264705882352941
0.00029301470588235324
-0.002982720588235294
0.0020066176470588232
0.0031452205882352945
-0.002951838235294118
0.0005095588235294115
0.001219852941176471
0.0005687500000000001
-0.001502573529411765
0.0010136029411764707
-0.0024613970588235295
-0.0003613970588235293
0.0006308823529411765
-0.0018415441176470588
0.00031360294117647075
-0.0006569852941176471
-0.00010257352941176484
-0.0004933823529411763
0.0002863970588235293
0.002061764705882353
0.0006963235294117647
-0.0006371323529411765
0.0005992647058823533
0.00022316176470588242
-0.0006720588235294117
-0.0017294117647058825
-0.0019474264705882354
0.0003433823529411767
-0.0006665441176470587
0.0006738970588235296
0.00026654411764705867
-0.0006606617647058825
0.0016588235294117647
-0.00011139705882352939
0.001511764705882353
0.0010224264705882352
0.00022022058823529435
-0.0001970588235294117
0.0006680147058823531
0.003103676470588235
-0.0005731617647058823
-0.0012632352941176466
0.0021665441176470586
0.0014209558823529418
-0.0017709558823529412
0.0013536764705882358
-0.0005150735294117649
-0.0007599264705882352
-0.0014533088235294117
0.0016709558823529412
-0.00042794117647058813
-0.000834558823529412
0.0006408088235294114
-0.0006599264705882353
-0.0006319852941176473
-0.0008580882352941178
-0.001683823529411765
0.0022180147058823534
-0.00016213235294117618
0.0007147058823529413
-0.0008411764705882353
3.676470588235017e-06
9.669117647058835e-05
0.001608455882352941
0.0017823529411764706
-0.0001378676470588235
0.0017125
0.0008856617647058825
0.00013382352941176457
0.0009665441176470589
0.0006547794117647055
0.00020514705882352928
-0.002110661764705882
0.0008441176470588234
5.477941176470556e-05
0.00027610294117647103
0.00028382352941176437
0.001222058823529412
-0.0017753676470588233
2.352941176470574e-05
-0.00044963235294117666
0.0006922794117647055
0.00038970588235294137
-0.00193860294117647
-0.002225
4.264705882352951e-05
-1.7279411764705816e-05
-0.0008444852941176471
-0.00035257352941176455
-0.002048529411764706
0.0012378676470588235
-0.0001323529411764705
0.0003974264705882351
-0.00034889705882352936
-0.0016422794117647056
-0.0018305147058823529
-0.0030812500000000002
0.0002250000000000002
-0.00043529411764705906
0.0006312499999999999
5.772058823529419e-05
-0.0016882352941176473
-0.00026323529411764746
-0.0010187500000000001
-0.0008996323529411765
-0.0008433823529411767
0.001963235294117647
7.941176470588205e-05
0.0006000000000000001
-0.0002213235294117649
-0.0004261029411764706
0.0019047794117647056
-0.0006022058823529412
-0.0016316176470588233
-0.001723529411764706
0.0006374999999999995
-0.0014069852941176473
-0.0008367647058823528
0.00076875
9.154411764705894e-05
8.860294117647053e-05
-0.0003349264705882353
-0.0010764705882352944
3.74999999999998e-05
0.002347426470588235
-0.00023051470588235297
-9.154411764705874e-05
-0.001543014705882353
0.0011966911764705883
-0.0002448529411764706
-6.029411764705892e-05
0.0011297794117647057
0.0017963235294117651
0.0008220588235294116
-0.0004944852941176471
0.0008161764705882353
0.0004033088235294115
0.0006841911764705879
0.0009058823529411769
0.0006301470588235296
-1.654411764705884e-05
0.0005143382352941176
0.0001474264705882356
0.002031617647058824
-0.0014518382352941175
0.0012886029411764703
0.001038235294117647
-0.0017499999999999998
0.0007095588235294117
-0.0013000000000000002
-0.000528676470588235
0.0027580882352941176
0.00042536764705882385
-0.0008794117647058824
0.0007944852941176473
0.002001470588235294
0.0005191176470588238
0.00042169117647058855
0.0002106617647058818
-0.0018007352941176468
0.0023687499999999998
-0.0005382352941176472
-0.002516911764705882
-0.0008147058823529412
0.0020863970588235296
-0.0014308823529411764
-0.0012573529411764703
0.0013294117647058826
-0.00012279411764705883
0.0019874999999999997
0.0013981617647058826
0.0007014705882352942
0.0007165441176470584
0.0005224264705882354
-0.000949632352941176
0.00011066176470588201
-0.000954044117647059
0.00018382352941176468
-0.0012691176470588238
-0.0006577205882352943
-0.0016374999999999996
-0.00029963235294117675
0.0011588235294117644
-0.0006216911764705883
-0.00023786764705882365
-0.00108125
0.00023014705882352915
0.0017375000000000001
0.0024783088235294124
0.000911764705882353
-0.00017941176470588301
-0.0015841911764705881
0.0006224264705882353
-0.001973897058823529
0.0009705882352941175
0.0005724264705882354
0.00037941176470588256
-0.0007742647058823531
-0.000567279411764706
-0.000666176470588235
6.250000000000026e-06
0.0005533088235294116
-0.0008488970588235296
0.0013261029411764705
0.001984558823529412
0.0009033088235294118
-0.0008180147058823528
0.00021360294117647033
0.0004507352941176472
-0.0001863970588235297
0.0016555147058823529
-0.00015514705882352942
0.0014209558823529405
0.0013863970588235293
-0.0022654411764705886
-0.0014577205882352936
0.0008106617647058822
-6.470588235294124e-05
-0.0020838235294117647
-0.0017764705882352943
-0.0025084558823529413
-0.0005069852941176471
0.0003209558823529411
-0.0001216911764705885
-0.0004632352941176467
-0.00021801470588235267
0.00028382352941176486
-0.0016389705882352945
-0.0023154411764705883
0.0002783088235294115
-0.00012794117647058824
-0.0015547794117647055
0.0009419117647058821
-0.0006371323529411763
-0.0006176470588235295
0.0005084558823529411
-0.0015974264705882351
0.0004014705882352941
0.001234191176470588
0.000798529411764706
-0.0008595588235294119
-0.00026838235294117635
0.00046433823529411764
0.0009841911764705885
0.0005198529411764706
0.0005908088235294116
-0.0016746323529411762
0.00011985294117647096
0.0006235294117647058
0.0003547794117647056
0.0015816176470588236
-0.0007165441176470587
0.0013084558823529412
-0.0005191176470588237
0.0019113970588235292
-0.000276470588235294
0.0022268382352941176
0.0009095588235294122
0.0028488970588235294
0.0006786764705882355
-0.00022058823529411722
0.0009566176470588235
0.0003536764705882352
-5.551470588235341e-05
-0.00025294117647058805
-0.0007863970588235297
-0.0009323529411764708
-0.0006220588235294121
-0.001315073529411765
0.0005448529411764708
0.00022205882352941179
0.00029705882352941177
0.002186029411764706
0.001257720588235294
-0.0006283088235294114
0.0011511029411764705
0.0010547794117647057
0.000255514705882353
0.0006330882352941179
-0.000542279411764706
0.0016227941176470589
0.0018345588235294116
-4.669117647058835e-05
0.0031474264705882355
-0.0011680147058823528
-0.0011158088235294118
-0.002185294117647059
0.00016066176470588283
0.0017220588235294116
0.0004893382352941176
-0.0020341911764705884
-0.0003470588235294119
-0.00017426470588235293
-2.1323529411764958e-05
-0.0011363970588235297
0.0028029411764705883
0.0009753676470588236
-0.00017647058823529408
0.0005966911764705882
-0.001000735294117647
-0.0005055147058823532
-9.963235294117654e-05
0.0033481617647058825
0.0002036764705882352
0.0013022058823529412
-0.0008297794117647057
-0.0012661764705882354
0.00044264705882352917
-0.0009272058823529409
-0.0009753676470588238
0.000388970588235294
0.00018272058823529396
-0.002513235294117647
0.000749264705882353
0.00018088235294117677
-0.00017794117647058802
0.000754044117647059
-0.0006963235294117649
0.000413235294117647
-0.001384191176470588
0.000980514705882353
-0.0011595588235294113
-0.0011169117647058825
-0.0022125
0.001512132352941177
-0.0007183823529411765
0.00023161764705882364
-0.0011132352941176464
0.0010485294117647062
0.001717279411764706
0.00041691176470588266
-0.0008518382352941175
0.000454779411764706
0.0017654411764705883
0.0022308823529411763
-0.0029507352941176472
0.0002749999999999998
0.0004926470588235296
0.0004220588235294114
-0.0007169117647058823
0.0005735294117647062
-0.0009073529411764706
0.0008948529411764707
1.1029411764706249e-05
-0.0009448529411764702
-0.001875735294117647
0.0021183823529411765
-0.003009558823529411
0.0002683823529411767
0.0014154411764705887
0.0011683823529411764
-0.00045735294117647037
-0.0008911764705882355
-0.0002852941176470588
-0.00032352941176470596
0.0019136029411764713
0.0004996323529411759
0.0007261029411764704
-0.0010345588235294116
0.000563970588235294
0.0004334558823529414
0.0005176470588235291
-0.0006632352941176472
0.0007356617647058824
0.0002897058823529409
0.0003297794117647056
0.00028970588235294133
-0.00016102941176470592
0.0018246323529411764
9.595588235294083e-05
-0.0004238970588235293
0.00044338235294117653
0.0007415441176470589
-0.0009705882352941175
-0.0008602941176470589
-0.0009654411764705882
0.0006654411764705882
0.0008503676470588232
0.0008974264705882354
0.0009507352941176469
0.0012970588235294118
-0.001575
0.0005533088235294115
-0.0018985294117647062
0.0012327205882352939
-5.000000000000041e-05
-0.000865441176470588
-0.0004577205882352938
0.0002547794117647058
-3.161764705882367e-05
-0.0033970588235294123
0.0004941176470588233
-0.003616544117647059
-0.001164705882352941
0.00017830882352941183
-0.0009628676470588234
-0.0006305147058823528
-0.0016334558823529414
0.0012411764705882351
-0.001421691176470589
0.0020062499999999994
-6.139705882352939e-05
0.0006970588235294118
0.0006808823529411762
0.0012492647058823527
0.0006985294117647056
0.0002183823529411764
0.0006261029411764707
-0.00039007352941176476
-0.0003999999999999999
0.00025551470588235336
0.0006889705882352944
0.0018128676470588235
1.0294117647058914e-05
0.0011908088235294116
-0.0007235294117647061
0.0005757352941176475
0.0010886029411764707
2.830882352941176e-05
-0.0005485294117647056
-0.002025
0.00019191176470588253
0.0012191176470588232
-0.0003378676470588236
-0.0016577205882352944
-0.0001720588235294118
-0.0012904411764705884
-0.001032720588235294
-0.00036948529411764725
-0.0011893382352941176
0.000499632352941177
-0.0012919117647058824
-0.0010746323529411763
-0.0009297794117647059
0.0015808823529411759
-0.0021113970588235295
0.0018161764705882356
-0.0011349264705882356
-2.536764705882349e-05
0.0008397058823529415
-0.0009294117647058821
-0.0027040441176470584
0.0014419117647058819
-0.0018426470588235298
-0.0013698529411764707
0.0032286764705882357
0.0005753676470588236
0.0012955882352941178
-0.0004683823529411761
0.0020102941176470585
0.0022136029411764704
-0.00029926470588235326
-0.0017496323529411764
0.0006580882352941179
-0.0019830882352941176
-0.0005529411764705882
-0.0005257352941176473
3.566176470588251e-05
0.0013191176470588235
-0.0014658088235294118
0.0006139705882352943
-0.0012455882352941181
-0.0005316176470588238
0.0009040441176470589
0.0009419117647058823
0.0005977941176470587
-0.0010875000000000001
-0.00016360294117647012
0.0002746323529411767
0.00018933823529411757
0.0021308823529411765
-0.0004455882352941176
-0.0006371323529411763
-0.00032022058823529415
0.00130625
-0.0009069852941176471
0.0002599264705882355
0.00021397058823529423
0.0003084558823529413
0.0001999999999999996
-0.0019411764705882354
0.0006544117647058821
-0.0008025735294117649
0.0006147058823529407
-0.0016356617647058827
0.0005672794117647057
-0.0002650735294117649
-0.001089338235294118
-0.0014911764705882351
0.0023768382352941184
-0.0013757352941176472
-0.002025
-0.0014830882352941173
0.001700367647058824
-0.0022533088235294116
-0.0005738970588235292
-0.001448529411764705
0.0012022058823529416
0.0002974264705882356
-0.0009419117647058823
-0.0038584558823529414
0.0013647058823529413
0.0026768382352941175
-0.0010150735294117644
-0.0016389705882352943
0.0021819852941176473
0.0003944852941176473
-5.0735294117646777e-05
0.00019227941176470594
-0.00032352941176470564
0.0005459558823529413
-0.001954779411764706
0.0007165441176470585
-7.205882352941149e-05
-0.0001433823529411766
-0.0012643382352941178
6.911764705882373e-05
-0.0008062499999999998
0.0014926470588235295
0.000151470588235294
-0.00031764705882352944
0.002612132352941176
-0.0015172794117647057
-0.0005625
0.00010772058823529408
-0.00043125000000000016
-0.0009459558823529411
0.0011397058823529413
0.0029154411764705877
-0.0016525735294117647
0.0006246323529411764
-0.003682352941176471
0.0006933823529411768
-0.0002496323529411765
-0.0005246323529411765
0.00015000000000000012
0.0042180147058823525
0.0011455882352941176
-0.0005257352941176472
0.0010147058823529414
-0.00014411764705882368
-0.0012996323529411765
0.0017709558823529412
0.0006161764705882352
0.000753308823529412
0.0022308823529411767
0.002610661764705882
0.0011117647058823531
0.0009801470588235294
0.0011871323529411765
0.0002746323529411763
0.00020257352941176464
-0.0005573529411764704
0.002430147058823529
-0.0002636029411764707
-0.00013051470588235295
0.00044485294117647056
-0.0008356617647058824
-0.002287132352941176
0.00032058823529411743
-0.0004959558823529414
-2.6102941176470776e-05
0.0031286764705882354
0.0012319852941176468
-0.0004922794117647056
-0.0022452205882352947
-4.191176470588233e-05
-0.0012639705882352941
0.001218014705882353
0.00046360294117647077
-0.0005488970588235295
-0.002529044117647059
-0.0028610294117647054
-0.0002488970588235299
0.0020393382352941174
9.154411764705894e-05
-0.0010867647058823524
-0.0005209558823529412
0.0015176470588235292
0.0015139705882352941
0.0016955882352941173
-0.0019683823529411766
-0.001264338235294118
-0.0006408088235294113
-0.001997426470588235
0.0004080882352941176
-0.0007606617647058824
-0.002044485294117647
-0.0003441176470588238
0.001447426470588235
0.00135
0.0012261029411764707
5.698529411764711e-05
-0.00046507352941176474
-0.00025183823529411785
-0.0025897058823529415
-0.0014452205882352935
-0.00014374999999999967
-0.000625735294117647
0.0017341911764705883
-0.00016727941176470618
-0.00013198529411764692
-0.0008091911764705883
-0.0006878676470588234
0.0001794117647058824
-0.0012073529411764708
0.000825
-0.00035330882352941153
0.0005606617647058822
0.0011051470588235293
-0.0024904411764705885
-0.0005147058823529418
0.0012176470588235297
-0.00022058823529411795
0.0006970588235294115
-0.001963970588235294
-0.001984926470588235
0.00022352941176470605
0.00018786764705882344
-0.003000735294117647
0.0002867647058823531
0.001850735294117647
-0.0009808823529411767
-0.0018007352941176473
0.0004507352941176472
-0.0010783088235294114
0.0015875000000000004
-0.00015772058823529454
0.0007125
-0.000261764705882353
-0.000500735294117647
-0.0012937500000000004
-0.00026323529411764697
-0.0009345588235294121
-0.00421360294117647
0.0003558823529411767
-0.001431617647058823
0.0006154411764705882
-7.242647058823533e-05
-0.0008683823529411765
-0.002744852941176471
-0.00016654411764705843
4.8529411764705844e-05
0.0003856617647058822
0.001884558823529412
0.0007874999999999998
-0.0001823529411764706
-0.00036727941176470597
-8.19852941176468e-05
0.00017794117647058834
0.00017316176470588238
-0.0011617647058823532
-0.0011933823529411765
-0.001827941176470588
0.001240808823529412
-0.0008496323529411764
-0.0023422794117647057
-0.00119375
-0.00017279411764705877
-0.0009801470588235292
-0.0006327205882352945
-0.0014319852941176473
-0.0015113970588235299
0.002084191176470588
0.000831985294117647
0.0014036764705882354
0.0023540441176470583
-0.0012698529411764707
6.948529411764635e-05
-0.0005555147058823532
0.0006573529411764707
0.0006643382352941177
0.00016617647058823556
0.0020154411764705883
0.0007573529411764705
0.002003676470588235
0.0017584558823529415
-0.0008852941176470589
-0.0020349264705882353
0.00019264705882352954
-0.0014363970588235294
-0.00025735294117647077
0.00012463235294117684
-0.0010235294117647061
-0.0003261029411764705
0.0012871323529411766
0.0002180147058823531
-0.0019448529411764703
-0.0005768382352941178
0.0017544117647058822
0.0013933823529411764
0.001272426470588235
-0.0005088235294117648
0.001185294117647059
-0.0001573529411764707
0.0006698529411764705
0.0008091911764705883
0.002238970588235294
0.0012165441176470592
0.0004757352941176471
0.0020805147058823533
-0.0013988970588235297
0.00027463235294117663
0.0013503676470588233
0.0012889705882352938
0.0010488970588235292
-0.0017172794117647056
0.0004488970588235297
0.0012665441176470589
0.0007786764705882353
0.0008974264705882355
-0.0014437499999999997
-0.0006503676470588236
-0.00011874999999999978
-0.00019963235294117633
-0.000905514705882353
-0.001591911764705883
-0.0002812499999999999
-0.003128676470588235
-0.0002264705882352941
0.0012499999999999998
-0.0004389705882352937
-0.0007058823529411765
-0.0006316176470588236
0.0011227941176470589
0.00010955882352941194
-0.001639705882352941
0.0008415441176470587
-0.0001658088235294115
0.0013977941176470587
-0.0017621323529411765
-0.0020301470588235293
-0.0018801470588235298
-0.0016856617647058821
0.0012580882352941178
-8.823529411764754e-06
0.0016533088235294118
-0.0015183823529411765
-0.0006316176470588237
-0.0007198529411764708
0.0004452205882352943
-0.001381617647058823
0.0016360294117647057
-0.0009286764705882358
0.001124632352941176
-0.002245955882352941
7.904411764705849e-05
-0.002048161764705882
-0.002517647058823529
-0.0021683823529411762
0.0004198529411764705
0.0015191176470588236
-1.2499999999999899e-05
-0.0013812500000000005
0.001213235294117647
0.00016948529411764672
0.001098897058823529
0.0007205882352941172
0.0008220588235294117
-0.000825
0.0023830882352941177
0.0034441176470588236
0.0024569852941176474
0.001312867647058824
0.0018371323529411765
0.0012058823529411764
-0.0006801470588235294
-0.0018816176470588235
-0.0015602941176470584
0.001483455882352941
0.0004220588235294115
0.00016985294117647057
1.4338235294117395e-05
4.522058823529414e-05
-0.000198897058823529
0.001092279411764706
0.00200625
0.000509558823529412
-0.0010625
0.0006294117647058822
0.0006886029411764705
-0.00028455882352941173
0.002741911764705882
0.0006558823529411765
-0.00011617647058823535
0.001183823529411765
-0.0010518382352941173
-0.001050735294117647
-0.0006753676470588235
0.000406985294117647
-0.0005812500000000001
-0.00024632352941176454
-0.00031286764705882344
-0.00013345588235294116
-0.0008356617647058825
0.0012180147058823527
0.0033345588235294114
0.0003580882352941176
0.0010349264705882353
-0.001755514705882353
-0.0012658088235294118
0.0009933823529411764
0.0005003676470588234
-0.0005566176470588237
0.0015334558823529413
-0.002188235294117647
-0.0005077205882352937
0.002677573529411765
0.0012187499999999998
-0.00014448529411764687
-0.0003709558823529412
-0.00021691176470588276
0.0003485294117647061
0.00010882352941176483
-0.0004992647058823528
-9.926470588235425e-06
-0.00043750000000000017
0.00037647058823529387
0.0011308823529411767
-0.0007283088235294119
-0.00011874999999999978
-0.002220220588235294
-0.0018639705882352942
0.00019963235294117635
-6.727941176470608e-05
-0.00154375
0.0009213235294117649
-0.0008985294117647059
-0.0012558823529411761
0.0007709558823529414
0.00010147058823529437
-0.0008507352941176467
-0.0011477941176470587
0.0005746323529411766
0.000852205882352941
-0.0004474264705882353
-0.00029117647058823497
-0.0005463235294117648
5.1838235294117856e-05
8.6029411764706e-05
0.002136764705882353
-0.00023713235294117613
-0.0005746323529411763
0.0010893382352941178
9.264705882352942e-05
0.001093014705882353
0.0003496323529411766
0.002171691176470588
0.00010367647058823516
-0.0005849264705882354
-0.00014595588235294144
-0.0004238970588235295
0.0006481617647058823
-0.002179779411764706
-0.00018897058823529432
0.0022886029411764704
0.00118125
-0.0012485294117647058
0.0008794117647058826
0.0012132352941176471
-0.0029933823529411764
0.0018477941176470586
0.0013227941176470592
0.0015551470588235296
-0.00017683823529411757
-0.0024863970588235294
0.00013529411764705892
-0.0007731617647058823
-0.0006437500000000001
-0.0006308823529411764
-0.0003661764705882349
0.0007529411764705882
-0.0002643382352941176
0.001622058823529412
-0.00045441176470588244
-0.000733455882352941
-0.00013897058823529422
-0.002874264705882352
-0.00017794117647058802
-0.0035250000000000004
-0.0013268382352941176
-0.0012198529411764707
0.0007209558823529414
-5.73529411764708e-05
-0.0014606617647058822
-0.0010363970588235293
0.0015411764705882357
-0.0023536764705882353
-0.00015183823529411766
-0.0001363970588235293
0.0024540441176470586
-0.0009481617647058823
0.0006128676470588237
-0.0018220588235294114
-0.0017033088235294121
0.000616176470588235
0.0007231617647058821
0.0005720588235294114
0.0009562500000000004
-0.0016621323529411763
-0.002315073529411765
-9.669117647058799e-05
0.004006985294117646
-0.001984558823529412
-0.0015128676470588236
0.0022058823529411764
0.0004863970588235289
0.001065441176470588
-0.0011628676470588238
-0.0011066176470588232
0.0007985294117647059
0.0003481617647058827
-0.0030522058823529413
0.0006753676470588237
-1.2132352941176563e-05
0.0009250000000000001
0.0017220588235294116
0.001965073529411765
-0.0016871323529411763
0.0006749999999999999
0.0012470588235294117
-0.0004985294117647058
0.0016977941176470588
-0.00033419117647058805
-1.3970588235294313e-05
-0.000884191176470588
-0.0005705882352941171
-0.0008455882352941179
0.0005268382352941176
0.0006014705882352942
-0.00044632352941176474
-0.0009893382352941177
-0.00108125
-0.000302205882352941
-0.001025735294117647
-0.0009117647058823529
0.0005224264705882354
-0.000243014705882353
0.0009713235294117649
-0.0009455882352941178
-0.0004452205882352944
0.0010555147058823528
0.001842279411764706
0.0006121323529411768
0.0011735294117647059
-0.00023897058823529424
-0.0009525735294117647
0.0008444852941176468
0.0015433823529411763
-0.00028051470588235283
-0.0018088235294117642
0.0008121323529411767
-0.0011400735294117643
0.0007676470588235296
0.0016367647058823532
-0.002307720588235294
0.0025698529411764706
-0.0004764705882352941
0.0003529411764705884
-0.0005235294117647062
-0.0006077205882352941
-0.0017669117647058827
-0.0006602941176470592
0.0023227941176470583
-0.0002680147058823527
-0.0011819852941176473
0.0012375000000000003
-0.00014191176470588237
-0.0010676470588235295
0.0003503676470588238
-9.338235294117659e-05
-0.0023147058823529414
-0.001222794117647059
0.0008128676470588233
0.001052205882352941
-0.0005404411764705882
0.00028897058823529364
0.0010779411764705882
0.0024970588235294117
0.0011904411764705886
8.45588235294101e-06
0.0018430147058823532
0.0002147058823529411
0.0008426470588235294
-0.0012426470588235293
0.0018051470588235292
-0.001388235294117647
-0.00015441176470588197
-0.0014419117647058823
-0.0006816176470588235
-0.0008819852941176471
-0.0005033088235294117
-0.000864338235294118
9.889705882352897e-05
-0.0008547794117647063
0.0013591911764705884
0.0003055147058823531
-0.0009360294117647062
0.0006966911764705883
0.0010470588235294116
-0.0013676470588235294
0.0002801470588235293
0.0024058823529411765
0.0022415441176470586
-0.0004915441176470586
-3.3088235294118085e-06
0.0010996323529411766
-0.0002886029411764705
-0.00042389705882352945
-0.0004014705882352944
0.0019136029411764705
0.00010698529411764721
-0.0009757352941176474
0.0020808823529411763
7.095588235294101e-05
-0.000304779411764706
-0.0008382352941176471
0.0018852941176470586
4.8161764705882433e-05
6.397058823529432e-05
-0.0003724264705882354
-0.0018246323529411766
0.0007341911764705884
-0.0015430147058823529
-0.0009319852941176471
-0.0006753676470588237
-0.0018485294117647055
3.7132352941176566e-05
-0.000705514705882353
0.001002573529411765
0.0009341911764705882
0.0012172794117647058
0.0007911764705882356
4.8161764705882074e-05
0.002340073529411765
0.00010073529411764719
0.00046397058823529404
0.00017720588235294106
-0.0007477941176470585
0.0010356617647058824
-0.00012205882352941148
-0.0005742647058823531
0.0027319852941176466
0.000747794117647059
-0.0013816176470588235
-0.001684191176470588
0.001438235294117647
-0.0028977941176470587
0.0018764705882352943
-0.001573529411764706
-0.0019161764705882356
0.0007672794117647057
-0.0008411764705882352
-0.0010709558823529409
-0.00020147058823529406
0.00013382352941176465
0.00044301470588235315
-0.00017058823529411747
0.003469485294117647
-0.0008911764705882353
0.0011272058823529412
0.001233455882352941
-6.838235294117634e-05
7.352941176471309e-07
0.0010422794117647058
-0.0005165441176470586
-0.0008775735294117646
0.0022639705882352944
0.0023261029411764706
-0.00017867647058823535
-0.0015345588235294117
0.0008720588235294114
-0.0010518382352941176
-6.102941176470574e-05
0.00025183823529411725
0.00031544117647058767
0.002495955882352941
-0.0001610294117647058
0.0006533088235294119
-0.0005558823529411767
-0.0017919117647058826
-0.00021727941176470593
-0.000146691176470588
0.002765808823529412
-0.0007698529411764704
-0.0008566176470588237
-0.00037794117647058827
-0.001052941176470588
-0.0017768382352941175
3.198529411764726e-05
0.0005698529411764706
0.0018702205882352944
0.00048602941176470585
0.0006327205882352938
-0.0030650735294117646
-0.00019374999999999988
0.00096875
0.0003683823529411764
0.0009779411764705883
0.00033860294117647066
-0.0003683823529411765
8.308823529411799e-05
-0.00018051470588235295
-0.0008312499999999998
0.0017933823529411766
-0.00015955882352941165
-0.0006930147058823532
0.00038419117647058856
0.0010235294117647061
-0.0005246323529411765
0.0005408088235294114
-0.00026948529411764726
0.0006852941176470591
0.0011503676470588234
0.0006400735294117648
0.0005694852941176474
-0.0005378676470588234
-0.0012602941176470589
0.0007084558823529413
-0.00014852941176470575
0.0008922794117647058
0.0007834558823529409
0.0009900735294117644
0.0010452205882352942
0.002542279411764706
-0.00033860294117647033
-0.001466544117647059
-0.0006419117647058827
0.0012908088235294116
0.0001580882352941179
0.0013941176470588235
0.0006444852941176468
-0.0009474264705882351
6.764705882352966e-05
0.0005830882352941176
0.000992647058823529
-0.0020444852941176473
0.0012786764705882353
-0.0016463235294117645
0.0005613970588235293
0.002055514705882353
-0.0003522058823529413
-0.0009970588235294117
0.00015147058823529436
0.001536029411764706
0.0014088235294117644
-0.002504779411764706
0.0012294117647058827
-0.0021349264705882356
-0.002963235294117647
0.001122794117647059
0.00294375
-0.00038455882352941145
0.0005268382352941177
0.0010459558823529408
0.003309558823529412
0.0022055147058823534
-0.002166911764705882
-0.001608088235294117
0.0011404411764705886
0.0010110294117647055
0.00041985294117647044
-0.001447058823529412
-0.0020463235294117645
-0.00038455882352941194
0.0006852941176470587
0.0010349264705882353
-0.0031176470588235292
-0.0017948529411764707
0.0008669117647058823
0.001351102941176471
0.0007790441176470587
-0.00038897058823529417
0.0015650735294117646
-0.00036727941176470586
0.00113125
-0.001118014705882353
-0.0013323529411764707
0.0014169117647058825
0.00027389705882352927
-0.001720955882352941
0.0005169117647058822
-0.0001720588235294118
0.0006338235294117646
-0.0003227941176470589
0.0015488970588235294
-0.0016433823529411768
-0.0006408088235294121
9.301470588235269e-05
0.0011080882352941177
-0.0024625
0.0008669117647058822
-0.001004779411764706
0.0004459558823529409
0.0031411764705882358
0.00022389705882352965
-0.0002433823529411765
0.0031411764705882353
0.001449632352941177
-0.0018529411764705878
0.0009926470588235295
-0.0004658088235294118
-7.426470588235285e-05
-0.00031691176470588256
-0.0018367647058823528
0.0023084558823529416
-0.0017698529411764707
0.001282720588235294
-0.0016319852941176476
0.0004849264705882355
-0.0006198529411764709
0.0002080882352941181
-0.00017132352941176491
0.0017856617647058826
0.00030551470588235284
0.0008297794117647058
0.001366544117647059
-0.0023812499999999993
-0.0014165441176470586
-0.001747794117647059
0.00013897058823529422
0.0010143382352941176
0.0029018382352941174
0.0014750000000000004
0.0016323529411764709
0.0014544117647058827
-0.00020073529411764675
0.0007540441176470585
-0.0015341911764705886
0.0009610294117647057
-0.0009257352941176474
-0.0015143382352941176
-0.0003036764705882349
0.00010441176470588228
4.41176470588225e-06
-0.0007404411764705884
-0.00016801470588235321
-0.0021974264705882356
0.002885294117647059
0.0019246323529411764
-0.0007959558823529414
0.00011838235294117644
0.00039889705882352954
4.1176470588235196e-05
-0.0017485294117647059
-0.00034669117647058824
0.0013216911764705882
0.0004136029411764704
-0.00026875
-0.0015334558823529413
-0.0023231617647058826
0.0022040441176470584
-0.0010003676470588235
1.691176470588248e-05
0.0006477941176470589
-0.0011036764705882353
-0.0008356617647058822
-0.0004904411764705881
0.0017047794117647063
0.00012647058823529416
-0.0026702205882352943
-0.00022610294117647058
0.00011250000000000027
-0.00019411764705882343
-0.0020669117647058827
0.0003102941176470585
0.0012834558823529411
0.0008926470588235296
0.0005849264705882355
-4.4117647058823465e-05
0.00035882352941176516
0.0017286764705882352
-0.0003786764705882356
-0.002260661764705882
0.0011470588235294118
0.0026452205882352945
0.0014830882352941176
0.001274264705882353
-0.0009551470588235291
-0.0029544117647058825
0.001352941176470588
-0.0005441176470588233
-0.0007529411764705877
0.0004099264705882355
-0.00037095588235294116
0.0005591911764705885
0.0014022058823529408
-0.0014617647058823527
-0.001430882352941176
0.00042389705882352966
0.0022742647058823532
-0.0021224264705882352
-0.002034191176470588
0.0024323529411764706
-0.0010485294117647062
-0.0007849264705882352
0.0020558823529411765
0.0007676470588235297
2.2058823529409336e-06
-0.0001426470588235294
-0.00023492647058823558
-3.529411764705861e-05
0.0015330882352941175
0.0016238970588235296
0.0011797794117647063
0.0015220588235294115
0.000834191176470588
0.0008749999999999999
-0.0004305147058823533
-0.0009830882352941175
-0.0013496323529411766
-0.0015415441176470587
0.0009522058823529412
0.0012485294117647058
-0.0013499999999999999
5.147058823529661e-06
0.0015805147058823527
-0.00047058823529411777
7.794117647058817e-05
2.5735294117647285e-06
-0.000761764705882353
0.0020801470588235295
0.0002900735294117647
0.0002147058823529414
0.00045441176470588265
-0.0013746323529411767
0.0009198529411764709
-0.001736764705882353
0.0004036764705882352
-0.00040624999999999993
-0.0012698529411764707
-0.0009584558823529413
-0.0010860294117647057
-0.00015919117647058805
-0.0013915441176470587
-0.00011654411764705855
0.001647058823529412
0.002071691176470588
-0.0026099264705882353
-0.0007183823529411768
0.001165441176470588
0.000104044117647059
-0.0003584558823529413
0.0015040441176470587
-0.0009007352941176475
0.0013845588235294115
0.00032242647058823527
-7.830882352941141e-05
0.0005113970588235293
-0.00012316176470588205
-0.0006386029411764706
0.0008029411764705885
-9.816176470588206e-05
0.0003676470588235292
-8.602941176470604e-05
-1.5441176470588065e-05
-0.0015268382352941175
-0.0014113970588235292
-0.0002702205882352942
-0.0002499999999999999
-0.000744485294117647
-4.411764705882336e-05
-0.0028599264705882355
0.0015852941176470589
-3.2720588235294186e-05
-0.0011176470588235299
0.00035661764705882334
0.0008025735294117648
0.002463235294117647
-0.0001735294117647061
0.000511397058823529
0.0006062500000000001
0.0007639705882352939
0.0007051470588235293
0.003565441176470588
0.0005514705882352945
0.0029374999999999996
0.0015566176470588236
3.5661764705882096e-05
-0.0003930147058823524
0.00047389705882352947
0.0006374999999999994
-0.0011374999999999998
-0.0006345588235294119
-0.0005790441176470588
0.000982720588235294
0.0007088235294117646
0.0011264705882352943
0.0010194852941176466
-0.0023977941176470583
-0.0020959558823529408
0.000527573529411765
-0.0004224264705882354
0.0011878676470588236
-0.0011764705882352942
0.0015143382352941178
0.001361764705882353
0.0014922794117647065
0.0016444852941176471
0.00048051470588235287
-1.9485294117647362e-05
-0.000977573529411765
0.00021249999999999966
-0.0011496323529411763
-5.2205882352940786e-05
-0.0012191176470588237
-0.0005970588235294119
0.001995955882352941
0.0006654411764705885
0.000971323529411765
-0.0007231617647058825
-0.0014838235294117644
-0.0014319852941176473
-0.0009783088235294113
0.00042941176470588253
-0.00032499999999999993
-0.002167279411764706
0.002652573529411765
-0.0014283088235294119
0.0005867647058823525
0.001561029411764706
-0.00016801470588235286
-0.0012095588235294112
0.0005599264705882352
-0.0014852941176470586
-0.0012591911764705884
0.0012533088235294118
0.0018400735294117649
-0.0002970588235294118
0.0004150735294117647
0.0011459558823529415
-0.0001569852941176471
-0.0006470588235294117
-0.0010275735294117646
0.0003933823529411766
3.60294117647063e-05
0.0013573529411764708
-0.0009738970588235293
0.0002897058823529411
0.0017488970588235295
0.00015661764705882336
0.0008867647058823528
0.0007419117647058824
0.0013661764705882352
0.0003985294117647059
-0.002121691176470588
0.00035624999999999985
-0.0007922794117647057
0.0022580882352941176
0.0001897058823529413
-0.0014827205882352937
-0.0013198529411764712
-0.0020003676470588235
-0.0010746323529411766
0.0012878676470588232
-0.0006242647058823526
0.0004444852941176468
0.0006279411764705881
0.0008029411764705883
-0.0008238970588235292
-0.0002797794117647063
0.00034411764705882336
0.0010485294117647064
0.000731985294117647
-0.0015529411764705883
1.3235294117647335e-05
9.558823529411727e-05
0.001401470588235294
0.00013161764705882343
0.0006926470588235291
-0.0020761029411764703
0.0007470588235294118
0.0008360294117647058
-0.0004095588235294124
-0.0004856617647058826
8.124999999999993e-05
0.00063125
0.00018272058823529398
0.0016205882352941176
0.001757720588235294
-0.0010330882352941175
0.0015275735294117646
0.0017518382352941179
0.00061875
0.00011544117647058802
5.6617647058823416e-05
-0.0010514705882352943
-0.0005158088235294119
-0.001949264705882353
0.000964338235294118
-0.003281617647058824
-0.0007698529411764706
0.0015849264705882354
0.0009783088235294118
-0.0009591911764705885
-0.0016202205882352941
-0.0002308823529411766
0.0005794117647058827
0.00156875
0.001227205882352941
0.0003139705882352938
-0.0018801470588235298
0.00016397058823529407
0.0005819852941176475
0.001502205882352941
0.0007132352941176471
-0.0018150735294117644
-0.00046470588235294114
1.8749999999999924e-05
-0.0003224264705882349
0.00030551470588235317
-0.0014981617647058822
0.00023382352941176467
0.001221323529411765
0.0027091911764705883
0.0005231617647058827
0.0009749999999999997
2.6470588235294366e-05
0.002287132352941176
0.001090441176470588
-0.0013698529411764705
0.0014360294117647058
0.0006040441176470588
-0.0011088235294117647
-0.0004011029411764706
-0.0010996323529411762
0.00023051470588235275
-0.00030183823529411776
0.00018529411764705924
-0.0005680147058823529
-0.0003183823529411765
-0.003227941176470588
0.0006691176470588232
-0.0001812500000000001
0.00016654411764705854
0.0005058823529411769
0.00043786764705882334
0.0010444852941176473
0.0001915441176470589
-0.0012996323529411765
-0.0006058823529411767
-0.0005911764705882354
-0.0007485294117647058
-3.6764705882351445e-07
0.0005290441176470588
-0.002255882352941176
0.001588970588235294
-0.0008231617647058822
0.0025838235294117643
0.0014680147058823525
-0.0021150735294117647
7.463235294117634e-05
0.0017150735294117643
-0.000179779411764706
0.00045551470588235297
-0.001983088235294118
0.00040882352941176475
-0.0010091911764705886
0.0013272058823529415
-0.0004128676470588234
7.499999999999995e-05
0.00028786764705882327
0.0022330882352941173
0.00018345588235294118
-0.0003033088235294116
-0.0007856617647058821
0.0010985294117647057
0.0010830882352941178
-0.0009893382352941177
-0.0016422794117647058
-0.00023786764705882387
0.001010661764705882
0.0002819852941176468
0.00027426470588235303
-0.0004694852941176475
0.0033448529411764702
-0.0019249999999999998
-0.002040441176470588
0.0017676470588235294
-0.00027794117647058844
0.0005952205882352942
-0.0004761029411764706
-0.0003231617647058819
0.0006014705882352942
-7.647058823529385e-05
0.0010922794117647057
-0.001511764705882353
0.0012216911764705884
0.0021772058823529413
-0.0016404411764705884
-0.0012139705882352938
0.00047169117647058835
-0.0019102941176470595
-0.0007481617647058823
0.0011849264705882348
-0.0009911764705882356
0.0010312499999999998
0.0008511029411764704
0.002744117647058824
0.00030367647058823533
-0.00144375
1.874999999999977e-05
-0.0033158088235294117
-6.28676470588236e-05
-0.001021691176470588
-0.0012683823529411767
-0.000995955882352941
0.0013580882352941179
0.00013676470588235256
0.00016213235294117677
0.0006246323529411764
-0.0011996323529411767
-0.0006132352941176473
0.0019279411764705882
0.0018062500000000001
9.742647058823487e-05
-0.0024985294117647063
-0.0016080882352941177
-0.0010886029411764705
-0.000375735294117647
1.654411764705884e-05
-0.0029702205882352942
-0.0013095588235294117
0.0009926470588235295
-0.0018488970588235291
-0.00013529411764705887
-0.0011242647058823533
-0.0006617647058823529
-0.0008529411764705881
-0.0010566176470588236
-0.0005492647058823529
0.0007452205882352939
0.0003110294117647056
0.0011117647058823531
-0.002565808823529412
-0.0008183823529411766
0.0016066176470588237
0.00046066176470588234
0.003259191176470588
-0.00030220588235294136
-0.0019305147058823525
-0.0006227941176470591
-0.00042536764705882374
0.0008058823529411763
0.0018433823529411762
0.0013735294117647057
0.0006172794117647061
-0.0025132352941176473
-0.0003577205882352939
-2.647058823529406e-05
-0.0030889705882352937
0.0031625000000000004
-7.426470588235293e-05
0.0016375
-0.0009863970588235291
0.0012363970588235294
0.00023455882352941174
-0.0012562499999999998
-0.0006768382352941172
0.0006272058823529411
-0.0015610294117647057
0.0014121323529411765
0.0007367647058823527
0.0008930147058823528
-0.0013235294117647056
-0.0014863970588235296
0.0007132352941176472
0.0015334558823529413
-0.00023014705882352926
0.0002393382352941178
0.0006874999999999997
-0.001708088235294118
-0.00023860294117647042
-0.0006125000000000001
-0.0023643382352941176
0.0004955882352941176
-0.0014919117647058822
0.0004764705882352941
0.0008558823529411765
0.00011250000000000016
0.0009441176470588235
-0.0006871323529411767
-0.0006150735294117647
-0.0018488970588235296
0.0005933823529411763
0.0014301470588235295
0.0015014705882352942
0.0005812500000000002
0.00031580882352941165
-0.00197610294117647
0.0014911764705882351
0.002425735294117647
-0.0003235294117647056
-0.0019812500000000004
-0.00012573529411764693
-0.0009080882352941177
-0.001085661764705882
-0.002776102941176471
0.0016143382352941178
-2.2058823529411377e-06
0.0015838235294117645
-0.0012584558823529417
-0.000592647058823529
-0.0004830882352941173
-0.0017845588235294117
-3.566176470588241e-05
0.000995955882352941
-0.000927573529411765
0.0008816176470588232
-0.001409558823529412
0.0005073529411764705
-0.0008430147058823531
-0.00033566176470588245
-0.0009871323529411764
-0.0003033088235294115
0.00010992647058823513
-0.0020110294117647058
-0.0005088235294117647
-0.0027474264705882358
0.0017580882352941174
0.0008823529411764707
0.0009860294117647063
0.001473897058823529
-0.0015536764705882352
0.0004911764705882353
-0.00030330882352941216
0.0009448529411764706
-0.0006838235294117649
0.0009224264705882358
1.1029411764706198e-05
0.0005654411764705881
0.0004720588235294119
-0.00011874999999999999
0.00031617647058823514
0.0008669117647058824
0.0016893382352941176
-0.0004724264705882353
0.0017338235294117649
-0.001109558823529412
0.00039632352941176494
0.0013492647058823528
0.0028639705882352938
-0.00020220588235294115
0.0005283088235294117
-0.0005786764705882357
0.0006477941176470588
0.0004305147058823528
0.0014176470588235296
-0.00140735294117647
-0.0007713235294117646
0.00041617647058823557
0.001705514705882353
-0.0006411764705882351
-0.002058823529411765
0.00042683823529411695
0.002553676470588235
-0.0022797794117647057
0.001385294117647059
0.0008503676470588238
-0.00010294117647058809
0.00038566176470588274
-0.0010496323529411763
0.0006029411764705885
-0.003291911764705882
0.0005386029411764709
-0.0008801470588235297
-0.00043786764705882356
-0.00023970588235294106
-0.000902941176470588
-0.000739705882352941
-0.0003272058823529414
0.0010621323529411762
-5.882352941176465e-05
-0.0004988970588235296
5.110294117647047e-05
0.0027738970588235294
0.0011272058823529416
-0.0009018382352941174
4.9264705882353127e-05
0.0016066176470588228
0.0005419117647058828
-0.0017511029411764708
0.0004838235294117647
-0.0031360294117647063
9.558823529411732e-06
-0.000529411764705882
0.0013558823529411766
-0.0003268382352941175
0.0010058823529411765
-0.0009786764705882354
-0.0004091911764705883
-2.720588235294109e-05
0.0007397058823529409
-0.0013132352941176474
-0.00018566176470588222
-0.000751102941176471
-0.0006547794117647057
0.0033176470588235293
-0.0004786764705882354
-0.000361029411764706
0.00029632352941176473
-0.00033823529411764716
0.0004253676470588236
0.003745588235294118
-0.0012047794117647057
-0.0012518382352941176
-0.0012025735294117646
-0.0003470588235294121
0.0016124999999999998
-2.2794117647058866e-05
-0.0011794117647058826
-0.00029852941176470584
0.0012944852941176473
0.00015257352941176468
0.0004790441176470592
0.001998529411764706
0.0007639705882352942
0.0018257352941176471
-0.0005066176470588232
0.0022301470588235294
0.0013823529411764706
-0.00012279411764705897
-0.0016856617647058821
0.000304044117647059
0.0013702205882352941
1.1397058823529687e-05
0.0024761029411764705
-0.0012323529411764707
4.375000000000008e-05
4.558823529411814e-05
0.0012018382352941177
-0.0006650735294117649
-0.0008797794117647061
0.00023345588235294107
0.00018088235294117669
-0.0010716911764705882
0.0004617647058823531
-0.001011764705882353
-0.0003875000000000001
-0.002731985294117647
0.0006183823529411765
0.0021011029411764706
-0.0013665441176470587
-0.0022602941176470583
-0.0009617647058823532
-0.0028058823529411767
0.0014749999999999997
-0.0011621323529411765
0.0008279411764705885
0.002263235294117647
-0.00016102941176470594
-0.0007591911764705881
-0.0013801470588235294
0.0004900735294117644
-0.002621323529411765
-0.0006132352941176469
0.0017033088235294121
-0.0014279411764705884
0.0013463235294117648
-3.529411764705861e-05
-0.0006470588235294117
0.0010198529411764704
0.0009647058823529411
-0.0009231617647058823
0.00019595588235294162
0.00014375
0.00010294117647058823
-0.0010080882352941176
-0.0018669117647058826
-0.00029485294117647027
0.0011268382352941175
0.001493014705882353
1.911764705882316e-05
0.00070735294117647
-8.051470588235265e-05
-0.0001415441176470589
0.0014566176470588235
0.0005389705882352942
-0.0015555147058823528
-0.0007477941176470588
-0.0004224264705882354
-0.002026838235294117
0.00019669117647058842
0.0017352941176470586
0.00012205882352941205
-0.0008915441176470587
-0.0010187500000000001
-0.0002625
0.0027845588235294117
-0.0022338235294117647
-0.001043382352941177
-0.00021323529411764705
-0.001306985294117647
0.0009286764705882353
-0.0031547794117647056
-0.0011088235294117645
6.727941176470572e-05
-0.00032647058823529417
4.007352941176468e-05
-0.00017058823529411763
0.0002694852941176471
0.001065441176470588
-0.0002165441176470586
0.0009202205882352942
-0.0012779411764705882
-0.0008253676470588238
-0.0005536764705882352
-0.0005154411764705883
0.0002882352941176476
0.0004996323529411761
0.000368014705882353
0.00012647058823529416
-0.0005411764705882356
0.0021724264705882354
-0.0014011029411764705
-0.001559191176470588
0.0016812500000000005
-0.002085661764705882
-0.0018849264705882351
0.0009893382352941177
0.00019742647058823519
-0.001265441176470588
0.000843014705882353
-0.0010356617647058824
0.0004180147058823531
0.0004727941176470589
2.6102941176470467e-05
0.00029816176470588257
-0.0008606617647058821
0.001182720588235294
-0.000558455882352941
0.0009889705882352945
-0.0003312499999999996
0.0013375
2.0588235294117625e-05
-0.00028235294117647094
-0.00034852941176470587
0.0003073529411764699
0.0030941176470588236
-0.0018650735294117643
0.0011433823529411764
0.0008698529411764705
0.0012117647058823527
-0.0015628676470588237
0.0013889705882352942
0.0011238970588235298
0.001338235294117647
0.0014977941176470588
0.0012191176470588237
-0.00031360294117647054
0.0007955882352941176
-0.0028731617647058828
-0.0001044117647058827
0.0015977941176470592
-0.0002459558823529413
-0.0007121323529411769
-0.0026860294117647056
0.0014330882352941176
-6.948529411764703e-05
-0.0006838235294117649
0.0011018382352941175
-0.0010775735294117647
-0.0019363970588235292
-0.0007573529411764704
0.0008544117647058825
0.000938235294117647
0.0005628676470588236
0.0006003676470588235
0.0012235294117647058
-0.0007544117647058819
-0.0003477941176470591
0.00037426470588235275
-0.0002772058823529413
0.0010904411764705885
0.00029705882352941193
6.360294117647032e-05
0.0002845588235294116
0.0009911764705882356
0.0003558823529411761
-4.5588235294117115e-05
-0.00047169117647058835
-0.0003492647058823532
-4.9999999999999596e-05
-0.0001250000000000004
0.0017000000000000006
0.0003437500000000003
0.00036249999999999976
-0.0008352941176470586
-0.00243125
-0.000793014705882353
-0.001276838235294118
-0.0007433823529411762
-0.0001805147058823529
-0.0003404411764705884
-0.0018117647058823532
0.0013147058823529411
-0.00019448529411764681
-0.0008775735294117648
0.0014753676470588238
-0.0005466911764705883
-0.002128676470588236
-0.00256875
-0.001606985294117647
0.00034191176470588247
8.93382352941174e-05
-0.0008106617647058823
-0.0018599264705882353
3.566176470588243e-05
0.0003250000000000003
0.001520220588235294
9.485294117647075e-05
0.0010330882352941175
0.0010977941176470592
0.0003430147058823532
-0.00034926470588235296
0.0003816176470588234
-0.001711029411764706
-0.0010161764705882352
0.0006411764705882356
-0.001033455882352941
-3.7867647058824105e-05
-0.0018283088235294125
-0.0007367647058823528
0.0008746323529411766
0.0025470588235294122
-0.0006959558823529409
0.0020893382352941176
0.002483823529411765
0.0006290441176470591
-0.000838235294117647
0.002609558823529412
-0.0010308823529411764
6.727941176470602e-05
-0.0021959558823529414
0.0007522058823529414
0.0003606617647058827
-2.7205882352940937e-05
0.0017246323529411767
-2.9779411764705663e-05
-0.0009455882352941176
2.0588235294117537e-05
0.0010613970588235298
-0.0006764705882352941
-0.0017330882352941171
-0.0015735294117647058
-3.713235294117667e-05
0.0017422794117647057
-0.0007191176470588234
2.7941176470588118e-05
-0.0030812500000000002
-0.0008522058823529412
6.911764705882336e-05
-0.00023051470588235286
-0.00054375
-0.0002713235294117648
0.0002220588235294117
-0.0002602941176470589
0.001190808823529412
-0.00011139705882352933
0.0006363970588235295
0.002128676470588235
0.0003294117647058826
0.00193125
0.0007411764705882351
0.0004330882352941176
6.838235294117688e-05
-0.0006474264705882355
0.0009279411764705887
-0.0011191176470588238
-0.0009525735294117649
-0.0022852941176470585
-0.002345588235294117
0.0009430147058823529
-0.0005088235294117648
0.0019205882352941175
-0.001038602941176471
0.000213970588235294
-0.0013665441176470587
7.13235294117647e-05
-0.00013933823529411744
-1.8014705882352997e-05
-0.00019963235294117622
0.0015253676470588238
0.0011897058823529412
0.0018643382352941176
-0.0008073529411764707
-0.0013897058823529413
-0.0008819852941176472
0.002087867647058823
-9.99999999999998e-05
0.0026871323529411768
0.001606985294117647
9.191176470588141e-06
-0.00040367647058823543
-0.0013452205882352939
4.8529411764705844e-05
0.0010051470588235292
-0.00105
0.0019143382352941173
-0.0011047794117647063
-0.0022941176470588232
0.0013518382352941177
-0.0005411764705882352
-0.0008963235294117647
-0.0002606617647058823
0.0014904411764705883
0.0010275735294117646
-0.0006290441176470589
-0.002011029411764706
0.0016477941176470587
0.0019628676470588237
0.002599632352941176
-0.00039154411764705856
-0.0010926470588235296
-0.0008400735294117646
0.00031213235294117624
0.0011764705882352944
0.0013069852941176472
-0.0006933823529411758
-0.0019540441176470586
0.0033268382352941175
-0.0020235294117647053
0.000643014705882353
-0.00044926470588235284
-0.000951838235294118
0.00021911764705882347
0.0018305147058823525
0.0015161764705882356
0.000808455882352941
-0.0016121323529411766
0.0005753676470588234
-0.0021525735294117645
0.0010044117647058824
-0.001311029411764706
-0.00041911764705882307
-0.001207720588235294
0.00041838235294117647
0.0019514705882352939
0.0009246323529411763
-9.191176470588141e-06
-0.001015073529411765
0.0014533088235294121
0.0011150735294117647
3.272058823529434e-05
-0.0005529411764705882
0.001392279411764706
-0.00023823529411764696
0.0003867647058823529
0.000843014705882353
-0.0015514705882352943
-0.0017551470588235295
0.0017128676470588235
0.0014794117647058819
-0.0007205882352941174
-0.000445220588235294
0.002745955882352941
0.0007555147058823531
0.001061029411764706
0.0016220588235294122
-0.0009194852941176471
8.455882352940908e-06
-0.000960294117647059
-0.00045036764705882326
0.0015058823529411763
3.23529411764705e-05
0.0013779411764705883
-0.00010330882352941202
-0.00039375
-8.419117647058856e-05
0.0015492647058823533
0.0016981617647058823
0.0011867647058823529
0.000751470588235294
0.00041286764705882354
0.0003882352941176471
-0.0007352941176470588
0.0019981617647058824
0.00035661764705882323
-0.0002687500000000002
0.0001860294117647056
0.001864338235294118
0.000133088235294118
0.00014999999999999974
-0.00032499999999999993
0.0013367647058823528
0.001025367647058824
0.0009249999999999999
-0.0008246323529411766
-0.0007786764705882349
0.002128308823529411
0.002386764705882353
-0.00014889705882352924
0.0007007352941176472
0.0023492647058823528
-0.002180882352941176
0.0021650735294117644
0.0010044117647058826
-0.0006334558823529408
0.0006419117647058823
-0.00013529411764705873
-0.0006018382352941175
0.00020367647058823526
-0.0006812500000000001
-3.4558823529411735e-05
0.002026102941176471
-0.0019261029411764708
-0.002700735294117647
-0.001065808823529412
-0.00027169117647058853
-0.0019136029411764705
-0.0005397058823529408
-2.867647058823568e-05
-0.00043897058823529403
0.0013816176470588235
0.0021433823529411764
0.0020393382352941174
-0.0006742647058823529
-0.0005841911764705883
0.0009702205882352937
0.0005783088235294119
-0.0010352941176470592
-0.00034117647058823526
-0.0009408088235294118
-0.0008904411764705882
0.00030551470588235317
-0.0016349264705882351
-8.750000000000016e-05
-0.0005812499999999998
-0.0009569852941176467
0.0016834558823529415
-0.0021698529411764704
0.0007702205882352941
3.713235294117667e-05
0.0004893382352941176
-0.0015742647058823527
0.0005044117647058827
-0.0001187499999999999
0.000128676470588235
0.0017533088235294118
-0.0013272058823529413
-0.0002183823529411763
-0.0006330882352941173
-0.0007705882352941176
0.0003091911764705881
-0.0012216911764705882
-0.0011694852941176467
0.001410661764705882
0.0013235294117647058
-0.00045992647058823525
-0.0028198529411764713
0.0006231617647058827
-0.0010871323529411758
0.0009676470588235296
-0.0015654411764705878
0.0011341911764705882
0.0008044117647058824
0.0021441176470588233
-0.001032720588235294
0.0008132352941176471
0.0008584558823529411
0.0004102941176470586
0.0006628676470588233
0.0019580882352941177
0.0001790441176470587
-0.001296323529411765
2.6470588235294264e-05
-0.0005599264705882355
0.0014422794117647058
-0.0027121323529411766
0.0014125000000000001
-0.0018176470588235295
-0.000256985294117647
-0.00046727941176470563
0.00020367647058823542
-0.0006547794117647057
-0.002110661764705882
0.0010202205882352943
0.0019503676470588233
-0.00017720588235294114
-0.0011768382352941172
0.0010911764705882352
0.0015709558823529413
-0.00022022058823529365
4.963235294117672e-05
-0.0023900735294117644
-0.0018125
-0.000709558823529412
0.00025808823529411743
-0.002103308823529412
-0.0031136029411764706
-0.0006566176470588235
0.00028933823529411794
-0.001585661764705882
-0.0006113970588235297
0.0018838235294117646
0.0001301470588235294
-0.001132352941176471
-0.002516176470588235
-0.00017205882352941174
-0.0012066176470588237
0.0005400735294117649
0.0010374999999999996
0.000343014705882353
0.0016547794117647058
0.0035933823529411763
0.00013088235294117655
0.0010691176470588233
-0.0013485294117647059
-0.0009977941176470592
0.0019988970588235293
-0.0021544117647058826
0.00020330882352941203
0.0007268382352941178
-3.125000000000023e-05
-0.00036838235294117655
0.0006338235294117649
-0.0020790441176470587
0.0018816176470588235
0.001097794117647059
0.00020551470588235296
-0.0010286764705882351
-0.00045588235294117657
0.0006136029411764705
0.002045955882352941
-5.5882352941176235e-05
-0.0002613970588235293
0.0011643382352941175
0.00040257352941176495
-0.0015356617647058822
0.0009536764705882351
0.00015367647058823572
0.0004051470588235293
-0.0010327205882352938
0.0003786764705882354
-0.00023750000000000027
0.0007999999999999996
0.002166176470588235
0.0007308823529411763
-0.0011613970588235292
-0.0014084558823529412
0.0004187500000000002
0.0003683823529411763
-0.0006338235294117648
0.002215441176470588
-0.0011852941176470587
-0.0018573529411764701
-0.0015128676470588238
0.00028602941176470565
-0.00032463235294117666
0.0010224264705882354
-0.000922794117647059
-0.000901838235294118
0.0007691176470588233
0.0
0.0007338235294117647
-0.00044264705882352944
0.0010452205882352942
0.0009584558823529409
-0.0010323529411764708
-0.0011110294117647062
-0.0017665441176470586
-0.0002430147058823531
-0.0020183823529411767
0.0023878676470588233
-0.0008529411764705885
-0.0006511029411764703
0.0021544117647058817
0.0006080882352941174
-0.0012470588235294119
-0.0017047794117647057
0.00042389705882353
-4.669117647058799e-05
-0.0011397058823529413
-0.0015389705882352942
0.000495220588235294
0.000972058823529412
0.0004926470588235296
0.000934191176470588
-0.002187867647058823
9.889705882352923e-05
-0.00010514705882352967
0.003430882352941177
0.00014669117647058831
-0.0003363970588235294
0.000136029411764706
-0.00026360294117647046
-0.0012636029411764703
-0.0006661764705882354
-0.0007224264705882351
0.0009338235294117647
0.00038676470588235273
-0.0014977941176470588
0.0010183823529411763
-0.001908823529411765
-0.0005025735294117646
-0.0017029411764705883
-0.0007415441176470589
-0.0017268382352941174
-0.002073161764705883
0.00018308823529411775
0.00021213235294117633
-0.0006000000000000002
-0.001569485294117647
0.0027937500000000002
0.0019691176470588243
-0.0006132352941176471
0.0010386029411764705
-0.001563602941176471
-0.0008665441176470586
0.0005308823529411765
-0.00029595588235294124
-0.0011558823529411765
0.0014658088235294116
6.176470588235292e-05
-0.0002290441176470586
5.22058823529416e-05
0.0010169117647058825
0.0009187500000000002
-0.0011286764705882352
-0.0010198529411764704
0.0007797794117647061
0.002036029411764706
0.001356985294117647
-7.757352941176466e-05
0.0004558823529411767
0.0019290441176470585
0.0007514705882352942
0.0006680147058823534
-0.00038529411764705887
0.0025930147058823533
0.0006827205882352943
0.002131617647058823
0.0014981617647058822
-0.0003992647058823528
0.0011150735294117643
-0.00030992647058823524
-0.0006128676470588236
0.001041176470588235
0.0010834558823529412
0.0009900735294117637
-0.0016404411764705884
-0.0004272058823529416
-0.0017886029411764703
6.9852941176469015e-06
0.0005183823529411764
-0.0006411764705882346
0.0014275735294117648
0.0005790441176470589
6.43382352941178e-05
0.0001147058823529412
-0.0004441176470588237
-0.0007779411764705885
0.000373529411764706
-0.0017691176470588236
0.0017937499999999998
0.0008705882352941179
0.000871691176470588
0.0006279411764705883
0.0004551470588235293
0.0010952205882352939
-0.00044485294117647077
-0.00043860294117647065
-0.0012356617647058823
-0.0015044117647058822
0.0008360294117647065
0.0012783088235294117
0.002022794117647059
-0.000777573529411765
-0.00036176470588235353
0.0005731617647058825
0.0006661764705882351
-0.0008110294117647061
0.0011753676470588237
-0.0011514705882352942
-0.0008970588235294115
0.0021720588235294123
-0.003163970588235294
0.0016316176470588233
-0.0006639705882352941
-0.002068014705882353
0.00035625000000000034
-0.0016106617647058826
-0.0017235294117647058
0.0006290441176470584
0.001094117647058823
0.00011029411764705861
-0.0008933823529411767
-0.0016147058823529413
1.617647058823494e-05
-0.0006738970588235299
-0.0013852941176470586
-0.00015036764705882375
0.0004845588235294119
0.002487132352941176
-0.0011227941176470589
-0.002222058823529412
-0.000280514705882353
0.00041727941176470594
-0.0002356617647058821
-0.0011419117647058826
-0.00036654411764705866
0.002522058823529412
0.0006805147058823527
0.0017672794117647064
-0.0004558823529411764
0.0011705882352941175
-0.002027573529411765
0.001989338235294118
0.0003477941176470588
0.0022444852941176474
-0.0026959558823529406
0.0007283088235294113
-0.00018382352941176476
-0.00018014705882352913
0.0017536764705882355
-0.0003437500000000004
-0.0007419117647058824
0.000779779411764706
6.24999999999972e-06
0.0010544117647058823
0.000991544117647059
0.0020055147058823533
-0.0019018382352941172
0.0002551470588235294
-0.0011988970588235294
0.0020323529411764704
-0.0031158088235294116
-0.00036433823529411744
0.0017963235294117647
-0.0006911764705882355
0.0007139705882352942
-0.001122794117647059
0.0006250000000000002
0.0018183823529411766
-0.0020966911764705876
0.0007411764705882351
0.001002573529411765
0.002691176470588235
-0.0006040441176470597
0.0009305147058823527
0.00015551470588235302
0.0005680147058823528
0.0015073529411764707
-0.00010367647058823571
-0.0011988970588235294
-0.0009856617647058827
-0.00035882352941176446
0.0005411764705882347
-0.00012095588235294117
0.0009040441176470587
0.0024816176470588243
-0.0005205882352941174
-0.0008790441176470587
-0.0017878676470588235
-0.0002547794117647057
-0.0009275735294117644
-0.0008312499999999996
0.0012790441176470588
-0.0009066176470588237
-0.0007437499999999999
-0.0012893382352941179
0.0005761029411764705
-0.0026375
-0.0011544117647058823
0.0002477941176470591
-0.0015808823529411765
0.0001455882352941179
0.0017393382352941175
0.0003297794117647063
0.0008029411764705883
0.0006415441176470587
0.0015643382352941177
-0.0009338235294117647
0.00023014705882352962
-0.0003838235294117642
-0.0008977941176470586
-0.0009952205882352938
-0.00015441176470588254
0.0003672794117647055
0.0036058823529411766
0.0015558823529411765
0.0007533088235294115
-0.00022279411764705836
4.558823529411788e-05
-0.00016801470588235275
0.002780514705882353
-0.00023051470588235316
-0.0002856617647058823
0.0005562500000000001
-0.0018944852941176473
-0.0002775735294117646
0.0011047794117647058
0.001516544117647059
0.0012272058823529412
-0.0007143382352941173
0.0002941176470588234
0.0018525735294117648
0.0003753676470588238
0.0008213235294117647
-0.001357352941176471
-0.0017393382352941177
0.0002220588235294116
1.0661764705882098e-05
-0.0029356617647058824
0.0008106617647058826
0.002631985294117647
-0.0002941176470588236
0.0004996323529411764
-0.0007312500000000003
-0.0011636029411764707
-0.0028018382352941176
0.0004941176470588234
-0.0003661764705882354
-0.0004867647058823528
-0.0005963235294117647
0.0007783088235294119
-0.00016102941176470592
0.00045294117647058814
0.0017827205882352942
0.0001922794117647059
0.0020448529411764703
-0.0006470588235294115
0.001292279411764706
-0.0013750000000000004
-0.0006937499999999997
0.0006937499999999999
-0.0005474264705882358
-0.0021389705882352943
-2.794117647058832e-05
0.002256985294117647
0.0013974264705882348
-0.0011533088235294118
0.0030066176470588237
-0.0016459558823529415
-0.002139338235294118
0.0004448529411764704
-0.001200735294117647
0.00034080882352941193
0.0015724264705882355
-0.002325367647058823
0.0021569852941176475
0.0008834558823529415
0.0010963235294117648
-0.0007209558823529414
-0.0008812500000000001
0.0014106617647058827
-0.0004231617647058825
0.002066176470588235
-0.0005455882352941177
0.0024257352941176474
0.0010794117647058826
0.001811764705882353
-0.002100367647058824
0.00012941176470588259
-0.0013996323529411765
-0.00048272058823529404
0.0011808823529411768
8.419117647058835e-05
0.000154044117647059
0.001226470588235294
-0.0010981617647058824
-0.0009158088235294115
0.0009985294117647054
0.001728676470588235
0.0001275735294117648
0.0012514705882352938
-0.0008437500000000001
0.0012544117647058824
0.00040624999999999993
-7.647058823529468e-05
0.00019816176470588236
0.001663970588235294
-0.0008367647058823528
0.0014345588235294118
0.000813970588235294
-0.00028124999999999987
0.0006459558823529413
0.0008132352941176471
0.002282720588235294
-0.0018992647058823527
-0.0014095588235294113
-0.0016977941176470593
-0.0004908088235294116
-0.000698161764705882
-0.00011948529411764736
-0.0010786764705882352
0.0012823529411764708
0.0009058823529411767
0.0007316176470588234
-0.00018676470588235259
0.0032845588235294117
-0.0021852941176470587
-4.779411764705871e-05
-0.0008948529411764703
-0.0006970588235294117
-0.0002816176470588233
0.0020264705882352945
0.002044485294117647
0.00014742647058823533
-0.0028305147058823527
0.0024492647058823526
0.00050625
0.001723161764705882
-0.0006669117647058821
0.00022794117647058834
0.0009047794117647061
0.001940073529411765
-0.000274264705882353
-0.0012485294117647063
-0.001525735294117647
0.00044889705882352924
-0.0020610294117647055
0.0001988970588235296
0.0012455882352941177
-0.00021727941176470563
0.0014386029411764705
0.0010198529411764704
-0.0005408088235294114
-0.0009169117647058822
-0.0003044117647058822
-0.0006628676470588238
5.330882352941171e-05
0.000727573529411765
0.001573897058823529
0.0001246323529411762
-0.0007547794117647058
0.001702205882352941
-0.00010367647058823536
-0.0005988970588235295
0.0017238970588235292
-0.0019749999999999998
0.0002080882352941179
-7.022058823529427e-05
-0.000810294117647059
-0.0005198529411764704
0.0002908088235294116
0.0010926470588235296
-0.0013003676470588234
0.0009588235294117648
0.0012511029411764706
-0.000386764705882353
0.0005996323529411765
-0.00013860294117647054
-0.00011764705882352951
0.0012683823529411765
0.002793382352941177
0.0004352941176470589
0.00018933823529411793
-0.0031566176470588228
0.0010488970588235294
0.000917279411764706
-0.0011275735294117646
-0.0009363970588235293
0.00020110294117647027
-0.0006459558823529412
-0.0009595588235294116
0.0012224264705882352
1.0661764705882467e-05
0.000940808823529412
-0.0011963235294117646
0.00155
-0.002104779411764706
-0.002815073529411765
0.0013610294117647058
0.0012169117647058822
-0.0007669117647058824
-0.00016764705882352942
-0.0004610294117647056
-0.0015731617647058828
0.002238970588235294
0.0004753676470588236
-0.0016930147058823529
-0.0015577205882352943
0.0016264705882352941
0.0004727941176470591
0.0005522058823529411
-0.001030147058823529
-0.0015753676470588232
-8.235294117647039e-05
0.0007735294117647062
-0.0009110294117647064
0.00022941176470588228
0.0024735294117647056
-0.001663970588235294
-0.0019908088235294115
0.0007746323529411764
-0.00034117647058823505
0.0008930147058823528
0.001031985294117647
-0.0002672794117647057
2.1323529411764602e-05
0.0015029411764705884
0.002599264705882353
-0.0031455882352941183
0.0008128676470588236
0.0009180147058823534
0.0003264705882352947
0.00044816176470588264
0.0005058823529411764
-0.001697058823529412
0.00030220588235294076
-0.0001463235294117645
-6.764705882352931e-05
0.00011397058823529417
-0.0008400735294117654
-0.00042757352941176485
0.00042536764705882363
-0.0005433823529411767
-0.0015257352941176468
-0.00016139705882352897
-0.0013738970588235296
0.001476470588235294
-0.0012606617647058828
-9.411764705882326e-05
0.0008518382352941177
0.00021213235294117622
0.00014705882352941175
0.0017242647058823527
0.002650735294117647
-0.0003933823529411764
0.00035036764705882365
3.860294117647052e-05
0.002566911764705882
-0.0020911764705882348
-0.001278308823529412
-0.00018823529411764674
1.4705882352942617e-06
5.51470588235264e-06
-0.0014125000000000001
-0.0015786764705882357
0.0002253676470588235
-0.002457352941176471
0.0015106617647058821
-0.0008805147058823532
0.0018709558823529412
-0.0004154411764705884
-0.0013080882352941177
0.0015459558823529408
-0.000520955882352941
0.0016253676470588238
-0.0004764705882352941
0.0005305147058823533
0.00014374999999999973
0.0006397058823529409
0.0005845588235294118
-0.0010580882352941177
0.0005941176470588235
0.0002970588235294117
-0.0013238970588235293
0.001902573529411765
-0.0011198529411764705
0.0018779411764705879
0.0006246323529411768
0.0009654411764705882
0.00099375
-0.0005584558823529407
-0.00045441176470588244
0.001954779411764706
0.000825735294117647
0.0027860294117647054
-0.0007077205882352945
0.0003654411764705884
0.0006742647058823528
0.0003558823529411766
0.0001073529411764702
0.0017066176470588229
0.0016180147058823527
-0.00018639705882352923
-0.00031764705882352965
-0.00108235294117647
0.002091911764705882
-0.0021080882352941172
-0.0002444852941176471
-0.00033602941176470594
0.0016893382352941178
-0.0023735294117647058
-0.0027297794117647056
-0.000581985294117647
-0.000304044117647059
-0.0006897058823529411
-6.066176470588269e-05
0.0005841911764705882
-0.0008216911764705885
0.00054375
0.001403676470588235
-0.0003518382352941179
0.0011253676470588236
-0.0012246323529411767
0.0005125
0.003247058823529412
-0.0005073529411764704
-0.0011698529411764704
0.0014558823529411766
0.001139338235294118
-0.0027367647058823526
0.0017132352941176474
-0.0007959558823529414
-0.0020529411764705872
-0.004015441176470589
-0.00050625
-0.00026250000000000025
-0.0007334558823529411
0.003190808823529412
0.0018033088235294118
0.0007250000000000001
-0.00045330882352941185
-0.00145625
0.0005301470588235294
-0.0024643382352941175
-0.0037875
-0.0006974264705882358
0.0005683823529411767
1.617647058823525e-05
-0.0011375000000000005
0.0003294117647058825
5.147058823529432e-06
0.0015963235294117648
-0.0004511029411764707
0.00013823529411764705
0.00038088235294117615
0.0004944852941176472
0.0005227941176470589
-0.0005654411764705884
0.0016036764705882355
-0.0013246323529411764
-0.002821323529411764
-0.0015816176470588232
-0.0020720588235294117
-0.0005165441176470588
0.000815808823529412
6.470588235294109e-05
0.0021492647058823527
-0.0016172794117647058
0.001963235294117647
-0.002139338235294118
0.0002911764705882352
-0.00047169117647058873
-0.0012165441176470587
0.0008992647058823531
-0.0013411764705882354
8.272058823529399e-05
-0.0010786764705882352
0.0007904411764705884
-0.0019691176470588235
-0.0006922794117647056
-0.0007058823529411765
-0.001288235294117647
0.0017841911764705884
0.0003466911764705884
0.0008143382352941178
0.0008220588235294115
-0.0010408088235294118
-0.00032830882352941174
-0.00016249999999999967
-0.0007066176470588235
-9.963235294117642e-05
0.0015477941176470587
0.0017761029411764704
-0.0002308823529411763
0.0017525735294117643
0.002812132352941176
0.00023860294117647053
-0.00013124999999999983
0.0006113970588235299
-0.0010176470588235292
0.0022386029411764707
0.0004893382352941176
-0.0015025735294117647
8.749999999999985e-05
0.0007305147058823529
-0.0012772058823529412
0.0017845588235294119
-0.0022533088235294116
-0.002294117647058824
0.0009165441176470591
-0.0008
0.0007386029411764704
-0.000819485294117647
0.0015632352941176467
-0.0007580882352941178
0.0004727941176470588
0.0016150735294117643
-0.002467279411764706
0.0008187499999999998
0.0012875
-0.0006003676470588237
0.0014841911764705887
0.0012113970588235295
-0.0016316176470588233
-0.0012764705882352945
-0.0002441176470588237
-0.0013363970588235292
0.0009529411764705882
6.397058823529386e-05
0.0012275735294117651
0.0004974264705882354
0.00029963235294117654
-0.0008136029411764707
0.0015194852941176472
-0.0003985294117647059
0.0006363970588235296
-0.0010948529411764704
-0.00036433823529411754
-0.0016033088235294115
0.0005209558823529414
-0.0003121323529411765
-0.00020698529411764712
0.0006783088235294115
0.00251875
0.0016117647058823531
-0.0008944852941176471
-0.0013069852941176468
-0.0003525735294117649
0.0010058823529411765
-0.0008632352941176469
0.0003691176470588239
0.0006025735294117649
-0.00041580882352941197
0.00017683823529411757
0.000850735294117647
-0.0005125000000000005
-0.002125735294117647
-0.0012488970588235295
0.0014261029411764706
-0.0010477941176470584
-0.002345955882352941
0.0019036764705882355
0.0001319852941176471
0.001520588235294118
-0.00017389705882352966
-0.001335294117647059
-0.00043897058823529436
-1.9852941176470034e-05
-0.0009757352941176469
0.0012194852941176469
0.0011926470588235294
0.000706985294117647
-0.0012268382352941178
0.0015738970588235293
-0.0005334558823529412
0.00043529411764705846
-0.0007698529411764706
0.0021220588235294118
-0.002357720588235294
8.161764705882345e-05
0.0003316176470588234
0.0007812500000000004
0.0005058823529411764
-0.00032720588235294137
0.0007386029411764705
0.0011709558823529414
0.0008628676470588234
0.0015323529411764704
-0.000924264705882353
-0.0009477941176470589
0.002193382352941177
0.00044632352941176474
0.0001897058823529411
-0.000575735294117647
0.0009790441176470589
0.0019051470588235294
0.00042389705882352977
0.00010441176470588253
0.002140441176470588
-0.00048639705882352934
-0.0009000000000000001
0.0004988970588235294
0.002286764705882353
0.0022132352941176474
2.0955882352941317e-05
0.00026360294117647106
-0.0016121323529411766
0.0005283088235294117
0.0019959558823529414
-0.0008430147058823526
6.0661764705882256e-05
-0.00033676470588235287
0.001904779411764706
-0.003188970588235294
-0.00011029411764705881
-0.001313235294117647
0.001035294117647059
-0.000577205882352941
8.639705882352948e-05
-0.0010977941176470586
0.0010492647058823526
0.0005014705882352939
0.0020783088235294114
-0.0016749999999999998
0.00018713235294117648
-0.0009356617647058823
0.0005253676470588232
-0.0020716911764705886
-0.0003580882352941177
-0.0012411764705882353
-0.001475735294117647
-0.002185294117647059
-0.0014088235294117647
0.002016176470588235
-0.0010422794117647058
0.0001242647058823526
-0.0012404411764705883
0.0005268382352941176
-0.0012933823529411763
0.0011698529411764708
-0.0006647058823529413
0.0022632352941176466
-0.0011474264705882355
0.0007636029411764708
-0.0009404411764705883
-0.0004474264705882353
-4.999999999999985e-05
0.00023970588235294114
-0.0008334558823529415
-0.00030220588235294136
-0.00019301470588235317
-0.002065073529411765
0.0013551470588235293
1.654411764705907e-05
-0.0020231617647058823
-0.0006143382352941173
-0.0022875000000000005
0.0017544117647058826
0.0009194852941176471
-0.001209558823529412
7.573529411764683e-05
-0.0013000000000000002
0.0012988970588235294
-0.0016573529411764705
0.001382352941176471
-0.00036985294117647047
0.0008253676470588239
-0.0006665441176470589
8.088235294117623e-05
0.0011533088235294118
-0.001432720588235294
-0.0010007352941176467
-0.0006569852941176471
0.0011264705882352937
0.0008099264705882348
0.0005841911764705882
0.0007161764705882353
-0.0008330882352941176
0.00018823529411764688
-0.0003551470588235299
6.176470588235298e-05
-0.0002849264705882352
-0.002722058823529412
-1.2499999999999975e-05
-0.0002636029411764705
-0.0014709558823529413
9.191176470588234e-05
0.0011716911764705887
0.000359558823529412
-0.0016617647058823528
-0.0009014705882352943
-0.001732720588235294
0.0003540441176470591
0.0010213235294117648
0.0006047794117647056
-0.0018290441176470587
-0.0006499999999999996
0.0023738970588235296
0.002060294117647059
-0.0013503676470588235
0.0005345588235294118
0.0001511029411764707
-0.0007985294117647057
0.000836764705882353
0.0030863970588235292
0.0010220588235294124
-0.00043419117647058847
-0.0009518382352941177
0.0010444852941176468
-0.0004875000000000002
-0.0017404411764705887
0.0009025735294117651
-0.001133455882352941
-0.00310735294117647
-0.00012022058823529412
0.0002676470588235294
0.000388235294117647
0.0010455882352941176
0.0005216911764705882
-0.0022224264705882355
-0.000888235294117647
0.0015911764705882352
0.00028125000000000003
-0.0027639705882352944
-0.0002860294117647059
-0.0005665441176470588
5.2573529411764935e-05
-0.00023161764705882364
0.0013154411764705882
-0.00017132352941176491
-0.0004838235294117643
0.0015746323529411766
-0.000301470588235294
-0.001569852941176471
-0.0006514705882352942
0.0006375000000000003
-0.0015183823529411763
-0.00031985294117647045
-0.0021573529411764705
-0.0013106617647058822
-0.0012926470588235292
0.0011584558823529412
0.000578676470588235
0.0007992647058823528
0.0004988970588235301
-0.001255514705882353
0.0007169117647058819
-0.000281985294117647
-0.0009025735294117649
0.0016426470588235293
-0.0004992647058823526
-0.00033492647058823514
0.0005852941176470586
-0.00017904411764705887
-0.0004507352941176469
-0.0006095588235294119
0.0011856617647058828
-0.0007268382352941176
0.0018775735294117644
-0.0009404411764705881
0.00010919117647058826
0.003673529411764706
0.0006448529411764705
-0.0005930147058823528
-0.0008757352941176469
-0.0017371323529411765
-0.0017533088235294118
-4.5220588235294036e-05
0.0014617647058823534
-0.0008463235294117649
0.0013768382352941175
-0.0011540441176470589
0.0015507352941176475
-0.0009172794117647057
0.00022316176470588215
-0.0018147058823529414
-0.0013966911764705882
0.0003551470588235294
-0.00022794117647058798
0.0005636029411764706
0.0021411764705882353
-0.0012389705882352945
-0.0004647058823529409
0.0011113970588235295
0.0005996323529411765
-0.001051102941176471
0.002474264705882353
0.0007183823529411765
7.169117647058809e-05
0.0002106617647058823
6.397058823529436e-05
0.0009352941176470589
-2.0220588235294035e-05
0.0009897058823529414
-0.0029948529411764706
0.0023033088235294118
0.0005602941176470586
-0.0003165441176470588
0.00019522058823529404
-0.001104044117647059
0.004233823529411765
0.000340073529411765
-1.948529411764685e-05
0.0004507352941176467
0.0014886029411764706
0.00028786764705882365
0.0006511029411764706
0.000655514705882353
-0.000504044117647059
0.0006713235294117647
-0.002095955882352941
-0.000797426470588235
0.0013974264705882353
0.0006529411764705884
0.0004323529411764703
-0.0006492647058823531
0.0006647058823529407
0.0016121323529411766
0.0004926470588235296
0.0018242647058823534
-0.00040992647058823544
-0.00037867647058823536
-0.001044485294117647
0.00043088235294117677
-0.00047500000000000005
-0.00024889705882352937
-0.001436764705882353
-0.0009974264705882357
0.000386029411764706
-0.00024227941176470605
-0.0012231617647058823
-0.001733823529411765
-0.002166176470588235
-0.0005944852941176471
0.0015496323529411765
-0.0014698529411764699
-6.838235294117644e-05
9.227941176470582e-05
6.61764705882377e-06
0.00044963235294117655
-0.0010735294117647058
-0.0002830882352941175
-0.00019080882352941203
0.0010849264705882354
0.0010073529411764705
0.001541176470588235
-0.001468382352941176
-0.00149375
-0.000663970588235294
-0.001428308823529412
-0.0029102941176470587
-0.00010330882352941202
-9.411764705882358e-05
-0.0006356617647058823
0.0013566176470588235
-0.0007117647058823529
0.0025352941176470588
0.0002011029411764709
0.0005033088235294114
0.00017389705882352925
0.0008665441176470591
0.0029860294117647055
-0.0004941176470588235
0.00017536764705882346
0.002461764705882353
-0.001440073529411765
-0.0008886029411764705
0.00048455882352941166
-0.0019786764705882354
-6.1029411764705796e-05
-0.0006716911764705883
0.00018382352941176476
-0.0009595588235294118
-0.0028033088235294118
-0.0009073529411764709
-0.0013702205882352946
-0.0002863970588235295
0.000519852941176471
-0.0015830882352941176
0.0011294117647058825
0.0023323529411764707
-0.001786397058823529
0.0011529411764705881
-0.00038529411764705903
-0.0018933823529411766
0.0013617647058823531
-0.002487867647058824
-0.0018977941176470583
-0.0017518382352941179
-0.00020955882352941194
0.00048161764705882334
-0.0004764705882352943
-0.00013345588235294132
-0.00018198529411764703
-0.0007161764705882356
0.0005738970588235297
-0.0008213235294117649
-0.0005860294117647061
-0.00035183823529411724
0.0010040441176470587
-0.0007194852941176466
-0.0013286764705882355
-0.0009900735294117646
0.0012628676470588236
0.00016213235294117626
-0.0009702205882352944
0.0007433823529411762
-0.0016128676470588234
0.0004176470588235294
0.00013786764705882374
-0.0007632352941176472
-0.0014246323529411766
-0.002736029411764706
0.0022477941176470588
-0.0010242647058823532
0.0006378676470588235
0.00047316176470588216
-0.00017426470588235242
0.0018672794117647056
0.00016654411764705884
-0.001514705882352941
-0.0008867647058823527
-0.0013375
0.0004941176470588232
-0.00010294117647058791
0.001045955882352941
0.0014529411764705883
0.000534558823529412
-0.0015742647058823531
0.0020249999999999995
9.191176470588243e-05
0.00024705882352941185
0.000981985294117647
0.00046727941176470607
-0.00010772058823529368
-0.0011713235294117646
-0.001523529411764706
0.0011018382352941175
-0.0005863970588235295
0.00031654411764705853
-0.0007985294117647057
-0.00026102941176470634
-0.00019485294117646995
0.000803676470588235
0.0004227941176470588
-6.727941176470562e-05
-0.0017194852941176467
-0.00033750000000000007
-0.0011238970588235298
-0.001421691176470588
-0.0019283088235294117
0.000909558823529412
-0.00020882352941176447
-0.0004128676470588234
0.0004573529411764704
0.0003393382352941177
-0.0014238970588235295
-0.001579044117647059
0.000559191176470588
-0.0005970588235294117
0.0009011029411764708
-5.036764705882329e-05
0.0006485294117647058
-0.0011761029411764704
-0.0003849264705882353
-0.00034191176470588225
-0.00047794117647058804
9.779411764705882e-05
0.0016018382352941177
-0.0002827205882352941
-0.0009194852941176468
-0.0016202205882352941
0.00039191176470588216
-0.0002580882352941178
-0.00017022058823529381
-0.0025169117647058825
-0.0012125
-0.0018132352941176474
-0.00021433823529411775
0.0006242647058823531
5.4779411764705766e-05
-0.001978308823529412
-0.00020367647058823512
0.00025183823529411785
-0.00051875
-0.0015713235294117648
0.0012224264705882355
-0.0010621323529411764
0.0009507352941176472
-0.0014922794117647059
-0.000715441176470588
0.0003419117647058826
0.0015775735294117652
-0.0006080882352941176
-0.0007525735294117646
-0.0003768382352941176
0.0017143382352941179
0.0011856617647058815
0.0006511029411764707
-0.00023713235294117626
0.0005044117647058819
-0.001285294117647059
0.0006823529411764703
0.0017658088235294113
0.0007856617647058825
0.00016397058823529423
-0.0004897058823529411
0.0006738970588235295
-0.0026102941176470587
-0.0014191176470588235
-0.0018044117647058823
-0.0009169117647058822
0.00021102941176470605
-8.124999999999993e-05
0.0006029411764705882
-0.0016981617647058823
0.0012433823529411766
0.0018606617647058828
-0.0016992647058823528
-0.0009661764705882352
-0.0008764705882352943
-5.588235294117654e-05
0.0021488970588235297
0.0009875
0.0010080882352941174
0.002742279411764706
0.00020036764705882366
-0.0008959558823529411
0.0009158088235294117
-0.0008455882352941178
0.0006709558823529411
-0.0007981617647058822
-0.0016040441176470592
0.0007345588235294118
-0.0007919117647058821
0.00018272058823529425
0.0015283088235294123
-0.002694852941176471
0.00016911764705882318
0.0020621323529411762
7.830882352941182e-05
0.0007319852941176469
-0.0022183823529411764
0.0008580882352941175
-0.0007724264705882354
5.477941176470618e-05
0.0016007352941176467
0.0010375
0.0005790441176470588
-0.0004867647058823528
-0.0012327205882352943
-0.0008790441176470594
-0.0002249999999999998
-0.0005948529411764706
-0.0004334558823529414
-0.00010441176470588218
1.8382352941175978e-06
0.0001290441176470589
0.0006551470588235296
-0.0017738970588235291
-0.0005077205882352944
-0.001347794117647059
0.0016709558823529412
0.0023069852941176474
0.00011360294117647047
-0.0020463235294117654
0.0022911764705882353
-0.00017757352941176474
-0.0013933823529411766
-0.0004272058823529412
0.0013356617647058823
0.0008948529411764707
0.0011742647058823532
-0.002050367647058824
0.0009797794117647057
0.0010963235294117648
-0.0001613970588235297
-0.0005761029411764706
-3.8970588235294365e-05
-0.0013275735294117647
-0.0016867647058823529
0.0015808823529411763
0.0008481617647058822
-0.0030279411764705883
-0.0015779411764705888
0.00019522058823529415
0.000626838235294118
0.0003705882352941173
-0.0018330882352941176
-0.0014981617647058822
-0.00038860294117647025
0.0008617647058823529
0.0009062499999999999
0.0003613970588235297
0.0006088235294117646
0.0009397058823529414
-0.0014955882352941177
0.0009191176470588235
0.0014481617647058825
-0.0012323529411764709
-0.0001150735294117648
0.0013900735294117646
0.00019264705882352892
0.0009705882352941179
0.0011378676470588233
0.0017636029411764705
-0.0018595588235294119
-0.0006518382352941175
0.0008775735294117648
0.0022606617647058826
-5.073529411764718e-05
-0.001448161764705882
-0.001738970588235294
0.0005488970588235294
0.0007911764705882355
-6.28676470588235e-05
-0.00025257352941176467
-0.0009720588235294117
0.001258455882352941
5.8455882352941215e-05
-0.001013970588235294
0.0005150735294117649
0.0020533088235294115
0.0005485294117647058
0.0003430147058823527
-0.00015220588235294135
0.0011158088235294118
-0.0025926470588235294
-0.0015261029411764704
0.0020139705882352937
0.0008191176470588235
-0.0003393382352941176
-0.0014937499999999999
0.00012242647058823507
-0.0005058823529411764
7.49999999999997e-05
0.000751470588235294
0.0001639705882352939
-0.0011496323529411763
-0.0012033088235294115
0.0022165441176470587
0.0015117647058823526
0.00017352941176470554
0.0001511029411764708
-0.001044485294117647
0.0029555147058823524
0.00036176470588235267
-4.705882352941204e-05
-0.00012757352941176494
0.0001415441176470585
0.0002044117647058827
0.0008033088235294113
0.000856985294117647
-0.000838970588235294
-0.0007845588235294119
0.0010654411764705884
-0.0012481617647058822
0.0006897058823529416
-0.001231985294117647
-0.0018422794117647062
0.0017941176470588234
-0.0014643382352941179
0.0011091911764705882
-0.0001661764705882351
0.0006801470588235297
-0.0016816176470588237
-0.0013452205882352939
-0.0010297794117647059
0.0009452205882352939
0.0013198529411764706
-1.8014705882352794e-05
-0.00031948529411764706
0.0010875
-0.001349264705882353
0.004057720588235295
-0.00037794117647058816
0.0009044117647058824
-0.0020231617647058823
0.001278308823529412
-0.0002154411764705881
0.0012698529411764702
0.0015029411764705884
-0.0014084558823529414
-0.0005375000000000001
0.001210661764705882
-0.0008746323529411764
-0.00021838235294117654
-0.0017919117647058824
0.0006209558823529411
0.0014566176470588235
-0.0006904411764705881
-0.00015588235294117654
-0.00036801470588235284
0.00043823529411764656
0.0005937499999999999
-0.0018238970588235293
0.0019150735294117649
0.00014117647058823528
-0.0005319852941176468
-0.0008058823529411765
2.6102941176470467e-05
-0.001026838235294118
0.00047794117647058783
-0.0006261029411764709
-0.0013132352941176472
0.0016698529411764708
0.00214375
0.0009496323529411766
-0.0014231617647058826
-0.0024547794117647063
-6.764705882352954e-05
-0.001941176470588235
-0.0009569852941176467
-0.002727573529411765
0.0016275735294117644
0.0011275735294117646
-0.0017823529411764706
0.0004632352941176473
-0.0008341911764705879
0.0013610294117647054
-0.0005518382352941179
0.00015294117647058803
0.0010007352941176471
-0.0020852941176470585
-8.970588235294114e-05
-8.529411764705861e-05
0.00024705882352941147
-0.0003911764705882355
0.0011411764705882357
-0.001681617647058824
-0.0003750000000000001
-0.000208455882352941
-0.00041470588235294117
-0.0021268382352941178
0.0021172794117647062
-0.0011180147058823529
-0.0006411764705882353
-0.0006875
0.00031360294117647075
-0.0011029411764705878
0.0007308823529411764
0.00010404411764705889
0.0012246323529411763
0.0002775735294117648
-0.00019227941176470624
-0.00023014705882352937
0.0005455882352941172
-0.0022444852941176474
0.002166176470588236
-0.0007691176470588238
-0.0004499999999999999
0.0006238970588235295
0.000232720588235294
0.0012158088235294118
-0.002083088235294118
0.0013937500000000002
0.0016529411764705881
-0.0030860294117647058
-0.00025183823529411747
0.002490808823529412
-0.0014330882352941179
0.0035194852941176466
-0.0021154411764705877
0.0010330882352941172
0.00019007352941176464
-0.002607352941176471
-0.00021874999999999946
0.0018746323529411765
-0.0020801470588235295
-0.0014044117647058823
-0.0014069852941176473
0.001066544117647059
0.00011544117647058858
0.0007496323529411761
-0.0003941176470588236
0.0009488970588235296
0.0016110294117647062
0.0004113970588235292
-0.0011408088235294114
2.0588235294117625e-05
0.0007790441176470585
0.0022113970588235297
0.0003003676470588235
0.00041139705882352914
-0.001526470588235294
-0.0024345588235294116
0.0009261029411764708
2.3529411764705843e-05
0.0010058823529411768
-0.0014301470588235293
-0.0012683823529411763
-0.0015566176470588236
0.0011187500000000004
0.0012540441176470591
-0.00013566176470588225
-0.0014963235294117648
-0.0004507352941176472
0.000486029411764706
-0.00034963235294117656
0.0003867647058823532
0.00011286764705882314
-0.002047058823529412
-0.00021985294117647056
0.0008308823529411764
0.0011165441176470587
-0.0009580882352941177
-0.001411029411764706
-0.0008393382352941179
0.0018183823529411766
0.0011981617647058827
0.0002878676470588234
-0.0001812500000000001
-0.0005198529411764704
-0.0017125
-0.002251470588235294
-0.000948161764705882
-0.003196691176470588
0.00036029411764705913
0.0007794117647058818
-0.00018749999999999995
0.0017003676470588236
-0.0017511029411764708
6.691176470588253e-05
0.0008422794117647058
0.0007716911764705885
-0.0006224264705882354
-0.0008014705882352942
0.000493014705882353
4.705882352941189e-05
0.002632720588235294
-0.0033562500000000003
-0.0005400735294117649
4.4117647058825304e-06
0.001283823529411765
0.0007040441176470589
0.0009419117647058821
0.00030772058823529385
-0.0003977941176470588
-0.00010514705882352937
0.000340808823529412
-0.0015900735294117647
-0.001063970588235294
0.0015805147058823527
-7.316176470588215e-05
-0.0016040441176470588
0.0004926470588235296
-0.0003452205882352943
-0.0008419117647058824
0.0014625
0.0017716911764705883
-0.0020731617647058824
0.0022544117647058824
0.002080514705882353
-0.0007316176470588238
-0.00012352941176470574
-0.0005051470588235294
-0.0023227941176470587
0.0019650735294117648
6.911764705882341e-05
-0.0019036764705882355
-0.001734558823529412
0.00042720588235294125
0.003144852941176471
-0.0010974264705882354
-0.001341911764705882
0.000608823529411765
-8.676470588235329e-05
-0.0028275735294117648
-0.0016676470588235291
0.0004863970588235297
0.0004797794117647058
0.002206985294117647
-0.0021643382352941175
0.0004871323529411767
-0.000295955882352941
0.0010363970588235293
0.00014558823529411784
0.001191911764705882
-6.39705882352937e-05
-0.00044264705882352933
-0.00011544117647058827
0.0014889705882352943
-0.0003161764705882353
0.0023213235294117646
0.0030360294117647057
0.00034522058823529395
0.0006345588235294118
-0.0017121323529411764
0.00073125
0.00023455882352941185
0.00014632352941176442
-0.00018161764705882318
-0.0015382352941176471
-0.0007919117647058821
0.0002624999999999999
-0.0017702205882352943
-0.00011176470588235308
-0.0003235294117647059
-0.00244375
-0.0018389705882352941
0.00030036764705882347
0.0005106617647058824
-8.088235294117726e-06
-0.0017349264705882354
0.001792279411764706
0.00029779411764705886
-0.0009794117647058823
-9.963235294117642e-05
-0.0011338235294117644
-0.0024558823529411767
0.00129375
0.0002540441176470589
-0.000732720588235294
0.000691544117647059
0.00041360294117647053
-0.00010588235294117649
-0.0006040441176470591
0.0004871323529411769
-0.0019235294117647059
0.00018529411764705894
-0.0012253676470588234
0.00043529411764705846
0.0010249999999999999
0.0007999999999999998
0.000336764705882353
-0.0010014705882352944
-0.00040294117647058844
-0.00011323529411764704
0.0005522058823529412
0.00021727941176470604
0.0007540441176470587
-0.0012617647058823529
0.0007466911764705886
0.0019757352941176475
-0.002243014705882353
-0.0019753676470588236
-1.6176470588235452e-05
-0.001671323529411765
-0.0001308823529411767
0.0017147058823529413
-0.00014227941176470614
0.0026713235294117646
0.0018029411764705885
-0.00022977941176470629
-0.0010253676470588235
0.0001779411764705883
0.0007481617647058823
0.0005988970588235295
-7.316176470588223e-05
0.0008154411764705884
0.0016562500000000004
0.0007224264705882349
0.0005455882352941177
0.00030367647058823565
0.0016238970588235292
-0.0004875
-0.0005602941176470586
-0.0020338235294117646
0.0004334558823529411
0.0005301470588235293
0.0009856617647058825
-0.00014007352941176483
-3.6397058823529487e-05
1.8014705882352997e-05
0.0027397058823529414
0.0003430147058823529
0.0018426470588235294
8.56617647058821e-05
-0.00019742647058823538
-0.0007279411764705883
0.0009147058823529415
0.0007036764705882353
-0.0016147058823529408
0.003954044117647058
0.0013654411764705884
-0.0009279411764705881
0.0003764705882352941
0.0007102941176470587
0.001248529411764706
0.0002165441176470587
0.0022338235294117642
0.000736764705882353
-0.000146691176470588
-0.0009452205882352945
-0.0024647058823529418
-0.0011716911764705882
0.001356617647058823
0.0007518382352941176
0.0013426470588235294
-0.0009378676470588237
-0.000548897058823529
0.0022687499999999995
-0.0008150735294117647
0.0016466911764705877
0.0007268382352941178
-0.0007150735294117646
0.0014643382352941179
0.00011176470588235288
-0.0023257352941176467
0.0013084558823529412
7.757352941176453e-05
-9.448529411764708e-05
-0.0016613970588235296
0.00029558823529411774
-0.0026514705882352938
0.0012077205882352943
-0.0008154411764705883
0.0016286764705882352
-0.0002893382352941175
-0.00019154411764705899
-0.0008246323529411762
0.0007963235294117646
-0.0005025735294117645
-0.0001433823529411768
0.0006849264705882351
-0.0025470588235294114
0.002045220588235294
-0.0001448529411764705
-0.0012786764705882356
0.0008533088235294117
-0.0013312500000000004
0.00010073529411764699
0.00017426470588235282
-0.0014253676470588233
-0.0003533088235294119
-0.0002558823529411765
-0.00031433823529411736
-0.0012672794117647062
-0.0011389705882352947
-0.0011698529411764704
6.250000000000026e-06
0.00045992647058823514
0.0008275735294117648
0.0013886029411764704
0.00043088235294117655
-0.0017874999999999998
0.0003500000000000002
0.00018676470588235307
-0.0010698529411764708
0.0007911764705882351
-0.0029919117647058827
-0.0010488970588235294
0.0011672794117647063
-0.0020286764705882356
0.0008650735294117646
0.001711029411764706
-0.0002816176470588233
-0.0007176470588235296
0.0019466911764705877
0.0016330882352941177
-0.0014525735294117646
-0.0002110294117647059
0.0005323529411764709
2.2058823529409336e-06
-0.0003459558823529414
-0.00020919117647058764
0.0001999999999999999
-0.0015908088235294117
4.963235294117652e-05
0.0012305147058823528
-0.0013275735294117643
0.0008106617647058822
0.0009533088235294119
0.00027316176470588266
0.0007830882352941179
0.0013415441176470584
0.0003147058823529409
-0.00047426470588235274
0.00017977941176470588
-2.757352941176473e-05
-0.001323897058823529
0.0011636029411764707
-5.845588235294114e-05
-0.00034301470588235305
0.002238602941176471
-0.0010511029411764705
-0.0003540441176470588
-0.00015882352941176472
8.823529411764551e-06
0.0012433823529411766
0.0003930147058823531
0.0017845588235294117
0.0003514705882352941
-0.0001279411764705884
-0.001058455882352941
-0.002039705882352941
0.0018360294117647064
0.001891176470588235
0.00011323529411764674
0.0005481617647058825
-0.0016783088235294119
-0.0013345588235294118
0.0013860294117647059
-0.0014948529411764708
0.000404779411764706
-0.00032389705882352945
0.0014709558823529417
-0.0004606617647058826
0.0008834558823529414
-0.002043382352941176
-0.0037772058823529408
0.00019963235294117673
0.00047022058823529417
0.00040661764705882364
-8.419117647058815e-05
0.0009643382352941175
-0.00024558823529411783
-0.000960294117647059
-0.0005838235294117648
0.0005349264705882354
0.001081985294117647
-0.0013161764705882355
0.00024632352941176503
0.0011507352941176473
-0.0005136029411764708
0.001747426470588235
-0.00015330882352941207
-0.0017772058823529412
0.0009735294117647058
0.0007341911764705881
0.0005022058823529411
-0.00017941176470588245
-0.0013433823529411767
0.000834558823529412
-0.00034926470588235307
0.00015661764705882333
0.003210294117647059
-0.0012022058823529412
-0.00023455882352941166
-0.0005316176470588232
-0.0016102941176470587
-0.0002676470588235293
0.000604044117647059
-0.0011926470588235292
0.0007305147058823531
-0.00022683823529411762
-0.0016095588235294116
-0.0006338235294117645
0.000669117647058824
-0.0011871323529411763
-9.191176470588234e-05
-0.00042022058823529404
-0.0025069852941176467
0.0014272058823529411
0.0017283088235294122
-0.0022205882352941183
0.0011514705882352946
0.00020698529411764677
-0.00015661764705882393
-0.001810294117647059
0.0017161764705882353
0.0010610294117647057
-0.0011658088235294115
-4.5955882352941216e-05
0.0008893382352941172
0.0008841911764705885
-0.0012827205882352945
-0.0007308823529411764
-0.0010044117647058826
0.0015371323529411761
-6.985294117647066e-05
-0.0016941176470588232
-0.0005058823529411764
-0.0007948529411764707
-0.0007014705882352939
-0.0006176470588235292
-0.00045992647058823547
-0.001866544117647059
-0.00033088235294117635
-0.00025294117647058816
-0.0005011029411764708
-0.0007356617647058821
-0.0020180147058823533
0.0005996323529411764
-0.0006970588235294116
-0.0012205882352941176
0.00048124999999999996
-0.0006117647058823528
0.0013150735294117648
0.0006077205882352943
-0.0007169117647058827
-1.8382352941176384e-05
-0.0006988970588235294
-0.0029073529411764703
0.0009202205882352944
0.0013544117647058828
-0.0005411764705882357
-3.7132352941176464e-05
-0.0006775735294117649
-0.0006992647058823533
-0.0002974264705882358
-0.0001558823529411766
0.000648161764705882
0.0011591911764705883
0.0009084558823529413
0.0019746323529411763
0.0006121323529411767
-0.002331617647058823
0.000686764705882353
-0.0018220588235294119
0.0016897058823529417
-0.00043345588235294154
0.0005591911764705881
0.0002459558823529414
0.00048529411764705875
-0.00025808823529411754
0.0018625000000000002
0.0014823529411764707
0.0008224264705882354
0.0008253676470588237
-0.0020617647058823532
0.0004981617647058822
-0.0015040441176470585
-0.0020088235294117643
0.0011525735294117647
0.00020147058823529438
-0.00238125
-0.0011573529411764705
-0.0004444852941176473
-0.0011091911764705884
-0.0019724264705882353
0.002115808823529412
0.0005764705882352942
-0.0004125000000000002
0.0005051470588235299
-0.0009731617647058817
-0.00048345588235294097
-0.002279779411764706
-5.9191176470588505e-05
-3.5661764705882204e-05
-0.0005257352941176474
-0.000543014705882353
0.0031084558823529403
0.0006779411764705884
-0.0012121323529411764
0.000317279411764706
-0.00026654411764705867
0.00026764705882352914
-0.0022580882352941176
-0.0012852941176470587
-0.0005643382352941177
0.0008003676470588239
0.001457720588235294
-0.00017683823529411787
-0.002234191176470588
0.0013000000000000004
7.794117647058797e-05
5.0367647058824e-05
0.0016966911764705883
0.0005533088235294115
-0.0008628676470588234
-0.0005621323529411764
-0.0019169117647058823
-0.0022838235294117652
0.0007297794117647059
0.0007488970588235296
-0.0017595588235294118
0.0001323529411764705
0.0010088235294117647
-0.002261029411764706
-0.002175367647058824
0.00024742647058823496
-0.00013235294117647058
-0.0019856617647058825
0.0018183823529411762
-0.0014084558823529412
0.0010790441176470587
0.002677205882352941
-0.0012595588235294118
-0.001211764705882353
-0.0026731617647058827
-0.003180514705882353
-0.0008533088235294118
-0.0022125
0.0006838235294117645
-0.0003823529411764707
0.0009606617647058825
0.0009187500000000001
0.001369485294117647
-0.00190110294117647
-0.002629779411764706
8.970588235294129e-05
-0.002807352941176471
0.0024363970588235292
-0.0011069852941176467
-0.0006466911764705882
0.002052205882352941
4.963235294117662e-05
-0.0016974264705882354
0.001102573529411765
-0.0007375
-0.0014742647058823529
-0.0015624999999999999
0.00023492647058823515
0.0013466911764705885
0.00012205882352941159
0.0005382352941176472
0.0006863970588235299
0.0012823529411764704
-0.0008625000000000001
0.001284191176470588
0.0005540441176470584
0.00179485294117647
0.001405147058823529
0.0012647058823529414
-0.00014889705882352943
0.0019588235294117646
0.0007316176470588229
-7.426470588235252e-05
-0.0022161764705882353
0.0004558823529411765
-0.0021246323529411767
-0.0004022058823529412
0.0012191176470588237
-0.001824264705882353
-0.0009933823529411768
0.0006669117647058821
-0.0006647058823529408
-0.0018268382352941174
0.00023308823529411758
-0.0029761029411764705
-0.002123897058823529
0.0007738970588235294
0.0019727941176470587
0.0008937500000000003
0.00021948529411764707
0.00015808823529411757
-0.00033198529411764726
-0.0012808823529411764
-0.0007974264705882354
5.661764705882375e-05
0.0012621323529411767
-7.867647058823581e-05
-0.0006463235294117648
0.0001323529411764705
-0.0012257352941176473
-0.00030735294117647063
-0.0007779411764705886
-0.0011551470588235296
-0.0007797794117647056
0.000978676470588235
-0.0016676470588235293
0.00044301470588235315
-0.0005066176470588234
0.0005606617647058822
-0.00019154411764705863
0.0016411764705882353
-0.0009606617647058819
-0.0013610294117647062
-0.0003863970588235297
-0.0005488970588235292
0.0017470588235294117
-0.0017536764705882353
0.0016474264705882353
-0.0006540441176470585
0.0010680147058823534
0.001592279411764706
-0.0033305147058823527
-0.00032169117647058834
0.0008580882352941176
-1.3970588235294211e-05
0.0016095588235294118
-0.0010312499999999996
0.0008591911764705881
0.00035220588235294117
-0.0007371323529411763
-0.0017698529411764705
0.0018183823529411764
9.485294117647095e-05
-0.00017022058823529425
0.0015356617647058824
0.00045625000000000017
-0.0015088235294117647
0.0010797794117647053
-0.0007558823529411762
-7.8676470588235e-05
-0.0006580882352941174
-0.0007551470588235298
-0.0005768382352941176
-0.0010599264705882351
0.00012389705882352944
-0.00020514705882352928
0.0009341911764705884
0.0012011029411764709
0.00015735294117647062
0.001994852941176471
0.00022316176470588226
-0.0018834558823529416
0.0007503676470588235
0.0013691176470588234
0.0018308823529411765
-0.0004551470588235294
0.001777205882352941
0.001297426470588235
0.0012823529411764704
0.0007143382352941173
-0.001282720588235294
-0.00023124999999999974
0.0010911764705882356
-0.0005709558823529412
0.0007882352941176469
0.0012224264705882355
0.0008007352941176468
0.0013647058823529413
-0.0005639705882352943
0.0014786764705882352
0.0006849264705882354
0.0006249999999999999
0.00015000000000000001
-0.0009584558823529411
-0.0011125
-0.0023830882352941177
-4.558823529411752e-05
0.0003768382352941179
0.0002264705882352942
0.0004602941176470583
-0.0004647058823529409
0.001199264705882353
-0.0017838235294117646
0.0009772058823529415
0.0004224264705882352
-0.0016011029411764704
-0.00041764705882352954
0.000674264705882353
-1.7647058823529305e-05
-0.0010808823529411763
0.0007738970588235294
-0.0005963235294117651
-0.0008926470588235293
0.0003514705882352944
0.0005257352941176472
0.0019371323529411761
-0.0007742647058823531
-0.002063602941176471
-0.00018124999999999974
-0.0009264705882352941
0.0005856617647058823
-0.0036268382352941174
0.0016591911764705883
0.001475735294117647
-0.0010102941176470589
0.002993014705882353
0.0011323529411764713
-3.4191176470588344e-05
1.5073529411764474e-05
0.00028051470588235294
0.0028253676470588233
0.00044007352941176483
-0.00018272058823529404
0.0007165441176470588
-0.0005724264705882351
-0.0010676470588235295
-0.0004172794117647059
-0.0011066176470588237
-0.0006702205882352938
-0.0011084558823529409
0.0012011029411764706
-0.0004011029411764706
0.000608823529411765
-0.0013452205882352939
-0.0007808823529411763
-0.000640808823529412
-0.0010650735294117648
-0.0015794117647058821
-0.00022683823529411764
-0.0006077205882352941
-0.0014393382352941174
-0.0005606617647058823
-0.0014330882352941176
0.00020330882352941182
0.001033823529411765
-0.0014665441176470585
0.0022632352941176466
0.002510661764705882
0.0003488970588235296
-0.0016209558823529415
-0.0002779411764705884
0.00012279411764705878
-0.00119375
-0.0029272058823529403
0.00048198529411764684
0.0014738970588235297
0.00019889705882352913
0.002109191176470588
-0.001174264705882353
0.0006922794117647063
-0.0003724264705882355
-0.001995588235294118
-7.389705882352918e-05
0.0011224264705882354
0.0014911764705882351
0.0021102941176470587
-0.0002360294117647056
-0.001350367647058823
-0.0008525735294117643
-2.1323529411764704e-05
-0.0024941176470588233
0.0006220588235294119
9.154411764705853e-05
-0.000852205882352941
0.0002801470588235294
0.0013941176470588232
-0.0002470588235294117
0.0009948529411764695
-0.0006812500000000001
0.0023827205882352947
0.00018124999999999974
0.00034926470588235274
-0.000700735294117647
-0.0011044117647058824
9.227941176470567e-05
-0.0009749999999999997
0.001277941176470588
-4.044117647058822e-05
0.0006231617647058823
0.00041985294117647087
-0.0011797794117647058
0.0013672794117647062
-0.002208088235294118
0.0011941176470588234
0.0007783088235294119
0.00043492647058823524
0.0006452205882352941
0.0010687499999999998
-0.0009966911764705882
-0.0016268382352941178
-0.0008202205882352942
1.3602941176470365e-05
0.0019029411764705877
0.0008003676470588237
-0.00020882352941176477
-0.0005841911764705885
-0.00042426470588235267
-0.0017680147058823533
-0.0003191176470588232
-0.0005029411764705884
-0.0008080882352941175
0.0015580882352941175
-0.0017669117647058825
-0.0004761029411764704
-0.0006742647058823529
0.0005165441176470589
0.0005437500000000004
0.0013944852941176471
0.00238125
-0.0013371323529411763
-0.0006209558823529414
-0.0024941176470588233
2.3529411764705894e-05
3.6764705882338687e-07
-0.0001698529411764706
0.0015738970588235295
-0.0017147058823529409
0.00159375
0.0009823529411764707
0.0001790441176470589
-0.0025985294117647057
0.0008779411764705881
-0.0006444852941176474
-0.0007540441176470586
-0.0008713235294117651
-0.0010253676470588235
4.007352941176463e-05
0.0016448529411764706
0.0001466911764705882
0.00023124999999999985
-0.0002496323529411764
-0.0006088235294117648
-0.0009036764705882353
0.0018529411764705878
0.0005540441176470584
-0.0003577205882352943
0.0019279411764705882
0.002500367647058824
0.003975735294117648
-0.0003264705882352943
-0.0010066176470588234
-0.000738970588235294
0.0031143382352941174
-5.2205882352941396e-05
-7.941176470588243e-05
0.0007003676470588235
-0.0005047794117647058
-0.0003694852941176472
-0.0009698529411764703
-0.0018816176470588235
0.002137132352941176
0.001983088235294117
0.0027999999999999995
0.0022849264705882355
0.00042058823529411775
-0.0014698529411764703
-0.0030382352941176476
0.0009235294117647062
0.0007216911764705888
-0.0012349264705882354
0.0015220588235294126
-0.0003658088235294118
0.0004110294117647057
0.0004147058823529412
-0.00021617647058823537
-0.0024477941176470593
-0.0007250000000000001
0.002287132352941177
0.0010941176470588238
0.0014470588235294117
0.0022933823529411768
0.0009231617647058825
-0.0013327205882352942
-0.0004790441176470591
0.0005172794117647055
0.00021544117647058798
-0.00023713235294117648
-0.0017636029411764707
-0.000765808823529412
0.0010352941176470592
0.00047830882352941175
0.0005514705882352938
-0.000426470588235294
1.4338235294117497e-05
0.0017198529411764703
-0.0003761029411764704
0.0004996323529411761
-0.001691176470588235
0.0012209558823529415
-0.001343014705882353
-0.0012591911764705884
-0.0009886029411764706
-0.00042757352941176475
0.00021874999999999944
-0.0017437499999999994
0.002091176470588235
-0.0014503676470588233
0.00035955882352941166
0.0009121323529411768
0.0011183823529411765
0.0005356617647058822
-0.00011213235294117672
-0.0001533088235294116
-0.00014448529411764682
0.0009661764705882351
-7.573529411764688e-05
0.0006257352941176471
0.0017147058823529409
-0.0009952205882352938
8.088235294117644e-05
0.0010194852941176468
-0.0013352941176470589
-0.0008283088235294118
-0.0010007352941176467
-0.00032463235294117633
0.0002025735294117648
-0.002995955882352942
-0.0005341911764705881
0.0017253676470588236
0.00018970588235294142
-0.00045367647058823545
0.00048124999999999996
0.001677205882352941
-0.001122058823529412
-0.00025772058823529394
0.0016360294117647059
-0.001520220588235294
0.0006227941176470588
0.00175735294117647
0.0001397058823529412
0.0018058823529411763
0.001322794117647059
0.0009580882352941178
0.0009165441176470588
0.0029058823529411774
9.852941176470625e-05
-0.001016176470588235
0.0002863970588235294
0.001222426470588235
0.0006790441176470589
0.0009874999999999999
0.0012562500000000002
-5.183823529411755e-05
0.00012941176470588259
0.0012058823529411764
0.00046360294117647077
0.0002731617647058823
-0.0003654411764705878
0.0007522058823529415
0.0013319852941176468
-0.0008169117647058824
0.00046029411764705874
-0.0019176470588235291
-0.0021150735294117643
0.0002518382352941177
-0.0024830882352941176
0.0004323529411764707
-0.0004136029411764706
-0.0006496323529411761
0.0010768382352941178
-0.002694117647058823
-0.0007378676470588239
-1.838235294117368e-06
-0.0008073529411764711
0.000577205882352941
-0.0002742647058823529
-0.0019558823529411767
0.00015735294117647067
0.001657720588235294
-0.0016632352941176468
0.001004411764705882
-0.001591911764705882
-0.0029139705882352948
-0.0006143382352941175
-0.000700735294117647
0.000795955882352941
-0.0009985294117647058
0.0013003676470588234
0.0021764705882352945
0.0033235294117647065
0.00404375
0.0025312499999999996
-0.002065808823529412
-0.000872426470588235
0.00029742647058823504
0.0003113970588235294
0.0009481617647058824
0.00041470588235294117
0.001180514705882353
-0.00012904411764705904
-0.0014007352941176466
-0.00013970588235294107
-0.0006308823529411764
0.0010514705882352941
-0.001184191176470588
0.000774264705882353
-0.001192279411764706
0.0004459558823529416
0.0010974264705882354
0.0011783088235294123
-0.0013
-0.0009316176470588238
0.0006724264705882353
0.0006080882352941176
0.0015753676470588234
5.5514705882352946e-05
-0.0015349264705882357
0.0004319852941176474
0.00014227941176470603
-0.00031764705882352917
0.00031470588235294134
-0.00080625
0.0005654411764705884
0.0013220588235294119
0.0009933823529411764
0.00034889705882352914
0.0006702205882352938
0.00035257352941176466
-0.0006404411764705883
0.0017352941176470588
-0.0018345588235294116
-0.0012091911764705882
-0.0010477941176470589
-0.0019194852941176472
-0.0007411764705882349
-0.0022261029411764707
-0.0018996323529411766
-0.0026448529411764706
0.0006242647058823525
-0.001202205882352941
0.001434558823529412
0.0004191176470588239
0.00016066176470588237
0.0010220588235294115
-0.0006363970588235294
-6.875000000000009e-05
-0.0011187500000000004
0.0010834558823529415
0.0018834558823529412
0.0007393382352941173
0.0014496323529411767
-0.0007569852941176474
2.3897058823529383e-05
0.0007805147058823528
-0.0023018382352941176
0.0011547794117647058
0.00042830882352941173
0.0008143382352941181
-0.0017845588235294117
-9.191176470588448e-06
0.0006238970588235294
-0.000498529411764706
-0.0018345588235294116
0.0014749999999999997
-0.00024080882352941178
-0.0018349264705882352
0.0015911764705882356
-0.00026654411764705883
-0.0010518382352941178
0.0023080882352941173
-0.000852941176470588
0.0010871323529411765
-0.0019625000000000003
0.00022830882352941194
0.000584926470588235
0.002213602941176471
0.0005422794117647056
-0.00020698529411764712
0.0013500000000000003
-0.0014261029411764704
-0.00023897058823529413
0.00016727941176470634
0.000431985294117647
-0.0012724264705882358
0.0017691176470588236
-0.0008761029411764702
0.00011213235294117698
-0.001081985294117647
0.001864338235294118
0.001232720588235294
-0.0014716911764705884
-0.0004139705882352938
0.00020698529411764712
-0.0004966911764705878
0.00028272058823529406
-0.0009213235294117645
0.0008441176470588232
0.0005812499999999998
-0.0007738970588235294
-0.002378676470588235
-0.0004617647058823528
-0.0014577205882352943
-0.0006849264705882354
0.0015849264705882352
4.889705882352944e-05
0.0010139705882352943
0.000974264705882353
0.0012558823529411763
7.794117647058823e-05
-0.002000735294117647
0.003823529411764706
-0.0012900735294117647
-0.002148161764705882
-0.0010099264705882352
0.001497794117647059
-0.0021536764705882357
0.0011805147058823531
-0.00012316176470588205
-0.001305882352941176
-0.0010772058823529406
0.0009466911764705881
0.001090441176470588
-0.000963602941176471
-8.27205882352944e-05
0.0013507352941176472
-0.0025639705882352943
0.0027525735294117648
0.0008161764705882353
4.595588235294132e-05
-0.0004761029411764706
0.0005025735294117646
0.00014742647058823554
0.00045955882352941154
-0.0005981617647058824
0.001255514705882353
0.0016738970588235289
-0.0003308823529411766
0.0011808823529411766
-0.0010698529411764704
0.00044889705882352935
0.0006161764705882351
0.0006363970588235292
0.0008470588235294119
0.0035606617647058825
-0.0010511029411764707
0.0005926470588235295
-0.00031875
-0.000332720588235294
-0.0026669117647058825
-0.001779779411764706
4.044117647058812e-06
-0.0012283088235294116
-0.0013746323529411767
-0.0001463235294117648
-0.00037426470588235275
0.00025551470588235336
-0.002254411764705883
-0.0016643382352941178
0.0012919117647058821
0.0015871323529411763
-0.0008948529411764707
0.00015147058823529412
-0.002065073529411765
-0.00045735294117647075
-0.00040367647058823565
0.00014227941176470592
0.00026691176470588227
0.0010209558823529414
-0.0006158088235294118
-1.4338235294117497e-05
0.0007272058823529414
-0.0007764705882352938
0.0005198529411764705
0.0008448529411764705
0.0031374999999999997
-0.0017544117647058824
-0.0024808823529411765
0.0010720588235294116
-0.0015691176470588233
-0.0005595588235294114
-0.0006345588235294115
0.0032345588235294124
-0.0007724264705882354
-0.0006757352941176467
-0.0012577205882352944
0.00017279411764705877
-0.0004264705882352942
-7.610294117647098e-05
0.0008952205882352941
0.0001422794117647058
0.0018595588235294119
0.001286029411764706
-0.002022794117647059
-8.382352941176458e-05
0.0011569852941176473
-0.0005330882352941174
0.001668014705882353
0.0013312500000000002
-0.0002544117647058828
0.0010139705882352935
-0.002309191176470588
0.001824264705882353
-0.00011286764705882334
-0.00035845588235294086
0.0009077205882352939
0.0019147058823529414
0.0003988970588235293
-5.514705882352951e-05
-0.000583455882352941
0.001102205882352941
-0.0012308823529411765
-0.0007433823529411766
0.0002867647058823529
0.000336764705882353
-0.0028705882352941174
-0.001515808823529412
0.001070955882352941
-5.8088235294117574e-05
0.000520220588235294
0.0009683823529411763
-0.0009805147058823528
-1.4705882352941189e-05
0.0024125000000000006
0.000205514705882353
-0.000495220588235294
-0.0004264705882352944
0.00015257352941176449
-0.00029485294117647054
0.0010687499999999998
-0.00020551470588235245
-0.0004963235294117648
0.00019411764705882297
0.0004963235294117645
0.00028124999999999965
0.000832720588235294
0.001405514705882353
-0.0018867647058823525
-0.0024422794117647056
0.00044301470588235293
0.0016488970588235292
0.0027974264705882346
0.0016761029411764706
-0.0006058823529411768
0.0028647058823529407
-0.002104779411764706
-0.001056617647058824
-0.0014169117647058825
-0.001357720588235294
-0.00033970588235294113
-0.0005691176470588237
0.000881617647058824
-0.0015702205882352942
-0.0018805147058823528
-0.00011176470588235285
-0.0017727941176470586
0.0003150735294117645
0.001495220588235294
-0.00017720588235294114
0.0013382352941176468
0.0013720588235294115
-0.0005400735294117642
0.0008426470588235291
-0.0011860294117647056
-0.0010871323529411767
0.0006555147058823528
-0.0006533088235294121
0.0005610294117647058
0.0006220588235294115
0.0011433823529411766
-0.002424264705882353
-0.0006974264705882355
0.0005338235294117645
-0.00017389705882352933
0.0022139705882352934
-7.242647058823548e-05
-0.0006216911764705883
0.001583088235294118
0.0004305147058823534
-0.00036249999999999987
0.0010834558823529417
0.0026246323529411767
0.0022830882352941175
-7.720588235294134e-06
-0.0008544117647058822
6.727941176470623e-05
0.0016327205882352939
0.00039669117647058805
0.0020889705882352937
-0.00036029411764705886
-0.00023235294117647051
0.0003400735294117647
-0.00026286764705882337
5.220588235294135e-05
-0.0014051470588235296
-0.000476838235294118
-0.0008397058823529409
5.4779411764705766e-05
0.0004275735294117649
0.0006220588235294119
0.0012599264705882348
-0.0013816176470588235
-0.0005213235294117646
-0.0007871323529411761
0.0013996323529411765
-0.00034374999999999987
-0.0009801470588235294
0.00014632352941176477
-0.0006768382352941178
1.2132352941176664e-05
0.0011683823529411769
0.002068014705882353
-0.0021382352941176474
0.000875
-0.0017786764705882353
0.0012077205882352943
0.0022327205882352943
0.0007863970588235294
-0.0006077205882352943
0.004085661764705882
0.0010702205882352942
0.00017132352941176472
-0.00010220588235294094
-0.0013011029411764707
0.0007911764705882355
0.0008132352941176472
-0.0002933823529411763
-0.0039110294117647056
-0.0007621323529411766
0.00015551470588235275
0.00011102941176470574
0.001847794117647059
0.0020735294117647063
-0.0014275735294117646
0.0005856617647058824
-0.0009658088235294117
0.0018569852941176471
0.0003926470588235293
0.0015591911764705885
0.001950735294117647
-0.0006772058823529407
0.001474632352941176
0.001497058823529411
0.00014889705882352943
-0.0013922794117647065
-0.0004992647058823528
0.0008448529411764704
-0.0012558823529411766
-0.000597794117647059
-0.003549264705882353
0.00033529411764705885
0.0007650735294117647
-0.00028529411764705866
-0.00040220588235294157
-0.0003316176470588235
-0.0009698529411764707
9.852941176470605e-05
0.0011297794117647057
0.0021496323529411766
0.0005680147058823528
-0.0005904411764705881
0.0007455882352941178
0.0021941176470588234
-0.00013382352941176476
-0.000497794117647059
0.0007639705882352939
-0.0014242647058823527
-0.0007948529411764705
-0.0018084558823529412
0.0008128676470588238
0.000493014705882353
0.00040661764705882364
0.0011455882352941176
-0.0014544117647058829
-0.0005113970588235294
0.000254779411764706
-0.0014386029411764707
-0.002645588235294118
0.0009147058823529413
-0.00014889705882352894
-0.0007198529411764705
0.0021095588235294114
-0.0028577205882352945
-0.00044595588235294103
0.0022172794117647056
0.0006540441176470591
-0.0011312500000000003
0.002601470588235294
-0.0011897058823529412
0.001303676470588235
0.0013878676470588233
0.0007911764705882351
0.0021503676470588234
-0.001938970588235294
-0.000992647058823529
-0.0005628676470588236
-0.00016323529411764703
0.0002966911764705878
0.0004257352941176469
0.0002040441176470587
0.003482720588235294
0.001003676470588235
-0.001265808823529412
-0.0021687500000000005
0.0014672794117647056
-0.000656985294117647
0.001018014705882353
0.0006176470588235292
0.0007680147058823531
0.003659926470588235
-0.0006444852941176471
-0.0012360294117647057
-0.00033455882352941165
-0.0011238970588235292
0.0005485294117647061
0.0009955882352941175
-0.0012518382352941176
0.0028426470588235296
-0.001238970588235294
0.0005658088235294117
-0.0015481617647058825
-0.0015573529411764702
0.001677205882352941
0.0013448529411764706
-0.00032867647058823534
0.0007209558823529409
0.002172058823529412
-0.0007459558823529412
-0.0008091911764705885
0.0009397058823529409
-0.0004919117647058824
-0.0024360294117647062
-0.00014227941176470587
-0.0003863970588235296
-0.0008566176470588237
0.0037878676470588226
0.0011970588235294117
0.00032683823529411755
-0.00044595588235294125
-0.0010371323529411766
-0.0001507352941176469
0.0010466911764705881
0.0026371323529411766
-0.0005584558823529412
-0.0009349264705882356
0.0008102941176470587
-0.00020514705882352952
-0.0004977941176470585
0.0010838235294117647
-0.002026838235294118
0.0003044117647058823
-0.00018382352941176476
6.801470588235313e-05
0.0010279411764705885
0.001275735294117647
3.786764705882321e-05
-0.0032830882352941175
2.205882352941176e-05
-0.0006147058823529413
0.0029077205882352937
0.0011161764705882357
6.249999999999995e-05
0.000775
0.001219485294117647
-0.00028566176470588275
0.0005356617647058826
0.00011249999999999964
0.00047647058823529397
0.0017540441176470587
0.0033169117647058825
0.0016488970588235295
0.0014397058823529408
-0.001023529411764706
-0.0008253676470588234
-0.0005558823529411767
-0.0013573529411764708
-0.0010558823529411765
-0.0004121323529411763
-0.0013301470588235294
0.0002687500000000002
-0.0015742647058823531
4.705882352941179e-05
-0.0005613970588235295
0.00027242647058823557
-0.0006569852941176468
0.0022117647058823527
0.0004514705882352944
-0.001602573529411765
-0.00017352941176470579
-0.0009691176470588238
0.0006761029411764706
-0.0010775735294117645
0.0005301470588235292
0.0025455882352941176
0.001398161764705882
-0.000879044117647059
0.0007963235294117648
0.0016191176470588234
2.7205882352941343e-05
0.0012959558823529413
-0.0003408088235294117
-0.001407720588235294
0.00043823529411764683
-0.00021801470588235354
-0.0005238970588235291
2.169117647058804e-05
-0.00024044117647058818
0.00042242647058823564
0.0006886029411764707
0.0006801470588235297
0.0008250000000000002
0.001448529411764706
-0.00020330882352941182
-0.00027794117647058855
-0.0002492647058823529
0.0010937499999999997
0.0008139705882352944
0.0023011029411764707
0.00022095588235294096
-0.0007404411764705885
7.647058823529417e-05
-0.0009161764705882354
0.003144485294117647
0.0005838235294117649
9.558823529411748e-05
0.00019632352941176512
0.00015036764705882361
-0.002305514705882353
-0.00021985294117647075
0.0015422794117647054
4.485294117647034e-05
-0.0021746323529411764
0.0029963235294117644
0.0014058823529411767
0.0008136029411764704
0.0011694852941176476
-0.0005915441176470586
0.0013029411764705883
-0.00034191176470588247
-0.002123529411764706
-0.0012507352941176473
-0.0006944852941176471
0.0015720588235294112
-0.0027665441176470584
0.0005099264705882352
0.0013922794117647058
0.0003290441176470591
-0.0005022058823529412
0.0012952205882352942
-0.0006397058823529409
0.0018794117647058827
0.0009764705882352941
-0.0015382352941176471
-0.0003588235294117646
-0.0021327205882352945
0.0016106617647058824
-0.002361764705882353
-0.001274264705882353
-0.0005294117647058826
-0.0005088235294117644
-0.00016544117647058858
0.0007062500000000002
-0.0004301470588235294
-0.0012400735294117646
-0.0006415441176470588
-0.001234558823529412
0.002898529411764706
-0.0013507352941176465
0.0024713235294117645
0.0004003676470588235
-0.002184191176470588
0.00011691176470588234
0.00065
-0.0015437500000000002
-0.001966544117647059
0.0016474264705882353
0.0014731617647058826
-0.00012242647058823577
0.0006073529411764705
6.286764705882355e-05
-0.00025845588235294065
0.00071875
-9.595588235294143e-05
-0.00018713235294117708
0.0003621323529411762
0.0012591911764705884
0.0006507352941176473
-0.00030882352941176476
4.7058823529411584e-05
-0.001238970588235294
0.0020566176470588234
-0.0007374999999999999
-0.00030514705882352886
0.00021838235294117678
-0.0009724264705882356
0.0005654411764705885
0.00018786764705882336
-0.0015922794117647057
-0.00020183823529411742
-0.0004830882352941177
0.0006161764705882356
0.0015025735294117645
-0.00011617647058823526
-0.0003430147058823533
-0.0008091911764705884
7.941176470588198e-05
0.0007352941176470588
0.0004536764705882352
0.0012540441176470591
-0.0003393382352941179
6.28676470588239e-05
-0.0017455882352941175
0.0013702205882352941
-0.0014408088235294118
0.0007224264705882356
0.0005948529411764706
-0.0013636029411764705
-0.0007941176470588235
-9.3014705882353e-05
0.003445588235294118
7.86764705882354e-05
-0.002809191176470588
-0.0008900735294117649
0.0014731617647058826
0.0001393382352941175
0.0022897058823529407
0.0016198529411764707
0.0020536764705882346
-0.0008415441176470585
-0.0020613970588235293
-0.0011749999999999998
0.0003584558823529412
0.0016492647058823531
0.00029080882352941197
0.0018959558823529409
0.0002183823529411763
0.0012400735294117648
-0.0019238970588235297
0.002029411764705883
0.0009477941176470587
-0.0017503676470588233
0.002584558823529412
0.0012283088235294111
-0.0011566176470588232
-0.000153308823529412
-0.0013985294117647058
-0.001006985294117647
-0.0005580882352941176
-0.0013933823529411766
0.0008794117647058826
0.002117647058823529
0.0016404411764705882
0.0002702205882352943
-0.0015459558823529408
-0.0007345588235294118
0.00010955882352941202
6.985294117647014e-05
-0.002603308823529412
-0.0006253676470588238
-0.0009511029411764707
0.000673529411764706
0.0008606617647058825
0.0009492647058823529
-0.000475367647058823
-0.0002397058823529407
0.0009753676470588235
-0.00045882352941176505
0.0015073529411764703
-0.0004926470588235294
-0.00036764705882352924
-0.000699264705882353
0.000841544117647059
0.0007636029411764704
0.003182720588235294
-0.00013198529411764722
-0.0014150735294117644
-0.0006683823529411765
3.272058823529429e-05
-0.000361764705882353
-0.0010731617647058822
-0.0013772058823529414
-0.0002452205882352942
0.0016158088235294118
-0.0012878676470588237
-0.0008198529411764707
-0.0013463235294117648
-0.0009169117647058823
-0.0010632352941176472
-0.0003647058823529412
3.897058823529416e-05
0.002207720588235294
0.0010279411764705882
0.0014856617647058825
0.0004801470588235294
0.0017738970588235291
0.00024852941176470604
0.00111875
0.0010643382352941173
0.0011897058823529412
0.00015000000000000018
-0.002100735294117647
0.00043272058823529423
-0.00028713235294117645
-0.0014481617647058825
-0.0013996323529411763
0.001386764705882353
-0.0024172794117647066
-0.0020176470588235294
0.000895588235294118
9.705882352941189e-05
-0.002179411764705883
0.00023492647058823555
-0.0022514705882352944
-0.0012253676470588236
-0.0018643382352941176
-0.0007308823529411765
-0.000427941176470588
-0.0006636029411764703
-0.0009397058823529409
0.0011481617647058824
0.0008816176470588235
0.00033161764705882333
-0.00011691176470588223
-0.0012540441176470583
0.0013757352941176472
-0.0026132352941176467
0.0015761029411764705
-0.0006209558823529413
0.0008500000000000001
-0.000275
-0.0013430147058823528
0.0007055147058823534
-0.002270955882352942
-0.0009511029411764707
0.001825735294117647
-0.0020665441176470588
0.0019812500000000004
-0.00218639705882353
0.0015477941176470587
0.001551470588235294
0.0003496323529411766
-0.0015202205882352939
0.0014926470588235295
-0.0005845588235294117
-0.0007691176470588234
-0.002127941176470588
-0.0005856617647058825
0.0009437500000000001
-0.001636764705882353
0.0017231617647058823
0.0014654411764705882
-0.0011672794117647061
-0.0006882352941176472
-0.0013525735294117646
-0.0005562500000000003
-0.0007658088235294123
-0.0005827205882352942
0.0010849264705882354
-0.0001683823529411767
0.0007426470588235296
0.0012319852941176468
0.000618014705882353
0.00014669117647058815
0.0016224264705882354
-0.0009294117647058826
0.0004735294117647061
0.0007305147058823527
0.00020882352941176499
0.001750367647058824
-0.0008977941176470595
-0.0017867647058823534
-0.0016341911764705885
-0.0013044117647058823
0.001339338235294118
2.5735294117649327e-06
-0.002642279411764706
-0.0009187500000000004
0.0006849264705882351
-0.0009522058823529412
-0.00022279411764705847
0.001010661764705882
-0.0012698529411764707
-0.0005591911764705885
-0.0013761029411764709
-0.0024830882352941176
0.0003691176470588234
0.0025305147058823536
-0.00033198529411764693
0.0005176470588235294
0.0015371323529411766
-0.002417279411764706
0.0007110294117647061
-6.323529411764688e-05
7.35294117647059e-05
0.0021963235294117645
0.0026863970588235295
0.0016250000000000001
0.00018345588235294137
-0.0007900735294117646
-0.000954779411764706
-0.0014029411764705881
0.0017948529411764707
0.0015470588235294116
-0.002064338235294118
0.0012753676470588235
0.001834558823529412
-8.23529411764707e-05
0.0001709558823529412
0.0002018382352941174
0.0008205882352941178
-0.0008397058823529412
-0.00041801470588235287
-0.002944485294117647
-0.0013481617647058827
0.001036029411764706
0.0036919117647058824
-0.002466176470588235
0.0008345588235294117
0.0005886029411764709
-0.0009378676470588239
-2.9411764705882483e-05
-0.00014522058823529413
0.0009198529411764707
-0.0024893382352941178
0.003317279411764706
0.001013235294117647
0.0005625
-0.0014580882352941175
-0.0011783088235294119
0.001511029411764706
-0.0007279411764705884
-0.0015500000000000004
4.301470588235241e-05
0.0007356617647058821
0.0002731617647058824
-0.001020955882352941
0.0020904411764705883
-0.0005963235294117649
-0.001057720588235294
0.0006602941176470589
-0.0014522058823529414
0.0007823529411764704
0.0006246323529411765
-0.00025404411764705847
3.088235294117695e-05
0.0003044117647058822
-0.0010588235294117644
-1.1029411764705689e-06
-3.2720588235294186e-05
-0.0007124999999999998
0.0010290441176470586
0.0005735294117647062
0.00012683823529411746
0.000686397058823529
0.0008503676470588237
0.0017294117647058825
0.0013654411764705884
-0.00023198529411764732
0.0026058823529411766
0.0023415441176470584
-0.00040036764705882394
0.0016724264705882351
-0.0001720588235294116
0.0010643382352941175
-0.0009062500000000002
-0.0006386029411764707
4.742647058823558e-05
-0.0007551470588235296
-0.002025
0.000200735294117647
8.23529411764705e-05
0.000764705882352941
0.003976470588235294
0.0002735294117647061
-0.0020827205882352935
0.0012863970588235295
0.0011066176470588237
-0.0007750000000000005
-0.00010955882352941179
-0.0011205882352941176
0.002140808823529411
0.001421691176470588
0.0012926470588235294
0.0005827205882352939
-0.0005937500000000002
-0.0013463235294117648
0.0018356617647058825
0.000623897058823529
-0.000135294117647059
-0.0017121323529411768
-0.0012253676470588236
9.448529411764711e-05
-0.0002830882352941175
0.0008124999999999999
-0.0014136029411764704
-0.0009672794117647061
-0.0002279411764705885
-0.0016724264705882353
-0.0009055147058823527
-0.0013555147058823532
0.0028713235294117643
-0.0010841911764705883
0.0003613970588235295
1.0294117647058965e-05
0.0022113970588235293
-0.0010562499999999995
0.0006533088235294121
5.000000000000003e-05
0.0002522058823529413
-0.0017345588235294117
-0.00027389705882352943
0.0008768382352941174
0.0015264705882352936
6.911764705882356e-05
0.001522058823529412
0.001015073529411765
-0.0006194852941176473
-0.0003911764705882353
0.001718014705882353
0.0017312500000000008
-0.001244485294117647
-3.8235294117646825e-05
-0.000457720588235294
0.0009742647058823528
0.00031360294117647065
-0.0015415441176470587
0.0009742647058823525
-0.0009363970588235295
-0.002800367647058823
0.0003591911764705884
-0.001102941176470588
-0.0031073529411764704
-0.0007316176470588236
-0.0002062499999999999
-0.0022764705882352934
0.003822426470588235
0.001768014705882353
0.0013352941176470589
-0.002540441176470588
0.0017330882352941173
-0.000513235294117647
-0.0013749999999999997
-0.002215441176470588
-0.0008455882352941179
-0.001731985294117647
-0.001768382352941177
0.0012165441176470587
0.0013444852941176463
0.0005676470588235299
-0.0009529411764705882
-0.001304779411764706
0.0006911764705882351
0.0004922794117647056
0.00013713235294117646
0.0011180147058823526
0.0019797794117647053
-0.0011261029411764702
0.0005893382352941175
0.0009143382352941175
-0.0003261029411764711
-0.0007330882352941173
-0.0006051470588235293
-0.0012702205882352943
-0.0004029411764705882
0.0009183823529411763
-3.272058823529449e-05
-0.0005216911764705885
-0.0023580882352941175
0.002147794117647059
0.0014823529411764705
0.0007360294117647058
3.125000000000003e-05
-0.0030036764705882353
7.022058823529445e-05
-0.00017242647058823528
-0.00045808823529411784
0.0013099264705882356
0.0013279411764705882
-0.0009875000000000003
0.00020441176470588219
0.0004139705882352943
-0.0011790441176470587
-0.0003753676470588234
0.0027389705882352945
0.0030933823529411763
0.0013231617647058828
0.0015121323529411765
3.308823529411778e-05
-0.0011084558823529413
-0.0003499999999999996
0.0019172794117647057
0.0003257352941176473
-0.001266911764705882
0.00036323529411764707
0.0010191176470588236
2.20588235294124e-06
0.00039779411764705907
0.00028823529411764703
-0.0019805147058823526
-0.0019194852941176472
0.0008261029411764705
0.000433455882352941
0.0009481617647058824
-0.0027849264705882355
-0.0020176470588235294
-0.00017389705882352944
0.0010500000000000004
-0.0007419117647058822
-0.0004191176470588232
0.0012500000000000002
0.000992279411764706
0.0008198529411764709
-0.0025183823529411767
-0.0002650735294117646
-0.00040110294117647077
0.0004334558823529412
0.0009113970588235295
0.0010522058823529414
0.0006275735294117647
0.0013584558823529413
-0.000888970588235294
0.00037904411764705885
0.0014816176470588234
0.000884558823529412
0.0014827205882352937
0.0005088235294117647
0.001649264705882353
-0.0018761029411764705
0.0006808823529411763
-0.0015051470588235297
0.00024558823529411745
0.0008463235294117648
0.0003772058823529409
-0.00024264705882352957
0.0019430147058823533
-0.0008893382352941177
-0.0005672794117647058
0.00193125
0.0024845588235294118
-0.0004731617647058828
0.00027022058823529397
0.0006580882352941177
-8.713235294117636e-05
-1.911764705882377e-05
-0.00185625
-0.0013077205882352939
0.000516176470588235
0.0004150735294117644
-4.117647058823545e-05
0.0006073529411764708
-0.000227573529411765
-0.001461029411764706
0.0008481617647058824
0.0001073529411764704
-0.0018584558823529409
2.9411764705882225e-05
0.0016930147058823529
0.0009187500000000001
-0.0013455882352941177
0.00032867647058823545
0.000246691176470588
0.00013161764705882348
0.00022058823529411744
-0.00014154411764705915
0.0005393382352941175
0.0006735294117647055
-0.0011919117647058825
0.0014897058823529414
0.003290073529411765
-0.00037316176470588244
0.002758823529411765
-0.0009540441176470589
-0.0008386029411764706
-0.0011676470588235291
-0.00021801470588235286
0.0018356617647058825
-4.7058823529411835e-05
-0.0010345588235294119
0.0006033088235294113
0.0006591911764705883
0.0022040441176470584
0.0013400735294117646
-3.6764705882338687e-07
-0.0009088235294117648
-0.0001382352941176471
-0.0023687499999999998
-0.00029852941176470606
0.0005224264705882355
-0.0019463235294117647
0.0006496323529411762
-0.0017113970588235297
-0.0005183823529411765
-0.00011617647058823505
-0.0009088235294117644
-0.001210294117647059
-0.000664705882352941
-0.0007143382352941178
0.0009647058823529413
0.0001352941176470588
-0.00034374999999999987
-0.0006764705882352937
0.0011595588235294118
-0.0015018382352941177
-0.0017238970588235294
0.0006261029411764709
-0.000559191176470588
6.838235294117619e-05
-0.0005830882352941175
-0.0007562499999999998
-0.00027683823529411737
0.0011683823529411769
-0.00024816176470588217
0.0012709558823529412
-0.0008238970588235292
-0.001433455882352941
0.0005202205882352944
-0.00041102941176470603
-0.00022389705882352884
7.977941176470577e-05
-0.0023507352941176474
0.0005566176470588234
-0.00061875
0.0018878676470588233
-0.0003709558823529412
-0.001683823529411765
0.0021073529411764704
-0.0008628676470588233
0.0005481617647058825
-0.00012242647058823488
-0.0007485294117647058
4.044117647058827e-05
-0.0016533088235294122
0.0014316176470588232
0.000315441176470588
-0.001509926470588235
0.0018816176470588235
3.419117647058824e-05
-0.0008419117647058824
0.000190808823529412
-0.001226102941176471
0.000923529411764706
0.0010669117647058824
-0.0005919117647058824
-0.000650735294117647
-0.0006805147058823531
-0.001347794117647059
-0.00034558823529411777
0.00023235294117647051
-0.0009874999999999999
0.0016400735294117646
0.0012106617647058828
0.0020088235294117647
-0.0005830882352941177
0.0016525735294117647
0.0019996323529411766
0.0005150735294117649
0.0024191176470588238
-0.0002893382352941177
-0.00040625000000000014
-0.0020665441176470588
-0.0009172794117647057
0.0009286764705882355
0.0015356617647058826
0.00045367647058823545
0.002290073529411764
-0.0002077205882352943
-0.0004165441176470587
0.0021147058823529413
-0.00011801470588235291
-0.0018500000000000003
-0.0003371323529411764
0.003055147058823529
-0.0014915441176470588
-0.000480514705882353
-0.00025735294117647093
-0.0016319852941176472
0.0011827205882352944
0.0026077205882352942
0.0009893382352941177
-0.0010827205882352937
-0.0020933823529411763
0.0015768382352941176
-5.8088235294117574e-05
-0.0016091911764705882
-0.0003882352941176471
-0.001286764705882353
0.001324264705882353
-0.0002639705882352942
0.0014955882352941175
-0.00041948529411764716
-0.0014738970588235292
0.0007183823529411765
-0.0005264705882352943
0.0013911764705882355
0.0013691176470588236
0.0004404411764705882
0.0005044117647058826
0.0003680147058823531
-0.0011272058823529412
-5.330882352941161e-05
0.000519485294117647
-0.0009970588235294117
-0.00244375
0.0021647058823529414
0.0010893382352941175
0.0006533088235294118
-0.0011455882352941176
9.926470588235318e-05
-0.0005753676470588236
0.0012632352941176468
-0.0013867647058823532
0.0008584558823529412
-0.0009522058823529412
0.0013904411764705882
0.00014852941176470626
-0.0010897058823529408
-0.0006143382352941176
-0.0010231617647058827
-2.499999999999985e-05
0.0017882352941176476
0.0013448529411764704
0.001129779411764706
-0.0011444852941176473
-0.0008790441176470591
0.0038047794117647056
5.7720588235294394e-05
-0.002716176470588235
0.0020205882352941178
0.0003481617647058824
-0.0013091911764705883
0.0021003676470588237
0.0017705882352941175
-0.001381617647058823
-0.00016691176470588203
-0.0019911764705882354
-0.0011610294117647057
0.0005132352941176467
0.0016047794117647059
0.0006639705882352941
-0.0006297794117647059
0.00038823529411764724
0.0006227941176470588
-0.001199264705882353
0.0003724264705882353
-0.002570588235294118
0.0016856617647058821
-0.00018566176470588222
-0.0009018382352941179
-0.0003474264705882353
0.0002511029411764705
-0.0008900735294117649
0.0004007352941176472
0.00012683823529411792
0.0010746323529411768
0.0011014705882352938
6.139705882352919e-05
0.00011948529411764735
-0.0017492647058823527
0.00053125
-0.0005610294117647058
-0.0009775735294117645
-0.0003492647058823532
-0.0015959558823529405
-7.610294117647052e-05
0.00035698529411764705
-0.0014088235294117647
0.0005422794117647058
0.00011286764705882354
0.00014044117647058868
0.00015073529411764684
-0.000777941176470588
0.001304411764705882
0.0007595588235294118
-0.00031066176470588244
-0.0009602941176470588
-0.0006308823529411763
-0.0013647058823529417
-0.0012908088235294114
0.00033897058823529415
0.0005746323529411763
0.0008919117647058823
-0.0028783088235294118
0.0009345588235294119
0.0008463235294117649
0.001399264705882353
0.0010367647058823534
0.00171875
-0.001514705882352941
-0.0005970588235294117
-0.0024224264705882356
0.001068014705882353
0.00169375
1.80147058823531e-05
-0.0035882352941176473
0.00016764705882352972
0.0019191176470588235
-0.0016669117647058825
-0.00045036764705882353
-0.0008202205882352942
0.0014750000000000002
0.00048308823529411753
0.0016580882352941178
-0.0003430147058823528
-0.001980514705882353
-0.00036801470588235284
0.00021544117647058836
-0.0015591911764705883
-0.0017522058823529407
0.0017992647058823529
-0.0005628676470588236
0.0004908088235294115
-0.00048749999999999987
0.00033382352941176477
0.0008069852941176474
-0.0019352941176470587
0.0002617647058823531
-0.0001294117647058824
0.0008738970588235295
0.0014893382352941177
0.0006433823529411767
0.0012330882352941178
-7.058823529411763e-05
0.001984558823529412
-0.0013011029411764705
0.0009437500000000004
0.00200625
-0.0009492647058823529
0.0005849264705882357
-0.00030661764705882354
0.0041860294117647065
-0.0005047794117647062
0.0016231617647058823
0.0034566176470588236
0.0017863970588235295
0.0017481617647058822
0.0026386029411764704
0.00016029411764705904
-0.0022735294117647055
-0.0006595588235294116
0.0008823529411764706
-7.941176470588239e-05
-0.001333088235294118
-0.001666544117647059
0.003121323529411765
-0.00019889705882352975
0.0005698529411764708
0.0024974264705882356
0.0012834558823529411
0.00027279411764705885
0.002727573529411765
0.00039669117647058843
-0.0016830882352941176
-0.0004897058823529414
-0.0018790441176470593
0.0015474264705882354
5.9558823529412044e-05
0.0015209558823529412
0.0007496323529411763
0.0006422794117647061
0.0011518382352941178
-0.001429044117647059
-0.0007738970588235292
0.000955514705882353
-0.0014231617647058826
-0.0002481617647058824
-0.0008169117647058824
0.0002110294117647056
0.00017794117647058834
-0.0024154411764705885
-4.411764705882377e-06
-0.0006386029411764704
0.0016400735294117646
-0.0007988970588235291
-0.0011893382352941178
-0.0005275735294117648
0.0006139705882352942
0.0013124999999999994
0.0025238970588235296
-0.001072794117647059
-0.00019044117647058767
-0.00019926470588235324
-0.000844485294117647
4.9632352941176415e-05
-0.00037389705882352937
-0.0005908088235294116
0.0030727941176470585
-0.0013330882352941178
-0.0010452205882352942
5.257352941176473e-05
0.0003150735294117646
0.0002522058823529411
-0.0009963235294117648
0.002305514705882353
0.0009312499999999999
0.002505147058823529
-0.0012305147058823528
0.001001470588235294
-0.0010886029411764707
0.002127205882352941
-0.001803308823529412
-0.0006886029411764705
-0.0004305147058823527
0.0020419117647058824
0.0002856617647058824
0.0006367647058823531
0.0003470588235294119
0.000275
0.0006959558823529412
-0.0010977941176470588
0.004497426470588236
0.0021044117647058824
0.0010669117647058824
-1.2867647058823643e-05
0.0006022058823529412
-0.00040220588235294097
0.002432352941176471
-0.001309558823529412
-0.0011477941176470596
0.00040772058823529433
-0.0011334558823529412
-0.002166544117647059
-0.0007669117647058823
-0.001638235294117647
0.0009496323529411766
-0.002328676470588235
-0.0003941176470588234
-0.00033198529411764726
0.0006974264705882352
0.0008437499999999998
0.0008731617647058823
-0.00010441176470588238
0.0002900735294117648
-0.0003783088235294119
0.001560294117647059
0.0005312499999999998
0.0008952205882352939
0.0010830882352941178
0.0012643382352941176
0.00044154411764705886
-0.0015533088235294122
-0.0003599264705882353
0.0014996323529411764
0.0004154411764705882
-2.2794117647058967e-05
0.0006036764705882352
0.0015029411764705875
-0.0007393382352941176
0.00018897058823529451
-0.002129044117647059
-0.0014551470588235295
-0.00015257352941176443
0.0018893382352941177
9.227941176470567e-05
0.0017808823529411764
0.00010477941176470608
-0.0010580882352941175
-0.0007952205882352939
-0.0004610294117647061
0.0004158088235294116
0.0008422794117647056
0.0006040441176470591
0.00043272058823529434
-0.0008533088235294115
0.0009584558823529411
9.485294117647095e-05
-0.00047352941176470565
0.0006602941176470588
-0.0005915441176470588
3.051470588235282e-05
2.022058823529421e-05
-0.0029238970588235298
0.0001926470588235294
6.1029411764705694e-05
0.002150735294117647
-0.0001830882352941177
-0.000587867647058823
0.0019544117647058825
-0.0009794117647058823
-0.0018536764705882353
-0.001978676470588236
-0.0016783088235294116
-0.00047169117647058835
-0.002539338235294118
0.0002694852941176471
0.00046727941176470563
-0.0004687500000000002
0.00014558823529411773
0.0004540441176470584
0.0007330882352941175
0.0003599264705882348
0.0014352941176470587
-0.0012477941176470587
-0.002310294117647059
0.0003477941176470589
-0.001520955882352941
-0.0005867647058823535
0.0008617647058823527
0.000718014705882353
-0.0021823529411764708
0.0006834558823529412
-0.00056875
-0.002213602941176471
0.0002959558823529411
-0.0014863970588235296
-0.0008499999999999998
0.000620220588235294
0.0016220588235294118
-0.0003650735294117648
-0.00046323529411764673
-0.0009437499999999999
