Value (HML) after publication (Fama-French 1992) · sign-flip|0.0018058679706601472
0.0014029339853300728
0.0025628361858190704
-0.0008039119804400981
-0.0016498777506112469
0.0015682151589242054
0.000875794621026895
-0.00246601466992665
0.0017765281173594135
-0.0003809290953545229
0.0005647921760391203
0.002741320293398533
-0.0006151589242053787
-0.0002894865525672369
-0.0008249388753056233
-0.00027677261613691953
-0.00048264058679706537
0.002200488997555012
0.0008185819070904649
-0.00012371638141809305
-0.0001887530562347184
-0.002011246943765281
-0.0017559902200488997
0.0002606356968215155
-0.0005980440097799507
-0.0011139364303178485
0.00015452322738386363
0.0012518337408312958
0.002128117359413203
-0.0016122249388753056
0.0002757946210268949
-0.0009227383863080686
0.0009041564792176047
-0.0008264058679706603
-0.001686552567237164
0.001693398533007335
-0.0030156479217603913
-0.001082151589242054
-0.001478239608801956
-0.0006948655256723715
0.003087530562347188
0.0004400977995110023
0.0008171149144254278
0.00298924205378973
0.0013662591687041569
0.002719315403422983
0.0004283618581907096
0.0003911980440097799
-0.0014229828850855742
-0.00016772616136919314
-0.005077261613691932
-0.00015305623471882648
-0.0005936430317848413
0.002717848410757946
-0.0007271393643031789
0.0014997555012224938
-0.0007853300733496331
0.0009970660146699267
-0.00017114914425427888
-0.0005975550122249388
-0.001105134474327629
0.0015466992665036671
-0.0009745721271393645
-0.00025476772616136935
-0.001345721271393643
0.0001955990220048896
-0.0002757946210268953
-0.0003295843520782401
0.0004704156479217606
0.0010581907090464547
-0.0026
0.0007251833740831294
0.0014596577017114915
-0.0012249388753056234
-0.00056919315403423
-0.00030904645476772624
0.0012616136919315405
-0.00032322738386308144
-0.0031770171149144255
0.0013599022004889977
-0.00034621026894865513
-0.001843520782396088
-0.0001173594132029341
0.0012655256723716384
-0.0012889975550122246
-0.00045134474327628346
-0.002888997555012225
1.1735941320293735e-05
-0.0010308068459657699
0.002111002444987775
-0.0031056234718826407
-0.002035696821515892
0.0008968215158924208
0.00015843520782396107
0.0003070904645476771
0.0012068459657701713
-0.0018449877750611246
-0.000553545232273839
0.0004845965770171145
-0.0015134474327628362
4.987775061124688e-05
-0.00037848410757946265
-0.0012929095354523225
0.0011246943765281174
-0.000504156479217604
0.0008845965770171152
-0.0019515892420537892
-0.001304156479217604
0.0006987775061124697
-0.001541320293398533
0.002963814180929095
1.271393643031801e-05
-0.0009535452322738385
0.000702200488997555
-0.0013242053789731052
0.00025183374083129553
0.0013349633251833737
-0.0008860635696821516
0.002970171149144255
-0.0012875305623471882
0.0022039119804400974
-0.00037555012224938856
0.00046845965770171173
-0.0026567237163814175
0.0007080684596577017
0.001657701711491443
-0.0017633251833740835
-0.001020048899755501
-0.0018322738386308067
-0.001714425427872861
-0.001354034229828851
0.0025222493887530565
-0.000398533007334963
-0.0022303178484107578
0.0031188264058679706
-0.0009418092909535455
0.0013276283618581912
-0.0007105134474327625
-0.00011638141809290921
-0.001961369193154034
0.0005437652811735939
0.0031677261613691932
-0.00018533007334963292
-0.0013716381418092908
0.0008259168704156478
0.001132518337408313
0.0010733496332518337
0.0014596577017114917
-0.0018801955990220046
0.0017056234718826411
-0.0018850855745721267
0.00026552567237163863
0.00010562347188264022
-5.4278728606357164e-05
0.0033848410757946214
-0.0002454767726161374
-0.001536919315403423
-0.0019975550122249388
0.0021633251833740835
0.005225916870415649
0.0024963325183374086
0.0019990220048899756
0.0012195599022004884
-1.5158924205378932e-05
0.0014753056234718825
0.0008611246943765283
0.00018924205378973084
-0.0015300733496332519
-0.005390709046454768
0.0015706601466992664
0.000536919315403423
0.00038777506112469453
0.001864547677261613
0.003272371638141809
0.0015726161369193153
-0.0022782396088019564
-0.00017555012224938866
-0.0013149144254278725
0.00016577017114914432
0.0018459657701711495
-0.0007628361858190713
0.0003075794621026895
-0.0009080684596577018
-0.0015134474327628362
0.002104156479217604
-0.0028601466992665037
-0.0015193154034229834
0.0007471882640586794
-0.0020484107579462106
-0.0008180929095354524
0.0012924205378973103
0.0007305623471882636
4.0097799511002304e-05
-0.0003511002444987771
-0.00018875305623471908
-0.0009364303178484104
0.0007628361858190709
0.002672371638141809
0.002484596577017114
-0.0013515892420537896
0.0006058679706601465
0.0012694376528117357
-0.0010435207823960876
0.0008234718826405868
-0.001152078239608802
-0.0027007334963325184
0.0009647921760391195
0.0029628361858190714
-0.0005603911980440094
-0.0021887530562347186
-0.00044449877750611254
0.0009515892420537897
6.797066014669924e-05
-0.001621026894865526
0.0023990220048899754
-0.0010229828850855747
0.0003354523227383861
0.003712958435207824
-0.001115403422982885
0.00018092909535452324
0.003402933985330073
-0.0005017114914425429
-0.0007633251833740835
-0.0025315403422982883
0.0015266503667481664
0.0001452322738386311
0.0025755501222493884
-0.0018533007334963325
-0.0031114914425427877
-0.0008249388753056231
-0.002125183374083129
0.0015286063569682155
0.0015569682151589238
-0.001977017114914426
-0.002151589242053789
0.00011687041564792145
-0.00032322738386308047
-0.0006718826405867973
0.0022435207823960877
-9.535452322738436e-05
-0.00045183374083129573
-0.0008469437652811737
-0.0003584352078239609
-0.0006899755501222494
0.0009682151589242054
0.0005026894865525674
-0.0018929095354523228
-8.068459657701705e-05
0.0017051344743276285
0.0012264058679706594
-0.00042249388753056236
-0.0003154034229828851
-0.00025378973105134504
0.0010444987775061123
0.0009872860635696823
-6.0146699266503896e-05
0.0010014669926650367
-0.0008352078239608802
0.00021760391198043976
0.0018621026894865525
-0.0016723716381418091
0.00097799511002445
-7.677261613691918e-05
0.0011877750611246944
0.0006860635696821518
-0.0003647921760391202
0.0012547677261613688
-0.00024156479217603898
0.0011378973105134473
-0.0006176039119804405
-0.0023154034229828846
0.0008195599022004889
-0.000412224938875305
0.00012909535452322748
0.0012053789731051342
-0.0014356968215158928
0.0024816625916870417
-0.002742298288508557
0.002596088019559902
-0.0015662591687041565
-0.004056234718826406
0.0006640586797066013
0.00013300733496332504
0.001628850855745721
0.0008963325183374082
0.00015403422982885072
0.0015921760391198038
-0.0010757946210268948
-2.591687041564751e-05
0.001091442542787286
0.0005608801955990219
0.0010933985330073353
0.0002557457212713935
-0.0005432762836185824
0.00029731051344743237
-0.0006977995110024451
-0.0007413202933985327
-0.0008039119804400977
-0.0008298288508557456
-0.0018019559902200492
0.0014929095354523228
0.0011691931540342294
0.0008513447432762835
-0.0011095354523227383
-0.0013799511002444997
-0.0017716381418092907
0.003435696821515892
-0.0013902200488997555
0.0010083129584352079
0.0019031784841075788
-0.0004875305623471882
0.0004836185819070908
0.0008215158924205378
0.0020772616136919314
0.0010577017114914427
0.000181907090464548
0.0003242053789731053
-0.0008508557457212719
0.0014542787286063571
-6.845965770171162e-05
0.00037114914425427864
0.0006674816625916871
0.0009755501222493888
-0.001225916870415648
-0.0008312958435207829
-0.002109535452322739
-0.0009339853300733496
0.0038933985330073346
-0.0003770171149144261
0.0010635696821515892
-0.0018171149144254283
0.0007726161369193158
-0.001102200488997555
0.0026694376528117363
-0.0006997555012224942
0.00030415647921760373
0.002586308068459658
0.0006498777506112465
0.0003628361858190707
-0.0008567237163814182
0.0006797066014669922
0.002088508557457213
-0.0005491442542787286
0.0009022004889975547
0.0016577017114914423
0.00057799511002445
4.9877750611247356e-05
-0.0023261613691931537
-0.0020958435207823964
0.002660635696821516
0.00042200488997555004
0.0013144254278728608
-0.0010948655256723715
-0.0007960880195599022
0.0020977995110024452
0.00010024449877750566
0.002656234718826406
-0.000597555012224939
0.0002562347188264059
0.0022792176039119804
0.001369682151589242
0.000850855745721271
0.0011951100244498782
0.00022249388753056172
-0.0004347188264058681
-0.0008528117359413203
-0.00047579462102689514
0.0008997555012224934
-3.227383863080696e-05
-0.002763325183374083
0.0010180929095354528
0.00036625916870415657
0.003844987775061125
0.0013613691931540339
0.0027775061124694377
8.068459657701719e-05
0.0015315403422982883
0.000192176039119804
0.0018356968215158926
-0.001707090464547677
-0.0010000000000000002
-0.0011359413202933985
0.000765281173594132
-0.0026899755501222497
-0.0018410757946210267
0.0004665036674816625
-0.0008640586797066017
-0.001575550122249389
-0.00020293398533007326
0.0005755501222493886
-0.0006347188264058678
5.8190709046454875e-05
0.0022503667481662596
0.00030757946210268955
-0.0004009779951100246
0.0008224938875305624
0.0032332518337408315
0.0005652811735941321
-0.0012048899755501225
0.0008322738386308065
-0.0015574572127139362
-0.0017633251833740831
0.0025110024449877754
0.0007731051344743275
0.0006718826405867969
0.000973105134474328
-6.8948655256724e-05
0.003099755501222494
-0.0008953545232273838
-0.0008601466992665036
-0.000912469437652812
-0.000775061124694377
0.003259168704156479
-0.0006132029339853298
0.0015613691931540342
-0.0016836185819070904
-0.0009427872860635693
0.0006317848410757944
-0.0017579462102689488
0.0017178484107579464
7.090464547677282e-05
-2.3471882640586656e-05
-0.0010488997555012226
6.35696821515893e-05
0.0011995110024449877
0.00042444987775061126
-0.0006019559902200485
-0.0007359413202933982
0.001508557457212714
-0.0007354523227383865
-0.0003603911980440096
-0.001961369193154034
-0.0016968215158924204
0.0011325183374083139
-0.00015354523227383856
0.0018273838630806843
0.001545721271393643
-0.0009520782396088024
0.002504156479217604
-0.0005955990220048902
-0.0016415647921760388
0.00023178484107579458
0.0022381418092909536
-0.0011828850855745722
0.002585819070904645
-0.000945721271393643
0.0024366748166259164
0.002666503667481663
0.0016596577017114916
-0.0005300733496332522
-0.0010083129584352076
0.0016322738386308068
-0.0032865525672371634
-0.00034278728606357
0.002661124694376528
-0.00031540342298288495
0.0007633251833740827
-0.002155012224938875
-0.00016479217603911973
-0.0010273838630806842
0.0009090464547677263
0.0013393643031784843
-0.0015525672371638146
0.0017183374083129582
0.0005863080684596574
0.0022816625916870416
0.001393154034229829
-0.0009530562347188265
0.002083618581907091
0.000836674816625917
-0.00034180929095354586
0.0004938875305623471
-0.0010836185819070902
0.00029535452322738346
0.0006753056234718828
-0.0017618581907090467
0.0025501222493887524
0.00011882640586797073
-0.002449877750611247
0.0009662591687041558
0.001823960880195599
-0.0020440097799511
0.0004039119804400979
-0.002911002444987776
-0.00033594132029339844
-0.00011638141809290975
0.00254278728606357
0.0012528117359413208
-0.0008943765281173592
-0.0012332518337408312
0.0010924205378973107
0.0017946210268948654
0.003166748166259168
-0.004475794621026895
0.000600488997555012
0.0023139364303178486
-0.00027530562347188246
0.0008127139364303179
0.002234718826405868
-0.0011555012224938879
0.00020929095354523257
0.001100244498777506
0.001241075794621027
-0.0013867970660146702
0.0019789731051344742
0.0028185819070904645
-0.0003819070904645478
0.0009374083129584352
0.00035012224938875316
0.0009980440097799512
-0.00148361858190709
-0.0017643031784841075
-0.0014063569682151588
0.0013364303178484108
-0.0016215158924205374
0.0009613691931540339
0.0013369193154034232
-0.0032850855745721274
-0.001667481662591687
-0.0002474327628361862
-0.00011002444987775084
0.0005770171149144258
-4.5476772616136694e-05
0.0003872860635696821
-0.0003525672371638139
-0.002678728606356968
0.00046356968215158976
-0.000299755501222494
-0.0001481662591687036
3.0317848410757865e-05
0.00024107579462102663
0.0004381418092909536
-0.0020953545232273844
0.0016479217603911985
9.535452322738374e-05
-0.0010347188264058682
-7.726161369193179e-05
-0.0005550122249388752
-0.00022982885085574573
-0.0012337408312958439
0.002258190709046455
-0.002566748166259169
0.0022557457212713933
-0.0014894865525672371
0.0007970660146699269
-0.002224449877750611
-0.003376528117359413
-0.0011354523227383867
-0.0013848410757946214
-0.0016317848410757944
0.0010464547677261611
-0.00022689486552567256
-0.0009398533007334965
0.0011144254278728609
0.0003276283618581907
0.00012665036674816644
-0.0003286063569682152
-0.0020630806845965766
-0.0018635696821515896
0.00046943765281173567
0.0002386308068459658
-0.0005613691931540346
0.00392078239608802
0.00017897310513447417
-4.6454767726161004e-05
-0.002390709046454767
-0.0003970660146699264
-0.0003222493887530563
0.0010586797066014673
0.0006366748166259169
0.0008488997555012224
-0.0005990220048899755
-0.0003897310513447434
-0.001273349633251834
-0.0019936430317848415
2.787286063569674e-05
0.00022249388753056227
0.002682640586797066
-0.002908068459657702
-0.0003168704156479213
-0.004019559902200489
0.0013315403422982882
4.547677261613693e-05
-0.0013183374083129587
-0.0005965770171149146
0.0002528117359413201
-0.0001926650366748163
-0.00019755501222493897
0.0002992665036674817
-0.00042885085574572134
0.00027334963325183355
-0.00013007334963325204
-0.0009599022004889975
0.0006968215158924204
0.0010449877750611238
0.0002733496332518336
-0.0003022004889975551
-0.002338875305623472
-0.002554034229828851
0.0015926650366748169
-0.0009432762836185817
-0.00023471882640586783
-3.0806845965770034e-05
-0.001260635696821516
-0.0024190709046454767
-0.003531051344743276
-0.0016381418092909533
-0.0013295843520782392
0.001923716381418093
0.0008415647921760396
0.002439119804400978
-0.0007911980440097802
-0.0026440097799511
-0.0006205378973105133
0.0021564792176039117
-0.0014381418092909537
0.0035506112469437653
-0.0009242053789731052
-2.0048899755501186e-05
0.0003540342298288511
0.00032860635696821514
0.0012097799511002448
-0.000770171149144254
0.00103520782396088
-0.0012019559902200485
-0.0008185819070904648
0.0011892420537897314
0.0007691931540342295
-0.0013286063569682154
-0.0012982885085574573
0.0004410757946210268
-0.0014860635696821514
-0.002515892420537897
0.00040537897310513436
0.0004224938875305629
-0.002534963325183374
-0.0019809290953545235
-0.00043325183374083115
0.0021481662591687043
-0.0016606356968215158
0.0017095354523227386
0.0016029339853300736
0.0008528117359413203
-0.00043178484107579424
-0.002287041564792176
-0.001037652811735942
0.0007672371638141809
0.001340342298288509
-0.0014601466992665033
-0.0034347188264058676
0.0014127139364303182
-0.002497310513447433
1.8581907090464808e-05
0.0030048899755501218
-0.0023960880195599017
-0.002936919315403423
-0.00183520782396088
0.0013217603911980437
0.002678728606356968
-0.0020552567237163808
-0.0007838630806845966
-0.0027310513447432756
-0.001250366748166259
-3.374083129584367e-05
-0.00023031784841075857
-0.000785330073349633
0.00034767726161369177
0.0024547677261613694
0.001159413202933985
-0.00030171149144254283
-0.0009613691931540348
-0.0007437652811735945
-0.003019070904645477
0.0003657701711491443
-0.0008440097799511001
-0.0015623471882640592
0.001671393643031785
-0.0006606356968215162
0.00342640586797066
0.0022102689486552564
0.0002567237163814186
0.00043374083129584407
-0.0012405867970660149
-0.002579462102689487
-0.0019334963325183376
0.0014127139364303177
-0.002041075794621027
0.0018880195599022002
-0.0005110024449877752
0.0004254278728606357
-0.0005863080684596579
0.00046112469437652805
0.0018440097799511
-0.000297799511002445
-0.00469242053789731
-0.0037246943765281175
-0.0006533007334963327
-0.0012004889975550119
0.002647921760391198
-0.0001452322738386311
0.0013031784841075792
-0.0011779951100244505
-0.00039657701711491485
-0.001811735941320293
0.0028997555012224936
-0.002604889975550122
0.0005789731051344746
0.0019261613691931541
-0.0005833740831295838
-0.00032518337408312986
-0.00015794621026894883
0.00039119804400977975
-0.0007926650366748168
0.0009051344743276285
1.418092909535425e-05
0.00012273838630806835
-0.001559413202933985
0.000815647921760391
0.002675305623471883
0.0019726161369193152
0.0009770171149144254
-0.0003085574572127136
-0.001291442542787286
0.0012400977995110027
0.0001056234718826409
0.00018044009779951136
-0.0021154034229828853
0.0020283618581907093
-0.0006914425427872859
-0.00029193154034229835
-0.0004811735941320297
-0.0015623471882640588
0.00014572127139364285
-0.0003819070904645481
0.0006459657701711488
-0.00025134474327628375
-0.0021965770171149144
-0.001045965770171149
-0.00043178484107579446
0.0015427872860635694
0.0029579462102689484
0.004104645476772617
-0.002015158924205379
-0.0003408312958435211
-0.0008870415647921761
-3.4718826405868286e-05
-0.002052322738386308
-0.00016332518337408306
0.00013154034229828854
0.0004058679706601465
-1.3202933985329977e-05
-0.001989731051344743
0.0010254278728606357
0.0001726161369193155
6.210268948655251e-05
0.00016870415647921708
-0.0021281173594132024
0.00019022004889975532
-0.0010488997555012226
-0.0006454767726161365
0.0006870415647921762
0.0012014669926650365
-0.0006625916870415647
0.0017457212713936434
-0.002144743276283619
-0.0024097799511002445
0.0018533007334963325
-0.000937897310513447
-0.0013369193154034234
-0.0004621026894865521
0.0017300733496332513
0.0023711491442542786
-0.002943276283618582
0.0018244498777506112
-0.0008268948655256724
-0.0005227383863080683
-0.0013369193154034228
2.8361858190709724e-05
0.0015202933985330072
-0.002417114914425428
-0.002722738386308068
-0.000895843520782396
0.00035794621026894895
0.0016601466992665036
0.001588264058679707
-0.0006088019559902199
1.4180929095354862e-05
-0.0015129584352078236
-0.0034899755501222496
0.00264841075794621
0.003987286063569682
-0.0010621026894865526
-0.0005095354523227386
-0.001735452322738386
-0.0038254278728606355
0.0018053789731051343
0.0011217603911980437
0.0007838630806845963
-0.0015872860635696817
0.0014567237163814178
0.0007887530562347191
0.0014518337408312956
-0.0023129584352078237
-0.001583374083129584
0.000452322738386308
0.0017246943765281176
-0.0014777506112469434
4.205378973105167e-05
0.0024557457212713934
0.003319315403422983
0.0006317848410757947
-0.002320293398533007
0.001780440097799511
-0.0015320293398533005
-0.00029046454767726193
-0.000421515892420538
0.0009246943765281171
-0.0013031784841075794
-0.00017701711491442535
-0.00127481662591687
-0.00015452322738386263
0.00054278728606357
0.0008875305623471887
-0.002982885085574572
-0.0004669926650366751
-0.002536430317848411
0.0011965770171149142
0.000667970660146699
-0.0009026894865525671
-0.0013657701711491444
-0.0011941320293398531
-0.00014278728606356917
-0.00017555012224938895
-0.0009618581907090465
-0.0030792176039119807
0.0022782396088019564
-0.00036332518337408275
-0.0011046454767726158
-0.00011344743276283608
0.00311882640586797
0.0009432762836185817
0.0006562347188264055
-0.0020762836185819074
-0.0012249388753056232
-0.000280684596577017
0.00305721271393643
-0.0008073349633251837
-1.0757946210268714e-05
-0.001619070904645477
-0.0024694376528117366
0.0020880195599022
-0.0004136919315403422
0.0018806845965770175
0.0006733496332518337
0.0002327628361858191
-0.001583863080684597
-0.00029193154034229835
0.0034885085574572127
-0.0027124694376528115
0.0010088019559902205
0.003449388753056235
-0.0011701711491442543
0.00032469437652811765
0.002145721271393643
-0.00057799511002445
-0.0024215158924205376
0.002524205378973105
0.0003242053789731051
-0.0005887530562347188
0.003323716381418093
-0.00123520782396088
-0.0010929095354523227
-0.0003325183374083131
0.0025701711491442547
3.7163814180928836e-05
0.00198679706601467
-0.0005188264058679705
0.0007990220048899762
0.0017931540342298288
0.0008762836185819071
-0.0004156479217603914
-0.002335452322738387
0.001961369193154034
0.00030268948655256704
-0.0009149144254278727
-0.0024092909535452325
0.0012723716381418087
-0.0023447432762836186
-0.0006630806845965772
0.0011682151589242045
0.0005031784841075794
0.0019740831295843525
0.0007354523227383862
0.001115403422982885
-0.0004933985330073349
-0.0006210268948655256
0.002072371638141809
-0.0019887530562347185
0.0010836185819070904
-0.001749633251833741
0.002540342298288509
0.002574083129584352
-0.0012347188264058679
0.0007330073349633253
-0.0012396088019559904
-0.0017706601466992663
-0.001971638141809291
0.0007041564792176034
0.0016024449877750607
0.00035305623471882606
0.0005706601466992666
-0.0007525672371638146
-2.2004889975550278e-05
0.001102200488997555
-0.0008019559902200491
-0.0005178484107579462
0.0002973105134474325
0.0011202933985330077
0.0008244498777506107
-0.0013853300733496336
-0.002231295843520782
4.889975550122253e-06
-0.00045623471882640603
0.00043080684596577003
-0.0005349633251833739
0.00043667481662591664
0.002260635696821516
0.0015149144254278729
-0.0010694376528117362
-0.0010107579462102691
0.0007799511002444988
0.0016581907090464552
0.0028557457212713936
-0.0016415647921760386
0.0008488997555012224
-0.001689975550122249
-0.0007330073349633253
-0.0009100244498777506
-0.0033374083129584357
0.00053838630806846
0.002056234718826406
0.0006107579462102688
0.00011246943765281184
-0.00016870415647921749
-0.0008479217603911979
0.002958435207823961
-0.003179951100244499
-0.000602444987775061
0.0022342298288508555
0.0017447432762836184
-0.00025623471882640637
0.00011980440097799542
-0.0008141809290953549
0.0004176039119804405
0.0007716381418092908
6.210268948655265e-05
8.264058679706635e-05
-7.139364303178486e-05
-0.001671882640586797
-0.0022498777506112476
0.00038973105134474376
-0.001571638141809291
0.0020987775061124697
-0.0008552567237163814
-0.001831295843520782
-0.0014249388753056237
0.000680684596577017
0.0009481662591687037
0.001502689486552568
0.0009643031784841079
0.002833251833740831
0.0022293398533007333
-0.0012777506112469437
0.0003403422982885087
-0.00014474327628361837
-0.0006968215158924204
-0.0018973105134474332
-0.0036268948655256714
0.00041515892420537927
0.00017848410757946234
-0.0030083129584352075
0.0020048899755501217
0.0015872860635696819
-0.0011271393643031784
0.0005310513447432763
0.0009843520782396088
-0.0003867970660146702
-0.0004034229828850855
0.0006000000000000001
0.004427383863080684
0.0013828850855745719
0.00046552567237163845
-0.0009613691931540337
0.00015256723716381405
0.0009266503667481662
0.0001012224938875304
0.0005290953545232271
-0.0004044009779951104
0.0018264058679706603
0.0007359413202933986
-0.0002958435207823959
-0.0015887530562347192
0.0027814180929095354
0.002335452322738387
0.001528606356968215
-0.0006278728606356966
0.0036743276283618576
0.003163325183374083
-0.003249877750611247
0.0024415647921760385
-0.0011848410757946213
0.000451833740831296
-0.000693887530562347
0.00047921760391198047
-0.001999022004889975
-0.0006102689486552565
0.0010591687041564795
0.002099755501222494
0.00011149144254278709
0.001919804400977995
-2.2982885085574653e-05
-3.7652811735940703e-05
-0.001334474327628362
-9.242053789731092e-05
0.0026430317848410755
0.0027657701711491438
0.00016625916870415623
-0.0044171149144254275
-0.003246943765281174
-0.0018943765281173592
0.0025672371638141805
-0.0012757946210268946
-0.0006611246943765283
0.0003022004889975551
-0.00043863080684596604
-0.0017760391198044013
0.0006826405867970663
-0.00028801955990220054
-0.000446943765281173
0.0005828850855745722
0.0005154034229828854
0.001353545232273839
0.0002220048899755503
0.0023114914425427877
0.0029393643031784844
0.002534963325183374
-0.0006841075794621031
-0.00038826405867970664
0.0001066014669926647
-0.00023765281173594106
0.0029090464547677267
-0.0007036674816625918
0.0007334963325183377
0.0007911980440097802
-0.0018537897310513447
-0.0036831295843520774
-0.0010063569682151588
0.0004166259168704155
-0.0011589242053789731
0.0001476772616136918
0.00039559902200489016
-0.0003946210268948656
-0.00336039119804401
0.001598044009779951
0.000726161369193154
-0.00021418092909535454
0.0012332518337408306
0.000487530562347188
0.0019290953545232272
-0.0009007334963325184
-0.0014317848410757945
0.0005476772616136919
0.001847432762836185
0.0007100244498777511
-0.0005828850855745724
0.0006317848410757947
-0.0006821515892420536
0.0006635696821515889
0.0022625916870415647
-0.0006552567237163816
-0.00255158924205379
-0.00019462102689486548
-0.0010420537897310512
-0.0025760391198044012
0.00041760391198043996
5.770171149144257e-05
-0.00019853300733496332
-0.0030073349633251835
0.001534474327628362
-1.662591687041626e-05
8.801955990220064e-05
0.0002132029339853296
-0.0025784841075794616
-0.0008665036674816627
-0.0007256723716381419
0.0007745721271393642
-0.0009760391198044012
-0.0026337408312958432
-0.0002718826405867974
0.0013413202933985331
0.00020586797066014648
0.0021716381418092913
-0.0015349633251833742
0.0024048899755501224
-9.828850855745738e-05
2.4449877750611065e-05
-0.0005193154034229826
-0.0028831295843520788
-0.00023276283618581896
0.000930073349633252
0.0018635696821515892
0.0011144254278728607
0.0003731051344743277
-0.0017848410757946216
0.0015750611246943768
0.004268459657701711
0.00011295843520782393
-0.0014850855745721272
0.0012356968215158925
-0.0011946210268948658
-0.004488997555012224
0.00012469437652811713
0.0014572127139364304
0.001655256723716381
8.557457212713941e-05
0.002178973105134474
-0.0012283618581907095
0.0016699266503667483
-0.0004909535452322737
-0.002039119804400978
0.00208361858190709
0.0008684596577017113
0.0011506112469437653
8.606356968215168e-05
-0.0016454767726161367
0.0020166259168704166
-0.00030562347188264015
0.0008342298288508559
-0.0003198044009779948
0.0015907090464547674
-0.002291931540342298
-0.0017711491442542785
0.00017310513447432778
0.002078239608801956
0.001243520782396088
0.0004845965770171153
-8.11735941320299e-05
0.0004034229828850858
-0.002200977995110024
0.0003946210268948655
0.0015740831295843521
-0.0009603911980440094
0.0012151589242053794
9.144254278728617e-05
0.00046845965770171135
0.0020968215158924204
6.845965770171074e-06
-6.894865525672386e-05
-0.0006782396088019556
-0.0009838630806845966
0.0020557457212713936
-0.00017701711491442535
-0.00014132029339853285
0.0019486552567237168
0.0009775061124694378
0.0015750611246943763
0.0014088019559902198
0.00036577017114914435
0.0012831295843520783
-0.0018655256723716384
-5.672371638141856e-05
-0.000679706601466993
-0.0005374083129584352
0.0010709046454767729
-0.0007628361858190709
0.0029476772616136913
2.4449877750610997e-05
0.000741809290953545
-0.0002973105134474323
-0.0008929095354523231
-0.0013877750611246944
-0.0006997555012224943
0.0010816625916870415
-0.001593643031784841
0.0006014669926650365
0.001677261613691932
-0.0015290953545232275
-0.00037750611246943773
0.00025916870415647916
0.0021545232273838632
-0.0003985330073349636
0.0029212713936430314
0.0024581907090464542
-0.0006567237163814185
-0.001363814180929095
0.0008743276283618586
-0.0007393643031784844
-0.0011970660146699264
0.0009056234718826403
0.0004919315403422982
-9.388753056234717e-05
-0.0020327628361858194
0.0008488997555012224
0.0014176039119804394
-0.0013026894865525674
-0.00022298288508557472
-0.0021178484107579466
-0.0017833740831295845
-0.0016405867970660148
-0.0001916870415647921
-0.0009491442542787291
-0.0028968215158924207
-0.00035550122249388734
-0.0003814180929095354
-0.00041613691931540353
0.0001711491442542786
0.0016889975550122252
0.004031295843520783
0.0025119804400978
-0.0007022004889975556
0.0014405867970660147
-0.0006533007334963325
0.0010019559902200493
0.0007726161369193157
-0.003517848410757946
-0.0011051344743276284
-0.0017564792176039121
-0.0023667481662591684
-0.0034405867970660146
-0.0001154034229828852
-0.0010073349633251836
0.0018865525672371634
0.0018420537897310516
0.0001799511002444987
-0.0009887530562347191
-0.003792176039119804
6.259168704156482e-05
-0.0029628361858190714
-0.0025809290953545234
-6.11246943765282e-05
0.002581907090464548
-0.0009892420537897311
-2.102689486552512e-05
-0.00010317848410757923
-5.085574572127149e-05
0.0006337408312958434
0.0007251833740831291
-0.0015095354523227383
-0.0019183374083129583
0.0013452322738386308
0.0017779951100244502
-0.0005515892420537896
2.9339853300733794e-05
0.0012518337408312956
0.0003765281173594138
0.0015036674816625917
0.0007002444987775061
0.0032533007334963325
0.0027349633251833746
-0.0023735941320293394
-0.0013711491442542786
0.0013931540342298286
0.0035271393643031787
-0.0009374083129584351
0.0028034229828850857
-0.0034841075794621035
0.002353056234718826
-0.00035452322738386313
-0.0023305623471882642
0.0007887530562347188
0.0008743276283618586
-0.0003119804400977992
0.0017041564792176036
0.002533007334963325
0.0008801955990220046
0.00032909535452322795
8.312958435207995e-06
0.001273349633251834
0.0029735941320293393
0.000406845965770171
-0.0005828850855745717
-0.0009511002444987775
-0.0029447432762836193
0.0017139364303178474
-0.000489486552567237
-0.0028508557457212714
0.0003183374083129584
4.0586797066014544e-05
0.00252958435207824
-0.002410268948655257
-0.0025902200488997556
9.975550122249376e-05
-0.0011046454767726158
-0.0014665036674816627
0.0013603911980440103
0.0005965770171149143
0.0004415647921760392
-0.00034963325183374116
0.00021124694376528064
0.0009085574572127138
-0.0015056234718826404
0.004273838630806846
-0.0008567237163814182
-0.000440097799511002
0.0031080684596577015
0.0023555012224938878
0.001976039119804401
-0.0006205378973105132
-0.00038141809290953544
-0.0007970660146699269
0.001017114914425428
0.0005819070904645477
0.0019154034229828848
-0.0009095354523227383
-0.001422493887530562
-0.0010215158924205376
0.0015242053789731051
0.001114425427872861
-0.0018772616136919311
-0.002515892420537897
-0.0014381418092909532
-0.000162836185819071
-0.0006356968215158927
0.002946699266503667
0.0004973105134474325
-0.002710513447432763
-0.001421026894865526
-0.003814669926650367
1.760391198044006e-05
-0.000867970660146699
0.0018102689486552566
0.0006772616136919314
0.00018875305623471868
0.001780440097799511
0.0008210268948655251
-0.00032127139364303205
0.0005819070904645475
-0.003127628361858191
0.003497310513447433
0.00046943765281173545
-0.004804889975550122
9.633251833740867e-05
0.0014029339853300733
0.001799511002444988
-0.002177506112469438
0.0009623471882640586
0.0011814180929095354
0.001715892420537897
0.0004400977995110023
0.0006249388753056236
-0.002908068459657702
-0.00013643031784841067
0.0009100244498777508
0.0007848410757946209
0.002012224938875306
-0.0010562347188264065
-0.0005471882640586795
0.0035462102689486556
-0.0005466992665036675
-0.00010757946210268944
0.0009246943765281175
-0.0019667481662591687
0.00048019559902200457
0.0007496332518337404
0.001221026894865526
0.0009506112469437653
-0.0014953545232273841
-0.0016865525672371633
0.00043374083129584326
-0.0007369193154034228
-0.00027726161369193175
-0.00158239608801956
-0.0013794621026894862
0.0020322738386308074
0.0001452322738386306
-0.0021667481662591692
0.0016591687041564791
-0.0005466992665036675
-0.001562347188264059
0.001080195599022005
-0.0007999999999999998
-0.0018400977995110023
-0.0009354523227383862
0.0039951100244498775
0.0003789731051344744
-0.0019657701711491443
0.0031310513447432766
0.002699266503667482
-0.00201320293398533
-0.00034621026894865513
0.0004107579462102693
0.00013985330073349632
-0.0015946210268948657
-0.0015061124694376528
0.002246454767726162
-0.0006166259168704151
0.001456234718826406
-0.0006479217603911982
-0.001200488997555012
-0.0010254278728606357
-0.0007779951100244506
-0.0019422982885085574
-0.0016312958435207821
0.0020801955990220047
-0.0012063569682151584
0.0007188264058679702
-0.0008347188264058682
0.0008797066014669931
-0.0001198044009779948
-0.0036718826405867967
0.0016156479217603911
-0.00022347188264058688
0.0006577017114914422
0.002
-0.0015696821515892418
0.0005721271393643027
0.0003061124694376529
0.0019775061124694374
0.001152567237163814
0.00043422982885085547
0.0004229828850855747
0.0005251833740831296
-0.0007823960880195598
-0.002040097799511003
-0.0006288508557457214
-4.938875305623444e-05
-0.0021359413202933987
0.004450366748166259
0.0013877750611246944
0.0008508557457212716
-0.0007965770171149141
4.792176039119833e-05
-0.0017838630806845967
-0.0028259168704156483
0.0005838630806845964
-0.0007887530562347192
-7.139364303178414e-05
6.112469437652803e-05
0.000996577017114914
-0.0018899755501222497
0.0006533007334963328
0.0020166259168704157
-0.0014488997555012228
0.0001603911980440099
-0.00029290953545232245
-0.0019139364303178488
0.002232762836185818
-0.003212713936430318
0.002555012224938875
0.00023471882640586765
0.0007691931540342301
0.0007056234718826412
-0.002484596577017115
0.002264058679706601
-0.0006894865525672371
0.0008753056234718826
-0.00208997555012225
-0.00011589242053789703
0.001521271393643032
-3.814180929095416e-05
-0.00039559902200488956
0.00018288508557457247
-0.0024000000000000002
-0.0004572127139364303
0.0016880195599022008
0.00015501222493887528
0.001614669926650367
-0.0009936430317848408
-0.0007662591687041564
0.0010180929095354515
0.0010562347188264062
-0.0008728606356968215
-0.0009114914425427872
-0.0016391198044009778
-0.0004914425427872856
-0.0015814180929095356
-0.0037814180929095363
0.0017853300733496327
-0.00181760391198044
-0.0008518337408312958
0.0028400977995110023
0.003718826405867971
0.001091442542787286
0.0003051344743276284
-0.0016650366748166257
-0.0017965770171149147
0.0011202933985330072
-0.0032171149144254274
0.0014806845965770169
0.0005012224938875307
-0.0005877750611246948
-0.0004459657701711493
0.0011985330073349633
0.001822982885085575
0.0010444987775061127
0.00032029339853300735
0.0021911980440097803
0.0025193154034229832
0.00045867970660146677
0.002983374083129585
0.0022479217603911983
-0.001291442542787286
-0.004093887530562347
-0.0022826405867970665
0.0006601466992665036
-0.0007212713936430316
0.0010097799511002443
-0.0009051344743276285
-0.0002171149144254277
0.0015422982885085574
7.33496332518338e-05
-0.0012
-0.0025921760391198036
0.001721271393643032
-0.00313398533007335
-0.0016621026894865524
-0.0007760391198044007
-0.0005085574572127146
-0.002383863080684597
-7.530562347188236e-05
0.0004787286063569676
0.0020464547677261614
-0.0005511002444987776
-0.002844009779951101
-0.003566748166259169
-0.0010268948655256724
0.0006014669926650362
-0.00045623471882640587
-0.0012166259168704156
-0.0010792176039119807
0.0011481662591687042
0.00011882640586797087
-0.0012753056234718822
0.00038435207823960855
0.0007770171149144255
0.0022298288508557458
0.0005814180929095356
-0.002850855745721272
5.623471882640599e-05
-0.0010268948655256724
0.0049251833740831304
3.4229828850854353e-06
0.00026063569682151564
0.00227237163814181
0.000535452322738386
0.0006875305623471882
0.00015599022004889998
2.885085574572135e-05
0.001854767726161369
-0.0014552567237163814
0.0021809290953545223
-0.0011110024449877754
-0.0012019559902200496
-0.0016410757946210268
5.8679706601466776e-05
0.0015525672371638141
-0.0014547677261613691
0.0007290953545232272
0.000665525672371638
-0.001088508557457212
-0.00022200488997555065
0.0016019559902200487
-0.0004210268948655252
0.0014904645476772613
0.0012479217603911978
0.0016660146699266503
-0.0008728606356968213
-0.0003066014669926649
-0.00048312958435207823
-0.0012234718826405863
-0.0004640586797066016
0.0003687041564792176
-0.00029779951100244474
-0.001431784841075795
-0.0021466992665036674
0.003643031784841076
-0.0023618581907090463
-0.000540831295843521
0.002730073349633252
-0.001836185819070905
0.0011564792176039123
0.0018992665036674816
0.0025555012224938865
-0.0012146699266503672
0.003313936430317848
-0.0009305623471882636
0.002184352078239609
0.0018127139364303175
-0.000972127139364303
-0.0012943765281173596
-0.002200977995110024
0.0013325183374083129
0.001595110024449878
0.0012034229828850858
-0.002617114914425428
-0.002682151589242054
0.0012083129584352075
0.0011682151589242052
-0.00035794621026894846
-0.000995110024449877
0.0022361858190709048
0.0001750611246943764
0.0006117359413202936
-0.0019603911980440097
-0.0015486552567237162
-0.0010107579462102691
-0.0013897310513447435
-0.002581907090464548
-0.00024107579462102736
0.001258190709046455
-0.0004645476772616138
0.001133007334963325
0.0007383863080684602
0.0002229828850855746
0.0015525672371638137
-0.0020112469437652816
-0.00040977995110024466
0.003578973105134474
-0.0010948655256723713
0.0020029339853300738
0.001057701711491442
0.0003100244498777503
0.0007501222493887527
-0.001843520782396088
0.0015975550122249388
-0.0025633251833740833
-0.0013056234718826403
-0.0022024449877750614
0.00011442542787286079
-0.003308557457212713
0.0006875305623471882
0.000871393643031785
-0.0008073349633251829
2.7872860635696993e-05
0.0016161369193154035
0.004730073349633252
-0.0003858190709046458
-1.0268948655256679e-05
0.00038337408312958445
-0.0006244498777506106
-0.0006298288508557456
-0.0023980440097799514
-0.0015198044009779954
5.134474327628363e-05
-0.0016547677261613694
0.0028889975550122253
0.0022083129584352084
-0.0009222493887530562
0.001415647921760391
0.003336919315403423
-0.0009007334963325185
0.00034229828850855775
0.0018801955990220046
0.0019980440097799503
-0.0019643031784841074
0.003167726161369194
-0.0022542787286063573
-4.058679706601468e-05
-0.0012845965770171147
-0.001415647921760391
-0.0008689486552567236
-0.002321271393643031
-0.00033105134474327674
-0.0009535452322738389
-0.002150122249388753
-0.0009286063569682151
0.0021046454767726162
0.0007305623471882641
-0.00017310513447432767
-0.0024053789731051343
0.0012298288508557458
-0.0010146699266503666
-0.0017442542787286064
-0.0009388753056234714
0.000225916870415648
-0.0010845965770171146
0.0009364303178484106
0.003160880195599022
-0.0011129584352078238
-0.002189731051344743
-0.002878728606356968
-0.0014850855745721272
0.0010469437652811733
0.0009647921760391192
-0.0016078239608801955
0.0007432762836185816
0.0018215158924205375
-0.00014278728606357
-0.001041075794621027
0.00026503667481662577
-0.0007960880195599024
-0.0010151589242053793
0.0028797066014669926
0.002427872860635697
0.002256723716381418
-0.0007965770171149147
0.0009926650366748166
0.00014572127139364255
-0.0004205378973105135
0.0020552567237163816
0.0017408312958435207
-0.00048312958435207877
-0.0006552567237163814
6.356968215158767e-06
-0.003033251833740832
-0.00015892420537897352
-0.0015740831295843524
-4.8410757946210026e-05
0.0012899755501222492
-0.00035256723716381417
0.0013232273838630808
0.00015061124694376552
-0.0003310513447432762
-0.000704156479217604
0.0018190709046454765
-0.0013677261613691933
-0.0008498777506112472
0.001091442542787286
-0.00019119804400977977
-2.7383863080684702e-05
0.0016777506112469437
-0.0006621026894865528
0.0011633251833740833
0.0015305623471882632
-0.002336919315403423
-0.0010621026894865526
0.0006601466992665031
0.00045281173594131983
0.0018019559902200492
8.019559902200454e-05
0.0010567237163814178
-0.0010753056234718832
0.00036234718826405886
0.0026831295843520783
0.0006992665036674818
0.0013603911980440099
0.00014278728606356998
-0.0014058679706601468
-0.001858679706601467
0.0003848410757946209
0.0018572127139364304
-0.0008914425427872859
0.0008958435207823965
-0.0028029339853300737
0.001559413202933985
0.0016268948655256727
0.0006156479217603914
0.002544743276283619
0.0012938875305623472
-0.0012146699266503667
-0.00020831295843520823
9.828850855745731e-05
-0.0007105134474327633
0.004150611246943765
-0.0007691931540342292
-0.001413691931540342
-0.0005398533007334961
-0.00025525672371638124
0.0005334963325183374
0.0016034229828850854
-0.000763325183374083
0.004828361858190709
-0.0011496332518337407
0.0031907090464547675
-0.0030229828850855743
3.667481662591629e-05
0.003153545232273839
0.00018141809290953597
0.0014459657701711484
-0.0001422982885085574
-0.0009168704156479219
-0.001832762836185819
0.0010650366748166256
-0.0004772616136919312
-0.0012973105134474324
0.0008127139364303182
-0.0004444987775061128
0.00018435207823960852
-0.0007814180929095354
-0.00011295843520782366
0.0010508557457212713
0.0011383863080684598
-0.000357946210268949
-0.0007349633251833742
-0.0004948655256723717
-0.0006415647921760388
0.002415647921760392
-0.0029892420537897314
-0.0009975550122249383
0.002362836185819071
-0.00035794621026894916
-0.0014762836185819067
0.002638630806845966
-0.0002645476772616137
0.001159902200488998
-0.0010352078239608802
0.0007520782396088018
-0.0015540342298288505
-0.0022493887530562347
0.001382885085574572
0.0010396088019559904
-0.002194132029339853
0.0008547677261613693
0.0012909535452322735
0.0006396088019559905
-0.00016283618581907088
0.0018220048899755504
-0.0019305623471882643
-0.0011520782396088024
0.0016386308068459656
0.0021804400977995107
-0.0018958435207823963
0.0012381418092909534
-0.0005305623471882643
-0.0009246943765281175
-0.0008909535452322738
-0.0020880195599022005
0.0006215158924205379
-0.00132078239608802
-0.0006533007334963321
0.0007877750611246941
0.00024596577017114936
-0.00020929095354523216
-0.0004528117359413204
0.0008342298288508559
-0.000763814180929095
-0.0007511002444987778
0.00032176039119804416
-0.0019882640586797065
-0.0016660146699266506
-0.000908557457212714
0.00391442542787286
0.00273643031784841
-0.00046845965770171173
0.0011496332518337407
-0.0015388753056234724
0.0023823960880195606
-0.001433251833740831
0.002688019559902201
0.0014894865525672365
-0.002384841075794621
-0.0019085574572127136
-0.00283520782396088
-0.0005447432762836188
-0.00028459657701711424
0.00022004889975550104
0.0005770171149144252
-0.0022239608801955997
-0.0023877750611246942
0.0009990220048899752
-0.001349633251833741
-4.205378973105174e-05
0.000693887530562347
0.0011740831295843517
-0.002534963325183374
0.0015951100244498777
0.002152567237163814
-0.0022621026894865527
0.00022200488997554976
0.002928117359413203
-0.0025452322738386303
0.0028044009779951097
0.004128117359413203
0.0013183374083129587
-0.001731051344743277
0.0005970660146699267
-0.0032366748166259163
0.0018405867970660145
-0.0008014669926650367
-0.0016127139364303178
0.001092909535452323
0.0002356968215158928
0.0018215158924205375
0.00012127139364303187
-0.002537408312958435
-0.0004596577017114916
-0.0025511002444987773
3.276283618581886e-05
-4.05867970660141e-05
0.0009594132029339854
-0.0006176039119804399
-0.003003422982885085
-0.0011452322738386312
0.0019144254278728604
-0.001891442542787286
0.0006792176039119804
0.0017608801955990218
0.0028415647921760387
0.00011980440097799508
0.002011735941320293
-0.002895354523227383
-0.0015701711491442544
-0.0007618581907090465
-0.0009359413202933986
-0.001394621026894865
0.001851833740831296
6.259168704156448e-05
-0.0015471882640586804
0.00038630806845965773
-0.0008229828850855746
0.00010806845965770175
-0.0016361858190709047
0.002626894865525673
-0.0013970660146699267
0.0005325183374083129
0.0012029339853300734
-0.0014092909535452322
-0.0013574572127139362
-0.0004924205378973104
0.0004611246943765286
-0.0004381418092909538
0.0005320293398533009
-0.0035965770171149146
0.0012102689486552566
-0.00334278728606357
-0.0007985330073349635
-0.002931540342298288
0.000981907090464548
0.0030122249388753056
-0.0013290953545232274
0.0004508557457212711
0.001487530562347189
-0.0005398533007334968
0.0018669926650366749
-0.00287921760391198
-0.0011496332518337402
0.0010562347188264058
-0.0026019559902200483
0.00015207823960880176
0.0027022004889975548
0.0002479217603911979
0.0020581907090464545
-0.0020537897310513448
-0.00012273838630806857
0.001177506112469438
-0.0006156479217603913
-0.00027432762836185825
0.000991687041564792
0.0011726161369193153
0.0014058679706601465
0.00041271393643031734
0.0017129584352078237
-0.0007643031784841073
-0.0011814180929095352
-0.0026699266503667483
0.0018792176039119804
-0.0009002444987775061
0.0012215158924205375
-0.000310513447432763
0.0004855745721271397
0.0014630806845965774
-0.0007643031784841073
-0.0017114914425427868
5.77017114914427e-05
9.437652811735934e-05
0.0007863080684596576
0.0008929095354523221
-0.002132029339853301
0.0005867970660146699
-0.003265525672371638
2.1515892420538377e-05
-7.872860635696863e-05
0.0016083129584352077
0.0010107579462102687
-0.0013466992665036675
-0.00174718826405868
-2.1026894865525798e-05
0.002970171149144254
-0.0003711491442542786
-0.003226894865525672
-9.14425427872859e-05
-0.000671393643031785
-0.00034718826405867934
0.0008484107579462105
-0.0017555012224938873
0.0012542787286063566
0.001376039119804401
-0.0025442542787286063
0.0031202933985330075
-0.0004498777506112472
-0.002311002444987775
-4.645476772616033e-05
-0.001544743276283618
-0.0009295843520782396
0.0008400977995110029
0.00016674816625916812
0.0032107579462102693
0.0002841075794621027
0.0019422982885085574
-0.00047383863080684575
0.0012669926650366748
-0.001683129584352078
0.0042665036674816624
-0.001005378973105135
0.0008000000000000001
-0.001397555012224939
-0.000256234718826406
-0.0008889975550122251
-0.0003574572127139363
0.001198044009779951
-0.001459657701711491
0.0010958435207823961
-0.0010757946210268952
0.0030845965770171144
3.814180929095342e-05
0.00048557457212713935
0.0007339853300733496
0.002251344743276283
0.0007398533007334961
-0.0015574572127139365
0.00185721271393643
4.889975550122253e-06
-0.00013643031784841067
0.0007061124694376533
0.00048361858190709033
0.0006034229828850857
-0.0009237163814180927
-0.0010376528117359404
0.0007716381418092909
0.005615158924205379
0.0012063569682151589
-2.8850855745721487e-05
-3.422982885086012e-06
0.0025633251833740833
-0.0014073349633251832
0.001762347188264059
0.0015315403422982887
-0.002722249388753056
0.0024425427872860634
-0.0021075794621026895
0.002658190709046455
0.0019110024449877755
-0.002220048899755501
0.0025638141809290953
-0.0003374083129584355
-0.0007828850855745717
0.001784352078239609
-0.001108557457212714
0.00127041564792176
-0.00045965770171149125
0.0006645476772616133
-0.0010987775061124688
0.0032650366748166256
9.339853300733493e-05
0.0008474327628361856
-0.00027090464547677265
0.0004523227383863082
-0.002579951100244499
-0.0016562347188264065
-0.0016743276283618584
0.0009422982885085574
0.000593154034229829
-0.001719804400977995
-3.960880195599047e-05
0.0007887530562347194
0.0008127139364303178
-0.0009892420537897311
0.00045525672371638095
9.877750611246942e-05
-0.0006797066014669922
-0.0011496332518337407
0.0006488997555012224
0.0017266503667481667
-0.0019911980440097798
-0.001667970660146699
-0.0003334963325183375
0.0001603911980440099
-0.0004136919315403421
-0.0032694376528117366
-0.0009750611246943766
-0.0011286063569682153
0.0003295843520782394
0.0013921760391198048
-6.748166259168734e-05
0.0014308068459657703
0.0005246943765281178
-0.0010278728606356966
0.0009212713936430316
-0.0016875305623471881
-0.0030601466992665033
-0.0012288508557457211
-0.00137359413202934
0.0018845965770171147
0.0002958435207823959
-2.9828850855746048e-05
-0.0009383863080684598
-0.001968215158924205
0.0007447432762836185
0.0034249388753056238
0.0018909535452322735
-0.0004361858190709044
-0.0006337408312958439
-0.001814669926650367
-0.0016767726161369186
-0.00033789731051344713
0.0013173594132029338
0.0029251833740831295
0.0018694376528117357
-0.0003139364303178484
0.00526356968215159
-0.0025838630806845966
0.0015682151589242054
0.0014034229828850857
0.0006127139364303174
-0.005289486552567238
0.003137897310513447
-0.002058679706601467
0.001844987775061125
0.0037667481662591686
-0.001085574572127139
-0.0001462102689486553
-0.001110513447432763
-0.002026405867970661
-0.0012968215158924204
-0.0004244498777506115
-0.0012014669926650365
0.00028410757946210316
0.0002718826405867967
0.0021183374083129586
0.0015775061124694376
-0.0005080684596577018
0.00021760391198044022
0.0025506112469437657
0.0004723716381418091
0.00248997555012225
-0.0019388753056234717
0.0014591687041564793
-0.001695843520782396
-0.0003877750611246947
-0.0005833740831295845
0.0014797066014669922
-0.0013530562347188265
0.00040586797066014636
0.0009100244498777508
-0.0013867970660146692
0.00011980440097799521
-0.0005075794621026895
-0.00017408312958435164
-0.001976039119804401
-0.0011198044009779948
-5.378973105134418e-05
0.0004234718826405874
0.0018063569682151596
-0.0007770171149144254
0.0011129584352078238
-0.0017819070904645479
-3.7163814180929514e-05
-0.0014669926650366747
0.0009207823960880197
0.003189242053789731
-0.001201955990220049
0.0018264058679706603
-0.0018308068459657705
-0.00021222493887530533
0.0025056234718826404
-0.0016757946210268944
0.00122640586797066
8.166259168704173e-05
0.0003022004889975551
-0.001236674816625917
0.0027760391198044013
0.0035300733496332524
-0.0013163814180929096
0.005038141809290952
0.0014528117359413207
0.001143276283618582
-0.0013995110024449873
5.427872860635696e-05
0.0009643031784841078
-0.0008386308068459652
-0.0028997555012224936
-0.0024229828850855744
0.0009447432762836182
0.0010200488997555014
-0.000921271393643032
0.001497799511002445
0.0008332518337408315
0.00025819070904645484
0.0028987775061124683
-0.0025173594132029335
0.0005481662591687042
-0.0009486552567237158
-0.0032533007334963325
-0.0017418092909535455
-0.0012997555012224942
-0.0012645476772616137
-0.0014596577017114915
0.0012655256723716384
0.0001476772616136918
-0.0017051344743276285
-0.0007555012224938877
0.0019867970660146705
0.0001188264058679707
-0.004874327628361858
0.000674327628361858
0.0029290953545232277
0.00019706601466992673
-0.002775061124694376
0.00019217603911980414
0.0018493887530562341
0.0007168704156479218
0.00261760391198044
0.0004958435207823961
-0.00021955990220048953
0.000493398533007335
0.0007911980440097801
0.001203911980440098
-0.003023471882640587
0.001738875305623472
-0.0020239608801955983
0.0017980440097799509
-0.003511491442542787
-0.002422982885085575
-0.0021672371638141808
-0.002735941320293398
-0.0005413202933985331
0.0010518337408312957
-0.0017726161369193156
0.0011843520782396084
-0.001705134474327628
-0.0010479217603911975
0.00021124694376528153
-0.000559413202933985
0.0010679706601466994
-0.0002606356968215162
-0.000286552567237164
0.00011246943765281129
-0.0012885085574572124
0.0006963325183374079
-0.0014322738386308071
0.001769682151589242
0.0002621026894865522
0.000112958435207824
-0.0015427872860635699
-0.001574083129584352
0.0018420537897310516
-0.000815647921760391
-0.0005589242053789737
0.000987286063569682
-0.00013740831295843529
0.0002533007334963321
0.0011090464547677257
-2.7383863080684702e-05
0.0027398533007334963
-0.0010841075794621033
0.002765281173594132
-0.0015432762836185819
0.0012699266503667483
-0.0009051344743276284
0.0004704156479217604
-0.0032958435207823965
0.0007853300733496332
-0.0009085574572127138
0.0017295843520782393
0.0015838630806845966
-2.493887530562351e-05
-0.0039951100244498775
0.0016806845965770172
0.0005413202933985331
-0.0009823960880195595
0.0018327628361858189
0.0019926650366748166
-0.0021995110024449877
0.0008400977995110024
-0.0006088019559902197
0.0015907090464547678
0.0006625916870415649
0.0002190709046454768
-0.0008797066014669923
-0.0002733496332518341
-0.0016836185819070907
-0.0011178484107579464
-0.0007002444987775057
-0.0011525672371638144
-0.002231295843520782
0.002858190709046455
-0.0007555012224938877
-0.0005246943765281173
0.0003985330073349631
-0.0036068459657701713
0.0006498777506112465
0.00014621026894865544
-0.0002621026894865525
0.002713447432762836
0.0014410757946210267
-0.001171638141809291
-0.0001535452322738383
-0.00015501222493887517
-0.002314425427872861
0.0028102689486552567
-0.0026953545232273834
0.0010078239608801959
-0.0008122249388753054
0.0002953545232273839
-0.002170171149144254
-0.0006797066014669928
0.0015569682151589245
0.0004552567237163815
0.0021545232273838624
0.0003814180929095355
-0.001699755501222494
-0.0015506112469437655
-0.00022444987775061123
-0.0028567237163814184
-0.0018542787286063569
0.0007193154034229828
0.0005530562347188265
-0.002305134474327628
0.00011931540342298304
-0.0016342298288508556
-0.00037603911980440093
0.0029100244498777503
-0.002704645476772617
-0.003641564792176039
-0.0003095354523227383
-0.0015442542787286063
7.579462102689493e-05
0.004104156479217604
-0.0013207823960880195
-0.0013193154034229831
0.0019902200488997558
0.0006709046454767726
0.0008078239608801952
0.0010425427872860632
0.0007999999999999997
-0.001500733496332518
0.0018234718826405868
0.0008195599022004886
0.0028723716381418097
-0.0014293398533007334
-0.002631295843520782
0.002504645476772616
0.0012469437652811734
-0.000666992665036675
-0.0020312958435207825
-0.0009344743276283619
-7.139364303178472e-05
0.0006278728606356966
0.004158924205378973
0.0014053789731051341
0.0022068459657701707
0.00377799511002445
0.0011090464547677261
0.001984352078239609
-0.002293887530562347
0.0010689486552567236
-0.0013843520782396085
-0.0025266503667481658
0.001113936430317849
0.00041222493887530534
-0.0014503667481662586
0.00021222493887530506
0.0003383863080684593
0.0008635696821515891
-0.0009559902200488996
0.004322249388753057
0.0007569682151589239
0.002238630806845966
0.001491931540342298
0.002434718826405868
9.975550122249359e-05
0.0006239608801955989
-0.0007026894865525674
-0.002163325183374083
0.0008909535452322739
0.000159413202933985
0.002999511002444988
-0.002979951100244499
-0.0016694376528117367
0.0026405867970660146
-0.0006229828850855744
0.0030298288508557453
-0.0016039119804400976
-0.0010870415647921754
-7.23716381418095e-05
-0.0011310513447432768
-4.5476772616136795e-05
-0.001796088019559903
0.0009369193154034228
0.0014958435207823961
-0.0007061124694376528
-0.001503667481662591
0.0026264058679706602
0.0019662591687041567
0.0012591687041564796
0.00015990220048899765
0.0013383863080684594
-0.0023227383863080684
0.000581418092909535
-0.0005369193154034228
0.0007207823960880195
-0.0014014669926650362
-0.004577017114914425
0.0023882640586797067
-0.002049388753056235
-0.0012352078239608805
0.001295354523227384
0.00366161369193154
-0.0016777506112469439
-0.0013721271393643021
0.00030073349633251835
-0.0003413202933985329
0.0018982885085574571
0.00031784841075794634
0.0009863080684596578
-8.459657701711496e-05
-0.00039559902200489005
-0.0008298288508557458
0.002729584352078239
0.0025564792176039123
-0.0016371638141809291
-0.0029114914425427876
0.00046797066014669946
-0.002232273838630807
-0.00026650366748166273
0.0009921760391198048
-0.0010342298288508556
0.001649388753056234
-0.0015799511002444991
0.0021134474327628365
0.0024337408312958427
0.0017173594132029338
0.0009980440097799512
-0.002489975550122249
-0.0006577017114914425
0.004183374083129585
-0.0035066014669926644
0.0012973105134474327
-0.002583374083129584
0.0011447432762836185
0.00040244498777506173
0.001398533007334963
0.000379951100244499
0.0009393643031784847
-0.00019853300733496345
-0.001260635696821516
-0.0016650366748166264
-0.0007232273838630803
0.004779462102689487
-0.0016616136919315406
5.134474327628366e-05
-0.0007305623471882642
-0.0016283618581907089
0.0016850855745721273
-0.000562347188264059
-0.0005716381418092912
0.0006332518337408316
0.0012953545232273838
-0.0014625916870415648
0.0007623471882640586
-0.0005134474327628361
0.0010767726161369194
0.0008738386308068458
0.0004938875305623473
-0.0004885085574572127
-0.0017476772616136914
0.0029286063569682152
0.00034669926650366783
0.0006831295843520784
0.003831784841075795
-0.0003643031784841076
0.0007990220048899755
0.004165281173594132
-0.0006092909535452324
-0.0001442542787286067
-0.0011613691931540342
0.00023960880195599015
-0.001156479217603912
0.0011545232273838626
-0.0019325183374083127
-0.0013506112469437656
0.00016772616136919314
-0.0027965770171149147
0.00013643031784841067
-0.00023471882640586778
0.0008371638141809289
0.00040488997555012253
-0.0004435207823960879
7.090464547677241e-05
0.0023515892420537896
-0.0010782396088019558
0.0008777506112469436
0.0011418092909535453
4.88997555012171e-07
-0.001117359413202934
-0.003558435207823961
0.0037667481662591686
-0.001122249388753056
-0.0010557457212713936
0.0008679706601466993
0.0019515892420537899
0.002902689486552567
-0.0013378973105134479
0.0012679706601466994
0.0006425427872860631
0.0027613691931540345
-0.0005809290953545228
0.0010122249388753058
0.0013462102689486557
0.0008860635696821517
0.0012132029339853305
9.779951100244528e-05
0.000828361858190709
0.0014723716381418095
-0.002415158924205379
-0.0005163814180929099
0.0018787286063569682
0.0012625916870415642
-0.001126161369193154
0.0008801955990220052
0.0003178484107579466
-0.00015745721271393645
2.738386308068443e-05
0.0013139364303178483
-0.0010518337408312957
0.0010190709046454772
0.0008322738386308066
-0.00016870415647921786
0.0001476772616136918
0.0011687041564792172
0.002467970660146699
0.0023114914425427873
0.00021907090464547694
0.00021173594132029342
-0.0004337408312958427
-0.0017300733496332515
-0.0014156479217603915
0.0008635696821515897
0.00027628361858190716
0.0005584352078239604
-0.0005339853300733497
-0.0011403422982885086
0.0006547677261613688
-0.0002122249388753056
0.0016210268948655255
0.0027217603911980437
-0.0008933985330073347
-0.000750122249388753
0.0007853300733496336
9.779951100240708e-07
-0.0005462102689486546
-0.00028166259168704123
-0.0013941320293398534
-0.002938875305623472
-0.003329095354523227
0.0027403422982885087
-0.0006625916870415646
0.002592665036674816
0.0032933985330073343
-0.0006929095354523227
0.00013545232273838633
-0.00040244498777506184
0.0001755501222493891
0.005063569682151588
-0.0018748166259168703
-0.0006420537897310515
0.0008743276283618583
-0.0005559902200488997
0.0023198044009779947
-0.001556479217603912
-0.0009144254278728606
0.0009017114914425434
-0.0014444987775061127
0.0003863080684596575
-0.0017007334963325188
0.0002171149144254282
-0.0012347188264058685
-0.0009232273838630809
0.0004973105134474327
0.0008801955990220051
0.0006166259168704162
0.0011070904645476773
-0.0029022004889975544
0.0015814180929095351
0.0005765281173594132
0.004210757946210268
-0.00017261613691931554
-0.0006753056234718827
-0.0042210268948655255
0.00174278728606357
0.0010205378973105134
-0.000603911980440098
-0.0006977995110024449
-0.002436674816625917
-0.0009716381418092906
-0.001088997555012225
-0.001969682151589242
-0.004269437652811736
-0.0021638141809290955
0.000167726161369193
0.0002024449877750612
-0.00012958435207823972
-0.000846943765281174
0.0022611246943765283
0.0002493887530562344
-2.1515892420538072e-05
-0.0022454767726161375
0.0005789731051344745
0.0017183374083129584
-0.0019535452322738383
0.00033643031784841087
0.0010474327628361864
0.0012220048899755497
0.001937897310513447
0.0016924205378973103
-0.0026244498777506114
0.0017163814180929098
0.0005061124694376532
0.0023995110024449874
0.0017872860635696818
0.0011975550122249393
-0.0036606356968215156
3.863080684596593e-05
0.0021349633251833734
-0.0021310513447432766
-0.0007452322738386305
-0.00032322738386308025
0.0002728606356968216
0.000875794621026895
-8.997555012224925e-05
-0.0007643031784841075
-0.002102200488997555
0.0013559902200488997
0.002833740831295843
0.0008107579462102689
-0.0030352078239608803
9.43765281173592e-05
-0.0010860635696821515
-0.001673838630806846
0.00043814180929095334
-0.0015413202933985326
-0.0001638141809290955
0.0008826405867970655
0.001197066014669927
0.004200488997555012
-0.0016303178484107577
-0.0012444987775061126
-0.0005784841075794623
0.0027447432762836193
0.003661613691931541
0.00020488997555012214
0.00043276283618581905
-0.0026171149144254284
-0.0022753056234718822
0.001137897310513447
-0.000988264058679707
0.00351638141809291
-0.0006166259168704156
-0.001958924205378973
0.0017051344743276285
0.0003466992665036677
0.003065036674816626
-0.00019559902200489028
0.0006166259168704155
0.002030317848410758
0.0005731051344743276
-0.002892420537897311
0.0009921760391198044
-0.0009070904645476768
-0.00014767726161369168
0.00037114914425427886
0.0004376528117359417
0.0011882640586797063
0.0001765281173594127
0.00045427872860635674
-0.0003486552567237168
0.0012533007334963326
0.0003281173594132029
-0.001682151589242054
0.0008469437652811735
0.001229828850855746
0.0029105134474327627
0.0013936430317848412
0.0033545232273838634
0.0010831295843520777
0.0016811735941320294
0.00036723716381418105
-0.0011574572127139365
-0.0008195599022004886
-0.001242542787286063
-0.0007750611246943764
-0.0006224938875305621
0.0020391198044009784
-6.014669926650369e-05
0.001236674816625916
-0.0015848410757946208
0.00022298288508557472
0.000580440097799511
0.002152567237163814
0.001399022004889976
0.0003427872860635696
-0.0001334963325183375
-0.0019564792176039116
0.0006997555012224933
0.0007066014669926651
0.000432273838630807
-0.0017789731051344744
0.002926650366748166
-0.0009222493887530564
-0.0015051344743276282
0.0006899755501222501
0.0008122249388753059
0.0020733496332518333
0.00016625916870415664
-0.0018234718826405875
-0.00010415647921760432
0.0020973105134474337
-0.002448899755501223
-9.779951100244507e-05
0.000602444987775061
-0.0017271393643031783
-0.00033056234718826404
0.0027051344743276285
4.0097799511002304e-05
-0.002919315403422983
-0.005775061124694377
-0.0007667481662591681
0.002095354523227384
-0.0012865525672371635
0.00012224938875305647
-0.0005520782396088019
0.00019511002444987772
0.0004376528117359413
1.8581907090464266e-05
0.0008782396088019557
-0.0005427872860635698
0.0005325183374083135
0.001352567237163814
-0.001959902200488998
-0.0024244498777506113
-0.0005638141809290953
-0.0020533007334963323
0.002773105134474327
0.002726161369193154
-0.0006650366748166257
0.001430317848410758
0.00021858190709046478
0.000498288508557457
0.000532518337408313
-0.001567237163814181
0.0013501222493887534
-0.0031369193154034227
0.00222200488997555
-0.0009520782396088017
-0.00091638141809291
0.0024801955990220045
0.001290953545232274
-0.0030268948655256724
-0.0007036674816625916
-0.0012850855745721271
-0.0016889975550122254
0.0003207823960880194
-0.0005486552567237166
-0.001587775061124694
-0.00028899755501222486
0.002045965770171149
-0.0008488997555012225
0.003032762836185819
-0.0005002444987775062
0.0001251833740831299
0.00061760391198044
0.002111002444987775
-0.0020088019559902203
-0.00041466992665036673
0.003407823960880196
0.0002630806845965775
-0.0002811735941320296
-0.00013007334963325177
0.001904645476772616
0.0006855745721271396
-0.0023222493887530564
0.0001608801955990219
0.00045672371638141813
0.00021564792176039118
0.0006122249388753058
-0.0008254278728606355
-0.0008885085574572131
-0.0011515892420537902
0.0008415647921760391
0.0008684596577017114
-0.0010689486552567236
-0.0006723716381418095
-0.0018161369193154032
0.001985819070904645
-0.005056234718826405
-0.0012640586797066017
-0.0024777506112469436
0.0005643031784841076
-0.0010317848410757945
6.356968215158889e-05
0.0013100244498777504
0.0021261613691931545
0.0027286063569682147
-0.0013823960880195597
-0.0004347188264058683
0.0015246943765281171
0.00017750611246943791
0.0013882640586797064
0.0022435207823960886
-1.5647921760391103e-05
0.0002567237163814185
-0.0016356968215158925
0.0007119804400977995
-0.0009716381418092915
-0.0023305623471882642
0.0019090464547677258
0.0002493887530562341
-0.001259168704156479
-9.38875305623469e-05
-0.0007545232273838634
0.002335452322738386
0.002297310513447433
0.0021819070904645476
0.0017462102689486552
0.00014376528117359405
-0.0015359413202933984
-0.0008112469437652814
0.0005442542787286066
-0.001134963325183374
0.0008684596577017112
-0.0020542787286063568
0.0010533007334963328
0.004462591687041565
-0.001385819070904645
0.0003584352078239609
-0.0030542787286063572
-0.001796088019559902
-0.0015046454767726157
-0.0007462102689486551
-0.0025442542787286063
0.002453300733496332
0.0016127139364303178
-0.001074327628361858
0.000884596577017115
0.000846943765281174
0.0005207823960880196
-0.0026577017114914423
0.0012405867970660147
-0.002194132029339853
-0.0016444987775061128
0.002178973105134474
0.0011858190709046455
-0.00071002444987775
-0.0002880195599022004
-0.00023276283618581923
0.00010268948655256746
0.0007119804400977995
-0.0035271393643031782
-0.00033056234718826393
0.002449388753056235
-0.0004356968215158922
-0.004665525672371639
-0.0019999999999999996
0.0028127139364303175
-0.00031002444987775094
0.000748655256723716
0.0016625916870415649
-0.001897799511002445
0.00019657701711491409
0.00010171149144254268
0.0011462102689486552
-0.0016689486552567234
-0.0007496332518337412
-0.0008298288508557459
-0.0017163814180929091
0.0010317848410757945
0.0008943765281173596
-0.0009178484107579461
-0.00223080684596577
9.779951100244507e-06
-0.0014684596577017115
0.0001119804400977998
0.0005975550122249392
0.00203520782396088
0.00308361858190709
0.0013794621026894864
-0.0016484107579462096
0.0019687041564792175
-0.002733007334963325
-0.0031447432762836186
0.0017662591687041568
-0.000530562347188264
-0.0007036674816625916
-0.0015144254278728604
0.0008997555012224938
-0.0007178484107579461
-0.001676283618581907
-0.0024689486552567238
-0.0009168704156479222
0.002169682151589242
-3.0317848410758068e-05
-0.0028733496332518332
-0.0006254278728606358
0.00039755501222493825
-0.0006816625916870414
-0.0010567237163814185
0.0007623471882640583
0.0006963325183374077
0.00022444987775061117
0.0023144254278728606
-7.726161369193159e-05
-0.0021574572127139365
-0.003157946210268949
-0.001521271393643032
0.00241760391198044
0.0015745721271393641
0.003120293398533008
-0.00244841075794621
0.000481173594132029
-0.0026831295843520783
-0.0016224938875305623
-0.0003437652811735944
-7.432762836185835e-05
-0.0016268948655256724
-0.0006640586797066019
0.0004283618581907091
0.0025755501222493884
0.0002562347188264059
-0.001021515892420538
0.0005828850855745722
-4.3031784841075534e-05
-0.0022718826405867974
-0.0003682151589242049
0.0014391198044009785
0.000566748166259169
0.0019007334963325182
0.0028880195599022005
-0.00036283618581907053
0.0013061124694376525
-0.0013921760391198048
0.0011183374083129582
0.00018630806845965805
0.003633740831295844
0.0009926650366748166
-0.0017823960880195594
0.0013941320293398536
-0.0009784841075794622
-0.00018190709046454756
0.0002210268948655255
-0.002002444987775061
-0.0003907090464547677
0.00053398533007335
-8.997555012224952e-05
0.0015046454767726166
0.00016625916870415664
-0.0015750611246943763
0.0002537897310513451
-0.00025770171149144247
-0.0014283618581907086
0.001652322738386308
0.00048557457212713935
-0.0020557457212713945
-7.775061124694376e-05
0.0005339853300733495
0.0017315403422982886
-2.8850855745721216e-05
-0.0008845965770171149
-0.004464058679706602
-2.249388753056231e-05
0.00018679706601466972
0.0010684596577017116
-0.0012014669926650374
-0.0016665036674816626
0.001915403422982885
-0.0013643031784841071
-0.0018004889975550122
-0.003389242053789731
-0.0017066014669926649
0.0009447432762836188
-0.0012078239608801962
-0.0011809290953545232
0.0011012224938875305
0.0007594132029339854
-0.0012019559902200492
6.210268948655251e-05
0.002024938875305623
0.00205721271393643
-0.0003227383863080685
0.0007745721271393641
0.001657701711491443
0.0008816625916870411
0.0034855745721271386
0.0025031784841075795
-0.0016058679706601462
-0.0023471882640586795
-0.0007442542787286064
0.00071002444987775
-0.00032469437652811716
-0.0007858190709046455
-0.0017638141809290955
0.0010973105134474324
-0.0023378973105134477
-0.0006743276283618579
0.0010938875305623473
-0.00030757946210268933
-0.0007833740831295843
-0.0032606356968215163
-0.0012885085574572128
-0.0008229828850855745
0.0008640586797066013
-0.001987286063569682
-0.0005330073349633249
0.0022381418092909536
-0.000473349633251834
0.0029745721271393646
-0.003895843520782396
0.0012322738386308066
-0.0011007334963325185
0.00033789731051344767
-0.0016616136919315409
0.0019618581907090466
0.00024107579462102658
0.0003114914425427872
0.004397066014669927
6.699266503667503e-05
-0.0020919315403422982
-0.000511980440097799
0.002151100244498778
0.0008713936430317846
0.0006772616136919313
-0.0006968215158924202
-0.0035012224938875303
-0.0031041564792176047
-0.0008909535452322738
5.085574572127149e-05
0.0002787286063569686
0.0007007334963325181
0.00016870415647921749
-0.0015804400977995107
1.8581907090464672e-05
0.0015447432762836187
0.0035295843520782395
-0.0021354523227383863
0.0017466992665036672
-0.0012562347188264057
0.0013594132029339852
-0.0006459657701711493
-7.677261613691917e-05
0.000681662591687042
-0.0006650366748166262
0.0022190709046454767
0.00013398533007334933
0.002094376528117359
-1.0268948655256882e-05
-0.001745232273838631
-0.0025687041564792183
-0.0035339853300733496
-0.0009902200488997553
-0.00017359413202934027
-0.0017980440097799509
0.003056723716381418
0.0011378973105134473
0.0001261613691931537
-0.0009330073349633253
0.0005442542787286066
-0.0025100244498777505
0.0013731051344743274
0.0023295843520782394
0.0003990220048899755
0.0002577017114914427
0.0006537897310513448
0.0023794621026894864
-0.00020880195599022039
0.0016166259168704158
-0.0013476772616136917
-0.002177017114914425
-0.0025623471882640584
-0.001562347188264059
-0.0012567237163814181
0.0007770171149144254
0.002798044009779951
-0.003207823960880195
0.00040880195599021974
0.0019887530562347185
-0.00037506112469437624
-0.0004361858190709049
0.0010488997555012224
-0.002445965770171149
0.001070904645476773
0.00036332518337408275
0.0018889975550122249
0.00043618581907090454
0.0006141809290953546
0.000983374083129585
0.00249242053789731
-0.0006958435207823962
-0.002194621026894865
-0.002084596577017115
-0.002688997555012225
-0.0013677261613691935
0.001346699266503667
0.0004933985330073351
0.0003017114914425431
-0.0020880195599022005
-0.0020904645476772614
-0.0011061124694376528
0.00038777506112469453
6.992665036674807e-05
-0.0005124694376528118
0.00028312958435207825
-0.0032640586797066016
0.0008205378973105137
0.003065036674816626
0.0009281173594132028
-0.0002743276283618581
0.0010943765281173597
-0.0002215158924205379
0.0011628361858190713
0.0010929095354523235
-0.003958435207823961
0.001906112469437653
-0.004459168704156479
-0.00010317848410757936
0.0012092909535452324
-0.003848899755501223
0.0025784841075794625
-0.0005970660146699263
0.0005755501222493884
0.0008557457212713936
-0.005260635696821516
0.0010674816625916867
-0.0002156479217603912
-0.00010415647921760384
-2.542787286063561e-05
0.0028
0.00024449877750611256
-0.0013227383863080684
-0.0005995110024449885
0.000578973105134474
-0.0005970660146699267
0.000968215158924205
0.0019251833740831295
-0.0002655256723716382
0.0011432762836185819
-0.0007965770171149143
-0.0017672371638141812
0.0007804400977995111
0.0023863080684596583
-0.001024449877750611
0.0019017114914425428
0.0013823960880195599
-0.00044107579462102716
0.0002797066014669928
0.0012943765281173592
0.0005051344743276282
-0.0017374083129584356
-0.00046356968215158917
-0.0011491442542787282
-0.0002787286063569679
-0.0005677261613691935
-0.0015158924205378973
0.0015202933985330072
0.0023222493887530564
-0.0004151589242053791
0.00026356968215158897
0.00043129584352078246
-0.0007779951100244498
-0.005645476772616136
0.000478239608801956
-0.0005378973105134475
0.0011100244498777505
-0.0022293398533007338
-0.00392518337408313
0.0008493887530562351
0.004416136919315403
-0.002306601466992665
-0.0002386308068459655
-0.001550122249388753
-0.0009716381418092906
0.0014885085574572127
0.0035501222493887533
0.000702200488997555
0.0008841075794621027
0.0029222493887530567
-0.0007496332518337405
-7.677261613691982e-05
0.0002963325183374079
0.0007613691931540341
0.0006640586797066019
0.0002836185819070908
-0.0013281173594132027
-0.00010024449877750587
0.0006347188264058678
-0.001088997555012225
-0.00022004889975550128
-0.0006836185819070901
0.004364303178484107
0.0014621026894865528
0.001481173594132029
-0.0005349633251833737
0.0010733496332518337
-0.0021124694376528116
0.0002924205378973106
0.002931540342298288
-0.00017799511002444956
-0.0004679706601466996
-4.1075794621026784e-05
-0.0001286063569682155
-0.00041564792176039105
-0.0015476772616136922
-0.0005427872860635696
0.001422493887530562
-7.237163814180946e-05
-0.0031051344743276282
-0.001102689486552567
-0.0010748166259168706
0.002349144254278728
0.00399559902200489
-0.00037799511002445006
0.0011344743276283625
0.00045036674816625926
-0.0016425427872860635
-0.0014474327628361857
-0.0004249388753056233
0.0009916870415647924
0.0014757946210268943
0.00029779951100244474
0.0010122249388753058
-0.0009110024449877757
0.0011271393643031784
-0.0011212713936430317
-0.00036430317848410755
0.0008146699266503669
0.002179462102689487
-0.0008366748166259173
-0.0005721271393643036
0.00021026894865525597
-0.001699755501222494
0.000885574572127139
-0.000965281173594132
0.001966748166259169
-0.0006924205378973106
0.00045916870415647887
-0.0013926650366748164
-0.0003202933985330068
-8.312958435207845e-05
0.0014440097799511005
-0.003410757946210269
0.002757946210268949
0.0007662591687041565
0.001259168704156479
-0.001396088019559902
-0.0017242053789731052
-0.0009985330073349634
0.0010268948655256726
0.00011638141809291002
0.0011046454767726164
-0.0006767726161369189
-0.0011990220048899755
-0.00141320293398533
-0.003049877750611247
0.002246943765281174
0.0009677261613691932
-0.0004738386308068459
0.0018112469437652808
0.0008557457212713936
-0.0061349633251833735
0.001234229828850856
0.0004806845965770172
-0.00032078239608801995
0.00032127139364303167
-0.003475794621026895
-0.0005491442542787286
0.0009496332518337409
4.498777506112517e-05
-9.290953545232472e-06
0.0008772616136919315
-0.002462102689486553
8.264058679706588e-05
0.0022391198044009785
0.0012860635696821515
-0.0008919315403422986
0.0016435207823960881
0.00018484107579462124
-0.0010577017114914425
0.0005471882640586798
0.001179462102689486
0.0002753056234718827
0.0012816625916870418
-0.002005378973105135
0.0011579462102689487
0.0008454767726161369
-0.0006982885085574572
0.0004386308068459657
-0.00018141809290953543
-0.0017198044009779955
0.0016112469437652812
-0.000582885085574572
6.40586797066017e-05
0.0011550122249388754
-0.0011334963325183372
-0.002515403422982885
-0.001434229828850856
0.0006440097799511002
0.0003564792176039122
-0.00026552567237163815
0.0024713936430317846
-0.0002777506112469437
-0.0017794621026894868
-0.001462591687041565
0.0022968215158924205
0.0011814180929095352
-0.0006254278728606357
0.0010958435207823961
-0.0012264058679706596
0.0001584352078239612
-0.0002836185819070905
-0.00019902200488997515
0.0003100244498777506
0.00016625916870415656
0.0001975550122249391
-0.0003251833740831295
0.0006621026894865524
-0.00043960880195599
0.0003202933985330073
-0.0008337408312958437
-0.00160440097799511
-0.0013325183374083129
0.00048508557457212735
0.0006801955990220053
0.0016621026894865526
0.0008073349633251834
0.002052322738386308
5.281173594132045e-05
0.0010459657701711496
0.002219559902200489
0.0016469437652811738
0.0030107579462102683
-0.0015056234718826406
-0.001411735941320293
0.0006391198044009785
-7.970660146699243e-05
-0.00020391198044009774
-0.0005960880195599025
-0.002550122249388753
-0.0018498777506112468
0.00023227383863080663
-0.001692420537897311
0.0013271393643031783
0.0003760391198044011
-0.0013530562347188262
-0.0012557457212713937
8.459657701711503e-05
0.0022689486552567237
-0.001443520782396088
-0.0015095354523227387
0.0022097799511002444
-0.001154034229828851
-0.0012938875305623478
-0.0009740831295843516
0.0005731051344743275
-0.0009687041564792178
-0.004154523227383864
-0.0026469437652811736
0.0012977995110024449
-0.0011183374083129582
0.000595110024449878
0.0032567237163814177
0.0019222493887530562
-0.0017594132029339854
-0.0020885085574572125
0.0018904645476772622
-0.0018870415647921762
-0.000511002444987775
0.002491442542787286
0.0019393643031784843
0.0002405867970660148
0.0011838630806845967
0.0006723716381418096
-0.0003525672371638139
-0.0011941320293398531
-0.0016440097799511003
-0.00026454767726161367
0.0025124694376528114
-0.00014523227383863096
-0.0006337408312958435
0.00046503667481662586
0.00019559902200488933
0.0001251833740831299
0.0019227383863080687
-0.0012772616136919315
0.0005188264058679712
-0.0010562347188264058
-0.0024885085574572127
-0.0010488997555012228
-0.0009085574572127139
0.0003070904645476767
-0.0009892420537897316
-0.0014806845965770175
-0.0013139364303178483
-0.0011643031784841073
0.0017579462102689494
0.0012195599022004888
-0.001231784841075795
-0.003227383863080684
-0.0013506112469437647
-0.0018728606356968212
-0.0006234718826405869
0.000846454767726161
0.0014283618581907092
0.0015344743276283618
0.0013584352078239606
-0.00020929095354523203
-0.0012938875305623474
0.00019462102689486575
0.0003290953545232277
0.0013114914425427873
0.00035892420537897294
0.0027002444987775064
0.004025916870415648
-0.0037266503667481663
8.312958435207778e-05
0.0014894865525672376
-0.0014156479217603908
0.0002264058679706602
0.002516381418092909
-0.00010415647921760384
-0.0038283618581907088
-0.00041564792176039116
-0.0028440097799511004
-0.001387286063569682
-0.002113936430317848
-0.0002963325183374086
-0.001321760391198044
-0.0011819070904645478
-0.004617114914425427
0.0026000000000000003
0.0013139364303178486
-0.0007476772616136921
0.0012283618581907095
-0.00040146699266503655
0.0009975550122249392
1.0757946210269256e-05
0.0012034229828850856
0.0026924205378973105
0.001558435207823961
0.00019022004889975553
-0.0009902200488997558
0.0017398533007334965
-0.001588264058679707
-0.0016127139364303183
0.002111980440097799
0.0010493887530562353
-0.00014523227383863102
0.0013872860635696824
-0.001089486552567237
0.0005300733496332519
-0.0011154034229828849
0.0016381418092909536
-8.312958435207832e-05
-0.00010073349633251838
-0.0012337408312958435
-0.00010220048899755502
-0.0013804400977995113
-0.001799022004889975
0.0017046454767726163
-0.000889975550122249
0.0002738386308068458
0.00116479217603912
0.0013892420537897315
0.0004224938875305624
0.0015457212713936427
0.0007794621026894868
-0.0019657701711491443
-0.0019080684596577023
0.0008298288508557458
-0.0005344743276283617
-0.001201955990220049
0.0012762836185819075
0.00042738386308068476
0.0006821515892420539
-0.00039070904645476814
0.00274718826405868
-0.0006586797066014672
0.00011589242053789744
0.0006811735941320297
0.0005256723716381422
-0.0003594132029339857
-0.0012122249388753059
0.0012205378973105137
0.001045476772616137
0.0018723716381418088
-0.0013999999999999998
0.0007975550122249384
0.0008806845965770173
9.09535452322744e-05
0.00047823960880195594
0.0015589242053789729
-0.0008366748166259172
0.000856234718826406
-0.0018484107579462101
-0.0018948655256723719
-0.001422493887530562
8.80195599022003e-05
0.002096332518337409
-0.001433251833740831
-0.001503667481662592
0.003324205378973105
-0.0026572127139364303
-0.0005315403422982883
-0.00025232273838630796
0.0007183374083129593
0.0018322738386308067
0.002264058679706602
-0.002853300733496333
0.00011687041564792138
-0.000970660146699266
-0.0005134474327628364
-0.0008156479217603911
0.0015667481662591687
0.0007393643031784842
0.0009085574572127138
0.0029022004889975544
-0.00019364303178484078
0.00052518337408313
0.001063080684596577
-0.002996577017114914
0.00029095354523227344
-0.00286161369193154
0.001015647921760391
-0.0020938875305623467
0.0015095354523227383
-0.003488997555012225
0.0003114914425427872
-0.0006440097799511005
-0.0038713936430317853
5.378973105134357e-06
0.0014342298288508558
0.0006293398533007336
-0.0022141809290953545
0.0013369193154034223
0.001706601466992665
0.0018029339853300734
0.00015941320293398514
-0.0013139364303178486
0.0010273838630806846
-0.0013897310513447433
0.0013447432762836186
0.0011638141809290955
0.0018034229828850859
-0.001918337408312958
0.0004968215158924204
-0.0016777506112469439
-0.0013794621026894868
0.001556479217603912
0.0011501222493887529
0.0002493887530562348
-0.00014083129584352034
-0.0023750611246943763
-0.00031833740831295823
0.0002014669926650369
-6.845965770171155e-05
0.0012748166259168706
-0.0011095354523227381
0.0004630806845965768
-0.0019858190709046456
0.00023716381418092895
0.0011070904645476773
-0.0027217603911980437
0.0015643031784841068
0.002524205378973105
0.0006728606356968215
0.00043814180929095334
-0.0014933985330073353
0.0005017114914425428
0.001336430317848411
0.00180440097799511
-0.0001525672371638138
-0.002060146699266504
-0.0011877750611246944
0.0030660146699266503
0.003569682151589242
0.0010435207823960883
-0.0026880195599022004
-0.000664058679706601
-4.645476772616148e-05
0.00039902200488997586
-0.00020146699266503676
-0.0008860635696821511
-0.002005378973105134
0.002888997555012225
0.0025286063569682146
-0.0017163814180929098
-0.001274327628361858
-0.00031002444987775083
0.0027931540342298286
-0.00023178484107579505
0.0007061124694376527
0.0016899755501222494
0.001647432762836186
0.004467481662591687
-0.0027555012224938875
0.00031442542787286064
0.0009633251833740834
-0.00014425427872860594
0.000691442542787286
-0.0007980440097799509
0.0023134474327628366
0.00014718826405868006
0.00370317848410758
0.000602444987775061
0.002037163814180929
0.0010112469437652811
-0.00044987775061124737
-0.0009951100244498783
0.00031491442542787344
0.0007647921760391197
-0.00010220048899755461
-0.0020396088019559904
0.001652322738386308
0.00035550122249388745
0.0021227383863080683
0.0016562347188264059
-0.0011398533007334964
0.00021613691931540323
-0.0047799511002444995
0.001158435207823961
0.0004919315403422987
-0.000635696821515892
-0.003617114914425428
-0.0016665036674816628
-0.0034229828850855745
-0.0017017114914425428
0.002805867970660146
0.004090953545232274
-0.0007506112469437651
-0.0008405867970660148
-0.0007212713936430319
0.0011794621026894865
-4.205378973105112e-05
0.0012014669926650365
0.002699755501222494
-0.0009085574572127138
-0.00033691931540342346
0.0013378973105134474
-0.001511491442542787
0.0018347188264058682
-0.00012371638141809273
8.801955990220084e-05
0.0005765281173594134
0.0005535452322738387
0.0013447432762836186
0.003490464547677262
-0.0004938875305623477
0.001114914425427873
0.0030865525672371633
0.0004239608801955987
0.001776528117359413
-0.00038484107579462147
-0.0027276283618581907
-0.0010924205378973107
0.0001975550122249388
0.001326161369193154
0.0016992665036674813
0.0009995110024449878
0.0007002444987775063
-0.002251344743276283
0.001970660146699266
1.4669926650366762e-05
0.0009755501222493887
-0.0005760391198044009
-0.0021281173594132024
-0.0005946210268948655
0.0020792176039119807
-0.002032762836185819
0.0010425427872860636
0.0005882640586797069
-0.002253300733496333
-0.0006523227383863079
0.0006210268948655259
0.0002562347188264059
-0.0009559902200488996
0.0009613691931540347
0.0007207823960880195
-0.0028518337408312954
0.00038581907090464536
-0.002819559902200489
-0.004212713936430317
4.254278728606404e-05
-1.4669926650366626e-05
-0.0004919315403422984
-0.0020855745721271393
-0.0029139364303178484
0.0006249388753056231
0.000717359413202934
0.0007124694376528117
-0.0007848410757946207
-0.0019579462102689484
-0.0016381418092909536
-0.0007916870415647924
0.0021691931540342296
-5.378973105134544e-05
-0.0029559902200488996
0.001152567237163814
0.0023555012224938878
0.00025085574572127116
0.002118337408312958
-0.0008963325183374083
0.0011902200488997552
0.0021222493887530563
0.0002797066014669924
9.926650366748155e-05
-0.0033129584352078237
-0.0024806845965770173
-0.000834718826405868
0.001088997555012225
0.0011276283618581909
0.003759413202933986
-0.0021427872860635697
0.00019119804400977993
0.002025916870415648
-0.0002122249388753056
-0.0016337408312958439
0.002855745721271394
0.001874327628361858
-0.00031295843520782356
0.00013300733496332518
0.0015110024449877754
0.0030117359413202927
0.0011007334963325183
-0.0029515892420537895
0.00011100244498777501
-0.0019716381418092904
-0.0020400977995110024
-0.0013882640586797064
0.000293398533007335
-0.0023608801955990223
6.845965770171074e-06
0.0016371638141809293
0.0010405867970660148
0.00029731051344743286
-0.00214718826405868
-0.0002625916870415644
0.0019814180929095355
-0.0008088019559902203
-0.002725183374083129
0.001424449877750611
-0.002376528117359413
0.0007574572127139369
0.0008444987775061126
0.003221515892420539
0.001288508557457213
0.00028801955990220065
-0.0002459657701711495
-0.0026259168704156474
0.0026205378973105137
0.00014132029339853277
0.000218092909535453
0.0008958435207823961
0.00017555012224938868
0.0019799511002444987
0.001126161369193154
-0.0022317848410757946
0.0011266503667481658
0.0006000000000000002
-0.00036870415647921763
0.002632273838630807
-0.0017466992665036672
0.0006332518337408317
0.0005823960880195605
-0.0033731051344743274
-0.000590709046454768
0.0020083129584352074
0.00013105134474327576
0.0006161369193154032
-0.0017574572127139368
0.00023031784841075757
4.400977995110354e-06
-0.002443520782396088
0.0030029339853300733
-0.001078728606356968
-0.0004190709046454773
-0.0013877750611246944
4.303178484107587e-05
-0.00041466992665036684
0.0004273838630806849
2.1515892420537835e-05
-0.0013339853300733493
0.0009276283618581907
-7.041564792176024e-05
0.0015051344743276284
-0.0007740831295843519
-0.00026014669926650364
-0.0014831295843520784
-0.00042836185819070875
0.0020694376528117356
-8.557457212713923e-05
0.00387677261613692
-0.000526161369193154
-0.0019256723716381424
-0.0011848410757946206
-0.0005437652811735939
0.0014601466992665033
-0.001000488997555012
0.002019559902200489
0.0012083129584352073
-0.0001643031784841081
-0.0009422982885085576
0.0016943765281173596
-0.0041393643031784845
0.0018523227383863076
-0.002768704156479218
0.0011193154034229828
-0.0005794621026894867
-0.00037750611246943773
0.0010273838630806844
-0.0005535452322738391
0.0012997555012224942
0.003227383863080684
-0.0018860635696821516
0.004027383863080685
-0.002510024449877751
0.0006293398533007337
0.00048704156479217626
0.0007418092909535451
0.0018674816625916869
0.002173105134474328
-0.0024743276283618583
0.0004865525672371638
-0.00044743276283618565
0.0025760391198044012
0.0030797066014669923
0.0002919315403422983
-0.0005838630806845966
-0.0008195599022004886
-0.0002518337408312961
-0.0013154034229828854
0.0010816625916870415
-0.0001833740831295848
-0.001932518337408313
0.0014151589242053786
0.0008352078239608802
0.002326161369193154
-2.200488997554987e-05
0.0007212713936430319
0.00020488997555012195
0.0006371638141809291
-0.001038630806845966
-0.0008498777506112467
-0.002325672371638142
-0.0002176039119804399
-0.00225721271393643
0.001911491442542787
-0.0005965770171149145
-0.0010694376528117356
0.0011413202933985328
-0.0004503667481662587
-0.0017955990220048898
0.0014606356968215163
0.0018224938875305622
0.0007364303178484107
-0.0013378973105134474
0.0003173594132029344
0.00013154034229828876
0.0002709046454767727
0.001537897310513447
-0.0025442542787286063
-0.0020352078239608802
-0.0004425427872860637
0.00024009779951100248
-0.0011036674816625916
0.0005158924205378976
0.003088508557457213
0.002109046454767726
0.00016332518337408333
0.0005227383863080689
-0.0002029339853300734
-0.0031002444987775057
-0.0016210268948655255
-0.0016968215158924204
0.002462102689486553
0.0004161369193154036
-0.00048019559902200484
-0.0015559902200488996
0.0012073349633251835
-0.00036430317848410777
0.0003154034229828851
-0.0007809290953545235
-0.003497799511002445
0.002080684596577017
-0.0013183374083129587
-0.0014929095354523228
0.00042885085574572134
0.0002220048899755497
0.0019408312958435203
-0.001033740831295844
-0.003686552567237164
-0.0011476772616136918
-0.0008420537897310513
-0.004652811735941321
-0.0006308068459657704
-0.00022787286063569628
0.002104156479217604
0.001002444987775061
-0.0007325183374083131
-0.0008616136919315403
0.0011731051344743273
-0.0003026894865525673
-0.00011198044009779953
-0.00022982885085574562
0.0027965770171149143
0.0011960880195599026
-0.00039217603911980483
-0.00028459657701711467
-0.0009726161369193153
-0.0010635696821515897
0.0015466992665036671
-0.0014518337408312959
0.001446943765281174
-0.0005232273838630806
0.004026405867970661
0.0007662591687041568
0.0011682151589242058
-0.0026058679706601464
-0.0020987775061124697
-0.0017711491442542783
-0.0020264058679706604
0.00040488997555012226
0.0010347188264058678
-4.2053789731051874e-05
0.00013105134474327652
0.0018733496332518336
-0.00029388753056234704
-0.0023921760391198044
0.0008929095354523228
0.0010097799511002445
0.003397555012224938
-0.0007985330073349627
0.0005887530562347192
-0.001671393643031785
0.00035305623471882606
0.0023286063569682145
-0.0019462102689486553
0.0003418092909535453
0.001106601466992665
0.00033691931540342265
0.0010572127139364302
-0.00018190709046454794
8.948655256723709e-05
0.00037408312958435214
0.0018718826405867966
0.0021056234718826406
0.0003002444987775062
-0.0009398533007334962
0.0002361858190709047
0.002105134474327628
-0.0013100244498777508
0.0022278728606356965
-0.0005471882640586799
0.00044400977995110016
0.0005481662591687043
-0.001156968215158924
0.0033706601466992666
-9.535452322738353e-05
-0.0006630806845965767
0.002071393643031785
-0.0025579462102689487
-0.0019789731051344742
0.0008596577017114916
0.0006415647921760389
6.356968215159039e-06
-0.0026430317848410764
-0.0005520782396088017
0.0007305623471882642
0.0009422982885085574
0.0008444987775061126
0.0007828850855745723
-0.0011080684596577015
0.0024249388753056237
-0.003873838630806846
-0.0017491442542787287
-0.0005682151589242055
0.0017452322738386301
-0.00133398533007335
-0.00042249388753056144
0.0005882640586797064
-0.0030616136919315406
-0.0005765281173594135
0.0009755501222493882
-0.0012400977995110022
0.0010513447432762837
-0.0024215158924205385
-0.0002767726161369189
0.0027775061124694373
-0.0005946210268948656
0.002354034229828851
0.0009447432762836187
-9.926650366748166e-05
-0.00014278728606356957
-0.0010958435207823957
0.002877261613691932
-0.0009970660146699267
-0.00037359413202934
0.0008674816625916867
-0.002213691931540342
-0.0005056234718826409
0.0008684596577017112
0.0007892420537897312
0.00098239608801956
0.0021427872860635693
-0.0020298288508557457
0.0009022004889975546
-0.0016479217603911978
-0.0005799511002444982
0.0003740831295843524
-0.0008190709046454772
-0.0012831295843520787
-0.0005286063569682148
0.003773105134474328
-8.508557457212686e-05
0.0016733496332518338
-0.0002806845965770173
-0.0008948655256723717
0.0018117359413202933
0.0027315403422982884
-0.004085574572127139
0.0018933985330073352
-0.0005550122249388755
-0.00019266503667481644
-0.00186601466992665
-0.0007955990220048901
-0.00011589242053789717
0.0029462102689486553
0.0005290953545232272
0.0037770171149144253
0.0010880195599022005
-0.00010171149144254271
-3.5207823960880594e-05
0.0014161369193154039
-0.0005261613691931541
1.2224938875305634e-05
0.0014376528117359415
-0.0008122249388753056
0.001283129584352078
0.0015794621026894867
-0.0034694376528117367
-0.0008117359413202937
0.0002039119804400976
0.002459657701711491
0.0016528117359413202
0.0001941320293398533
0.0016630806845965769
-0.0024929095354523224
0.0009432762836185817
2.5427872860635474e-05
-0.0007970660146699265
-0.0002547677261613691
0.00015207823960880214
0.0006797066014669927
-0.00210317848410758
6.699266503667517e-05
-0.002408312958435208
-0.0032053789731051343
0.0001995110024449882
-0.0016092909535452326
-0.00042933985330073356
0.0017466992665036679
0.00018533007334963292
-0.0023755501222493883
0.0012816625916870418
0.0013139364303178486
0.0005139364303178483
-0.0007916870415647921
0.0020112469437652807
0.0018058679706601467
0.000315403422982885
-0.0019970660146699268
-0.0009330073349633249
0.003389242053789731
-1.8581907090465214e-05
0.0020298288508557457
-0.00038288508557457224
0.00023471882640586832
-0.003123716381418093
-0.0002518337408312961
-0.00040977995110024444
0.0024268948655256726
-0.00043667481662591697
-0.0004039119804400977
0.0004650366748166264
0.00082640586797066
-0.00038777506112469426
0.0002278728606356971
-0.0014684596577017118
0.003594621026894865
-0.0014166259168704157
-0.001970171149144254
0.00023031784841075757
-0.0031877750611246946
-0.00019266503667481747
0.001988753056234719
5.9168704156478874e-05
0.0005114914425427872
0.001206356968215159
0.0018704156479217604
0.0018415647921760385
-0.0022004889975550126
0.0004743276283618578
-0.0015877750611246943
-0.001642053789731052
-0.0007672371638141809
-0.002049388753056234
0.001500244498777506
0.0004948655256723711
0.00176479217603912
-0.00010268948655256733
-0.0010552567237163807
7.188264058679716e-05
0.0002044009779951096
0.0028718826405867977
0.00041320293398533004
0.0010621026894865532
-0.0025599022004889975
0.002228361858190709
-0.0008024449877750612
0.00031002444987775056
0.00012909535452322715
0.0003716381418092906
-0.0002180929095354524
-0.002240586797066014
0.00014474327628361891
0.0009823960880195595
0.0020924205378973107
0.0023061124694376527
0.003713447432762836
0.004801466992665037
0.0006195599022004889
-0.0024606356968215164
0.00022200488997555043
-0.00048264058679706634
-0.002634229828850856
-0.002044987775061125
0.0002596577017114915
-0.0017481662591687043
-0.0004337408312958438
0.0003911980440097803
0.0004166259168704162
-0.001253789731051345
-0.0018205378973105138
-0.002194132029339853
-0.0009017114914425429
4.88997555012224e-05
0.00016479217603912024
-0.0006581907090464545
-0.0017276283618581916
-0.0008381418092909535
7.334963325183415e-06
0.0018117359413202937
0.0001418092909535451
0.0018405867970660147
-0.0018865525672371636
0.00028312958435207857
-0.0018
-8.117359413202945e-05
-0.0011980440097799508
0.001776039119804401
-0.00014034229828850892
-0.0011466992665036678
-0.002423960880195599
-0.0009618581907090467
0.0015422982885085572
-0.0008547677261613695
0.0011031784841075793
0.0012185819070904642
-0.0015911980440097798
0.001856723716381418
-0.0012743276283618584
0.00029290953545232305
0.0006630806845965767
0.001787775061124694
1.8092909535452364e-05
0.00018875305623471895
0.0025334963325183367
-0.0002366748166259166
0.00038533007334963314
-0.003333496332518337
0.0004885085574572129
-0.00012811735941320267
-0.0003066014669926652
-0.002256234718826406
-0.0015466992665036673
-0.0008391198044009782
-0.0005007334963325184
-0.00197359413202934
4.8410757946210636e-05
-0.00017946210268948612
-0.0004870415647921757
0.0016048899755501224
-0.001065036674816626
-0.0002577017114914423
0.001948166259168704
0.0012249388753056234
-0.0008195599022004889
-0.000442053789731051
-0.0001256723716381421
-0.002772127139364303
-0.0011599022004889973
0.0012782396088019553
-0.0011520782396088015
-0.001714914425427873
-0.00038973105134474284
-0.0017290953545232276
0.0004753056234718825
-0.00021858190709046478
0.00308997555012225
0.000576528117359413
0.002137897310513447
-8.264058679706588e-05
-0.003287530562347188
0.0010273838630806842
-0.0021110024449877743
-0.0004929095354523227
-0.0019261613691931544
-0.0006415647921760391
-0.0001667481662591682
-0.001513936430317848
0.0014528117359413199
-0.0013051344743276283
-0.0008107579462102687
0.0024982885085574574
0.00349682151589242
0.0006234718826405868
-0.0013579462102689484
0.0005941320293398534
0.0007921760391198045
0.0010909535452322736
0.0005100244498777507
0.00033398533007335
-0.00020586797066014657
-0.0010200488997555012
0.00045965770171149076
-0.00036283618581907097
0.0006435207823960884
-0.0011383863080684602
-0.0013442542787286066
0.0011090464547677257
-0.0012068459657701713
-0.0008621026894865521
0.0009471882640586795
-0.0018909535452322746
0.00207041564792176
0.0017647921760391195
-0.001442053789731051
0.0023364303178484104
0.0017095354523227386
-0.0021388753056234716
1.564792176039056e-05
-0.002316381418092909
-0.0017305623471882635
0.0008058679706601468
-0.000784352078239609
-0.0009946210268948655
-0.0019276283618581908
0.001110513447432763
-0.001384352078239609
0.00041515892420537884
-0.0004298288508557458
-0.00046992665036674837
-0.00010464547677261615
0.0007535452322738389
-0.0006660146699266498
0.0011334963325183376
0.000651344743276284
0.002252322738386308
0.0001036674816625916
-0.0004665036674816625
-0.0003031784841075792
-0.0014738386308068463
0.0011897310513447432
-0.0009819070904645475
0.00044792176039119787
-0.0009354523227383864
-0.0006210268948655249
7.823960880195623e-05
-0.002001466992665037
-0.001412224938875306
-0.002537897310513447
-0.003007334963325184
-0.0007525672371638144
-0.0004777506112469433
0.003937897310513447
0.002546210268948655
-0.0032728606356968214
-0.0004063569682151591
-0.0006880195599022004
-0.0021422982885085577
0.0009603911980440099
-0.0027897310513447433
-8.312958435207832e-05
-0.0020826405867970664
-0.0009833740831295843
-0.0010557457212713936
-0.001925672371638142
0.0010400977995110021
0.0030151589242053793
-1.9559902200489556e-06
0.0007838630806845972
0.0015848410757946208
0.001421515892420538
0.0019378973105134477
2.542787286063561e-05
-0.0014953545232273841
-0.0008533007334963322
-0.00012665036674816617
0.0018821515892420543
-0.001563325183374083
-0.0029770171149144254
-0.0004572127139364302
0.002328117359413203
3.422982885085537e-06
-0.00019999999999999996
-0.0009603911980440102
0.00042689486552567255
0.0034327628361858187
0.0017970660146699269
-0.0006073349633251837
-0.0008909535452322739
-0.0009633251833740831
-0.00029486552567237163
-0.00160880195599022
0.002865036674816626
-0.0021295843520782397
0.0015691931540342302
0.0036102689486552566
-0.0013530562347188265
0.0013491442542787283
-0.0027540342298288515
-0.0009315403422982885
-0.00044841075794621024
-0.0014557457212713938
0.0005075794621026892
0.001045476772616137
0.0016723716381418091
-0.0016220048899755507
0.0008836185819070903
0.0002352078239608802
0.000910513447432763
-0.0015985330073349634
0.0005066014669926653
0.0026469437652811736
6.11246943765281e-05
0.0009789731051344742
-0.00040635696821515873
-0.002383374083129584
9.242053789731072e-05
-0.00028361858190709084
0.002047432762836186
0.0035603911980440096
0.0033819070904645477
0.0012508557457212716
0.0020234718826405867
-8.997555012224925e-05
-4.4009779951099946e-05
-0.0007985330073349631
-0.0005432762836185826
0.002886552567237164
-0.0005168704156479216
0.001999022004889975
0.0008743276283618583
-0.0006205378973105135
0.0011462102689486552
-0.0003647921760391199
-0.0008660146699266499
-0.0021745721271393646
0.0001056234718826407
0.0030992665036674812
-1.0268948655256679e-05
-0.0005022004889975554
0.0003286063569682151
-0.002040097799511002
0.00011540342298288504
-0.0015442542787286063
0.00012322738386308095
-0.001616625916870415
-0.002458679706601467
-0.003698288508557457
-0.0012459657701711492
-0.0025261613691931538
0.0006625916870415644
-0.0010053789731051346
2.738386308068477e-05
0.0016493887530562347
-0.001784352078239609
0.000975550122249389
0.000807823960880196
0.001172616136919316
-0.0009271393643031784
-0.0014342298288508558
-0.00206161369193154
-0.00012127139364303173
-0.0008503667481662594
0.0003828850855745719
-0.0037471882640586793
0.0015090464547677259
-5.721271393643053e-05
0.0022171149144254274
0.0004518337408312963
-0.0012161369193154042
0.0013374083129584356
3.08068459657699e-05
0.00024058679706601474
-0.0014630806845965772
-0.0018381418092909536
0.0023217603911980444
0.002090464547677261
0.002376039119804401
4.30317848410756e-05
-0.0010293398533007334
0.0004806845965770175
-0.0007672371638141806
-0.0026474327628361856
0.001266992665036675
-0.002649388753056235
0.001922249388753056
0.002462102689486553
0.00210317848410758
-0.002432762836185819
-0.0030171149144254277
0.0016078239608801955
-0.000681662591687042
-0.0008801955990220046
0.0018581907090464546
0.0024004889975550122
0.001665525672371638
-0.00031784841075794656
4.645476772616114e-05
0.00024352078239608794
-0.0012738386308068458
-0.0012953545232273845
0.00021320293398533022
-0.0011369193154034231
0.0013613691931540345
-0.0031965770171149136
-0.0024621026894865524
0.0019413202933985334
-0.001330073349633252
0.0005980440097799509
7.530562347188276e-05
-0.0015237163814180933
-0.0004953545232273841
-0.0009784841075794624
-0.0008787286063569681
-0.00037457212713936424
0.0018753056234718827
-0.0003853300733496331
0.0017466992665036672
-0.0005041564792176037
0.00044498777506112497
-0.004151100244498778
0.00014278728606356957
-0.0010239608801955995
0.0012347188264058683
-0.0026391198044009782
-0.0017398533007334965
0.00019413202933985297
0.0007687041564792173
-0.0011877750611246944
-0.0012171149144254278
8.801955990220233e-06
0.0028088019559902202
-0.002868459657701711
-0.0019129584352078244
0.00025427872860635746
-0.00020195599022004864
0.0002420537897310513
-0.003171638141809291
-0.0017403422982885082
0.0009246943765281173
0.0013520782396088018
-0.0005902200488997551
0.0014924205378973104
-0.0005643031784841078
0.002621515892420538
-0.00047872860635696815
0.0010782396088019558
-0.0006860635696821514
0.004044498777506112
0.0003090464547677261
0.0017980440097799507
0.00011002444987775017
-0.0011403422982885088
-0.0017760391198044009
-0.00036088019559902173
0.0009339853300733498
-0.0001442542787286062
-0.001315403422982885
0.0006772616136919313
0.0033804400977995113
-0.001462591687041565
-0.0020004889975550125
-0.00026992665036674785
8.801955990219894e-06
-0.0002767726161369193
-0.0010234718826405867
0.0016552567237163814
-0.0018948655256723719
0.0006048899755501222
-0.0010640586797066017
-0.0010909535452322736
-0.00022493887530562368
-0.0006684596577017117
0.0006308068459657698
0.0009447432762836188
-0.0012816625916870416
-0.0010635696821515892
0.002097799511002445
0.0009031784841075798
0.0011056234718826408
-0.0009745721271393642
0.0015398533007334972
-0.00022640586797065992
0.00010415647921760411
-0.0023799511002444984
-0.0012547677261613693
-0.0004753056234718828
-0.0005530562347188264
-0.0006650366748166257
0.0026376528117359414
0.00128997555012225
-0.0011867970660146697
-0.0021823960880195596
-0.0005198044009779954
-0.003829828850855745
-0.0015051344743276284
-0.0017036674816625918
-0.0010190709046454763
-0.0015163814180929093
0.0009061124694376527
0.00028019559902200464
-0.0010092909535452319
-0.003112958435207824
0.0022024449877750605
-0.0010425427872860636
-0.003433740831295843
-0.0014821515892420537
0.0024943765281173593
-0.0003012224938875305
-0.004204889975550123
0.001641564792176039
-0.00026650366748166284
0.0011374083129584351
0.00019657701711491436
-0.0027887530562347184
0.0027985330073349635
0.0018151589242053792
-0.000997066014669927
-0.00023960880195599013
-0.000710513447432763
-0.0019721271393643033
0.00013496332518337409
0.00033594132029339877
0.0012557457212713935
0.0009246943765281171
0.0004073349633251833
0.00210757946210269
-0.0009535452322738384
0.0003838630806845968
-0.0014801955990220046
0.00022982885085574565
0.002084596577017115
-0.002974572127139364
-0.003033251833740831
0.00183080684596577
0.00013740831295843529
-0.00011735941320293423
-0.0022264058679706605
0.0002234718826405866
-0.0018024449877750608
0.0015070904645476772
0.00015403422982885058
0.0009506112469437653
0.0007530562347188263
-0.0003330073349633249
0.0015735941320293397
0.0013926650366748164
-0.0015916870415647927
-0.0008777506112469439
0.0011657701711491441
-0.001180440097799511
-0.002026894865525672
-0.0007520782396088016
-0.000926650366748166
0.0015980440097799508
0.0009511002444987779
0.004241564792176039
-0.0022366748166259163
0.0009975550122249387
-0.00023569682151589253
-0.000619070904645477
0.0008806845965770173
-9.242053789731045e-05
0.0033775061124694376
-0.0004684596577017116
-0.0014371638141809288
0.0006660146699266502
0.00010513447432762828
-0.0006552567237163812
0.0001599022004889972
0.0008743276283618583
0.0005618581907090466
0.0008034229828850852
0.0016215158924205379
-0.0016293398533007329
0.002971638141809291
-0.0010792176039119805
-8.948655256723709e-05
-0.001272860635696821
0.0014503667481662588
-1.418092909535442e-05
0.000615158924205379
-0.001066992665036675
-0.0009662591687041565
0.000335452322738386
0.0021643031784841075
-0.00031246943765281157
-0.0018371638141809292
-0.002572127139364303
-0.0003696821515892418
0.0019530562347188267
-0.0007574572127139366
0.0018572127139364302
-0.00014523227383863056
0.0007921760391198042
0.0010650366748166256
-0.0007814180929095357
-0.001264547677261614
0.0006288508557457213
0.0011403422982885084
0.00024009779951100234
0.0010943765281173595
0.003068459657701711
0.0014709046454767726
-0.0008361858190709043
0.0016283618581907089
-0.0011628361858190706
-0.001151100244498777
-0.0009892420537897305
0.0023525672371638145
0.002309535452322738
0.0010743276283618586
-1.7114914425427888e-05
-0.002908557457212714
0.004912958435207824
0.00013349633251833737
0.0006298288508557458
0.0016875305623471886
0.00016577017114914386
-0.0020836185819070904
-0.0008953545232273844
-0.0017110024449877752
0.0011022004889975551
0.0024425427872860634
0.0016039119804400978
0.00063520782396088
-0.0018215158924205382
-0.000259168704156479
-0.0005980440097799511
-0.00026014669926650364
0.0010821515892420535
0.0028797066014669926
-0.0033848410757946214
-0.0019188264058679705
-0.0001647921760391197
-0.003294376528117359
-0.00018630806845965753
0.0003114914425427873
0.0016415647921760388
0.0005960880195599017
0.0023232273838630804
-0.0014444987775061122
-0.003305134474327628
-0.001393154034229829
0.00024498777506112433
0.0006024449877750614
0.0009833740831295843
0.002222982885085575
0.001644498777506112
-0.0001995110024449876
0.0018092909535452322
-0.0027511002444987774
-0.0008171149144254278
0.0012092909535452322
-0.0013990220048899756
0.0017369193154034227
0.001498288508557457
-0.0005056234718826405
0.002454278728606357
-0.0015765281173594128
-0.00045867970660146655
-9.095354523227413e-05
0.00016870415647921762
0.0023559902200488998
-0.003811735941320293
-0.001331051344743276
-0.0005999999999999993
0.0017506112469437651
-0.0005149144254278733
-0.001912958435207824
-0.0002132029339853303
-0.0023339853300733495
0.0013056234718826407
0.001274327628361858
0.0003193154034229827
0.0017814180929095359
0.0010122249388753058
0.0006943765281173592
-0.002446454767726161
0.0007251833740831293
0.001210268948655257
7.481662591687005e-05
0.0008009779951100244
0.0021985330073349633
0.0006420537897310512
-0.0017838630806845967
0.0008029339853300733
-0.000170660146699267
-0.0021486552567237163
-0.0021193154034229826
0.0024958435207823966
-0.0021970660146699264
0.0015471882640586798
0.0019550122249388756
-0.0021486552567237163
0.00209437652811736
0.0004498777506112468
0.00010464547677261658
0.002145232273838632
-0.0013779951100244493
-0.00020146699266503635
-0.0025809290953545234
0.00032224938875305604
-0.00010953545232273827
-0.0011334963325183372
0.0006885085574572127
0.0017574572127139363
-0.001368215158924205
-0.004672860635696822
-0.0025559902200488994
-0.0011457212713936434
-0.001110513447432763
0.0008640586797066011
0.00046308068459657717
0.00040684596577017084
-0.0007916870415647921
-0.0002528117359413201
-0.0021550122249388752
-0.0031867970660146698
-0.0007383863080684597
0.0001427872860635697
-0.002111980440097799
-0.00181760391198044
0.0003310513447432763
-0.0016440097799511
5.721271393642999e-05
0.0026660146699266506
0.0007643031784841075
-0.0014713936430317846
0.0009584352078239604
-0.00043814180929095285
-0.0002562347188264057
-0.0005276283618581906
0.0004488997555012225
-0.0008889975550122246
0.00014278728606356944
0.0006836185819070906
0.0008053789731051342
-0.0002816625916870415
0.0012528117359413202
-0.0004704156479217604
-0.0013154034229828852
0.0004894865525672371
0.00027775061124694396
-0.000944254278728606
-0.0013559902200488997
0.0009476772616136919
-0.0012317848410757942
9.779951100244303e-06
0.00028215158924205393
0.0012264058679706594
-0.0014259168704156484
0.00015305623471882637
0.0007799511002444987
-0.0024337408312958436
0.00048410757946210276
0.001563325183374083
-0.0018386308068459663
0.0018591687041564792
1.6136919315403546e-05
0.001378484107579462
0.001627383863080685
0.001031784841075795
0.0002748166259168703
2.7383863080684295e-05
0.0009105134474327629
6.356968215158903e-05
0.00043471882640586795
0.0026283618581907095
-0.0004542787286063569
-0.0008503667481662593
-0.0017286063569682147
-0.002673349633251834
-0.0019696821515892415
0.0004454767726161364
0.000711491442542787
-0.00021026894865525705
0.0016180929095354524
-0.003756479217603912
2.4449877750610997e-05
0.003108068459657702
0.0014508557457212706
0.00046943765281173583
-0.0003667481662591693
-0.0011168704156479215
-0.0018479217603911981
0.0010317848410757945
0.0009535452322738382
3.863080684596576e-05
0.0010997555012224943
-0.0013980440097799518
0.00019022004889975545
-0.0009960880195599025
0.0017716381418092907
0.002717848410757946
0.003216136919315404
0.0004488997555012224
-0.0005031784841075794
1.3691931540342351e-05
-0.0024322738386308067
0.0013975550122249391
0.0010611246943765277
0.0004410757946210273
0.0005066014669926652
8.606356968215161e-05
0.0007418092909535455
-0.003495843520782396
-0.001455745721271394
0.00048801955990220063
-0.0002924205378973106
-0.00034083129584352014
-0.0010748166259168701
0.00022689486552567235
-0.0031256723716381416
-0.0017315403422982884
-0.0017990220048899755
-6.405867970660147e-05
0.0008674816625916876
0.00012127139364303193
0.00012127139364303211
0.0008454767726161369
0.001133007334963325
0.0014361858190709044
-0.00035745721271393576
-0.0019408312958435208
-0.0006929095354523232
-0.001837163814180929
0.0013041564792176036
-0.002071393643031785
-0.0009408312958435206
-0.002123716381418093
0.0028176039119804396
0.0006933985330073351
-0.0019819070904645475
0.0033511002444987776
-0.0007183374083129582
0.0007887530562347191
0.003252322738386308
-0.00014523227383863056
0.0005755501222493879
-0.0011320293398533003
0.0003540342298288506
-0.00043863080684596577
0.0002303178484107581
-0.0005158924205378978
-0.0015999999999999999
0.002734474327628362
0.0011848410757946209
-0.002571149144254279
-6.99266503667478e-05
0.0010997555012224932
-0.00046797066014669984
0.0025198044009779952
-0.0010572127139364302
-0.0006171149144254282
0.0034308068459657703
0.0003682151589242057
0.00255158924205379
-0.0007462102689486553
0.0006405867970660149
-0.0008518337408312957
0.0011061124694376528
0.0007447432762836188
0.00026797066014669986
0.0010234718826405871
-4.352078239608852e-05
0.0007388753056234722
0.00013300733496332532
0.0008880195599022004
0.0025041564792176044
0.0006914425427872856
0.0004929095354523227
-0.0017706601466992667
0.0012518337408312956
0.0019926650366748166
-0.003524694376528118
0.002338875305623472
-0.0012484107579462107
0.001332029339853301
-0.0034577017114914427
-0.0016875305623471881
0.0017261613691931536
-0.002347188264058679
-0.00010317848410757923
0.0004352078239608806
0.0009398533007334966
-0.0009775061124694378
-0.0009105134474327633
-0.0007559902200489001
-0.0005290953545232278
-5.867970660146691e-05
0.0005584352078239604
0.0005476772616136918
0.0019765281173594134
-0.002635696821515892
0.0011227383863080687
0.0002797066014669926
0.0013775061124694378
0.0026200488997555017
0.001361369193154034
-0.0006127139364303179
-0.002086063569682152
-0.0005691931540342296
-0.0009975550122249394
-0.0006190709046454772
0.0022537897310513444
0.000691442542787286
7.188264058679716e-05
0.0017799511002444988
-0.001728117359413203
0.00040244498777506103
0.0010963325183374088
-0.003534474327628361
-0.004384841075794622
6.943765281173644e-05
0.0012811735941320296
-0.0021139364303178485
-0.00048753056234718874
1.0268948655256747e-05
0.0009364303178484108
-0.0003022004889975551
-0.0010552567237163812
-0.0002689486552567234
0.0013080684596577018
0.002350611246943765
0.0026679706601467
-0.000428361858190709
0.0007442542787286065
-0.0034841075794621035
0.001460635696821516
0.00011442542787286052
-3.71638141809288e-05
-0.0003721271393643031
-0.00020880195599022039
7.7261613691932e-05
0.0018924205378973106
-0.00012273838630806865
-4.0097799511002304e-05
0.0002894865525672373
0.0007589242053789734
0.002489975550122249
-0.0006004889975550126
-0.0014997555012224943
0.0013902200488997555
-0.0002757946210268948
0.001165770171149144
0.0007061124694376528
-0.0003589242053789732
-0.003277261613691931
-0.0009726161369193153
-0.0008577017114914429
-0.00020146699266503603
0.0016132029339853298
-0.0001471882640586798
0.0004249388753056242
0.0006176039119804405
0.0022552567237163813
0.0023261613691931537
0.0009691931540342301
-0.0013657701711491444
0.001988753056234719
0.0008303178484107581
0.0038303178484107585
0.003961369193154034
-0.0014518337408312956
-0.0010141809290953542
0.00043911980440097765
-0.00037066014669926664
-0.00293643031784841
0.00026797066014669927
0.0025823960880195598
0.0006474327628361858
0.001172127139364303
-0.002428850855745722
9.046454767726187e-05
-0.0005569682151589241
0.0007721271393643028
7.383863080684618e-05
-0.0023726161369193154
-0.0012039119804400976
0.0008215158924205381
0.00034621026894865513
-0.001349633251833741
0.0029183374083129572
4.9388753056234574e-05
-0.0016356968215158925
0.0018860635696821512
7.823960880195612e-05
0.0016581907090464545
0.0005828850855745723
-0.0008552567237163814
0.0002630806845965776
-0.0021926650366748163
0.0005603911980440097
-0.00236919315403423
-0.00031980440097799536
0.0027564792176039124
-0.003010757946210269
0.0032342298288508564
0.0009315403422982884
-0.0021075794621026895
-0.0024860635696821523
-0.0013970660146699265
-0.0008640586797066011
0.001135452322738386
0.0009760391198044013
-0.0014689486552567237
0.0010841075794621024
0.0013403422982885087
0.0016097799511002448
-0.0018821515892420537
0.002666992665036674
0.00024352078239608807
0.0030293398533007333
-0.0023540342298288505
-0.0008298288508557467
0.00021955990220048912
-0.002928117359413203
0.0014234718826405864
-0.000579951100244499
0.00035305623471882633
0.002012713936430318
0.0010498777506112475
-0.0021100244498777503
-0.00026063569682151575
0.001113447432762836
-0.0037843520782396083
-0.0033550122249388754
0.0003105134474327623
-0.00014180929095354537
-0.0021158924205378973
0.00018141809290953505
-0.00037408312958435203
0.0012234718826405863
0.0007330073349633248
0.0005427872860635694
0.0007031784841075794
-0.00272518337408313
0.0003731051344743276
4.645476772616141e-05
-0.001979951100244499
-0.0010190709046454768
-0.0038332518337408313
0.0017486552567237163
-0.0003892420537897305
-0.0010029339853300737
-0.0009041564792176042
0.0012488997555012223
0.0003794621026894867
-0.0008801955990220046
-0.0022787286063569675
-0.00029437652811735985
-0.0013628361858190714
-0.0008689486552567238
-0.0027921760391198046
0.0014034229828850853
0.0002665036674816624
-0.0010518337408312957
-0.00095158924205379
0.0006268948655256725
0.00042102689486552507
0.00015403422982885093
0.00012127139364303173
0.0015667481662591687
-0.000632273838630807
-0.00014572127139364285
-0.0010601466992665037
-0.0009193154034229826
-0.0019579462102689484
-0.0006278728606356968
0.0027623471882640585
0.0038303178484107585
-0.0016713936430317853
0.0002102689486552565
0.00012665036674816644
0.00213838630806846
-0.0009696821515892425
-6.210268948655251e-05
0.00014034229828850856
-0.0013222493887530566
-7.237163814180967e-05
0.0012938875305623474
0.00043080684596577036
-0.0009809290953545228
-0.0008762836185819066
-0.0012224938875305623
0.0016875305623471884
-0.0008709046454767727
0.0032694376528117366
-0.00040880195599022007
-2.0048899755500644e-05
0.000610268948655257
-0.000775550122249388
0.0015784841075794623
0.0013530562347188267
-0.0031506112469437647
-0.0033779951100244496
0.0013555012224938873
0.0020537897310513448
0.00046748166259168687
-0.002181907090464548
0.0018689486552567241
-0.0007515892420537892
0.0015320293398533003
0.0009540342298288509
8.948655256723673e-05
0.002523227383863081
0.00207237163814181
-0.0011183374083129582
-0.0004024449877750613
0.0016855745721271389
0.00038190709046454825
0.00012029339853300725
0.0007398533007334963
-0.0016415647921760386
0.0003721271393643032
0.00011198044009779953
-0.002535452322738386
-2.933985330073349e-05
0.0016405867970660148
-7.823960880195592e-05
-0.0024195599022004896
-0.0027814180929095354
0.002419559902200489
0.00024400977995109996
0.00048508557457212665
7.383863080684595e-05
0.002643520782396088
-0.0001413202933985329
0.0023789731051344744
0.0013100244498777502
-0.001318337408312959
-0.001719804400977995
-0.0019251833740831302
-0.001621515892420538
0.001720293398533008
0.0008713936430317849
0.0007652811735941319
5.378973105134255e-06
0.0022738386308068454
0.0037320293398533
0.0007442542787286067
0.0008684596577017114
-7.139364303178479e-05
0.0015212713936430316
-0.00251002444987775
0.000810268948655257
-0.004385819070904646
0.00039902200488997576
0.0014992665036674814
-0.001812713936430318
-0.0021442542787286066
-0.0013789731051344748
-4.400977995110218e-06
-0.0016293398533007333
0.002274327628361858
-0.0018264058679706599
0.0005823960880195606
-0.000676283618581907
0.002040586797066015
0.0004112469437652811
0.000530562347188264
-0.0005481662591687042
-0.002128117359413203
0.001413691931540343
0.0005188264058679706
0.0016444987775061128
-0.001624449877750611
0.0011687041564792172
0.0004904645476772619
-0.003533007334963325
-0.0017232273838630803
-0.0011476772616136922
-0.0006914425427872865
-0.0010894865525672372
0.0015921760391198045
0.0022660146699266504
0.0011403422982885086
-0.0011139364303178482
0.001365281173594132
-0.0014709046454767722
0.002119804400977995
-0.0003378973105134474
0.00017701711491442527
-0.0020048899755501226
-0.001235696821515893
0.0020669926650366747
0.002998044009779951
0.0008645476772616131
0.0008733496332518339
0.00027530562347188257
-0.0005144254278728609
0.0020660146699266503
-0.001290953545232274
-0.0001897310513447433
-0.00032078239608801897
-0.00020537897310513438
0.0013471882640586795
-0.0022669926650366744
-0.0008919315403422984
0.00033496332518337385
0.001855745721271393
-0.001632273838630807
-0.0007540342298288512
0.0022713936430317845
-0.0004415647921760392
-0.00020537897310513465
0.0017139364303178485
0.00021271393643031757
0.0005794621026894869
-0.0018885085574572127
0.0016493887530562349
0.001304156479217604
0.0010078239608801956
0.0008161369193154034
-0.0008288508557457217
-0.0036435207823960884
-0.0013603911980440099
-0.003252322738386308
0.001862102689486552
-0.00014767726161369203
-0.00017359413202934
-0.0004689486552567236
0.0018112469437652806
-0.0011594132029339856
-0.0016180929095354522
-9.97555012224937e-05
-0.00069242053789731
-0.0023819070904645477
-0.002691931540342298
-0.002867481662591687
-0.0009877750611246945
0.0011701711491442538
0.001006845965770171
-0.0004024449877750612
-0.002224449877750611
0.001989242053789731
-0.0014268948655256726
0.0025183374083129592
-0.00013251833740831248
-0.0016009779951100245
-0.0004875305623471888
0.00019168704156479263
-0.003511491442542787
-0.0006078239608801956
0.0015486552567237162
-0.002144743276283618
0.0007295843520782399
-0.001359902200488997
-0.0011745721271393646
-0.0014092909535452318
-0.002241564792176039
-0.0021506112469437655
0.0020019559902200485
0.0015256723716381418
0.0005833740831295845
-0.0027070904645476773
0.0007911980440097802
-0.0001657701711491443
-0.0008444987775061126
0.001326650366748166
0.0018684596577017117
-0.000654767726161369
0.0004889975550122248
0.0007202933985330065
-0.00032518337408312975
0.002220048899755501
-0.0014
0.0011775061124694374
-0.0010831295843520786
-0.0011511002444987777
-0.00018484107579462076
-0.0005501222493887538
0.00027188264058679686
-0.0009085574572127139
-0.00011833740831295871
0.0034591687041564795
0.0009031784841075793
0.0012488997555012223
0.0019403422982885083
-0.0016977995110024448
0.005880684596577017
0.0002567237163814182
-0.002380440097799511
0.00034132029339853316
-0.0005271393643031787
7.139364303178502e-05
0.0013599022004889979
0.001082640586797066
0.0013936430317848414
-0.0006968215158924202
-0.002113447432762837
0.000517359413202934
0.00028557457212713915
-0.0024938875305623477
0.0010630806845965768
0.0024122249388753058
0.0017154034229828845
-0.0007706601466992663
0.00031931540342298314
0.0010469437652811735
-0.0012352078239608805
-0.0007916870415647926
0.0013222493887530564
-0.0019716381418092917
0.0001946210268948658
0.0011090464547677261
-0.0011613691931540342
-0.00041564792176039105
0.0014415647921760392
-0.0022875305623471886
0.0033281173594132034
-0.001708557457212714
0.0014845965770171146
0.0014894865525672371
0.0009246943765281171
0.002196088019559902
0.0007310513447432762
0.0010973105134474332
-0.0006161369193154032
-0.0027232273838630806
-0.0006180929095354522
-0.001178484107579462
-0.0014816625916870413
0.0011036674816625916
-0.0013295843520782396
0.002729584352078239
0.0021251833740831296
0.002407823960880196
0.0009515892420537897
-0.00263520782396088
-0.0006234718826405868
0.0007242053789731054
0.0032386308068459656
-0.003976528117359413
0.001906601466992665
0.00029046454767726155
0.003809779951100245
0.003207823960880195
0.00013105134474327652
-0.0015330073349633252
-0.0005823960880195601
-0.0003158924205378971
0.0013711491442542786
-0.002449388753056235
-0.0006303178484107582
0.00034621026894865556
0.000289486552567237
0.0010102689486552571
0.00041858190709046487
0.001714914425427873
0.0004924205378973104
-0.001541809290953545
-2.5427872860635813e-05
-0.00077799511002445
-0.0003515892420537897
0.0025408312958435206
-0.0009369193154034232
0.00035745721271393614
-0.000634229828850856
-0.00044254278728606347
-0.0009931540342298288
-0.0013569682151589244
-0.0001990220048899756
-0.00027383863080684593
-0.0017393643031784842
-0.0031520782396088024
0.000897799511002445
-0.000510513447432763
3.9119804400978305e-05
0.00022689486552567167
-0.0004914425427872863
0.0015501222493887528
-5.867970660146596e-06
-0.0005569682151589239
0.0004801955990220047
0.001358435207823961
0.00159119804400978
-0.0012919315403422983
-0.0018498777506112474
-6.259168704156472e-05
-0.0022625916870415647
-0.0013931540342298288
0.002515403422982885
3.2273838630806855e-05
0.0018875305623471882
0.00020440097799511025
0.0005173594132029339
0.0007789731051344744
-0.002878239608801956
-0.0008606356968215154
0.0004542787286063572
0.0020591687041564793
-0.0007511002444987778
0.0006405867970660144
0.0017422982885085573
-0.0010337408312958434
0.0019090464547677265
0.0007823960880195599
0.0014356968215158922
0.0007916870415647919
0.0007633251833740827
0.00011589242053789758
0.0005628361858190709
-0.000897310513447433
-0.002340831295843521
1.1735941320293599e-05
-0.0018669926650366746
-0.0007745721271393645
-0.0014547677261613696
-0.0014415647921760396
0.002152567237163815
0.0028122249388753055
-0.0008552567237163814
-0.0016552567237163814
-0.0005217603911980439
0.0006039119804400974
0.0016283618581907089
0.0011755501222493886
0.002296821515892421
-0.00010660146699266497
0.000802444987775061
0.0006024449877750613
-0.0022713936430317854
0.0026660146699266506
-0.0018557457212713937
-0.001987775061124695
-3.471882640586781e-05
-0.0008845965770171145
0.0002303178484107583
0.00023667481662591688
0.0005770171149144255
0.0003075794621026901
-0.0012865525672371638
0.0010572127139364302
0.001060146699266504
0.001330562347188264
-0.0019990220048899756
-0.0017711491442542785
0.00199559902200489
-0.0004127139364303174
-0.0003305623471882644
0.0014855745721271392
0.0027579462102689484
0.002916870415647922
-0.0012748166259168698
-0.0004665036674816624
0.001075794621026895
0.0021413202933985333
-0.0002528117359413203
-0.0003080684596577017
0.0005726161369193155
-0.0013330073349633246
-6.210268948655271e-05
0.00016870415647921754
0.0006146699266503667
8.410757946210231e-05
-0.000808312958435208
0.00022298288508557478
0.0006855745721271395
0.0017872860635696824
-0.0013452322738386308
0.0023305623471882642
0.0008885085574572125
-0.0009872860635696825
0.0006968215158924204
-0.0010669926650366747
0.000653300733496333
0.000299755501222494
0.001293887530562347
0.00022787286063569677
0.002099755501222494
-0.0003432762836185819
-0.000911002444987775
-3.4229828850856725e-06
0.000847432762836186
-0.0026728606356968216
-0.0015921760391198045
-3.5207823960880154e-05
0.000775550122249389
-0.00043520782396088017
-0.002302689486552567
-0.0004171149144254277
-0.0030044009779951098
0.0022498777506112467
-0.0010449877750611247
0.0010185819070904648
0.00011100244498777492
0.0038391198044009788
-0.0009481662591687047
0.0009442542787286064
0.001555012224938875
0.00010513447432762846
-0.0011506112469437653
0.0007266503667481664
0.0026166259168704164
-0.00029046454767726144
-0.0002210268948655255
-0.0025682151589242054
0.000306112469437653
0.000551589242053789
0.0011828850855745724
-0.0010987775061124694
0.0002782396088019557
0.00014474327628361878
-0.0005349633251833742
-0.00028361858190709073
-0.0003388753056234716
-0.000838630806845966
0.00046112469437652783
-0.0007207823960880195
-0.0006190709046454767
0.0003202933985330076
-0.0032640586797066016
0.0004224938875305621
-0.0030948655256723715
0.00292958435207824
-0.0015750611246943763
0.0028190709046454765
0.0017955990220048898
-0.004032273838630807
-0.0012645476772616133
0.0017354523227383868
-0.0009515892420537899
0.0031173594132029338
0.002923227383863081
-0.0008709046454767725
0.0001618581907090464
-0.0030268948655256724
-0.0010361858190709044
-0.0001980440097799506
-0.0020723716381418093
0.0020347188264058682
0.0013212713936430317
0.0029701711491442544
0.001580929095354524
0.002345232273838631
0.0012899755501222484
-0.0006004889975550123
0.0005960880195599019
0.0007041564792176041
-0.001161858190709046
0.0007070904645476773
-0.001428361858190709
-0.0010567237163814182
0.0005970660146699266
0.00040146699266503666
0.0007589242053789728
-0.0014772616136919312
-0.002390220048899756
0.0003378973105134472
0.0008210268948655255
-0.0032171149144254283
-0.0018132029339853301
0.0015555012224938872
0.002266503667481662
0.0008053789731051345
-0.00032469437652811716
-0.0013911980440097802
-0.0019775061124694374
0.0008317848410757946
0.0014792176039119804
-0.0012449877750611246
0.0041902200488997555
-0.0005579462102689484
0.0009168704156479221
0.0002303178484107577
-0.002346210268948655
0.0005613691931540343
0.001580929095354523
-0.0011154034229828853
0.0007022004889975547
0.0006689486552567235
-0.0021330073349633254
-0.001853789731051345
0.0005603911980440093
0.0023638141809290956
-0.0011129584352078243
-0.0019858190709046456
0.0017422982885085577
-0.0014929095354523226
-0.0012337408312958435
0.003273838630806846
0.0024508557457212712
-0.00010073349633251797
0.0007056234718826406
-0.003820537897310513
-0.00036821515892420525
0.0014992665036674816
0.00017995110024449863
0.0006097799511002443
-0.0003872860635696821
-0.0036376528117359414
0.002278239608801956
-0.0008655256723716382
-0.001381907090464548
0.0024420537897310514
0.0016987775061124697
0.0028229828850855746
0.000608312958435208
0.0005995110024449876
0.0015618581907090466
-0.0012146699266503672
-0.0009183374083129588
-0.0035965770171149146
0.004654767726161369
-0.0005990220048899756
-0.0012567237163814183
-0.0011784841075794623
0.00027334963325183334
0.002034229828850856
0.0002533007334963327
-0.0011349633251833743
0.0008151589242053789
0.0008376528117359414
-0.0005858190709046452
0.0022166259168704154
-0.0014092909535452318
-0.0019995110024449876
-6.308068459657699e-05
-0.00012273838630806838
0.0012435207823960881
-0.0012533007334963324
0.0009584352078239605
-0.0027031784841075788
-0.0030479217603911982
6.503667481662602e-05
0.000871882640586797
0.0012845965770171151
-0.0028342298288508553
0.0004611246943765278
0.0006728606356968216
0.003299266503667481
-0.0013608801955990219
0.0024185819070904643
-0.0008982885085574568
0.0007339853300733496
0.0010669926650366745
-0.001116870415647922
-0.002459168704156479
0.0023657701711491444
-0.0008264058679706598
-0.0012171149144254284
-0.0005916870415647921
0.0010713936430317846
0.0015276283618581908
0.00010611246943765334
-0.002694865525672372
-0.0007643031784841074
-0.0016386308068459658
-0.001287530562347188
-0.0011070904645476773
-0.0014264058679706601
-0.00044400977995110016
0.0014914425427872858
0.0025941320293398533
0.0025105134474327625
0.0001662591687041567
-0.0004528117359413202
-0.0007716381418092907
-0.0023951100244498772
-4.352078239608774e-05
-0.0010004889975550125
0.003283129584352078
-0.00030855745721271386
0.0003672371638141812
-0.004740342298288507
-0.0006943765281173593
0.000737408312958435
-0.0012386308068459658
-0.0014958435207823961
0.0022865525672371638
0.0014669926650366747
0.0015276283618581904
-0.0020009779951100245
0.0009716381418092911
0.002800488997555012
-5.085574572127159e-05
-0.0018303178484107576
0.0018303178484107578
0.0007515892420537898
0.0014924205378973104
-0.0008889975550122251
-0.00044449877750611216
0.001382885085574572
-0.001699755501222494
-0.0018400977995110023
-0.0009579462102689486
-0.0008239608801955986
-3.7163814180929005e-05
-0.002269926650366748
0.003953545232273838
-0.0010308068459657705
0.00022004889975550128
-0.0006259168704156478
0.002546699266503667
0.0007520782396088021
0.002238630806845966
0.0019515892420537899
0.0019359413202933982
-2.4938875305623305e-05
0.0010870415647921759
-0.0006577017114914425
0.0006841075794621029
7.041564792175983e-05
0.0011951100244498778
0.0007466992665036676
0.00024400977995110042
0.0019442542787286067
0.0013735941320293398
-0.0006616136919315402
-0.0006836185819070901
-0.0017061124694376527
9.92665036674818e-05
-0.0012356968215158925
0.0018728606356968212
0.0015633251833740832
0.0009408312958435208
-0.00247481662591687
0.000360880195599022
-0.0013848410757946212
0.000389242053789731
-0.0007398533007334965
0.0020660146699266503
0.0014405867970660145
-9.144254278728576e-05
-0.0036303178484107575
0.001863080684596577
0.00033789731051344713
0.00145281173594132
-0.0002596577017114914
0.0002449877750611246
0.0005828850855745717
-0.0007334963325183371
-0.000919804400977995
0.0012816625916870418
-0.0003540342298288514
0.0019276283618581901
-0.0006430317848410758
-0.0009339853300733491
0.00024303178484107562
0.0005687041564792177
0.0008415647921760391
-0.0020415647921760392
-4.15647921760397e-05
-0.003698288508557457
-0.0016933985330073356
0.0016689486552567234
0.0029085574572127134
0.000376528117359413
0.001122249388753056
-0.0022601466992665034
-0.0034645476772616132
-0.00044058679706601445
-0.0015613691931540337
0.0012180929095354526
-0.0022244498777506116
-0.0002533007334963327
-0.0006694376528117358
-0.0012997555012224942
-0.0010987775061124692
0.0018249388753056235
-0.0024332518337408316
-0.0010141809290953546
0.0011506112469437655
-0.00019462102689486526
-0.0012102689486552564
-0.002333496332518338
2.6405867970660022e-05
0.0021804400977995107
0.0018459657701711488
0.0026860635696821515
-0.0010479217603911975
0.0018963325183374085
0.001874327628361858
0.0023080684596577016
-9.975550122249444e-05
-0.0028132029339853304
0.0002537897310513446
-0.00042738386308068443
-0.0022762836185819062
0.004022982885085575
-0.0002557457212713937
0.001105134474327628
0.0012117359413202932
-0.002869437652811736
0.0010493887530562346
0.0014337408312958433
-0.0003139364303178486
0.00450317848410758
0.0002997555012224938
0.0045369193154034225
0.0006308068459657699
0.0006405867970660148
0.0007422982885085574
0.0008616136919315407
-3.129584352078275e-05
-0.0030464547677261614
0.0020606356968215158
0.001278239608801956
-8.215158924205364e-05
-0.002731540342298289
0.0002860635696821516
0.0002273838630806844
-0.001408312958435208
0.0001726161369193154
0.0017246943765281172
0.0010542787286063567
0.0012425427872860635
-0.0005867970660146701
0.003468948655256724
-0.0007061124694376532
-0.0008224938875305623
-0.00043960880195599025
-0.00399559902200489
-0.001962836185819071
0.003030806845965771
-0.0017158924205378976
-0.0007432762836185815
-0.0009540342298288506
-0.004287041564792176
0.0007814180929095354
0.0004000000000000006
-0.0014259168704156477
-0.0005232273838630809
0.0014151589242053784
0.0026400977995110018
-0.001732029339853301
0.0004190709046454767
0.003172616136919316
0.0026938875305623465
0.0042220048899755495
0.0017383863080684598
0.0013261613691931543
0.0010943765281173593
0.000566748166259169
-0.000845965770171149
-0.00026552567237163863
-0.000132029339853301
-0.00011931540342298358
0.001406845965770171
0.00018386308068459668
-0.001459657701711491
-0.001465525672371638
0.0001550122249388756
-0.0015520782396088017
-0.0006425427872860638
-0.0028415647921760387
0.00031442542787286074
-0.0001334963325183371
-0.0014792176039119807
-0.00054278728606357
-0.0034347188264058676
-0.0016210268948655252
0.0012841075794621027
0.003876283618581907
-0.0009569682151589241
-0.001199511002444988
-0.00046112469437652816
0.0030665036674816628
0.0007193154034229824
-0.004292909535452322
-0.0002660146699266498
0.003129095354523227
-0.0006088019559902199
-0.0028273838630806843
0.0015339853300733496
0.0009828850855745717
0.0012562347188264057
0.0008293398533007334
0.00034572127139364297
0.0001559902200488999
0.0020361858190709047
0.0004943765281173592
0.0014919315403422978
4.107579462102709e-05
-0.0006278728606356972
-0.0009628361858190708
0.0008738386308068457
0.0010513447432762832
-0.0021144254278728605
0.0005995110024449877
-0.00014621026894865542
0.0005007334963325183
-0.0011442542787286065
0.0018880195599022005
-8.850855745721247e-05
-0.0009643031784841075
-0.000587286063569682
0.002707579462102689
-0.002352078239608801
-0.0014860635696821516
-0.0011119804400977996
0.005131540342298288
-0.0007154034229828851
-0.0012044009779951105
-0.0004396088019559904
-5.965770171149125e-05
0.002750122249388753
0.00038826405867970675
0.001765281173594132
-0.0028298288508557456
-0.0005716381418092904
0.00037212713936430307
-0.0004611246943765281
0.0002894865525672371
-0.0003726161369193152
0.00039804400977995176
0.0008953545232273838
0.000561369193154034
0.0002973105134474326
-0.0006650366748166263
-0.0015447432762836178
-0.0030117359413202927
-0.0014733496332518334
-0.0007124694376528123
-0.00256919315403423
0.0008484107579462102
-0.0010224938875305625
-0.0015080684596577012
-0.0013706601466992666
0.00177359413202934
0.0007946210268948657
-0.0012528117359413204
-0.000770171149144254
-0.003730562347188264
-0.0024533007334963325
-0.0007070904645476773
-0.0004723716381418094
0.0014107579462102689
0.0009080684596577016
-0.00012811735941320267
0.002504156479217604
0.0012112469437652808
3.911980440097505e-06
0.0005990220048899753
0.0028327628361858193
0.00032371638141809306
0.0015442542787286065
0.0025701711491442542
-0.002679706601466993
-0.00014376528117359365
-8.312958435207818e-05
0.0003070904645476774
-0.0018669926650366753
-0.0020454767726161374
-0.00044938875305623396
0.0009926650366748168
0.0011217603911980443
-0.001785330073349633
-0.0007877750611246945
-0.001433251833740831
-0.00020635696821515927
0.0016611246943765282
-0.0004806845965770167
-0.002069926650366748
-0.00020635696821515853
-0.0023540342298288505
0.00015012224938875323
0.0047129584352078235
-0.00019462102689486602
0.00034523227383863065
-0.002069437652811736
0.0013863080684596578
-7.726161369193172e-05
-0.0015388753056234724
0.0015237163814180931
-0.0016743276283618586
-0.0025271393643031786
0.002275794621026895
-0.0009530562347188265
-0.0016464547677261614
0.0003506112469437654
0.0007750611246943766
-0.0008078239608801957
-0.0011525672371638144
-0.001902200488997555
-0.0008288508557457216
-0.0005378973105134475
0.001484107579462103
-0.00039168704156479164
0.0002444987775061126
0.00013251833740831289
-0.00028068459657701724
-0.002691931540342298
0.002970660146699267
0.0018430317848410753
-0.0011334963325183376
0.00042493887530562337
0.000741809290953545
0.0008444987775061126
-0.0018581907090464542
0.0015965770171149146
0.0013628361858190707
0.0006097799511002446
0.00020977995110024495
0.001688019559902201
-0.0007163814180929098
-0.0011320293398533003
-1.2713936430317873e-05
-0.0015041564792176037
-0.0011418092909535453
0.0013036674816625914
0.0011476772616136916
-0.0015926650366748169
-0.00013105134474327625
-0.0005349633251833749
-0.0016044009779951102
-5.9657701711491385e-05
-0.0009540342298288509
-0.00011980440097799494
-0.0034117359413202934
-0.0012469437652811734
0.0004308068459657701
-5.134474327628346e-05
0.0018816625916870415
0.00037506112469437624
-0.00041369193154034225
0.00014914425427872856
0.0011931540342298291
-0.000748655256723716
0.0016718826405867973
-0.00018533007334963386
-0.0013462102689486553
2.3960880195598818e-05
0.00045525672371638166
-2.2493887530561634e-05
0.0012308068459657697
-0.0017036674816625916
-0.0013100244498777508
0.00013545232273838624
0.0019330073349633251
0.0016929095354523225
0.0009110024449877749
-0.0012073349633251835
0.0004381418092909535
-0.0007393643031784838
0.0015286063569682148
-0.0007232273838630811
-0.002237652811735941
0.0017315403422982884
-5.819070904645474e-05
0.0006811735941320289
0.002369682151589242
0.004443031784841076
0.00034132029339853316
0.0007828850855745723
-0.002691931540342298
-0.0009418092909535452
0.0013530562347188269
0.0015183374083129583
-0.0008625916870415648
-0.0042210268948655255
0.0025056234718826404
0.001374572127139364
-0.00028508557457212694
-0.000853300733496332
0.002895843520782396
-9.53545232273838e-05
0.00018190709046454772
0.002265525672371638
-0.002146699266503668
-0.0016899755501222494
-0.002799511002444988
0.00041026894865525687
-0.0005647921760391201
-0.002576039119804401
0.00011002444987775071
-0.0023794621026894864
0.0004092909535452324
-0.0008709046454767722
-0.002015647921760391
0.00013691931540342283
0.0011202933985330077
0.0009838630806845963
-0.0013814180929095352
0.0006968215158924207
0.002152567237163814
-0.001502689486552568
-0.0009344743276283619
0.00035550122249388734
5.525672371638171e-05
0.0013149144254278725
-0.0007569682151589243
0.0005525672371638142
-0.0009149144254278726
-0.0006836185819070906
0.0008533007334963326
-0.000177506112469438
-0.00026601466992665047
0.0012611246943765283
0.002273349633251834
-0.0013290953545232276
-0.0012195599022004888
0.0010953545232273837
-0.0003691931540342299
0.001169682151589242
0.00047481662591687023
-0.0030293398533007333
0.0005530562347188262
0.002112469437652812
0.001949144254278729
-0.00036625916870415657
-0.00020488997555012276
5.916870415647922e-05
-0.0018938875305623477
0.0004943765281173597
0.0015144254278728602
0.0018792176039119808
0.0014283618581907092
0.0008430317848410758
0.0019374083129584346
-1.2713936430317805e-05
-0.002593643031784841
0.0008503667481662591
-0.0011422982885085577
-0.002515892420537897
-0.0011970660146699264
-5.281173594132072e-05
-0.0006273838630806844
-0.0015124694376528118
0.0009579462102689483
4.9877750611247085e-05
0.0008997555012224937
0.002037163814180929
0.0005843520782396088
0.0006841075794621023
-0.0002963325183374084
0.0012132029339853296
-0.0002484107579462105
0.0013193154034229825
0.0011960880195599024
0.002442053789731051
-0.0019418092909535452
5.525672371638151e-05
-0.0006792176039119805
-0.0023721271393643034
0.0022591687041564794
0.0005559902200489002
0.0013936430317848412
-0.0007643031784841073
-0.0022987775061124698
0.00019853300733496332
0.0008762836185819072
0.002317848410757946
-0.001925672371638142
-7.188264058679716e-05
-0.0010987775061124699
0.0008655256723716381
-0.0020660146699266507
-0.00035843520782396067
-0.0011740831295843515
-0.003784352078239608
-0.001547677261613692
0.0007809290953545229
0.0009471882640586797
-0.0008738386308068455
0.00038484107579462125
-0.0002938875305623472
5.085574572127149e-05
-0.0010048899755501222
-0.003385330073349633
0.0005491442542787283
0.0025026894865525667
0.0010014669926650367
-0.0016019559902200487
-0.0020278728606356973
-0.0005535452322738385
-0.0013916870415647924
-0.0004161369193154036
-0.001872860635696821
-0.00126161369193154
0.0007124694376528112
-0.00023031784841075824
0.0018992665036674811
-0.001680195599022005
3.9119804400977756e-05
-0.00041809290953545217
-0.00021858190709046464
0.0006772616136919315
0.00033936430317848393
0.0005041564792176039
0.0005789731051344749
0.0005466992665036674
0.0008889975550122247
-0.0011643031784841073
-0.002025427872860636
-0.0011579462102689487
-0.0015907090464547678
-0.0010547677261613694
-0.0008474327628361859
-0.0007286063569682152
8.557457212713917e-05
-0.0015442542787286067
-0.0007100244498777505
0.0002899755501222495
0.0009364303178484105
-0.0020987775061124697
-0.0011711491442542785
0.00013691931540342324
0.0005090464547677261
-0.0009266503667481664
0.002392665036674817
0.0003721271393643032
0.0005286063569682153
0.00015550122249388738
-0.0022117359413202937
0.00013643031784841094
0.003357457212713937
-0.000605378973105135
0.0013652811735941318
-0.0005202933985330072
-0.00041907090464547676
-0.0028665036674816627
0.0034855745721271386
0.002379951100244499
0.0033246943765281177
-0.001586308068459658
-0.0004464547677261617
-0.003134474327628362
-0.0015158924205378975
0.0003721271393643032
-0.00028361858190709035
-0.002190709046454768
0.002617114914425428
-0.0005506112469437654
-0.0022635696821515896
-0.002574083129584352
-0.00018924205378973084
-0.0012889975550122253
-0.001045476772616137
-0.0015036674816625913
-0.001242053789731051
-0.0008562347188264054
-0.0017794621026894864
-0.0032860635696821514
0.0018797066014669924
0.0010361858190709049
0.0005579462102689485
-0.0019281173594132028
0.0010268948655256728
0.00047579462102689433
-0.0026738386308068464
9.290953545232472e-06
0.0008493887530562346
0.0004440097799511005
0.0001863080684596582
-0.00012518337408312972
0.0022078239608801964
0.00021124694376528072
-0.0023985330073349642
0.0007325183374083125
-0.0024479217603911975
0.0013525672371638145
-0.0015447432762836187
-0.00012860635696821518
0.00011833740831295871
-0.0010440097799511003
0.001780929095354523
-0.0004831295843520784
-0.0031623471882640595
-0.0010117359413202936
-0.0013427872860635698
0.0008239608801955992
9.388753056234717e-05
-0.002351100244498777
0.0017198044009779949
-0.0022997555012224937
-0.0005163814180929099
-0.003228361858190709
0.0007936430317848412
0.0014352078239608802
0.0013330073349633253
-0.00025085574572127127
-0.00013594132029339876
-0.003124694376528118
-0.0007398533007334961
0.0008625916870415648
0.002117359413202934
0.0003432762836185821
0.0001750611246943764
0.0010586797066014673
-0.0011838630806845962
0.0004117359413202938
-0.00030513447432762794
0.0029310513447432765
-0.00039511002444987805
0.002574083129584352
-0.0010533007334963323
0.0032308068459657707
0.0016415647921760386
0.0010073349633251834
0.0012278728606356967
0.00023325183374083111
0.0018904645476772615
0.0005173594132029344
0.000687530562347188
0.00024938875305623425
-0.0015951100244498777
0.0011339853300733494
-4.449877750611232e-05
4.987775061124715e-05
0.0006831295843520783
0.000930562347188264
-0.0006870415647921762
0.001643031784841076
-0.00015305623471882637
0.001539364303178485
-0.0003447432762836186
0.0010762836185819074
-0.0006704156479217601
-0.0004968215158924206
-0.0020136919315403424
0.0003070904645476772
-0.0010860635696821517
-0.0020180929095354526
-0.0023823960880195597
-0.0015119804400978
-0.0009437652811735941
0.002179951100244499
-0.0007163814180929098
-0.0009599022004889975
0.0015183374083129583
0.0019579462102689484
-0.002264058679706601
-0.002499755501222494
0.0011422982885085572
-0.0001520782396088019
0.001989242053789731
-0.0005481662591687041
-0.0028063569682151594
0.0019330073349633245
0.00024205378973105133
0.002023960880195599
-0.0005643031784841073
0.001459657701711491
0.0026493887530562345
-0.00023569682151589294
0.0017168704156479216
-0.0024195599022004887
0.0061765281173594136
0.00013349633251833715
-0.0013545232273838629
0.0018273838630806843
6.943765281173603e-05
-0.0004141809290953545
-8.655256723716378e-05
0.000689486552567237
0.00037995110024449896
-0.003016136919315403
-0.0013334963325183375
-0.00348997555012225
-0.0011647921760391201
-0.0008699266503667482
0.00038973105134474366
0.0016826405867970658
-0.0004205378973105134
0.0016748166259168702
0.0014674816625916871
0.0013496332518337407
-0.002874327628361858
-0.0036586797066014668
-0.0016405867970660148
-3.91198044009764e-06
-0.0001447432762836186
-0.0023129584352078246
-0.0006557457212713936
-0.001005867970660147
-0.0013809290953545235
0.0005863080684596576
-0.0024337408312958436
-0.0025266503667481666
-0.0004836185819070904
-0.0005369193154034231
0.0019843520782396084
0.000943276283618582
-0.0010973105134474328
0.00019608801955990206
0.0012014669926650368
0.0015657701711491439
0.001481173594132029
-6.699266503667463e-05
0.0029926650366748162
-0.0057511002444987774
-0.0007520782396088019
-0.0005281173594132027
0.0006982885085574571
0.0023735941320293403
0.00027823960880195617
0.002068948655256724
0.0006640586797066014
-0.0015589242053789729
0.0010234718826405862
0.002725183374083129
5.770171149144243e-05
-0.002176039119804401
-0.0021691931540342296
-0.0010444987775061123
-0.0013980440097799514
-0.002741320293398533
0.0012112469437652812
0.0004312958435207824
-0.0007369193154034228
0.0009535452322738387
-0.0006356968215158927
0.0014215158924205382
0.0006112469437652812
-0.0017760391198044009
-0.0013075794621026902
0.0008141809290953549
0.001164303178484108
0.00320880195599022
0.0014508557457212712
-0.0004733496332518336
0.0006425427872860632
0.002882151589242054
0.0024919315403422984
0.002870904645476773
-0.0009149144254278723
-0.0018968215158924207
0.001223471882640587
0.0016557457212713932
-0.0015960880195599024
0.001960880195599022
-0.0008298288508557454
-0.0014591687041564797
0.001769682151589242
-0.0013892420537897309
-0.0005643031784841078
-0.0004987775061124697
8.899755501222491e-05
-0.002126161369193154
-0.003399022004889976
0.0010738386308068461
-0.0021682151589242048
0.0006430317848410757
-0.004444498777506112
0.0008992665036674817
-0.0004327628361858193
-0.000515892420537897
-0.00042689486552567255
0.0013643031784841078
-0.00031393643031784896
0.004546699266503668
0.0015080684596577017
-0.0006772616136919313
-0.0007926650366748166
-0.0005422982885085576
0.0021731051344743273
-0.0002420537897310508
0.001525672371638142
0.0008528117359413195
0.0007012224938875305
-0.0002953545232273839
-0.0035838630806845962
0.00020244498777506148
0.002247921760391198
-0.0003667481662591684
-0.0015941320293398524
-3.129584352078302e-05
0.0005051344743276282
-6.161369193154034e-05
0.002964303178484107
-0.0009877750611246945
0.0032552567237163817
0.000887530562347188
-0.0003540342298288507
0.0006092909535452323
-0.0004366748166259168
-0.0003574572127139364
-0.00023227383863080704
-0.0014850855745721268
-0.002907579462102689
-0.0004171149144254273
-0.000266992665036675
-0.004845476772616137
-0.0013290953545232276
0.0009951100244498775
-0.0011110024449877754
-0.0026889975550122252
-0.0002968215158924204
-8.01955990220044e-05
-0.0024806845965770173
-9.242053789731024e-05
-0.002465525672371638
-0.0008273838630806853
-0.002181418092909535
0.0005745721271393645
0.0015858190709046457
6.79706601466991e-05
0.0005442542787286059
-0.0023853300733496334
-0.0002630806845965771
0.0013369193154034228
-0.0011061124694376526
-0.00031687041564792186
-0.002189242053789731
0.00016528117359413243
-0.0015623471882640592
-0.000915892420537897
0.0017398533007334969
-0.002268948655256724
0.0009643031784841079
0.0007515892420537902
-0.0007271393643031786
0.0015276283618581904
0.000646943765281174
0.001749144254278729
0.0004459657701711497
-0.002659168704156479
-0.0011046454767726162
-0.0011559902200488996
-0.004946699266503668
-0.002602444987775061
0.0010000000000000005
-0.00033789731051344735
-0.001869926650366748
-0.0004606356968215157
0.0023124694376528117
-0.0017256723716381418
0.0010787286063569683
0.0006381418092909533
0.0007574572127139363
-0.00037750611246943746
0.0019418092909535456
0.0011095354523227383
-0.003758435207823961
-0.00019559902200488974
0.0018303178484107582
0.0023432762836185822
0.0017295843520782393
-0.0032254278728606344
-0.0010215158924205378
-0.0007119804400977999
-0.0027603911980440096
-0.004121760391198045
-0.0025041564792176035
-0.0006151589242053788
-0.00027726161369193207
-0.00019657701711491436
-0.0007261613691931538
0.0006674816625916871
0.00061760391198044
0.0009770171149144256
-0.0025403422982885077
0.00019902200488997529
0.00282640586797066
0.0008171149144254277
-0.002131051344743276
0.0014963325183374081
0.0022968215158924205
-0.000734474327628362
0.0010381418092909537
0.0014474327628361855
0.0006322738386308067
0.0006875305623471882
-0.0008205378973105133
3.374083129584374e-05
0.00011295843520782373
-0.0022728606356968214
0.0011535452322738386
-8.264058679706615e-05
-0.0003334963325183372
-0.000930073349633252
0.0009114914425427873
0.0002733496332518336
-0.0013721271393643032
0.002120782396088019
-0.0012088019559902202
0.0005990220048899753
-0.0034039119804400975
0.00018777506112469447
0.001676283618581907
-0.0007256723716381424
0.00010073349633251797
-0.002219070904645477
0.0014132029339853302
0.0012249388753056232
0.0006713936430317851
-0.00043667481662591697
0.0005555012224938876
-0.0017765281173594133
0.0013540342298288507
-0.00010806845965770159
-0.00028068459657701686
0.0010562347188264054
0.0018097799511002444
0.0017290953545232276
-0.00028899755501222486
-0.001296821515892421
-0.0009990220048899754
-0.0007496332518337407
-0.0017163814180929094
0.000581418092909535
-0.00079119804400978
0.000170171149144254
-0.0021378973105134476
-0.0012958435207823962
0.0012117359413202934
-0.0019070904645476776
-0.0015085574572127139
0.0008987775061124692
-0.0028684596577017115
-7.432762836185815e-05
-0.001099755501222494
0.00040342298288508567
9.535452322738387e-05
-0.00020537897310513424
0.0007882640586797066
0.000756479217603912
-0.0005799511002444989
-0.0011745721271393642
-6.112469437652776e-05
-0.0012009779951100245
-0.0014268948655256721
-0.0014009779951100244
-0.0030860635696821517
0.0006156479217603908
0.0022836185819070905
-0.0006645476772616138
-0.00036430317848410755
0.0005012224938875309
0.0016083129584352075
0.00033887530562347237
-0.0019672371638141807
-0.0019726161369193152
-0.0032058679706601467
-0.0007398533007334965
-0.0025643031784841077
-0.00027970660146699254
-1.6136919315403546e-05
-0.00031149144254278785
0.0021921760391198043
-0.001326650366748166
-0.0016391198044009782
-0.000848899755501223
-0.001883618581907091
0.00018092909535452284
-0.0026229828850855745
0.00034523227383863087
0.0004083129584352078
0.000662102689486553
-0.0031863080684596573
0.0004068459657701711
-0.002919315403422983
0.0006073349633251828
0.0009085574572127139
-0.004429339853300734
-0.0016249388753056236
0.0004376528117359411
0.0022836185819070905
-0.0009789731051344746
0.0012176039119804402
0.0020841075794621033
0.0015628361858190706
0.002419559902200489
-0.0006704156479217603
-0.0003564792176039121
3.276283618581872e-05
-0.0021266503667481665
4.938875305623498e-05
0.00102200488997555
-0.0018728606356968216
0.0012190709046454769
-0.0011755501222493888
0.0011623471882640588
-0.0012034229828850856
0.0014933985330073346
0.001536919315403423
-0.0011051344743276286
-0.000970660146699266
-0.0011555012224938874
0.0012464547677261614
0.00043129584352078295
0.0017007334963325185
0.0014259168704156481
-0.0022493887530562343
-0.002477261613691931
0.000828361858190709
0.0033955990220048897
0.0008596577017114912
0.00040537897310513436
0.0021496332518337407
0.00034572127139364324
0.001888997555012225
0.0008449877750611246
-0.0017295843520782393
-0.0019447432762836187
-0.0003574572127139364
-0.00032909535452322773
0.0001882640586797062
-0.0021980440097799513
0.0014821515892420537
0.0006669926650366751
0.003110513447432763
0.0034259168704156486
0.0016669926650366748
-0.0005995110024449872
0.000980929095354523
0.00012273838630806827
-0.00024449877750611234
-0.002636674816625917
-0.0010728606356968217
0.0013951100244498776
-0.0004239608801955994
0.000802444987775061
-0.00041760391198043985
0.0014215158924205374
-0.0014816625916870415
-0.001536919315403423
0.0008713936430317846
0.0005589242053789732
0.003985330073349633
0.0009007334963325185
-0.0017564792176039117
-0.001614180929095355
0.004118826405867971
-0.0008205378973105136
0.0007334963325183368
-0.00019657701711491463
0.00013838630806845985
-0.001064547677261614
0.0014381418092909535
5.770171149144243e-05
-0.0015295843520782395
0.0001559902200488998
0.0005672371638141807
0.00021418092909535427
0.0009823960880195604
-0.005320293398533008
-0.0010449877750611247
0.0005100244498777506
0.0002000000000000005
0.0008733496332518336
0.0008821515892420538
-0.00098679706601467
-0.0003750611246943768
0.0016537897310513442
-0.0013657701711491442
0.002030317848410758
-0.00035696821515892425
-0.0015955990220048902
0.0006508557457212713
-0.002632273838630807
0.000228361858190709
0.000690953545232274
-0.0010958435207823961
-0.00019804400977995113
-0.0017623471882640587
3.325183374083144e-05
-4.352078239608784e-05
0.0012865525672371638
-0.0015310513447432765
0.0007232273838630809
-0.001790709046454768
0.0014782396088019558
0.0024689486552567238
-0.0008000000000000001
-0.0018205378973105133
-0.0023564792176039118
0.0015491442542787284
0.0005320293398533005
0.004129584352078239
0.002595110024449878
0.002512469437652812
-0.0005716381418092907
0.002347677261613692
-0.00025770171149144247
-0.00040977995110024466
0.00025672371638141804
0.0015613691931540344
5.91687041564786e-05
0.0008410757946210266
0.00024156479217603892
-0.0003173594132029332
-0.0011496332518337404
0.0022508557457212716
-0.001949633251833741
0.0005867970660146699
0.0004762836185819068
0.0009022004889975554
0.0010092909535452325
0.0037188264058679705
-8.459657701711486e-05
0.0017638141809290955
0.0016997555012224937
0.0030220048899755494
-0.002546210268948656
0.0031618581907090467
0.0020645476772616135
-0.0022180929095354522
-0.0006797066014669928
0.0009256723716381418
-0.001120293398533007
-0.0010625916870415644
0.0013687041564792177
0.0034014669926650367
-0.0011178484107579464
0.0017530562347188258
-0.0014459657701711489
0.00021173594132029288
0.000928606356968215
-0.000533496332518337
0.00037359413202934025
-0.0027080684596577013
-0.00014180929095354518
0.0009946210268948655
0.002525672371638142
0.001838141809290953
-0.00033691931540342335
-0.0013090464547677264
0.0005755501222493886
0.0012503667481662591
-0.00022444987775061163
0.0013623471882640587
-0.0004645476772616137
0.0016092909535452321
0.00033740831295843497
-0.0010792176039119805
0.001081662591687042
0.0015682151589242054
0.00046356968215158933
-0.0003941320293398534
0.0011887530562347186
0.00181320293398533
0.001654278728606357
-0.0005848410757946207
0.0017442542787286064
-0.0003814180929095359
0.0023638141809290956
-0.001884596577017115
-0.002545232273838631
-0.0007212713936430316
0.00039217603911980423
-0.00011980440097799454
-0.0010044009779951102
0.0021046454767726162
0.0036190709046454773
-0.001331540342298289
7.97066014669923e-05
0.0007232273838630805
0.0010640586797066019
-0.002691442542787286
0.0013246943765281175
0.0008503667481662593
0.0013809290953545237
0.00014865525672371646
-0.0002753056234718822
0.0010669926650366751
0.0014425427872860636
-0.0014303178484107578
0.00040293398533007335
-0.002367726161369193
0.001230317848410758
0.001598044009779951
-0.0012405867970660149
-0.00012616136919315425
0.005249388753056234
0.0005633251833740832
0.00018239608801955956
0.00014914425427872875
0.00017946210268948674
-0.0016239608801955987
0.0029452322738386305
0.00016821515892420543
0.0010841075794621024
0.0017985330073349633
-0.0007031784841075797
0.00029388753056234715
6.356968215159174e-06
-0.000596577017114914
-0.0004459657701711492
-0.0006591687041564792
-0.0016288508557457213
-0.00037359413202934
0.0006474327628361859
0.0006185819070904644
-0.00022836185819070888
-0.0017711491442542792
-0.00041809290953545244
-0.0015946210268948657
0.0013471882640586801
-1.7603911980440195e-05
0.0011041564792176038
0.0009095354523227382
-0.0008322738386308073
-0.0014092909535452318
-0.0019794621026894867
-0.0019437652811735942
0.0006645476772616133
-0.0007207823960880196
0.0002738386308068462
-0.0007926650366748164
-0.0007530562347188261
0.004666014669926649
8.361858190709029e-05
-0.001323227383863081
2.7383863080684702e-05
-0.003397066014669927
0.00045232273838630805
-0.002852811735941321
0.003232762836185819
-0.00021466992665036656
0.0001090464547677263
0.00013496332518337476
0.00156039119804401
-0.001652322738386308
-0.0004308068459657701
-0.0023261613691931537
-0.0019173594132029334
0.0016528117359413202
0.0013163814180929096
-0.0015735941320293397
-0.0026679706601467
0.0009139364303178485
-0.0005618581907090463
0.001029339853300733
0.002392665036674817
-0.0003520782396088017
-0.0008200488997555013
-0.0018753056234718825
0.001127628361858191
-0.0015716381418092904
-0.00017555012224938876
0.0007735941320293399
-0.0038753056234718825
5.721271393643046e-05
-0.0012674816625916868
0.0003672371638141815
0.000547677261613692
-0.0016058679706601468
-0.00031100244498777477
0.0006141809290953544
0.003284107579462103
-0.0017823960880195596
-0.0012772616136919317
-0.00033447432762836207
-1.711491442542816e-05
-0.002997066014669927
-0.0010787286063569678
0.0005652811735941325
-0.0017799511002444984
-0.00013398533007334925
0.0009178484107579469
0.0019388753056234723
0.002446943765281174
0.0002596577017114914
-0.0014352078239608804
-0.0007124694376528123
0.003638630806845966
0.0005369193154034231
-0.0016264058679706602
0.0003770171149144257
0.00013202933985330086
-0.0004772616136919316
0.00023960880195599037
-0.0021515892420537895
0.0013941320293398534
0.00040244498777506125
0.002675305623471883
0.0007907090464547677
-0.00010122249388753054
-0.00021173594132029342
-0.0006435207823960879
0.00010024449877750594
0.0009036674816625918
-0.0005486552567237165
0.001804889975550122
-0.0003158924205378972
0.0012317848410757946
-0.00043863080684596577
-0.0004904645476772616
0.0009139364303178487
-0.0002078239608801954
-0.00024254278728606305
0.0006616136919315402
0.0005310513447432765
0.0016342298288508554
0.002622493887530563
0.00021124694376528112
-0.0013105134474327626
0.0012361858190709045
-0.0003168704156479213
-0.0018107579462102693
0.003830317848410757
-0.001831295843520782
0.0007212713936430321
0.0008151589242053789
-0.0010146699266503668
0.003642542787286064
0.000508557457212714
-0.00035452322738386313
0.0016127139364303185
-0.0001677261613691934
0.003856723716381418
-0.0016283618581907089
-0.0023877750611246947
-0.0006743276283618585
0.0013388753056234718
-0.0007286063569682151
-0.0009657701711491442
-0.0009652811735941318
-0.0016146699266503665
0.002992665036674817
-0.0032836185819070905
-0.0008616136919315405
0.0026283618581907082
0.0005955990220048899
-0.000255745721271394
-0.00014083129584352053
-0.00023080684596577038
-0.0012855745721271395
0.0006254278728606355
-0.0019530562347188267
3.178484107579438e-05
0.0017237163814180934
7.188264058679689e-05
-0.0006845965770171153
0.002994621026894866
-0.0003819070904645478
-0.0004391198044009779
-0.002240586797066015
0.0011985330073349635
-0.0032689486552567237
0.000762836185819071
0.0038606356968215157
-0.0014929095354523228
0.0009657701711491441
-0.0007701711491442544
-0.0021926650366748167
-0.0013789731051344748
-0.0008151589242053786
0.0006029339853300732
-0.0004058679706601461
-0.001865525672371638
0.0011452322738386305
-0.0018352078239608806
0.0009339853300733496
0.00031491442542787274
-0.0014122249388753053
-0.0014024449877750608
0.0005515892420537896
-0.0006963325183374079
-0.002509535452322739
-0.00030415647921760324
-0.0017559902200488997
0.0013457212713936433
-0.0030929095354523227
0.0022317848410757946
-0.0005677261613691932
-0.0004894865525672369
-0.0004669926650366743
0.0015305623471882639
0.004333985330073349
-0.001556479217603912
-0.0013471882640586793
0.0009907090464547675
0.0011946210268948656
0.0026400977995110026
0.004144254278728606
-0.00010904645476772664
0.0003070904645476771
-0.0010953545232273833
0.0006312958435207827
0.0012772616136919315
-0.0028127139364303175
0.002763814180929095
-0.0019608801955990226
-0.002265036674816626
-0.00239559902200489
0.0010122249388753053
0.001823471882640587
0.00018337408312958471
0.0011882640586797068
-0.000582885085574572
-0.0036674816625916866
-0.001671882640586797
0.0005374083129584352
-0.002944254278728606
0.0027383863080684594
-0.0015760391198044012
-0.00033643031784841103
0.0011432762836185819
-0.0014591687041564793
-0.0014738386308068459
0.002199511002444988
-0.0002215158924205378
-0.0006444987775061123
-0.00042689486552567233
-0.001545721271393643
0.0010215158924205378
-0.0005041564792176043
-0.0015398533007334961
-0.001025427872860636
0.0006283618581907094
-0.0006303178484107577
9.877750611246962e-05
0.00045916870415647914
-0.0016963325183374082
2.591687041564751e-05
-0.0010205378973105134
-0.00010268948655256746
0.002332029339853301
0.0022073349633251835
-0.0006479217603911981
8.997555012224938e-05
-0.0026762836185819073
-0.00015843520782396142
0.00021711491442542811
-0.002654767726161369
-0.002363325183374083
0.0012591687041564792
0.001137408312958435
-0.0017369193154034227
-0.0005217603911980439
0.0006136919315403425
-0.0022650366748166255
0.0010645476772616139
0.0018004889975550122
0.002322249388753056
-0.00037017114914425443
-0.002219559902200489
-0.0017877750611246942
-0.0005633251833740832
-0.000695843520782396
-0.0011882640586797068
0.001300244498777506
0.0006669926650366752
0.000960880195599022
0.0011618581907090464
-0.0019828850855745715
0.00036185819070904703
0.001088997555012225
-0.0033388753056234712
-0.0008777506112469443
-0.002376039119804401
-2.1515892420538174e-05
-0.0003647921760391202
-0.0010831295843520777
0.0003168704156479216
-0.002982885085574572
-0.0015286063569682148
-0.0005305623471882639
0.00036283618581907113
-0.0007853300733496331
-0.0015706601466992666
-0.0015975550122249388
0.002928117359413203
0.00015892420537897285
-0.0015770171149144254
-0.0011770171149144255
-0.0006816625916870412
-0.001926161369193154
-0.0020621026894865526
0.00045819070904645466
-0.0009936430317848404
0.0015672371638141807
0.0011442542787286063
-0.0018572127139364304
-0.002373105134474328
-0.0010410757946210272
-0.0030493887530562342
0.002609779951100245
-0.0022943765281173596
0.0013995110024449878
0.0006748166259168699
0.003392665036674817
-0.0027173594132029345
0.0007374083129584355
-0.0016464547677261607
-0.0011750611246943764
0.001878239608801956
0.0006273838630806844
0.0015819070904645478
0.001115403422982885
0.0004611246943765282
-5.3300733496332894e-05
0.0005202933985330073
-0.0017975550122249389
-0.0004914425427872862
-0.0019990220048899756
-0.0017339853300733497
-0.0028963325183374087
-0.0032430317848410758
-0.0008665036674816623
-0.0015462102689486553
0.00012567237163814182
0.00108997555012225
0.0008577017114914428
-0.0021437652811735937
0.0024376528117359413
-0.0017867970660146702
0.001107090464547677
0.001243031784841076
3.911980440098048e-06
0.0008757946210268948
-0.002190709046454768
-0.000280684596577017
0.002378484107579462
0.00014669926650366747
-0.0031051344743276282
-0.0016743276283618582
0.00010415647921760384
-0.0007388753056234717
-9.731051344743263e-05
-0.0014400977995110023
-0.001540342298288508
0.001193154034229829
0.0009349633251833743
0.0016797066014669932
0.0003706601466992665
0.000470904645476773
-0.0002640586797066009
-0.0010132029339853302
0.0020029339853300733
0.0017799511002444992
0.003271393643031785
0.0026806845965770174
0.0014283618581907092
-0.0008244498777506111
0.0008518337408312957
-0.0006034229828850858
0.0003735941320293398
0.0031784841075794615
-0.0028288508557457208
-0.0016381418092909536
-0.00012860635696821496
-3.9608801955990063e-05
0.001259657701711492
-0.0025848410757946206
0.0014596577017114917
0.00012176039119804397
0.0014342298288508555
-0.0008396088019559894
0.00011833740831295844
0.0023960880195599025
0.002446943765281174
-0.0012743276283618582
-0.0037599022004889972
0.0004723716381418091
-0.0019232273838630807
0.002607823960880195
-0.002466503667481663
-0.0005833740831295846
-0.0006449877750611245
0.00037310513447432766
-0.0011843520782396089
0.003003911980440097
-0.0013398533007334958
0.0014567237163814178
-0.0018713936430317846
0.0005246943765281176
0.0003295843520782394
-0.0012146699266503667
0.0008679706601466995
0.0016053789731051342
-0.0006435207823960879
-0.00046748166259168725
0.0029941320293398535
-0.0011393643031784842
0.0036816625916870423
0.0028220048899755498
0.0011574572127139365
-0.00027481662591687003
-0.0004777506112469436
0.0003354523227383863
-0.0018400977995110025
0.0020738386308068457
-0.0013789731051344742
0.0008161369193154036
0.003977995110024449
0.0014454767726161369
0.0009740831295843522
0.00021124694376528072
0.0025638141809290953
0.0036342298288508552
-0.00010317848410757974
0.002430317848410758
-0.0016498777506112467
0.00013349633251833742
0.0013980440097799507
-0.00011393643031784807
-0.0002845965770171145
-0.0009173594132029336
-0.0016215158924205379
-0.0014459657701711495
0.0014293398533007332
0.0011809290953545227
-0.001443520782396088
-0.0020229828850855743
-0.0012078239608801955
0.0005134474327628361
-0.001840097799511003
0.0025281173594132026
-0.002109046454767726
-0.002117848410757946
-0.002735941320293398
0.001555012224938875
0.0028161369193154045
-0.0021457212713936425
-0.0036039119804400985
0.0003163814180929097
-0.0004684596577017118
-0.0002841075794621026
0.0009026894865525671
0.0007520782396088022
0.0009022004889975553
0.0006488997555012224
-0.00010855745721271406
0.0007036674816625913
0.0006498777506112473
-0.0010435207823960878
0.003558924205378973
-1.0268948655256679e-05
-0.00038435207823960915
0.0021476772616136923
0.0017334963325183377
-0.0008596577017114912
0.003215158924205379
0.001999511002444988
0.00019168704156479258
0.001211246943765281
0.0008039119804400977
-0.00024352078239608835
-0.0013095354523227382
-0.0011594132029339858
-0.003610757946210269
0.0009447432762836188
0.0008293398533007333
0.001309535452322738
0.0010723716381418088
0.0012014669926650368
-0.00123520782396088
0.0026014669926650367
-0.002307090464547677
0.0019819070904645475
0.0010244498777506115
-3.080684596577024e-05
0.0010503667481662597
-0.0005643031784841078
-0.0004816625916870411
0.002657701711491442
0.0005863080684596578
0.0007706601466992662
0.0012738386308068458
-0.0028797066014669926
0.00030366748166259157
0.00020782396088019566
0.0011413202933985333
-0.004122249388753056
-0.0009466992665036675
0.0016083129584352077
-0.0008860635696821519
-0.003219070904645477
-0.0005149144254278728
0.0008396088019559902
-0.001248899755501223
0.0003911980440097801
0.0011051344743276282
-0.0005334963325183378
0.0021256723716381416
0.0001315403422982884
0.0019041564792176043
-0.0012547677261613688
6.650366748166232e-05
0.0016000000000000005
0.0009559902200488999
-0.0008058679706601467
0.0018200488997555011
-0.0011075794621026895
-0.0003520782396088021
8.5085574572127e-05
0.0016743276283618584
-0.0001682151589242053
-0.0012694376528117357
-0.0022679706601466993
-0.0023432762836185822
-0.0018845965770171152
-0.001720293398533007
-0.0006371638141809292
-0.002071393643031785
1.2713936430317805e-05
0.0020870415647921757
-0.0030792176039119807
-0.0005828850855745722
-0.0005799511002444988
0.0008997555012224943
-0.00017261613691931554
0.004074327628361858
0.0031256723716381425
6.0146699266503964e-05
0.0007393643031784842
0.0027442542787286064
0.0003422982885085578
0.0016611246943765282
0.0003036674816625918
0.0021882640586797066
0.0013349633251833741
8.068459657701691e-05
-0.00020635696821515935
-0.0019779951100244494
0.0003745721271393642
0.0011916870415647923
0.0019124694376528115
-0.00021809290953545202
0.00010317848410757943
0.0011706601466992665
-0.00046601466992664953
-0.001615647921760391
0.0004127139364303177
0.0012156479217603914
-0.0002792176039119809
0.0018391198044009785
-0.0011530562347188264
0.0022528117359413204
0.0008537897310513448
0.00034523227383863065
0.0014806845965770177
0.001249877750611247
-0.0008058679706601467
-0.0005486552567237162
-0.002482640586797066
0.0016684596577017112
-2.4938875305623847e-05
-0.00022151589242053787
0.00014621026894865504
-0.0007760391198044013
0.000974083129584352
-0.001070904645476772
0.002269437652811736
0.0012073349633251833
0.001780440097799511
-0.0025095354523227385
0.0009520782396088018
0.0023657701711491444
0.0003882640586797065
-0.0014836185819070906
0.001374572127139364
-0.0016303178484107584
-0.0010616136919315404
-0.0007687041564792175
-0.0014885085574572134
-0.0008019559902200491
-0.0017466992665036672
-0.0011442542787286063
0.0006479217603911981
0.00032567237163814175
0.0009608801955990222
0.000484596577017115
-0.00018533007334963354
-0.0002855745721271392
0.0017271393643031783
0.004187286063569682
0.000822493887530562
-0.0020987775061124697
-0.0005755501222493895
-3.276283618581981e-05
0.0006909535452322737
-0.000567726161369193
0.0024777506112469436
0.0009877750611246938
0.0007633251833740835
0.0023119804400977993
-0.0010880195599022003
0.0012161369193154034
0.0010068459657701712
0.004270415647921761
-0.0008234718826405863
0.001454767726161369
-0.0005819070904645476
-0.0001452322738386303
-0.0004537897310513447
0.0019154034229828848
-0.0011647921760391193
0.00043227383863080694
-0.002870415647921761
0.00020537897310513473
-0.0004004889975550122
0.00038728606356968183
-0.0025075794621026897
0.00041418092909535425
0.0012083129584352073
-0.000382885085574572
0.001210268948655257
0.001156968215158924
0.002492420537897311
0.00022200488997555051
0.0018415647921760387
0.0004254278728606357
-0.0004391198044009779
0.0003819070904645481
0.0015775061124694376
-0.0020982885085574577
0.0006547677261613691
-0.001924694376528117
0.0018909535452322737
-0.0008474327628361864
-0.0026190709046454773
-2.9339853300733862e-05
0.0014068459657701712
0.0013647921760391198
-0.003346699266503668
0.00010464547677261638
-0.0002880195599022011
0.004483618581907091
-0.0009833740831295841
0.0024210268948655256
0.0005980440097799509
-0.0003603911980440096
-0.0014146699266503668
0.0009154034229828852
0.002169682151589242
0.0002894865525672373
0.0023682151589242057
0.0005315403422982887
-0.0029633251833740826
0.0019564792176039116
-0.0005745721271393637
0.000344743276283619
0.003640586797066015
-0.0004048899755501219
-0.0014371638141809288
0.0019574572127139364
0.00156479217603912
0.0016811735941320298
0.0001427872860635697
-0.0025193154034229824
0.00017750611246943764
0.003102689486552567
-0.0030083129584352075
0.002041564792176039
-0.00014132029339853264
0.0004704156479217606
-0.0007770171149144248
0.00029779951100244496
0.00239119804400978
-0.0039036674816625917
-0.0007926650366748164
-0.001456723716381418
0.0016806845965770174
0.0011574572127139365
0.001053300733496333
-0.0032552567237163813
0.0011374083129584351
-0.00058239608801956
0.000941809290953545
0.002406845965770171
-8.850855745721223e-05
0.002196577017114914
0.00164841075794621
-0.002344743276283618
-0.0012254278728606354
0.0010122249388753053
0.0013041564792176039
-0.0006376528117359415
0.0010958435207823961
-0.0003613691931540343
-0.0005393643031784837
-0.001366748166259169
0.0005388753056234717
-0.0018889975550122249
-0.0009051344743276282
-0.00021418092909535427
0.000499266503667482
-0.0022293398533007338
-0.0007887530562347183
0.0008767726161369189
0.0009286063569682156
5.867970660146324e-06
-0.00020586797066014738
0.00017017114914425393
0.00017408312958435207
0.0008244498777506112
7.57946210268952e-05
-0.0013212713936430313
-0.001683129584352079
-0.0005466992665036678
-0.0016273838630806844
0.002134963325183374
0.0008371638141809292
-0.0002528117359413205
0.0013320293398533006
0.003809290953545232
0.0020435207823960876
-0.00052078239608802
6.405867970660136e-05
0.0025222493887530565
-0.0003848410757946215
0.0016850855745721273
0.0008327628361858188
0.0006889975550122249
0.0005760391198044016
-0.001076283618581907
0.0008410757946210268
0.0012679706601466994
0.00223960880195599
-0.0025422982885085574
-2.1026894865525798e-05
0.0014122249388753055
0.0016151589242053791
-0.003124205378973105
0.0021359413202933987
-0.00044596577017114874
-0.004247432762836186
0.00633154034229829
-0.0012767726161369193
0.0014009779951100244
0.0012767726161369195
0.0010024449877750613
0.00414718826405868
0.0006498777506112471
-0.0007569682151589239
-0.00047530562347188255
0.0013633251833740834
-0.0010889975550122245
0.003960880195599021
0.000176039119804401
-0.0016215158924205379
-0.001321760391198044
-0.0032528117359413205
-0.0004400977995110024
0.001047921760391198
0.00057359413202934
0.0004127139364303177
0.00218679706601467
0.00023471882640586792
-0.001175550122249389
-0.00047677261613691924
0.0016298288508557457
-0.001557946210268948
0.0006117359413202931
0.0008234718826405868
-0.0009437652811735941
-0.000743276283618582
0.0004366748166259171
-3.569682151589256e-05
0.00033985330073349625
0.0031193154034229826
-0.0014841075794621032
0.0001779951100244501
0.00010317848410757909
-0.001344254278728606
0.0017246943765281172
0.0006317848410757947
-0.00159119804400978
0.0006645476772616138
0.0009882640586797063
0.002908068459657702
-0.002459657701711491
-1.9070904645476573e-05
0.0006376528117359415
-0.0010518337408312955
-0.00046308068459657744
-0.0010616136919315402
0.0008757946210268953
-0.0016210268948655252
-0.004174572127139365
-0.002158924205378973
0.0021144254278728605
0.0009266503667481668
-0.002317359413202934
-0.0008229828850855742
-0.0009515892420537894
-0.0017105134474327628
-0.0013633251833740827
-5.232273838630801e-05
0.0007090464547677264
0.00015745721271393645
-0.004297799511002445
-0.0017222493887530564
-0.0017144254278728607
0.00197359413202934
-0.0006376528117359412
-0.001397066014669927
-0.0012117359413202939
-0.0012185819070904646
-0.0032787286063569675
-0.00024987775061124684
0.0021012224938875305
0.0002836185819070899
0.0011779951100244497
0.0005188264058679708
-0.0034948655256723713
-0.0009481662591687036
0.0012024449877750614
-0.00020146699266503676
0.0003457212713936429
0.0019403422982885083
0.001213691931540342
0.0011310513447432766
-0.00254278728606357
0.0025515892420537893
-0.0002933985330073351
0.00048264058679706607
0.0014014669926650364
0.0011706601466992662
-0.0014757946210268947
0.003165770171149143
0.000499266503667482
0.00028606356968215185
0.0016092909535452323
0.0012660146699266508
-0.002495354523227384
0.0006117359413202931
-0.0040586797066014665
0.001993643031784841
0.00045232273838630795
0.00025378973105134476
0.0008518337408312959
-0.0008973105134474327
0.0005980440097799507
0.0010264058679706606
0.002455256723716382
-0.0036904645476772613
-0.0025320293398533003
0.0002361858190709047
0.0017310513447432764
-0.0005833740831295842
0.002427383863080684
-0.0007486552567237165
0.0012361858190709045
0.0017735941320293396
-0.0002704156479217601
-0.0010171149144254275
-0.0017657701711491444
0.00048557457212713935
0.0006224938875305622
-0.0012977995110024447
0.0031369193154034227
-0.0019046454767726166
-0.0003266503667481664
0.00045623471882640603
-0.0008870415647921758
0.002024938875305623
0.0007579462102689482
0.0022723716381418094
0.0004376528117359412
0.0019139364303178482
-0.0004577017114914425
-0.0009667481662591687
0.0003618581907090462
-0.00036479217603911955
0.000973105134474328
-0.0012229828850855746
-0.0007466992665036673
-0.0011198044009779948
-0.00044938875305623445
0.0011892420537897308
0.0001731051344743277
0.00039902200488997586
0.0007334963325183376
-0.0008048899755501218
0.0025290953545232266
-0.0007075794621026902
0.0013569682151589242
0.0016132029339853298
0.0029491442542787286
-0.0004039119804400977
0.0022464547677261614
-0.0008224938875305623
-0.00137359413202934
0.0026542787286063566
-0.00047628361858190703
-0.0006880195599022001
-0.001663569682151589
0.003053300733496333
0.001089486552567237
0.0014689486552567235
0.0004982885085574573
-0.0004454767726161367
4.792176039119847e-05
-0.0006122249388753051
0.0001564792176039121
0.0017246943765281174
0.000321760391198044
-0.0006880195599022003
0.00013056234718826406
0.0020464547677261614
-0.0006224938875305627
-0.0003603911980440096
-0.001052322738386308
-0.0022572127139364297
-0.0011525672371638142
-0.0003080684596577017
-0.0007594132029339847
-0.0008982885085574573
0.0009863080684596576
-0.0013442542787286068
-0.00058239608801956
-0.0003271393643031783
-0.002423471882640587
0.0023339853300733495
-0.000459168704156479
0.000548166259168704
-0.00020929095354523254
0.00018435207823960846
0.0017315403422982884
-0.00035354523227383843
8.312958435207845e-05
-0.001830317848410758
-0.0012293398533007338
-0.0005755501222493884
-0.0012684596577017112
-0.0009951100244498779
-0.0017393643031784842
0.0015775061124694378
-0.002919804400977995
0.0007623471882640586
0.0002924205378973109
-0.0008312958435207823
0.00026014669926650435
-0.001593154034229829
-0.0009765281173594131
0.0025687041564792174
-0.0014073349633251836
-0.0010141809290953544
0.0004141809290953542
0.00029388753056234715
-0.0008968215158924208
0.0039315403422982885
0.0030171149144254277
0.0008337408312958433
-0.0009555012224938877
0.0010689486552567231
0.0019789731051344747
0.00170317848410758
0.0013672371638141813
0.0035809290953545234
-0.0022337408312958435
0.0011936430317848407
-0.00045574572127139365
0.0033545232273838634
-0.0025550122249388746
0.0026063569682151584
0.0006704156479217602
0.0004635696821515892
0.002798044009779951
0.0001804400977995114
-0.003102200488997555
0.0010146699266503668
-0.0015305623471882632
0.0020650366748166255
-0.0017183374083129587
0.0008205378973105132
-0.002225916870415648
-4.009779951100217e-05
3.520782396088036e-05
-0.0007422982885085577
0.004798044009779952
0.0014488997555012226
0.0003163814180929091
-0.0007569682151589242
-0.0008987775061124694
0.002573594132029339
-3.9608801955990063e-05
0.0020557457212713936
-0.0009970660146699265
-0.0032552567237163813
-0.00032469437652811743
0.0018161369193154032
0.0011613691931540342
0.0003711491442542786
0.003848410757946211
0.0012156479217603911
0.0014000000000000002
0.0014909535452322742
0.0003789731051344741
-0.001812713936430318
-0.00038239608801955986
-0.0010772616136919314
0.0023677261613691933
-0.0009447432762836185
-0.0012880195599022006
0.00028019559902200454
0.0012078239608801953
-0.00021466992665036672
-0.0035755501222493884
-0.0009823960880195601
-0.0025105134474327634
0.0006831295843520784
-0.001193154034229829
-7.62836185819074e-05
0.0030205378973105134
0.0009951100244498772
0.0018469437652811733
0.0003838630806845967
0.001372127139364303
-0.00039951100244498775
0.0023970660146699265
0.0005359413202933981
0.0003334963325183375
4.889975550122247e-05
-0.0010200488997555008
0.0011134474327628365
-0.0003999999999999999
0.0005721271393643035
4.156479217603862e-05
-0.0018772616136919316
-0.0002322738386308073
-0.0007887530562347192
-0.0008014669926650367
0.0005872860635696821
-0.00010660146699266504
-0.0006132029339853298
0.0010982885085574572
0.0030361858190709043
0.0005823960880195604
-0.0014459657701711489
0.0022865525672371638
-0.003799511002444988
-0.0010171149144254283
0.0027706601466992655
-0.0020753056234718826
0.0016992665036674813
-0.0009594132029339858
0.0017511002444987774
0.0019418092909535458
-0.0005217603911980438
0.0012004889975550128
-0.0018718826405867972
-0.001356479217603912
-0.0006493887530562349
-8.899755501222532e-05
0.0014948655256723721
4.547677261613686e-05
-0.002020048899755501
-0.0004674816625916874
-0.00011589242053789771
0.002490953545232274
-3.3251833740831295e-05
0.0031652811735941324
0.002092909535452323
-0.0008180929095354526
0.00126601466992665
-0.0012117359413202939
0.0005838630806845965
-0.000802444987775061
-0.0026229828850855745
0.004203422982885086
0.001332518337408313
-0.0004498777506112472
-0.00022542787286063573
0.0006518337408312958
0.0017232273838630806
0.0005931540342298286
-0.0008200488997555012
0.0004400977995110021
-0.0014254278728606357
0.0017349633251833739
0.0015755501222493888
-0.0012464547677261614
-8.312958435207839e-05
-0.0007466992665036675
0.00027188264058679697
0.0008767726161369195
0.002655745721271393
-0.0011970660146699264
-1.9559902200494986e-06
0.002460146699266503
0.0014161369193154032
0.0011418092909535453
0.0005907090464547679
0.0002547677261613698
0.005282640586797067
-0.001349633251833741
0.0018997555012224942
-0.0015706601466992664
0.0011031784841075791
-0.0011618581907090466
-0.00043227383863080716
-0.0030865525672371637
0.0009251833740831297
0.0022938875305623476
-0.0020141809290953544
0.003033740831295844
0.0011300733496332515
-0.0007799511002444992
-0.001005867970660147
-0.00030268948655256704
0.003339853300733496
-0.0012713936430317845
0.002022493887530562
-0.0008058679706601466
-0.0046430317848410755
0.0025422982885085574
0.0005559902200488999
0.0017320293398533006
-0.0008107579462102687
0.000478239608801956
-0.0011623471882640584
0.0021990220048899757
0.00025427872860635703
0.001497310513447433
0.0013980440097799507
0.0009310513447432768
-0.0006581907090464545
0.00013985330073349627
-0.0019530562347188263
-0.001472371638141809
-0.0009447432762836183
-0.00434083129584352
-0.0010166259168704157
0.0007129584352078236
-0.0007491442542787285
-0.0013897310513447433
0.0009921760391198046
-0.0002850855745721272
0.0029887530562347194
0.00167921760391198
0.0005183374083129586
0.0011139364303178487
0.0014415647921760392
-0.0002484107579462103
-0.0025095354523227385
-5.5745721271393545e-05
-0.0010102689486552563
0.0014757946210268952
-0.0012166259168704151
-0.00010611246943765294
0.0015799511002444987
-0.00011100244498777505
-0.0022625916870415647
-0.0015618581907090466
3.66748166259168e-05
0.0006068459657701715
0.0034855745721271386
-2.3471882640587063e-05
-0.0003462102689486553
0.0004444987775061123
-0.000833740831295844
0.0018777506112469438
0.0002161369193154035
-0.0009735941320293398
0.0006048899755501216
0.0034801955990220053
0.0010616136919315406
-0.0011608801955990222
0.0001970660146699262
0.0027007334963325184
0.0019701711491442544
0.0002836185819070902
0.0008366748166259168
-0.00036136919315403433
0.002574572127139364
0.001254278728606357
0.0018102689486552569
9.779951100244644e-06
-0.0009168704156479218
0.0017261613691931543
-0.0011286063569682155
0.0012616136919315405
0.0015119804400977991
-0.001211735941320293
-0.0002435207823960882
-0.0019520782396088019
0.0006723716381418093
0.002158924205378973
0.0014674816625916871
-0.001652322738386308
0.002230317848410758
-0.00024645476772616124
0.0008992665036674814
-0.0011330073349633256
-0.0009520782396088016
0.0015427872860635694
0.000628361858190709
0.0028904645476772613
0.001775550122249389
2.151589242053824e-05
0.0014547677261613694
0.0003202933985330071
-0.0003623471882640585
-0.0007359413202933982
-0.002162836185819071
0.0005564792176039118
-0.0011061124694376528
-0.0022200488997555015
0.0012723716381418091
-0.0010909535452322734
-0.004288508557457213
-0.0006518337408312957
0.0022185819070904647
-0.0006249388753056234
0.0005295843520782397
0.0016239608801955994
-0.0007623471882640589
0.0016997555012224935
0.0013799511002444988
0.002099266503667482
-2.444987775061154e-05
0.0010518337408312955
-0.0012488997555012223
-0.0006068459657701714
-0.0012102689486552564
-0.0003403422982885085
0.002006845965770171
-0.0013735941320293394
-0.00018875305623471868
-0.0002185819070904643
-3.618581907090473e-05
-0.0016107579462102688
0.0017672371638141812
0.0005892420537897309
-0.0009985330073349638
0.0005633251833740834
0.002372127139364303
-0.004185819070904646
-0.00041075794621026876
-0.000536430317848411
-0.0004132029339853295
0.003044498777506112
0.0011770171149144252
-0.0016239608801955994
-0.0005770171149144262
0.0009530562347188265
-0.0008533007334963326
-8.312958435207832e-05
-0.0014004889975550122
-0.0007178484107579463
0.001811735941320293
-0.0011897310513447434
-0.0004058679706601465
-0.0009422982885085574
0.000404889975550122
0.0023559902200488998
-0.0010264058679706602
-0.0005188264058679708
-0.0002581907090464543
-0.0002029339853300737
-0.0003745721271393643
-0.001643031784841076
-3.716381418092882e-05
-0.001191687041564792
6.650366748166274e-05
0.003310513447432763
0.00038875305623471863
-0.001484596577017115
-0.0001687041564792178
-0.0007980440097799509
-0.001902689486552567
0.0008684596577017119
-0.0007770171149144256
0.0009173594132029342
0.002446454767726161
0.00018337408312958452
0.000112958435207824
0.0005926650366748168
0.0003701711491442542
-0.0019858190709046456
-0.002126161369193154
0.00028312958435207825
0.0003349633251833744
0.0021163814180929098
0.0017095354523227382
0.0003887530562347189
-0.0003158924205378973
0.0015779951100244498
-0.0009271393643031783
0.004426894865525673
-0.003386308068459658
0.0004068459657701714
-0.00031784841075794623
0.00123520782396088
-0.0007452322738386301
0.0002694376528117368
0.0009599022004889978
-0.0010591687041564795
0.00032371638141809295
-0.0016738386308068462
-5.8190709046454875e-05
-0.00022298288508557437
0.0012880195599022008
0.0015584352078239613
-0.00098239608801956
0.0001432762836185816
0.0005378973105134473
-0.0007965770171149145
0.0017647921760391197
0.0001960880195599024
-0.0021330073349633254
-0.002156479217603912
0.0029227383863080687
-0.0009995110024449882
-0.0013902200488997557
0.002604889975550122
0.0023266503667481665
0.000382885085574572
-0.0027271393643031783
0.00030366748166259125
0.00014767726161369222
0.0015696821515892424
-0.0001501222493887531
0.0005731051344743273
-0.0014552567237163816
0.0014621026894865523
0.0019154034229828852
-0.00022444987775061158
0.0016444987775061128
-0.0005427872860635692
0.0007188264058679711
-0.0006801955990220053
0.003079706601466993
0.004377506112469438
0.0019295843520782394
-0.0007696821515892423
-0.0024586797066014666
0.0007770171149144255
0.0009760391198044009
0.0010400977995110028
-0.001228361858190709
-9.633251833740788e-05
0.0001931540342298293
-0.0005486552567237161
0.003026894865525672
-0.002822493887530562
-0.00030415647921760373
0.00031149144254278703
-0.0022753056234718827
-0.00015941320293398514
0.0012161369193154034
0.00042689486552567233
-0.00017506112469437682
-0.0002797066014669924
0.0011677261613691934
-0.0014767726161369198
0.00021271393643031803
-0.001288508557457213
0.00015452322738386277
-0.00015647921760391156
0.003143765281173594
0.0020870415647921757
-0.001639119804400978
-0.0002205378973105133
-0.00136919315403423
-0.004129584352078239
0.002293887530562347
-0.0015178484107579463
-0.001756968215158924
-3.4229828850851977e-06
0.0001315403422982884
0.00096919315403423
-0.0009334963325183372
0.002050855745721271
-0.0016870415647921764
-0.0033672371638141805
-0.0008787286063569681
0.0015080684596577017
-0.0007682151589242057
0.0032669926650366744
-0.0001090464547677263
0.0006298288508557455
0.0008537897310513449
-0.001182885085574572
0.0035863080684596584
0.00021075794621026894
0.00012176039119804397
-0.000333007334963325
-0.0006831295843520783
4.8410757946210093e-05
-0.00042836185819070853
0.00032029339853300746
0.0036151589242053787
-0.002325672371638142
-0.0023119804400978
0.0001134474327628357
0.0008630806845965771
-0.0008958435207823964
0.0005119804400977994
-0.0013525672371638142
-0.0018865525672371636
0.0008782396088019558
-0.0017559902200488993
-0.0025388753056234713
-0.0014171149144254277
0.0005422982885085572
0.0010591687041564793
-0.001497310513447433
0.0024078239608801956
-0.0003310513447432766
-2.5916870415648053e-05
0.0020704156479217604
-0.0017501222493887534
-0.000780929095354523
-0.0016528117359413202
8.557457212713957e-05
0.0032264058679706605
-0.0009608801955990218
-0.0004405867970660147
0.0011168704156479215
0.0011726161369193155
-0.0006239608801955989
0.0011559902200488999
-6.601466992665043e-05
-0.0004567237163814182
0.00011687041564792192
-0.0003237163814180932
-0.002765281173594132
0.0002508557457212709
0.0006547677261613689
0.0005261613691931542
0.0009002444987775061
-0.0009315403422982885
-0.0027735941320293396
0.0005902200488997551
-0.001846454767726161
-0.0027951100244498774
-0.000684107579462103
-0.0015408312958435206
0.0004171149144254278
-0.0003584352078239613
-0.0014537897310513447
-0.0032723716381418094
-0.0006190709046454765
0.0018391198044009779
0.00018679706601467
-0.0011647921760391197
0.00039070904645476814
0.004515403422982885
-0.0009095354523227383
-0.00038826405867970685
0.0014014669926650364
-9.144254278728576e-05
-0.0017662591687041568
-0.001807334963325183
0.0012112469437652808
0.0006303178484107582
-0.0009603911980440099
0.001601955990220049
-0.004907090464547677
0.00162200488997555
-0.0009383863080684601
-0.0021814180929095356
0.0006616136919315404
0.001330073349633252
-0.001749633251833741
-0.0005990220048899758
-0.0015779951100244498
0.0022190709046454767
-0.0028728606356968212
-0.0028924205378973106
0.0013951100244498783
2.9339853300735014e-06
0.0005422982885085573
-0.00042689486552567217
-0.0037217603911980433
-0.0008063569682151589
-0.0024440097799511003
0.0019858190709046456
0.0006616136919315405
-0.0009251833740831295
0.0022063569682151587
-0.001041564792176039
0.001308557457212714
0.0001823960880195595
-0.00016479217603911997
0.0013858190709046456
0.0012542787286063566
-0.0009286063569682152
0.00057799511002445
-0.001586308068459658
-0.004113447432762836
0.002209290953545233
0.00040929095354523266
-0.0023921760391198044
0.00021124694376528064
-0.0008948655256723713
-9.486552567237151e-05
-0.0012200488997555006
-0.0039696821515892424
0.0009261613691931539
0.0008048899755501225
0.0005212713936430315
-0.001641564792176039
-0.003186308068459657
0.0017951100244498785
0.0006117359413202936
0.0011144254278728602
0.00041271393643031815
0.0014909535452322746
0.0018195599022004891
-0.00035941320293398564
-8.899755501222464e-05
0.0004273838630806842
-0.0016533007334963326
-0.0017633251833740833
0.0009657701711491446
0.0011701711491442543
-0.0023677261613691933
0.0004019559902200485
-0.003821026894865526
0.0002782396088019562
-0.0019775061124694374
0.0006684596577017111
-0.0007657701711491438
0.0005628361858190708
0.0014224938875305626
0.0036014669926650368
0.003023960880195599
0.0014391198044009783
0.002273349633251834
-0.0016356968215158923
-0.0012709046454767727
0.0012347188264058677
0.0010254278728606357
0.0008938875305623466
-4.400977995110083e-06
0.0032332518337408306
0.0023398533007334965
0.00021711491442542784
0.0011320293398533001
0.0016518337408312957
0.0009100244498777508
-0.0015310513447432759
-0.001273349633251834
-0.001049388753056235
0.0032885085574572127
-0.0017872860635696822
0.0008239608801955989
0.0031643031784841075
-0.00017359413202933986
-0.002329095354523227
0.0016679706601466996
0.0016806845965770172
0.0011466992665036674
0.0019300733496332516
-0.003665525672371638
0.0005017114914425422
0.0032845965770171154
-0.0027418092909535455
-0.0010312958435207823
0.0032249388753056232
-0.0006249388753056237
-0.0012469437652811736
-0.0017422982885085584
-0.0009867970660146698
-0.0014347188264058678
0.0009012224938875306
-0.0004552567237163814
-0.002300733496332518
-0.0005422982885085572
0.0039305623471882645
-0.00017457212713936393
-0.0018366748166259174
-0.000246454767726162
0.0009374083129584351
0.0019408312958435212
0.0011286063569682153
0.0015569682151589245
-7.286063569682217e-05
0.0005491442542787284
0.00025085574572127127
-0.001691442542787286
-0.0016616136919315413
-0.0009623471882640591
0.0005540342298288513
0.0021594132029339854
-6.161369193154061e-05
0.002521760391198044
0.0012361858190709047
-0.0027618581907090465
0.001970171149144255
-0.0014444987775061124
0.0015471882640586798
-0.0027154034229828847
0.000121271393643032
0.0038410757946210267
0.000398533007334963
-0.0011887530562347186
-0.001122249388753056
-0.0014092909535452322
-0.0009388753056234722
-0.0005237163814180922
0.001256234718826406
-0.0038332518337408313
-0.001465036674816626
0.0012801955990220048
0.0020449877750611254
0.0032929095354523232
0.002174083129584352
0.0019755501222493885
-0.0027960880195599023
0.0015388753056234722
-0.0003506112469437652
-0.0017119804400977997
0.0008767726161369191
0.0014625916870415643
0.0002630806845965767
-0.00034034229828850825
-0.002276283618581907
0.0010400977995110024
-0.00025721271393643004
0.0016039119804400976
-0.0026400977995110026
-0.0004410757946210268
0.0011349633251833738
-0.0010860635696821517
-0.0014728606356968215
-0.0007393643031784841
0.0020552567237163816
0.002657701711491442
0.0011682151589242056
-0.0014386308068459657
5.867970660146732e-05
-0.0011188264058679706
-0.0035383863080684598
-0.0005525672371638139
0.0026508557457212705
0.002081173594132029
0.0011354523227383865
0.0003144254278728605
0.0007349633251833745
-0.00020048899755501233
0.0017779951100244502
-0.0017506112469437651
-0.0009046454767726161
-0.001201466992665037
0.0020625916870415646
0.00042885085574572064
-0.001438630806845966
-0.0011457212713936427
0.0008601466992665041
0.0006669926650366748
-0.0026753056234718824
0.00017946210268948633
-0.0018337408312958435
-4.303178484107567e-05
0.002512469437652812
0.0007271393643031785
0.0013545232273838627
-0.0012278728606356967
0.0023951100244498772
-0.0023334963325183375
-0.002798533007334963
-0.001876772616136919
-0.0035965770171149146
-0.00025085574572127143
-0.00011687041564792165
0.0004987775061124697
0.0008811735941320295
-0.000539364303178484
-0.0010821515892420535
8.312958435207845e-05
0.0012757946210268946
0.0008557457212713933
8.166259168704167e-05
-0.001183863080684596
-0.0023789731051344744
-0.0036415647921760387
-0.0016855745721271393
0.001122249388753056
0.0006748166259168704
-0.001750611246943765
-0.0030616136919315406
0.0010058679706601466
-0.0003691931540342296
0.0002205378973105129
-0.001502689486552567
0.0010068459657701712
-0.004110513447432763
0.0008200488997555008
-0.00160440097799511
-7.530562347188283e-05
0.003054767726161369
-0.0020151589242053784
4.009779951100217e-05
-0.00017163814180929133
0.0005452322738386304
0.00395403422982885
0.0017731051344743278
-0.001989242053789731
-0.0013315403422982884
0.0006430317848410763
-0.0006537897310513451
3.9119804400975386e-06
-0.00032811735941320276
0.0014767726161369187
-1.613691931540341e-05
0.0005422982885085572
0.0004977995110024449
0.0015339853300733496
-0.0008831295843520783
0.0014205378973105134
-0.0007911980440097798
0.0016044009779951098
0.00035256723716381374
-0.0011310513447432763
-0.0008899755501222492
-0.0017995110024449877
-0.0012356968215158925
-0.0009926650366748166
0.0017149144254278727
-0.0025491442542787284
0.0018929095354523232
-0.0034860635696821515
0.001536919315403423
0.0006523227383863077
-0.00010464547677261601
0.0006396088019559909
-0.0004141809290953546
-0.0007779951100244498
0.0008019559902200489
0.00031735941320293435
0.00022689486552567208
0.003931051344743276
0.0007608801955990218
0.00024058679706601458
0.0004655256723716379
0.0012019559902200487
-0.0005315403422982887
-0.0016606356968215162
-5.378973105134696e-06
2.396088019559869e-05
0.0012127139364303179
-0.001066992665036675
-0.0018963325183374076
-0.0011242053789731052
0.001054278728606357
-0.0026444987775061123
-9.14425427872859e-05
-0.0005418092909535452
0.0007369193154034228
-0.003081173594132029
-0.0013946210268948656
0.0017486552567237165
-0.0010195599022004892
0.0010679706601466991
0.0008484107579462102
-0.001950122249388753
-0.0015799511002444987
-0.0030440097799511005
-0.0010078239608801956
-0.0013691931540342297
-0.0005193154034229836
-0.0026327628361858197
-8.36185819070902e-05
-0.0009408312958435207
0.0025036674816625915
0.002489486552567237
0.00045036674816625926
-0.0010000000000000002
0.0019960880195599023
-0.0007198044009779956
-0.0007154034229828855
-0.0011951100244498778
0.002691931540342298
0.001709046454767726
0.00020293398533007353
-0.0007784841075794625
0.0013046454767726163
0.0035334963325183368
-0.00080440097799511
0.001470904645476773
0.0030919315403422983
-0.0006855745721271391
-0.0006806845965770165
-0.0009315403422982888
0.0027281173594132023
0.000748655256723717
-0.0011457212713936427
-9.339853300733574e-05
0.0016889975550122246
0.002346699266503667
-0.0019193154034229827
0.002510513447432762
0.000772616136919315
0.002746210268948655
0.0028797066014669926
-0.002565770171149144
0.0009491442542787284
-0.002702689486552567
-0.0002709046454767729
0.0019789731051344742
-0.00036381418092909566
9.193154034229861e-05
0.0007594132029339854
0.000908557457212714
0.000473349633251834
0.0002997555012224937
-0.0007916870415647921
0.003113447432762836
0.0006
0.00029486552567237174
2.8361858190708908e-05
0.0019222493887530562
0.00030122249388753045
0.0002797066014669928
-0.000910513447432763
0.0017584352078239605
0.0018259168704156479
0.0020718826405867964
-0.001294865525672372
-0.0010665036674816627
2.0537897310513493e-05
4.498777506112462e-05
-0.003364303178484107
0.0013100244498777502
-0.0018753056234718825
0.001523227383863081
0.0035745721271393644
-0.0028992665036674816
-0.0020645476772616135
-0.0014097799511002445
-0.0010537897310513445
0.0007393643031784838
-3.618581907090463e-05
-0.001073838630806846
0.0011466992665036674
0.0005364303178484107
0.0011246943765281176
0.0003017114914425424
5.525672371638117e-05
0.0019300733496332523
0.004624449877750611
0.0019036674816625915
0.001101222493887531
-6.06356968215159e-05
-0.0007237163814180933
0.0017887530562347186
0.00027872860635696844
-0.0006317848410757947
0.0014381418092909537
-0.001664058679706601
-0.001320293398533007
0.0014806845965770169
-0.0015271393643031786
0.00011491442542787337
0.0014337408312958431
-0.00017799511002444956
0.000691931540342298
0.001283129584352078
-0.00030171149144254256
-0.0019222493887530564
0.002285574572127139
-0.002766748166259168
0.0022694376528117357
0.004135941320293399
-0.003111002444987775
-0.0009916870415647922
-0.004868459657701712
-0.0028298288508557456
0.00020586797066014684
0.0039315403422982885
0.0008899755501222495
-0.0008044009779951097
-0.002799511002444988
-0.0006987775061124694
0.0011755501222493884
0.0027594132029339856
-0.0027041564792176045
-0.002140342298288508
-0.0010826405867970662
-0.0023183374083129587
0.00012469437652811694
-0.0003691931540342304
0.002578484107579462
-0.00011149144254278784
0.0009471882640586794
-0.0012669926650366746
-0.00044792176039119705
0.0005036674816625917
-0.001639119804400978
0.0010640586797066019
0.0008899755501222494
0.0008127139364303179
0.00011149144254278702
0.0014669926650366747
0.000368704156479218
-0.0010435207823960878
-0.0003662591687041568
-8.361858190709076e-05
0.0014855745721271394
-0.0019188264058679707
-0.002137408312958435
0.002353545232273839
-0.0004733496332518338
-0.0020097799511002443
-0.0010537897310513443
0.0013779951100244504
0.0006523227383863083
-0.0014151589242053786
0.0012713936430317854
0.0032973105134474334
-0.00039608801955990253
-0.00020586797066014684
-0.001695843520782396
0.0008713936430317849
0.0022640586797066015
0.0012444987775061126
-0.002273349633251834
0.001550122249388753
-0.0019731051344743277
0.0007305623471882641
-0.0012088019559902202
0.0019530562347188267
0.0001569682151589247
0.0008943765281173596
-0.002409290953545232
0.0004542787286063568
-0.0005290953545232274
-0.0001638141809290948
0.0005251833740831293
-0.0013515892420537896
0.0006977995110024451
0.002560391198044009
4.107579462102699e-05
0.0017080684596577015
-0.0024757946210268948
0.0010513447432762832
2.1515892420537564e-05
-0.002201466992665036
0.0023290953545232274
-0.0025271393643031786
0.0006259168704156479
-0.001176039119804401
0.001089975550122249
0.0004601466992665036
-0.003537408312958435
0.002082640586797066
0.0010083129584352076
0.0003897310513447431
0.0015706601466992664
-9.731051344743263e-05
-0.0028689486552567235
0.0017339853300733495
-0.0005569682151589248
0.0018112469437652808
0.00021613691931540323
-0.00029584352078239606
-0.0013339853300733495
-0.0012484107579462105
-0.0015511002444987775
-0.00022004889975550115
0.0007770171149144259
0.00048117359413202927
0.0008787286063569682
-0.001572616136919315
0.000901711491442543
-0.001009290953545232
-0.0027647921760391193
-0.0006410757946210271
-0.0024102689486552565
-0.0018376528117359408
-0.0027007334963325184
0.0031804400977995116
-0.0008293398533007333
-0.0012195599022004886
0.001683129584352078
0.0003955990220048901
-0.0008185819070904642
-0.0027755501222493893
0.0010787286063569683
-0.0015608801955990217
-0.0028259168704156483
0.0029662591687041567
0.0019202933985330074
-0.0002850855745721272
0.0012029339853300738
0.002650366748166259
-0.0004757946210268947
-0.0011452322738386303
0.001415158924205379
0.0020048899755501226
-0.0019295843520782394
0.00015305623471882624
0.0009198044009779948
-0.00016772616136919338
0.00028068459657701734
0.0014973105134474325
0.0004777506112469437
-0.0015569682151589243
0.00010464547677261635
0.0005833740831295845
-0.0016014669926650365
-0.0013026894865525679
0.0012772616136919315
0.001191687041564792
-0.0027955990220048894
-8.312958435207839e-05
0.002392665036674817
-0.00134718826405868
0.0010621026894865528
-0.0010249388753056237
0.0007897310513447431
-0.0014166259168704154
-0.0003369193154034228
-0.0036014669926650363
0.002745232273838631
-0.00036919315403423
0.0016743276283618588
0.0019872860635696816
0.0012806845965770174
-0.001177017114914425
0.0005965770171149142
-0.003020048899755501
0.0005946210268948652
-0.0006244498777506115
-0.001434718826405868
0.0017863080684596576
-0.00015745721271393672
-0.0020958435207823964
5.3300733496332826e-05
0.0007466992665036676
0.0020317848410757945
-0.002975061124694377
-0.0027408312958435207
0.0013951100244498776
0.0008621026894865522
0.002082151589242054
-0.001069437652811736
0.0012415647921760397
0.0012743276283618587
-0.001610268948655257
-0.0009828850855745721
-0.0012674816625916872
0.0009124694376528114
-0.0016699266503667483
-0.0008963325183374085
-0.003023471882640586
0.0006865525672371638
-1.6136919315403682e-05
-0.0020801955990220047
0.0005638141809290953
0.001231295843520782
0.003697799511002445
-0.0015408312958435217
-0.0016860635696821515
0.0009643031784841075
-0.000276283618581907
0.002026894865525673
-0.0022503667481662596
-0.0032919315403422984
0.001495354523227384
0.003417114914425427
0.0019462102689486553
-0.0010665036674816623
0.0006210268948655256
-0.0020308068459657705
-0.0006337408312958436
4.889975550124425e-07
0.00200440097799511
0.0011017114914425425
-0.0024117359413202933
0.00217799511002445
-0.001695843520782396
0.0010772616136919312
-0.0005462102689486553
-0.0021246943765281167
0.0013369193154034226
-0.0005848410757946212
0.0015838630806845964
-0.001082640586797066
-0.0006136919315403423
0.0019696821515892424
-0.0007506112469437651
0.0007501222493887531
-0.003820537897310514
0.0005007334963325182
-0.0025452322738386307
-0.00023863080684596595
-0.0007315403422982881
-0.0005051344743276278
-0.0018679706601466993
-0.001666992665036675
0.00014718826405867965
-0.0018322738386308062
0.0005281173594132028
-0.0021858190709046457
-9.828850855745738e-05
0.0011902200488997552
0.001170171149144254
0.00013887530562347193
-0.002768704156479218
-0.00035647921760391155
-0.0014938875305623473
0.000587286063569682
0.0019281173594132028
-0.000805378973105135
0.0015364303178484107
0.0006308068459657703
-0.0012694376528117363
0.0009828850855745728
0.0019643031784841074
0.0029041564792176046
0.0006361858190709049
0.0006239608801955994
-0.0022317848410757946
0.0010484107579462104
0.0013154034229828845
-0.00046894865525672405
-0.0005926650366748165
0.0018904645476772613
0.0017183374083129584
0.0004136919315403418
-0.0013124694376528117
0.0016655256723716381
-0.0001721271393643035
-0.0024088019559902205
-0.0016855745721271397
0.0006366748166259172
-0.0021271393643031784
0.00290562347188264
-0.0002503667481662592
-0.0012440097799510997
-0.0019432762836185818
-0.0018073349633251836
-0.003496332518337408
-0.004227872860635697
-2.885085574572135e-05
-0.003536919315403423
0.0005936430317848407
0.0022459657701711495
0.0018102689486552566
0.0016836185819070902
0.001281662591687042
-0.0016904645476772612
7.921760391198013e-05
-0.0007158924205378967
0.0030273838630806844
-0.0011330073349633254
-0.0007882640586797066
0.0007070904645476775
0.0006014669926650365
-0.002242053789731052
-0.003029339853300734
0.001031295843520782
-0.00011246943765281184
0.002045476772616137
0.0013877750611246938
-0.002424449877750611
0.001860635696821516
-0.00134278728606357
-0.00027872860635696844
0.00041320293398533015
0.0012694376528117359
-0.00118239608801956
0.0009775061124694378
-0.0008464547677261608
-0.0009144254278728609
0.002456234718826406
0.0014909535452322742
-0.0008792176039119803
0.0014459657701711495
0.0013227383863080684
-0.0010396088019559904
-0.0013330073349633246
-0.002698777506112469
0.0004542787286063572
0.0012063569682151589
0.00012811735941320294
0.0014024449877750615
-0.002071882640586797
-0.0005716381418092902
0.001401955990220049
0.0011858190709046453
0.0008166259168704156
-0.00048166259168704143
-0.001985819070904645
0.0004924205378973102
-0.00010366748166259221
0.0015056234718826402
2.0048899755501457e-05
0.0023207823960880196
-0.002843520782396088
0.0017706601466992663
0.0013511002444987778
-0.0030669926650366748
3.9608801955990063e-05
-0.00036088019559902173
0.0012709046454767727
-0.0016371638141809291
3.66748166259169e-05
0.0025056234718826404
-0.0005290953545232273
0.001925672371638142
0.0009731051344743274
-0.0016264058679706602
0.0009540342298288511
-0.00038581907090464617
0.0007413202933985333
-0.001015158924205379
0.0001486552567237161
-0.0010958435207823957
-0.0005735941320293398
0.0002757946210268948
-0.0018068459657701703
-0.000653300733496333
-0.0019075794621026894
-0.002078239608801956
-0.00016283618581907128
-0.003686552567237164
0.0010806845965770178
-0.00010122249388753027
0.002813691931540342
-0.0011951100244498775
0.00013740831295843515
-0.0010342298288508558
-0.0005330073349633254
-0.002005378973105134
0.000921271393643032
-0.001535452322738386
-0.0036009779951100243
5.4278728606357164e-05
0.00020782396088019553
-0.00274278728606357
-0.00020097799511002457
-0.0012596577017114916
-0.0003823960880195605
-0.0004679706601466996
-0.001895354523227384
-0.00440440097799511
0.0020621026894865526
0.002310513447432763
0.0002195599022004889
-0.0014621026894865526
-0.0014488997555012226
0.0020977995110024452
-0.0017061124694376527
-0.000799022004889975
-0.0015701711491442542
0.00010366748166259153
0.0013579462102689492
-0.0019149144254278728
0.0007393643031784841
-0.0010929095354523227
0.000818092909535452
-0.001465525672371638
0.0015202933985330072
0.0009550122249388749
0.0008757946210268949
0.00336479217603912
-0.003424938875305623
0.00015550122249388738
0.0019026894865525673
0.0005657701711491445
7.090464547677298e-05
0.0005926650366748165
-0.000717359413202934
-0.0005432762836185814
0.0007378973105134476
0.0022797066014669924
0.0009980440097799514
-0.0009256723716381417
-0.001126650366748166
-0.0008112469437652807
-0.001085085574572127
-0.00025476772616136903
-0.0001271393643031786
0.0006645476772616138
0.0042528117359413205
-0.001488997555012225
0.0006537897310513447
-0.0024141809290953546
-0.00016185819070904686
0.0010899755501222494
-0.002353056234718827
8.801955990220053e-05
-0.0007354523227383863
0.0003990220048899756
0.0013550122249388757
-0.00033594132029339817
-0.00013056234718826406
-0.0020190709046454774
-0.0014347188264058684
-0.0001946210268948654
0.005187286063569682
-0.0012185819070904646
0.0009799511002444989
0.003139364303178485
0.0007701711491442543
0.001968215158924206
-0.0014381418092909535
0.0014156479217603908
0.0031070904645476762
-0.002055256723716381
-0.0020591687041564793
-0.0015887530562347192
9.14425427872856e-05
0.0023579462102689486
-0.0005823960880195595
0.0010092909535452325
-0.0015178484107579466
-0.0019119804400977995
0.0011999999999999997
-0.001193643031784841
-0.001642542787286064
-0.0017980440097799513
0.0002953545232273838
0.0011603911980440093
-0.0014508557457212717
0.0020601466992665033
0.0035633251833740833
0.0011305623471882641
-0.0018743276283618578
-0.002540342298288509
0.0007687041564792178
-0.0028244498777506106
0.0015364303178484109
0.0004391198044009785
0.0015168704156479217
-0.003968215158924205
-2.8361858190708603e-05
0.0018073349633251838
0.0003100244498777503
0.0020176039119804393
0.0009970660146699267
0.0008547677261613691
0.0012337408312958435
-0.002065036674816626
-0.001006845965770171
0.0011334963325183372
0.0021442542787286066
-0.0008943765281173593
0.0010963325183374084
-0.0005017114914425428
-0.0016704156479217598
0.0018347188264058682
7.041564792176098e-05
0.00044058679706601435
0.0013207823960880195
0.0004782396088019561
8.312958435207722e-06
0.0002058679706601463
-0.0005095354523227385
-0.0012176039119804409
0.0014029339853300741
0.00018484107579462152
-0.002167237163814181
0.0010288508557457212
-3.129584352078248e-05
-0.0020024449877750613
0.00025574572127139324
0.0012537897310513446
0.003213691931540342
0.001812224938875306
0.0013471882640586793
-0.0028122249388753055
0.0020044009779951106
0.0014841075794621024
-0.0009437652811735947
0.0007295843520782399
-0.0011687041564792172
0.0016063569682151586
-0.0017168704156479222
-0.00026112469437652785
0.0014048899755501223
-0.0016933985330073347
0.0008919315403422984
0.0007383863080684595
0.0016327628361858183
-8.704156479217609e-05
0.0023667481662591684
0.00012029339853300739
-0.0009290953545232275
0.0006552567237163816
-0.002994132029339853
0.001682640586797066
0.0008004889975550126
-0.0006176039119804399
-0.001986308068459657
-0.001941809290953545
0.0003315403422982891
0.0016308068459657697
0.0029867970660146705
-0.002104156479217604
0.0016977995110024453
-0.0021711491442542785
7.921760391198026e-05
-0.0010562347188264065
0.0003530562347188258
-0.001566259168704156
0.00018044009779951073
0.0010288508557457212
-0.0016880195599022001
-0.0016850855745721269
0.0008987775061124692
-0.0014689486552567235
0.0039569682151589245
-0.00032127139364303156
-0.0007946210268948653
-0.000989242053789731
0.002785819070904646
0.0004933985330073351
0.000884107579462103
-0.0012753056234718833
-0.0025779951100244505
0.000665036674816626
-0.0009442542787286062
0.0024518337408312957
-0.002278728606356968
0.0012762836185819066
0.0011682151589242056
0.00016674816625916852
0.000706112469437653
-0.0005012224938875304
0.0018190709046454765
0.0023975550122249385
0.0002826405867970657
0.0010929095354523227
0.0019158924205378972
0.0026650366748166257
0.0013466992665036675
-0.0018200488997555015
0.0016650366748166261
3.374083129584313e-05
-0.0010220048899755503
-0.003003422982885085
-0.0014762836185819072
-9.53545232273838e-05
-0.0015066014669926652
0.00013251833740831337
0.002330073349633252
0.001148166259168704
0.0004474327628361859
-2.982885085574515e-05
-0.0007403422982885088
-0.0007608801955990219
0.00048019559902200495
0.001259168704156479
-0.0003682151589242058
-0.00028655256723716374
-0.002099755501222494
-0.001755012224938875
0.001778484107579462
0.000606845965770171
-0.0005995110024449876
-0.001303178484107579
-0.0029965770171149152
-0.0009080684596577021
9.9266503667482e-05
0.0014034229828850855
0.0016171149144254277
0.0005422982885085574
0.00022738386308068372
-0.000758435207823961
-0.0007349633251833742
-0.001075794621026895
0.0011535452322738384
-0.0034762836185819076
-0.0014215158924205378
-0.0009814180929095357
-0.0005095354523227387
-0.0016743276283618584
0.0005691931540342293
0.003276283618581907
-0.002424449877750611
-0.0009496332518337408
0.0015349633251833745
0.002131540342298288
0.0018264058679706599
0.0009178484107579463
0.0009041564792176041
-0.0002728606356968216
-0.0006557457212713933
-0.0020533007334963323
0.0003036674816625915
-0.0043462102689486555
0.0017256723716381418
-0.0015217603911980436
-0.002771149144254278
0.0012811735941320294
0.0001520782396088019
0.0005114914425427877
-0.002462102689486553
-0.0021716381418092905
0.0021662591687041564
-0.0003951100244498774
-0.00043080684596577014
0.0008053789731051345
0.0014396088019559905
-0.0013775061124694378
-0.0005990220048899754
0.0013765281173594131
0.0015760391198044014
0.002875305623471883
-0.0006479217603911978
-0.00236479217603912
0.0004523227383863083
-0.0017222493887530568
0.0005784841075794625
-0.0001525672371638142
-0.0002268948655256723
0.000569682151589242
0.002020048899755502
-0.0013295843520782392
-0.00037799511002445033
-0.0012322738386308068
0.0032254278728606357
0.002936430317848411
0.0001496332518337409
0.002089486552567237
2.004889975550139e-05
0.0002650366748166263
-0.003104645476772616
-0.00035599022004889993
-0.002172616136919315
0.000502200488997555
-0.00024743276283618627
-0.001530562347188264
-0.000843031784841076
-5.5256723716381305e-05
-0.00048606356968215134
0.0006816625916870414
-0.0011251833740831294
0.00023129584352078224
0.0007427872860635695
0.0011295843520782395
-0.004149144254278729
0.0004440097799511003
-0.00024107579462102736
-0.0001985330073349636
-7.970660146699281e-05
0.0011535452322738386
0.0007383863080684597
0.0017902200488997555
-0.0020914425427872863
-0.0003471882640586797
0.00045427872860635674
0.0004009779951100243
-0.00012224938875305633
-0.0008376528117359411
0.0005662591687041563
-0.00017946210268948674
0.0004224938875305625
0.00018288508557457207
-0.0015491442542787284
0.0002777506112469436
-0.0005608801955990218
-0.0003393643031784834
-0.0009017114914425425
3.863080684596566e-05
0.00034376528117359455
0.0014875305623471878
-0.0009124694376528117
-0.0016200488997555015
-0.002438630806845966
0.0029163814180929093
0.0010469437652811733
-0.0006709046454767722
-0.0005603911980440098
0.0011007334963325185
0.0012860635696821515
0.0007794621026894864
0.004210268948655256
0.0033511002444987776
-0.0012024449877750612
-0.00021711491442542765
-0.0002562347188264059
-0.0025696821515892414
-0.00046356968215158906
0.0018229828850855742
-0.0038009779951100244
-0.00013300733496332518
0.001061124694376528
-0.0012000000000000003
0.0009080684596577018
-0.0020234718826405867
-0.0006435207823960883
0.0002352078239608802
0.002320293398533007
-0.00028997555012224934
-0.003941320293398534
-0.0019765281173594134
0.000965281173594132
-0.0028088019559902202
-0.0019970660146699268
0.0013012224938875306
0.0008845965770171149
0.0013770171149144258
0.00020391198044009774
-0.00029437652811735925
0.001651344743276284
-8.557457212713982e-05
-0.0002097799511002442
-0.0011036674816625916
0.0006772616136919318
0.0008190709046454775
-0.0005955990220048899
0.0011334963325183372
0.0015887530562347187
0.0026498777506112473
0.0018332518337408313
-0.00038581907090464536
-0.001636674816625917
0.0003041564792176037
-0.0015144254278728602
0.0007031784841075795
-0.0009628361858190713
-0.0005687041564792171
-0.0018200488997555013
-0.0017334963325183377
-0.0014723716381418095
0.00041271393643031815
0.0007647921760391202
0.0039119804400978
-0.0007921760391198045
-0.0009095354523227378
-0.0015046454767726166
-0.0017667481662591688
0.00045281173594132065
-0.000826894865525672
0.0005677261613691935
-0.0003403422982885088
-0.0009833740831295846
0.00044792176039119787
0.0016562347188264059
-0.0008004889975550125
0.0014229828850855742
0.0012606356968215154
0.001474327628361858
0.00145281173594132
0.00031002444987775094
0.0011036674816625918
-0.0020924205378973107
0.001023471882640587
0.0002396088019559899
0.0005276283618581904
-0.0009755501222493884
0.0015892420537897314
0.0014792176039119798
-0.0003970660146699269
7.139364303178475e-05
0.0014004889975550115
-0.0008684596577017114
-0.002160880195599022
-0.0028298288508557456
0.0006420537897310515
-0.0009623471882640585
-0.001348655256723717
-0.001679217603911981
-0.0003784841075794624
-0.0025691931540342294
-0.0022811735941320297
-0.0017745721271393642
-0.0010420537897310512
-0.0011271393643031782
-0.002107090464547677
-0.0033466992665036675
0.0014684596577017115
0.0010655256723716383
-0.0013437652811735938
-0.0006645476772616137
-0.0006650366748166258
-4.107579462102726e-05
-0.001083129584352078
-0.001139364303178484
-0.0014630806845965772
0.0036435207823960875
-6.943765281173603e-05
-0.0005246943765281173
0.0022440097799511
0.001888997555012225
0.001804889975550122
-0.0014547677261613691
-0.002534963325183374
-0.0027946210268948654
-0.0008557457212713936
-0.00025330073349633266
0.0023418092909535454
0.0008606356968215161
0.0006420537897310512
0.002681173594132029
0.0012249388753056232
0.0023486552567237168
0.0020268948655256724
-0.00296039119804401
-0.0003907090464547676
0.00041222493887530556
0.0003447432762836186
-0.0009726161369193156
0.00016430317848410732
-0.0014063569682151594
-0.0005310513447432762
0.002192176039119804
0.0007731051344743279
-0.0019569682151589244
0.0003882640586797073
0.000532518337408313
-3.2762836185819265e-05
-0.0017745721271393642
-0.0014523227383863076
-0.00012811735941320308
0.00038728606356968227
-0.0006987775061124694
0.0025012224938875303
0.002148166259168704
0.0018415647921760391
-0.00035403422982885086
-0.0012572127139364297
-0.00024792176039119815
-0.0009168704156479219
-0.0010762836185819074
-0.0010332518337408307
-0.0007202933985330073
-0.0012190709046454766
-0.001576528117359413
-0.0016919315403422987
-0.0009550122249388751
3.618581907090405e-05
5.623471882640619e-05
0.002449388753056235
-0.00208361858190709
-0.004442542787286064
-0.0006987775061124696
0.0030224938875305623
0.0028034229828850852
0.0004557457212713941
-0.00263080684596577
-0.0017271393643031783
-0.00024987775061124695
-0.0008044009779951102
-0.002293398533007335
0.0018347188264058675
0.00099119804400978
3.080684596576976e-05
-0.0014909535452322735
0.0005828850855745721
-0.001836185819070905
0.0007022004889975551
0.0005608801955990222
-0.00025378973105134487
-0.0006875305623471877
0.001362347188264059
-0.001047921760391198
0.001840097799511003
-0.003878728606356968
0.0008552567237163812
0.0009584352078239615
-0.0005383863080684597
0.0027256723716381414
-0.0012234718826405868
0.0008034229828850853
-0.0030293398533007337
-0.0017731051344743278
-0.000450366748166259
-0.0023877750611246942
0.0006400977995110025
0.001250366748166259
0.0006317848410757939
-0.0017941320293398538
0.0011794621026894865
0.0007564792176039123
0.001362347188264059
-0.003207823960880195
0.0001056234718826405
-0.0013789731051344744
0.0020195599022004886
-0.00019902200488997548
-8.606356968215161e-05
0.0012058679706601465
-0.0038019559902200493
0.0023129584352078237
-8.75305623471884e-05
0.0009246943765281173
0.00020586797066014684
-0.0029911980440097802
0.0004821515892420535
0.0010621026894865528
-0.0032679706601466997
-0.0006508557457212714
-0.00018288508557457234
-0.0026039119804400976
7.677261613691948e-05
0.001056234718826406
0.001466503667481663
0.002359902200488998
-0.0020244498777506116
-0.003058190709046455
0.002312469437652812
-0.00011638141809290894
0.00032958435207823956
-0.002407334963325183
0.00034767726161369193
0.002128117359413203
0.0007545232273838634
-0.0009564792176039125
0.0012479217603911978
0.001124694376528117
-0.002233740831295844
0.0017833740831295845
-0.0007951100244498776
0.0019110024449877742
0.0013139364303178483
0.0005110024449877752
-0.0038102689486552562
0.00295158924205379
-0.0012479217603911978
0.000931051344743276
-0.0012117359413202937
-0.002411246943765281
-0.0016528117359413206
-0.0025804400977995114
-9.828850855745697e-05
-0.002168215158924205
0.0019892420537897314
0.0012982885085574573
0.0023907090464547675
0.0021828850855745716
-0.0024039119804400975
0.00019706601466992698
0.0009408312958435206
-0.0007281173594132032
0.0013907090464547677
0.0008552567237163817
-5.232273838630814e-05
0.00044498777506112453
0.0006914425427872862
0.002081173594132029
-0.0002606356968215158
0.00121320293398533
0.0025286063569682146
-0.0009056234718826406
0.0014894865525672371
0.00025525672371638124
-0.000599022004889975
-0.00172958435207824
0.0003339853300733495
-0.0020190709046454766
0.001886063569682151
-0.0010430317848410758
-0.0013075794621026893
-0.0011589242053789731
-0.0016303178484107581
9.290953545232404e-06
-0.0024053789731051348
0.00185281173594132
-0.0030596577017114918
0.0009261613691931539
0.00026601466992665036
6.112469437652817e-05
0.0014484107579462104
0.0022053789731051343
0.0001422982885085578
-0.002393154034229829
0.0032371638141809288
-0.0011584352078239607
-0.001277750611246944
0.0001833740831295844
-0.0006753056234718823
0.0015110024449877754
0.0029119804400977996
0.002476772616136919
8.508557457212727e-05
-0.0008053789731051348
0.0007012224938875304
0.0007867970660146702
-0.0010865525672371637
-0.0020968215158924204
0.0009662591687041566
-0.0008444987775061126
-0.00027579462102689484
-0.0014919315403422982
0.002222982885085575
-0.0014176039119804394
0.000928606356968215
0.0009471882640586797
0.0006684596577017117
0.002205867970660147
0.0016841075794621027
0.0015217603911980443
0.0009041564792176041
-0.0015359413202933984
-0.0019403422982885083
0.0011784841075794623
-0.0014518337408312952
0.002397066014669926
0.0004528117359413202
0.0007579462102689482
-0.001897799511002445
-0.00037408312958435186
-0.0022039119804400983
-0.00019853300733496305
-0.0005305623471882635
-0.002745721271393643
0.0003589242053789732
-7.579462102689483e-05
-0.0005202933985330076
3.3740831295843196e-05
-0.00021613691931540304
-0.0010254278728606357
0.0010009779951100242
0.0003721271393643032
-0.0021222493887530563
-0.002831295843520783
0.001111491442542787
-0.00022347188264058675
0.0023843520782396085
-0.00012909535452322756
0.0005242053789731053
-0.001486552567237164
0.00036772616136919337
-0.001528117359413203
-0.0008185819070904643
-5.427872860635723e-05
0.0007506112469437657
0.003321271393643032
0.0005075794621026897
0.00039462102689486535
7.628361858190738e-05
0.0005462102689486552
-0.0032264058679706605
-0.00227921760391198
-0.0018621026894865532
-0.0038024449877750613
-6.356968215158957e-05
0.002546210268948655
-0.0009154034229828851
0.0005031784841075795
-0.00035892420537897326
0.0008875305623471883
-0.00015892420537897304
-0.001693398533007335
-0.00159559902200489
3.667481662591717e-05
0.001994132029339853
0.000823471882640587
0.0006454767726161368
-0.0005026894865525673
-0.001393154034229829
5.916870415647908e-05
-0.0017022004889975554
0.0013515892420537894
-0.0017320293398533008
-0.002824449877750612
0.0016982885085574573
0.0007701711491442547
0.001409290953545232
-0.0010889975550122252
-0.0013682151589242053
0.0010298288508557454
0.00037212713936430285
-0.00047041564792176015
0.002658679706601467
-0.00023080684596577067
-0.00017897310513447436
0.0018161369193154034
0.002379462102689486
0.003051833740831296
0.0012914425427872855
0.002158924205378973
-0.000313447432762836
0.0011476772616136922
-0.001994621026894866
0.0015525672371638141
-0.00027628361858190716
-0.0007559902200488996
-0.0009437652811735939
0.0013383863080684596
0.0001569682151589243
0.0017315403422982882
-0.001274327628361858
-0.00035256723716381395
0.0007784841075794626
0.003777995110024449
1.0268948655256543e-05
0.0010327628361858185
0.0022616136919315403
0.001529095354523227
0.0004621026894865526
-0.0002396088019559907
-0.0007481662591687041
0.00027286063569682134
-0.0016606356968215158
0.0015242053789731055
6.552567237163799e-05
-0.001578973105134474
0.0008611246943765277
0.0019902200488997558
-0.0008400977995110028
-0.0004019559902200491
-0.0004259168704156477
0.00200440097799511
0.0003760391198044006
0.0021608801955990222
-0.0025559902200489
-0.0017437652811735944
0.0008063569682151589
-0.0022156479217603914
-0.0007202933985330076
0.0008552567237163808
-0.0013114914425427873
0.0015633251833740828
-0.0005056234718826408
0.00013887530562347184
-0.000352078239608802
-0.00032713936430317877
0.0003628361858190706
0.001578973105134474
-0.00032322738386308063
-0.0007090464547677265
-0.002811246943765281
-0.0019168704156479217
-0.0010919315403422987
-0.001328606356968215
0.0020396088019559904
-0.00014767726161369222
0.0008753056234718824
0.0025452322738386307
0.0008850855745721274
0.001656723716381418
0.0005124694376528114
0.002258679706601467
-0.003195110024449878
-0.0020533007334963328
0.0006449877750611251
-0.0031863080684596573
-0.0012968215158924204
-0.0007520782396088019
5.1833740831295564e-05
3.7652811735941246e-05
-0.00010366748166259171
0.0006567237163814186
0.003147188264058679
0.0007863080684596576
-0.00015256723716381435
0.001486552567237164
0.00025183374083129537
0.0005916870415647918
0.00022738386308068445
-0.0015418092909535454
0.0014019559902200486
-0.003259168704156479
0.0018929095354523228
-0.0011599022004889976
0.00336039119804401
0.0016459657701711487
-0.002064058679706601
-0.0030782396088019563
-0.0014254278728606357
0.0008293398533007334
-0.0008850855745721268
0.00013496332518337387
0.002107090464547677
-0.0019457212713936429
0.0014669926650366747
0.0007339853300733494
-0.0010709046454767724
-0.00038484107579462125
0.0014078239608801952
9.43765281173594e-05
0.0003872860635696821
0.001803422982885085
0.0015985330073349632
-0.0017765281173594135
-0.002414669926650366
-0.001077261613691931
-0.00030953545232273834
0.00017555012224938836
0.0009579462102689488
0.0036845965770171147
0.00044645476772616117
-0.001484107579462103
0.0034621026894865524
-0.0013701711491442543
0.0007359413202933986
-0.0013643031784841078
0.0018572127139364302
-0.0009261613691931541
0.0021017114914425425
0.0028044009779951097
0.0030420537897310512
-0.0009154034229828851
0.00015501222493887528
0.001050366748166259
-0.0007755501222493888
0.0003339853300733495
0.0006533007334963327
-0.0021955990220048904
-0.0005295843520782395
-0.00035452322738386253
-0.004223471882640586
0.0003735941320293397
-0.0011457212713936427
