Momentum (UMD) after publication (Jegadeesh-Titman 1993) · sign-flip|0.003890249999999999
0.0008887500000000007
-0.00229875
-0.005000750000000002
-0.0010262500000000007
0.00386675
0.00030574999999999965
0.00178675
-0.0006097499999999989
-0.0012332500000000004
-4.4249999999999564e-05
-0.00045975000000000003
-0.0015537500000000004
-0.0005922500000000007
0.0017577499999999995
-0.00232325
0.00254525
-0.00564075
-0.00375375
-0.0017037500000000002
-0.0013232500000000002
0.0016522500000000007
0.0009347499999999997
0.0004642499999999994
0.0013647499999999999
-0.0011032499999999992
-0.00162825
0.0013397499999999996
0.0057827500000000006
0.0016522499999999999
0.0016577499999999995
-6.92499999999996e-05
-0.0028562500000000003
0.0003937500000000003
-0.0009187500000000004
-0.005666749999999999
-0.0009487499999999993
0.00416425
-0.0028122499999999996
-2.6250000000000716e-05
0.0031892500000000007
0.0015802500000000003
0.00374725
-0.00316025
0.0018527500000000004
-0.002267749999999999
-0.00386675
0.0007117499999999999
0.00124275
0.0016252500000000004
-0.0036977499999999996
0.0004622500000000006
0.00259675
-0.0012477500000000002
0.0005192500000000003
0.00021325000000000052
0.00643475
-0.00461675
-0.00036825
-0.0023767500000000004
-0.0013697499999999997
-0.0014637499999999998
-0.0015972500000000001
0.00058725
0.0028607499999999996
0.0006707500000000006
-0.00368475
0.00298875
-0.00096275
-0.002537250000000001
0.00044324999999999947
-0.00228475
-0.0043637500000000004
0.0021127499999999996
-0.0006597500000000001
-0.0005392499999999997
0.00026724999999999996
-0.00200875
-0.0007882500000000001
-0.0015532499999999997
-0.00788325
0.0023052499999999996
0.0006577500000000001
-0.00034875000000000016
0.00245275
0.0019032500000000002
-0.0014837500000000003
-0.00537325
0.004005749999999999
-0.0023197500000000006
-0.0019732499999999997
-0.00286575
-0.0018467500000000003
-0.00249025
0.0014862499999999997
0.004764750000000001
0.0013172499999999998
-0.0014577500000000005
0.00018224999999999977
-0.00281125
-0.00024424999999999995
-0.0011802499999999997
-0.00288125
0.00021925000000000015
0.00175925
-0.00046025000000000026
-0.00116975
0.00409875
0.0004862499999999989
0.0006027499999999994
-0.00022725000000000002
0.0007132500000000011
-0.0009307499999999994
-0.0005897499999999993
0.0014962499999999995
1.4749999999999764e-05
-0.0002172500000000002
0.0012392500000000001
0.0025607500000000005
0.0008147499999999994
0.0028507500000000004
-0.004874750000000001
-0.00091475
0.00035075000000000037
0.00266725
0.00504475
0.0027227499999999995
-0.0022457500000000004
-0.00017074999999999992
-0.0009142500000000003
-0.00120175
0.0009532500000000002
0.00327625
-0.0007517499999999994
0.00201625
0.0003502499999999997
-0.0016042499999999998
-0.0016177499999999994
0.00117775
-0.0017167499999999997
0.0006582500000000005
0.0014192499999999997
0.00010074999999999945
-0.0029687500000000005
-0.0021957500000000002
0.00100075
-0.0004147500000000005
0.00198475
-5.974999999999994e-05
-0.0014232500000000003
-0.00253825
-0.001056249999999999
4.224999999999979e-05
5.8750000000000466e-05
-0.0018807499999999994
-0.00063275
-0.003181750000000001
-0.0009782499999999997
0.0021012499999999994
-0.0020622500000000003
-0.00041574999999999945
-0.0024262499999999996
0.00317075
-0.00082125
-0.00208825
0.0009957500000000003
-0.0002622500000000008
0.0009077499999999993
0.0006947500000000004
-0.0038222499999999993
0.0032512499999999994
-0.0007262500000000001
-0.0032192500000000003
0.0021337500000000002
0.00397575
-0.0028717499999999997
0.00157925
-0.00294075
0.0031427499999999997
0.0029192500000000004
-0.0005622499999999999
0.00469375
0.00167025
0.0011092499999999993
-0.0028147500000000004
0.00706175
-0.0017727500000000007
-0.0017652500000000003
-0.0003707499999999994
-0.003154250000000001
0.0009042499999999998
-0.0015052499999999999
-0.00012524999999999982
-0.00147875
0.001226250000000001
0.0018857499999999998
0.0002997499999999996
0.00018874999999999933
-0.00272175
-8.525000000000005e-05
-0.0031292500000000005
-0.00241325
0.0022982499999999995
-0.004852749999999999
0.00383425
0.0003967500000000002
0.00160475
0.00371975
-0.0012357500000000005
0.00243175
0.0010342500000000007
-0.0014822500000000005
-0.00379775
-0.0014977499999999993
0.00233075
-0.00011975000000000027
-0.0019377500000000007
-0.00198175
2.324999999999994e-05
0.0035187500000000006
0.0007327499999999999
0.00410525
0.0010622500000000005
-0.0022872499999999994
0.0006822499999999999
0.0014997500000000002
-0.00298175
-0.00153125
-0.00163925
-0.00251425
0.0008847500000000006
0.0045327499999999995
-0.00109375
-0.00366425
0.0024972500000000003
-0.0005362500000000006
-8.925000000000016e-05
-0.0008537499999999999
0.0005502500000000001
5.824999999999955e-05
3.7499999999993093e-06
0.00012524999999999982
-0.00056425
0.0009247499999999998
0.0017972500000000005
0.0018427500000000002
-0.00027724999999999956
-0.0008737500000000002
9.52500000000002e-05
-0.0016687500000000007
-0.00276075
-0.00211475
-0.00010225000000000026
0.0015197500000000003
0.0037297500000000004
-0.00016024999999999996
-0.0019027500000000004
-6.724999999999925e-05
-0.00240225
0.00037824999999999995
-0.0003732499999999994
0.0018007499999999998
-0.0011167500000000006
-0.0009092500000000002
-0.0010807499999999995
0.0012217500000000002
-2.0250000000000546e-05
-0.0002662499999999996
0.00357725
-0.0019202500000000003
0.0012912499999999996
0.00282825
-8.374999999999987e-05
-0.00431025
-0.0019807499999999994
0.0002302499999999999
0.0012347500000000002
0.0008102499999999994
-0.0015542500000000003
-0.00013874999999999998
0.00706675
0.00369425
0.0005327499999999998
-0.0008102500000000001
-0.0051902499999999996
-0.00599325
5.975000000000013e-05
0.0010872500000000001
-0.0026802500000000003
-0.00017324999999999993
0.0015732500000000002
0.0014537500000000004
-0.00111725
-0.00047324999999999966
0.0036207500000000003
-3.174999999999956e-05
0.00207625
0.00020225000000000015
0.0018262500000000002
-0.00042124999999999997
-0.0026112499999999994
-0.0006802499999999998
0.0012967499999999993
-0.0014082499999999998
0.0036297499999999997
-0.00271225
0.0001227499999999998
5.7249999999999664e-05
-0.0019922499999999997
-0.0003882500000000005
0.0020867500000000005
0.003313749999999999
-0.00481325
0.0013542500000000002
0.00241975
-0.001127749999999999
-0.00487575
-0.0021092500000000004
-0.00106075
-0.0011622499999999997
1.1250000000000148e-05
0.0015322500000000006
-0.0011177499999999998
-0.0003347500000000003
0.00157075
0.0011242499999999996
1.7249999999999904e-05
-0.00014325000000000004
0.0013002500000000006
0.00118425
-0.00123825
0.00480225
-0.00156875
0.0014267499999999996
-0.0013107500000000005
0.00091225
-0.0026622500000000006
-0.00014025000000000094
0.00276425
0.00232875
-0.00036674999999999956
-0.0005847500000000003
-0.00075375
-0.00056375
-1.6750000000000516e-05
-0.005511749999999999
0.00356875
-0.0004437500000000004
0.006212249999999999
0.00014425000000000006
-0.0015192499999999998
-0.00018174999999999997
-0.0017892499999999998
-0.0025187499999999997
0.00310875
-0.00267675
0.0016177499999999998
-0.00252975
0.004225250000000001
-0.0005012499999999999
-0.0008682499999999996
-0.006257749999999999
0.00429775
-0.0014072500000000005
-0.0012782499999999999
-0.0038392500000000006
-0.0022697499999999996
0.0004522499999999996
0.003157749999999999
-0.00026225000000000033
-0.00121525
0.001789249999999999
-0.0011152500000000006
-0.0016892500000000004
-0.0041062500000000005
0.0008402500000000004
-0.00076775
0.0008552500000000002
-0.00295675
-0.0009992500000000004
0.0029637499999999994
-0.0018277500000000002
0.0012082500000000001
-3.974999999999992e-05
0.0004237500000000003
0.00032275000000000055
-0.0005197500000000004
-0.0007167499999999999
0.0007832500000000001
0.0019327499999999996
0.0032072500000000005
0.0008142499999999994
-0.00130525
0.002252249999999999
0.0018712499999999996
-0.0028197499999999998
0.0014137500000000003
0.00222575
-0.0015977500000000002
-0.000578749999999999
0.00062975
0.0005677499999999999
-0.0004737499999999999
0.0021152500000000004
0.0035292500000000003
0.0005157499999999999
0.0019907500000000008
-0.0004142500000000006
0.0016712500000000002
-0.0007417500000000004
-0.00013825000000000087
-0.0007872499999999996
-0.004270250000000001
0.00136975
-0.0008787500000000001
0.0028277499999999995
-0.0013167499999999998
0.00219225
-0.0009242499999999996
-5.124999999999977e-05
0.0033572499999999996
0.0003632499999999994
0.00299925
-0.0015262499999999998
-0.00220775
9.575000000000035e-05
0.0016322499999999998
0.001255750000000001
0.0009212500000000004
-0.0012602500000000005
-0.0017997499999999995
0.00044424999999999993
0.0006072499999999996
0.00255425
0.0006237500000000002
0.0005327499999999994
0.0013477499999999998
-0.0007022499999999993
0.0013642499999999991
-0.0011062499999999996
0.00207025
-0.00229025
0.0007097500000000005
0.00638525
-0.00161575
0.0010742500000000001
-0.0009797500000000004
0.0003122499999999996
-0.00413725
-0.0015762499999999995
-4.574999999999968e-05
0.0016502500000000002
0.0011962500000000005
0.0018347500000000004
-0.0028177500000000004
-0.0018817499999999997
-0.0016467499999999996
0.0023942499999999992
-0.0009362500000000002
-0.0003872500000000001
-0.0007872500000000001
-0.0029662499999999997
-0.0018367499999999992
-0.0033422499999999997
-0.0020462500000000003
0.00276675
0.0009047499999999997
0.00428325
-0.0034162499999999996
-0.0018957500000000003
0.0038752500000000002
-0.0027157499999999994
-0.0010252499999999997
0.0034177500000000006
0.00490625
0.00158175
0.0018922499999999992
2.4250000000000383e-05
-0.00234675
-0.0026537500000000003
0.003207249999999999
-0.0005017500000000001
-0.0014982500000000002
0.0010637500000000002
-0.0023107500000000007
0.00433025
0.0010732500000000006
4.624999999999966e-05
0.0013922500000000005
0.0010922499999999995
-0.00040225000000000037
0.00105825
-0.0003897500000000001
-0.0008647499999999993
0.0023062499999999997
-0.0002687500000000002
0.0026782499999999996
0.0016582499999999991
0.0033382499999999996
0.00011874999999999969
0.0012672499999999997
0.004046750000000001
0.0020387499999999993
0.0007707500000000001
0.0032362500000000004
0.00414475
-0.0012157499999999994
0.00307475
0.0035892500000000004
0.0025562499999999995
0.00046924999999999994
-0.0007377500000000004
-0.0006582499999999998
-0.0010057499999999997
-0.00454375
-0.0004667500000000004
-0.0008047500000000002
0.00225325
-0.0009952499999999994
0.00293725
2.5000000000011127e-07
0.0031477500000000004
0.00216425
-0.0023132500000000006
-0.0003092499999999996
-0.00264175
-0.00157925
0.00028574999999999987
0.0005752500000000002
-0.0012802500000000004
-0.0009517499999999996
-0.0004967500000000001
0.00157325
-0.00403375
0.00243725
-0.0055927500000000005
0.0007827499999999998
0.002491250000000001
-0.0008912500000000001
0.0028557499999999998
-0.0045267499999999995
0.0008057499999999998
0.0013982499999999998
0.0028307499999999995
-0.0022722500000000004
-0.0013452499999999999
0.00391925
0.00156825
0.0023642500000000005
0.0018827500000000005
-0.0014847499999999997
0.00011025000000000077
-0.0013507500000000004
-0.0031537500000000007
-0.00161575
0.00245475
-0.006259249999999999
-0.0006957499999999988
-0.0016322500000000005
-0.00435725
0.0004652500000000004
0.0009487499999999997
-0.0016152499999999997
-0.0038002499999999994
-0.00122725
0.00027974999999999945
0.0001797499999999988
0.00384675
-0.0009497500000000006
-0.0005887499999999999
0.00020375000000000032
-0.0002967500000000006
-0.0011902499999999997
-0.0015832499999999994
0.00046274999999999984
0.00112025
-0.0005897500000000003
0.00556725
0.0009772499999999998
0.00029975
-0.00183875
-0.00314575
0.00075575
-0.0007972499999999999
0.00375025
-0.0008802499999999996
0.0035192500000000002
0.00218825
0.0009017500000000001
0.00298775
-0.0010387499999999997
-0.0047262499999999995
-0.0036287500000000005
0.0026277500000000003
-0.00068525
0.0003092499999999998
-0.0014082499999999998
0.00218925
-0.00438375
0.0014562499999999999
-0.0008912500000000001
0.00447775
-0.00200475
-0.0008397499999999999
0.0023472499999999995
0.00266925
0.0023672500000000004
0.0019752499999999996
0.00250625
0.0017237500000000002
0.0026687499999999997
-0.0027602499999999997
0.0003282500000000006
-0.00079775
-0.00199725
0.0019322500000000008
0.003851249999999999
5.249999999999699e-06
0.0012522499999999995
-0.0009597499999999994
-0.0013532499999999996
-0.0009457500000000001
0.00180525
0.00401025
0.00320275
6.124999999999936e-05
0.0019512499999999999
0.0034807500000000003
-0.0018607499999999996
-0.00456975
-0.0027722499999999995
-0.0025732500000000005
0.0023067499999999998
-0.00278075
-0.0033157499999999997
0.0011647499999999998
0.0003832500000000004
-0.00340325
0.00300775
0.00118625
-0.0008937500000000001
0.00213975
-0.0016042499999999993
-0.0003247499999999996
0.0011512500000000004
-0.0014527499999999996
0.0004072499999999997
-0.0009297500000000003
0.00176625
0.0035602500000000005
0.00012125000000000066
-2.674999999999948e-05
0.0005277499999999999
-0.00180275
0.0017787500000000006
-0.0014652500000000002
-0.0007212500000000001
0.0018237499999999992
0.00035624999999999947
0.00424825
0.00091425
0.0012062499999999999
0.00101425
-0.00217525
0.0026757499999999993
0.00079125
0.0014412500000000007
0.0012527499999999995
-0.0062187499999999995
0.0022717499999999995
-0.003821750000000001
0.0024807499999999994
-0.0019002500000000005
0.00185775
-0.0010302500000000001
-0.00046974999999999995
-0.0025502500000000004
-0.001929250000000001
5.750000000000199e-06
-0.0005402500000000001
0.00047675000000000023
-0.0036082499999999995
0.00280575
0.00245825
0.00026175000000000016
0.00512375
0.0014297499999999998
-0.0003077500000000002
0.0023667499999999995
0.0007787500000000003
0.0006702500000000001
-0.0010602499999999998
0.0018867499999999998
-0.0007957499999999998
0.0026692499999999997
0.0003767499999999997
-0.00209175
-0.0019317499999999997
-0.00254525
0.00274725
0.0005862500000000001
0.0015052500000000003
-0.00221575
0.00101275
3.749999999999587e-06
0.00046924999999999983
0.0007807500000000006
-0.0012592500000000002
0.0007767500000000001
0.0035562499999999995
-0.0016927499999999996
-0.00173425
-0.0006587499999999997
-0.0031482499999999996
0.00037324999999999967
0.0028857500000000003
-0.0005687500000000005
0.0006737500000000001
0.00564575
0.00041025000000000035
-0.0021447500000000004
-0.0006707500000000002
0.0006042499999999996
0.0010067499999999998
0.0009612499999999996
-0.00101025
0.0023307500000000004
0.00384575
0.0011377499999999999
-0.0006827499999999992
-0.0006977500000000005
-0.00457225
0.00020125000000000026
0.00092525
-0.0034967499999999994
0.00050075
1.5250000000000125e-05
0.00046624999999999943
0.0002207499999999997
-0.0013247499999999995
0.00228375
-0.00021125000000000004
0.00143025
-0.00017175000000000024
0.0039327500000000005
0.00281175
0.0022892500000000005
-0.0036807500000000004
0.00394075
-0.0021382500000000004
0.00484375
-0.002115749999999999
-0.00238725
0.0006092500000000001
0.0010927499999999995
0.003970250000000001
-0.0014987499999999999
0.0029157500000000004
-0.00275775
0.0030042499999999995
-0.0015387500000000004
0.00134525
0.00042775000000000007
0.00195825
0.00135275
0.0003732499999999995
-0.0046872500000000004
0.0015812499999999995
0.0019667499999999993
0.002740249999999999
0.0015307500000000002
-0.0019182499999999996
0.00017725000000000073
-0.00200775
0.0010302499999999995
0.0038332500000000003
0.002643749999999999
0.0007867499999999998
-0.0020552500000000007
-0.00175275
0.00111375
-5.275000000000002e-05
-0.0018092499999999997
-0.0006347500000000003
-0.0017922500000000002
0.0015892499999999995
0.00217575
0.00068025
-0.0005982499999999996
0.0009547499999999994
0.00013224999999999988
-0.003925249999999999
-0.00276025
0.0005797500000000004
0.0038602499999999995
0.0017822499999999998
0.00384425
0.00379075
0.0013152499999999998
8.325000000000026e-05
-0.0022897499999999997
-0.0037287499999999994
0.00021024999999999988
0.0016302500000000004
-0.0013237499999999996
-0.0024857500000000005
-0.00169375
-0.0031877499999999996
0.00056675
0.0011947499999999992
-0.00198275
-0.0010217499999999999
-0.0013442500000000004
-0.0013477500000000004
0.0012987500000000006
0.003613249999999999
0.0006472500000000001
-0.0005362500000000004
-0.00209725
-0.00124375
0.00194525
-0.0003522500000000002
0.00119175
-0.0011997499999999999
-0.0005392499999999998
-0.0013512500000000002
-0.0047617499999999995
-0.00163525
0.0006467499999999999
0.0006872500000000007
0.0018042499999999994
0.00338225
0.0005662500000000001
0.0003552500000000006
-0.00386275
0.0014627500000000005
0.00140925
-0.0022637499999999993
0.0033687499999999998
-0.00045724999999999987
0.0024317500000000003
0.000720750000000001
0.0007487499999999997
-0.0009327499999999999
-0.0024007499999999997
0.0011942499999999998
0.00218525
-0.0042422499999999995
0.0020612499999999993
-0.0010402499999999997
-0.004879249999999999
0.00019874999999999963
-0.00064525
0.0015677499999999995
-0.00315075
0.0005227499999999992
-0.00039075
-0.00197625
-0.0019122500000000003
0.00128525
-0.00152125
-0.00396925
0.00406575
-0.0001462500000000014
-0.00433575
0.0016402499999999998
-0.00031175000000000007
0.00079375
0.00436775
-0.0025702499999999996
-0.0024262500000000005
0.0006892500000000004
0.0013822499999999996
0.0025032500000000003
-0.0003867499999999999
-0.00251475
0.00371525
-0.004443249999999999
-0.0009442499999999998
-0.00497825
0.0012102499999999997
0.00236025
-0.0005917499999999996
0.0009087499999999997
-0.00224975
0.0033782499999999993
-0.005813250000000001
0.0033372499999999995
-0.0007327499999999999
-0.00446075
0.005440750000000001
-0.0010362500000000005
0.0006202500000000006
-0.00434175
0.00043174999999999935
0.0028127499999999993
-0.0003727500000000003
0.00457925
-0.0029112499999999998
0.004345749999999999
0.00043074999999999955
0.0007337500000000005
0.0014382499999999999
0.0008707499999999996
-0.0002517499999999995
-0.00275725
0.00112375
2.3750000000000577e-05
-0.0004497500000000007
-0.0032857500000000005
-0.0033062500000000006
-0.0011457500000000012
0.003677250000000001
-0.0015752500000000003
0.00334475
0.00017075
0.0013547500000000005
-0.0010247499999999996
0.00294225
-0.00155525
-0.00054225
-0.0010262500000000003
5.825000000000052e-05
-0.00451125
-0.0006097499999999997
-0.0002607499999999996
-0.0016957500000000002
-0.0026242500000000003
-0.0024007499999999997
0.002824749999999999
-0.0016627499999999997
-0.0022447500000000002
0.0013797499999999997
0.0005032500000000003
-0.00440225
-0.0006392499999999998
-0.0008887499999999998
0.00250675
0.0022702499999999997
0.0009117500000000005
-0.00247025
-0.0033892500000000003
0.0015457499999999998
0.00426975
-0.00215975
-0.0011082499999999994
0.004482249999999999
-0.00341525
8.024999999999963e-05
0.00035375000000000006
-0.0033072499999999994
-0.0006497499999999997
0.0006022499999999999
-0.00131525
-0.0031602500000000007
-0.0008927500000000002
0.0037427500000000004
0.00167825
0.0030967499999999997
-0.0006637499999999991
0.00057575
0.0022462499999999995
0.0022022499999999998
0.00183375
0.0031527499999999997
-0.0019197499999999996
-0.00267625
-0.0012127499999999996
-0.00251225
-0.0016857500000000004
-0.00063775
-0.001142750000000001
-0.0012757499999999993
-0.0009857499999999999
0.0037832499999999997
-0.004187749999999999
0.0017907500000000005
-0.0023292500000000006
0.0014612499999999999
-0.0003487499999999998
-0.0033272499999999995
-0.0003947499999999998
-0.0011102499999999995
-0.0002707499999999996
-0.0035812500000000002
-0.0031222500000000005
0.00202875
-0.00457775
5.874999999999991e-05
-0.0028682499999999993
-0.0031147499999999995
0.0005177499999999995
-0.0004052499999999998
0.0012982500000000001
-0.0012977499999999996
0.0029902500000000003
-0.0021857500000000006
0.0016457499999999996
0.003251750000000001
0.0030362500000000003
0.0014797500000000002
-0.0005422500000000002
0.002188250000000001
-0.0028567499999999995
0.00194675
-0.0008972500000000007
-0.0032562500000000005
-0.00196225
-0.0002452499999999995
-0.0007097499999999992
0.00489825
0.0012427500000000004
0.00140225
-0.0020367499999999995
0.0005262499999999999
-0.00322075
-0.0029357500000000004
0.007914249999999998
-0.0007832499999999998
-0.00301625
0.0009737499999999998
0.0022442500000000006
-0.00022275000000000045
-0.0035247499999999997
-0.00141975
-8.250000000000202e-06
0.0006077499999999998
-0.00275575
-0.0026242500000000003
-0.00386725
0.0022972500000000002
0.0018282499999999996
-0.0007617500000000007
0.00046324999999999963
-0.0012192499999999994
0.00223425
0.0006957500000000005
0.0009352499999999996
-0.00264725
0.0006292499999999999
-0.0008382500000000003
-0.0018117500000000006
0.0032467500000000005
-0.0019957499999999997
0.00068525
0.0030327500000000003
-0.0003267500000000004
0.0008397499999999999
0.0005167499999999998
0.0025607500000000005
0.00229825
0.0005307499999999996
0.00031024999999999976
-0.0006712500000000001
-0.0058432499999999995
0.0013347499999999996
-0.0031627499999999998
0.00165925
-0.0021617500000000005
-0.002409750000000001
-0.00404225
0.0018147499999999997
-0.0005952499999999994
0.00024624999999999967
-0.00109225
2.9249999999999935e-05
-0.0030722500000000008
-0.004068250000000001
-0.0014597500000000001
0.0032992499999999992
0.0020167500000000003
0.00157275
-0.00528325
0.0028962499999999995
0.0008122499999999999
0.0037017499999999997
0.00027975000000000027
0.00047824999999999994
-0.0006992500000000004
0.00204325
0.0012602499999999997
-0.0005627500000000001
-0.00251275
0.00033375000000000017
-0.0005917499999999992
0.0013077499999999997
0.0015987499999999997
0.00023275000000000053
0.00022475000000000001
0.0002942500000000002
-0.004330250000000001
0.0004317500000000005
0.0004517499999999995
-0.00022775000000000017
-0.0002967499999999998
-0.0007307500000000004
-0.0008702499999999995
0.0038282499999999996
0.0008172499999999999
1.7749999999999988e-05
0.00014025000000000037
0.0021777500000000004
-0.0033562500000000007
0.00449725
-0.0017267500000000002
0.0020887500000000003
0.00486775
-0.004606250000000001
0.00235425
-0.0011262499999999999
-0.0015182500000000005
-0.0038157500000000006
-0.0012307500000000005
-0.00015274999999999984
-0.00010074999999999972
-0.0008652499999999995
0.0008332500000000001
-3.175000000000039e-05
-0.0002827499999999993
0.00019425000000000052
-0.0011282500000000003
0.0032897499999999997
-0.00038025000000000016
0.00016375
0.002478749999999999
-0.00393975
1.5250000000000056e-05
0.00122725
0.00127775
0.0021512500000000004
0.0009662499999999997
-0.0010552500000000004
0.00052475
-0.00226275
-0.00099325
0.0011887499999999997
-0.0013082499999999997
-0.0015152499999999999
0.0025787499999999994
-0.0008432500000000008
0.00384625
-0.0017832499999999995
0.00010175000000000072
-0.0021392500000000005
-0.0025022499999999993
0.00096225
0.0007212499999999997
0.0003372500000000006
1.2249999999999344e-05
-0.0014362500000000002
0.002342249999999999
0.00011625000000000079
0.00333125
0.0030092500000000006
-0.0026537500000000003
-0.0023422500000000006
0.00229525
0.0007402500000000003
-0.0007407499999999999
-0.0020327500000000007
-0.0029317500000000003
0.00629425
0.00672425
-0.0014762500000000006
-0.00020125000000000058
0.00185625
-0.0012792500000000007
0.0002617499999999998
-0.0008447499999999999
-0.00017874999999999974
-0.00337475
0.00010875000000000107
-0.0030082499999999996
0.0015617499999999998
0.0003792499999999999
-0.0016382500000000006
-0.00381925
0.00048274999999999956
0.0014797500000000002
-0.00258175
0.0013642500000000002
-0.0011772499999999997
0.0017767500000000003
-0.0010882499999999996
-7.425000000000015e-05
-0.0015197500000000005
-0.0007992499999999999
0.0010372499999999998
0.0042232500000000004
-0.0016442499999999992
-0.0008972499999999997
-0.0034907499999999995
0.00247575
0.0006187499999999996
0.0022327499999999995
0.00035625000000000034
0.0003927500000000003
0.0025922500000000004
0.004328749999999999
-0.00291075
-0.00015925000000000037
-0.00125025
0.00195725
0.0023012500000000003
0.00074075
0.0001987500000000006
-0.0023677500000000005
0.0029537499999999993
-0.0008052499999999999
-0.0014177499999999997
0.00150725
0.00183925
-0.0033312500000000013
-0.0001427499999999998
-0.0005827499999999995
-0.00021624999999999992
0.0002067499999999997
-0.00013975000000000014
-0.0021612499999999995
-0.00031225000000000003
-0.00196675
-0.00161875
0.001468250000000001
0.0022497500000000004
0.00293675
-0.00282775
-0.00151775
-0.0012167499999999997
0.0029262499999999996
-0.00037275000000000003
0.0043282500000000005
0.0008212499999999997
0.0014052499999999998
0.0008882500000000005
0.0010707499999999999
-0.0019227499999999995
0.0006192500000000009
-0.0018612499999999992
0.00140575
-0.00146175
-0.00299175
0.0026442500000000003
0.00015074999999999963
0.0007312499999999997
-0.0034257499999999995
0.003752250000000001
-0.00458925
-0.0002747500000000005
-0.00020024999999999988
0.0005232499999999998
0.0006702499999999992
0.00408775
-0.0003812499999999998
-0.0017002499999999997
0.0019542500000000003
0.0021397499999999993
0.0010132500000000005
-0.00544825
0.00600875
0.0055017500000000006
-0.00198275
0.00448125
-0.00145075
-0.0023442499999999995
-0.00133075
0.00039975000000000004
-0.00386625
6.82500000000004e-05
-0.0009632499999999999
-0.00158275
0.00227825
0.0012237500000000007
0.0003057500000000002
0.0008317500000000002
0.0008977499999999999
-0.0012017500000000006
6.275000000000017e-05
-0.0017357499999999992
-0.0009782499999999997
-0.00111125
0.00504775
0.00139025
0.0037057500000000003
0.0024602499999999998
0.00522375
0.002312750000000001
0.00298925
0.00294525
0.00024124999999999925
0.00145125
0.00013225000000000042
0.0015897499999999998
-0.0032247500000000006
-7.024999999999996e-05
-0.00502775
-0.0026837500000000004
0.0016922500000000002
0.00020875000000000033
-0.00191125
9.624999999999978e-05
-0.00324825
3.8750000000000034e-05
-0.00118375
0.0011572499999999999
0.00048124999999999953
-0.00353925
-0.00259775
-0.0016972500000000002
-0.004002250000000001
-0.0037807499999999994
0.00011074999999999939
-0.00264675
-0.003845249999999999
0.00018125000000000001
0.00104775
-0.0017007500000000002
0.00069225
0.00026274999999999975
0.00269175
-0.0005887500000000001
0.0018717499999999997
0.005815250000000001
-0.00193975
4.224999999999993e-05
-0.0015067500000000003
-0.0015017500000000003
0.00040225000000000026
-0.00418125
0.0008302500000000002
0.0019872499999999994
0.0027442499999999993
-0.0019937500000000003
-0.00408675
0.0012767499999999999
0.00014125
0.00195525
0.0021012499999999994
-0.00107875
-0.0019132500000000002
0.0021307499999999994
-0.0019117499999999998
0.0007327500000000002
-0.004800750000000001
-0.0014212499999999996
0.0007172500000000002
-0.0019412500000000003
0.0016027500000000002
0.00194675
0.0015127500000000002
-0.00118975
0.0025587500000000003
0.0009887499999999996
0.0042362499999999996
-0.00228275
0.0009497500000000003
-0.002919250000000001
2.9750000000000608e-05
-0.0037397499999999996
-0.00118125
-0.0027017500000000006
-0.00271675
0.0008937499999999998
-0.0027577500000000007
0.0008947499999999997
0.0006052499999999998
0.0018157499999999999
0.00109575
-0.004140250000000001
-0.0012762499999999998
-0.002178249999999999
0.00101175
-0.00456075
0.0012267499999999993
-0.0019442499999999998
-0.0013622500000000004
0.00545625
-0.0006627499999999998
-0.0009137499999999998
-0.0009712499999999998
0.0051632499999999994
0.0014917500000000002
-0.0032682500000000008
-0.00024374999999999993
-0.0035187499999999997
0.0009332499999999996
-0.00197475
-0.00060975
-0.002959750000000001
-0.0004307500000000006
0.0026142500000000003
-0.00011025000000000006
0.0004927499999999996
-0.0035202500000000004
0.0024202500000000005
-0.0012687500000000001
-0.003058749999999999
0.002533249999999999
-0.0032732499999999997
-0.0009312499999999999
-0.0008312500000000001
0.0019277499999999998
-0.0005452500000000002
-0.00285825
-0.004401249999999999
0.004240750000000001
-0.0017942500000000005
-0.00175425
-0.0016732500000000005
0.0005352499999999998
-0.0022602499999999997
-0.0004707500000000002
0.00352975
-0.0011787499999999995
-0.003371250000000001
-0.0033892500000000003
-0.00025374999999999996
0.0010942500000000008
-0.0020802500000000005
0.0014532500000000003
0.0004477499999999997
-0.00037325000000000005
-0.0012602499999999997
-0.00310375
0.0014932500000000002
0.0024477500000000003
0.00085125
-0.00034875000000000026
0.0034062499999999996
0.0007557499999999998
0.0010047500000000002
0.004510250000000001
0.00223375
0.00348175
0.00429075
0.0017477499999999995
0.00081125
0.0014192499999999997
0.0003342499999999998
-0.00120425
-0.0032077499999999997
0.0004092499999999999
0.00207575
-0.000411750000000001
0.0009827500000000001
-0.00280125
-0.0006442500000000001
-0.0024117499999999994
-0.0013602499999999997
0.0027237500000000005
0.0018707500000000002
-0.00140075
0.0023292499999999997
0.0021497499999999998
-0.00205075
0.00279875
0.0008167500000000002
0.00166025
0.00212125
0.00297375
0.0007737499999999995
0.00022475000000000023
0.0002702500000000002
0.0015872500000000006
0.00292275
0.0016767499999999999
-0.0014417500000000008
0.00535175
0.00310925
-0.0005222499999999997
-4.7500000000001705e-06
-0.0018672500000000002
0.0002687499999999996
0.0013887500000000002
-0.00238275
0.00025024999999999977
0.00032875000000000016
0.0009112499999999998
0.0003467500000000001
0.00086775
0.00698075
-0.00339075
0.00224075
-0.0001392499999999991
-0.0040817499999999994
0.00232975
-0.0026202500000000006
0.0008262499999999999
0.0014942499999999997
0.00027974999999999983
-0.0014277499999999998
-0.00033275000000000025
0.0008447499999999993
-0.0036977499999999996
-0.00234325
0.0020282499999999997
0.0001257499999999994
0.0030317499999999997
-0.0009712500000000004
-0.00403925
0.00024125000000000055
-0.0006797500000000001
-0.0023127499999999997
7.77499999999999e-05
0.00194575
0.0038682499999999997
0.0022517500000000003
0.00491375
0.00056825
-0.0002497500000000007
0.002739750000000001
0.0036647500000000005
0.00134475
-8.425000000000016e-05
2.275000000000027e-05
-0.0012327500000000006
0.00549525
0.0045267499999999995
0.00455625
0.0007037499999999996
0.00035075000000000064
0.00157825
0.00215825
-0.00097725
0.0015962499999999998
-0.00164725
0.0030657500000000003
0.0006612499999999993
-0.0032427500000000004
-0.0011817499999999996
0.00168675
-0.00298275
-0.0007062500000000002
0.0002887500000000005
0.00065825
-0.0008882500000000003
0.00462875
0.00070575
0.0010577499999999999
0.0007517499999999999
0.0038517499999999993
0.00330975
-0.0012807500000000004
-0.00297275
-3.874999999999934e-05
0.0004697499999999999
0.0005432500000000012
0.0030072500000000004
0.00016225000000000004
-0.0026047500000000003
-0.0011367500000000006
0.0011417500000000002
-0.0010107500000000006
-4.1250000000000454e-05
-0.0010497500000000003
0.00322775
-0.00528775
0.00238825
0.00219525
0.00395075
-0.0002717500000000001
-0.0023562500000000007
-0.0019182500000000003
0.0015542500000000003
-0.00594575
-0.0012512500000000002
0.0033017500000000004
0.00023324999999999957
-0.0014477499999999994
0.0011602500000000003
-0.00401825
0.0034512500000000003
0.0036912500000000005
-0.0009347500000000006
0.0011662500000000004
-0.0019522500000000004
0.0008157500000000001
0.0016477500000000001
-0.0012037500000000002
0.0016332500000000002
0.0019272500000000004
-0.0015472500000000007
-0.005109250000000001
0.0019297500000000007
-0.0009557499999999994
-0.0028527499999999994
-0.0012492500000000004
0.00043575000000000043
0.0021352499999999996
-0.0036927500000000003
0.00373375
-0.0006112499999999998
0.00461925
0.0009517499999999999
-0.00332325
-0.00174175
0.0008857499999999998
0.00195625
0.0019012500000000002
0.0011032499999999994
-0.0012457500000000003
0.0029327500000000005
0.0021892500000000002
0.0015952499999999997
0.0018402499999999986
-0.0027237500000000005
-0.0023897499999999995
-0.0012782499999999994
0.0005067500000000003
0.0053332499999999994
-0.0031007499999999998
3.275e-05
-0.0014292500000000008
0.0004347499999999998
0.0012317500000000004
-0.00190375
-0.0004822500000000005
-0.0022317500000000002
0.0022147499999999997
0.0022302500000000005
-0.00499425
0.0005417499999999997
0.0028252499999999996
0.00381425
-0.0006037499999999995
0.0015957500000000002
0.0003702499999999998
-0.0004127499999999999
0.00565025
0.0005822500000000001
0.00034425000000000026
0.0022292499999999995
-0.0013847499999999997
-0.0014397500000000003
-0.00276875
-0.003949750000000001
-0.0022142499999999996
0.0033362500000000007
-0.0007822499999999999
-0.0017167500000000002
-0.0027037499999999996
0.0015517500000000006
-0.00473675
-0.0022902499999999993
-0.0011597500000000004
-0.0012137500000000002
-0.0031632500000000007
0.0019242500000000002
-0.0005952500000000001
0.00356125
0.0056352500000000005
-0.0003992499999999996
0.0035682500000000002
0.00487925
1.674999999999982e-05
0.00198025
0.00319825
-0.0003572499999999992
-0.00600525
0.00365525
0.0016627499999999997
-0.0005237499999999998
-0.00205625
-0.0029937500000000008
-0.0005157499999999998
0.0019252499999999994
-0.0005732499999999999
-0.0029387499999999995
0.0013047500000000001
0.0018152499999999994
-0.006366750000000001
0.00054175
0.00274025
-0.0029152500000000003
0.0031547500000000004
0.0020342499999999996
-0.0031162500000000005
0.0031502500000000007
0.0004192499999999999
-0.0015337500000000002
-0.00200325
0.00201075
-0.0027497500000000005
0.0013507500000000006
4.175000000000005e-05
0.0011892499999999996
0.004500750000000001
0.00586525
-0.0035037500000000012
0.0029482499999999995
-0.00465225
-0.00293875
-0.00012425000000000074
0.003474750000000001
0.0021762500000000002
-0.00064425
0.00286775
0.00487325
-0.0036407500000000003
0.0017627499999999998
-0.00014475000000000016
-0.0005722500000000003
-0.0002652500000000005
0.0015487499999999998
0.0031747500000000005
-0.00028475000000000055
0.0009522500000000001
-0.00118125
-0.0015472499999999994
-0.0002482500000000001
-0.0007457499999999999
0.00044624999999999944
-0.0007667500000000005
-0.00331575
0.0005912499999999993
-0.00235725
-0.00162525
0.0035952499999999995
-0.00277375
-0.0008487499999999992
0.00175125
0.0004207500000000007
-0.005714749999999999
-0.004355750000000001
0.00010125000000000044
-0.0008982500000000003
-0.004212250000000001
0.0035477500000000006
0.0020627500000000003
-0.00477925
3.275e-05
0.0007482499999999993
0.0041452500000000005
-0.0034902500000000003
0.0004067500000000003
0.0012302500000000004
-0.0038162499999999998
-0.00083225
0.0011392500000000003
-0.00106475
-0.00173425
-0.0009077500000000002
0.0005207499999999999
-0.0012712499999999994
-0.00137675
-0.0012252500000000004
-0.00408925
-0.00105575
-0.0020467500000000004
-0.00052875
0.0019517500000000004
0.0031187499999999996
0.00241375
-0.0005492500000000003
-0.0013782500000000004
-0.00349275
-0.00227625
0.0025012500000000004
-0.0007827499999999997
0.0030372499999999996
-0.00013125000000000053
0.00356525
0.0004212499999999991
0.0038587499999999998
8.574999999999971e-05
0.0018312500000000004
0.0036757499999999998
-0.00199325
2.249999999999648e-06
-0.0021767500000000003
-0.0013122499999999998
-0.0009867499999999993
-0.0009952500000000005
0.0007152499999999992
0.0034197500000000005
0.0024462499999999996
0.0033062500000000006
0.0024077500000000006
-0.00166925
-0.0007292499999999999
-0.00321875
0.0011612499999999997
0.0048562499999999995
0.0018082499999999993
-0.00030875000000000027
0.0028042500000000003
-0.0011007500000000002
-0.00104675
0.0012187500000000002
-0.00420775
0.00020074999999999995
0.0014237500000000003
0.005244249999999999
-0.0024742500000000008
-0.007831250000000001
-0.00242325
-0.006564749999999999
0.0014967499999999994
-3.2499999999999198e-06
0.00014825000000000032
-0.00384425
0.00010525000000000013
-0.00022375000000000013
0.0013807499999999992
0.0009107499999999997
-0.0011257499999999998
-0.0013657500000000006
-0.00457275
0.00461625
-0.00101325
-0.00273175
-0.0025887500000000003
-0.00440025
0.0020927499999999996
5.2249999999998966e-05
-0.0013647500000000007
0.00062925
3.0749999999999114e-05
0.0007982499999999998
0.0010542499999999998
-0.0024677500000000003
-0.0001902500000000004
0.0039112500000000015
-0.00014225000000000042
0.0015797499999999998
-0.0026532500000000002
0.00106775
-0.0010052499999999999
0.0028502500000000004
0.00204875
0.0017882500000000001
-0.0023967499999999996
-0.00011025000000000062
-2.5000000000025e-07
0.0005812500000000004
-0.00010824999999999973
-0.0015307500000000002
0.00213275
0.00537825
0.0010547500000000001
-0.00241675
-0.0027807500000000002
0.0015892500000000006
-0.0012962499999999994
0.0030467500000000004
0.00252525
-0.0007352499999999999
-0.0002517499999999999
-0.00251075
-0.0007747499999999991
0.002916250000000001
-0.0011122499999999997
-0.00166075
0.00238925
0.0009537500000000007
-0.0011642500000000004
0.0019352499999999995
-0.0005847499999999999
0.0048797499999999995
-0.00022424999999999973
-0.00410975
0.0005057499999999998
-0.0028477500000000005
-0.00043724999999999943
-0.0015772499999999992
0.0009612500000000006
0.001373749999999999
-0.00397225
0.00423075
-0.0006692500000000001
-0.00252225
0.0007342500000000007
0.0017197500000000001
0.00052775
-0.00662525
0.002889750000000001
-0.0005427499999999999
0.00143825
-0.00085175
-0.00295825
0.0006267500000000001
-0.004281749999999998
0.0007012499999999994
0.0033867499999999996
0.0027802499999999997
0.0009697499999999995
0.005240249999999999
-0.0035982499999999995
-0.0007987500000000003
-3.2500000000000582e-06
-0.00046025000000000026
0.0015412499999999997
0.00031125
-0.00231025
-0.0010592499999999999
-8.750000000000494e-06
0.00395475
0.00422975
0.00030225
-0.0014097500000000002
-0.00082925
0.002960250000000001
0.00427075
-0.0018102500000000004
-0.00129225
0.0010992499999999997
0.0038797499999999995
-0.00213775
-0.00415725
0.0019777499999999995
0.0018312500000000002
0.0007592500000000002
0.0014232499999999996
-0.0017087500000000006
0.00348025
-0.00124175
-0.00279375
0.00399175
0.0002927500000000001
0.0030052500000000005
0.00485575
-0.0005457500000000002
0.0005832500000000003
-0.0007387499999999994
0.0007362499999999999
0.00307525
0.00442575
-8.024999999999935e-05
0.0019312499999999998
0.00174325
0.0012092499999999996
-0.004015250000000001
-0.0010892500000000006
-7.574999999999985e-05
-0.0011287500000000004
-0.00133075
-0.0019862499999999993
0.0012887500000000002
0.0006187500000000006
-0.0008212499999999995
-0.0028912500000000006
0.0008547500000000008
-0.00223975
-0.0027037500000000004
-0.0010332500000000003
-0.0034197500000000005
-0.00203025
0.0010727499999999995
0.00657125
-0.00451975
-0.00351425
0.0003182499999999999
0.0008887500000000001
-0.0013912500000000006
0.0022282499999999993
0.0013602500000000001
0.0002707499999999999
0.0018967500000000004
0.0003507500000000008
0.0027437499999999997
-0.0013772500000000002
-0.0031467500000000002
-0.0014097499999999995
0.0014292499999999997
0.0011122499999999997
-0.00209575
0.0005092500000000004
0.00030574999999999965
0.0026087499999999995
-0.0012882499999999988
-0.00090975
-0.00099525
-0.0026942500000000005
0.0046482500000000005
0.0006677500000000004
0.0013947500000000008
-0.004521250000000001
0.0012652500000000003
0.00017275000000000027
0.0014972499999999997
0.00461425
0.0027257499999999994
-0.003154250000000001
-0.00044824999999999943
0.00100825
-0.0014332499999999996
-0.007003250000000001
-0.004268749999999999
-0.0012692500000000006
-0.0008432500000000001
-0.00051925
-0.00214125
-0.00017675000000000053
-2.924999999999983e-05
-0.0018047500000000001
0.0033322499999999993
-0.00085175
0.0059647499999999996
0.00152325
0.0017427499999999995
0.00038324999999999996
0.0030557499999999994
-0.0015267500000000005
0.0009377500000000002
0.0007867500000000002
-0.0036157500000000005
-0.00305625
-0.00134375
-0.0010857500000000001
-0.00273875
0.0012972499999999991
-0.0008032499999999999
-0.0008102500000000001
-0.0043792499999999995
0.00138475
-0.0015092499999999997
-0.0002622499999999997
-0.0006177500000000004
-0.0016382500000000006
-0.00545875
-0.0010447499999999999
0.0030727500000000004
0.0007922500000000002
-0.00162325
-0.0024122500000000003
-0.0006452499999999997
0.00202825
-0.00244775
0.0008702499999999996
-0.005549750000000001
0.00209475
-0.0006542500000000002
-0.00339075
0.0009852499999999996
0.00022425000000000027
0.0012177499999999996
0.00028625000000000026
0.0026107499999999994
0.0034787500000000005
-0.00208875
-0.00030975
0.0012032499999999997
-0.0012232499999999995
0.0028702499999999995
0.002612249999999999
-0.0006717500000000004
-0.0019742500000000003
-0.00010175000000000032
-0.00046724999999999973
0.0030882500000000003
-0.0021887500000000006
0.00078275
-0.0006177499999999999
-0.0008142499999999997
0.00174025
0.0017477499999999995
-0.00339125
0.0006912499999999999
0.0023777499999999997
0.0012842500000000007
0.00140375
0.00257775
0.00013275000000000038
0.00101925
-0.00183475
0.00513775
-0.0013077499999999997
0.00168225
-0.0004347499999999996
-0.0008157499999999999
-3.249999999999087e-06
0.0017302500000000005
0.0007407499999999998
-0.0008557499999999994
-0.0009727500000000001
-0.0011542499999999995
-0.00020624999999999984
0.0011737499999999999
0.00284825
-0.005874749999999999
-0.00416325
0.0010337499999999997
0.0025302500000000004
-0.00376225
-0.0015417500000000002
-0.00316925
-0.00365375
2.6750000000000003e-05
-0.00109875
-0.0019787499999999996
0.00041875000000000023
0.004670250000000001
0.00552075
-0.0014687499999999996
-0.0020787500000000003
0.0016247500000000003
0.00060625
0.0033387499999999997
0.0027602499999999997
-0.0013227500000000004
-0.0024592500000000005
0.0026997500000000003
-0.00110175
-0.00246525
-4.225000000000021e-05
-0.0008162500000000001
-0.0018832500000000002
-0.00374175
-0.0022002499999999995
0.00417675
0.0018987500000000003
-0.0019477500000000003
0.0006892500000000008
-0.0006107499999999997
0.0009507500000000005
-0.00202125
-0.00046875000000000015
-0.0009577499999999997
0.00110075
0.0009667500000000002
-0.0011732500000000002
-0.00019025000000000004
0.00033725000000000004
-0.0038747499999999997
-0.00267525
0.00241325
0.0002547499999999997
0.00011124999999999997
0.0003707500000000002
0.0022507499999999997
0.0026542499999999995
-0.0019972500000000003
0.0017887500000000004
0.00328925
0.0021192499999999996
-0.00092275
-0.00092025
0.0014437499999999997
0.0013442499999999995
0.00039674999999999975
-0.0036697499999999994
-0.0011217500000000004
0.0008667499999999995
-0.00346825
0.00321225
-0.0008237499999999997
-0.005139749999999999
0.004761750000000001
-0.00333225
0.0037212500000000006
-0.00035925
-0.0006717499999999998
0.004541750000000001
-0.0015977500000000002
-4.575000000000024e-05
-0.0017107499999999998
0.0016427500000000005
-4.475000000000014e-05
-0.0014407499999999998
-0.0011282500000000006
0.0010207500000000002
0.003298249999999999
0.0005357499999999997
0.0005662499999999998
0.002337250000000001
-0.003827250000000001
0.0013597499999999996
-0.0032887500000000004
0.0009332499999999996
-0.00135875
0.0002497500000000003
-0.001181249999999999
0.0014397499999999996
0.00384675
0.0008232499999999998
-0.0016602499999999998
-0.0016372499999999998
0.00035124999999999935
0.0014317499999999999
0.0001247500000000007
0.00023375000000000007
0.00140775
0.00170675
-0.0010287499999999997
-8.025000000000004e-05
-0.0010682500000000002
-0.0020782500000000002
-0.00422825
-0.0007862500000000001
0.00014375000000000027
0.001483750000000001
0.0015262499999999996
0.00045224999999999985
0.0019857499999999997
0.00017074999999999992
-0.0028267500000000003
-0.0016347500000000004
-0.00029575000000000006
-0.0001262499999999997
0.00234325
-0.0009332500000000002
0.0010447500000000003
0.0006122499999999998
-0.0024082500000000002
-0.0049457500000000005
0.0033487499999999997
0.0034807500000000003
-0.0005567500000000001
-0.00338225
-0.0010262499999999996
0.00306325
0.0016622500000000007
-0.00198375
0.0004307499999999998
0.0030557499999999994
0.0010752500000000005
-0.0018927499999999995
0.00276475
-0.00032275000000000034
-0.0007412499999999998
-0.0028007499999999994
-0.0001667500000000001
0.00054175
0.00174925
0.0019462500000000003
0.0009037499999999998
-0.0003442499999999997
-0.0015537499999999998
0.0025982500000000003
-0.00044775
-0.0003842499999999997
-0.00035324999999999994
0.0012527499999999997
0.0019072499999999992
0.00096525
0.0003582499999999994
-0.0022792500000000005
-0.0003907499999999998
-0.00349175
-0.0019992499999999993
0.0034877499999999995
-0.0033557500000000007
0.0019972500000000003
-0.0022087499999999998
-0.00403525
0.00195275
0.0012457500000000005
0.0017722500000000004
0.0007367499999999999
-0.0011447499999999993
-0.00420725
0.0019777500000000003
-0.00019624999999999984
-0.0015102499999999999
-8.025000000000004e-05
-0.0015747500000000004
-0.00245175
0.0014962499999999995
-0.002528250000000001
0.0016427499999999995
0.0015137500000000003
-0.00243275
-0.0032137499999999996
0.00350325
-0.0009677499999999999
-0.0005002500000000004
0.0001132500000000003
-0.0007227499999999997
0.0037342499999999997
0.00106025
0.0016502499999999992
-0.001965749999999999
0.0021962500000000003
0.0014637500000000004
0.00250125
0.0008082499999999996
1.8750000000000293e-05
-0.0001612500000000002
0.00110925
0.0022587500000000003
0.00174375
0.0011762500000000002
-7.375000000000027e-05
-0.0016962499999999996
0.00023025000000000107
0.0012052499999999993
-0.0033737500000000004
0.002296250000000001
-0.00338775
-0.00220575
0.0021762500000000002
-0.00367275
-8.174999999999967e-05
-0.0007397500000000004
0.0006002500000000001
-0.0031142500000000003
0.0014427500000000005
-0.0011247499999999999
-0.0019922499999999992
0.0023852500000000002
0.0006857499999999997
0.0011897500000000005
0.001535249999999999
-0.0007807499999999998
-0.0014652499999999995
0.0015542499999999999
0.0038387499999999997
-0.0028862500000000004
-0.0011387499999999996
-0.004752750000000001
-0.0012667500000000003
-0.0009902499999999998
0.00199575
-0.0014647499999999997
5.825000000000052e-05
0.00014074999999999963
0.0007837499999999998
-0.00096475
-0.00010675000000000018
-0.0011567500000000002
-0.0029347499999999994
0.0010317499999999997
-1.2249999999999691e-05
0.00602575
0.0012972500000000004
0.002883749999999999
0.0006607500000000002
-0.00040425000000000004
0.0025387499999999998
-0.0017922500000000002
-0.0009552499999999999
-0.0005362500000000003
-0.0013852500000000002
-0.0035542500000000006
0.0013837500000000002
-0.00022625000000000035
-0.0016987500000000006
-0.00151875
0.0015202500000000001
-0.0005327499999999999
-0.00483975
0.0037417500000000003
-9.575000000000055e-05
0.0015172500000000004
-0.0021632500000000002
-0.00025075000000000043
-0.0011957500000000004
0.0036652500000000005
-0.00307975
0.0004557499999999995
-0.0011792500000000002
-0.0031132499999999997
0.0034672499999999994
0.0001042499999999999
0.0012022500000000002
0.0008767499999999995
-0.00014325000000000004
-0.00495825
4.750000000000448e-06
0.0018757499999999998
-0.00016225000000000018
0.0006892500000000004
-0.00336325
0.00162725
-0.0012492500000000004
-0.0038737500000000005
-0.0004197500000000004
0.0035322499999999994
0.0012237500000000004
-0.00070975
0.005050249999999999
-0.0007372500000000004
-0.003768750000000001
-0.0007832500000000001
0.0005777499999999999
0.00200175
0.0024717500000000004
-0.0014182499999999998
0.00180875
0.0001242500000000002
0.0017847499999999999
0.005976749999999999
0.0030717500000000003
-0.0003252499999999993
-0.00046974999999999946
0.00203375
0.0011077500000000004
0.0005682499999999997
-0.0012527499999999997
0.0010997499999999996
-0.0009132500000000002
-0.0035382499999999993
-0.00322475
0.0029187499999999995
0.00207675
0.0031502500000000007
0.00018224999999999963
0.0007077500000000004
0.00173675
-0.00238825
-0.0010547500000000003
0.00663025
0.0008652500000000005
-0.00343975
-0.00048575000000000023
-0.0002712499999999997
0.00227875
0.0029512500000000003
-0.00491875
-0.0002787500000000009
-0.00064225
-0.0022397500000000004
0.00019025
0.00215025
0.00227575
0.0018017499999999997
0.00250925
0.00034575000000000084
-0.003860250000000001
4.325000000000079e-05
0.00113875
0.0013467499999999996
0.003027750000000001
-0.00117475
0.00288975
-0.00195275
0.0019222499999999997
0.00385475
-0.0035567499999999996
4.8249999999999547e-05
0.002462750000000001
-0.0020247499999999996
0.0008552499999999995
-0.0008107500000000003
0.0004297500000000001
0.00453725
0.0018107499999999992
-0.003754749999999999
-0.0042882499999999995
0.0026722500000000006
-0.0010382500000000001
0.0018747500000000001
0.0015457500000000002
-0.00428275
0.00159175
0.002688250000000001
-0.0025417500000000006
0.0011292499999999996
-0.0018987500000000003
-0.0003617499999999999
0.002675750000000001
-0.0029207499999999997
0.0011937500000000001
-0.00010075000000000001
-0.0021422499999999996
-0.0006902500000000004
0.00256975
-0.0014562500000000003
-0.0007797500000000002
-0.0003057500000000002
0.0025752499999999994
-0.004794750000000001
0.0008117500000000003
0.0013507500000000004
0.00030625000000000015
0.00096275
0.00032725000000000007
0.0033917500000000002
-0.0014477499999999998
0.0022397500000000004
0.0009997499999999998
-0.0001237499999999994
0.0029657500000000005
-0.0023212500000000004
-0.0022462499999999995
-0.0008037499999999999
-0.003857250000000001
-0.005149250000000001
-0.0034482500000000004
0.0019967499999999994
-0.0008592499999999994
0.0010792500000000008
-0.0016587500000000003
-0.0023832499999999995
0.0022242500000000005
0.0006697500000000006
0.0005237499999999999
-0.00087675
-0.0022032500000000003
0.0011322500000000004
0.0039002499999999996
6.475000000000008e-05
-0.00302925
0.0010722499999999994
0.0018737500000000002
0.0017882500000000008
-0.00121925
-0.0037767499999999997
-0.0016487500000000003
-0.0028117499999999996
2.5249999999999855e-05
0.00611375
0.0011507500000000007
0.0010832500000000002
0.00475925
-0.0010202500000000003
0.0019512499999999994
-0.00199325
-0.0019192499999999993
-0.00339075
-0.00258025
0.0018537500000000001
-0.00415275
0.0021497499999999993
-0.00028474999999999974
-0.0035127500000000002
0.00406775
0.0022242499999999997
0.0023667499999999995
0.0024702500000000007
0.0006907500000000005
0.002014750000000001
0.0023072500000000003
0.00185575
0.00093025
-0.0046682500000000005
-0.0017512500000000002
-0.0003972499999999998
0.0022022499999999993
0.0004557499999999996
0.00308975
0.00485325
0.0008437500000000003
0.00258675
-0.00376775
0.0010602500000000004
-0.0011512499999999993
-0.0019492499999999996
-0.0016662500000000002
-0.0034202499999999997
0.002275749999999999
-0.0011957500000000002
-0.0019562500000000005
0.0007617500000000001
0.0019557500000000005
0.0035822500000000004
0.0015912500000000002
-0.0054262500000000005
-0.0009492500000000003
0.0032882500000000004
-0.0010297499999999996
-0.0012712499999999998
0.00410425
0.00035124999999999995
0.00185125
0.0029937500000000008
0.0014797500000000002
-0.00129875
-0.00011375000000000003
-0.0014477499999999998
-0.0024837500000000007
0.00048725000000000076
0.0010447500000000003
-0.00820225
0.0025007500000000004
-0.003746249999999999
-0.0008897499999999992
0.00137775
0.00262825
0.0006192500000000007
6.824999999999956e-05
-0.0036752499999999997
0.0015187500000000004
-0.003660749999999999
-0.00244775
0.0022202499999999996
0.0013372500000000003
0.0032767499999999993
-0.0007282499999999992
0.0014487499999999997
-0.0012092500000000007
0.0008282500000000005
-0.00130925
-0.00225375
-0.0008252500000000007
-0.0027787500000000004
-0.00147525
0.0034732499999999998
-0.00297325
-0.0010007499999999997
-0.0004512499999999997
-0.0007857500000000004
-0.0008237500000000003
-0.0008832499999999999
0.0013762499999999999
0.00015374999999999948
0.0012417500000000004
0.00208075
0.0009237499999999995
0.0043567499999999995
-0.0052327499999999996
-0.002936250000000001
0.0010022499999999999
0.00552175
0.00015875000000000028
-0.0029037500000000005
-0.00257625
-0.00392925
-0.0021527499999999997
1.925000000000017e-05
-0.0016907499999999998
-0.0033337500000000003
0.0023497500000000003
-0.0008187499999999992
-0.00010924999999999977
-0.0013262500000000008
0.0031372500000000003
-7.474999999999968e-05
0.0014222500000000006
0.0020572500000000005
-0.0002632500000000004
-0.0023882499999999997
0.002848250000000001
0.0014157500000000006
0.0038537500000000004
-0.0002772499999999992
0.0028642500000000005
-0.0002047499999999998
0.00019474999999999994
0.00026274999999999964
0.0009897499999999993
0.0004782499999999998
0.0028787500000000007
0.0007002500000000004
-0.0033102500000000003
-0.0015427499999999999
-0.00114975
-0.00079475
-0.00287875
0.00203675
0.0008777499999999997
-0.0027082499999999997
-0.00336375
-7.374999999999979e-05
-0.0015072500000000003
0.0036087500000000004
0.00022975000000000003
0.0018102500000000002
-0.00447775
0.00010725000000000013
0.0022762500000000005
-0.0006607499999999997
-0.00229125
0.0005517499999999997
-0.00039425
-0.00021424999999999987
-0.0018202499999999994
0.0012457500000000001
-0.00133125
0.0011307500000000002
-0.0015347500000000003
-0.0012292499999999999
-0.00123925
0.0018127500000000001
0.0027527499999999996
-0.00016624999999999973
0.004529249999999999
-0.0006242499999999995
0.0003217499999999999
0.0010602500000000004
-0.0011872500000000008
0.0007032499999999997
-0.0022212500000000006
0.004507249999999999
0.0023182499999999996
-0.003308750000000001
-0.0005942499999999999
-0.00176175
-0.004205749999999999
0.0012777500000000005
-0.00081675
0.00317075
-9.475000000000026e-05
4.750000000000032e-06
0.0029522499999999996
0.00022675000000000014
-0.00238725
-0.0021627499999999997
0.004424249999999999
0.0015817499999999998
-0.00198475
-0.0009892500000000003
-0.0005567500000000006
-0.00028224999999999946
0.0005242499999999995
-0.0024502499999999993
-0.0019047499999999993
-0.00161075
0.0003392500000000001
-0.00132225
0.0004937499999999996
0.0028607499999999996
-0.00166625
-0.0005932499999999999
-0.0009462499999999996
-0.00493325
-0.0023752500000000006
0.00521575
0.0008732500000000001
0.00302825
-0.00414575
-0.004013749999999999
-0.0035157499999999998
-0.00446975
-0.0005162499999999999
-0.003705250000000001
0.00043824999999999984
0.00514575
6.624999999999992e-05
0.002159250000000001
0.0007532499999999996
-0.0008287499999999997
0.00265975
-0.00288725
-0.00176425
0.0004907500000000002
0.0009427500000000001
0.006470750000000001
-0.0015182499999999999
-0.0023707500000000005
-0.00596425
-0.003950250000000001
0.00241425
-0.0007032500000000003
0.0037922500000000013
-0.0015377500000000003
-0.0009132499999999999
0.0017012500000000003
-0.00429975
0.0039752500000000005
0.0034367500000000006
0.0006617500000000007
0.0004092500000000002
-0.0045882499999999994
0.00155425
-0.0007337500000000002
-0.0049622500000000005
-0.0027617500000000007
0.0011877499999999996
0.0003207500000000005
-0.00264525
-0.0010557500000000005
0.00217325
-0.00577325
-0.0001287500000000004
0.0009522500000000006
-7.075000000000026e-05
-0.00096975
-0.0033997500000000004
0.003921750000000001
0.00099325
0.00013825000000000032
0.0035062500000000007
-0.00010224999999999971
-0.0007957500000000002
-0.0007632500000000005
0.0009372499999999997
-0.00443375
-4.875000000000025e-05
0.0005247500000000003
-0.0029902499999999994
-0.0002577499999999998
-0.00361625
-0.0003137500000000001
0.0030282500000000006
0.0006177499999999996
-0.00113925
-8.024999999999963e-05
-0.0013057500000000005
0.0020917500000000003
-0.0036392499999999993
0.00285575
-0.0014142500000000001
-0.00416725
-0.00397625
-0.00025775000000000006
0.0007317499999999998
0.0011462500000000001
0.00032725000000000034
0.0036102499999999997
-0.0011307499999999998
0.0010087500000000005
-0.00275975
-0.00443875
-0.0008382500000000002
0.00016874999999999974
-0.00262325
0.0018622499999999998
-0.00355725
0.0020352500000000006
-0.00103775
0.00552175
0.0028762500000000003
-0.002741249999999999
-0.00213525
0.0006917500000000001
0.00105775
0.00438025
-0.0012092500000000003
0.0018472500000000004
0.00011424999999999984
-0.0014717499999999998
0.00214425
-0.0011917499999999997
-0.0010692499999999995
-0.0025887500000000003
0.00116625
-0.00258625
-0.00041874999999999996
-0.0012212500000000003
-0.0004027500000000006
-0.00046625000000000014
0.0032762499999999996
0.0012947500000000005
-0.00011375000000000052
0.0003392499999999998
-0.0011812499999999998
0.00173825
-0.00611125
0.004266750000000001
0.0010377500000000003
0.0037422500000000004
6.725000000000009e-05
-0.0006307500000000002
-0.0003412500000000002
-0.0006047499999999997
-0.0017272499999999996
0.00174575
-0.0026462499999999993
-0.00021175000000000005
0.0004452500000000004
0.0003822499999999994
-0.00380125
0.00012724999999999987
0.0005222499999999998
-0.00302875
-0.00023574999999999985
0.00014524999999999955
-0.00195875
0.0009427499999999995
-0.0043437499999999995
0.0011422500000000003
0.0008092500000000003
0.0003677500000000001
0.0009517500000000002
0.0032582500000000003
0.0023627499999999994
0.00367775
-0.0014032499999999998
-0.0027717499999999995
-0.0002957500000000006
0.0007727499999999998
0.0017987499999999998
-0.0036557499999999997
0.00018275000000000035
-0.0010382499999999997
0.00438475
0.0007477499999999995
0.0019292499999999995
8.175000000000043e-05
-0.00044925000000000016
-0.0015997499999999998
-0.00023674999999999987
-0.0010422499999999998
-0.0017612499999999991
0.0025332500000000003
0.00607825
-0.00218925
-0.003784249999999999
-0.0016302500000000006
-0.0014227500000000002
-0.0007547499999999993
0.00045925000000000035
-0.0029717500000000004
0.00020925
0.00219975
-0.00106225
0.002740250000000001
-0.0028042500000000003
-0.00408675
0.0012197499999999997
0.0007177499999999997
0.0012327500000000003
0.0016747499999999998
0.0003182500000000002
-0.0026987499999999998
0.002271250000000001
-0.0008537499999999999
0.0036612500000000004
-0.0016217500000000004
-0.00266475
-0.00450525
0.0009037499999999996
-0.0029997499999999994
0.00128425
0.0023262499999999998
0.0015682500000000004
-0.00235875
-0.00714125
0.00568775
-0.0004682500000000007
0.0006832499999999999
-0.0034697499999999997
-0.00152625
-0.00389025
0.0031427499999999997
0.0030857500000000004
-0.004531250000000001
-5.574999999999962e-05
-0.00251725
-0.00116475
-0.0023397500000000002
0.002858249999999999
-0.0005417499999999995
-0.004567749999999999
0.00256225
-0.00029524999999999967
-0.00391525
0.0020887500000000003
0.0004022499999999996
0.0006242499999999997
-0.00088875
0.0036602500000000003
0.0024807500000000003
0.0013252499999999994
-0.0031937499999999995
0.0016527500000000004
-0.0034007499999999993
0.0011052500000000005
-0.002218250000000001
-0.0025687500000000003
-0.0013822499999999996
-0.00283975
-0.00407825
0.00503625
0.0029142500000000006
9.574999999999973e-05
-0.0012722500000000004
-0.00094875
0.00048975
0.0014337499999999997
-0.00161375
-0.00266475
0.0009357500000000001
0.00026574999999999955
-0.00036775
-0.00017575000000000007
0.0005242500000000003
-0.00237275
0.0027732500000000005
-0.0009292499999999998
0.0038487499999999997
-0.0012707500000000002
0.00839375
-0.0008072499999999999
0.00015375000000000027
-0.0004537499999999997
0.0030547500000000006
-0.00263075
-0.00381275
0.0009122500000000008
0.0009727499999999999
-0.004444750000000001
0.00380875
-0.0029827499999999997
0.00429725
-0.0027087500000000002
-0.0022147499999999997
0.00151075
-0.00039175
0.00198175
-0.0028647499999999992
0.0031677500000000004
0.0014227499999999998
-0.0027512500000000002
0.00243275
-0.00277725
-0.00131025
-0.0014707500000000005
-0.00388575
-0.0006897499999999995
0.00290375
-0.0016482499999999998
-0.006954749999999999
-0.00065225
-0.0008257499999999998
0.0037102499999999996
0.00010424999999999969
0.0033532500000000003
0.0007317500000000004
0.0031852500000000006
-0.0032657499999999996
-0.00206125
-0.005413749999999999
0.0005242500000000007
-0.0009042499999999997
-0.002160749999999999
-0.0005552500000000006
-5.249999999999977e-06
-0.0025092500000000006
4.824999999999996e-05
0.00343225
0.0025452499999999993
-0.0004582500000000006
-0.00200875
-0.0005502499999999996
-0.0019722499999999987
-0.0007527499999999995
0.0017137500000000002
0.0021012500000000003
-0.0022447500000000002
0.0013017500000000004
-0.0006497499999999995
-0.0009817500000000004
-0.0028032499999999998
-0.00249175
7.175000000000014e-05
-0.0017637500000000001
0.0005772499999999995
0.0008432499999999999
-0.0010637500000000002
-0.0032907500000000003
-0.00240875
0.00292675
-0.00037625000000000055
-0.00024775000000000003
-0.00102575
0.0008992499999999992
0.0029332499999999997
0.0031787499999999997
0.0023357499999999997
-0.00313475
0.0018557499999999993
0.0033227499999999997
0.0029217499999999994
0.0007637500000000002
0.0009927500000000008
0.0024207499999999997
0.00124125
0.00161975
0.0006277500000000002
-0.0014912500000000004
-0.0027767499999999997
0.003972750000000001
0.0037547499999999994
0.00327825
-0.00277825
-0.00372375
0.0038327500000000002
0.00146825
0.0021267499999999993
-0.0003072499999999995
-0.00023874999999999973
-0.00881575
0.00289175
0.00265975
0.0005977499999999998
0.00243675
-0.0009867500000000006
0.00219125
-0.0002977499999999997
0.00363275
0.00484625
0.0017662499999999998
0.00242425
-0.0008507500000000002
-0.0033217500000000005
0.00486225
0.0018877499999999997
0.00412575
-0.00081125
0.0022542499999999997
0.0020287499999999997
0.005462249999999999
0.0017197500000000001
-0.0029842500000000004
-0.0015482500000000001
-0.0025162500000000003
0.0004672499999999989
0.0007557499999999998
-0.0033782499999999997
0.0001952499999999996
-0.0017292499999999999
0.0024712499999999995
-0.00294075
0.0007842499999999994
-0.00185525
-0.0063297499999999994
0.0030257500000000002
0.0033597500000000003
-0.0006807500000000003
0.0015507500000000003
-7.249999999999757e-06
0.00219525
0.00253875
0.004195250000000001
-0.0011807499999999995
0.0011087500000000001
0.0017872500000000002
0.00124325
-0.0019657500000000005
-0.00139975
0.0013522500000000002
0.00123575
-0.0013357500000000006
-0.0018947500000000004
0.00343225
-0.00690125
-0.0011802500000000007
0.0009972500000000005
0.007466250000000001
0.00232525
-1.375000000000029e-05
0.00015825000000000032
-0.0006857499999999999
-0.00025425000000000003
0.0027037500000000004
-0.0016937500000000006
-6.925000000000014e-05
-0.0041642499999999995
-0.00476375
8.624999999999994e-05
-0.0014307500000000002
0.0025882500000000003
-0.00031725000000000075
0.0019602499999999993
0.0005947499999999997
-0.0007177500000000001
-0.0023307499999999995
2.4999999999997246e-07
0.0022442499999999993
-0.0004537500000000004
0.0009522499999999995
0.00308625
-0.00094075
0.00431975
0.00177875
0.00030575000000000003
0.001250750000000001
-0.0027052499999999998
0.00161475
0.0027352500000000003
0.0028912499999999997
-2.624999999999947e-05
0.0006857500000000003
0.0002082500000000001
-0.00020775000000000023
-0.00118825
0.00101775
0.00429225
-0.00059175
-0.002951750000000001
0.005381750000000001
-0.0003597500000000005
-0.0048582500000000015
-0.0031877500000000005
7.500000000004726e-07
0.002655749999999999
-0.00235225
0.0002812500000000004
4.075000000000023e-05
0.0004912500000000002
-0.00167875
0.00539625
0.0021562499999999997
0.0007747500000000002
-0.0011397499999999997
-0.0005392499999999997
-0.00258175
-0.00065225
-0.0020677499999999993
0.0010412500000000003
-0.00014375000000000013
-0.0016037500000000001
-0.00035524999999999945
0.0013012499999999999
0.00196225
0.0007937499999999999
-0.0015757500000000001
0.0019387500000000008
0.0003567499999999997
-0.0019347499999999996
0.00299025
-0.00240775
-0.0024272499999999997
-0.0005327500000000001
0.0014037499999999996
-0.0033217499999999996
-0.0009262500000000005
-0.0007992499999999999
-4.874999999999997e-05
0.00107225
-0.00474625
-0.00163475
-0.0005387500000000004
0.0014327499999999996
-0.00108225
-0.0035242500000000005
0.0022922499999999996
0.0017012500000000003
-0.00238975
0.0020022500000000006
-0.0010447500000000003
0.00308175
0.00416675
0.0008722500000000004
0.00045925000000000035
-0.0012472499999999997
-0.00369375
-0.0019837500000000003
0.0038907499999999997
0.0009837500000000002
-0.0020052500000000005
-0.00021474999999999926
0.0003722500000000009
0.0007782499999999998
0.0011182499999999997
-0.00310025
0.0008427499999999996
-0.00117325
-0.0026902499999999995
0.0024987499999999997
-0.0012142499999999994
0.00219975
0.00142625
-0.0030112499999999996
-0.0007822499999999996
-0.0031242500000000003
-0.0002612500000000001
-0.0032042499999999996
-0.0002837499999999997
-0.0008952499999999999
-0.0031237500000000007
-0.0013242500000000001
0.0015487499999999993
-0.0007802499999999998
0.00234725
0.0016837499999999997
0.0013737500000000002
-0.00209725
0.00039974999999999955
-0.0003087500000000005
-0.0024372499999999997
-0.00395975
0.006822749999999999
0.0003027499999999999
4.4249999999999985e-05
-0.0026957500000000002
0.0034542499999999994
-0.00047425000000000077
0.0006337500000000004
0.00459975
-0.0013257500000000003
0.00352375
-0.00455125
0.00619225
0.00015325000000000047
-0.00387275
-0.0008727499999999999
0.003978249999999999
0.0004362500000000001
-0.00187775
0.00264125
0.0003057499999999997
0.0008322500000000002
-0.0063697499999999995
0.00317025
-0.0023992500000000003
-0.0021192499999999996
-0.00088875
-0.0028277500000000004
0.0020937499999999997
0.00373025
-0.0012462500000000002
0.005322749999999999
-0.00156425
-0.00034725000000000007
-0.00620125
0.0014447500000000003
0.00200975
0.0026977500000000005
0.0005027499999999996
0.0026562499999999993
-0.0013417499999999998
0.00310925
0.0017777500000000003
0.00152775
0.0033887500000000003
-0.0002327499999999999
-0.00409625
0.0010202499999999995
0.00020625000000000005
0.00344025
-0.0014602500000000002
0.0034717499999999996
0.0006407500000000003
0.0003552500000000003
0.0011697500000000004
-0.003476749999999999
0.0007642500000000002
0.00011374999999999969
-0.0019372499999999993
-0.00122625
-0.0005182500000000004
0.004330249999999999
0.00508725
0.0014422500000000004
-0.0017422499999999997
-0.0007337499999999996
0.0012387499999999996
-0.0033382499999999996
-0.0018537500000000001
-0.0015262499999999996
0.0008517500000000003
-0.00483525
0.003124750000000001
0.0008282499999999998
-0.0020942499999999998
0.0011537500000000003
-0.0008617499999999996
0.00045575000000000005
-0.00552075
0.0021462499999999997
-0.005594249999999999
-0.0006212500000000004
0.0007017500000000007
-0.00209775
-0.0004127500000000001
-0.0015277499999999996
0.00173325
-0.00519525
7.2499999999999645e-06
0.00238375
0.00395725
0.00429075
-0.0023022499999999996
0.00171875
0.00189475
0.0006307500000000002
0.0001427499999999994
-0.0006792500000000002
-0.00538675
-0.0014027500000000004
0.0016257500000000002
0.00331975
-0.0008532499999999998
0.0034152500000000008
-0.0008417499999999998
-0.005015249999999999
0.0023797500000000004
0.00011025000000000006
0.00039224999999999997
-0.0016617500000000007
-8.77500000000002e-05
0.0044417499999999995
0.001680250000000001
0.0045882499999999994
-0.00044425000000000004
-0.0013817500000000004
2.3250000000000284e-05
-0.0019727499999999997
0.0050297499999999995
0.0017442499999999997
-0.00231575
-0.0022857499999999996
-0.0009127499999999997
-0.0033347499999999996
0.004324750000000001
0.0021672500000000003
-0.00037675000000000013
0.0032152500000000002
0.00421875
0.0025497499999999995
-0.0019697499999999997
-0.00129275
-0.00240225
-0.0006887499999999997
0.0008532499999999993
-0.00258525
-0.0021652499999999996
0.002948249999999999
-0.0048807500000000005
0.0010567500000000008
0.00131025
-0.0024692500000000005
-0.00251225
-0.00248725
0.0038112500000000004
0.00197275
-0.0030487500000000002
-0.0012047499999999992
-0.0012227499999999994
-0.0017577500000000002
0.0042457499999999995
-2.6749999999999275e-05
0.00074775
-0.0022397500000000004
0.005534250000000001
0.0006862499999999994
-0.00598875
-0.0008747500000000002
-0.0024287499999999995
-0.0023117499999999996
0.00201475
-0.0005257500000000004
-0.0032832499999999997
0.00034775000000000057
-0.00393775
-0.004114250000000002
0.0017387499999999994
-0.00021925
-0.003976750000000001
0.0018972499999999998
-0.0008292500000000006
-0.0019567499999999997
0.00010924999999999928
0.00399325
-0.00267125
-0.00256275
0.0034472500000000007
-0.0008172500000000002
0.00259525
0.00217525
-0.005469249999999998
0.00143525
-0.0028362500000000002
-0.00277775
-0.00062975
0.0005977500000000007
0.0013382500000000002
5.925000000000014e-05
-0.003466750000000001
0.00188525
-0.0018422499999999997
-0.0019442499999999996
-0.00131525
0.0017662499999999998
0.0033402500000000003
0.0006207499999999997
0.0009757500000000003
-0.0005392500000000002
-0.00198725
0.00367875
0.0019872500000000003
-0.002824250000000001
0.00033375000000000017
-0.0029067499999999996
-0.0010662500000000001
-0.0025522500000000003
0.00109825
0.0014302499999999999
-0.00130325
0.0010357499999999998
0.0017487499999999992
-0.00348425
0.0038417500000000005
-0.0020157499999999993
-0.0035142500000000004
-0.00664725
0.0018637500000000006
-0.00099425
0.006902249999999999
0.0020912500000000002
0.0012137499999999996
-0.00015874999999999993
-0.00277775
0.00382675
-0.0017822500000000002
0.00013175
0.0020747499999999998
0.0012907500000000004
0.0016217500000000001
-0.0007022499999999999
-0.0019322500000000002
0.0017807499999999996
0.0031337500000000003
-0.0030682500000000002
0.0005897500000000003
0.00054125
-0.0006902499999999995
-0.0032597499999999996
0.0015082500000000005
0.0009162500000000007
0.0015632499999999995
-0.0010007500000000008
0.0032427500000000004
-0.00102975
0.0051122500000000005
0.00439075
0.0009112500000000002
0.0014657500000000007
-0.005357250000000001
0.00226525
0.0003062499999999999
0.00084175
0.0026192499999999996
0.00265975
-0.00368875
-0.0009112500000000004
0.0005287500000000001
-0.0014567499999999988
-0.004474250000000001
-0.0029667499999999998
-0.0002562500000000001
-0.00026474999999999985
0.0010592499999999996
0.0010352500000000001
0.0024952499999999996
-0.0022292500000000003
0.0022927499999999996
-0.0059552500000000005
0.002555250000000001
-0.0013822499999999998
0.0009182500000000002
-0.00019024999999999958
0.00249425
-0.0019477500000000003
-0.0051547500000000005
-0.0011482500000000002
-0.00482725
-0.00384275
0.00385875
-0.00019874999999999955
-0.00186125
0.0017802500000000001
0.0033737500000000004
0.00148175
-0.00042174999999999933
-0.0018702500000000002
0.00122775
0.0008887500000000001
-0.00106175
0.00585075
-0.00036524999999999947
0.0033602499999999995
0.0013642499999999994
0.00023125000000000034
0.0005502499999999993
0.0022747500000000003
-0.0020627500000000003
-0.0017792500000000002
-0.00018525000000000063
-0.0013337500000000003
-0.00046974999999999995
0.0029217500000000007
0.00010424999999999935
-0.00033775
-0.0010297500000000012
0.00018475000000000048
0.0033072500000000003
0.0011977500000000002
0.0006712500000000001
-0.00015674999999999993
-0.0006532500000000001
0.00473525
-0.0021507500000000003
0.0005702500000000002
-0.0027902499999999998
0.006616749999999999
-0.0011422500000000003
0.00019025000000000015
0.0002892499999999998
-0.0036487499999999996
-0.00020075000000000008
0.0016342500000000005
0.00139525
0.00150225
0.0018632500000000008
0.003182250000000001
0.00207475
5.249999999999977e-06
0.0028062500000000006
-0.0004507499999999997
0.00228525
0.0006337500000000002
-0.0010907499999999997
-0.0011077499999999998
0.0014887499999999992
0.0011827500000000004
-0.0030697500000000004
0.0016097500000000003
0.00134775
-0.0018802499999999993
-0.0012947499999999995
0.0011582500000000002
0.00101175
-0.0013872500000000005
0.00020124999999999934
-0.0017932500000000001
0.00313575
0.00255575
0.00203375
-0.0003507500000000002
0.00249925
0.00344175
-0.0005722500000000001
-0.0034557499999999996
-0.0029277500000000002
-0.00371325
0.006016750000000002
0.0047887500000000005
0.002637249999999999
-0.00010225000000000018
-0.0010237499999999997
-0.0015507499999999996
-0.00036425000000000015
0.00313125
-0.00308925
-0.00021074999999999962
0.0018957499999999999
-0.00227275
0.00251725
0.0014387500000000004
-0.00533175
-0.00268875
0.00234575
-0.0006197500000000001
-0.005172250000000001
0.00147725
0.0006537499999999996
0.0006892500000000004
0.0015367499999999997
-3.424999999999997e-05
0.00232575
0.0023012499999999995
0.0014232500000000007
-0.00237725
0.00014674999999999966
0.0016922499999999993
-0.0024272499999999993
-0.0013707500000000002
0.003934750000000002
0.0005937499999999999
-0.0008067499999999997
0.0031467499999999994
-0.00614225
0.0023332500000000007
0.00202325
-0.0001387499999999997
0.0017492500000000006
-0.0018632500000000005
0.00110925
-0.0006547499999999997
0.00299425
0.0005917499999999999
0.0004647499999999999
-0.0011997500000000003
-0.0011847499999999998
-0.00346775
-0.0021692500000000006
0.0008162500000000006
0.00328325
-0.00202625
-0.0004687499999999997
-0.0007157499999999997
0.00191575
-0.0020407500000000005
-0.0021012500000000003
-0.0014482499999999999
0.0037527500000000004
0.00221075
0.00420625
-0.00024675
0.00154975
0.0005317500000000003
-0.0005707500000000003
0.0026722499999999993
0.00025924999999999977
0.0004622499999999999
0.0023412500000000004
-0.00156425
-0.0033872500000000005
0.0024342499999999993
0.00151825
0.00042525000000000033
-0.0032547500000000003
0.00020624999999999975
0.0012457499999999997
-0.0013662500000000003
0.003322750000000001
0.0019437500000000002
-0.0010297499999999998
0.0001742499999999994
0.0010367499999999997
-0.00012174999999999977
0.0005597499999999998
0.003707250000000001
0.0026317500000000004
0.0008382499999999998
0.00065075
0.00052575
0.00048424999999999965
0.0027497499999999996
-0.0011792500000000004
0.0001817500000000008
-0.00117875
0.0018547499999999996
0.00222125
0.0033197500000000002
0.0017167500000000008
0.002926249999999999
0.0021002499999999997
0.0019622499999999996
9.075e-05
-0.00378325
-0.0015147500000000003
0.00214575
-0.0007432500000000002
-0.00483075
0.00214275
0.00205625
-0.0005832499999999995
-0.0013417500000000005
0.0023737500000000013
0.00422225
-0.00054425
0.0030357500000000003
-0.0007882499999999998
-0.00039124999999999967
0.00344675
0.00300475
0.0005972500000000002
-0.00091975
0.00343875
0.0007137499999999994
0.0011372499999999996
0.00012974999999999958
-0.0005937500000000002
-0.0015402500000000002
-0.00270425
0.00110325
-0.0016097500000000003
-0.0027187500000000002
-0.0005517500000000003
-0.00036825
-0.004463249999999999
-0.0012517499999999996
-0.0010297499999999998
-0.0008057499999999998
-0.0021617500000000005
0.00103575
-0.00474075
-0.00237475
0.00147175
-0.00111425
0.0016647500000000002
5.525000000000002e-05
0.0005742500000000005
0.0017002499999999997
0.0011077500000000002
-0.0027502499999999997
0.0019122500000000003
0.0006027499999999988
0.00263475
-3.974999999999979e-05
0.00490775
-0.0020137500000000003
-0.005567249999999999
-7.675000000000001e-05
-0.0012637500000000001
-0.00218725
-0.0013127500000000001
-0.0016722499999999995
0.00015675000000000077
-0.00055175
-0.0030742499999999993
0.0030722500000000003
0.0037207500000000005
-0.0012512500000000002
-0.00030324999999999986
0.0006232500000000009
-8.575000000000069e-05
-0.0030862500000000005
-0.0037897499999999997
0.00133975
0.00085975
0.00419925
-0.0021707500000000004
-0.0018312499999999998
-0.00329725
-0.000528249999999999
0.00288825
-0.00046674999999999993
-0.0002777500000000002
-0.0029047499999999998
0.0025887499999999995
0.00501575
0.0001247500000000004
-0.0015657500000000003
-0.0015467500000000004
0.0026012500000000007
-0.0008617499999999996
-0.002445750000000001
-0.00451625
0.0007937500000000002
0.00259075
0.0023327499999999998
-0.0013727500000000003
-0.0006987500000000004
0.00425925
-0.0008097500000000004
0.0007412499999999998
-0.0006422499999999998
-0.0005832500000000001
-0.0018672500000000002
-0.00372775
-0.0051572499999999995
-0.00118175
0.00160375
0.0018157500000000007
-0.0021002500000000006
0.00185825
-0.0002042499999999997
-0.0006057500000000002
-0.0005502500000000005
-0.0012267499999999998
5.1249999999999904e-05
-0.0031352499999999996
0.0003342499999999994
-0.0008082500000000004
0.003926749999999999
-0.00406775
-0.0016567499999999992
0.0004877499999999996
-0.0005407499999999997
-0.0016957499999999998
-0.0026587499999999997
0.00402975
-0.0017207499999999998
-0.0013577499999999998
-0.002435749999999999
-0.0017862499999999999
-0.0003267500000000004
-0.0018717500000000006
-0.00027625000000000013
-0.00155725
-0.00366625
0.0001922500000000002
0.004717249999999999
-0.00348375
-0.0024637500000000002
0.0003017500000000001
-0.0005377500000000001
-0.0016917500000000001
0.0001782499999999998
0.00037525000000000004
-0.0003737499999999998
-0.00513825
-0.00250425
-0.0006642500000000007
0.0006497499999999995
-0.0012617499999999999
0.0005307500000000003
0.0022967499999999997
-0.0020612499999999997
0.0009042499999999998
0.0008077499999999995
0.00254575
-0.0025942500000000006
0.00105475
0.0034547500000000004
0.0017912499999999992
0.0003487500000000003
-0.00230175
0.0006007499999999999
-0.00022624999999999992
0.0012987500000000004
0.00037324999999999967
-0.0025797500000000013
-0.002565250000000001
-0.0010112500000000004
0.0025707500000000006
0.00086475
0.003107750000000001
-0.0008097499999999999
-0.0005532500000000004
0.0026157500000000005
-0.00236175
-0.0019152500000000003
-0.0030387500000000002
0.00044075
-0.004407750000000001
0.00305525
0.0007762499999999996
0.00289175
0.00257475
-0.00196075
-0.00109375
0.0017577499999999998
-0.0013007500000000003
0.008388749999999999
-0.0031917499999999997
-0.00016225000000000042
0.0005202499999999999
0.0013722499999999996
-0.00292325
0.00125475
-0.0027917499999999995
-0.0023357499999999997
-0.0008117500000000001
0.0031407500000000003
-0.00234475
-0.0028442500000000004
-0.0004957500000000001
-0.0016867499999999997
-0.004544749999999999
-0.00417075
0.0012087499999999998
-0.0030597500000000004
0.00043925000000000046
-0.003243750000000001
0.0015097499999999998
-0.0012932499999999995
0.0007102499999999992
0.0012747499999999998
0.0010847500000000002
0.00527775
-0.00161725
6.875000000000048e-05
-0.002533249999999999
4.2250000000000065e-05
0.0009067499999999995
0.0031432500000000006
-0.0011162499999999998
0.00019624999999999976
0.0011157499999999996
0.00130025
0.00273625
-0.0012032499999999997
-0.00023474999999999982
-0.005688250000000001
-0.00070525
0.00208425
-0.0019467500000000001
0.0022527499999999995
-0.0012767500000000003
-0.0008532499999999998
-0.00031624999999999915
-6.225000000000036e-05
-0.00017624999999999973
-0.00185625
-0.003863249999999999
-0.0014977499999999997
0.00215425
-0.0012772500000000004
-0.003680749999999999
0.00448225
-0.0023652499999999993
0.0053177499999999996
-0.0027602499999999997
-0.0020747499999999998
-0.0029527499999999996
0.0030487500000000002
0.00037475000000000035
-0.0011072499999999993
0.0014807499999999996
0.00012124999999999997
-0.0004587499999999999
0.00412825
0.00203425
-0.0012387499999999998
0.00058975
-0.0005582499999999998
-0.0020132500000000003
-0.002583249999999999
-0.005162750000000001
0.0012327499999999997
0.0003272500000000002
-0.00073575
0.0013162500000000006
-0.0018287500000000003
-0.0002142499999999997
0.00048374999999999915
0.004086749999999999
0.00033374999999999963
0.0017242499999999997
0.0020562500000000004
-0.0007652500000000001
0.0015257500000000002
0.00262775
-0.00149875
-0.0011077500000000002
-0.00400375
-0.00047124999999999966
-0.0003807499999999998
-4.274999999999973e-05
0.0008537500000000009
0.00420875
-0.0009032499999999999
-0.0007467499999999999
-0.00395625
0.0028732500000000004
-0.0004077500000000002
-0.0017427500000000002
-0.00314025
0.00082125
-4.174999999999984e-05
-0.0020272500000000004
-0.0005722499999999998
0.00528075
0.00025124999999999995
0.00235575
0.00200075
0.0009987499999999996
0.0053202499999999995
-0.00228425
-0.00501975
-0.0008107500000000001
-0.0012197500000000003
-0.0020527500000000003
-0.0034292500000000004
-0.0016177499999999994
0.00270675
0.0006842499999999999
0.0004292499999999999
0.0026427499999999997
-0.0008672499999999999
-0.0043767499999999996
0.00102075
0.00768675
0.0025732500000000013
0.0018107499999999992
-0.00314075
-0.0016727500000000004
-0.00010124999999999967
0.00016774999999999958
0.00287725
-0.005776249999999999
-0.0029697500000000006
0.003233750000000001
-0.00202875
-0.00133475
0.001516249999999999
0.00196925
-0.006291249999999999
-0.001006750000000001
0.005545250000000001
-0.00263125
0.00011724999999999979
0.0005282500000000004
-0.0008392499999999993
0.0012832500000000003
0.0017637500000000001
-0.0007747500000000002
0.0002557500000000001
0.00354175
0.00013874999999999998
0.0021472500000000003
0.0009397499999999995
-0.00032325000000000035
0.0014547499999999999
-0.0012157499999999992
-0.004878250000000001
0.0011392500000000007
-0.004758749999999999
-0.0026387499999999996
-0.00257575
-0.0017772500000000002
0.0012437499999999998
0.000609249999999999
-1.72500000000006e-05
0.00499425
0.0009347499999999999
0.0018147500000000002
0.0028602500000000004
0.00435875
-0.0002317500000000007
0.00286925
-0.0016042500000000004
-0.00172875
-0.0016982500000000003
0.0032647500000000003
-0.0006887500000000008
0.0008687499999999998
0.00227325
-0.00043574999999999945
-0.0012887500000000008
0.0027292500000000003
0.0010767499999999998
-0.0006302500000000003
-0.0015552500000000002
-0.0032112500000000006
-0.00199975
0.00081775
-0.00254375
0.0012067500000000004
0.0005312500000000004
0.00360825
8.975000000000011e-05
0.0019807500000000007
0.00015675000000000064
0.0026812499999999996
0.00128975
0.00219975
0.00216575
-0.00238825
0.00265325
-0.0026117499999999995
-0.0010582500000000008
-0.0010272499999999997
0.0005677499999999999
-0.00386425
-0.0001387500000000004
0.0017682500000000003
-0.0020817499999999994
-0.0024862499999999997
-0.0005722500000000002
0.0016777500000000006
-0.0015987500000000001
-0.0007247500000000001
-0.0025192500000000007
-0.0012822500000000008
-0.0019572500000000002
0.005540749999999999
-0.00301825
-0.0014542500000000005
0.00033824999999999995
0.0011002500000000003
0.00320375
0.0016157500000000002
-0.0037892499999999996
-0.00356975
-0.001413750000000001
0.004434250000000001
0.006450750000000001
0.00219125
-0.0004407500000000001
0.0006197500000000001
-0.0018057499999999992
-0.0005057500000000001
0.0024252500000000003
0.00205625
0.00408675
-0.0008727499999999999
-0.0027082499999999997
-5.525000000000058e-05
-0.0002302499999999999
0.00358325
0.0010552499999999998
0.0032747500000000003
-0.00028374999999999955
-0.0043282500000000005
-0.0022302500000000005
-0.0004667500000000002
-0.0024942499999999995
0.0012522499999999995
-0.0032447499999999994
0.0031837499999999995
0.0027337500000000005
-0.00018325000000000036
0.0011662499999999998
-0.0022262499999999995
0.0005397499999999999
0.0011677500000000008
-0.0015297500000000003
0.0006377500000000005
-0.0037492499999999995
-0.00085675
0.0004262499999999998
-0.0005662499999999994
0.00192525
0.0038852500000000002
-0.00047825000000000043
-0.0001282500000000001
-0.0037572499999999997
0.0024042499999999993
-0.0028762500000000003
-0.0010142500000000004
0.0009932499999999998
0.0010377499999999996
-0.00126175
-0.0015967499999999999
0.00178425
-0.0027807500000000002
0.0032427500000000004
0.0009297499999999997
0.002383250000000001
-0.0025807500000000006
0.0031627500000000006
0.0010012500000000004
0.0004852499999999996
0.0005677500000000008
-0.0006457500000000002
-0.003189250000000001
-0.0002402499999999995
-0.0020487500000000002
0.0006552499999999996
-0.0016317500000000002
0.00042175000000000003
-0.0010562500000000003
0.0007477499999999995
0.0005287499999999998
-0.0027292500000000003
-0.0006597499999999997
0.0012927499999999996
-0.00289975
0.0042502500000000006
0.0005292500000000001
8.175000000000016e-05
-0.00458325
0.00292875
-0.0005537499999999998
-0.0008967500000000001
-0.0018717500000000001
0.0007607500000000006
0.0013952499999999996
0.0002902499999999998
0.0035102500000000003
-0.0011447500000000002
0.0012957499999999994
-0.0006827499999999999
0.0006012499999999998
-0.0012152500000000004
-0.00023775000000000033
-0.0007457500000000003
-0.00364225
-0.0016192499999999998
0.0043212500000000004
-0.0011727500000000002
0.0006167499999999998
0.004792749999999999
0.00309625
-0.0025137500000000004
-0.0019627499999999997
-0.00069025
-0.0010332499999999997
-0.00100775
0.0005507500000000001
-3.8750000000000176e-05
8.824999999999972e-05
0.00167475
0.0030692499999999995
0.0030362500000000003
-0.0014892500000000006
-0.00346075
-0.0013147500000000002
-0.00236475
-0.0021457500000000005
-0.0032707500000000007
-0.0018262500000000002
0.005011750000000001
0.0009162499999999999
-0.0008152500000000001
0.0025817500000000003
-0.0015912499999999996
0.0011067500000000003
9.724999999999998e-05
0.00311275
0.00074275
7.324999999999998e-05
-0.0005487500000000001
-0.00445825
-0.0006047500000000003
-0.0003792500000000004
-0.0033217500000000005
-0.00013074999999999976
-0.0016182499999999997
0.00436575
0.00114925
0.0009047500000000006
0.0009287500000000004
-0.003980249999999999
-0.00122275
-0.0018502500000000005
-0.0017922500000000002
-0.0009947499999999998
-0.00295875
-0.0009577500000000009
-0.0007812500000000003
0.00286575
-0.0015377500000000007
0.006420749999999999
-0.0026587499999999997
0.0016157499999999998
0.0009972500000000003
-0.0002222500000000001
-0.0005372499999999999
-0.00242125
-0.0010587500000000002
-0.0008147499999999999
-0.0005072500000000004
-0.0009612499999999999
0.00102475
0.00013124999999999996
0.00023975000000000038
0.0017042499999999996
-0.0009212499999999999
-0.00277275
-0.0021247500000000003
0.002331749999999999
0.0021602500000000007
0.00191775
-0.0025257499999999993
-0.0027372499999999992
0.00040875000000000015
-0.002229750000000001
-0.002027750000000001
-0.0014172499999999997
-0.00164375
-0.0027112499999999997
-0.002658250000000001
-0.0029277499999999994
-0.00414925
0.0010562500000000003
0.005238250000000001
0.00332925
-0.0005507499999999993
-0.0016487500000000003
0.00486075
-0.00040624999999999933
-0.00411975
-0.00233225
-0.004740749999999999
-0.00543925
-0.0012802499999999997
0.0009252500000000003
-0.0017717500000000003
-0.0025212500000000005
0.0014692500000000003
-0.00106025
-0.0021607500000000003
9.774999999999992e-05
-0.0016022500000000006
0.0007867499999999999
0.0035722499999999995
-0.0004047499999999993
0.0006532499999999996
0.00525475
0.0030447499999999993
0.0028457499999999998
-0.004673749999999999
-0.00034025
0.0020377499999999996
-0.00260175
0.0013952500000000004
-0.00039124999999999994
-0.0015802500000000005
0.0017267500000000002
-0.0015807499999999995
-0.0020412499999999997
0.0009852500000000002
-0.0002092500000000001
0.0038787500000000003
-3.675000000000067e-05
0.0004872499999999996
0.0013862500000000003
0.0016087500000000004
-0.0014577500000000005
-0.00039775000000000075
0.00096725
0.0011147500000000003
0.0014137500000000003
-0.0007917499999999998
0.0041912500000000005
-0.0013172499999999996
-0.002537250000000001
-0.0004932499999999997
-0.00057175
-0.0034077500000000006
0.00028175000000000005
0.0031987499999999998
-0.0028702499999999995
-0.0006712500000000002
0.004638250000000001
-0.00077125
-6.325000000000011e-05
-0.00012275000000000092
-0.0036597499999999994
7.925000000000015e-05
-0.0007217499999999997
0.0014982500000000002
-0.0005432500000000004
-2.4750000000000327e-05
-3.224999999999957e-05
-7.524999999999986e-05
0.00088425
0.0010897500000000007
0.0015842500000000004
0.0009292500000000004
0.0025077499999999996
0.003053250000000001
0.00010825000000000002
-0.0024027499999999995
-0.0022872500000000002
-0.0015402500000000002
0.0008682499999999997
-0.0020977500000000002
0.00038224999999999994
-0.0034792500000000006
-0.00010274999999999979
-3.274999999999986e-05
0.00045324999999999977
-0.00393775
-0.00336625
-0.00147375
4.6749999999999707e-05
0.00020024999999999958
0.0035497500000000004
-2.9249999999999346e-05
0.0011842499999999998
-0.0035457500000000003
-0.0016547499999999998
0.0011442500000000003
-0.0006867500000000002
0.0011587499999999998
-0.00420625
-0.0007017499999999996
-0.00497275
0.00419775
0.0034602500000000002
-0.00312875
0.0031127499999999996
-0.0036197499999999993
-0.00016875000000000014
-0.0019412499999999998
0.0023742500000000005
0.0034782500000000004
-0.0006882500000000008
0.0030132500000000003
0.0022287500000000003
-0.0013597499999999998
0.00155725
0.0047322499999999995
-0.0008787499999999992
-0.0006002500000000005
-0.002602749999999999
0.0007407500000000003
-0.0006342500000000003
0.0009432500000000001
-0.00010824999999999973
-0.00022175000000000043
-0.00198725
-0.0011302499999999995
0.00377025
0.00020674999999999963
-0.0001627500000000004
-0.0021997500000000003
0.00879125
0.0003022499999999996
0.0014272499999999993
-0.00253875
0.0011257499999999998
-0.0016352500000000004
-0.0023467499999999986
0.0001072499999999997
0.002129249999999999
0.0004452500000000002
0.00116125
0.0045267499999999995
0.00059325
0.00079125
-0.0023252500000000005
0.0012102499999999997
-0.0017162500000000003
-0.0055527499999999995
0.00144675
0.00016274999999999984
0.00165225
-0.00040475000000000027
-0.0005697499999999999
-0.00025024999999999993
-0.0021917500000000006
-0.0013477499999999998
-0.00019425000000000025
-0.0013747500000000003
-6.2499999999998665e-06
-0.00319825
-0.001363749999999999
0.0054747500000000004
-0.0010062500000000009
0.0005147499999999998
-0.0004602500000000003
-0.00264675
-0.0012562499999999998
0.004515249999999999
-0.0019212499999999993
0.00231225
-0.00071375
0.00037575
-0.0007972500000000003
0.0012292500000000003
-0.0008292500000000001
0.00015775000000000004
-0.0028827500000000008
0.00129425
-0.00230075
0.0015052500000000003
-0.00411975
0.0019762500000000006
-0.0018067500000000008
0.0029207499999999997
0.0032337499999999996
-0.00321575
0.0002777499999999994
-0.00059475
-0.0026077500000000003
0.0001622499999999999
0.0017757500000000002
0.0024887499999999996
0.0033172499999999995
0.00157325
-0.0035117499999999997
-0.0029302499999999997
-0.0008547500000000003
-0.00513875
0.0007997499999999998
0.0032312499999999997
0.0016012499999999998
-0.0020902500000000005
0.0014302499999999997
0.00226925
-0.0009497500000000001
0.0005032499999999997
-0.002798750000000001
0.0015097500000000002
-0.0007717500000000002
0.0011757500000000004
-0.0010137499999999995
0.0002042499999999993
-0.00467225
-0.0010922499999999993
0.00100225
0.00036675000000000005
0.00232875
0.0019297500000000007
0.00038025000000000005
-0.0035647499999999993
0.00238725
0.00418175
-0.00130325
0.0005162499999999992
-0.00018375000000000016
-0.0029022499999999994
-0.0007432499999999996
-0.0025462499999999995
0.003213250000000001
0.0018677499999999996
0.0007652499999999997
0.00311775
0.0027747500000000003
-0.0026037500000000006
-0.0010697500000000002
0.00046275000000000054
0.00038925000000000016
-0.0009092499999999995
2.5749999999999247e-05
-0.0025462499999999995
0.0007442499999999995
-0.00112375
0.0004827499999999996
0.00396375
-0.00133075
-0.0007072500000000004
-0.0012357499999999999
5.824999999999969e-05
-0.0006547499999999997
-0.0014732499999999995
-0.00238775
-0.0038577499999999996
0.0017527500000000004
0.0008787500000000001
0.0025597499999999995
-0.004240750000000001
-0.00264375
0.00010624999999999953
-0.000113750000000001
0.00099275
-0.0014947500000000002
-0.00328925
-0.00196925
0.00305575
0.0024972500000000003
0.0017602499999999999
-0.00416725
0.0004597500000000003
0.0033652500000000006
-0.00010074999999999994
-0.0013287500000000003
0.0008252499999999999
-0.0025552500000000002
-3.324999999999995e-05
0.002535250000000001
-0.0036482500000000005
0.0021687500000000005
-0.0049127500000000004
-0.0010172499999999997
-0.00151525
-0.00051425
-0.0007302500000000002
-0.0013592499999999996
-0.0021457500000000005
-0.00209775
0.00019475000000000048
0.0010872500000000001
0.00301075
-0.004501250000000001
-0.00019775000000000042
-0.0034597499999999997
0.0024807500000000003
0.0037897499999999997
-8.574999999999978e-05
-0.0014392500000000002
0.0006387500000000003
-0.00425025
0.0025032500000000007
0.0005997500000000002
0.0005822499999999999
-0.0006222499999999999
0.0009457500000000003
0.0025062500000000002
0.0012917500000000004
-0.0009117499999999998
-0.0021057499999999995
0.00294675
5.9749999999999176e-05
-0.00443125
-0.0006837499999999997
-0.0006982500000000003
-0.0015602500000000002
-0.004294749999999999
0.0009627500000000002
-0.0009312499999999999
-0.00284575
-0.00536225
0.00025175
0.00237275
0.0032137499999999996
-0.00031775
-0.00271175
0.0006312499999999999
-0.0017092500000000005
0.00294925
0.0009092500000000007
-0.00069275
-0.0027287500000000007
0.0008502500000000002
0.0019292500000000004
0.0021162499999999996
0.0008447500000000004
0.0021162499999999996
-0.0007152500000000001
0.0014292500000000002
0.0038332500000000003
0.0019202500000000005
0.00609675
0.0037142500000000005
0.00417475
0.003908249999999999
0.00020974999999999965
-0.0029067499999999996
0.00069525
-0.0025952500000000008
0.00359975
0.00042875
0.00017875000000000017
-0.00204125
-0.00626375
0.00347625
-0.0018067499999999998
0.00310925
-0.00057625
-0.00196075
0.0029857500000000006
0.006341750000000002
-0.00146625
0.0011087500000000004
-0.00259825
-0.0010457499999999994
0.00327525
0.0009712500000000002
-0.0021002499999999997
0.0037062500000000003
0.0006912499999999996
-0.00041074999999999933
-0.0013337500000000016
-0.0009447499999999998
0.0007732500000000002
-0.00199675
0.0029802500000000003
-0.0008887500000000002
-0.0017222499999999998
-0.00440825
-0.0033897500000000004
0.0011887500000000006
-0.0014127499999999995
-0.0017857499999999998
-0.0008902500000000002
-0.0025552500000000002
0.00140775
0.00417525
0.00159875
0.0005172500000000005
0.0016602499999999998
-0.0012592499999999997
-0.00539225
-0.00184875
-0.0008417499999999996
-0.00504575
-0.00039424999999999985
0.00109675
-0.0021487500000000005
-0.0007912499999999997
0.0013667499999999997
-0.0034682499999999995
0.0014307500000000002
-0.0009672499999999998
0.003987750000000001
0.00217625
0.00016575000000000007
-0.00492675
-0.00541175
0.00141725
0.00035674999999999927
0.00903675
-0.0005292500000000001
0.0034827499999999993
0.0031822499999999997
0.0007737500000000002
0.00194675
0.0009887499999999998
0.00416975
-0.0017907499999999998
0.00037574999999999913
0.0022857499999999996
-0.00351325
0.0037157500000000003
0.00300975
0.0012642499999999995
-0.0006557500000000001
-0.00039774999999999983
-0.00205925
0.0007007500000000009
0.00023524999999999962
0.0027502499999999997
0.004554249999999999
0.0048337499999999995
-0.0002952500000000002
-0.00063875
-0.0018927500000000003
0.000593250000000001
-0.00490925
-0.0026822500000000006
0.0034782499999999996
-0.00040475000000000027
-1.3249999999999443e-05
-0.00193075
-0.0027552500000000003
0.00354125
-0.00339925
-0.00226025
-0.0017142499999999998
-0.0011002500000000007
-0.0028427499999999994
0.00021574999999999982
0.00467225
0.0029252500000000003
-0.0001982499999999998
-0.0032422500000000008
0.0003922500000000001
0.00021224999999999966
-0.0019407500000000002
0.00169475
0.0025702500000000005
-0.00364025
-0.00029325000000000043
0.00345575
0.0013182500000000002
0.00052075
-0.0011312499999999997
-0.00329175
0.00233625
0.0014942500000000006
0.0001627500000000004
0.0001532499999999999
0.0008042500000000008
0.00038624999999999966
-0.003677750000000001
-0.0020297500000000003
-0.005668249999999999
0.0013632500000000003
0.004687749999999999
0.0016987499999999997
0.002323250000000001
0.00485375
0.0005197499999999997
-0.00283975
0.0006462499999999995
-0.00026225
0.0025662499999999995
-0.00058075
-0.0008102500000000001
-0.00108425
0.0010352499999999995
-0.0032977500000000003
0.005722750000000001
-0.0021507500000000003
0.0021192500000000005
-0.00272525
-0.0014007500000000003
-0.0002542500000000002
0.0012927500000000003
-0.00198375
-0.0018942500000000003
0.00191475
-0.00190525
-0.00036125
-0.00436975
-0.0003822500000000001
0.0030512499999999997
-0.0012037500000000002
-0.0008737500000000004
-0.00220975
-0.00014474999999999953
-0.00697975
0.00134325
0.0022267499999999996
0.0006767500000000007
-0.0015487499999999998
0.00304375
-0.0052492500000000004
0.0017562500000000009
0.0024747499999999995
-0.00463275
0.0007467500000000005
-0.0016912500000000003
-0.0012997499999999997
0.00603175
-0.0021467499999999994
0.0003382500000000005
0.00021124999999999996
0.0010792500000000003
0.002321750000000001
0.0005292499999999993
0.005555249999999999
-0.00025175000000000024
0.0056872500000000005
0.0029872500000000003
0.0006762499999999997
9.225000000000039e-05
-0.00039975000000000037
0.0004847499999999997
-0.0034187499999999995
0.0002832499999999996
-0.00308125
-0.00011175000000000018
-0.00413075
-0.003945749999999999
-0.00422725
-0.0008252499999999996
0.006169249999999999
0.0020307500000000004
-0.00025975000000000027
0.0004577500000000001
-0.0023372500000000004
-0.00337275
-0.0005077500000000003
0.00254375
0.002044250000000001
0.0005762500000000003
-0.00368575
-0.0006862499999999999
-0.0027407499999999997
-0.0020012499999999996
-0.0032527500000000004
0.0013887499999999998
-0.0010847500000000004
0.0012172499999999994
0.00435725
-0.0016727499999999998
0.0027522499999999995
0.0014152499999999996
-0.0022382500000000007
-0.00021975000000000008
0.004185749999999999
0.00174025
-0.0004657499999999995
0.00150725
0.00395725
-0.0015622500000000003
0.00102775
-0.0021107500000000006
0.0010127499999999995
-0.0009867499999999998
0.00117275
0.00362475
0.00045874999999999974
0.0025192499999999994
-0.0012007499999999996
6.525000000000045e-05
0.0016757499999999997
0.0005327500000000001
0.0029637499999999994
0.0029797499999999998
-0.00246875
-0.0007242500000000003
-0.0017332499999999995
-0.0061182499999999996
0.00273625
-0.0008297499999999992
0.0022697499999999996
-0.0010372500000000002
0.00020974999999999979
-0.00657975
-0.0014367499999999999
0.0002557499999999996
-0.00034725000000000007
-0.0036797500000000007
0.0037862499999999997
-0.0008692499999999998
-0.00584775
-0.0012732499999999996
-0.0036692500000000006
0.0008982499999999997
-0.0023557500000000006
-0.0015717500000000007
-0.00394125
-0.00219725
0.00018825000000000008
0.0027557499999999995
-0.0011482500000000002
-0.00527725
-0.0035177499999999996
0.00353275
0.00029675000000000036
-0.0017307500000000003
0.0037347500000000002
0.0040402500000000004
-0.0005852500000000003
0.0033467499999999995
0.00070025
-0.0023847499999999997
-0.0015812499999999993
0.0008492499999999999
-0.0014447499999999996
-0.00395175
0.00279175
-0.00263525
0.0018637499999999995
0.00124775
0.005393749999999999
0.00416625
0.00508925
0.0030477499999999997
-0.0023252500000000005
-0.00161875
-0.003438750000000001
-0.0036827500000000007
-0.00056925
-0.0008382499999999996
-0.0007852500000000004
-0.0044842499999999995
-0.00106875
0.0033757500000000003
0.007610250000000001
-1.2250000000000316e-05
-0.002088250000000001
-0.002162250000000001
0.0020337500000000004
-0.00154125
0.0004307500000000001
-0.00097375
0.00022124999999999993
0.00195275
8.324999999999999e-05
-0.0027477500000000006
-0.0012812499999999998
0.0028102500000000002
-0.004052249999999999
-0.0020812500000000006
-0.0015487499999999996
-0.00031675000000000014
-0.0029022500000000007
-0.0005402499999999997
-0.00129525
0.0014052500000000005
-0.0009622499999999995
-0.0002542499999999996
-0.0034102499999999997
-0.00641775
-0.0003057500000000002
-0.0010032499999999998
0.00175625
0.0017707499999999998
0.00074325
0.0007557500000000001
0.00118125
-0.0008952499999999998
0.0011502499999999998
-0.0022022499999999993
-0.0006057500000000005
-0.0005417499999999999
-0.00106225
0.0006147500000000001
-0.00100775
0.00125575
-0.00352125
-0.0001607499999999998
-0.0027757499999999996
0.0023917500000000006
-0.0010742500000000006
-0.006691249999999999
-0.00120125
0.00432625
0.00265575
0.00408425
0.0011862500000000007
0.0017507499999999997
0.0002877499999999993
0.0019192499999999995
-0.00015025000000000067
0.0038517499999999997
0.0008007499999999997
-0.004577250000000001
3.1749999999999416e-05
0.0006202500000000007
-0.0010607500000000003
-0.0005352500000000005
-0.00011675000000000015
-0.00035975000000000037
-0.00034875000000000005
-0.00088525
-0.0032092500000000003
0.00169125
0.0003622499999999998
0.00239125
0.0019827499999999997
7.174999999999987e-05
-0.0008692499999999998
-0.00010775000000000007
-0.002697250000000001
0.0036082499999999995
-0.0037312499999999998
0.0020442499999999996
-0.0037692499999999996
0.00204225
-0.0031737499999999995
-0.00248625
0.0016682499999999998
0.0026617500000000005
-0.003347749999999999
-0.003993750000000001
-0.0023357499999999997
0.0010382500000000005
0.001240750000000001
8.024999999999977e-05
6.374999999999992e-05
0.0012067500000000004
0.0013487500000000001
-0.0009687499999999993
0.0005192499999999995
0.0034447500000000008
-0.0018292499999999995
-0.0008312500000000001
-0.00416675
0.00127975
2.5249999999999438e-05
-0.00212025
0.004211250000000001
-0.0004362500000000001
-0.0014312500000000002
0.0036687499999999997
0.0022162500000000003
0.0006957499999999999
-0.0014327499999999998
-0.00301925
-0.00530875
0.0009482500000000002
0.00171075
0.00209625
-0.0032572499999999997
-0.0024452500000000004
-0.0041902499999999995
-0.0005112500000000002
0.0035717500000000003
0.0027222500000000007
0.0036727500000000002
0.0012942500000000007
0.0019252499999999997
-0.002053250000000001
0.0024177499999999998
-0.003960750000000001
-0.0022732499999999997
-0.0006407500000000003
0.0017867499999999995
0.0019642499999999994
-0.0007457500000000005
-0.0014807500000000003
0.0013672499999999998
-0.00019275
-0.00488025
9.675000000000024e-05
0.0036487499999999996
0.00044125000000000024
-0.0027367499999999996
-0.0005767500000000004
0.0005792499999999998
-0.0027097499999999995
0.0008217500000000002
-0.0026902499999999995
0.0007352499999999998
0.0009672499999999993
0.0002787499999999998
0.00208075
0.0034997500000000003
0.00150075
0.0002897500000000003
-0.00130025
-0.0006042499999999992
-0.00393625
0.0012767500000000003
0.0010472499999999998
0.00025224999999999944
-0.00187025
-0.0011617500000000002
8.925000000000016e-05
0.0026292499999999996
0.0030607499999999997
0.0023917500000000006
-0.0009887500000000003
-0.00304475
0.00400525
0.0012122500000000002
-0.00218725
-0.00046625000000000057
-0.0023912499999999997
-0.00201025
0.0010702499999999998
0.00142725
-0.00424775
0.0002582500000000001
-0.0016802500000000005
-0.0036227499999999997
0.0007932500000000003
0.0018277499999999997
0.0020257500000000006
-0.00022674999999999944
0.0035702500000000005
0.00149175
-0.0001567500000000005
-0.0016062500000000007
0.0004822499999999999
-0.00042424999999999993
-0.00042324999999999974
0.00097775
0.0005092499999999999
-0.0018022499999999996
-0.0008037500000000003
-0.0015467500000000002
0.00353925
-0.0013302499999999998
0.00027524999999999967
-0.00487525
-0.0004972499999999998
-0.00455525
0.00230225
-0.0001537500000000002
-0.0010437500000000002
-0.00221575
-9.525000000000002e-05
0.0008052500000000001
-0.0011772499999999995
-0.0024057500000000003
-0.0036432500000000002
-0.00144725
-0.005878250000000001
-0.0008467499999999998
-0.0005702499999999995
-0.0029127500000000004
-2.3249999999999383e-05
8.750000000000424e-06
0.0004717500000000002
0.0005382500000000002
0.0029407500000000002
0.004529249999999999
-0.0024142499999999997
0.00278225
0.0016387500000000002
0.0002797499999999998
-0.0010532499999999995
0.00366275
0.0005547499999999997
-0.0056437499999999995
0.0017617500000000005
-0.0019542500000000003
-0.0004807499999999998
-0.00300225
-0.0010672499999999996
-0.0003447500000000005
-0.00055175
0.0008297499999999997
-0.00208975
-0.0007547500000000003
0.0001197499999999998
8.324999999999972e-05
0.0007692499999999992
-0.00264175
0.00488275
-0.004522750000000001
-0.0008337500000000001
-0.00015125
0.0060852499999999995
-0.0003447500000000004
0.00431125
-0.0005157499999999997
0.0027597499999999996
0.00218275
-0.0029442500000000007
-0.0031892500000000007
-0.00163625
-0.00300075
-0.0033757499999999994
0.0003577499999999996
0.00018275000000000013
0.00064225
-0.00449325
0.0013622500000000002
0.00150875
0.0006557500000000005
0.0031067499999999993
0.00227675
0.0017927499999999996
0.0016417499999999995
-0.0013482499999999994
-0.0007197499999999998
0.006251250000000001
-0.0006827499999999998
0.0017097500000000008
-6.124999999999978e-05
-0.0012462500000000004
0.00147425
0.0018242500000000001
-0.00340075
-0.00130025
-0.00033474999999999976
0.00018375000000000002
-0.0011762500000000009
-0.0014377499999999998
7.374999999999972e-05
-0.0004217500000000003
-0.00042875
-0.0011277499999999998
-0.0028827500000000008
0.0011067500000000003
-0.0038252499999999997
-0.0032822500000000004
-0.003934249999999999
-0.0012777499999999998
0.00325125
0.0032502499999999997
-0.0012772499999999997
0.0004742500000000003
0.0023712499999999997
0.003792250000000001
0.0006567500000000005
0.00041875000000000066
0.00223275
0.0011647500000000004
0.00346675
-0.0004262500000000001
0.0013272499999999999
0.00015424999999999966
-0.0020262500000000003
0.0002262499999999995
0.00219675
-0.00166325
0.0013837499999999998
-0.0017572500000000001
-0.00025175
-0.0025987500000000004
0.0031797499999999994
0.0007412499999999999
-0.0014422499999999993
0.0028387500000000006
0.0004932499999999991
0.0014027499999999993
-0.0009132499999999999
0.0017142499999999996
-0.00206425
-0.0004242500000000005
-0.00302025
0.002961749999999999
-0.0035027500000000007
-0.00306525
-0.0030842500000000006
-0.00268625
0.0022712500000000003
-0.0011347500000000001
-0.0023527500000000002
0.00238425
-0.0012582500000000003
0.00607325
-0.0004407500000000006
0.0001072499999999997
-0.0021817499999999997
-0.0030857499999999995
0.00252275
-0.0026832500000000003
-0.0024082500000000002
-0.0009087500000000004
0.0034077499999999993
0.00537075
0.0008377500000000002
0.00042875000000000026
-0.00253625
-0.0011102499999999997
-0.0026247500000000003
-0.0035677499999999997
0.00416175
-0.0004007500000000008
-0.0022972500000000002
0.0030582500000000006
-0.0010812499999999995
-0.0011857500000000002
-0.0001932500000000005
-3.974999999999992e-05
0.0019502500000000004
0.0019287500000000006
-0.0022827500000000005
-0.0016152500000000004
0.0014202499999999999
0.0012287500000000007
0.0008292500000000006
-0.00015575000000000005
0.00436125
0.0033122500000000005
-0.0035287499999999998
-0.00611275
0.0007042500000000001
0.00122925
-0.0007882500000000004
0.00234475
-0.00369375
-0.0026737500000000008
-0.0013482499999999994
0.00048774999999999985
0.005931249999999999
-0.00256575
0.0009432500000000005
0.00112825
0.0003752499999999995
0.00397825
-0.0025597499999999995
0.0021332499999999997
-0.0014202499999999999
-0.00274025
-0.0037882500000000004
-1.9750000000000463e-05
0.0006027500000000005
0.0016322500000000005
-0.00016975000000000047
-0.00354325
-0.0034512500000000003
-0.00029975
0.00439175
-0.00255625
-0.0018537499999999993
-0.0010662499999999997
-6.674999999999973e-05
0.00077075
0.0012742500000000002
-0.0030707499999999993
-0.00302375
-0.0020292500000000007
0.00117125
0.00424225
-0.0038322500000000006
-0.0011602499999999996
0.0006527500000000006
-0.0011007499999999989
0.0045997500000000005
-0.00214725
0.0017842499999999994
0.00194175
0.00028425000000000043
-0.00469625
0.00034325000000000056
0.0012287499999999998
0.00131575
0.0013627499999999998
-0.00020875000000000033
-0.0013742500000000005
0.0001527500000000001
-0.00032725000000000023
0.0018882499999999993
0.0005102499999999999
0.0011162499999999998
-0.0024057499999999995
0.00094875
-0.0019792500000000005
-0.0018917499999999998
0.004025750000000001
0.0004302499999999998
0.0007497499999999995
-0.00369675
-0.00303075
0.0017822500000000004
-0.00202075
0.0023027500000000005
-0.0010562499999999992
0.0031967500000000004
-1.275000000000026e-05
-0.0013107500000000003
0.00223275
-0.0019767500000000006
-0.00018724999999999978
-0.0026787499999999997
-0.00013524999999999982
-0.00124525
-0.0012522499999999997
-0.0007637500000000002
-0.0013697499999999999
0.0010002499999999998
-0.00126175
-0.00037225000000000035
-0.00263175
0.0004192499999999999
0.000475249999999999
0.0027727500000000005
0.00206725
0.0017477500000000002
0.0010467499999999995
0.002187750000000001
-0.0012737500000000004
0.0014237500000000003
-0.0017247499999999989
-0.0037467500000000005
0.0013567499999999999
-0.006066749999999999
0.00107575
-0.0016142499999999996
-0.0013022499999999998
-0.0038972499999999992
-0.00399575
-0.0014892500000000003
0.00045224999999999953
-0.0014007499999999999
-0.00101675
0.0002592499999999999
0.00017575000000000034
0.0017777499999999998
0.0009902499999999998
-0.0014477499999999998
-0.00430175
-1.5749999999999654e-05
-0.00010425000000000011
0.0017227500000000012
0.0027037500000000004
0.00195575
0.0005782500000000002
0.00286025
0.0026012499999999994
-0.0006252500000000002
0.0004962499999999997
0.0024312500000000003
-0.0006717499999999998
0.0014187499999999997
-0.00399975
-0.0022952500000000004
-0.00275725
-0.0019112500000000002
-0.0019782500000000004
-0.0008202500000000001
0.00573075
-0.0009122500000000003
-0.0020777499999999997
1.9250000000000515e-05
-0.0028322500000000006
-0.0022762499999999996
-0.00388425
0.0007617500000000002
0.00042775000000000023
0.0042007500000000005
0.0005462499999999998
-0.00212675
-0.00184475
0.0014962499999999995
-0.0035722500000000003
-0.0011607500000000003
-0.0016642499999999997
0.0021547500000000004
-0.0006207500000000004
-7.17500000000007e-05
0.0007102500000000006
-0.0044782500000000005
0.0013967500000000004
-0.0016287500000000009
0.0033017499999999996
-0.00134325
0.0018372499999999997
-0.00023725000000000037
0.00248225
0.0017237500000000009
0.0028467500000000003
-0.00214825
0.0017587500000000001
-0.0007922499999999999
0.0010487499999999998
0.0001817500000000006
0.00262325
0.002847250000000001
0.0006697500000000001
-0.0007232500000000002
-0.00304025
-0.00450525
0.0007747500000000002
-0.00392275
0.0024047500000000006
-0.0029912499999999996
-0.0011762499999999998
-0.0014642500000000003
-0.0014377499999999996
-0.0010222499999999993
0.0024217500000000003
-0.00111425
0.0007437499999999995
0.0010527499999999994
-0.0008977499999999997
0.003438749999999999
-0.00343775
-0.0011572500000000003
-0.0004052500000000001
0.0015102500000000003
0.0029807500000000003
-0.0004472500000000003
-0.0009032500000000002
0.0011497499999999997
-0.00265875
-0.0008317500000000005
-0.00041575000000000016
-0.0029802500000000003
0.0017357499999999999
-0.00293425
-0.0008822500000000001
-0.00246825
-0.00430575
-0.0013002500000000002
0.00167775
-0.0038777499999999993
0.0024677500000000003
0.00532125
-0.0011662500000000002
-2.1249999999999463e-05
-0.0006512499999999994
-0.0024422500000000004
-0.00105675
-0.0010042499999999997
0.00039124999999999994
0.00317025
0.0006327499999999997
0.0025452499999999993
0.00381675
0.00481725
0.0032262499999999995
0.00115475
-0.0016737499999999997
0.00493675
0.0002637499999999998
-0.00076125
0.0017327500000000003
-0.00204875
-0.00476825
-0.00464325
-0.00372975
0.00197325
-0.00064375
-0.0011987499999999997
6.67499999999993e-05
0.004376750000000001
-0.0001727499999999993
-0.00324775
0.00186025
0.00374125
-0.00132025
0.0020587499999999994
-0.0018097499999999997
0.00268475
0.00014375
-0.0025572499999999996
0.0005572500000000001
-0.0001412500000000004
0.00074075
-6.724999999999947e-05
7.275000000000072e-05
-0.00337075
-0.0007197499999999998
-0.00301375
-0.0022697499999999996
0.0005257500000000005
0.0011707500000000001
0.001549250000000001
0.0037297499999999996
-0.00356325
-0.0006312500000000002
-0.0009012500000000001
0.0015682499999999993
-0.00107325
0.00429725
-0.0008627500000000003
-0.0011157500000000004
0.0006402500000000004
-0.00027924999999999977
-0.0039517499999999995
-0.002972250000000001
-0.0014002500000000007
-0.00233025
-0.0018062500000000001
-0.0013527500000000004
-0.004267249999999999
0.00223875
-0.0007002500000000005
0.0015992500000000002
-0.0008142499999999999
0.0026287500000000004
0.000527749999999999
0.00168275
0.00547475
-0.0018957499999999999
-0.00043874999999999985
0.0011127499999999996
-0.0011622500000000003
0.00359875
0.00469025
-0.0021867499999999995
-0.00439125
-0.004227250000000001
0.004920250000000001
0.00394075
-0.00475375
0.0013122499999999998
-0.003213750000000001
-0.00019574999999999982
0.0024297499999999996
-0.0029572500000000007
-0.0036297499999999997
0.0019432500000000003
-0.0007602500000000005
-0.0020427499999999994
-0.00014024999999999986
-0.00013574999999999975
-0.00616125
0.003924250000000001
-0.0018637500000000002
-0.00519825
-0.00246675
0.0014612500000000003
-0.0031422499999999996
0.00042424999999999993
0.0018197500000000002
-0.0033547499999999997
-0.0015172499999999997
0.0021657499999999997
-0.004459749999999999
-0.0014837500000000007
0.0008852500000000001
0.00059375
-0.0034592499999999992
-0.00337775
-0.0018482499999999996
0.0024057499999999995
0.00157775
0.0006362500000000003
-0.004429750000000001
0.0004992500000000003
0.007230749999999999
0.0024352499999999995
-0.0008392499999999998
-0.0010332499999999997
-0.0001722500000000003
0.00441575
0.0014317499999999996
-0.0005982499999999994
0.0036247500000000004
-0.00050275
-0.004116249999999999
0.002916250000000001
0.00487175
0.0010737499999999996
0.0005232500000000003
0.0006057499999999996
-0.00028224999999999935
-0.0004727499999999999
0.00285525
0.0026542499999999995
-0.0002812499999999998
0.00209125
-0.00199625
0.00381025
-0.0009547500000000001
0.0008872499999999995
0.0017347500000000004
-0.0021167499999999997
-0.0022282500000000006
-0.0018387500000000003
-0.00040624999999999993
-0.0016257499999999996
0.0008022499999999998
0.0007982500000000005
0.00133025
-0.0018762500000000007
0.002777750000000001
-0.0010767499999999991
0.0006962500000000005
-0.00037625000000000007
-0.0006817500000000002
0.0009617499999999998
-0.0009797499999999997
0.0003602499999999996
-0.0012097500000000003
-0.00044574999999999964
0.0032707500000000002
0.00389775
-0.0005932500000000004
-0.00109375
0.0012357499999999994
0.0007072500000000002
-0.0024432499999999997
-0.00134825
-0.00033275
-0.0015757499999999997
-0.0006347499999999998
0.0013937499999999998
-0.0006832500000000003
0.0022352500000000007
-0.0014892499999999995
-0.0023507500000000004
0.00115925
0.0003587500000000007
0.00209425
-0.0002467500000000002
0.0013997500000000013
-0.0007487500000000005
7.825000000000013e-05
-0.0005242499999999998
0.00406725
-0.0025927499999999996
0.0005407499999999995
0.0031532500000000002
-0.00527275
-0.0044417499999999995
0.002282250000000001
0.0012962499999999999
5.874999999999991e-05
0.0006437499999999996
0.0007427500000000009
0.0010607500000000003
0.00395275
-0.00047574999999999994
-3.750000000000142e-06
-0.00010474999999999977
0.0027862500000000005
0.0036067500000000006
-0.0027922500000000005
-0.00559075
0.0009632499999999999
-8.74999999999973e-06
-0.0010437500000000002
-0.0021247500000000003
-0.0022002499999999995
-0.0002357500000000002
-0.0003187499999999993
0.00137375
-0.00138075
0.00270925
-0.0006642500000000002
-0.00487825
0.0010442499999999996
-0.0013812500000000003
0.00102125
-0.0013357500000000003
0.00102575
-0.005499250000000001
0.0013557500000000002
0.00338025
-0.00046674999999999966
-0.00012125000000000025
-0.00212475
0.00389375
-0.0003047499999999999
0.0018087499999999996
-0.0011117499999999995
-0.0018747500000000003
-0.00213175
-0.0006362500000000001
-0.0005752499999999998
0.0010412499999999999
-0.00423575
0.0018977499999999997
0.0018217499999999987
0.00340325
0.0010807500000000001
-0.00426375
-0.00074325
-0.00038424999999999945
-0.00350575
-0.0003982500000000001
-0.004648750000000002
0.0024177499999999998
0.0005197500000000002
0.0020037500000000003
0.0017702500000000001
-0.0006022499999999997
-0.0023997500000000004
0.00505475
-0.0005882500000000001
-0.004522750000000001
0.00336925
-0.00196775
-0.00038175000000000014
-0.0008522500000000001
-0.0024517500000000004
3.5750000000000225e-05
-0.00758275
-0.00240975
-0.0009712499999999996
0.0036922500000000002
0.00248675
-0.00360675
0.0024602499999999998
-0.0013997499999999995
0.00046225000000000015
-0.004829750000000001
0.0014442500000000002
0.00125325
-0.0012727500000000004
0.0010567500000000004
0.0018847499999999995
-0.0006642500000000007
0.0032387500000000003
0.00540025
0.004771250000000001
0.00236825
0.00385425
0.0012152500000000002
0.00101325
-0.0020067500000000003
-0.0019367499999999999
0.00171375
0.004072749999999999
2.7750000000000342e-05
-0.00532825
0.0043872500000000005
-0.0005362499999999998
0.0022812500000000003
-0.0033157499999999997
0.00274425
-0.00155225
0.005933250000000001
-0.00367425
-0.00624825
-0.003268249999999999
0.0005597499999999999
-0.0018622499999999998
-0.00018474999999999964
0.0016467499999999993
0.00122425
-0.00118025
-0.00211375
0.00041674999999999964
-0.00387575
0.00156775
0.0022657500000000004
-0.00285825
-0.00014675000000000078
0.003135749999999999
-0.00034374999999999987
0.0024297499999999996
0.0019492499999999998
0.0017632500000000003
0.0003697500000000003
-0.0047177500000000015
-0.0011217500000000004
-0.005167250000000001
-0.00320025
-0.004960750000000001
-0.0036612500000000004
0.00178675
-0.004833250000000001
-0.00082325
-0.0035812500000000002
-0.00297225
-0.0024272499999999997
-0.0018232500000000002
-0.00537625
-0.0011497500000000002
0.00161025
0.0033827500000000003
0.0013342500000000001
-0.0011527499999999997
0.00228225
0.00320675
-0.0007932499999999998
0.0022247499999999997
-0.00236475
-0.0019292499999999998
0.0020347499999999992
0.00420325
-0.0014507499999999996
-0.0030072500000000004
0.0045657499999999995
-0.0031177500000000003
0.001406250000000001
-4.575000000000003e-05
0.0006217500000000001
0.00010425000000000045
0.0017627500000000004
-0.00035074999999999966
0.00200275
0.0017902499999999995
0.0016132499999999995
0.0025402499999999995
-0.0036287499999999996
0.0005122500000000002
-0.0009037499999999994
-0.00020775000000000014
-0.004625249999999999
0.00059325
1.3249999999999929e-05
-0.0011382499999999995
-0.0016952499999999993
0.0008367499999999997
-0.00128675
-0.00106025
0.00041624999999999995
0.00239875
-0.0009937500000000003
-0.0006092499999999998
0.0002092499999999999
0.00124725
-0.0005337499999999995
7.325000000000026e-05
0.0011242500000000005
-0.0022952500000000004
0.0011972499999999995
-0.0013422500000000003
1.7749999999999988e-05
-0.0023657500000000002
-0.0019557500000000005
0.00321275
-5.424999999999958e-05
0.0005422499999999995
0.00130825
0.00039724999999999955
-0.0006962500000000003
-0.0013867500000000002
0.0006252500000000005
0.0035217500000000006
-0.0003837500000000001
-0.0017587500000000001
0.0011467500000000006
0.00023175000000000016
5.72500000000005e-05
-0.0006422499999999999
-3.9250000000000466e-05
-0.00317925
0.00029774999999999984
-0.0007477499999999998
-0.0004497499999999998
-0.0030997500000000005
-0.00595125
0.0015087499999999999
0.00216025
-0.0007337499999999996
-0.00271475
-0.0015647499999999995
0.00083175
-0.001963749999999999
-0.00282575
0.0032547499999999994
0.0006652500000000006
0.0005132500000000003
0.00143625
-0.00339325
0.00300575
0.0014242500000000002
0.00289475
1.7249999999999488e-05
0.0015852500000000005
-0.00126025
0.003340750000000001
0.00286725
-0.0032822500000000004
0.0014362500000000002
-0.0034357499999999996
-0.00019175000000000054
-0.0029702499999999994
-0.0002327499999999999
4.0749999999998985e-05
-0.0029392500000000005
-9.750000000000037e-06
-0.00507525
0.00023375000000000034
0.00215025
0.0018057499999999998
0.0032657500000000004
0.0019587500000000004
-0.0004057499999999997
-0.0010417500000000001
-0.00416875
0.0001002499999999992
-0.00036225
-0.006227250000000001
-0.00231325
0.0007272499999999994
0.002096249999999999
-0.00044424999999999993
0.0007377499999999997
-0.0009667500000000003
0.0018162500000000002
0.0018167500000000002
0.0015837499999999999
0.00088525
-0.00502775
0.00302475
-0.0044687500000000005
0.0010877499999999995
-0.0003952499999999997
-0.0001367500000000002
-0.00156625
-0.0015727499999999995
-0.0013792499999999998
-0.00177125
0.00229225
-0.0010697500000000006
0.00293875
0.002037249999999999
0.00285025
0.0020092499999999998
-0.0004057500000000003
-0.0005132500000000001
0.0005022500000000001
0.0016162499999999996
-0.0018082500000000002
0.0016527500000000001
-0.0012322500000000005
-0.0020522500000000003
0.0028732499999999995
0.00017625000000000003
0.006009249999999999
-0.0026597500000000007
0.0013547500000000005
0.0022367500000000005
-0.004979250000000001
-0.0017442499999999995
0.0013257499999999999
-0.0011277499999999994
0.0003042499999999998
0.0007117499999999997
-0.00496325
0.0029227499999999996
0.00237025
0.00294425
-0.00145625
-0.00013624999999999998
0.00141525
-0.0026182500000000004
0.0009082499999999998
-0.0009302499999999997
-0.00038574999999999943
0.00241975
7.499999999995011e-07
-0.00054175
-0.0001827500000000007
0.0006772499999999998
0.00254825
0.0007052499999999999
-0.0006457500000000009
0.0012037500000000002
-0.00012074999999999968
-0.00159025
-0.0021502499999999994
-0.0025727500000000004
0.00163675
0.0025962499999999987
0.0019287500000000001
-4.7750000000000015e-05
0.00192125
0.003220750000000001
-0.00386875
-0.0013967500000000002
-0.00011425000000000053
0.0016482499999999998
-0.00170975
0.0008597499999999999
-0.0015972500000000001
-0.00358725
-0.00093775
-4.424999999999984e-05
0.0006432500000000004
-0.00412675
0.0013937500000000005
-0.0006337499999999994
0.0022947499999999995
0.0013367500000000005
-0.0011517500000000004
-0.0013042499999999996
0.0009932500000000002
3.0249999999999583e-05
-0.0009562500000000001
-0.00606175
-0.0016967500000000001
-0.0006952499999999996
-0.00034725000000000007
-0.00423025
-0.00233025
0.00207675
-0.0016497499999999997
0.0026467500000000007
-0.0011707499999999995
-0.002644750000000001
-0.00010724999999999998
-0.0012652500000000003
-0.00611825
-0.0010732499999999996
-0.00332675
0.0006077499999999998
-0.0001407499999999995
-0.0021427499999999993
-0.0013012500000000005
-0.0002812499999999998
-0.0031242499999999994
-0.0012357499999999997
-0.00100075
0.0019432499999999999
-0.00410325
-0.0031847499999999996
0.00163025
0.0011122500000000004
0.002226749999999999
0.0005127499999999996
0.0007917499999999995
-0.0013087500000000007
0.00243675
-0.00261025
0.0014817499999999991
-0.0008052499999999999
0.00336175
0.0029932500000000007
0.0005362499999999998
0.0007517499999999996
0.00403975
0.0022917499999999995
0.0013937500000000002
0.00139775
0.0009182499999999994
-0.0012907500000000004
0.0022002499999999995
-0.0014492500000000002
-0.003120750000000001
-0.0038577499999999996
-0.0009082499999999993
-0.0013112499999999993
-0.0026692499999999997
-0.0013792499999999996
0.00208325
-0.0028922499999999994
0.0019067499999999998
0.00074075
-0.0035637500000000005
0.0012717500000000003
-0.00459125
-0.0008352499999999995
0.00017175000000000043
-0.00400825
0.0005027499999999996
-0.00499625
0.0022402500000000005
0.00080525
-0.0007807499999999997
0.00303975
0.00146725
-0.0021887500000000006
-0.0047167500000000005
0.0016922500000000004
0.0022062500000000003
0.00141275
0.00281225
0.005599749999999999
-0.004740749999999999
0.00421725
-0.0002402499999999999
3.775e-05
0.0009217499999999994
0.0026627499999999998
-0.0013617500000000001
0.0022877500000000007
0.0018767499999999997
0.0005147500000000003
0.0020927499999999996
0.0005052500000000002
6.574999999999942e-05
-0.003704750000000001
-0.0013737500000000008
0.00074675
0.0019492500000000002
-0.00288875
-0.0006297499999999997
-0.0004812500000000003
0.00038175000000000014
-0.00425775
-0.0011647499999999998
-7.224999999999989e-05
0.0018537500000000006
0.0024627500000000005
0.0014112500000000002
0.004028250000000001
8.125e-05
0.00402975
0.0041937499999999996
0.0029132500000000005
0.00471475
0.00789425
0.0016312499999999999
0.0006382499999999996
0.0007122499999999992
-0.0008602500000000008
0.00107925
-0.0014082499999999998
0.0019977499999999995
-0.0022682500000000003
0.0010342500000000004
-0.0036812500000000005
0.0006897500000000003
-0.0006267499999999998
0.0009507500000000001
-0.0006622500000000003
-0.0012082500000000001
0.0007392500000000002
0.0028207500000000008
-0.0011947499999999992
0.0031757500000000006
-0.00079825
-0.001532250000000001
-0.0016597500000000002
0.0010877499999999997
0.0012042499999999998
0.0006757500000000001
-0.00015575000000000005
0.0031322500000000005
-0.0036562499999999993
0.0012307499999999996
0.0005572500000000002
0.0007657500000000009
0.00011875000000000011
-0.00119425
-8.72500000000001e-05
-0.00210175
-0.0022627499999999996
0.003801749999999999
-0.0010262500000000007
-0.00359375
-0.0048902500000000005
0.00240775
0.0015132499999999998
-0.00110825
0.0017882500000000001
-0.0021992500000000002
0.00045825000000000005
0.0006762500000000002
-0.0005752500000000005
-2.7249999999999775e-05
-0.00296275
-0.00134025
-0.0009722499999999993
0.00512475
0.003148250000000001
0.0013637500000000002
0.0018262500000000004
0.0024642500000000003
-0.00129175
0.0043387500000000015
-0.0005602500000000002
-8.825000000000041e-05
0.00466575
0.0002982500000000002
0.0005787499999999995
0.0031007500000000006
0.0005187500000000002
-0.0012287499999999998
0.00295625
-0.00195475
-0.0037242500000000006
-0.0007282499999999998
-0.0032857500000000005
-0.0007782499999999987
0.0022042499999999996
7.249999999999792e-06
-0.0004057499999999999
0.00122525
-7.02500000000006e-05
5.625000000000019e-05
-0.005396749999999999
0.00018525000000000027
0.0019922500000000005
8.775000000000011e-05
-0.00042975000000000006
0.00131425
-0.0031537499999999994
-0.0010257499999999995
-0.0025232500000000003
-0.0014117500000000002
0.00356675
-0.0010137500000000008
0.0008037500000000005
-0.00231775
1.0749999999999648e-05
0.00244375
0.0006277500000000008
-0.00044574999999999964
-0.0013972499999999998
-0.0043577500000000005
0.0005177500000000002
-0.00048625000000000003
0.00327775
0.0031822499999999997
-0.0004422499999999996
0.003241750000000001
-0.00307325
0.0006072500000000006
-0.00097475
-0.0037502499999999992
0.0009607499999999998
-7.250000000000312e-06
-0.00306925
-0.0007417500000000002
-0.0018452500000000005
0.00015825000000000032
-0.0012772500000000004
-0.0013062500000000006
-0.0007832499999999998
0.0011987499999999997
0.0012292499999999999
-0.0017462500000000004
-0.0029387499999999995
-0.0012312500000000001
0.00229425
0.0006512500000000001
0.00185175
-0.001720750000000001
-0.0022622499999999995
0.0004072499999999997
0.0021362499999999997
-0.0035187500000000006
0.0019392499999999998
-0.0036872499999999996
-0.0009037500000000003
-0.0020162499999999994
-0.00036275000000000017
-0.004483249999999999
0.0012607499999999997
0.0006907500000000003
0.0005067500000000006
-0.0016507499999999997
-0.0016917500000000001
0.0016382500000000006
0.0032367500000000005
0.0014392500000000002
0.0018692500000000003
-0.0034192500000000004
0.0016737499999999999
0.00087125
0.00449075
-0.0006012499999999998
0.0010557500000000003
0.0031297499999999993
0.0026982500000000006
-0.0015327500000000003
-0.00017175000000000024
-0.00028125000000000003
-0.0037942500000000003
-0.00077875
0.00104375
0.0010677500000000003
-0.00123075
0.00454275
0.00243875
-0.00047474999999999964
-0.0003837500000000002
0.0002857500000000002
0.0010807500000000001
0.0006952500000000004
0.0020157499999999993
-0.00293925
0.0013232500000000006
-0.0031327499999999997
0.0008462499999999998
0.0029697500000000006
0.0020967499999999997
0.00425375
-0.00511575
0.0013067500000000004
0.0022617499999999994
0.00157825
0.0029167499999999996
0.0008652500000000001
0.0016337500000000004
0.00028674999999999973
0.00311925
-0.00398825
0.00294275
0.00257825
-0.0012007499999999998
0.0005517500000000006
0.0010547499999999993
0.0003912499999999995
0.0017602500000000005
-0.0008097499999999998
-1.4250000000000235e-05
0.0014537500000000004
0.0006862499999999994
-0.0009272500000000001
0.0012627499999999998
-0.0016247500000000003
0.003232750000000001
-0.00196875
-1.6750000000000238e-05
0.00068725
-0.00414775
0.0020457500000000003
0.0022867499999999997
-0.00078275
0.00182475
-0.0015327500000000003
0.0002692499999999997
-0.00334575
0.0006957500000000005
-0.0006427499999999997
8.675000000000071e-05
-0.0002962500000000003
-0.0022487499999999994
0.0013672499999999998
-0.0006762499999999999
0.00409375
-0.0029037500000000005
-0.0021802500000000003
0.00038774999999999975
0.00074875
-0.00186575
0.0010052500000000003
0.004567750000000001
-0.0006012500000000002
-0.00023625000000000043
0.0002822499999999997
-0.00202375
0.0019552499999999995
0.00256575
0.0007312499999999996
0.0038642499999999996
-0.0040117500000000006
2.3250000000000355e-05
0.0012102500000000002
0.0010772500000000005
-0.00550325
-0.0034762500000000006
0.00230175
-2.025000000000027e-05
4.424999999999984e-05
-0.002382749999999999
-0.004323250000000001
0.0035197500000000016
0.0032697499999999997
0.00278875
2.3749999999999883e-05
-0.00222925
0.00012925000000000076
-0.0010282499999999997
-0.0015057500000000001
-0.00041075000000000085
-0.00228025
-0.00411625
0.0010072500000000005
0.0003147500000000003
-0.00136475
-0.0018662499999999999
0.00011624999999999968
0.0051372499999999995
-0.0018607500000000002
-0.00115375
-0.0006177499999999997
-0.00275575
0.0017622500000000008
0.00026425000000000027
0.0017012500000000003
-0.0009307500000000004
-0.00042424999999999993
0.0014127500000000002
0.0018562499999999998
0.0023752499999999998
0.004481249999999999
-0.0017192499999999996
0.00219175
-0.00446225
-0.0007837499999999996
0.0007422499999999999
-0.00304775
-0.00014575000000000005
-0.0019967500000000003
0.0029607500000000003
-0.00210775
-0.00198125
-0.00199475
-0.0016457500000000003
-0.003105749999999999
0.0012327500000000003
0.0036162499999999997
0.0012232499999999995
-0.0019672500000000002
-0.00195525
-0.00185075
0.0010807500000000001
-0.0002917499999999994
0.0002997499999999997
-0.00041775000000000026
-0.0031217500000000004
0.0006092499999999998
-0.0028237500000000003
-0.0013777499999999999
-0.00341875
0.0015602499999999998
0.00123825
0.0035792500000000004
-0.0019912500000000004
-0.0005812500000000005
-0.00028725
0.0024657500000000005
0.0018862499999999993
0.0020362500000000003
-0.0010837500000000003
-0.0023227499999999997
0.0018537500000000006
-0.00257575
0.007914250000000001
-0.002518250000000001
-9.274999999999977e-05
0.0017492500000000002
-0.00410125
-0.0011042500000000002
0.0035597500000000004
-0.0015022499999999997
-0.00035275
0.0006872500000000004
0.00150375
0.00355125
0.0027682500000000003
0.0023312499999999996
-0.0015212499999999998
0.0003097500000000003
0.0009257499999999996
0.0042987500000000005
-0.0008352500000000007
9.574999999999993e-05
-2.6250000000000438e-05
0.00217825
0.00225775
0.00057425
-0.0037607499999999993
0.00424025
-0.0027552499999999995
-0.00031124999999999973
0.00208125
-0.0024837500000000007
0.0009697499999999998
-0.00118375
0.005184749999999999
0.00282575
5.275000000000009e-05
0.0005832500000000003
0.005109250000000001
0.00279225
0.0007107500000000001
-0.0039092499999999995
0.0035702500000000005
-0.0003167499999999998
-0.00323025
0.0016312500000000008
-0.0012087500000000002
-0.00736025
0.0007942499999999999
-0.0005927500000000005
8.374999999999994e-05
0.0004417500000000005
0.00119425
0.00012025000000000001
0.004829749999999999
0.003101250000000001
0.0026802500000000003
-0.005356249999999999
-4.6750000000000405e-05
0.0017657500000000004
0.0006867499999999999
-0.00201025
-0.0009132500000000002
0.0008967500000000001
-0.0012067500000000001
0.0015112500000000004
0.00494575
0.0003102500000000004
-0.0020907500000000006
-0.005454250000000001
0.00247275
0.0030622500000000007
0.00420025
0.0037562500000000005
-0.00294425
-0.004100749999999999
-0.0073792499999999995
-0.00093825
-0.00342275
-0.0020412499999999997
0.00492925
-0.00053475
-0.007367749999999999
-0.0022597500000000005
-0.0037752500000000004
-0.00232925
-0.0003882500000000005
-0.0006372499999999995
-0.00480125
-0.0008497500000000008
-0.005353749999999999
0.00032274999999999985
-0.0007042500000000004
-0.00011975000000000013
0.00091275
0.0011437499999999998
-0.00381675
-0.002573749999999999
0.0016822499999999995
1.5250000000000264e-05
-0.0007792500000000003
-0.000620249999999999
-0.0019777500000000003
-0.0018992500000000001
-0.0005087499999999999
-0.00557925
0.0005662499999999999
0.00034624999999999966
0.0016387499999999996
-0.00301025
-0.0006092500000000004
0.0012627499999999998
0.00772575
0.00243675
0.0010462499999999999
-0.0012662500000000004
0.0007567499999999995
0.0010327499999999998
0.0009687500000000009
0.0018702499999999989
0.0020892499999999995
0.0015322500000000002
0.00353575
0.00684175
0.00146625
-0.0019952500000000005
-0.00013375000000000027
-0.003986249999999999
0.00233575
0.0023502499999999995
0.00163475
0.0003317499999999995
-0.00298925
0.0013957500000000003
0.0005957499999999997
0.0038102500000000007
-0.00016775000000000012
0.00145075
0.0011952500000000001
0.0012397500000000004
-0.00016575000000000034
-0.00083175
-0.00029575000000000017
0.0019442499999999996
-0.00393175
0.0025152499999999993
0.0019337500000000001
-0.0018417499999999999
-0.0008217500000000002
0.00131925
-0.00106125
-0.003014749999999999
-0.00179425
0.0016137499999999997
-0.0005622499999999999
0.00274575
0.004666249999999999
0.005713249999999999
-0.00483575
-0.0014212499999999996
-0.0009637500000000004
0.00236275
-0.00220375
0.00119325
0.0016862500000000005
0.00102575
0.0004087500000000002
0.0026677500000000004
-0.0016607499999999997
0.00026024999999999963
0.00068175
-0.0002577499999999995
0.00313275
-0.00302775
0.0009597499999999999
-0.0014432499999999994
-0.0002022500000000005
-0.0012107499999999996
-0.00024274999999999964
6.7500000000003665e-06
0.0009352499999999997
2.974999999999936e-05
-0.0007407499999999992
0.0031932500000000003
0.00305775
0.0024132499999999996
0.0012352499999999996
-0.00040124999999999937
-0.0021887499999999997
0.0019837499999999994
-0.00324975
0.0028377499999999996
-0.0010187500000000001
0.0011297500000000001
0.0004007500000000003
-0.0002767499999999995
0.0010007500000000006
-0.00660925
-0.0004962500000000003
0.0018817500000000002
-0.0006847500000000007
-0.0025192500000000007
-0.0031577499999999995
0.00221175
-0.0005642499999999999
-0.002292250000000001
-0.0003827499999999992
-0.0025842499999999997
0.0006207500000000004
-0.0018112500000000004
-0.0006962499999999996
-0.0007107500000000002
0.0004877500000000001
0.004723249999999999
0.0026302499999999993
0.0001017499999999999
-0.00011324999999999953
0.00028474999999999963
-0.00421875
0.0013842499999999998
0.00093125
-0.0004992500000000011
-0.0008212499999999995
-0.004654750000000001
0.0013817500000000002
0.0001847499999999999
-0.0009277500000000002
-0.00219425
0.004845749999999999
0.00217975
0.0006482500000000008
-0.00140525
0.00238925
0.00250425
0.00221175
0.00032575000000000014
0.0023127500000000006
-0.0007777500000000003
0.00024674999999999936
0.0002652500000000001
-0.00146725
0.0008587500000000006
0.0032547499999999994
0.00382075
0.00202875
-0.00133075
-0.0002462500000000001
0.0023857500000000003
0.0016707500000000004
-0.006474750000000001
-0.0008837500000000004
-0.00296075
-0.0025512500000000006
-0.0023977499999999993
-0.0002647500000000004
-0.0017772500000000002
0.0036612500000000004
-0.00229175
0.0034622500000000005
0.0017462499999999998
0.00244675
0.00028625
6.175000000000021e-05
-0.0017097500000000001
0.0022967499999999997
-0.0011772500000000003
0.002786749999999999
-0.0036452500000000005
-0.0015032500000000002
-0.006445749999999999
0.0007237499999999997
0.00427175
0.0018462499999999998
-0.0007472499999999993
-0.0003837499999999996
0.0013942499999999997
-0.00428325
0.0007842500000000005
-0.00630825
-0.0003707499999999993
0.0043317500000000005
-0.0031462499999999997
-0.00208725
-0.0007752499999999996
0.0003107500000000002
-0.002223749999999999
-0.00229625
-0.00108175
-0.0018822500000000002
0.0012092500000000003
0.00199825
0.00533225
0.0011767500000000003
-0.0010732499999999996
0.0012572500000000003
-5.1249999999999904e-05
0.0023777499999999997
-0.00046975000000000044
-0.00051925
0.0015677499999999997
0.0015477500000000007
-0.00045174999999999995
0.0002952499999999994
-0.0029517499999999995
-0.0035807499999999997
0.0019617500000000004
-0.00166775
-0.00241825
-8.574999999999971e-05
0.0009552499999999996
-0.0004832499999999998
-0.005020749999999999
-4.325000000000044e-05
-0.0030047500000000005
0.0019802500000000002
7.97499999999994e-05
-0.0021622499999999997
0.0027502499999999997
-0.00414775
0.00413925
-0.0008977500000000003
0.0014497500000000003
-0.0033952500000000007
0.0024837500000000003
0.00183925
0.00139075
8.375000000000022e-05
-0.0043047499999999995
-0.0013112500000000008
-0.00028424999999999994
0.0004652499999999994
-0.0034807500000000003
0.0007022499999999999
0.0002077499999999996
0.00035824999999999995
-0.00015375000000000024
0.0021637500000000003
-1.6750000000000793e-05
-0.004788250000000001
0.0006857500000000002
0.00529425
-0.0025077499999999996
-0.004281750000000001
0.0046587500000000006
0.0015347499999999997
0.00262175
-0.0011807500000000002
0.0005177499999999995
0.0013302499999999994
0.0003992499999999996
-0.00190975
0.0003847500000000001
-0.0008702499999999995
0.00115475
0.0006702499999999998
-0.0019142500000000002
-0.00118975
-0.0021107499999999998
-0.0017597500000000005
-0.00048825000000000035
-0.005300249999999999
-0.0018817500000000002
0.00236875
-0.00527775
0.0007282500000000004
0.0021432499999999998
1.7250000000000182e-05
6.87500000000002e-05
-0.004328749999999999
0.0005192499999999994
-0.0020952500000000003
0.00010175000000000017
-0.00035025000000000003
-0.003947750000000001
-0.0018117499999999998
-0.00313975
-0.00235225
-0.004397750000000001
0.0011217499999999997
-0.0024947500000000004
0.00020674999999999944
0.005071749999999999
-0.0010932499999999996
0.00015974999999999976
-0.000258250000000001
0.004797249999999999
0.0040982499999999995
0.00275675
-0.0034307499999999998
0.00245925
-0.00201275
3.124999999999989e-05
-0.0020387499999999998
0.003618250000000001
0.00222725
-0.00252425
-0.0025412499999999992
-0.0008402499999999999
-0.00272725
0.0028122499999999996
-0.0010517500000000004
-0.0018572499999999997
0.0022492500000000004
0.0012622500000000001
-0.00200775
-0.0001192499999999995
0.0031512500000000004
0.004927249999999999
0.00109175
-0.0013267499999999998
-0.0012702500000000003
-0.00249025
-0.0016942500000000004
-0.00106575
-0.00147575
-0.00196925
6.075000000000011e-05
-0.0016452499999999998
0.0006312500000000005
-0.0009872499999999994
-0.00311675
-0.0005272500000000004
-0.00379325
0.00015574999999999977
-0.0013422500000000001
0.00594275
0.0005732500000000002
0.0013917500000000008
0.0035617500000000002
0.0023387499999999992
3.025e-05
0.0016342499999999999
-0.0022532500000000005
0.00020875000000000033
-0.00048724999999999984
-0.00289775
0.0030672499999999997
-0.0001572500000000002
-0.0025372499999999996
-0.00116625
-0.004254750000000001
0.0018347500000000002
-0.0008022499999999994
0.0001397499999999996
-0.00224675
-0.0006272499999999994
0.0007972500000000003
-0.00173725
0.0021177499999999994
0.00261425
0.0012857500000000004
0.0014677500000000005
-0.00475525
-0.00024674999999999974
0.00450975
0.0019922500000000005
-0.00400875
-0.0007112500000000005
0.0026662500000000002
0.0038067499999999994
-0.0019047499999999995
0.00160675
-0.00221125
-0.0017792500000000002
0.0015582499999999997
0.00168125
0.00147075
0.0026287499999999996
0.00338325
-0.0014922499999999994
0.006643250000000001
0.0010102499999999994
-0.00147075
-0.0005927500000000001
-0.0006282499999999994
-0.0027497500000000005
-0.00438875
0.00475775
0.0004397499999999998
0.0005862499999999999
-0.0010617500000000002
-0.00017775000000000104
-0.0018217499999999998
0.00071725
0.0017637500000000003
0.0018297499999999998
-0.00021425
0.0014757499999999992
-0.0007477500000000004
0.0014522499999999993
3.475000000000006e-05
0.0002022499999999997
0.00110225
0.00199475
0.00024574999999999944
-0.00270625
-0.0029267499999999997
-0.0006502500000000004
-0.00015125000000000042
-0.003906250000000001
0.0003177499999999994
-0.0003927500000000003
0.0007592500000000002
-0.00403475
-0.0004902500000000001
0.0003042500000000009
0.00430725
-0.0006222499999999998
0.0019227499999999991
-0.0010322500000000002
-0.0028587500000000006
0.0036062499999999996
-0.00262175
-0.0054002500000000005
-0.0015257499999999995
-0.0031622499999999997
-0.00017874999999999947
-0.0017757499999999987
-0.0021707500000000004
0.0004857499999999999
-0.0007467499999999998
0.00308175
-0.004045249999999999
0.0011507499999999996
-0.0014427500000000002
0.0023837500000000005
-0.0029117500000000003
-0.0026117500000000004
-0.00251025
0.0041322500000000005
-0.0004907500000000001
0.0014472499999999998
0.0013562499999999996
0.00164875
0.0013867500000000002
-0.00373525
-0.00157375
0.00018225000000000047
0.0017547500000000002
-0.0013417499999999998
-0.0037177499999999997
-0.0017602499999999992
0.00629875
0.00063275
0.0010947499999999996
-1.3249999999999929e-05
0.0013222499999999992
-0.0023462500000000002
0.00091175
-0.0006742499999999997
-0.0012907500000000002
-0.004218250000000001
0.0007082499999999997
0.0021827499999999994
0.0006287500000000007
-0.006231250000000001
-0.0017627499999999996
-0.0011342499999999996
0.0011387499999999998
-0.00207575
0.00014575000000000018
0.00045674999999999985
0.00010324999999999945
-0.0008997499999999999
0.00569375
-0.00066825
-0.00040325
-0.0023292500000000006
0.0001857499999999998
0.0009057500000000006
-0.00016625000000000022
-0.00282275
0.0008737499999999995
0.0002917500000000002
-0.0029062499999999995
0.00273025
0.00114625
0.0025892499999999995
-0.0031012500000000003
-0.0028877500000000006
-0.0017587500000000003
-0.00593875
-0.0020637500000000005
-0.00149175
0.0037892499999999996
-0.0029922500000000006
0.006115250000000001
0.00159325
-0.0038582499999999993
-0.002518250000000001
7.374999999999965e-05
0.0013957500000000003
-0.0005372500000000002
-0.001259249999999999
0.0008027500000000004
0.0010742499999999995
0.0015382500000000001
0.003455250000000001
0.00289675
-0.0020032500000000003
0.002739250000000001
-0.0013602499999999997
-0.0008882500000000002
0.0017772500000000004
0.00015975000000000003
0.00040675000000000043
0.0019442499999999996
-0.001730249999999999
0.00284025
0.0021327500000000005
0.0020412499999999997
7.57499999999997e-05
0.00021324999999999982
-0.0032477499999999993
-0.0008697499999999995
0.00352425
0.00303375
-0.001964750000000001
-0.0004647499999999999
-0.004849749999999999
-0.00251725
-0.0008832500000000005
0.0003307500000000001
0.0004397499999999998
0.00167925
0.0021462499999999997
-0.0020817500000000007
-0.0021232500000000006
-0.0001807499999999998
-0.0015317500000000006
0.0020812499999999993
-0.00157325
0.0004632499999999999
-0.0004947499999999993
0.0002782500000000003
-0.003135750000000001
-0.0018852499999999993
0.00210975
-0.0018152499999999996
-8.324999999999999e-05
0.00450525
-0.0010822499999999994
0.00021624999999999992
-0.0005492500000000005
-0.0003097499999999999
-0.0008192499999999992
-0.00183375
-0.004286750000000001
0.0016237500000000002
-0.0014217500000000003
0.0017892499999999994
0.0010952499999999999
-0.0026632500000000003
0.00019774999999999987
-0.0027587500000000004
-0.00167825
0.0008352500000000007
4.3249999999999954e-05
-0.00483225
0.0017587500000000001
-0.00380325
-0.00488525
0.0019897500000000006
0.0010127500000000002
-0.0054227500000000005
0.0037082499999999997
-0.0018812500000000003
0.00094125
0.00171275
-0.004917750000000001
-0.0007262499999999997
0.0023182500000000004
0.00033725000000000004
-0.00441125
-0.002975250000000001
-0.00020024999999999958
0.005817749999999999
0.0027177500000000005
-0.0019317499999999999
-0.0029792500000000006
0.0011367500000000002
0.004423750000000001
0.00030774999999999976
-0.0012572500000000006
0.0013217499999999998
0.0003907500000000004
-0.00606625
-0.0014762500000000001
-0.00405225
0.002567750000000001
0.0004057500000000003
-0.0009292500000000004
-0.0005102499999999999
0.00520875
0.002612749999999999
0.0036787499999999997
-0.0005902500000000002
-0.0015912499999999998
-0.0016507499999999997
0.00531925
0.0010592499999999994
-0.0033797499999999995
-0.0016122499999999989
-0.0003042499999999995
-0.0002937500000000006
-0.00233475
-0.0010777499999999993
0.0021412500000000004
0.0005607499999999995
0.002815249999999999
0.0002202499999999996
0.00412825
-0.0006477499999999995
0.00461175
0.0034947499999999996
-0.002608750000000001
-0.00016774999999999958
-0.00437875
-0.00546575
-0.0004982500000000003
0.00435875
-0.0023037500000000007
-0.003947750000000001
0.0017292499999999995
0.0044392500000000005
-0.0016992499999999994
0.00181575
-0.0013297500000000002
-0.0005532500000000004
-0.0031982499999999997
0.0016627499999999995
-0.0032567499999999992
-0.001964750000000001
-0.00016425000000000044
0.0017762499999999994
0.0023737500000000004
-0.00122025
0.0006317500000000004
-0.0007732500000000003
0.005218749999999999
-0.0014977499999999997
-0.00033075000000000026
0.0014642499999999996
-0.00212875
0.004881749999999999
-0.0012537499999999997
-0.00443725
0.00312925
-0.00040124999999999964
-0.0014407499999999989
-8.174999999999974e-05
-0.0018267499999999994
0.00226475
0.0026947499999999997
-0.0006762499999999998
0.0026612500000000004
0.00319975
-0.00049775
0.00022325000000000011
-0.0007362499999999999
-0.0026722499999999997
0.0015677500000000003
-0.00753325
-0.0018837500000000002
-0.00347275
0.0040862500000000005
-0.0008917500000000001
0.0015047500000000009
-0.0010632500000000002
0.00210075
0.0007032499999999994
0.00297325
0.0013702500000000004
-0.0006687500000000003
0.0022182499999999993
-0.0002727500000000002
-0.00371425
0.00289325
0.0011937499999999997
0.0036192500000000005
0.00010824999999999966
0.00046424999999999966
0.0014642500000000005
-0.0024142499999999997
-0.00036475000000000076
0.0027422500000000003
4.075000000000023e-05
-0.00271925
-0.00464025
0.00421675
0.0040012500000000005
-0.00148875
0.00257175
-0.0007437499999999995
0.00309975
0.0008002500000000013
-0.005070250000000001
0.00199275
0.0016662500000000008
0.0020427500000000003
-0.00074425
-0.00035624999999999963
0.0019012499999999995
-0.0014282500000000003
-0.0035382500000000006
0.004138750000000001
0.0008817499999999995
-2.7750000000000136e-05
0.00057425
0.0009387500000000001
-0.00039074999999999955
0.00020974999999999995
-0.00110025
-0.0012822500000000008
-0.0017577500000000002
0.00329425
-0.0001242500000000002
0.00065225
-0.00027274999999999966
-0.0032907500000000003
0.0010837499999999999
0.00183075
0.0020407499999999996
0.0007322500000000003
-0.00243075
0.004072250000000001
0.0011262499999999994
0.00024824999999999966
0.00265775
0.00132925
-0.0032857499999999996
-0.00045324999999999955
-0.0022407500000000006
0.0019742500000000007
-0.0009412499999999997
-0.0006412499999999994
-0.0043022500000000005
-0.0007277500000000005
-0.0016872500000000002
0.00191125
-0.0004307500000000011
0.00279225
0.0003682499999999997
0.0007842499999999999
-0.0014382499999999994
0.00318875
-0.00279825
-0.00261725
1.6250000000000293e-05
-0.0015437500000000004
-0.00022775000000000044
-0.00213125
-0.0011042499999999998
-0.0008112499999999996
0.00128075
-0.0020602499999999996
-0.0011812500000000002
-0.0005417499999999996
0.0008892499999999997
0.00017774999999999958
-0.00364225
-0.0020467500000000004
0.0006502500000000002
-0.00266575
0.0034142499999999998
0.0017252500000000007
0.00019025000000000015
0.002941750000000001
0.00291525
-0.0017627500000000002
0.0009962500000000004
0.00033475000000000003
-0.0030952500000000003
-5.97500000000005e-05
-0.0011502500000000002
0.00349025
-0.00048224999999999977
0.00102875
0.00172175
-0.00396375
0.0023417499999999996
-0.00111325
-0.005431250000000001
0.00163725
0.0010892499999999997
-0.00021625000000000046
-0.0002742499999999995
-0.00287525
-0.0002977500000000001
0.00036375000000000003
-0.00199975
-0.0018772499999999998
-0.00444675
0.00028775
0.002347749999999999
-0.008337750000000001
-0.00419475
0.0005662500000000001
-0.00258425
-0.0012552499999999988
0.0019512499999999999
0.0014722500000000003
-0.0007802499999999998
0.0004402500000000001
0.0012547499999999996
0.00293475
0.000718250000000001
-0.0032107499999999996
0.004211749999999999
-0.0029482499999999995
-0.00154625
0.00102975
-0.002579250000000001
0.00936475
-0.0045372500000000005
-0.00013824999999999935
-0.0003712500000000002
0.00034175
0.0014727499999999992
0.004003250000000001
-0.0014687500000000004
0.0036162499999999997
0.0018122499999999992
0.0005927500000000006
0.00121975
-0.00163375
0.0017582499999999998
0.0022452500000000003
-0.0002592500000000003
-0.0018747499999999995
-0.0011057500000000008
0.0038002499999999994
0.00036174999999999966
-0.0022642500000000006
0.00184825
-0.00013724999999999987
0.0012232500000000002
0.0002987500000000004
-0.00168725
-0.00260225
0.00433325
-0.004360749999999999
0.003525250000000001
-0.00413525
-0.0004782500000000003
0.0006337500000000004
0.00175425
0.00216975
-0.0004487500000000002
-0.0013727499999999992
0.00010275000000000006
-0.0018337499999999994
0.0009877500000000003
-0.0010207500000000002
-0.00248925
-0.00426475
-0.00045675000000000023
-0.0007592500000000002
0.0010092499999999993
0.0021057499999999995
-0.00076875
-0.0013787499999999998
-0.00248275
0.0024687500000000005
-0.00373325
0.0036032500000000005
-0.00210625
0.00045375
-0.00235025
0.004255749999999999
0.0014822500000000005
0.00187325
-0.00219275
0.00115575
-0.0007482500000000004
0.0020082499999999996
-0.0005652499999999997
-0.0008232500000000001
0.00170175
0.0009877500000000003
-0.0007532499999999995
-0.003976250000000001
0.0019727500000000005
0.0003782500000000003
0.0016012500000000002
-0.0007367499999999999
0.0015272499999999995
0.00450775
-0.0009527499999999994
-0.0008562499999999997
0.00019425000000000006
0.00022324999999999957
0.0008167500000000001
0.0008947499999999996
0.00078375
0.0008052499999999999
0.00374475
0.0003112500000000002
0.0002502500000000002
0.0034967499999999994
0.0011542499999999997
-0.00163125
-0.003163249999999999
-0.0014957499999999997
0.0018527500000000002
-0.00023324999999999984
-9.725000000000011e-05
-0.0018407499999999995
0.00438625
9.175000000000033e-05
-0.00444975
-0.00198175
0.00041675000000000045
-0.0007322500000000008
0.0017187499999999998
0.0011192500000000002
0.0012697499999999994
-0.00377375
0.0026952499999999997
-0.0018767499999999997
1.9249999999999614e-05
0.0021647500000000004
-0.00192125
0.00258975
-0.0010777499999999995
0.00055025
0.0036412500000000004
-0.00644025
-0.0006982499999999991
-0.0015302500000000006
0.0038337500000000004
-0.0028797499999999986
-0.00021825000000000094
0.0010367499999999997
-0.00048325000000000055
0.002592749999999999
0.00064175
-0.00502925
-0.0014642499999999996
0.0036752499999999997
0.0025787499999999994
0.0019747500000000004
0.00506175
0.0005737499999999998
-0.003855749999999999
-0.0034082499999999994
0.00301025
-0.0035447499999999997
-0.0033167500000000007
-0.0006092499999999993
0.00310675
-0.00033375000000000017
-2.1749999999999306e-05
0.0028817500000000006
-0.0010332500000000003
-0.0021542500000000008
-0.0030682500000000002
-0.0022907500000000007
-0.0019047500000000006
0.00162825
-0.00381425
0.0008107499999999996
-0.00128425
-0.0019752499999999996
0.00026874999999999995
0.0031797500000000003
0.00403375
-0.0013767499999999997
-0.00437675
0.0007612499999999999
0.0002782499999999998
-0.0006462500000000001
-0.0005487499999999997
0.00020824999999999956
-0.0018897499999999997
-0.0007077499999999997
0.0009637500000000007
0.00473575
0.00287975
-7.974999999999982e-05
-0.003402250000000001
-0.0019507500000000004
0.00017575000000000007
-0.00263325
-0.00408975
-0.00218525
0.0027257499999999994
-0.000550750000000001
-0.0010162499999999998
-0.0015342499999999998
0.0019032500000000002
-0.0011942500000000002
0.0026957500000000007
0.0015027500000000004
0.00104275
0.00203725
0.0029952499999999996
0.0008422499999999994
0.0003997500000000005
-0.0032292500000000003
-0.0009197500000000001
-0.00043874999999999985
-0.00233475
0.0015757499999999997
0.0017217500000000002
-0.00203675
-0.00589725
0.003107749999999999
0.00041525000000000047
0.0013087500000000002
0.00020474999999999966
-0.00034424999999999983
0.0003137499999999998
0.0002777500000000003
0.0015297500000000003
-0.0006487499999999996
4.749999999999755e-06
-0.005139250000000001
-0.00036074999999999996
0.0028597500000000007
-0.00117925
-0.002808250000000001
0.0009547500000000003
-0.0018887499999999996
-0.00075875
-0.005058750000000001
-0.0004652499999999999
-0.0011142500000000002
0.0026852500000000014
-0.0009012499999999999
0.0016282499999999995
0.0009312499999999999
0.0005417499999999989
-0.00261925
0.00309025
-0.0017017500000000008
0.0006947500000000005
0.0020002500000000007
0.0007862500000000004
0.002330750000000001
0.00055725
0.0015577500000000003
0.0014187500000000003
-0.002564249999999999
-0.00499925
-0.0014167499999999994
0.0013007500000000005
0.0010097500000000004
-0.004877750000000001
-0.0015552499999999998
-0.0012462500000000004
-0.0026767500000000003
-0.0011197499999999997
-0.005153250000000001
0.00112625
-0.0013332500000000002
0.0008922499999999997
-5.1750000000000126e-05
-0.0016567500000000002
0.00276225
-0.0031522499999999997
-0.0035742500000000006
0.00028675000000000006
0.0003492500000000008
-0.00184825
-0.002419249999999999
0.00125375
0.00212925
-0.00217925
-0.00151075
0.00415675
0.0004932500000000002
0.00234275
0.0021232499999999997
-0.0016812500000000002
0.0022847500000000008
0.0030092499999999998
0.0010857499999999997
0.0020902500000000005
-0.0014232500000000003
-5.475000000000008e-05
0.0017582500000000003
-0.0003167500000000001
-0.0053757499999999995
0.0013627499999999998
0.0004857499999999998
0.0006817500000000003
0.0014307499999999995
-9.725000000000025e-05
0.00438475
-0.005957250000000001
0.0018587500000000006
0.00022675
0.0005857500000000005
-0.0014742500000000003
-0.0023622500000000006
-0.004550249999999999
-0.00042574999999999975
0.00077425
-0.0029077500000000006
-0.00133725
0.00018674999999999942
-0.0005352500000000007
-0.0013572500000000004
-0.0032422500000000003
9.975000000000039e-05
-0.0006222499999999998
0.0011907499999999993
0.0010457500000000002
0.0025537499999999996
0.00011575000000000029
0.0008027500000000001
0.003552750000000001
-0.0014547499999999999
0.0005447500000000002
0.0007742500000000001
-0.0050167499999999995
-0.0024792499999999997
-0.0008617500000000001
-0.0007142500000000005
0.00451625
0.0016057500000000002
0.00033025000000000025
0.0015547500000000004
0.0015267500000000001
-0.00427225
0.00026874999999999995
0.00259175
-0.00205475
0.0006227499999999998
0.0014932500000000002
-0.0031162500000000005
-0.0007312499999999999
0.0030687500000000003
-0.00271325
0.005374749999999999
0.00541925
0.00381525
0.0029052499999999994
-0.0014682500000000002
0.00321875
0.003701250000000001
0.0019942500000000004
-0.0009097499999999994
-0.0015952500000000003
-0.00098775
0.00205825
-0.00194275
0.0027022500000000007
0.0029302499999999997
-0.00289175
-0.00203575
-0.0003422500000000005
-0.00283025
-0.0011427499999999999
-0.0016057499999999998
-0.0007102500000000002
-0.0038092500000000006
-0.0020317500000000006
-0.00044875000000000015
0.00230475
0.00365125
0.0020467500000000004
-0.0004587500000000011
-0.0036437499999999994
0.0009152499999999994
0.0008992500000000001
0.006572250000000001
-9.22499999999999e-05
-0.0005467500000000001
-0.0010507499999999998
0.00227075
0.00076975
-0.0010537499999999998
-0.00463025
-0.005482249999999999
-0.005091750000000001
-0.00189525
-0.0006262499999999992
-0.00017424999999999968
-0.0017802499999999997
-0.0023637499999999995
-0.0013912500000000003
0.00116975
-0.006443750000000001
2.674999999999983e-05
-0.0010617500000000004
0.0001342500000000002
-0.00144125
0.00010224999999999991
-8.52499999999999e-05
-0.0020657500000000003
0.00011824999999999974
0.00120125
0.00186775
-0.0008162499999999997
-0.0017737500000000004
-0.00036124999999999965
-0.0002877499999999996
-0.00261825
0.0008552500000000002
-0.0018227499999999997
0.00051775
0.0037097500000000004
-0.0004567499999999999
-0.00082975
-0.00103775
-0.00142425
0.00157475
-0.0012447499999999995
0.00202125
-0.003098749999999999
-0.00304325
0.00233625
0.00339525
-0.00077575
-0.0033527499999999994
0.00449675
-0.00145175
-0.00097775
-0.00026624999999999983
0.00176175
-0.00055475
0.00142175
0.00016625
-0.00197325
-0.0021557499999999997
-0.0015967500000000007
0.0017797500000000005
-0.003142750000000001
-0.0019077500000000004
0.0026702499999999994
0.0026707499999999995
-0.0017482499999999996
0.004209250000000001
-0.004020750000000001
0.00242275
0.0036277499999999995
0.0005287499999999995
0.00119675
0.00178575
-0.0028127499999999993
-0.0011227499999999998
-0.0039257499999999996
0.0009482499999999999
0.0009597500000000003
-0.0017147500000000003
-0.00030174999999999977
0.00287925
6.0250000000000306e-05
0.004828250000000001
-0.00088425
0.0007037499999999994
-0.00254525
0.00280225
-0.0016612500000000004
-0.00357125
0.003147749999999999
-0.0007252500000000001
-0.00324225
0.0009472500000000002
0.00254275
0.0028042500000000003
-0.0013322500000000003
0.00227225
-3.374999999999906e-05
-0.00141125
-2.5249999999999994e-05
0.00314075
0.00026175000000000075
0.0005047499999999999
0.00266575
0.0001532499999999995
-0.0014607500000000007
0.0009317500000000004
0.0008527500000000002
-0.0025332500000000003
-0.0016302500000000004
0.00169925
0.0009937499999999998
0.00307425
-0.00422225
-0.0017777500000000007
0.00018024999999999901
-0.0015002500000000003
-0.00014024999999999997
0.00266575
0.00322475
0.0004222500000000004
0.0006847500000000004
-0.0018512500000000005
-0.00447075
0.0010482500000000006
-0.00162825
-0.00233475
-0.0002567500000000007
-0.00041075
0.0024587499999999996
-0.0003767499999999997
0.002819750000000001
0.00017474999999999983
0.0007852500000000004
0.0015492499999999994
-0.0006917500000000004
-0.0036712499999999996
-0.0014782499999999993
-0.00039025000000000073
0.0018612500000000005
0.00038125000000000046
0.0025897500000000005
0.0014487500000000004
-0.00022825
-4.724999999999979e-05
-0.00448925
-0.0006282500000000004
-0.0006102500000000002
-0.00410425
-0.00392375
0.005013750000000001
-0.0010562500000000001
-0.0014847500000000002
0.000583250000000001
-0.00138375
-0.0018387500000000008
-0.0009702500000000008
-0.0032287500000000003
-0.0013612500000000005
-0.00026974999999999986
-0.0037662500000000005
0.00118175
0.0009142499999999998
-0.003164250000000001
0.004504749999999999
-0.0020782500000000002
0.0010097499999999994
-0.0003522499999999999
-0.00271625
0.0024867500000000002
-0.005433250000000001
0.00010575000000000001
-0.0028957500000000003
0.0017107499999999998
-0.00205125
0.0013587500000000001
-0.003700749999999999
-0.0006632500000000001
0.0044112499999999985
-0.0005517499999999997
2.500000000001806e-07
0.0035422499999999994
-0.0017592500000000002
0.0007132500000000006
6.0249999999999405e-05
2.2500000000008623e-06
-0.0014527499999999998
-0.0009057499999999997
-0.0018312499999999998
-0.0018682500000000001
-0.0005222499999999998
-0.0021772500000000004
0.0004612499999999997
0.0041367500000000015
0.0022062499999999994
-0.00375625
0.0018052500000000002
-0.00022724999999999989
0.00021774999999999995
0.0013167499999999998
-0.0004747499999999999
-0.00112825
0.0003137499999999993
0.0012157499999999994
0.0038152499999999996
0.00499775
0.00373425
0.006692750000000001
0.0009007499999999999
-0.0032407499999999993
-0.00243675
0.0018252500000000005
-0.0014012500000000004
-0.0008737499999999992
0.0029532499999999993
7.750000000000117e-06
-0.00160575
-0.00623475
-0.0007797499999999996
0.001701750000000001
-0.0042917499999999996
-0.0037282500000000002
-0.0034392500000000005
0.0023597499999999994
-0.0011312499999999999
-0.002945249999999999
0.0013267499999999996
0.0017017499999999997
0.0019297499999999996
-0.00041174999999999963
0.0021082500000000003
0.00282775
0.00116125
-0.0032982500000000004
-0.00419025
-0.0017027499999999996
-0.00167425
-0.004251250000000001
-0.0033252499999999996
-0.0017582500000000003
0.00025775000000000065
0.00238325
-0.0018962500000000001
0.00010375000000000023
0.0020912499999999994
0.0018242500000000001
0.0006117500000000015
0.0017327500000000001
-0.00034924999999999984
0.00207625
-0.00306025
-0.00321275
0.0020587500000000002
-0.00080675
-0.0038272500000000004
0.00231125
-0.0023757500000000007
0.0005532500000000004
0.00296925
-0.00019174999999999997
-0.0005637499999999998
0.0030222500000000006
-0.00390575
0.00294525
-0.00026224999999999984
-0.0008762500000000004
-0.00266675
-0.00102575
-0.0034182499999999994
0.0011187500000000002
0.0018832500000000004
-0.0037477499999999998
0.0029497499999999997
-0.00167125
0.00515925
-0.0014352500000000003
0.00163725
-0.0027417500000000007
0.0003957500000000001
-0.0059362500000000006
0.0009112499999999998
-0.00238375
-0.00089025
0.0009532499999999998
0.0014562500000000003
-0.0006602500000000002
-0.00128275
0.00185825
-0.0024037499999999988
0.0010452500000000006
-0.0019342500000000002
-0.00391425
0.0008327499999999998
-0.0034592500000000005
-0.0001297499999999998
0.00560775
-0.0003147500000000003
-0.0027072499999999996
0.002327750000000001
-0.0006892499999999995
-0.0007447500000000003
0.00398675
-0.0010837499999999996
-0.0006317500000000004
0.0011627500000000004
0.0025752499999999994
-0.00031575000000000033
2.8750000000000302e-05
-0.0001757500000000002
0.00232275
-0.0008682499999999999
0.0007152500000000009
-0.0038517499999999997
-0.00268175
0.00294475
0.00354375
0.0018827500000000003
-0.003911749999999999
-0.0036892500000000007
0.0009827499999999997
0.000692749999999999
0.0005067499999999999
0.0026927500000000003
-0.006183749999999999
0.0015267499999999997
0.00053075
0.0006087499999999997
0.0019347500000000007
-0.0026602500000000003
0.0005157499999999998
0.00017524999999999957
0.0026727499999999993
-0.00070025
-0.00014724999999999946
0.0014247500000000002
0.0012682499999999996
-0.0003032499999999999
0.0032232499999999996
0.0010622499999999998
-0.004806249999999999
0.00316625
-0.0027267499999999996
0.0034847499999999987
0.0004252500000000007
0.0014332499999999992
0.005700749999999999
-0.00211875
0.0003667500000000001
-0.0005437500000000004
-0.0055572500000000006
0.0023582499999999997
-0.0020327500000000003
-0.0022262500000000004
-0.0019102500000000003
0.0006142500000000003
0.00438175
0.0002367500000000001
0.00419625
0.0018462499999999996
-0.00035574999999999984
0.0006072500000000005
-0.0011807500000000002
-0.00313575
0.00562325
-0.00292075
0.00217225
-0.004368750000000001
0.0003872500000000001
0.0032187500000000003
0.00016875
0.0005742500000000003
0.0011637499999999994
-0.00213875
0.0026377500000000008
-0.0034172499999999993
-0.0014707499999999996
-0.0044357500000000005
0.00309575
-0.0012742499999999996
-0.00265975
-4.750000000000032e-06
0.00039325000000000004
0.00377525
-9.925000000000003e-05
0.00287575
0.00493225
0.002465750000000001
-0.0015282499999999999
-0.0014857500000000003
0.00022575000000000012
0.00298825
-0.0005332500000000003
-0.0004947500000000002
-7.674999999999905e-05
-0.0036007500000000002
-0.001890249999999999
-0.00267675
0.0013197499999999995
0.0005752500000000003
0.0024412500000000003
0.0025852500000000007
-0.0010847500000000004
-0.0005477500000000001
-0.0007627500000000012
0.0007382500000000003
-0.000502750000000001
0.0034312500000000003
0.00037524999999999977
-0.00448575
0.0027032500000000004
0.0018412500000000004
-0.00447575
-0.00268525
-0.0008892499999999995
0.00342475
0.0033062500000000006
-0.0003702499999999996
-0.003960250000000001
0.0007512500000000001
-0.00106125
-0.0005522499999999997
-0.0036902499999999995
-0.0001032499999999998
0.0011052500000000003
-0.00240725
0.00122825
0.0025417500000000006
-0.00014624999999999984
-0.004464750000000001
0.0018422500000000004
0.0023047500000000004
0.00314575
-0.00383675
0.0016032500000000005
0.00243725
-0.00390275
-0.0012077500000000003
0.0009212500000000001
8.275000000000005e-05
1.0749999999999441e-05
0.0016602499999999998
0.00238125
0.0014932500000000004
0.00026475
-0.00184075
-0.0015647500000000004
0.0016072499999999997
-0.0011587500000000003
0.0001642500000000001
-0.0020557500000000007
-0.0006222499999999999
-0.002210749999999999
-0.0007127500000000006
0.00021525000000000016
0.00320375
-0.0019222499999999997
-0.0021947499999999997
-0.0005807499999999996
-0.0008262500000000003
-0.0019607500000000003
-0.0005817499999999998
-0.0026452499999999996
-0.0030587500000000003
-0.0016732500000000005
6.975000000000092e-05
-0.0019292500000000002
0.0008362500000000003
0.0037282500000000007
0.005960249999999999
0.00223075
-0.0004827500000000001
-0.00555775
0.0005667499999999998
0.00205025
-0.00014474999999999989
0.00021875000000000117
0.0033297500000000002
-0.0015407500000000005
0.0039692500000000006
0.0005372499999999999
-0.00092225
-0.00399175
-0.0027632500000000005
0.0011742500000000004
-0.0012107499999999996
0.00201325
0.00204625
-0.0009662500000000002
-0.00320275
-0.00229225
-0.0027127500000000003
-0.0015902499999999996
0.00384725
-0.0010757499999999997
-0.00018725
-0.0013042499999999996
-0.0012892499999999998
0.0038287500000000006
0.00020874999999999957
-0.0008777500000000002
-0.0003672499999999998
0.00404175
0.00246975
-0.00164225
-0.0010762499999999995
0.0009657500000000008
-0.00230875
-0.0001302499999999998
0.0003777500000000007
0.00279625
-0.00203725
-0.0012617500000000003
0.0020307499999999996
0.00279775
-9.225000000000011e-05
-0.0020037500000000003
-0.00154825
0.0005122499999999994
0.0019522499999999998
0.0006117499999999999
0.0006972500000000004
-0.00299975
-0.0003347499999999999
0.00041775000000000037
0.00133425
-0.0013167500000000002
-0.0003507499999999994
0.0017002500000000006
-0.0019142500000000002
0.0008632500000000004
-0.00192025
0.00386325
-0.0005677499999999998
0.00034924999999999957
-0.0017987500000000004
0.0033657499999999994
-0.00013674999999999994
-0.0019167499999999996
-0.00102475
-0.00019675000000000012
0.0012692499999999995
-0.0013802500000000004
-0.0008837500000000004
-0.00348175
1.3750000000000151e-05
-0.00284575
-0.002047249999999999
0.0005312499999999999
0.0023337500000000008
-0.00411425
0.00575075
-0.0026742500000000004
-0.0036002499999999997
0.0032647499999999994
-0.0004397499999999997
0.0035477499999999997
0.0011707500000000003
-0.00058375
0.003290249999999999
-0.0008757500000000001
0.0030627499999999995
0.0037287499999999994
-0.00206325
-0.0008902500000000002
-0.0010702499999999996
-0.0035982500000000008
-0.0006162500000000003
-0.00027324999999999995
-0.00335075
-0.0038667499999999995
0.0008772500000000004
-0.0006657499999999997
0.0020027499999999998
0.00311925
-0.006200249999999999
0.0012572499999999997
-0.004104750000000001
0.001963250000000001
-0.00172875
0.0009827499999999995
-0.0007457499999999995
0.0014042499999999997
-0.0020742499999999997
0.00483825
0.0004237500000000005
0.0010162500000000004
0.0026622499999999997
0.0007082499999999997
-0.00583275
-0.0004952499999999997
-0.00035374999999999984
-0.0009622500000000009
0.0012792500000000004
0.0045442500000000005
-0.0008387499999999999
0.00332525
0.0006222500000000002
-0.00306775
0.006946749999999999
-0.00269775
-0.0015617500000000004
-0.0017692500000000006
0.0006052499999999998
-0.0033357500000000006
0.00348275
0.0011522499999999998
0.0009152499999999991
-0.0018692500000000003
-0.00135075
-0.0006452500000000001
-0.00012125000000000025
-0.0007367499999999999
-0.00216125
0.00032225000000000005
-0.0009257500000000001
0.0011802499999999997
-0.0011447500000000002
-0.00110525
0.0020637499999999996
-0.00217125
-0.0002902499999999994
-0.00155675
-0.00496025
0.00291725
0.0010677500000000001
4.924999999999964e-05
-0.00407625
0.0006077500000000008
-0.0017017500000000001
0.00525825
-0.0008102499999999996
-0.0028437499999999995
-0.0024937499999999994
0.003743249999999999
-0.00145675
-0.0010342499999999991
-0.0025077499999999996
-0.00209175
-0.0015202500000000001
-0.00017524999999999944
-0.001818749999999999
-0.00493425
-0.0011792500000000006
0.0007857500000000001
0.00032525000000000024
0.0013952500000000009
-0.0012997500000000001
-0.0007572499999999996
-0.0013862500000000005
-0.0012007499999999998
0.00185975
0.0012247499999999993
0.004267750000000002
0.00274325
0.0028997500000000004
0.00236725
0.0017437499999999996
-0.0014182500000000002
0.0016417500000000006
0.0017142500000000003
0.00259925
-0.0015937499999999997
0.0008702500000000006
0.0005652500000000001
-0.00023174999999999972
-0.0022177499999999992
0.0028982499999999994
0.0014862500000000002
-0.00315275
-0.00358275
0.00104625
0.002123750000000001
0.00227975
-0.0026427500000000006
-0.0007667500000000002
-0.0010372500000000002
0.002576749999999999
0.0031962499999999994
0.0029972499999999995
0.0041027500000000005
-0.0005232500000000008
0.00547875
-0.005104749999999999
-0.00052025
0.0014697499999999997
-0.00100025
-0.00347175
-0.0011907500000000006
0.0005237500000000002
-0.00347175
0.00374525
-0.0013967500000000004
-0.0019252499999999992
-0.0009697500000000002
0.0017727500000000005
-0.00046625000000000057
-0.00362925
0.00295075
0.0022317500000000002
0.0001542500000000005
-0.00473525
-0.00502125
0.002687250000000001
-0.00391775
0.00494375
-0.0018997499999999997
-0.0038467499999999995
-0.002406249999999999
0.0027132500000000004
-0.0038962500000000004
0.0014882500000000002
0.002331749999999999
-0.0028712500000000005
0.0028267499999999994
-8.074999999999916e-05
0.00027425000000000035
0.003520249999999998
0.003007250000000001
-0.00011175000000000101
-0.0026087500000000004
-0.0011762500000000004
-0.00141975
-0.0026237499999999998
0.00201625
0.00036924999999999957
0.00229125
-0.0008062500000000003
0.00106325
0.0021502500000000007
-0.0041322500000000005
-0.00547525
0.00168875
-0.0023737500000000004
-0.0008492499999999999
0.00319225
-0.0003922499999999998
1.425000000000079e-05
0.00471775
-0.0019842500000000003
-0.0028257499999999997
0.002295249999999999
0.00240225
-0.0012552500000000005
-0.00230025
0.0030507499999999996
0.0027207499999999996
-0.00455225
0.0002432500000000004
-0.0006207499999999994
-0.00384725
-0.0010392500000000002
0.0004957500000000001
-0.0009577500000000002
0.004368250000000001
-9.025000000000019e-05
0.00026125000000000025
-0.0005027499999999998
-0.0024207500000000006
-0.0013787500000000002
-0.00532925
0.0008047500000000005
0.00474375
0.0002542500000000003
0.0017502499999999999
-0.0011217500000000001
-0.0029042499999999993
-0.0016732499999999998
0.0020282499999999997
0.0017152500000000006
0.00424325
-0.00143325
-0.00241975
0.0007232500000000004
0.0035102500000000003
0.0007462499999999997
-0.0026117499999999995
-0.00154425
0.00205125
-0.0013627499999999998
-0.0017617499999999994
0.0001567500000000005
0.00552825
0.0015297500000000003
-0.0032127500000000003
0.0029382500000000008
-0.0010122499999999995
0.0018872499999999998
-0.0007377500000000001
0.0037667500000000006
-0.00012924999999999965
0.00204625
0.0004547500000000005
0.0030907499999999997
-0.0005952499999999996
-0.0014962500000000002
-0.00194575
-0.0011812499999999996
-0.0004742499999999995
0.0015687499999999998
-1.7500000000002236e-06
0.00073975
-0.00343075
0.00301925
-0.0010582500000000004
0.00186475
0.00254275
0.0006187499999999998
-0.0023282499999999996
-0.0018292500000000004
-0.00529575
-0.0022342499999999997
-0.0012292500000000005
0.0003117499999999992
-6.574999999999942e-05
-0.0020547499999999997
-0.0017677499999999998
0.0019252500000000003
0.0017837500000000006
0.00031425000000000035
-0.0025317500000000006
-0.0014127500000000002
-0.0006687499999999993
3.2500000000000582e-06
-0.00130425
0.0012277500000000005
0.0012947500000000005
-0.003905750000000001
-0.0009617500000000018
0.0006912499999999999
2.324999999999994e-05
-0.0025542500000000005
0.00016025000000000026
-0.0010447500000000003
-0.0025387499999999998
0.00339275
-0.0017802500000000004
-0.0018182499999999998
0.0006187499999999999
-0.0035212499999999996
-0.0009922499999999994
-0.0018647500000000003
-0.00158225
-0.0013227500000000006
0.00212425
-0.0020932500000000005
-0.0011637500000000005
-0.0037967499999999998
0.0023712500000000005
0.0002942499999999998
0.00024624999999999967
0.0015667499999999993
-0.00415275
-0.0006692500000000002
0.004266749999999999
0.0009237499999999995
-0.0004067499999999998
0.0009522500000000004
-0.0037702499999999993
0.0013247500000000004
0.0003942500000000002
0.0029137500000000005
0.00144625
0.004813250000000001
-0.0026697500000000002
0.0011947499999999996
0.0010352499999999997
-0.0015607500000000003
0.0004137500000000004
0.0003262500000000006
-0.0016947500000000005
0.0004972500000000001
0.0008442500000000006
0.002138250000000001
0.00125275
0.00207425
0.0036177500000000003
-0.0029052500000000003
0.00121075
-0.0002212500000000002
0.0018367500000000003
7.275000000000017e-05
-0.0026862499999999994
-0.0009822499999999998
0.0007552500000000005
-0.0030497500000000004
0.0009817500000000004
-0.0013752499999999997
0.0019997500000000002
-0.00304225
-0.00297075
-0.0006092499999999998
-0.0030637499999999996
0.00232525
-0.00558575
-0.00413875
0.00309925
0.0004397500000000004
0.0024817500000000004
0.004486250000000001
-0.0018632499999999999
-0.0010682499999999995
-0.0034402500000000006
-0.00105475
-0.00100725
-0.00011075000000000016
0.00607825
-0.0007777499999999998
0.0013682500000000005
-0.0011027500000000002
-0.0005582499999999994
0.0020527499999999995
0.00211775
-0.00507075
0.0012572500000000006
0.0020617499999999998
-0.0030092499999999998
0.0020247499999999996
0.0001762499999999992
-0.00247575
0.003294750000000001
0.00303075
0.0002087499999999995
0.0034607500000000003
-0.00257375
0.0017642499999999998
-0.00013374999999999986
0.00013524999999999955
-0.0004102500000000001
0.005602750000000001
0.0014272500000000006
-0.0029972500000000003
0.0006652500000000003
0.0032677500000000003
-0.0009272499999999997
-0.0009302500000000002
0.0020627499999999995
0.0006127500000000008
0.0008247500000000002
-0.00100775
0.0019972500000000003
0.0006837500000000008
-0.00415175
0.00019274999999999986
-0.00301225
-0.0003202500000000003
-0.0035707499999999997
-0.00098775
0.0005662500000000002
-0.0019717499999999995
-0.0021767500000000007
2.0750000000000213e-05
-0.00311075
-0.0034607500000000003
-0.00222875
0.0016037500000000004
-0.00047024999999999986
5.749999999999922e-06
-0.0004257499999999992
0.0018272499999999999
0.005160250000000001
0.0004972499999999995
-0.0027177499999999997
0.0016267499999999995
0.0024972500000000003
-0.0027742500000000002
-0.0019772499999999994
-0.002129750000000001
-0.0024072499999999997
0.0019267499999999992
-0.00164725
0.002364249999999999
-0.0014727500000000005
0.0038332500000000003
0.0037387499999999995
-0.00360075
0.004556750000000001
0.0003282500000000002
-0.0017532500000000005
0.00434675
-0.0038727500000000003
-0.00013125000000000026
0.0018302500000000011
-0.00716025
0.00211675
-0.00255975
-0.003070249999999999
0.00242925
-0.0019857499999999997
0.0036442500000000012
-0.00323975
-0.005289749999999999
0.00162075
0.0004852500000000001
-0.005123750000000002
0.00373125
0.0005072500000000002
-0.00441475
-0.0038877499999999997
0.0038537500000000004
0.0034172500000000006
-0.0029347500000000003
0.00086675
0.0033817500000000006
-0.0005772499999999999
-0.005255749999999999
0.0005087499999999997
-0.0017862499999999994
0.0015397500000000003
0.0031647500000000005
-0.0002667499999999996
-0.00021975000000000006
0.003130250000000001
-0.0031737499999999995
-0.00199775
0.0010622499999999998
-0.00019474999999999994
-0.00351775
-0.0005922499999999999
-0.0013847500000000008
-0.0007042500000000007
-0.0020522500000000003
0.0012032500000000001
0.00222775
-0.0002442499999999994
-0.0015172500000000004
-0.00161475
0.0006077499999999996
0.0037692500000000005
-0.0008122499999999999
0.00377275
0.0017172500000000002
-0.00276975
-0.006672749999999998
0.0016842500000000002
0.00023325000000000068
0.0013287499999999999
0.00038225000000000016
3.624999999999948e-05
-0.00025575000000000055
0.00576075
0.0007832500000000003
-0.003057249999999999
0.0007717500000000002
0.0029567499999999997
-0.0017752500000000001
-0.0028732500000000004
0.00585925
0.0027822499999999996
0.00613325
-0.0020972499999999993
-0.00015475000000000078
0.0001617500000000008
-0.0001837500000000003
-0.0006332499999999997
-0.001423250000000001
-0.0008312500000000003
-0.00431275
0.00225475
-0.0050637500000000005
0.0017332499999999998
-0.0009392500000000001
-0.0006497499999999999
0.0003452499999999999
-0.0018532499999999999
-0.00401825
0.0022872500000000002
-0.0013582500000000003
0.0013382500000000002
0.0018462500000000005
0.0008752499999999996
0.0014537500000000004
-0.0036337499999999994
-0.0010827499999999997
0.0010442500000000003
0.00225175
0.0015997499999999998
0.0007062499999999995
0.0002582500000000007
0.0007107499999999995
0.00404625
0.00365125
-8.125000000000021e-05
0.0005752499999999995
0.0019942500000000004
-0.00299075
0.0028537499999999995
-0.00538275
0.0007507500000000005
-0.0012727499999999998
-0.00310875
0.0019447499999999999
0.0018832500000000004
-0.00269125
0.0006047499999999996
-0.0026367499999999998
0.0013052499999999998
0.00567725
-0.00348725
-0.0028952499999999994
0.0033947499999999998
-0.0013352500000000003
-0.0014332499999999992
0.00019074999999999995
-0.00420375
-0.00049225
-0.0008977499999999999
0.00019175000000000054
-0.0026517499999999996
-0.0017217500000000002
-0.0005312500000000009
0.00028975
-0.0018507499999999995
-0.0002042499999999997
0.0014362499999999998
0.00043125000000000053
0.0011102500000000003
-0.0005047499999999999
-0.0016127499999999994
0.00206525
-7.424999999999993e-05
0.0006432500000000005
0.0006597500000000003
0.002569750000000001
0.00484325
-0.001452749999999999
-0.00135075
0.0020592500000000003
-0.0007597499999999999
5.824999999999969e-05
0.0012877500000000003
7.674999999999983e-05
0.0019857499999999997
0.001644249999999999
0.00482425
-0.0027412500000000006
0.001293249999999999
0.0016787499999999997
0.00025825000000000045
-0.00218375
-0.00132925
0.00032225000000000016
-0.0003532500000000002
0.0005087500000000003
-0.00283975
-0.0006412500000000004
-0.00169375
0.00223225
-0.00281775
0.00034125000000000073
-0.0010422499999999998
0.0009257499999999998
-0.0017287499999999998
-0.00478675
0.0035262500000000003
-0.0021572499999999994
0.001978249999999999
0.00231675
0.0005462500000000003
-0.0034707500000000003
0.0033602500000000004
0.00050325
0.00372775
0.001696750000000001
-0.00285675
-0.00287675
-0.00023375000000000007
0.0004972500000000001
0.005652250000000001
-0.00380525
0.0011437499999999998
0.005142249999999999
-0.00019425000000000025
0.0032627500000000005
-0.00241425
-0.0024877499999999995
-0.00015774999999999982
-0.0013272499999999999
-0.00118475
0.00250425
0.0007097499999999999
-0.00031025
0.0020877499999999998
-0.00295625
-0.0017477499999999993
0.00404175
0.0033602500000000004
0.0008297500000000002
0.00220775
0.00053025
0.00281875
0.00195725
-0.0019322499999999997
0.00240425
-0.0017492500000000002
-0.0012107500000000002
0.00206425
0.00136425
0.0004767499999999994
0.00128025
-0.00260775
-0.0037062500000000003
-0.0036387499999999996
-0.0007922500000000002
-0.00166625
0.0024407499999999998
-0.0009742499999999993
-0.0010427500000000003
-5.325000000000017e-05
0.004276750000000001
-0.004258750000000001
-0.00666825
-0.0005662499999999999
0.0013517499999999994
-0.00411825
-0.0003177500000000001
0.00145425
-0.0006592500000000007
0.00313075
-0.0004797499999999999
-0.00399775
-2.024999999999999e-05
-0.00017825000000000008
0.00165225
-9.725000000000047e-05
0.00045475
-0.0030287499999999993
-0.0019102499999999994
0.00019675000000000004
0.00175175
0.00046024999999999983
0.0008232499999999995
0.0017682499999999999
0.0011507499999999996
-0.0034437499999999998
-0.005371249999999999
0.003363749999999999
-0.0014102500000000005
-0.0019732499999999993
0.004530750000000001
0.0026922499999999998
0.0028842500000000005
-0.0027402499999999996
4.249999999999809e-06
0.0016527500000000001
-0.0008682500000000006
-0.00456075
0.0011422500000000003
0.0012552500000000005
-3.750000000000142e-06
-0.0015947500000000002
-0.00485275
0.0004827500000000001
-0.00580175
-0.00047625000000000016
0.00422825
-0.0016732500000000005
-0.0006072499999999998
0.003206750000000001
-0.0012307499999999999
-0.00206125
0.00326675
0.00250725
-0.0006787499999999999
0.00186575
0.0015497500000000006
0.00140625
-0.00724975
-0.0016522500000000003
0.003149749999999999
7.874999999999965e-05
0.0022652500000000003
-0.00503275
-0.00215325
-0.0005972500000000002
0.0006922499999999998
-0.00108625
0.0008947499999999997
0.0036392499999999993
0.0003552499999999997
0.00072375
-0.00037525000000000015
-0.0013002499999999998
0.0006747500000000001
0.0006492500000000002
-0.0010907500000000001
0.0018047500000000006
0.003584750000000001
-0.002599250000000001
-0.0014852499999999998
0.00357775
-0.0030322500000000007
-0.0009167500000000002
0.00040525000000000007
-0.0006067499999999998
-0.0023692500000000003
0.0009152499999999999
0.0028112499999999995
-0.0007427499999999998
0.0023127499999999997
0.0032272499999999997
0.00010124999999999982
3.8750000000000176e-05
-0.00075275
-0.0038907499999999997
-0.003540749999999999
0.00490975
0.0019737500000000007
0.002537250000000001
-0.0030532499999999995
-0.0006482500000000002
0.0014792500000000003
0.00062475
0.00166725
0.0012482499999999996
-0.0007467500000000002
-0.0012547500000000002
-0.0024392500000000004
-0.0009767500000000002
0.0006407499999999998
-0.00613325
0.004077750000000001
-0.00043074999999999976
-0.0008727500000000005
0.0021807499999999995
-0.0024562499999999992
-0.00302825
0.0018662499999999999
5.0250000000000225e-05
-0.0014942499999999997
0.0010822499999999997
-0.00010125000000000029
-0.0014812499999999997
-0.00138575
-0.00248125
0.00348625
-0.00104875
0.004369250000000001
0.0023452500000000005
0.003977249999999999
0.00045375
-0.0005072500000000002
0.0033487499999999997
-0.0034662499999999997
0.00334275
0.0032072500000000005
0.0007302499999999998
0.0015642499999999999
0.0006362500000000007
0.0029117500000000007
-0.00082225
0.0019952499999999996
-0.0019197499999999996
0.003660749999999999
-0.005907750000000001
0.00127525
-0.003920249999999999
-0.0014487499999999995
-0.0012447499999999995
0.00018524999999999957
0.00063975
0.00012824999999999954
-0.00186125
-0.00190375
0.00512825
0.00012875000000000053
0.0001507499999999995
0.0010382500000000001
0.00122375
0.00039175000000000055
5.374999999999963e-05
0.0014002499999999996
0.007922750000000001
0.0016117499999999995
0.0005042499999999992
-0.00351175
0.00366225
-0.0009257500000000001
0.00287975
-0.0030782500000000003
0.0007327500000000001
-0.00027425
0.00270675
0.00019324999999999995
-0.0005452500000000002
0.00164725
-0.0054842499999999995
0.0010277500000000007
-0.00250475
0.0003162499999999995
-0.00404675
0.0016432499999999997
0.00010924999999999977
-0.0006092499999999993
0.0009402500000000002
0.0024472499999999998
-0.00017675
0.00335625
-0.00410675
0.0017077500000000003
0.0015602500000000002
0.00088225
-0.00180875
0.0014532500000000003
-0.0007967499999999999
-0.00039425
-0.0030797500000000005
0.003911749999999999
0.00011124999999999997
0.00210125
-0.0004957500000000002
0.00479475
-0.00019375000000000002
0.0013757499999999994
-0.0013122500000000003
-0.00161775
-0.00074575
0.00249975
0.00174875
-0.0014427500000000005
0.0012527499999999997
0.0031347500000000004
0.0020427500000000003
-2.6250000000000164e-05
-0.0015307499999999996
-0.0012167499999999995
-0.0014702499999999991
-0.0006427500000000001
0.0015102500000000003
-0.00256475
-0.0015137500000000003
0.00184625
0.0004932500000000002
-0.0007542500000000001
0.00346225
-0.00289325
0.00261575
-0.00129575
0.0029512500000000003
0.0002847499999999992
0.00138875
0.0034892500000000006
0.00508675
0.00143025
0.007346750000000002
0.00240575
-0.0012137499999999998
0.0013157500000000003
0.0023372499999999995
-0.00011675000000000047
0.0009137499999999998
0.0038947499999999998
0.0025382499999999997
0.0024337499999999997
0.00117125
0.0019782499999999995
-0.00040174999999999987
-0.0021257500000000005
-0.0019772500000000007
-0.0007452499999999995
0.0008812500000000002
0.0021392499999999997
0.0026202499999999993
0.0007127500000000001
-0.00204675
0.0025217500000000006
0.0010402500000000002
-0.0004317499999999998
0.0027027500000000003
-0.0029007499999999997
0.0005317500000000001
0.004594249999999999
-0.0029867500000000003
-0.0007142499999999999
0.0028447499999999996
-0.0020327500000000003
0.0030862500000000005
0.00040375000000000014
0.0012112499999999999
-0.0006477499999999991
0.0012212499999999995
-0.0034192500000000004
0.0019082500000000002
0.0032192500000000003
-0.0013482499999999994
0.00288675
0.0014052500000000007
-0.0030037500000000008
-0.00434675
-0.0007867500000000006
0.00208675
0.00175425
-0.00303075
-0.00269675
0.0015497499999999995
-0.00420625
0.0009677500000000003
0.0007817500000000002
-0.0018092499999999994
-0.00389175
0.0035017499999999992
0.0016162500000000007
-0.0008752500000000002
-0.0019762499999999997
0.0011017499999999999
-0.00657925
0.0013497500000000005
0.0019172500000000001
-0.0003782499999999997
0.00268275
-0.0009747500000000005
0.00201775
-0.0012397500000000004
-0.0015697500000000004
-0.00025624999999999997
0.00303925
-0.0003822500000000001
0.0024362500000000005
-0.0006362499999999993
0.00437425
0.0001577500000000004
0.0004637499999999998
-0.003601749999999999
-0.0018157500000000005
-0.0007322499999999999
0.00331125
-0.0054142500000000015
-0.00248375
0.00593325
0.004365249999999999
0.0005412500000000001
-0.00040674999999999907
-0.00149775
-0.0027892499999999996
-0.00039074999999999917
0.00232725
0.003628250000000001
0.0023312499999999996
-0.0031082500000000003
-0.0005262499999999998
-0.0023737500000000004
0.0009362499999999991
-0.0008072499999999996
-0.0013772499999999998
0.0006257499999999998
0.0005112499999999998
0.00206375
4.724999999999979e-05
-0.00024074999999999986
-0.0006822500000000003
0.00039024999999999976
0.0023052500000000004
0.003782750000000001
0.003942749999999999
0.0023422500000000006
-6.275000000000044e-05
-0.0012902500000000004
0.0013512500000000005
0.00267625
-0.0016757499999999997
-0.003850250000000001
0.0030222499999999998
0.00130225
0.003957250000000001
0.0007137499999999995
0.0031567500000000003
0.0009332499999999999
0.002390750000000001
0.00197875
0.00084925
-0.0007572500000000001
-0.0014342500000000002
-0.0014862499999999997
-0.0006167499999999998
-0.0016032500000000003
-0.0006472499999999995
0.0024157499999999995
0.003478749999999999
0.0011532499999999998
0.00201475
-0.00352175
0.0015042500000000006
-0.0013737499999999998
0.0005417500000000002
0.00215625
-0.0005507499999999998
0.00019775000000000014
0.0007227500000000001
0.00324025
6.274999999999989e-05
-0.00201625
0.0034727499999999993
0.0007127499999999995
0.0036102499999999993
-0.00017625000000000003
0.0003442500000000001
-0.0002897500000000003
-0.0014152500000000005
0.0046542499999999995
-0.0016627500000000002
-0.0003922500000000001
-0.0024872500000000003
-0.0017577500000000002
-0.0013347499999999993
-0.00429025
-0.00369675
-0.0006082500000000001
-0.0023197499999999998
-0.0006097500000000006
-0.00198025
0.0003402500000000005
-0.00100825
8.775000000000005e-05
0.0028032499999999998
0.0008922500000000001
0.0021077500000000002
0.0008472500000000001
0.0060557499999999995
0.0009287499999999996
-0.0011097500000000003
-0.00346175
-0.0022617500000000003
-0.00302375
0.00125775
0.0023277500000000004
-0.0019117499999999998
-0.0011737499999999999
0.0017562500000000002
-0.0004507499999999999
-0.004142249999999999
1.7249999999999488e-05
0.0010297500000000007
0.003781749999999999
0.0009312499999999996
-0.004891250000000001
-0.0012137500000000004
-0.002403250000000001
0.0007732500000000006
-0.00100875
-0.0003787500000000002
0.0013692500000000002
-0.0023392500000000006
-0.0007432499999999998
0.00027425000000000024
-0.0005922499999999999
0.00051925
-0.0037192499999999995
0.004382250000000001
0.0017822500000000004
0.0003612500000000003
-0.00334525
-0.0010237500000000001
-0.00251525
0.0008407500000000008
-0.00033824999999999995
0.005452750000000001
0.00262575
-0.0024442500000000002
-0.0024842499999999995
0.0010692499999999999
-0.0008042500000000005
0.0013977500000000006
0.0015272500000000002
-0.00019475000000000048
-0.00450175
0.0021952499999999997
-0.0008712500000000001
-0.0005212500000000004
-0.00207875
0.0006937499999999996
-0.002527749999999999
-0.003798750000000001
-4.924999999999999e-05
-0.0032457499999999995
0.00022924999999999966
0.0006222499999999994
0.0021477500000000004
-0.0010127499999999995
0.0007482499999999998
0.0025137500000000004
-0.0031047499999999994
0.0007717500000000005
-0.00302325
0.00018825000000000037
-0.0007642500000000002
0.00216725
-0.0005257500000000006
-0.0003232500000000002
-0.00042774999999999964
-0.0025812499999999993
0.0009857500000000003
-0.00216025
0.0013167500000000004
0.0018017499999999997
-2.8249999999999596e-05
-0.0033617500000000006
0.0009307500000000005
-0.0001242499999999999
0.00168025
0.0006372499999999999
0.0003772500000000007
-0.0006547499999999995
0.0013867499999999997
0.0005857500000000001
-0.00221075
-0.0002282500000000004
0.00204825
-0.00255675
-0.00187425
0.0050687499999999995
-0.0010562499999999992
-0.0002657499999999997
6.374999999999992e-05
-0.0010202499999999997
0.0011007500000000004
-0.00014325000000000004
0.0009117500000000003
0.0034392500000000005
-0.0033547499999999997
-0.0011022499999999995
-0.00124375
-0.0018722499999999998
0.0004827499999999997
0.00358375
-6.274999999999975e-05
-0.00379125
0.005038249999999999
2.825000000000022e-05
0.00013324999999999977
0.0008487500000000003
0.0005607499999999997
0.0010462500000000005
-0.00236525
-0.00140425
-0.0005417499999999996
-0.00439075
-0.0015492500000000003
-0.00579725
-0.0007767499999999993
0.0024607500000000003
0.00196875
0.0035447499999999997
-0.00519525
0.00033074999999999966
0.0018652500000000006
0.00028725
0.0008742499999999999
0.00297225
-0.0015902500000000003
0.00021725000000000008
0.0021817500000000005
0.00287675
-0.00011524999999999952
-0.0053152500000000005
0.0038807499999999997
-0.0006412499999999999
0.0008972500000000003
-0.001576250000000001
-0.0036422499999999997
0.00197625
-0.00732275
0.003947750000000001
0.0048017500000000005
0.00107575
6.725000000000051e-05
0.00540875
-0.0006292499999999993
0.0009667500000000002
0.00409125
6.074999999999997e-05
-0.0030687500000000003
0.0032582500000000003
0.0017662499999999998
0.0006827499999999992
0.0004767499999999997
0.0011687500000000003
0.00035925000000000063
-0.00260825
0.0009262500000000006
-0.00037075000000000026
0.0006682500000000002
0.0026642500000000004
0.0013492500000000006
0.0034787500000000005
0.0017622499999999997
-0.0029857499999999997
-0.00284525
-0.0037627500000000005
-0.0003282500000000001
0.0022747499999999994
-0.0003532500000000008
-0.00115575
0.0016997499999999999
-0.00403025
-0.0006887500000000002
-0.001630750000000001
0.00226625
-0.0021797500000000003
-0.00112975
-0.005316750000000001
-0.004015749999999999
0.0010722499999999996
-0.0015467500000000006
-0.0036757499999999993
0.001021750000000001
-7.975000000000065e-05
-0.004848750000000001
0.00349625
-0.0018392499999999995
0.0004452500000000002
0.0004682499999999999
-0.0011567499999999998
-0.0012867500000000001
-6.725000000000009e-05
-0.0028687499999999998
-0.00036424999999999983
-0.0010592499999999999
0.0016367500000000002
0.0021292500000000005
0.0021492499999999993
-0.00209225
-0.0005027499999999998
-0.0005597499999999998
0.0015257499999999995
-0.00031775000000000027
0.0023867500000000004
-0.0036662500000000002
0.006505749999999999
-0.0021577500000000004
-0.001498750000000001
-0.0036057500000000004
0.0009417499999999998
-0.0013362500000000004
0.0012997499999999997
-0.0015342499999999998
-0.004698750000000001
0.0015347500000000003
-0.00149775
0.0003242500000000001
-0.00535875
-0.002133749999999999
-0.0025847500000000002
0.00221975
-0.00494025
0.00016025000000000067
-0.0013832499999999997
-0.00474225
-0.0020872500000000006
-0.00010375000000000023
-0.0017332499999999995
0.0029307499999999998
-0.0023352500000000005
0.0007552500000000006
0.00163525
-0.00198925
0.0031767500000000003
-0.0016362500000000008
-0.0008477499999999999
-0.00174725
-0.00267525
0.00289875
-0.00013175
-0.00221025
0.00265875
-0.00661125
0.00483275
-0.00290475
-0.0018557499999999995
-0.0004347500000000003
-0.0008932499999999998
0.0005787500000000007
-0.00101775
0.00280625
0.0018097499999999995
0.0037412500000000002
0.0017637499999999997
0.00452375
-0.0010787499999999996
0.0034342500000000002
-0.00083925
0.00513375
-0.00517925
0.0029132500000000005
-0.00026525000000000013
0.00371425
-0.00026724999999999996
-0.0009422500000000003
0.0003042499999999995
-0.005523750000000001
-0.0016922500000000006
0.0010872500000000001
0.0037832499999999997
-0.0014242500000000002
0.004627750000000001
-0.00158075
-0.0011977500000000002
0.0007947499999999998
-0.00406225
0.0018532500000000007
0.0031977499999999996
0.0030907499999999997
-0.00064275
-0.0014197499999999994
0.00207475
-0.0008652500000000001
-0.00206025
0.0029817499999999996
-0.00456625
-0.0013537499999999995
-4.249999999999809e-06
-0.0008877500000000006
-0.0059587500000000005
-0.0011002499999999999
0.00045475000000000056
0.00125575
0.0004822499999999999
0.0009217499999999995
-0.00254625
-0.0034897500000000002
0.0009002499999999999
0.00015325000000000034
-0.00203075
-0.00361075
-0.0014312499999999994
0.0003242500000000001
-0.00416725
0.005059749999999999
-0.0022832500000000006
-0.0025182499999999997
-0.0007997500000000002
-0.00252575
0.0013922500000000005
0.00484625
0.0015467500000000002
0.0013167500000000004
-0.00289925
-0.0007322499999999993
0.00434075
-0.00015625000000000014
-0.0022862499999999997
0.00036624999999999993
0.0020567500000000004
-0.00018324999999999966
-0.00010374999999999992
-0.0018862499999999997
-0.0013957499999999999
-0.0007222499999999998
-0.0015252500000000006
-0.00210975
-0.00277425
-0.0022322500000000003
0.0003627500000000002
-0.00183575
-0.00383625
0.0021237499999999998
-0.0034402499999999993
-0.00243875
-0.00101675
0.00413425
0.0034392500000000005
0.00401575
-0.00282125
-0.0007582500000000005
0.00408825
0.00184725
0.0008357499999999996
0.00124975
0.00415125
0.00018874999999999976
-0.00331175
-0.0006142500000000006
0.0008602499999999998
0.0025227500000000007
-0.0016942500000000004
-0.0006452500000000003
0.00297625
0.0003937500000000005
0.0003262500000000003
0.00025475000000000026
-0.00010825000000000002
0.001122750000000001
0.0013117499999999998
0.00271725
0.0001332499999999999
-0.0005267499999999995
-0.0007037500000000006
0.00381475
-0.003465749999999999
0.0011092500000000004
0.00453075
0.00230275
-0.0005557500000000004
0.00373775
0.00541825
0.00281725
0.0034522500000000005
0.0013997499999999995
1.4249999999999679e-05
0.002129750000000001
-7.024999999999962e-05
-0.0032132499999999995
-0.0032267500000000005
0.00440225
-0.0007312499999999994
0.0020012500000000004
-0.005267749999999999
-0.0008152500000000004
0.00218975
0.0009012500000000001
0.0001757499999999991
0.0006057500000000003
0.0021567499999999994
0.0008942499999999993
0.0008287499999999997
0.0009077499999999995
-0.0013992499999999997
0.0012472499999999997
-0.003072750000000001
-0.00237225
-0.00013625000000000025
-0.0012572499999999997
0.0007482499999999998
-0.0035262500000000007
0.0023927500000000003
0.0023337500000000003
0.00196525
-0.0007442499999999995
0.00261625
0.00346775
0.00397875
0.00025225000000000047
-0.0008657499999999999
0.0001822500000000005
-0.00106925
-6.575000000000026e-05
0.00320075
-0.0011247500000000007
-0.00284725
-0.0011512500000000008
0.0011567500000000004
0.00150975
0.0015152499999999999
-0.0024892499999999997
0.00202075
-0.0023102500000000002
0.0008082499999999995
-0.00229575
0.0006987499999999999
0.0035877500000000002
0.0013397499999999996
0.00011624999999999997
0.0023672499999999996
-0.0006482500000000001
-0.00172975
-0.00506125
-0.0005147499999999994
0.0010632500000000008
-0.0005732499999999998
0.0014977500000000002
0.00410275
0.0008457499999999999
-0.00296875
0.004790249999999999
0.0032887499999999996
-0.0031157500000000005
0.00236175
0.0017822500000000002
0.0010862499999999998
-0.00254525
0.0038172500000000003
0.0066057500000000005
0.0005412499999999997
-0.0005942500000000005
-0.0027132500000000004
0.0002467500000000002
-0.00013724999999999987
-0.0027282499999999998
-0.0004052499999999999
-0.0009472499999999997
0.0009512499999999998
-0.00010524999999999993
0.0015922499999999997
0.00446225
0.0032562500000000005
0.00106675
0.00042474999999999983
-0.0018007499999999996
2.375000000000044e-05
0.0008722499999999994
-0.00052825
-0.00623375
-0.00441625
0.0008242500000000002
-0.0004927500000000005
-0.0012687500000000003
-0.00034375000000000003
-0.004601750000000001
-0.00263125
-0.00339825
0.00163275
-0.0022447500000000002
-7.575000000000012e-05
-0.00145825
0.0003007500000000002
0.0029247500000000003
-0.00026674999999999984
-0.0020112500000000005
-0.0014767500000000002
0.003239750000000001
-0.00191975
-0.0019462499999999998
0.0005757499999999999
-0.004437750000000001
-0.0010572499999999998
0.0017632499999999998
-0.00151225
0.00015074999999999984
-0.00038325000000000056
-0.0008542500000000002
0.00297675
0.0013247500000000002
-0.00163875
0.0022117499999999997
-0.0003112500000000001
0.00411175
0.00021174999999999973
-0.0017157499999999998
0.00317225
0.006110749999999999
0.0009187500000000003
0.0005442499999999993
-0.0015992499999999993
-0.0016562500000000002
-0.0019667499999999997
0.0009737499999999998
0.0020942499999999998
-0.004536750000000001
-0.00436125
0.0040757499999999995
0.00513875
0.0033807499999999996
0.00019325000000000063
-0.0007312499999999999
-0.0007017499999999999
-0.00020325000000000044
-0.00044824999999999997
0.00129225
0.00327175
-0.0009082499999999999
-2.0749999999999935e-05
-6.924999999999973e-05
0.00141475
0.00018175000000000032
-0.0024342499999999993
0.0027157499999999994
-0.00076725
0.0003167499999999998
-0.0019922500000000005
0.0023887500000000002
0.0027652500000000003
0.0023792500000000003
0.0026377500000000003
0.0021302499999999998
-0.00404775
0.0023247500000000004
-0.0011547499999999997
-0.0013327500000000004
0.00042374999999999943
0.00306125
0.00557775
-0.0013142499999999999
-0.00022674999999999944
0.00307175
-0.0015887499999999999
-0.0026342499999999994
-0.0017377500000000001
-0.0012597500000000002
-0.0006342499999999995
0.0008637499999999998
-0.0011982500000000005
0.00151675
0.00038824999999999954
0.0009052499999999997
0.0028547500000000005
0.0016232499999999997
-1.9750000000000253e-05
0.00341175
0.00158875
-0.0014512499999999994
-0.0017897500000000005
0.003637750000000001
-0.00027024999999999993
-0.00220125
7.524999999999962e-05
0.00030075
-0.00560075
