Short-term reversal after publication (Jegadeesh 1990) · sign-flip|0.0013865740740740744
-0.0004208333333333331
0.0017402777777777777
-0.001335648148148148
0.004300925925925926
0.0011731481481481482
0.0014060185185185187
0.0002930555555555554
0.002297222222222222
-0.0019810185185185182
-0.0019425925925925925
0.003197685185185186
-0.0003990740740740739
-0.0013337962962962958
-0.000934722222222222
-0.0004638888888888887
-0.0006101851851851849
-0.00020138888888888894
-0.0030125000000000004
0.0015185185185185187
-0.00032361111111111094
-0.004500462962962963
0.00048564814814814787
0.0013532407407407408
0.0012074074074074075
0.0015
0.00011481481481481501
0.0035023148148148153
0.002002314814814815
-0.001216203703703704
0.0009143518518518517
0.0006111111111111114
-0.0011791666666666663
-0.0002097222222222221
-0.001788888888888889
0.0010222222222222217
-0.0016402777777777772
-0.0010282407407407412
-0.0004990740740740741
0.003590740740740741
-0.001319444444444444
-0.0007435185185185188
0.0026458333333333334
-0.0008842592592592589
0.0029689814814814813
-0.001699074074074074
2.4999999999999818e-05
0.002549537037037037
0.00023194444444444434
-8.148148148148163e-05
0.0030388888888888887
0.002158796296296296
-0.0030787037037037037
0.001272222222222222
-0.00033194444444444444
0.0014101851851851847
-0.0047435185185185184
-0.0012763888888888885
0.0011407407407407406
0.0007810185185185181
-0.0011314814814814818
-0.0004398148148148148
-0.0022763888888888886
0.0008657407407407407
0.0011763888888888891
-0.0034268518518518524
-0.0006004629629629628
0.001959722222222222
-0.00044722222222222217
0.0014925925925925925
-0.00029212962962962954
-0.0006708333333333332
-3.472222222222213e-05
0.0022666666666666673
-0.00038703703703703735
0.002179166666666667
0.001399537037037037
8.33333333333329e-05
-0.000324537037037037
-0.0012671296296296296
0.0016412037037037035
0.0004268518518518512
0.0003541666666666662
-0.0016583333333333335
-0.0006796296296296293
-0.00040138888888888863
-0.0009930555555555554
0.0018550925925925933
0.0006495370370370367
-0.003591666666666667
-0.0019972222222222223
-0.00036759259259259205
-0.00017222222222222188
-0.0007402777777777776
-0.0014282407407407406
0.0036023148148148156
3.240740740740692e-05
0.000675
0.0001296296296296295
-0.0007796296296296294
-0.0017282407407407405
-0.0011898148148148146
-0.001253240740740741
0.0018074074074074077
-0.0009509259259259255
-0.001644907407407407
0.003675
0.0018347222222222228
0.0013162037037037038
0.0005699074074074076
-0.00012962962962962917
0.0001236111111111115
-0.0006763888888888889
0.0005189814814814816
-0.0011555555555555553
-0.000705555555555556
0.0014449074074074073
-0.0005157407407407411
-0.0014763888888888884
-0.0017916666666666665
0.0005967592592592591
0.0002750000000000003
0.002247685185185185
-0.0011898148148148148
0.0023847222222222217
0.0008972222222222226
-0.0010060185185185187
-0.0004629629629629635
0.0012648148148148148
0.0020337962962962957
-0.0003412037037037039
0.002042592592592593
0.0013976851851851852
0.003799074074074074
-0.001273611111111111
-0.0008712962962962958
-0.0006236111111111115
-0.0002990740740740739
-0.002768981481481481
0.00085
-0.0016231481481481477
-0.0031018518518518526
0.0005041666666666669
-0.0003532407407407403
-0.0006162037037037034
0.0015532407407407409
-0.0021050925925925924
-0.00015416666666666628
0.0010111111111111106
-0.0023430555555555544
-0.0003976851851851852
-0.0012712962962962962
-0.0006120370370370375
0.0008907407407407403
0.0004652777777777781
0.0021907407407407405
2.4074074074074023e-05
-0.0018874999999999999
-0.0016648148148148154
-0.001920833333333333
0.0009268518518518523
0.0008009259259259262
0.0028324074074074067
0.0006208333333333334
-0.00038564814814814793
0.00026018518518518545
-0.00022685185185185205
-0.0005759259259259254
-0.002955555555555556
-0.00011481481481481501
0.0006157407407407409
-0.0017675925925925923
0.00010648148148148168
-0.00042962962962963023
9.490740740740698e-05
0.0011305555555555557
-0.0002236111111111109
0.0005986111111111113
-0.0018129629629629626
-0.00198287037037037
-0.0007092592592592592
-0.002080092592592593
-0.0012606481481481477
-0.00024120370370370308
-0.0005796296296296298
0.0029291666666666667
0.002154166666666667
0.00025092592592592587
0.002006018518518519
-0.0012194444444444442
0.0004754629629629629
0.0029407407407407407
0.0012185185185185187
-0.0007550925925925924
0.0011606481481481483
-0.0014194444444444445
0.0005555555555555558
-0.002070370370370371
-0.0024754629629629627
0.0007009259259259258
-0.002287962962962963
0.00044120370370370364
-0.0042611111111111105
0.002874537037037037
-0.00027916666666666666
-0.0013185185185185183
0.0008263888888888889
-0.00024722222222222186
-0.000421296296296296
0.00032870370370370394
-0.0025375000000000003
-0.0007490740740740743
0.00044398148148148156
-0.0004337962962962961
0.0010805555555555553
0.0013055555555555557
-0.000862962962962963
-0.002603703703703703
0.0046268518518518525
4.1203703703703875e-05
0.003436574074074074
-0.00089537037037037
0.0007601851851851852
0.0014157407407407408
0.0006273148148148148
-0.0015027777777777778
0.0008597222222222221
-0.004047222222222222
0.0024175925925925927
-0.0011777777777777776
0.0015819444444444444
-0.005602314814814814
0.00041759259259259294
0.0004949074074074071
-0.001677777777777778
-0.00020370370370370337
0.0018453703703703707
-0.0015013888888888891
-1.203703703703751e-05
-0.00139537037037037
0.0006949074074074074
-0.00042407407407407416
-0.0018907407407407406
0.002051388888888888
0.0012875
0.0022171296296296297
0.0016921296296296296
-0.001915740740740741
0.0009337962962962964
-0.00038333333333333324
-0.003957407407407408
-0.0016013888888888887
-0.0023268518518518517
-0.00025324074074074094
-0.0009050925925925923
0.0012171296296296296
-0.0014740740740740745
-0.0021347222222222223
-0.001824537037037037
-0.0033537037037037034
-0.0012226851851851847
0.0008893518518518516
0.0010856481481481479
0.0006587962962962964
0.0011273148148148145
-0.0013791666666666672
-0.0017449074074074075
-0.0004124999999999998
0.0005203703703703698
0.003912962962962962
0.002925
-0.0015495370370370363
0.0016000000000000003
0.00035231481481481523
0.000588888888888889
-0.000865740740740741
-0.0033148148148148147
-0.0024259259259259256
0.0033888888888888883
-0.0006671296296296293
0.0001592592592592592
0.0020282407407407406
0.0005203703703703704
0.0021513888888888884
-0.0006287037037037036
0.0034962962962962964
7.59259259259261e-05
-0.0009856481481481478
-0.002197685185185185
-0.00032824074074074044
0.0018990740740740747
-0.0001606481481481487
7.638888888888825e-05
0.0027662037037037034
-0.001972222222222223
0.0005462962962962966
-0.0001916666666666667
-0.0018384259259259256
-0.000754629629629629
-3.148148148148142e-05
-0.0059175925925925915
0.0027856481481481486
-0.0019657407407407406
0.0007513888888888892
0.001248611111111111
0.0018833333333333339
0.0008249999999999999
0.0017537037037037033
0.002209259259259259
0.0010939814814814814
0.001210185185185185
0.0017805555555555558
-0.0013324074074074076
0.000474074074074074
-0.004554629629629629
-0.0027699074074074076
0.003269907407407407
-0.0016319444444444443
-0.0002935185185185184
0.0007749999999999998
-0.002073611111111111
0.0010449074074074078
0.0007939814814814818
0.0006074074074074068
0.000162962962962963
-0.0006194444444444443
0.0009050925925925926
0.0011749999999999998
-0.0008907407407407403
0.0005828703703703703
-0.0012666666666666664
-0.0012064814814814822
-0.0023013888888888893
0.00022870370370370427
-0.0017046296296296295
0.001186574074074074
-0.000813425925925926
0.0010467592592592594
0.0024601851851851855
-0.0020222222222222217
0.0017078703703703696
-0.00037777777777777793
0.00011666666666666667
0.000313425925925926
-2.916666666666641e-05
-0.0001916666666666666
0.00033564814814814867
-0.0023754629629629633
0.00044166666666666627
-0.0026055555555555554
-0.0007791666666666669
0.0003023148148148149
-0.0012740740740740742
-9.768518518518522e-05
0.0014078703703703705
0.0002902777777777781
-0.0011291666666666668
-0.0014601851851851855
-0.0003050925925925922
8.10185185185184e-05
-0.0016907407407407407
-0.00045740740740740713
-0.0001944444444444443
0.0037111111111111103
-0.0003509259259259255
0.00152962962962963
-0.0006523148148148147
0.00016898148148148152
-0.00017824074074074064
-0.0011685185185185188
0.0034277777777777774
3.657407407407416e-05
-0.0015013888888888887
0.0001388888888888887
-0.002359259259259259
-0.000688888888888889
-0.002304629629629629
-0.003565740740740741
-0.0016935185185185178
0.0001259259259259262
0.000625462962962963
6.203703703703654e-05
-0.0015754629629629623
0.0025694444444444445
0.0008550925925925925
5.555555555555201e-06
-0.001216203703703704
0.003248611111111111
-0.0024050925925925924
-0.00015787037037037047
-0.0024791666666666664
-0.001995370370370371
0.0024444444444444444
0.003461111111111111
-0.0003236111111111113
0.0024305555555555556
0.0016666666666666672
-0.0007217592592592594
0.00026574074074074103
0.0003916666666666667
-0.0013078703703703705
0.002396759259259259
-0.0015569444444444443
0.0018912037037037033
0.0003675925925925925
-0.0021939814814814817
0.0012476851851851852
0.0002592592592592594
-0.0001949074074074079
-0.0031129629629629623
-0.0007009259259259263
-0.000713425925925926
0.0011675925925925922
0.002272222222222222
0.002344907407407407
-0.0005055555555555557
-0.002512037037037037
-0.0004078703703703702
-0.00028935185185185146
0.0015879629629629627
0.002002314814814815
-0.0013268518518518516
-0.0004958333333333337
0.000515277777777778
0.001363425925925926
0.0023884259259259262
0.0012967592592592594
2.777777777777774e-05
-0.0008597222222222225
-0.0007439814814814816
-0.0006888888888888891
0.002554629629629629
-0.0005152777777777779
-0.002524537037037037
-0.0011226851851851851
-0.003416666666666667
-0.00015509259259259239
0.0037574074074074077
0.0035287037037037027
-0.0005569444444444447
0.002069444444444445
-0.0005217592592592588
-0.0022462962962962966
0.0008314814814814817
-0.0014518518518518517
0.0013199074074074077
-0.002464351851851851
-0.0003638888888888889
0.003202314814814814
-0.003483796296296296
-0.0004203703703703705
-0.004338425925925925
-0.00011296296296296312
-0.0002949074074074076
0.00239212962962963
-0.0009226851851851853
0.000564814814814815
0.0008884259259259254
-0.0009527777777777777
-0.0028439814814814816
-0.0016425925925925922
0.00279537037037037
-4.629629629629505e-06
-0.0013115740740740742
0.000689351851851853
0.0007865740740740741
0.0008939814814814816
-0.0015273148148148151
0.000824537037037037
-0.0031356481481481483
0.002718981481481481
0.0009777777777777777
0.0012685185185185186
-0.0016055555555555554
-0.00036898148148148147
-0.0015629629629629628
0.002411574074074074
-0.0005435185185185186
-0.0005888888888888896
-0.0014990740740740726
0.004096759259259259
-0.0009166666666666662
0.00040277777777777816
-0.00044444444444444447
0.00017777777777777746
0.0012620370370370374
0.000643981481481481
-0.0033148148148148147
0.0003495370370370368
0.0024407407407407403
-0.001512962962962963
0.0013023148148148147
-0.0025791666666666662
-0.0002884259259259259
0.0030796296296296296
0.0019226851851851846
-0.0007574074074074068
-0.0004449074074074075
-0.0002148148148148148
0.002034722222222222
0.0018888888888888885
-0.000961574074074074
-0.000197685185185185
0.00045787037037037064
-0.002761111111111111
0.0023486111111111108
-0.00017407407407407378
0.002213425925925926
0.00017685185185185216
-0.0005995370370370371
-0.0007023148148148148
0.0007606481481481478
-0.0021254629629629627
0.0009314814814814817
-0.0006754629629629631
0.0008425925925925927
0.0005995370370370371
0.0045138888888888885
0.0010041666666666667
-0.0011476851851851854
-0.0014847222222222221
0.0026532407407407403
-0.0028638888888888885
-0.000575
-0.001231018518518519
0.00024120370370370387
0.0010374999999999998
0.0038587962962962964
-0.0025578703703703705
0.0018787037037037043
0.0030504629629629623
7.96296296296303e-05
0.002228703703703704
-0.0005361111111111112
-0.0002763888888888886
-0.0004222222222222225
0.0004138888888888893
0.00047592592592592587
-0.0006194444444444447
0.0014624999999999998
-0.00038935185185185264
0.002303703703703704
0.00041574074074074045
0.00020648148148148134
0.0015574074074074075
-0.0017532407407407408
0.00019305555555555601
0.002335185185185185
0.002494907407407407
-0.0014592592592592589
-0.001173611111111111
-0.0007310185185185178
-0.0018273148148148146
0.003580555555555556
-0.0013981481481481484
0.0019324074074074072
-0.0007652777777777773
-0.00028333333333333373
-0.00043981481481481514
-0.002541203703703704
0.00036527777777777746
-0.0020888888888888893
-0.0013879629629629632
0.0005916666666666668
-0.0028398148148148145
0.0009615740740740738
0.0007398148148148147
0.0019902777777777774
-0.0010189814814814816
0.002366203703703704
-0.00021944444444444417
-0.0005824074074074074
-0.0015962962962962962
0.0006879629629629626
0.00015000000000000029
0.0004273148148148143
-0.0021624999999999995
-0.000911111111111111
-0.0001615740740740744
0.0006305555555555555
0.003943055555555555
-0.0005277777777777779
-0.0006648148148148146
0.0029050925925925924
0.0029986111111111107
-0.0016842592592592593
-0.0018824074074074077
0.0001226851851851854
0.0005532407407407412
-0.0018226851851851854
0.0008726851851851851
0.0021398148148148144
0.000332407407407407
-0.00039120370370370405
-0.0005087962962962964
-0.0006115740740740738
-0.0015819444444444444
0.0011347222222222227
-0.0018449074074074077
0.0005467592592592594
0.0005180555555555555
-0.0014662037037037037
-0.002631481481481482
0.00204212962962963
-0.00039351851851851825
-0.0007865740740740738
0.0008074074074074075
-0.0018814814814814814
0.00014490740740740634
-0.0015782407407407403
0.0011245370370370374
0.0029087962962962956
-0.0017712962962962966
0.0013412037037037036
0.003911111111111111
-0.00023981481481481458
0.001059259259259259
-0.0012541666666666665
0.002074074074074074
-0.0015884259259259256
0.0010976851851851853
-7.870370370370275e-06
0.001716203703703704
0.0022814814814814816
0.0017703703703703696
0.000461574074074074
0.0025472222222222224
-0.00028472222222222223
0.0010490740740740742
0.0027365740740740744
-0.0005578703703703706
-0.002669444444444444
0.0003675925925925923
0.0013828703703703702
0.0011282407407407404
-0.0004259259259259259
0.0029842592592592594
-0.00047407407407407375
0.0017444444444444445
-0.000836574074074073
-0.0008268518518518517
-0.00042870370370370377
0.00021064814814814807
0.00017037037037037018
-0.0010462962962962965
0.0023393518518518524
-0.0022537037037037035
-0.00029305555555555546
0.002975462962962963
-0.00020185185185185147
0.0008652777777777774
0.001210185185185185
0.001064814814814815
-0.000347222222222222
-0.0005546296296296296
-0.001463425925925926
0.0003166666666666665
0.002057407407407408
0.0013861111111111116
-0.0016527777777777782
-0.0012560185185185185
0.0016671296296296297
0.00012546296296296315
-8.79629629629687e-06
0.00035972222222222216
0.002577314814814815
-0.001335648148148148
0.001348148148148148
-0.0005875000000000006
-0.0012810185185185184
0.0017837962962962963
2.037037037037031e-05
0.0008893518518518516
0.0005425925925925927
0.002111574074074074
-0.0007013888888888889
-0.000363425925925926
-0.00027407407407407393
2.0833333333332967e-05
-0.0031087962962962957
0.0006541666666666663
-0.0014226851851851853
-0.0007629629629629632
-0.00013333333333333342
-0.0009083333333333333
-0.0017874999999999994
0.0002416666666666669
-0.001138888888888889
0.0031837962962962965
-0.003730555555555556
0.0014796296296296296
0.001381481481481482
-0.0026634259259259263
0.0032648148148148146
0.00010555555555555504
0.0019541666666666666
0.0019050925925925932
0.003563888888888888
0.0012754629629629628
0.0003824074074074074
-0.000639351851851852
0.00039305555555555583
0.001590277777777778
-0.00028425925925925933
-0.0013314814814814819
0.0032944444444444445
0.0005175925925925928
-0.0026212962962962965
-0.0005314814814814811
0.0015393518518518516
-0.002300462962962963
0.00011203703703703687
0.0033435185185185182
-0.000587962962962963
0.0006203703703703702
-0.00012083333333333327
0.00035601851851851837
0.0006759259259259261
0.0009032407407407407
-0.004396759259259259
-0.0010587962962962964
-0.0006189814814814814
0.0019856481481481483
-0.000817592592592592
0.00031851851851851827
0.002266666666666667
0.0019731481481481484
-0.0019833333333333335
-0.002536574074074074
0.00014675925925925954
-0.00370462962962963
0.0014041666666666662
-0.001388425925925926
0.0010125
-0.002805555555555555
-0.0017851851851851857
0.001097222222222222
-5.7407407407407e-05
-0.0036694444444444444
0.00025694444444444414
-7.31481481481482e-05
-0.0006416666666666669
-0.00037037037037037084
-0.0005847222222222222
0.000993981481481482
-3.796296296296277e-05
0.000665740740740741
0.002182407407407407
-0.0006893518518518515
0.0024569444444444448
-0.001924074074074074
-0.0004050925925925927
-0.004118981481481481
-0.0001347222222222219
-0.0016773148148148146
0.00043009259259259265
-0.0016263888888888886
0.0023791666666666666
-0.0015518518518518516
0.0011226851851851853
-0.0009972222222222227
-0.00033981481481481504
-0.0008550925925925922
-0.0001361111111111113
-0.002634722222222222
-0.0016384259259259264
0.0018231481481481482
-0.00015972222222222242
0.002710185185185185
0.0015990740740740737
-0.001938425925925926
-0.0026763888888888883
0.0005972222222222219
-0.0012393518518518522
-0.0017421296296296295
0.0006273148148148146
0.0020101851851851843
0.0026162037037037035
-0.0023356481481481483
0.0005143518518518515
-0.0013287037037037037
-0.0011814814814814815
0.0004523148148148147
-0.0011199074074074071
-0.0012064814814814818
0.001581018518518518
0.0036370370370370363
0.001890740740740741
-0.0007185185185185183
0.002552777777777778
-0.00023009259259259283
0.0028240740740740735
0.00012453703703703707
0.0005495370370370372
0.0010458333333333335
0.000899074074074074
0.0025138888888888884
4.6759259259259505e-05
9.398148148148102e-05
-0.0024254629629629626
0.0008143518518518522
-0.0003490740740740739
-0.0012726851851851853
0.000985185185185185
-0.001169444444444444
0.0007944444444444446
-0.0012912037037037037
-0.0023569444444444445
0.001940740740740741
0.0006287037037037038
0.0011138888888888884
0.0018175925925925924
-0.00256712962962963
0.002681481481481482
0.0027782407407407404
0.002958333333333333
4.86111111111109e-05
-0.0003601851851851857
-0.0023111111111111106
0.000634722222222222
-0.002136574074074074
-0.0007888888888888881
-0.0025356481481481484
0.0010615740740740744
0.00027546296296296276
-0.0021925925925925928
0.0005342592592592588
-0.002915277777777778
-0.0009625000000000004
-0.0012925925925925921
0.00044444444444444387
-0.00015138888888888892
0.0005416666666666669
0.0004222222222222222
-0.00018981481481481472
-0.003834259259259259
0.0003055555555555554
-0.00031944444444444446
0.00017824074074074075
-0.001200462962962963
0.00030694444444444394
0.001316666666666666
0.002966203703703703
0.0014212962962962966
-0.0035203703703703703
-0.0025657407407407404
-0.002110648148148148
0.002339351851851851
0.0010800925925925926
0.00011481481481481464
-0.001053703703703704
0.0022546296296296303
-0.0014041666666666666
0.0006782407407407409
-0.0010402777777777778
-0.0024560185185185184
-0.003435185185185185
0.0028472222222222215
0.0006555555555555558
0.002338425925925926
-0.0013597222222222225
0.001768055555555555
-0.002036574074074074
9.444444444444471e-05
-0.0012935185185185185
0.0011078703703703704
-0.0014300925925925926
0.0009171296296296295
0.00011851851851851806
-0.0012097222222222227
-0.0009250000000000003
-0.0007509259259259263
-0.003646759259259259
-0.0020888888888888884
-0.004309722222222223
-0.0006583333333333336
0.00033796296296296325
-0.0001611111111111111
0.0005791666666666663
-0.0012425925925925927
-0.0004069444444444441
-0.0011069444444444447
0.001875462962962963
-0.0017421296296296297
0.0020861111111111115
0.0011990740740740742
0.004717129629629629
0.0006263888888888888
0.0019074074074074076
0.002223148148148148
-0.0013523148148148144
0.0027041666666666664
-0.0014499999999999997
-0.00022129629629629658
-0.0005949074074074076
-0.0014097222222222221
0.00016342592592592567
-0.0004333333333333329
-0.00025555555555555607
0.00110787037037037
0.0017935185185185183
-9.675925925925913e-05
0.0013777777777777777
-0.0023907407407407406
0.0006800925925925926
0.00012592592592592684
-0.000814351851851852
-0.001643981481481481
-0.0008337962962962965
0.0030967592592592596
0.0042148148148148145
0.00010925925925925853
0.0015824074074074074
-0.001078703703703704
-0.0010763888888888889
0.0035689814814814816
0.001176388888888889
0.00019305555555555601
0.001960185185185185
0.0005282407407407405
0.0009453703703703712
0.00013055555555555585
0.002774537037037037
-0.0006759259259259261
0.0003199074074074072
-0.00031666666666666676
0.00029305555555555514
0.002166666666666666
0.002250462962962963
-0.0004620370370370365
0.0009444444444444445
0.0002921296296296297
0.002710648148148148
-0.00042638888888888837
-0.0018226851851851852
-0.0019018518518518514
0.0019555555555555554
0.001555555555555555
-0.001321759259259259
0.0008847222222222221
-0.00010833333333333367
-0.000349537037037037
-0.0008069444444444443
-0.0016699074074074075
-0.0004995370370370364
-0.0004314814814814811
-0.0005796296296296294
-0.002054166666666667
0.0004467592592592589
0.0002847222222222223
-0.0017365740740740738
0.0036791666666666665
-0.0018425925925925925
0.00046342592592592583
0.0005861111111111106
-0.0021953703703703705
-0.002727314814814815
-0.0017208333333333331
-0.000809722222222222
-0.0011550925925925928
-0.0029574074074074077
0.0009574074074074076
0.0011990740740740742
0.0028194444444444447
-0.0004527777777777777
0.00035648148148148166
0.0014874999999999997
-0.0003379629629629625
-0.0006120370370370368
0.0021310185185185186
-0.0005805555555555554
0.0015453703703703703
-0.002309259259259259
0.001977314814814815
-0.00296712962962963
0.0013097222222222219
0.0005523148148148147
0.0008342592592592594
0.0012810185185185188
0.000571296296296296
0.000376388888888889
0.0007828703703703705
-0.0004351851851851856
0.000126851851851852
-0.001483796296296296
-0.002601388888888889
-0.0017087962962962961
0.0018703703703703705
-0.0003564814814814818
0.0008726851851851859
-0.000949537037037037
-0.0006620370370370374
0.002298148148148148
0.0011175925925925926
-0.0020356481481481484
-0.0009074074074074074
0.0003060185185185189
-0.0003898148148148148
0.0009337962962962964
-0.0010240740740740735
0.0028509259259259265
0.0017546296296296296
0.0005171296296296304
0.0006236111111111115
-0.001960648148148148
-0.000833796296296297
-0.00023611111111111182
-0.0037763888888888895
0.0034412037037037037
-0.0005384259259259261
-0.0010893518518518511
-0.002362037037037037
0.002617592592592593
-0.0004444444444444442
0.0001347222222222219
-0.0028425925925925927
0.002318981481481481
-0.00021342592592592588
-0.0017583333333333335
2.6851851851852106e-05
-0.002498148148148148
0.0002537037037037035
-0.0004078703703703703
0.002704166666666667
-0.004419907407407408
-0.0009217592592592591
0.00013194444444444465
0.0015018518518518517
-0.0006898148148148148
-0.0007814814814814817
-0.0016884259259259261
0.0023726851851851856
-0.0006856481481481482
0.0028745370370370374
-0.0013629629629629627
0.0005231481481481478
0.0002273148148148147
0.0006875000000000002
-0.0021074074074074077
0.0015185185185185189
0.0009888888888888888
-0.001394444444444444
0.0033185185185185184
0.002250462962962963
-0.0031000000000000003
-0.0033333333333333327
-0.00014675925925925954
0.001411111111111111
-0.0009842592592592596
-3.8425925925926066e-05
0.0017027777777777779
0.00021851851851851823
0.000848611111111111
0.0017976851851851856
0.001172685185185185
0.00015694444444444417
-0.0008949074074074076
0.0006546296296296298
-0.0031986111111111113
0.001546759259259259
-0.0019675925925925924
0.0034625
0.00028379629629629626
-0.003014814814814815
0.003456944444444444
-0.0006287037037037035
-0.0018199074074074075
8.564814814814771e-05
0.00045833333333333343
-0.0005092592592592591
-0.0024643518518518517
0.0006319444444444447
-0.002509722222222222
9.351851851851863e-05
0.0006189814814814813
-0.0013810185185185188
0.002121296296296296
0.0021574074074074074
0.00039351851851851863
-0.0024078703703703697
-0.00028981481481481425
-0.0006935185185185179
0.0005500000000000002
-0.0013203703703703704
0.002581018518518518
0.0004157407407407407
0.00025879629629629554
-0.0014037037037037032
0.0006444444444444442
-3.842592592592581e-05
0.0005217592592592595
0.0003092592592592596
0.002057407407407407
-0.0011675925925925925
0.0012444444444444447
0.001747685185185185
0.00011574074074074046
0.000232407407407407
0.0014064814814814819
0.001496759259259259
0.00044722222222222234
0.002502777777777778
3.2870370370370605e-05
-0.0003356481481481474
-0.0007634259259259253
-0.00015462962962962943
0.00039537037037037063
0.001037962962962963
-0.0010592592592592594
0.000625462962962963
-8.47222222222224e-05
0.00066712962962963
-0.0004703703703703705
-0.0003828703703703705
-0.0006634259259259261
-0.0051574074074074066
0.0006009259259259262
0.0008087962962962964
0.0009898148148148147
-0.0007865740740740743
0.0008773148148148148
-0.0002319444444444441
0.0005444444444444439
0.0023032407407407407
-0.002606018518518519
-0.004388888888888888
-0.00016157407407407375
0.0012287037037037045
0.0023652777777777773
0.0017546296296296299
0.0003564814814814809
-0.0006550925925925924
0.0007999999999999999
0.0022824074074074075
-0.0014953703703703702
0.001306944444444445
0.00018425925925925953
-0.0004773148148148148
0.0010800925925925921
0.0004560185185185185
0.003956944444444444
0.001659259259259259
-0.0008078703703703708
0.00021250000000000023
0.0002018518518518516
-0.0014972222222222223
-0.0012250000000000002
-0.0027046296296296293
0.0008402777777777774
-0.0019870370370370367
0.000437962962962963
0.0010523148148148147
-0.0010504629629629631
-0.0036439814814814816
-0.001886111111111111
-0.0001166666666666668
-0.0005995370370370371
-0.00012870370370370417
-0.0019129629629629627
0.0001532407407407403
0.0008027777777777778
0.0015013888888888896
-0.004209722222222222
-0.0014393518518518518
-0.0012662037037037038
-0.005331481481481482
-0.0013722222222222222
0.0013615740740740736
-0.0011814814814814817
0.0008638888888888883
-0.0013083333333333332
0.0006129629629629628
-0.0024875
-0.00048564814814814825
0.0008717592592592591
0.0006092592592592595
0.00023425925925925922
0.0005032407407407404
0.0002574074074074071
0.0030379629629629624
-0.0003569444444444442
0.0042541666666666665
0.0005606481481481488
0.00023101851851851818
-0.0004009259259259256
-8.101851851851776e-05
0.0003240740740740739
0.0009560185185185186
-0.001436111111111111
0.001875462962962963
-0.00020416666666666692
-0.0024967592592592593
-0.0011189814814814808
3.287037037037035e-05
0.0009032407407407407
0.000476388888888889
0.001667129629629629
-0.002443518518518518
-0.0003356481481481479
-0.0036537037037037037
-0.002320833333333333
-6.064814814814853e-05
-0.0010074074074074076
0.0019152777777777781
-0.001019444444444444
-0.0005865740740740737
0.0006046296296296301
0.00305
-0.0008152777777777772
0.0026666666666666666
0.0019634259259259258
0.0001527777777777779
0.0009486111111111112
0.002511111111111111
0.0010175925925925923
0.0010407407407407405
0.0006500000000000003
-0.0016231481481481483
-0.0029810185185185187
-0.00027685185185185126
0.003945833333333333
-0.0005162037037037036
0.0003328703703703706
-0.0014527777777777777
0.0015638888888888888
-0.002994444444444444
0.0008550925925925926
-0.0001356481481481485
0.0021662037037037036
0.0012560185185185185
0.0018041666666666668
-0.0018453703703703705
-0.0006837962962962957
-0.0010347222222222218
-0.00019351851851851803
-0.0011314814814814816
0.0024486111111111115
0.001821759259259259
0.0017268518518518514
0.0018851851851851857
0.00024259259259259253
-0.00046944444444444464
0.001968518518518518
0.0008583333333333332
-0.0013949074074074074
-0.001969907407407408
0.000400925925925926
0.0020949074074074073
-0.000777314814814815
0.0004138888888888887
0.00021018518518518516
-0.0021245370370370368
8.055555555555504e-05
-0.002736111111111111
0.0006564814814814814
-0.00013703703703703686
0.00034259259259259247
0.0030916666666666666
-0.0007129629629629631
0.0012222222222222222
-0.0018874999999999999
0.001696296296296296
0.0004731481481481483
0.0023680555555555555
0.004203703703703703
-0.0002513888888888887
-0.0006217592592592594
0.0001962962962962968
-0.0008120370370370366
-0.001123611111111111
0.0007263888888888885
-0.0012611111111111106
0.001987037037037037
-0.002435648148148148
0.002272685185185185
-0.0008921296296296298
0.000651388888888889
-0.0013671296296296296
-0.00014814814814814828
2.546296296296292e-05
-0.00029166666666666626
-0.0033370370370370364
-0.00011527777777777774
0.000485185185185185
0.0004421296296296298
0.0007495370370370377
-0.0006712962962962961
-0.001800462962962963
0.0007236111111111112
0.0011958333333333333
-0.0004643518518518518
-0.0008092592592592588
3.287037037037009e-05
-0.0015884259259259256
0.0007337962962962964
0.00044768518518518497
0.0005875000000000002
0.0007722222222222218
0.002624074074074074
-0.0005949074074074074
0.0008601851851851851
0.0013587962962962963
0.0008958333333333337
0.00027546296296296346
-0.0018231481481481477
-0.0015314814814814818
0.0011958333333333333
6.71296296296293e-05
0.0010560185185185184
0.0005597222222222222
0.0018175925925925929
0.0001361111111111109
0.0005796296296296294
0.0006555555555555556
0.0022953703703703704
0.0003282407407407411
0.001197685185185185
-1.0185185185185349e-05
0.0010194444444444443
-0.0005694444444444441
-0.0021851851851851854
-8.240740740740656e-05
-0.0035435185185185188
-0.002187962962962963
0.0002972222222222224
0.001902314814814814
-0.0008037037037037038
0.0004388888888888891
0.0025199074074074073
-0.0010967592592592593
0.001887037037037037
-9.722222222222116e-06
-0.0022680555555555557
0.002686111111111111
0.003340740740740741
0.0007611111111111105
-0.0011666666666666672
-0.0002773148148148148
0.001374537037037037
0.0007495370370370373
0.00023518518518518495
0.00093287037037037
-0.00029212962962962954
0.003571759259259259
0.0017810185185185188
-0.0018921296296296297
-0.0023384259259259265
-0.0012587962962962967
0.00010462962962962954
-0.0019430555555555557
-0.0009467592592592597
0.0014129629629629627
0.000625925925925926
-0.0006634259259259262
-0.0048513888888888895
0.0008083333333333332
0.003401851851851851
-0.0034981481481481482
-0.0025462962962962965
0.0008550925925925922
0.00046851851851851845
-5.27777777777782e-05
-0.0002833333333333331
0.00038981481481481517
-0.0006643518518518521
-0.0012953703703703712
0.00012546296296296315
0.001456481481481481
0.0008078703703703705
0.001616203703703703
0.0024439814814814806
0.0025134259259259255
-0.00161574074074074
0.0027541666666666665
0.0003222222222222222
-0.0018152777777777779
0.00043564814814814833
-0.0007884259259259265
0.00010277777777777796
-0.0019601851851851855
0.0024462962962962967
-0.0002925925925925925
-0.0013583333333333334
-0.00010509259259259227
-0.0022333333333333333
0.0011092592592592597
-0.0013537037037037038
-0.0025324074074074073
0.00022453703703703703
-0.0007157407407407406
0.0010467592592592594
0.0025203703703703703
0.002029166666666667
0.0001319444444444448
0.0005166666666666671
0.0021050925925925924
0.0014449074074074071
-0.0017435185185185182
-0.0009231481481481481
-0.000718055555555556
-0.0012124999999999996
-0.0010212962962962966
-0.0013550925925925924
-0.0003217592592592591
-0.00046944444444444464
0.003317129629629629
0.0025754629629629626
0.00011388888888888855
-0.0024629629629629632
0.00016157407407407388
0.00012916666666666645
0.0019532407407407406
-0.0009472222222222222
-0.002561111111111111
0.0011837962962962963
0.0007379629629629632
-0.0025208333333333337
0.0011273148148148151
-0.001134722222222222
-0.001802777777777777
-0.0023398148148148145
0.001376388888888889
0.003285185185185185
-0.0013888888888888885
-0.0001731481481481482
0.0003069444444444448
-0.0010856481481481479
0.0007574074074074078
-0.0011490740740740736
-0.0013736111111111113
0.0014787037037037039
-0.001078240740740741
0.0016259259259259263
-0.0006203703703703703
-0.0019745370370370372
0.0022398148148148147
-0.0006124999999999999
0.0010402777777777778
9.027777777777743e-05
-0.0023893518518518517
0.0020634259259259256
0.0015541666666666666
-0.0009337962962962964
0.00026898148148148126
-0.0008277777777777775
0.0016972222222222224
-0.00012638888888888858
0.00465787037037037
0.0008680555555555555
0.002156481481481482
0.0004504629629629628
0.0009300925925925925
0.001006944444444444
-0.002368055555555556
0.0008995370370370374
-0.002640277777777778
0.001168981481481481
0.0013583333333333334
-0.0011689814814814818
0.0013046296296296293
-0.00038611111111111105
0.0016638888888888888
0.0016324074074074077
-0.0005865740740740742
-0.0012962962962962963
-0.002226388888888889
0.0006166666666666668
-0.001608333333333334
-0.0009842592592592592
-0.0015027777777777778
0.0043509259259259265
-0.001223148148148148
-0.0005375000000000002
0.0008680555555555555
0.0025981481481481476
-0.003533333333333333
-0.0018537037037037035
-0.0032990740740740745
0.0012759259259259258
0.0010597222222222223
0.0011930555555555553
-0.0012717592592592585
-0.0017666666666666664
0.004678240740740741
-0.0038379629629629627
-1.7129629629629543e-05
0.0016555555555555557
-0.0004027777777777777
0.0011657407407407406
-0.001143518518518519
-0.0006430555555555551
-0.0002819444444444441
-0.0007999999999999996
0.0013833333333333328
-3.703703703703739e-05
-0.0005231481481481481
0.001687962962962963
0.001281944444444444
-0.0007314814814814814
0.0013796296296296297
0.0005249999999999999
0.0021680555555555554
-0.001027314814814815
-0.0007115740740740738
-0.002332407407407407
0.0022231481481481486
-0.0016398148148148149
0.002426851851851852
-0.002258796296296297
-0.00036203703703703685
-0.002827314814814815
0.0017800925925925927
0.0006319444444444445
-0.0014791666666666666
0.0019120370370370372
0.0004074074074074075
-0.0010513888888888886
0.001923611111111111
-0.0017842592592592582
0.0007486111111111109
0.00016064814814814845
0.0006865740740740744
0.0022967592592592592
0.00012175925925925883
-0.0007796296296296294
0.00016990740740740733
-0.0008759259259259264
0.0010509259259259259
-0.0004578703703703706
-0.001758333333333333
-0.002149537037037037
-0.00254537037037037
0.0009319444444444448
-0.0034490740740740745
-0.002002314814814815
-0.0007884259259259263
0.00023796296296296234
0.0013476851851851853
-0.00011620370370370369
0.0001384259259259265
-0.0015902777777777783
0.0016430555555555554
-0.0006555555555555553
-0.0015189814814814812
0.0011782407407407403
0.00031620370370370396
-0.00027546296296296287
-0.0030074074074074066
-0.0012837962962962963
0.0014365740740740736
-0.0017152777777777772
-0.0014083333333333328
-0.0002560185185185184
-0.0004652777777777777
0.0015657407407407402
-0.0011745370370370373
-0.0007925925925925925
0.0006875000000000002
0.0017356481481481483
-0.00017268518518518544
0.00432824074074074
0.0028314814814814813
-0.00045787037037037064
0.0015106481481481485
-0.0013157407407407404
0.0024546296296296295
-0.0006509259259259256
-0.0008245370370370373
0.0011273148148148145
0.002915740740740741
0.0008856481481481475
-0.0004763888888888888
5.462962962962965e-05
0.0003893518518518514
-0.0009648148148148149
0.0014578703703703702
-0.0013490740740740746
-0.0025921296296296287
-0.0011824074074074078
-0.0015398148148148146
0.002012037037037037
-0.0007175925925925927
-0.0003898148148148147
0.0007495370370370367
0.001406018518518518
-0.0006004629629629631
0.0015574074074074075
-0.0006495370370370369
0.0028828703703703707
-0.0007115740740740737
-0.00019537037037037025
-0.0011657407407407404
-0.00034953703703703736
-0.00017175925925925922
0.0020981481481481485
0.0007259259259259257
0.0010374999999999994
-0.00048611111111111077
0.0017250000000000002
-0.0011611111111111108
0.0011879629629629627
0.0021814814814814817
-0.001469444444444444
0.0011939814814814816
-0.0008638888888888885
0.0028384259259259265
0.0023180555555555554
-0.0008805555555555552
0.0010726851851851845
-0.0007921296296296296
0.0008976851851851848
0.000773611111111111
0.0008041666666666673
-0.0032995370370370375
-0.0005467592592592594
-0.002186111111111111
-0.0047041666666666655
0.0011078703703703704
-0.0009722222222222228
7.361111111111107e-05
-0.0025916666666666666
-0.0007902777777777778
0.0008370370370370373
-0.0004430555555555553
0.0011935185185185189
0.0017634259259259257
-0.0012916666666666669
-0.00384537037037037
0.000839814814814815
5.0000000000000016e-05
-0.0022740740740740746
0.0005916666666666666
0.0004898148148148149
-0.002235185185185185
-0.00242037037037037
0.0009134259259259257
-0.00023518518518518485
0.00289212962962963
-0.002592592592592593
0.0016949074074074073
-0.0006402777777777774
-0.001225462962962963
-0.0012449074074074068
-0.0007861111111111112
0.001291203703703704
0.0015564814814814812
-0.0002962962962962967
0.0007027777777777781
0.0012888888888888893
0.0003879629629629629
0.001414814814814815
-0.0004902777777777778
0.0030856481481481486
0.0007018518518518514
-0.0006282407407407402
4.537037037037054e-05
-0.0006865740740740741
-0.0031611111111111115
1.6203703703704747e-05
0.0007606481481481479
-0.002651851851851852
0.0007884259259259265
0.002549074074074074
0.00011851851851851844
-0.001351388888888889
0.0007074074074074081
-0.0016249999999999995
1.6203703703703717e-05
-0.0009208333333333337
0.0025236111111111106
0.0002541666666666664
0.0006069444444444439
0.00032638888888888903
0.00023379629629629624
-0.003252777777777777
0.0005824074074074071
-0.002226851851851852
0.005350925925925926
0.0006208333333333334
0.002284259259259259
-0.0001282407407407406
0.0003884259259259257
-0.00408425925925926
-0.0007824074074074073
-0.0025222222222222226
0.00102962962962963
0.0005731481481481474
0.001131018518518519
-0.0007129629629629632
0.002627314814814815
0.00021851851851851823
0.0003851851851851853
-0.000597222222222222
0.0018018518518518516
0.0006555555555555555
-0.00126712962962963
-0.00036388888888888853
-0.00115
-0.0020726851851851852
0.004614814814814815
0.002550925925925926
0.002059259259259259
3.611111111111047e-05
0.0018555555555555558
-0.0028337962962962956
-0.0005722222222222221
-0.004267592592592593
0.0009740740740740745
-0.0012768518518518524
-0.0022787037037037042
0.002748611111111111
0.00030324074074074075
0.000725925925925926
0.0008328703703703705
-0.00024629629629629665
-0.001135648148148149
0.0008611111111111116
-0.0014949074074074077
0.0009814814814814816
0.0005009259259259256
-0.003220833333333333
8.796296296296484e-06
-1.6666666666666115e-05
-0.0007893518518518523
0.0002592592592592595
-0.0004611111111111112
-0.004158333333333333
0.00333287037037037
0.0003962962962962969
-0.0002703703703703705
-0.002804629629629629
-0.000709259259259259
0.000452777777777778
0.0004708333333333335
-0.001814814814814815
0.0024726851851851854
-0.002257407407407407
0.001564351851851852
0.00012129629629629643
0.0004569444444444445
0.0011944444444444444
0.002000925925925926
0.0006995370370370374
-0.0031560185185185185
-0.0014365740740740743
-0.002075
-0.0011490740740740736
-0.0016689814814814814
8.009259259259264e-05
-0.0008171296296296296
-0.002441203703703704
0.001260185185185185
-0.0015032407407407408
0.0019490740740740742
-0.0001421296296296299
0.002878703703703703
-0.0022722222222222224
0.0012648148148148148
0.0020949074074074073
0.003225462962962963
0.0026180555555555558
0.0020597222222222223
-0.0005166666666666666
0.0007958333333333331
0.0003296296296296301
0.0001814814814814814
0.0016175925925925928
-0.00027129629629629634
-0.0027499999999999994
-9.027777777777785e-05
-0.0014356481481481486
0.0002513888888888895
0.000138425925925926
-0.0012467592592592589
0.0012532407407407412
0.0026157407407407405
-0.0032967592592592597
0.002443518518518519
-0.0018912037037037046
4.490740740740738e-05
0.0012412037037037038
0.0010185185185185178
-0.0025393518518518517
0.001455555555555556
0.0006833333333333336
9.583333333333307e-05
-0.0006523148148148153
0.0020060185185185185
-0.0018740740740740738
-0.0022564814814814813
-3.2870370370370476e-05
-0.0031583333333333333
0.0004986111111111107
0.0026125000000000002
-0.001964814814814814
-0.0008601851851851848
-0.00013935185185185207
-0.0012254629629629627
-0.00044583333333333345
-0.002023148148148148
0.0027337962962962962
-0.000881481481481481
0.0009263888888888891
-0.001352777777777778
-0.0007625000000000003
0.0004773148148148149
0.0009981481481481482
-0.0012291666666666664
-0.0017662037037037036
0.0011342592592592585
0.0008347222222222222
0.001240277777777778
-0.000825925925925926
-0.0010444444444444435
0.0018731481481481487
-0.001544907407407407
0.0005787037037037042
0.0006328703703703703
0.00016435185185185175
-0.0005467592592592594
0.002030092592592593
0.00036990740740740755
-0.0023486111111111116
-0.00014027777777777826
0.001172685185185185
0.0018435185185185184
0.0008499999999999995
-0.0003703703703703705
-8.842592592592573e-05
0.0004273148148148148
-0.00039166666666666684
-0.0002458333333333331
-0.0034078703703703714
-0.0005712962962962964
0.0011087962962962965
-0.0009486111111111114
-0.002081018518518518
0.00032870370370370367
-0.00033564814814814807
-0.0032611111111111113
-0.00031851851851851843
0.00015925925925925952
-0.0037657407407407414
0.0015263888888888894
2.1759259259258918e-05
-0.0004388888888888888
-0.0015759259259259255
0.0010893518518518522
0.0001995370370370371
0.00184074074074074
-0.00012592592592592592
0.0033893518518518517
0.0001768518518518519
-0.0016458333333333336
0.0015717592592592597
-0.00021157407407407404
0.0014768518518518518
0.001408333333333334
-0.0039023148148148146
0.0014921296296296295
0.0013152777777777778
0.001015277777777778
-0.002677777777777778
-0.00022685185185185205
-0.0018550925925925924
0.0013189814814814817
0.0007708333333333338
0.0001518518518518521
0.0018000000000000002
-0.003413888888888889
-0.0021819444444444443
0.0016250000000000004
-0.0015162037037037032
0.0006560185185185188
-0.0006689814814814803
0.0015615740740740737
0.00039259259259259277
0.0009611111111111115
0.0012185185185185185
0.0013430555555555557
0.0009365740740740739
4.259259259259291e-05
0.0007226851851851854
-0.0011342592592592596
-0.00015787037037037047
-8.796296296296131e-06
-0.0002523148148148147
8.148148148148137e-05
0.0007967592592592595
-0.001990277777777778
0.0002907407407407407
0.0015412037037037041
-0.0016041666666666667
0.0005898148148148148
-0.0028504629629629626
-0.0042138888888888885
-0.002876388888888889
0.0018273148148148148
0.003800000000000001
-0.00015462962962962932
0.002165740740740741
0.0015106481481481481
0.0038240740740740744
0.001396759259259259
9.305555555555559e-05
0.00022777777777777808
-0.0015828703703703697
0.001359722222222222
-0.0012416666666666672
-0.0005106481481481481
0.0002847222222222227
0.001759259259259259
-0.0018055555555555553
-0.0018240740740740739
0.0008865740740740746
-0.0010601851851851853
-0.0003745370370370372
0.0006546296296296294
0.0017379629629629624
0.0021374999999999996
0.0011208333333333333
-0.0028078703703703707
-0.0027208333333333334
0.0003828703703703706
-0.0019768518518518516
-0.0006800925925925927
-0.0012800925925925933
0.0019583333333333336
-0.0010092592592592592
0.0020203703703703703
0.0015208333333333335
0.0007472222222222226
-0.0004898148148148152
0.0014944444444444443
0.000875
-0.0009546296296296294
-0.0009282407407407411
-0.0008597222222222223
-0.0047888888888888885
0.000686574074074074
0.0003092592592592595
-0.000991666666666666
-0.00036481481481481526
0.002336574074074074
-0.0009499999999999999
0.0008712962962962964
-0.0031342592592592594
0.0021680555555555554
-0.0008310185185185185
0.0012939814814814812
0.0011435185185185183
-0.0018388888888888888
-0.0028356481481481475
0.00040370370370370375
0.0011134259259259257
0.0014291666666666671
-0.0027569444444444447
0.0014055555555555549
0.0013490740740740744
-0.0023282407407407414
-0.00018425925925925926
0.00048564814814814776
-0.002817592592592592
-0.000651851851851852
-0.0011111111111111115
0.0009662037037037034
-0.001438425925925926
0.0016726851851851853
0.0009282407407407407
-0.0005810185185185185
-0.002400925925925926
-0.0015259259259259265
-0.0006277777777777776
-0.0008949074074074072
-0.0018587962962962959
0.00023055555555555522
0.0011810185185185183
0.0008148148148148145
-0.001490277777777777
-0.0009194444444444444
-0.000994444444444445
-0.0037074074074074075
0.002943055555555555
0.0018444444444444446
-0.00021157407407407442
0.0016351851851851853
-0.0017851851851851857
0.0003907407407407405
-0.0014958333333333332
0.002184722222222222
-0.0011643518518518522
-0.0007087962962962972
-0.001298611111111111
-0.0001194444444444444
-0.0027444444444444443
-0.0007972222222222225
0.0004194444444444445
0.0007467592592592593
0.0009060185185185185
-0.0006689814814814813
-0.0002916666666666665
0.0034069444444444446
-0.0015986111111111116
0.001422685185185185
-0.0022560185185185187
0.0008629629629629627
-0.0002861111111111112
-0.00015370370370370348
0.00043518518518518526
-0.0027708333333333326
-0.0007763888888888892
-0.000488888888888889
0.0009620370370370369
-0.0006444444444444442
0.002019444444444444
0.002125925925925926
-0.0019134259259259256
0.0010425925925925928
0.0026194444444444446
0.004256018518518518
-0.00019166666666666675
0.00041157407407407457
0.001827314814814815
-0.004203240740740741
0.002449074074074073
-0.0012333333333333332
-0.0019361111111111107
-0.0009958333333333332
-0.0017763888888888885
-0.0005402777777777779
0.0023763888888888893
0.0010745370370370368
-0.0010351851851851846
0.0014949074074074081
0.0003837962962962963
-0.0002351851851851853
0.001434722222222222
0.0019171296296296295
-0.0029171296296296298
-0.0007902777777777777
-0.0009699074074074073
0.0017861111111111114
-0.001621759259259259
-0.0004199074074074077
-0.00036712962962962963
0.0009921296296296288
-0.0012574074074074074
-0.00024120370370370344
-4.583333333333294e-05
-0.0001708333333333338
0.0009069444444444445
0.0005560185185185187
0.0015273148148148147
0.0018388888888888886
0.002122222222222222
-0.0009166666666666664
0.0025671296296296293
0.000187037037037037
-0.0035254629629629633
0.0018912037037037035
-0.0013055555555555557
0.0018606481481481486
-0.0029722222222222225
-0.0002814814814814808
-0.0006393518518518521
0.0009592592592592592
-0.0007023148148148154
0.00359537037037037
0.0002458333333333332
-0.002606944444444445
-0.002251851851851852
-0.0013416666666666664
-0.0016652777777777775
6.944444444444707e-06
-0.0007509259259259263
0.00013935185185185174
-0.00016435185185185194
-0.001309259259259259
-0.0002078703703703706
-0.0027824074074074066
-0.0007050925925925923
-0.00079537037037037
-0.0024069444444444446
0.00021435185185185156
-0.0007402777777777776
0.002577314814814815
-0.0021097222222222216
-0.0014509259259259263
0.000899074074074074
0.00031574074074074046
-0.0017717592592592596
-0.0021212962962962965
0.0018824074074074075
-0.005235648148148148
0.0004166666666666669
-0.00019120370370370333
-6.157407407407388e-05
-0.00010324074074074029
-0.00017546296296296318
-0.00019629629629629627
-0.004412962962962962
-0.0015990740740740737
-0.0009578703703703705
0.0015925925925925925
-0.0014185185185185184
-0.0003120370370370371
0.00410462962962963
-0.001304166666666667
-0.0027444444444444443
-0.0021875
-0.001077777777777778
-0.001727777777777777
0.0002532407407407407
0.001840277777777778
0.0007888888888888892
0.0010083333333333337
-0.00039722222222222204
-0.002171759259259259
0.0005624999999999996
-0.0016685185185185186
-0.0006148148148148154
-0.0022699074074074076
-1.99074074074074e-05
-0.0005736111111111104
-0.0017069444444444445
0.0018444444444444443
0.0005976851851851849
-0.002893981481481481
-0.0027726851851851853
0.0005888888888888888
0.004148148148148147
-0.00046481481481481466
-0.0021874999999999998
-0.0011893518518518525
0.0014791666666666662
0.002992129629629629
0.00047685185185185135
0.002352777777777778
-0.0003273148148148146
-0.00032500000000000004
-0.0030453703703703706
-0.003308796296296296
-0.000711111111111111
-0.0036148148148148146
-0.0007152777777777784
-0.001758333333333333
-0.0009430555555555556
3.703703703703707e-05
0.0012152777777777778
-0.00011805555555555527
-0.0011277777777777777
-0.0010037037037037035
0.002960185185185184
0.0013902777777777774
-0.0007259259259259263
0.00010092592592592606
-0.001219907407407407
-0.0007722222222222225
0.001250925925925926
-0.0008050925925925925
-0.002035648148148148
-0.0020250000000000003
0.00048518518518518496
0.000875
-0.00012870370370370366
0.00022314814814814813
-6.388888888888866e-05
0.0016638888888888886
0.0005847222222222224
-0.0005097222222222218
-0.0006481481481481483
-0.0026157407407407405
-0.0019717592592592595
-0.001143055555555556
-0.0005500000000000002
0.0005796296296296295
-0.0015907407407407407
-0.0009388888888888883
-0.0005685185185185189
0.00046666666666666655
0.0008300925925925922
-0.0012569444444444449
0.00010092592592592574
-0.00435787037037037
-0.001003703703703704
-0.00012314814814814832
-0.0019560185185185184
0.001431481481481481
-0.0013259259259259257
0.004543518518518519
0.0015115740740740745
-0.0015060185185185187
6.666666666666652e-05
0.0029212962962962964
0.0004532407407407409
-0.0031555555555555555
0.001250925925925925
0.0013620370370370375
-0.0008861111111111111
-0.0008388888888888895
0.0001745370370370371
0.0023111111111111106
0.00039537037037037036
0.003174074074074074
-0.0014481481481481478
0.0021972222222222224
0.0012625000000000002
0.0035888888888888884
0.0013583333333333327
0.000761574074074074
0.00011481481481481489
-0.003114814814814815
-0.00023148148148148157
0.00019861111111111102
0.0008907407407407406
0.0002949074074074076
-0.004966666666666665
-0.0005990740740740739
-0.0021638888888888884
0.0015912037037037038
0.003722222222222222
5.509259259259231e-05
-0.001550925925925926
-0.0005347222222222222
-0.004211574074074074
0.001088425925925926
-0.0025296296296296295
-0.0009083333333333329
0.002026851851851852
-0.0007634259259259262
-2.1296296296296713e-05
-0.0007296296296296297
0.0004495370370370366
-0.0022462962962962966
0.00022314814814814796
0.001674074074074074
-0.00034120370370370354
-0.0032699074074074076
-0.0015171296296296293
0.00022685185185185205
0.00020555555555555553
0.00277175925925926
-0.0019393518518518518
-0.0006717592592592595
0.002325
0.0002444444444444441
-0.001772222222222222
-0.0020796296296296296
-0.002154166666666666
-0.001778240740740741
0.004044907407407408
-0.0002726851851851855
0.0044041666666666665
0.00035324074074074115
-0.001453240740740741
0.0022342592592592588
-2.731481481481476e-05
-0.0013708333333333333
0.0028611111111111116
0.0033
-1.805555555555588e-05
0.0015314814814814813
-0.0003472222222222225
-0.0026106481481481484
-0.0023087962962962958
0.0014347222222222222
0.00016666666666666693
0.0008740740740740741
0.0016152777777777778
-0.002879166666666666
0.0004824074074074067
-0.0008805555555555555
0.0026787037037037035
-0.0004999999999999999
0.00046481481481481477
-0.002226851851851852
0.0009208333333333337
-0.0011986111111111112
-0.003846759259259259
-0.0002898148148148154
0.0009226851851851852
-0.0020310185185185184
0.0007800925925925925
-0.0013069444444444448
-0.0013888888888888892
0.0007648148148148146
0.002391666666666667
0.0004921296296296293
-0.0011773148148148146
-0.00032731481481481473
-0.003270833333333333
0.001993518518518518
0.0006120370370370373
0.0007805555555555554
0.0014634259259259255
-0.0008921296296296294
-0.0003513888888888888
0.001194444444444445
-0.00013055555555555517
0.0016157407407407414
-0.0004620370370370365
-0.00025509259259259316
-0.0008342592592592591
-0.001366666666666667
-0.0008750000000000006
0.0018277777777777771
0.0022106481481481478
-0.0012458333333333334
0.0003324074074074073
-0.0008523148148148146
2.1296296296296455e-05
-0.00018472222222222222
0.0022638888888888886
0.002456481481481482
0.0006847222222222219
-0.0013106481481481478
0.0006356481481481477
0.0028731481481481485
-0.001568981481481481
0.0003814814814814811
-0.0025472222222222224
0.002530092592592592
0.0005555555555555561
0.001958796296296297
0.00022453703703703736
-0.0003828703703703701
-0.0023912037037037035
-0.00028148148148148184
1.203703703703719e-05
-0.0005124999999999995
-0.00040694444444444475
-0.0016967592592592594
0.0013671296296296294
0.0005087962962962959
0.0007055555555555555
0.0022606481481481475
-0.00038472222222222233
0.001849537037037037
0.0035814814814814806
-0.0002657407407407404
-0.0026083333333333336
-0.0009787037037037043
-0.0010523148148148147
0.001978240740740741
-1.1111111111111173e-05
0.0006671296296296292
0.0012615740740740745
0.0013333333333333337
-0.0007129629629629631
0.003628703703703704
-0.00014629629629629612
-0.0002652777777777776
0.0018851851851851855
-0.00037824074074074073
0.0006282407407407412
-0.0004555555555555559
-0.002390740740740741
3.2407407407406407e-06
0.0004263888888888891
0.0008199074074074077
-0.0016500000000000002
-0.00037824074074074046
0.000408796296296296
-0.0003953703703703699
-0.0023648148148148144
0.0005402777777777775
0.002959259259259259
-0.001014351851851852
-0.00037361111111111145
-0.0011018518518518513
0.0008268518518518522
0.002170833333333333
0.0007347222222222224
0.00014537037037037082
-0.002126388888888889
-0.0017736111111111108
0.0008458333333333333
-0.0005347222222222219
-0.0005532407407407405
-0.0015342592592592597
-0.0013319444444444442
0.0008939814814814807
0.00378287037037037
-0.0014449074074074071
-0.001489814814814815
-0.0004055555555555552
0.000622685185185185
0.000577777777777778
0.00016712962962962973
-0.00010509259259259232
-0.0014643518518518514
0.0020898148148148147
-0.003322685185185185
0.0008787037037037036
0.0016222222222222224
-0.003477777777777777
0.0007087962962962961
-0.0005481481481481482
3.6111111111111116e-05
-0.0002240740740740742
-0.0031981481481481474
-0.0013296296296296296
-0.001823611111111111
0.0001722222222222218
-0.0007796296296296295
-0.0010125000000000008
-0.0003282407407407411
0.0018379629629629625
0.0010638888888888892
-0.002436111111111111
-0.00011203703703703742
0.00039907407407407404
-0.0012912037037037037
0.0003782407407407404
-0.0017486111111111114
-0.0003157407407407407
0.0021824074074074076
-0.0006722222222222221
0.002009722222222222
-0.00013703703703703737
-0.004014814814814815
-0.001443055555555556
-0.001715740740740741
-0.0012217592592592595
-0.0003814814814814819
-0.0038166666666666666
0.0027657407407407405
0.00021805555555555543
-0.0004101851851851851
-0.0015509259259259252
-0.000999074074074074
-0.00017916666666666667
-0.0013476851851851853
-0.0020074074074074074
-0.0018439814814814814
0.0024615740740740744
0.004042592592592593
-0.0010712962962962963
-0.0013282407407407405
-0.0008365740740740742
-0.0007361111111111118
0.0014018518518518523
3.240740740740384e-06
-0.0012449074074074075
-0.0002745370370370373
-0.0009541666666666666
0.00040555555555555587
-0.004728240740740741
-0.0007629629629629632
-0.0020305555555555554
-0.000181018518518518
-0.00026712962962962953
0.0010379629629629632
-0.0005374999999999997
0.002006481481481482
-0.0022300925925925925
0.000535648148148148
0.0014666666666666662
0.002000925925925926
0.0013231481481481484
-0.0013134259259259258
0.0007064814814814814
2.6851851851852204e-05
0.000889814814814815
0.00048611111111111077
-0.004832407407407408
0.00024259259259259215
-0.002443518518518518
0.0004587962962962965
-0.0037421296296296295
-0.0006009259259259262
-0.0009439814814814813
0.0037476851851851855
-0.0010162037037037038
-0.0007740740740740742
5.3240740740740405e-05
0.002867592592592593
5.324074074074079e-05
0.0005750000000000003
-0.003316666666666666
0.002523611111111112
-0.0015013888888888887
0.003809259259259259
-0.0012912037037037037
-0.002250462962962963
0.0017125000000000005
-0.00012731481481481448
0.0014050925925925925
-0.0015532407407407413
-0.0001486111111111112
-0.0003124999999999998
0.0010023148148148144
0.001990277777777778
0.0013374999999999997
-0.0008041666666666668
-0.0030217592592592596
-0.0006023148148148144
-0.0007314814814814816
-6.944444444444508e-05
-0.003122685185185186
0.0005421296296296298
-0.0026532407407407403
-0.0011254629629629624
-0.0008273148148148153
0.00026666666666666635
0.0017143518518518517
0.000475462962962963
0.0018662037037037037
0.0007486111111111117
0.001700925925925926
-0.0005027777777777776
0.0025634259259259265
-0.0011810185185185185
-0.0011962962962962966
-8.981481481481481e-05
0.0006930555555555554
0.00018703703703703713
0.0006148148148148147
-5.787037037037042e-05
-0.0017537037037037037
0.0011490740740740745
0.001986574074074074
0.0013916666666666665
0.00043148148148148164
-0.0007240740740740737
-0.0030365740740740743
-0.0025490740740740747
-0.0011486111111111113
0.00018240740740740763
0.0015564814814814812
-0.0011064814814814817
0.003005092592592593
0.0013277777777777776
0.002861111111111111
-2.4537037037036648e-05
0.004034259259259259
0.0008143518518518516
-0.001363425925925926
-0.0007004629629629626
-0.0016490740740740745
-0.0008726851851851851
-0.003696759259259259
-0.00023425925925925917
-0.0008356481481481479
0.0004245370370370375
0.0003884259259259258
0.0011930555555555553
-0.0003921296296296298
0.0014958333333333332
0.0023032407407407402
-0.0007879629629629631
-0.0006995370370370371
-0.0003324074074074077
0.0014439814814814812
0.0027277777777777786
-0.0007370370370370366
-0.0007902777777777774
0.0013384259259259263
0.0024171296296296297
0.0002083333333333334
-0.0034532407407407407
0.0014435185185185189
-0.001223611111111111
0.00011944444444444407
0.001101388888888889
0.0019810185185185182
-0.0016842592592592588
8.055555555555549e-05
0.002029166666666667
-0.0013499999999999999
6.388888888888822e-05
-2.777777777777793e-05
-0.00042638888888888875
0.000626388888888889
0.002971296296296296
-0.0008425925925925928
0.00011666666666666692
-0.0016550925925925928
3.842592592592568e-05
0.00022083333333333376
-0.0004976851851851851
0.0003236111111111107
-0.0026138888888888887
-0.0026046296296296295
-0.0006550925925925925
-0.00204537037037037
0.0005055555555555564
-0.00018425925925925947
0.003967592592592593
0.0023055555555555555
-0.0014666666666666671
0.0009305555555555556
-0.0010740740740740736
0.002726851851851852
0.0005425925925925925
0.0015990740740740742
-0.0005629629629629626
0.0011296296296296295
0.0014175925925925925
-0.002202314814814815
-0.0026055555555555554
0.0034962962962962964
-0.003943518518518519
0.003039351851851852
0.003135185185185185
0.00012129629629629643
-0.00037824074074074084
0.0017837962962962963
-2.1296296296296327e-05
0.0008050925925925928
-0.0024263888888888885
0.0014319444444444445
0.0027763888888888886
0.0018523148148148149
0.0011347222222222223
-0.0012421296296296293
-0.0017296296296296294
-0.0029495370370370365
-0.0012796296296296297
-0.0007777777777777778
0.00037407407407407414
-0.001570833333333333
0.0004750000000000001
0.0015731481481481482
-0.00020185185185185185
-0.00050787037037037
-0.0005652777777777778
-0.0025523148148148154
-0.0007638888888888888
0.0015912037037037034
-0.001061111111111111
-0.0027398148148148147
0.0012837962962962963
0.0007430555555555557
0.00012592592592592568
0.0031888888888888882
-0.004084259259259259
-0.001122222222222222
0.0009199074074074067
-0.0020393518518518517
-0.000880092592592593
0.0007625
-0.003327777777777777
0.0004189814814814819
-0.0017069444444444445
0.0003736111111111111
-0.001597685185185185
0.001275462962962962
0.0014791666666666664
0.00035555555555555595
0.0009240740740740741
-0.002211574074074074
-0.0018050925925925925
-0.0012203703703703701
0.0011768518518518517
0.0016569444444444442
-0.002341666666666667
0.0003763888888888892
-0.0003995370370370376
0.00326712962962963
-0.00015324074074074114
0.0004944444444444447
-0.0013083333333333337
-0.0009606481481481484
-0.0016351851851851853
0.0002865740740740746
-0.0011310185185185184
-0.002295370370370371
0.001671296296296296
0.0032152777777777783
0.0017851851851851852
2.268518518518564e-05
-0.002706018518518519
-0.0005240740740740738
0.0011041666666666665
0.00019675925925925937
0.0032212962962962968
-0.00033333333333333365
-0.0005277777777777779
0.0010384259259259255
-0.0013236111111111118
-0.0013337962962962965
-0.0007379629629629632
0.0006328703703703698
-0.0025245370370370374
-0.0012810185185185184
0.001566203703703704
-0.0015912037037037043
0.0010787037037037037
-0.0012222222222222226
0.001936574074074074
0.0009819444444444441
0.0008259259259259253
0.0005708333333333328
0.0014273148148148142
-0.0004652777777777777
-0.004116666666666667
-0.003926388888888888
-0.0011398148148148146
0.0008231481481481479
-4.675925925925925e-05
-0.003131481481481482
-0.0010277777777777778
0.0013212962962962959
0.001978240740740741
0.0008847222222222224
-4.2592592592592335e-05
0.0010199074074074077
-0.00033240740740740794
-0.0019009259259259264
0.001135185185185185
-0.0012884259259259264
3.796296296296312e-05
-0.0035513888888888882
-0.00013472222222222225
0.0027712962962962964
-0.0006597222222222221
-0.0015412037037037035
-0.0002939814814814814
-0.0035199074074074082
0.0011671296296296293
-0.00031203703703703683
0.00047037037037037023
0.001258333333333333
0.00034814814814814783
0.0011574074074074073
-0.0018416666666666666
0.003700925925925925
0.0008106481481481479
-0.002100925925925926
-0.0013972222222222222
0.0037708333333333335
0.0007407407407407409
-0.0018662037037037035
-0.003106018518518518
0.001602777777777778
0.0033384259259259257
0.0014444444444444444
-0.0009546296296296292
-0.0013037037037037036
-0.0002587962962962966
0.0005749999999999993
-0.00024351851851851816
0.003105092592592593
-0.0012365740740740746
-0.004044907407407407
0.0011875
0.0003060185185185186
0.0005106481481481487
-4.814814814814786e-05
-0.0010819444444444444
-0.00355787037037037
0.0023921296296296295
-0.0008074074074074076
0.002103240740740741
-0.0025518518518518516
-0.0008101851851851854
0.0015435185185185185
4.027777777777771e-05
0.0011060185185185183
-0.0019810185185185187
0.0014259259259259253
-0.0013828703703703702
0.0013111111111111114
-0.0022578703703703706
0.0017518518518518519
-0.0004129629629629626
0.0015412037037037035
-0.0009740740740740745
0.001272222222222222
-2.9166666666666538e-05
-0.0002782407407407407
-0.0009106481481481482
-0.0020162037037037036
-0.0013046296296296293
0.00359074074074074
-0.0007138888888888885
0.0016305555555555559
-0.0002453703703703705
-0.00039722222222222264
-0.0006666666666666668
-0.0008101851851851854
0.002015277777777778
-0.0004351851851851852
0.0007583333333333333
-0.001371296296296296
0.0018518518518518521
-0.0007976851851851856
-0.002145833333333334
-0.0007416666666666662
-0.0012106481481481482
0.0007620370370370369
0.0018796296296296295
0.0014796296296296298
-0.002974074074074074
-0.0018523148148148149
0.0004981481481481484
0.0018643518518518518
0.0011347222222222227
-0.001419907407407407
-0.0005537037037037044
-0.0030407407407407406
0.0021231481481481487
-0.002707407407407408
0.0010981481481481482
0.00037870370370370396
0.0021504629629629625
-0.0010037037037037033
0.00010000000000000055
-0.00015416666666666666
0.0004912037037037037
0.000904166666666667
-0.0004944444444444445
-0.0008875000000000004
0.0011615740740740742
0.0006564814814814817
-0.000983796296296296
0.001336111111111111
0.0012587962962962956
0.0022787037037037034
0.0004879629629629632
-0.001784722222222222
-0.0016625000000000001
-0.001002314814814815
0.001359722222222222
-4.8148148148147986e-05
-0.0025370370370370373
7.222222222222249e-05
-0.0015703703703703704
-0.00013425925925925937
0.0015083333333333329
3.5648148148148204e-05
0.0004560185185185185
0.00023703703703703715
-0.0016925925925925923
-0.00016342592592592618
-0.0014300925925925924
0.0007717592592592595
0.0017444444444444452
0.0015648148148148147
-0.00045833333333333376
-0.0005518518518518518
0.0022324074074074073
0.0023217592592592595
-0.0011930555555555553
-4.537037037037039e-05
0.000887037037037037
0.0006601851851851844
-6.990740740740742e-05
-0.0020083333333333333
-9.722222222222231e-05
-0.0006624999999999995
0.00018472222222222243
-0.00023101851851851858
-1.296296296296282e-05
0.0001685185185185191
0.0016935185185185187
-0.0006745370370370368
0.0011305555555555565
0.0007578703703703704
-0.00045277777777777753
0.00035509259259259256
-0.0024916666666666668
-0.0017916666666666667
0.0014194444444444443
0.0004037037037037038
0.0005226851851851858
0.0010069444444444442
-0.002282870370370371
0.0028726851851851847
-0.0018703703703703703
-0.0011921296296296302
0.00115
0.0006902777777777778
-0.0025675925925925927
-6.759259259259247e-05
-0.00027314814814814774
-0.0018537037037037042
-0.002430555555555555
0.0025444444444444442
-0.001800462962962963
0.0011712962962962964
-0.0014888888888888888
-0.00010046296296296307
0.0014662037037037033
0.001224537037037037
0.0008333333333333338
0.0001250000000000001
0.0012768518518518515
-0.0005874999999999998
-0.0022375000000000003
-0.0009800925925925925
-0.003622222222222222
-1.759259259259258e-05
-0.00016990740740740706
0.0005462962962962968
-0.00197037037037037
-0.0014578703703703696
-0.0023162037037037036
0.0004115740740740744
0.003602777777777778
-4.5370370370370645e-05
-0.0003287037037037037
-0.0029064814814814812
0.0006634259259259258
0.002028703703703704
-0.0002550925925925928
0.00039722222222222193
0.0014685185185185187
0.0020129629629629634
0.0016046296296296292
0.0006444444444444444
0.0005249999999999998
0.00017685185185185184
-0.00017407407407407419
-0.002385185185185185
0.0019384259259259255
0.0013111111111111112
-0.0024486111111111115
-0.0033949074074074077
-0.0026194444444444446
0.0010638888888888894
-0.00034444444444444437
0.002018518518518519
0.0005564814814814812
0.00017546296296296266
0.0006740740740740739
-0.0025425925925925924
0.002977314814814815
0.0029787037037037035
0.000491203703703704
-0.0015861111111111106
1.1574074074074084e-05
-0.0030370370370370364
0.0016537037037037035
-0.0008754629629629631
-0.0021291666666666664
-0.0020990740740740744
0.0015870370370370365
0.0016370370370370373
-0.0015319444444444443
0.0040819444444444445
-0.00023518518518518485
0.00033518518518518603
0.0005921296296296298
-0.0011027777777777776
-0.0024722222222222224
0.0006287037037037041
0.0017504629629629626
-0.0013749999999999995
0.002821296296296296
-0.0023981481481481475
0.0021
0.0009060185185185186
-3.472222222222251e-05
-0.0007634259259259259
-0.0032185185185185186
0.002080555555555556
-0.001614351851851852
-0.0013250000000000002
-0.0015833333333333333
0.003433333333333334
0.000951388888888889
-0.0008620370370370367
0.0017152777777777776
0.0009624999999999999
0.002715740740740741
-0.0034393518518518514
0.0004824074074074074
0.0009717592592592597
-0.000909722222222222
-0.0021662037037037036
-0.0013930555555555554
0.0031944444444444446
0.00027361111111111103
0.0016402777777777778
-0.0007004629629629627
0.0011175925925925928
-0.0008763888888888888
0.00035
-0.0005476851851851848
9.814814814814788e-05
0.001349074074074074
-0.0025509259259259265
1.9907407407406948e-05
-0.00039120370370370416
-0.0008407407407407403
6.111111111111081e-05
-0.0003430555555555558
-0.00010601851851851854
-0.004998611111111112
0.0015171296296296296
-0.0006768518518518519
-0.0006342592592592593
0.0016407407407407408
-0.0011509259259259255
0.0014101851851851851
0.000474074074074074
0.002872222222222222
0.0024648148148148146
-2.9166666666666538e-05
0.0034416666666666675
-0.0009425925925925934
0.0012226851851851858
0.0019
0.000471759259259259
0.0036875
-0.0007212962962962963
-0.0009629629629629633
-0.0023717592592592592
-0.0015657407407407402
0.0021351851851851857
-0.002623611111111111
-0.003355555555555555
-0.0007476851851851855
0.0010615740740740735
0.001717592592592592
-0.0016930555555555555
-0.004196296296296295
0.000539351851851852
-0.0006703703703703705
0.0005703703703703705
0.0012888888888888893
0.0025125000000000004
0.0032027777777777775
-0.0009995370370370375
0.002769444444444444
0.0010708333333333334
-6.620370370370348e-05
0.0013370370370370374
-0.0020490740740740743
0.0013620370370370366
0.0014763888888888886
-0.0009143518518518522
-0.00029259259259259223
-0.00012962962962962988
-0.00014444444444444422
0.0022222222222222222
0.0020203703703703703
0.0008953703703703702
-0.0008685185185185179
-0.0022791666666666663
-0.0009699074074074075
-0.0010027777777777778
0.0012907407407407407
-0.0022824074074074075
-0.0018402777777777773
0.002183796296296296
0.0002138888888888886
0.0010708333333333334
0.0038268518518518525
0.00425462962962963
0.0026583333333333337
-0.00012962962962962969
-0.0015458333333333329
-0.001054629629629629
-4.629629629629248e-06
-0.000575462962962963
0.0009685185185185183
-0.0016027777777777776
-0.0003217592592592594
0.00012361111111111145
0.0020736111111111116
-0.0008837962962962959
-0.0015828703703703706
0.000911111111111111
0.001298148148148148
-0.0005046296296296294
0.0027560185185185183
-0.002090740740740741
0.001906018518518518
-0.0019300925925925928
-0.0012162037037037042
-0.00038935185185185177
0.0025652777777777774
0.0007944444444444443
0.0020143518518518514
0.0010888888888888886
0.0011759259259259257
0.0007712962962962964
0.0011333333333333332
9.351851851851837e-05
0.0007564814814814811
-0.0014300925925925924
0.0023486111111111108
-0.0007782407407407406
0.0013425925925925927
1.6203703703703975e-05
-0.0028879629629629637
0.0013523148148148149
-0.0003523148148148148
0.003935185185185186
2.4074074074073735e-05
0.0004949074074074073
0.00024629629629629616
-0.00011620370370370376
0.0007569444444444443
0.0017967592592592592
0.0022736111111111117
0.0009819444444444448
0.0044898148148148145
0.0008879629629629629
-0.0008296296296296294
0.0007675925925925924
-5.138888888888888e-05
-0.0013527777777777778
0.00075462962962963
-0.00025231481481481453
-0.002996296296296296
0.0022847222222222223
-0.0006425925925925924
0.0008361111111111108
-0.0037842592592592593
0.002987037037037038
0.0005592592592592595
-0.0020296296296296295
0.0006111111111111119
-3.472222222222235e-05
-0.0017416666666666665
-0.00041157407407407397
0.0009828703703703705
-0.001966666666666667
-0.003358796296296296
-0.000260648148148148
0.0016259259259259263
-0.003922222222222222
0.001006018518518519
0.0004509259259259255
0.0006532407407407408
0.0020217592592592596
-0.00116712962962963
-0.0028509259259259256
0.002379629629629629
0.0012560185185185185
-0.0015800925925925928
-0.0007374999999999994
-0.0010236111111111108
0.0004324074074074079
0.001798148148148148
0.002412037037037037
-0.00035046296296296263
-0.0010601851851851857
-0.0017810185185185182
0.0026486111111111107
0.001325462962962963
-0.0012587962962962965
0.0036
-0.0005189814814814809
0.0037120370370370367
-0.0007055555555555553
-0.0014986111111111116
0.000951388888888889
0.000493055555555556
0.0010023148148148144
-0.0024578703703703702
0.0017694444444444446
0.0005689814814814816
0.002562962962962962
-0.003939814814814814
-0.00026851851851851836
-0.0012430555555555554
-0.0005532407407407411
0.002343981481481481
0.0010074074074074072
-0.0021208333333333335
-0.002441203703703704
0.00046296296296296325
1.8518518518521619e-06
0.001559722222222222
0.0012231481481481483
-0.0022083333333333334
-0.0009615740740740743
0.0029944444444444445
0.0006018518518518519
-0.000525925925925926
-0.0005041666666666664
0.0015972222222222217
-0.003185648148148148
0.0009208333333333334
-0.0008481481481481479
-0.0001282407407407405
-0.003844907407407407
-0.0009402777777777778
-0.0002671296296296297
0.0008865740740740743
0.0015583333333333326
-0.0009611111111111115
0.0026731481481481476
-0.0006499999999999994
0.0021157407407407405
0.0008615740740740741
0.00045277777777777737
-0.0004194444444444445
0.0014694444444444444
0.00032037037037037044
0.0002685185185185185
-0.0025703703703703704
0.0023231481481481484
0.0046972222222222216
0.0014861111111111114
-0.0016384259259259262
0.0017583333333333329
0.0011611111111111112
-0.0009810185185185189
-0.0013162037037037033
0.0013361111111111115
-0.001915740740740741
-0.002200925925925926
-0.001349537037037037
0.0006143518518518518
0.001019907407407407
-0.0006263888888888893
0.0025921296296296296
-0.0003444444444444444
0.001714351851851852
-0.0010504629629629622
-0.00018796296296296288
0.0007805555555555554
-0.0023865740740740744
-0.0005564814814814814
-0.00022870370370370435
0.0024625000000000003
-0.0021805555555555554
0.000961111111111111
-0.001986574074074074
0.0009888888888888892
0.0019472222222222221
0.001583796296296296
-0.0006708333333333337
-0.0012509259259259262
-0.0011736111111111112
0.0010851851851851847
-0.0007384259259259258
-0.0017587962962962963
0.00010740740740740765
0.003200925925925926
1.9444444444444615e-05
-4.166666666666786e-06
-0.0006833333333333332
0.000756481481481481
0.0021351851851851857
-0.002522222222222222
-0.001312962962962963
0.001540740740740741
-0.003466666666666667
0.001500925925925926
0.0008703703703703706
0.00047870370370370417
-0.003374537037037037
-0.0008351851851851856
0.0007870370370370367
-0.001953240740740741
-0.0029402777777777778
-0.0009379629629629635
-0.0004231481481481481
-0.0033106481481481476
-0.0011699074074074075
0.00036481481481481445
-0.003323611111111111
0.0018546296296296286
0.0001796296296296299
0.00045925925925925925
-0.0016236111111111106
0.0010560185185185182
0.0016435185185185181
-0.0008055555555555551
-0.001502777777777778
-0.0028916666666666665
0.0006254629629629632
-0.0007958333333333338
0.0009935185185185186
-0.0005134259259259262
-0.0027328703703703707
-0.0023199074074074077
-0.000921296296296297
0.0017773148148148145
-0.0002453703703703705
0.001129166666666667
2.9629629629629643e-05
-0.0008115740740740736
-0.0027064814814814816
0.0009689814814814817
-0.002028703703703703
-0.0009569444444444442
-0.0004106481481481479
-0.0011143518518518518
-0.0003115740740740737
0.0014282407407407408
0.0016620370370370372
4.027777777777745e-05
-0.0008874999999999999
0.0030675925925925914
-0.001176851851851852
0.0013162037037037031
0.0007833333333333331
-0.0020300925925925925
-0.0015726851851851852
0.001902777777777778
-0.000702777777777778
-0.00011620370370370376
0.0006967592592592588
-0.004368518518518518
0.003233796296296296
0.00022592592592592572
-0.0037467592592592587
0.00026898148148148153
0.0024976851851851857
0.0028138888888888888
-0.0027689814814814816
0.001984722222222222
0.001369444444444445
-0.002315277777777778
0.0005518518518518521
0.0020138888888888893
0.0019861111111111112
0.0012865740740740743
0.00045046296296296306
0.0011680555555555556
-0.0011754629629629632
0.0015541666666666666
-0.0010680555555555556
-0.00033194444444444477
0.0007902777777777779
0.0004444444444444441
0.0026249999999999997
0.000983333333333333
-0.0005754629629629627
0.002125925925925926
0.0030699074074074075
-0.0006087962962962971
0.00125
0.0028328703703703706
0.0012888888888888891
0.0034560185185185184
-0.00021018518518518516
-0.00029444444444444467
-0.003125
0.0012416666666666667
0.0003435185185185187
0.0015513888888888884
0.0003879629629629629
-0.0002027777777777776
-0.00026898148148148164
0.0015671296296296297
-8.194444444444403e-05
0.003494444444444444
-0.0006523148148148141
0.0005916666666666668
-0.0005666666666666669
-0.0005462962962962964
0.00026203703703703724
-0.0008620370370370371
0.001362037037037037
-0.0007712962962962962
0.0010018518518518514
0.00027546296296296287
0.00026249999999999993
0.0008240740740740739
-5.833333333333385e-05
-0.0008064814814814814
0.001854166666666667
0.0008097222222222223
0.003038888888888889
-0.0024916666666666668
0.003283796296296296
0.000553240740740741
0.0019694444444444442
0.0022703703703703705
0.0005277777777777776
0.0007050925925925931
0.0014550925925925927
-0.00019398148148148172
0.0037611111111111113
0.0007995370370370374
0.002206944444444445
0.000440277777777778
3.5648148148149233e-05
0.0019351851851851848
0.002115740740740741
-0.0032162037037037038
-0.002479629629629629
-0.001469444444444444
-0.0002759259259259255
0.0019523148148148147
-0.00029074074074074066
-4.3518518518517964e-05
-0.0002875000000000002
-0.0018231481481481484
0.000840740740740741
0.0027541666666666665
-0.0009314814814814817
0.0005124999999999997
0.0016375000000000005
-0.00013101851851851821
-0.0017976851851851851
0.0008694444444444443
0.0018421296296296298
0.004658333333333335
0.00046481481481481504
0.0005134259259259256
-0.0010078703703703703
0.00011157407407407435
0.0002759259259259259
-0.0010374999999999998
0.001914351851851852
-0.0008777777777777779
0.001394444444444445
0.0024143518518518516
-0.0009412037037037033
-0.0016162037037037032
0.0004949074074074076
-0.0012898148148148144
-0.0013981481481481481
0.0005745370370370366
0.0003009259259259262
-0.0004500000000000003
0.0020199074074074073
-0.00242638888888889
-0.0012449074074074075
-0.001106481481481481
-0.0041083333333333345
-0.0007962962962962964
-0.0002546296296296296
-0.0008490740740740734
0.003274074074074074
-0.0019495370370370367
-0.001095833333333333
-0.0003476851851851849
0.0028976851851851854
0.0015773148148148148
0.0008740740740740742
-0.000733796296296297
3.425925925925934e-05
-0.0003689814814814818
-0.0014597222222222225
0.002538425925925926
0.0006273148148148141
-0.00023518518518518485
0.001659259259259259
-6.203703703703689e-05
0.0018319444444444444
0.001444444444444445
-0.001295833333333333
8.56481481481479e-05
0.0035509259259259266
0.0006870370370370368
-0.0003842592592592593
0.0003666666666666669
-0.00011203703703703725
-0.0007560185185185184
-0.0002583333333333333
-0.0003490740740740743
-0.00021018518518518549
0.0006986111111111109
0.00317962962962963
-0.0034379629629629625
-0.001359722222222222
-0.0010055555555555553
0.0008287037037037035
-0.0014407407407407407
0.0011699074074074075
-0.0008300925925925928
-0.0021388888888888885
-0.0015703703703703702
-0.002066666666666666
0.0017282407407407403
0.0012157407407407408
0.0015652777777777774
-0.0004629629629629626
-0.0020310185185185184
-0.002880092592592592
0.0006277777777777777
0.002798611111111111
-0.0024550925925925925
0.0012374999999999999
0.00047685185185185195
-0.0021416666666666667
-0.0024472222222222226
0.0003523148148148148
-0.0005796296296296295
0.002237037037037037
-0.0004958333333333326
-0.001075462962962963
0.0009212962962962966
0.0013268518518518516
0.0007222222222222222
0.001028240740740741
0.0006398148148148147
-0.000990277777777778
0.0022902777777777774
0.0004930555555555558
0.0011865740740740745
-0.0004949074074074076
-0.0012458333333333338
-0.002019907407407407
0.0019870370370370367
-0.0005023148148148144
-0.0007129629629629629
0.0028935185185185184
0.002559259259259259
0.000627314814814815
-0.0013925925925925926
0.001092592592592592
-0.0016592592592592592
-0.0004337962962962966
-0.0010324074074074072
8.935185185185172e-05
-0.0024615740740740744
-0.003620833333333333
-0.00011851851851851883
0.002899537037037037
0.0004467592592592594
-0.001087962962962963
0.001319907407407408
0.0015370370370370373
-0.0005083333333333335
0.002926851851851852
-0.001285185185185185
-0.00022037037037037
0.0005953703703703706
0.00019398148148148172
0.001687962962962963
-0.001290740740740741
0.0011078703703703697
5.8796296296296245e-05
-0.0019740740740740743
0.0009175925925925926
0.001079166666666666
-0.0006824074074074073
0.0019467592592592592
0.0008592592592592594
0.0032273148148148152
-0.0001800925925925919
-0.00035324074074074077
0.0002828703703703708
0.00049212962962963
0.0006583333333333333
-0.0017601851851851852
0.0012324074074074073
0.0011592592592592588
-0.0018972222222222225
-0.0009194444444444447
-0.001997222222222222
0.00015046296296296284
-0.0034027777777777776
-0.003257407407407407
-0.0001680555555555556
-0.0014208333333333332
0.0002027777777777778
-0.0019439814814814808
-0.0013180555555555558
-0.0011166666666666666
-0.0021898148148148146
0.0032310185185185185
0.0020124999999999995
-0.001087962962962963
0.0018509259259259262
-0.0005379629629629627
0.0015685185185185186
-0.0031490740740740745
-0.0032990740740740736
-0.0020962962962962958
0.0011837962962962965
-0.002452777777777778
-0.0003319444444444445
0.0006749999999999999
-0.0007884259259259257
-0.0014509259259259265
-0.003021296296296296
0.001851388888888889
0.0008379629629629633
-0.003451388888888889
0.0005532407407407409
0.0014699074074074078
-0.004533796296296296
-0.002225
0.00042500000000000036
0.0007032407407407411
0.0008342592592592594
-0.0022912037037037033
-0.0008787037037037037
-0.0022013888888888886
0.0022300925925925925
0.0013120370370370371
0.0012185185185185185
-0.002185185185185185
0.0016981481481481483
-0.0003972222222222225
-0.0024513888888888892
-0.0005
-0.00014722222222222317
0.0008986111111111107
-0.0011634259259259263
0.0007625000000000007
0.0003824074074074077
0.0009398148148148149
0.003498611111111111
-0.0018814814814814812
0.0026435185185185194
-0.00240925925925926
-0.0040759259259259255
0.000813425925925926
-0.0009249999999999997
0.0012824074074074075
0.0020976851851851855
-0.0006083333333333332
0.0010773148148148146
0.0010398148148148148
-0.003482407407407407
0.0028259259259259257
0.0038398148148148154
0.00024027777777777727
0.0015023148148148144
0.001874537037037037
-0.0010453703703703703
0.0005680555555555559
-0.0025601851851851853
0.0028208333333333336
5.879629629629599e-05
-0.0018759259259259259
0.0016731481481481478
0.00046666666666666693
0.0002944444444444444
-0.001802777777777778
-0.001269444444444444
-0.0014925925925925927
0.0031236111111111113
-0.0034694444444444447
0.00026898148148148164
-0.0007106481481481478
-0.0032212962962962963
-0.00021712962962962967
0.0023550925925925922
-0.001092592592592592
0.0013532407407407412
0.0024416666666666666
0.0009902777777777779
-3.796296296296328e-05
-3.564814814814833e-05
0.00048796296296296267
0.0007731481481481483
-0.0017907407407407397
0.0015240740740740737
-0.0023453703703703705
-0.00043472222222222214
0.0005402777777777774
-0.00034259259259259236
-4.212962962962981e-05
-0.002960185185185185
-0.00010833333333333284
0.003885648148148147
0.0005666666666666666
-0.0027023148148148154
-0.001745833333333333
-0.00015092592592592588
-0.00015000000000000012
-0.0038287037037037035
-0.0004875000000000003
-0.0015763888888888891
2.824074074074033e-05
-0.0001240740740740743
3.333333333333319e-05
0.0023314814814814817
-0.00010092592592592602
0.002886111111111111
-0.00043472222222222187
0.00020370370370370388
0.0007374999999999999
0.00035185185185185157
-0.0004393518518518522
-0.0006652777777777781
-0.0017689814814814814
0.0016162037037037035
0.0006902777777777776
0.0034083333333333335
0.0011819444444444449
-0.0007773148148148147
0.0008148148148148148
-0.0024268518518518515
-0.0006499999999999993
-0.002201851851851852
-0.0011615740740740742
1.9444444444444103e-05
1.8518518518518793e-05
-0.0017569444444444447
0.001609722222222222
-0.00298287037037037
-0.002028703703703703
-0.0010324074074074072
0.0014703703703703701
-0.001880092592592593
0.0011462962962962965
-2.9629629629630223e-05
6.75925925925928e-05
-0.001227777777777778
0.0008319444444444441
0.0011578703703703705
-0.0021124999999999994
0.00046990740740740847
0.000856018518518519
0.0008754629629629632
0.003225462962962963
-0.002166666666666667
-0.002891203703703703
-0.0002847222222222227
0.002353703703703704
-0.000705092592592593
-0.002081481481481481
0.0006884259259259257
-0.0010175925925925923
-8.101851851851846e-05
0.004033796296296296
-0.0009083333333333335
0.0023004629629629634
9.861111111111156e-05
7.63888888888887e-05
0.00014120370370370383
0.0026703703703703703
0.0006870370370370373
-0.0003458333333333331
0.0017097222222222225
0.002158333333333333
0.000452777777777778
0.0009569444444444439
0.0002472222222222223
0.0004365740740740742
0.000540277777777778
0.000633796296296296
0.0007259259259259259
0.0010296296296296297
0.0027611111111111113
0.0025217592592592596
-0.0002745370370370373
0.00082175925925926
-0.0015365740740740739
0.0018115740740740735
-0.001353703703703704
0.0008046296296296294
-0.005607870370370371
-0.0020162037037037036
0.00034675925925925873
-0.0025291666666666665
0.0013652777777777773
0.0010106481481481483
-0.00033379629629629655
0.001717592592592593
-0.0012680555555555557
6.018518518518524e-05
-0.004730092592592593
0.0007712962962962956
-0.0004268518518518519
0.001065277777777778
-0.0010490740740740742
0.002374074074074075
0.003105555555555556
-0.0011083333333333336
-0.0011680555555555554
0.0016967592592592592
0.0015726851851851852
-0.0011597222222222221
0.002061574074074074
-0.002133333333333333
-0.0010143518518518511
-0.0024453703703703703
-0.00030185185185185187
0.0021129629629629628
-0.0005537037037037033
0.0003310185185185184
-0.0024625000000000003
0.002724537037037037
0.00150324074074074
0.002773148148148148
0.0005314814814814818
-0.0015069444444444447
-0.0007402777777777781
-0.003731481481481482
-0.0006912037037037039
0.002093981481481481
0.0009652777777777776
-0.0006208333333333332
0.0018986111111111111
0.000784722222222222
0.0015245370370370371
0.0026550925925925926
-0.0013388888888888886
0.00295
0.0013680555555555555
-0.002386574074074074
-0.001140277777777778
-0.0003662037037037032
0.0021606481481481485
-0.0012055555555555554
-0.003473148148148148
0.0001351851851851852
0.000176388888888889
-0.002113888888888889
0.000813425925925926
-0.0007921296296296295
-0.0035787037037037033
-0.0008805555555555558
0.0007921296296296297
-0.0022935185185185185
0.0008620370370370377
0.00031064814814814887
0.00045324074074074055
0.0009842592592592592
0.0007250000000000001
9.999999999999991e-05
0.004313425925925926
0.0014143518518518526
-0.0005499999999999996
0.005496296296296297
-0.004490277777777778
-0.0009981481481481484
-0.0027185185185185177
-0.001899074074074074
0.0005652777777777775
0.0023393518518518524
0.00021203703703703724
0.00011944444444444421
-0.0022236111111111107
0.0014374999999999998
-0.003286111111111111
0.0004249999999999999
-0.002069444444444444
0.0009282407407407411
-0.002668981481481481
-0.0016398148148148147
0.0014328703703703708
-0.0004185185185185183
0.0007083333333333336
-0.0008425925925925929
0.002907870370370371
-8.379629629629677e-05
0.000431018518518519
-0.0034486111111111115
-0.0011462962962962963
-0.001746759259259259
-0.001859722222222222
-0.001342129629629629
-0.0006152777777777776
0.0012523148148148146
0.0005097222222222224
0.0003907407407407406
0.002235185185185185
-0.0020638888888888885
-0.0013055555555555552
-0.001038888888888889
0.0005430555555555556
-0.0015486111111111108
0.0025287037037037036
-0.001423148148148148
-0.00016064814814814812
-0.002942592592592593
0.0005069444444444446
0.002133333333333333
-0.0006208333333333334
0.0007069444444444445
0.003292592592592593
-0.0019800925925925923
0.0032805555555555557
-0.0016504629629629627
-0.0013078703703703703
-0.0006856481481481479
0.0004314814814814819
-0.0005643518518518519
0.0013537037037037042
-0.0005069444444444452
-0.0009981481481481482
0.0023032407407407407
0.001577314814814815
0.0003745370370370369
-0.0010824074074074078
0.00327037037037037
0.0015472222222222215
-0.0006365740740740731
-0.001995833333333333
0.001126851851851851
0.0007787037037037037
-0.0005847222222222219
0.00016388888888888863
-0.0018615740740740739
-0.0023361111111111113
0.004647685185185185
4.861111111111119e-05
0.0016523148148148144
0.0022263888888888884
-0.0008662037037037037
-0.00048749999999999987
-0.0013546296296296295
0.0008777777777777779
-0.0003694444444444444
-0.0015638888888888892
-0.0012138888888888894
0.002863425925925926
0.0011990740740740744
0.002197685185185185
-0.0011648148148148145
-0.0020018518518518523
-0.0018930555555555552
0.0009129629629629621
-0.00244537037037037
-0.0013884259259259262
0.00038796296296296316
-0.0001874999999999996
-0.0014666666666666667
5.092592592592597e-05
0.0029087962962962956
0.00026851851851851863
0.002253703703703704
-0.003065277777777778
0.0005740740740740741
-0.002556944444444444
-0.0002893518518518524
0.0010199074074074069
0.0021138888888888895
0.002777777777777778
-0.00046805555555555565
-0.003308796296296296
-0.0026754629629629633
-9.907407407407396e-05
0.001033333333333333
-5.9722222222221556e-05
-0.0016250000000000001
0.0037638888888888887
-0.0024481481481481476
0.0005958333333333337
-0.0013712962962962965
0.00014166666666666703
-0.0026504629629629634
0.000843981481481481
-0.0022125
-0.000208333333333333
1.8518518518520333e-06
0.0023125000000000003
0.0020902777777777777
0.002588888888888889
-0.0009185185185185184
0.002507407407407408
-0.0034268518518518515
-0.0005597222222222221
0.0010009259259259257
0.0011425925925925926
-0.0011328703703703702
0.0025087962962962967
-0.00102037037037037
-0.0001453703703703699
-0.001739814814814815
-0.0016898148148148148
0.0008347222222222226
0.0023875000000000003
-0.0005833333333333334
-0.0004800925925925925
-0.0004421296296296296
0.0017185185185185183
-0.0020925925925925925
0.0019694444444444442
0.0016652777777777777
0.0005180555555555556
-0.0017388888888888888
0.002146759259259259
0.0007009259259259263
0.0002532407407407407
0.0037365740740740736
-0.0006624999999999997
-0.0013018518518518524
0.002598611111111111
-0.00016574074074074066
-0.0006425925925925927
0.002028703703703704
0.0014541666666666659
-0.000770833333333333
0.00041203703703703715
-0.002542592592592593
0.0005810185185185184
-0.0004055555555555555
0.00021944444444444444
-0.002432870370370371
-0.002137962962962963
8.935185185185151e-05
-0.00016759259259259247
0.00030231481481481467
-0.00046620370370370414
0.0001444444444444446
-0.00037314814814814784
0.0010138888888888886
-0.0004365740740740743
-0.0012166666666666662
0.0008874999999999998
-0.0012472222222222223
-0.002082407407407408
-0.0015569444444444441
0.00197037037037037
5.9722222222222586e-05
5.185185185185167e-05
-0.0026041666666666665
0.0018013888888888884
0.00011481481481481476
0.0014324074074074074
0.0030930555555555555
-0.001585648148148148
-0.003488888888888889
0.0019120370370370376
0.0027490740740740744
0.0012717592592592596
-0.001322685185185185
0.00013287037037037038
-0.00028101851851851866
-0.0022435185185185184
-0.0009990740740740732
-0.0007430555555555552
0.0020583333333333335
0.0007064814814814815
0.003196296296296296
-0.0014800925925925925
0.0002712962962962965
-0.0004453703703703704
0.004228703703703703
0.0006398148148148143
-0.002421296296296296
0.0011912037037037037
-0.0007800925925925922
0.003996296296296296
-0.004875
0.0018078703703703703
-0.002137962962962963
0.0005791666666666668
0.0015879629629629631
0.0007620370370370365
-0.00030370370370370366
0.00015601851851851882
-0.0004949074074074069
0.0017055555555555559
-0.0002629629629629625
-0.0026000000000000003
-0.0005865740740740741
0.0001949074074074074
0.001894444444444444
-0.0002050925925925921
0.00130324074074074
0.0012152777777777776
0.0020189814814814814
-0.0008347222222222222
0.002254166666666667
-0.0008277777777777779
0.00011388888888888869
-0.0007972222222222218
-0.0018930555555555558
0.0008171296296296295
-4.398148148148126e-05
-0.0009162037037037034
-0.0017666666666666668
0.0003509259259259256
-0.001191666666666667
-0.0009620370370370367
-0.003680555555555556
0.0017791666666666667
-0.003291203703703704
0.0010888888888888888
-0.0017731481481481483
0.0003412037037037039
-0.0013194444444444445
0.0017842592592592593
-0.0006416666666666664
0.0021087962962962965
0.0002490740740740741
0.0012865740740740743
0.002471296296296295
0.0006879629629629627
0.00044259259259259246
-0.0005907407407407402
0.0007972222222222218
0.0005717592592592592
-0.0017865740740740737
0.0008115740740740747
0.0001467592592592593
0.001337962962962963
-0.0025620370370370376
-0.00319537037037037
-0.0024402777777777778
0.001253703703703704
-0.0009425925925925922
0.0010999999999999996
-0.00017916666666666659
0.0010708333333333331
0.0021263888888888895
7.962962962962973e-05
0.0016425925925925928
0.0010726851851851848
0.002767592592592593
-0.0002791666666666664
0.0014564814814814813
0.0019314814814814815
0.0004134259259259255
0.0008555555555555557
0.00041018518518518574
-0.0015175925925925925
0.002383333333333333
0.00155
0.0018518518518518517
-0.001716203703703704
0.002488888888888888
-0.0010750000000000002
-0.0002689814814814816
0.0030560185185185182
0.0006333333333333332
-0.003319907407407407
0.002682407407407408
0.0006041666666666672
-0.001877777777777778
0.001200925925925926
0.002411111111111111
0.0006694444444444445
-0.00033425925925925973
-0.001462037037037037
1.296296296296282e-05
0.000568981481481481
0.0004263888888888891
0.0014388888888888886
-0.001431018518518518
0.0005574074074074077
-0.000573148148148148
0.002715740740740741
0.001266203703703704
0.003177777777777777
-0.000585185185185185
-0.0017375
0.0011652777777777779
0.0002976851851851853
0.001618055555555555
0.0030791666666666667
0.0014037037037037032
-0.00014120370370370358
-0.0010458333333333329
-0.0003018518518518518
0.0002712962962962962
-0.0010634259259259258
0.0013981481481481481
0.00024907407407407425
-0.0008624999999999999
-0.0003412037037037037
0.0013046296296296293
-0.0037486111111111114
0.0017819444444444445
-0.00028379629629629626
-0.001456018518518519
-0.0018810185185185182
0.0007962962962962965
-0.0011652777777777779
0.001043518518518519
-0.0008166666666666669
0.0019976851851851852
0.0024324074074074074
0.0009384259259259261
-0.0012083333333333332
-0.00015416666666666647
0.0018319444444444446
-0.0017009259259259263
-0.0003754629629629628
-0.00013287037037037038
-0.0005699074074074074
-0.0010615740740740742
-0.0016916666666666668
0.0004495370370370369
-0.000189814814814815
-7.453703703703692e-05
-0.00019953703703703691
0.0022907407407407403
-0.00013101851851851862
-0.001249074074074074
0.0005055555555555564
-0.0009865740740740733
0.0014888888888888886
-0.0003541666666666665
-0.0005652777777777778
0.0009282407407407413
-0.0010467592592592592
-0.0005365740740740744
-0.00024259259259259262
-0.0037712962962962956
-0.0006726851851851853
-0.0004726851851851853
0.0005481481481481485
0.00085787037037037
-0.0001060185185185186
0.0018930555555555558
-0.0013412037037037038
0.0017300925925925925
5.92592592592589e-05
0.0014004629629629632
0.0010513888888888882
0.0007814814814814817
-0.0008365740740740739
0.003858333333333333
-0.002146296296296296
-0.0010467592592592588
-0.002393518518518518
-0.0021009259259259262
-0.002044907407407407
0.002809722222222222
0.0018925925925925926
0.001635648148148148
-0.0014249999999999998
0.0012310185185185187
-0.0006791666666666667
1.759259259259271e-05
0.0012222222222222218
0.0009375000000000003
-0.0010194444444444446
-0.0003476851851851852
-0.000500925925925926
-0.004105555555555555
0.0003495370370370367
-5.000000000000047e-05
-0.00020416666666666706
0.0021740740740740735
0.00037129629629629627
-0.001676388888888889
-8.333333333333957e-06
-0.0024967592592592598
-0.0021791666666666665
0.0013055555555555552
-0.0010180555555555557
-0.0021342592592592585
1.9444444444444232e-05
0.00024629629629629584
-0.0019902777777777774
-0.0015643518518518515
0.0009935185185185186
-0.0006291666666666668
-0.0013185185185185186
0.0022194444444444445
-0.0026314814814814816
0.0031504629629629625
0.0002944444444444448
0.0029310185185185186
-0.0023736111111111106
-0.0009592592592592595
0.0031412037037037038
0.0018041666666666668
-0.0004564814814814816
0.0008884259259259263
0.000981018518518518
0.0015597222222222221
-0.0008486111111111112
0.0033375000000000006
-0.0005902777777777774
0.0028671296296296296
-0.0013194444444444445
-0.00040277777777777735
-0.0007361111111111112
-0.0006902777777777773
-0.0006712962962962964
0.0031314814814814816
-0.0027726851851851845
-0.002168518518518518
-0.00018009259259259256
0.0008810185185185193
-0.0018217592592592589
-0.0022379629629629633
0.00019212962962962993
0.002858333333333333
-0.0036847222222222225
-0.00010416666666666638
-0.002801388888888889
-0.0005356481481481483
0.0008759259259259256
0.003275
-0.0015537037037037032
0.0010194444444444446
0.001410648148148148
-0.0005499999999999999
-0.0018018518518518522
0.005277777777777777
-0.000423611111111111
0.0034004629629629628
-0.00042916666666666694
0.0025287037037037036
-0.0014004629629629625
-9.259259259259652e-06
0.0025810185185185185
-0.0003620370370370379
0.0008231481481481479
-0.0008537037037037036
0.002710185185185185
0.0010476851851851845
-0.0006444444444444446
-1.666666666666663e-05
0.0019856481481481483
0.0009499999999999995
-0.0010412037037037037
-0.0022199074074074074
0.0005148148148148147
-0.0002402777777777776
0.0028685185185185185
0.0012300925925925927
-0.0008916666666666666
0.0025768518518518523
3.240740740740692e-05
-0.00028518518518518563
0.0003587962962962969
0.0006773148148148146
-0.0013981481481481481
0.0032393518518518513
-0.0005791666666666676
0.0012513888888888891
0.002038425925925926
0.0008319444444444444
-0.001318981481481481
-0.0011013888888888887
0.0007453703703703705
-0.0004476851851851854
0.0021962962962962965
-0.000734259259259259
-0.0006314814814814813
-0.0007277777777777777
-0.00039212962962962964
-0.00037407407407407387
-0.0018638888888888887
0.002356481481481482
0.004845370370370371
0.0006379629629629631
-0.001942592592592593
0.0008888888888888886
0.0011375
-0.0012796296296296295
0.0005125000000000003
0.0020388888888888883
0.0005583333333333334
0.002746759259259259
-0.003458796296296296
0.001546296296296296
-0.0013606481481481482
0.0011217592592592594
-0.0012833333333333336
0.0015625000000000003
-0.0012972222222222222
0.003159259259259259
-0.0011930555555555555
0.003408796296296296
0.0041041666666666666
-0.0006763888888888893
-0.00034907407407407364
0.0009546296296296294
0.0022712962962962956
-0.000221759259259259
-0.004047222222222222
-0.0007050925925925924
0.00019444444444444416
0.002527777777777778
-0.004993055555555555
4.537037037037058e-05
0.0001620370370370368
-0.0016370370370370367
2.5925925925925833e-05
-0.0013967592592592593
0.0026740740740740735
0.0001717592592592594
-0.000378240740740741
-0.0009574074074074077
-0.00022175925925925957
0.0013074074074074073
0.003656018518518519
-0.0010115740740740742
-0.0041222222222222216
-0.003361111111111111
-0.0038615740740740733
0.0016662037037037042
-0.0016078703703703704
0.0009365740740740743
-0.0032138888888888885
0.0018703703703703708
-0.0004578703703703703
0.0012277777777777782
0.0018393518518518516
-0.0014648148148148155
-0.0017004629629629622
-0.0001398148148148149
4.444444444444462e-05
-0.0007013888888888893
0.0006078703703703706
-0.0008814814814814809
0.0017023148148148158
-0.003072685185185185
-0.0028648148148148153
0.0003342592592592592
-0.001474074074074074
-0.00027777777777777794
0.0014111111111111115
0.0007800925925925928
-0.0011606481481481483
0.001178703703703703
0.0019194444444444448
0.0025518518518518516
0.0017273148148148148
-0.0033032407407407407
5.231481481481471e-05
-0.001860648148148148
0.0035587962962962964
0.0009962962962962963
-0.004260185185185185
-0.0013564814814814822
-0.0019194444444444448
-0.0015004629629629623
0.002981944444444445
-0.0006351851851851849
0.00147037037037037
0.0003819444444444444
-0.0014865740740740733
-0.0020518518518518516
0.0018162037037037036
0.0007800925925925926
3.564814814814782e-05
0.001177777777777778
0.0018342592592592588
0.000605092592592593
-0.0017916666666666662
0.00042777777777777795
-0.0007759259259259262
0.0011981481481481483
0.0014662037037037033
0.0001319444444444443
0.00015138888888888873
-0.0004365740740740739
-0.0013310185185185187
-0.0031425925925925922
-0.00014305555555555548
-0.0040837962962962954
-0.0008337962962962965
0.0019856481481481474
0.0021347222222222223
-0.0012652777777777775
-0.00416712962962963
0.0013847222222222227
-4.907407407407439e-05
-0.002718981481481481
0.0004583333333333334
0.0011087962962962963
0.0003611111111111111
-0.0006097222222222221
0.002409722222222222
-0.001453703703703704
-0.0002935185185185186
-0.0011912037037037037
-0.0007027777777777776
-0.0028810185185185184
-0.0022430555555555554
0.004320833333333334
-0.0011893518518518514
-0.0019287037037037035
-0.0003537037037037037
0.0021212962962962965
0.0013638888888888893
-0.0006023148148148145
-0.00018101851851851875
0.0006115740740740736
-0.0010023148148148144
-0.0005912037037037037
-0.0006282407407407407
-1.388888888889764e-06
-0.0010060185185185185
0.0012490740740740737
-0.00025092592592592603
-5.231481481481484e-05
0.002439351851851852
-0.0018416666666666664
-0.0015898148148148147
0.0015652777777777778
0.0005962962962962962
-0.0022587962962962956
-0.0002791666666666664
0.0004199074074074073
-0.0015152777777777777
0.0009407407407407407
0.0023370370370370368
-0.0010226851851851853
-0.0026199074074074076
0.0011407407407407408
0.002685185185185185
0.0014263888888888885
0.00024768518518518564
0.0011097222222222218
0.0008921296296296298
0.0009087962962962962
0.00034259259259259323
-0.0004916666666666668
-0.001718055555555556
-0.00202037037037037
-0.0014768518518518516
-0.0021111111111111105
0.0018981481481481484
0.0020356481481481484
-0.002214814814814815
0.0013620370370370377
-0.003852777777777777
0.0021115740740740743
0.00014120370370370383
-0.00026018518518518497
0.0008574074074074075
-0.0005671296296296295
0.001767592592592593
0.0017703703703703707
-0.002102777777777778
-0.004130092592592592
0.004019907407407408
-0.0011671296296296295
-0.0013060185185185184
0.00016944444444444423
-0.0004097222222222224
0.0009861111111111108
-0.0012652777777777777
0.0004884259259259257
-0.0013138888888888892
0.0016416666666666665
0.0025425925925925924
0.0013106481481481482
-0.00299212962962963
0.0007421296296296296
-0.0008384259259259258
-0.0023601851851851848
-0.00035509259259259256
-0.0005615740740740745
0.0017296296296296294
0.003245833333333333
0.0025462962962962965
0.0016847222222222222
0.002431481481481481
0.0003435185185185178
8.194444444444415e-05
0.0002509259259259257
-0.000512037037037037
0.0004050925925925931
0.00199074074074074
0.0007185185185185188
0.002290277777777778
-0.001061111111111111
0.0018106481481481483
0.0007995370370370374
-0.0012472222222222218
0.00043333333333333293
-0.0028722222222222226
-0.0001453703703703698
-0.0020115740740740736
0.003968981481481481
-0.0009134259259259256
0.0033046296296296296
0.0007296296296296297
0.001104166666666667
-0.0016875000000000002
0.00016342592592592605
-0.002116203703703704
-0.0007930555555555561
0.0004388888888888889
0.0018324074074074072
-0.0007379629629629626
0.0006962962962962962
-0.0017435185185185182
0.0021537037037037032
-0.00037824074074074073
0.0007009259259259259
0.002157407407407408
0.000622685185185185
0.0009129629629629626
-0.0007893518518518523
-0.0011740740740740737
0.00017731481481481442
0.001222222222222222
-0.00010138888888888916
0.0014754629629629634
8.657407407407405e-05
-0.0038444444444444446
-0.0018217592592592595
-0.002361574074074074
0.0020902777777777777
-0.0008787037037037033
0.0013175925925925922
0.0005689814814814813
0.0010694444444444443
-0.0023449074074074075
0.000877314814814815
0.00042268518518518474
0.003016203703703704
-0.0007162037037037038
-0.0005314814814814813
0.001627777777777778
0.00348287037037037
0.003110648148148148
0.001123611111111111
-0.0010976851851851855
0.0019921296296296293
-0.001116203703703704
0.0005828703703703702
-0.0016680555555555557
0.0021430555555555547
0.001176388888888889
-0.0009273148148148153
0.0007671296296296303
0.0011819444444444449
0.0014787037037037043
0.0006083333333333332
0.0009967592592592595
0.0016856481481481484
-6.898148148148159e-05
-0.0007986111111111113
0.003756481481481481
-0.0021208333333333335
-0.002121296296296296
0.0007870370370370365
-8.611111111111127e-05
0.0005370370370370371
-0.0028351851851851854
-0.0017986111111111115
-0.000578240740740741
-0.000520833333333333
-0.0007740740740740745
0.0009805555555555557
0.0008087962962962964
0.0017226851851851856
-0.0007768518518518519
0.000352777777777778
-0.0001828703703703706
0.0004550925925925928
0.0001023148148148146
-0.0011199074074074078
0.0007449074074074073
-0.0007240740740740741
-0.0018638888888888887
-0.0014467592592592598
-0.0029949074074074075
6.296296296296277e-05
-0.00011388888888888869
0.0020208333333333332
-0.0012393518518518517
0.001446296296296296
0.0017884259259259262
0.0004870370370370371
-2.314814814814817e-06
0.002775
-0.0027611111111111113
-0.00024629629629629616
-0.00038101851851851833
0.001506481481481481
-0.004248611111111111
0.002108333333333333
-0.005512962962962963
-0.00014583333333333345
0.0010893518518518511
-0.0032203703703703704
-0.00039351851851851874
0.0006874999999999999
0.0003277777777777779
-0.002444444444444444
-0.0014208333333333332
-0.0026518518518518514
0.00163425925925926
0.0016444444444444443
0.00012777777777777784
0.001208333333333333
-0.00020324074074074103
-0.0034287037037037033
-0.0026796296296296295
-0.00207037037037037
-0.0008134259259259259
-0.0013356481481481479
-0.0006564814814814814
-0.0012805555555555556
0.0034499999999999995
0.001503703703703703
-0.00037962962962962934
0.001522685185185185
0.0021643518518518526
0.0007356481481481478
0.0007796296296296296
0.00031250000000000055
8.287037037036998e-05
-0.0030976851851851847
0.000923148148148148
-0.0008564814814814816
-0.0043
0.0024703703703703706
0.0020462962962962965
0.0016495370370370368
0.0023152777777777776
-0.0027875
0.002589351851851852
0.0004490740740740744
-0.0005361111111111108
0.0010754629629629636
-0.004594444444444444
-0.0028361111111111113
-0.00011898148148148174
-0.0007675925925925925
-0.0014435185185185189
0.00021620370370370405
-0.00010324074074074093
-0.00026203703703703724
0.000489814814814815
-0.0016296296296296295
-0.0026828703703703697
-0.002519444444444444
-0.0031726851851851846
-0.002020833333333333
0.0009370370370370369
0.00036111111111111093
0.0011569444444444442
-0.00032083333333333345
0.003600462962962963
0.00011018518518518526
0.0028583333333333343
0.0007523148148148145
9.907407407407408e-05
-0.0004226851851851854
0.0012921296296296296
-0.0003513888888888892
-2.407407407407425e-05
0.0011578703703703699
-0.0010898148148148152
0.0021569444444444453
0.0002624999999999996
0.00052037037037037
-0.0010120370370370368
-0.0012875
9.259259259262095e-07
0.0015888888888888884
0.002042592592592593
0.00014120370370370434
0.0014791666666666666
-0.0023851851851851855
-0.0008967592592592591
0.003122685185185186
0.00033657407407407377
-0.0014810185185185184
0.0035717592592592598
-0.0006921296296296295
-0.0005791666666666663
0.0023824074074074077
0.00039074074074074054
-0.0012245370370370374
-0.0002472222222222221
0.00046898148148148157
-0.0006037037037037037
0.000740740740740741
-0.0017375
0.0012842592592592595
0.0002898148148148149
0.002933796296296296
-0.00025370370370370363
0.00029490740740740736
-2.5925925925925993e-05
9.490740740740724e-05
-0.00028055555555555576
-0.0003662037037037036
-0.0008194444444444444
0.0032009259259259256
-0.0019101851851851856
-0.002051388888888889
0.0009722222222222223
0.0006768518518518517
0.00044537037037037017
0.003149074074074074
0.0003777777777777783
0.00022361111111111117
0.002225462962962963
0.002335648148148148
9.675925925925913e-05
-0.00025046296296296286
0.0008680555555555553
0.001448148148148148
-0.0010374999999999998
-0.0031939814814814812
-0.0027824074074074075
0.0028657407407407407
-0.002528240740740741
0.0002175925925925928
-0.0010361111111111111
0.0004449074074074078
0.0035564814814814803
0.0018375
-0.002459259259259259
-0.00010231481481481463
-0.003075925925925926
0.0019472222222222221
-0.0008800925925925926
0.0011069444444444447
-0.004462962962962964
-0.0012092592592592587
-0.0016171296296296292
0.0010398148148148155
0.0023925925925925933
0.001752777777777777
-0.00034490740740740743
0.0007342592592592596
-0.0013870370370370369
-0.0015861111111111104
0.0009087962962962964
0.0012666666666666664
0.00145925925925926
0.0008680555555555555
0.0001388888888888889
-0.0031870370370370364
-0.0005592592592592591
0.0016574074074074074
0.001878240740740741
-0.0005953703703703702
-3.7962962962962794e-05
0.004334259259259259
-0.0011097222222222222
-0.003216203703703704
0.00026250000000000015
0.0030495370370370364
0.0010300925925925926
-0.001625462962962963
-0.002569444444444444
0.002513425925925925
-6.481481481481513e-05
-0.0018611111111111118
0.0016055555555555556
0.0006861111111111111
-0.0017092592592592591
-0.0010013888888888893
-0.00019120370370370352
-0.001998148148148148
-0.0015449074074074078
0.001329166666666667
0.001172222222222222
-0.0012675925925925925
0.0011902777777777775
-0.0012277777777777782
-0.0008532407407407411
-0.002730092592592592
0.0007087962962962962
0.0027212962962962967
0.00020509259259259314
0.0021953703703703705
8.657407407407405e-05
-0.0011305555555555557
-0.0005
0.0014208333333333336
0.0015125
0.00065
-0.0008374999999999996
-0.0001337962962962964
0.001772685185185185
0.0007472222222222219
0.001585185185185185
0.0007675925925925924
-0.0007143518518518515
0.0015458333333333333
0.0008601851851851846
0.00018472222222222167
0.000175
0.0012388888888888883
9.814814814814814e-05
0.00024305555555555544
0.00015092592592592588
-0.001412037037037037
-0.0008555555555555557
0.0009606481481481487
0.0019032407407407412
0.0003319444444444449
-0.0011685185185185186
0.001827777777777778
0.0009749999999999996
0.00010648148148148119
0.0010560185185185184
0.0006226851851851853
-0.004926388888888888
0.0007995370370370375
-0.001646296296296296
-0.002213425925925926
6.851851851851907e-05
-0.0028231481481481475
0.00047638888888888964
0.0019652777777777776
-0.0003240740740740736
0.0006916666666666666
-0.0006800925925925925
-0.0015291666666666663
0.0007310185185185179
0.0025615740740740746
0.00021851851851851874
-0.0008763888888888893
-0.0011212962962962962
0.0028379629629629627
0.0004703703703703706
0.0016856481481481481
-0.0001708333333333338
0.001487037037037037
-0.004283796296296296
-0.0004523148148148141
-0.0015564814814814814
0.0002722222222222222
-0.003328703703703704
-0.0012194444444444442
0.00030046296296296304
-0.001456944444444445
-4.074074074074062e-05
0.0008625000000000007
0.0006157407407407405
0.0005513888888888885
0.00013425925925925918
-0.00328287037037037
0.0018009259259259257
0.002352777777777778
0.0010805555555555557
-0.0004657407407407411
-0.0023333333333333335
0.0008388888888888892
0.0008333333333333333
-0.00026851851851851874
0.001166666666666667
-0.001553240740740741
0.0016805555555555556
0.003213888888888889
0.0012004629629629629
0.0027046296296296297
-0.0048462962962962965
5.8333333333333204e-05
-0.0017027777777777777
0.0016481481481481484
4.398148148148126e-05
6.481481481481487e-05
-0.00043611111111111113
-0.002950925925925926
-0.004642129629629629
3.101851851851838e-05
0.0009046296296296296
-0.002735185185185185
0.0003685185185185183
0.0005138888888888891
0.0025717592592592597
-0.0005069444444444444
-0.0012949074074074072
9.21296296296295e-05
-0.004716203703703703
0.0008398148148148148
0.0005708333333333337
0.0010722222222222222
-0.0025481481481481483
-0.0020731481481481486
0.0007328703703703703
-0.00225324074074074
-0.0005291666666666672
-0.0019856481481481483
-0.002312037037037037
-0.0010018518518518523
-0.0019527777777777772
0.002299537037037037
0.002004629629629629
-0.00036342592592592584
0.0009402777777777785
-0.002743055555555555
-0.000399074074074074
-0.0013032407407407404
0.0018185185185185184
0.0010912037037037034
-0.0007703703703703707
0.0015189814814814818
-0.0008578703703703707
-0.0017305555555555557
-0.0038532407407407404
-0.00012777777777777757
-0.002472685185185186
0.0012578703703703701
-0.000625462962962963
-0.0009467592592592584
0.0011199074074074071
0.0023851851851851855
-0.0012425925925925922
0.0010560185185185178
0.0010925925925925918
0.00160925925925926
0.001924537037037038
0.0019203703703703696
0.0001768518518518519
0.0007430555555555554
-0.0001726851851851852
-0.004473148148148148
0.002044907407407407
-0.00026759259259259265
0.0028412037037037034
0.002156018518518519
-0.0012768518518518524
0.0025907407407407407
0.003577777777777778
0.000276851851851852
-0.0013314814814814819
0.0012486111111111111
0.0015037037037037026
0.00020787037037037036
-0.002610648148148148
0.0006592592592592593
0.0017685185185185184
0.00014351851851851827
0.003108796296296296
0.0013828703703703707
-0.002797222222222222
0.00021296296296296317
-1.8518518518515194e-06
0.0019611111111111114
-0.0009370370370370369
-0.00036250000000000025
-0.0009259259259259254
0.0007814814814814817
-0.00026342592592592596
0.00045972222222222237
0.00024074074074074048
0.0007310185185185179
0.0018912037037037033
0.0014106481481481483
0.0028115740740740744
-0.0021333333333333334
0.0005694444444444441
0.0006689814814814818
0.0006384259259259255
0.0011675925925925925
0.00036481481481481526
0.0015986111111111114
0.0003671296296296293
0.002355555555555555
-0.0005703703703703705
-0.0004763888888888888
0.0018055555555555557
0.00022407407407407407
0.00024027777777777855
-0.0008157407407407414
0.0008189814814814815
-0.0017421296296296295
-0.0029467592592592596
0.0010023148148148146
0.0020578703703703705
0.00047731481481481453
0.0018629629629629623
0.0012282407407407405
0.0005680555555555552
-0.0012310185185185182
3.703703703703672e-05
-0.002228240740740741
0.0015574074074074075
0.002602777777777778
0.0003662037037037032
-0.00081712962962963
-0.0002222222222222223
-0.0010592592592592591
0.0012245370370370374
0.003969907407407407
-0.0010999999999999998
0.0027726851851851853
-0.001287962962962964
-0.0012884259259259253
-0.0002953703703703707
0.0010087962962962963
-0.0009180555555555553
0.0017157407407407412
0.002155092592592592
1.8055555555555558e-05
-0.0016134259259259253
0.0005037037037037036
-0.0016509259259259261
0.00025879629629629647
5.879629629629586e-05
-0.0026101851851851846
0.00031574074074074084
-0.0012402777777777776
0.0019138888888888884
0.0012222222222222222
0.0001699074074074072
-0.0007254629629629627
-0.0022578703703703706
0.0008166666666666664
0.0014819444444444446
-0.00013055555555555588
-0.0023634259259259255
0.003288888888888889
0.0017370370370370367
0.0007444444444444447
-3.194444444444446e-05
0.0022074074074074075
5.601851851851826e-05
-0.0009805555555555557
0.0021287037037037043
0.0009620370370370364
-0.0017578703703703704
6.0185185185182415e-06
-0.0043013888888888884
0.0022763888888888886
-8.425925925925924e-05
-0.002275
0.00019537037037037057
-0.0003111111111111113
0.002490277777777778
-0.0007592592592592589
-0.0005300925925925931
0.0031893518518518516
-0.0015805555555555555
0.0009657407407407406
-0.0026962962962962965
-0.0007712962962962965
-0.001901851851851852
-0.0025208333333333333
0.00032592592592592574
8.796296296296323e-05
1.3888888888888901e-05
-0.0009953703703703704
0.0012939814814814812
-0.0006342592592592592
0.0011074074074074074
-0.00041296296296296296
-0.0022148148148148157
0.0013476851851851855
-0.0027120370370370367
-0.001031944444444444
-0.002037962962962963
-0.002708333333333333
0.0024231481481481487
-0.001611574074074074
-0.0004597222222222221
0.00023379629629629586
0.0019037037037037037
-0.000628240740740741
-0.0017462962962962957
0.0016569444444444444
0.0013625000000000006
0.002877777777777778
-0.0004916666666666667
0.00022361111111111103
0.00014166666666666706
-0.002929629629629629
-0.00016851851851851834
-0.0032134259259259256
0.001250462962962963
0.0025893518518518514
-0.000590277777777778
0.0009166666666666672
-0.001711574074074074
-0.0002407407407407398
-0.0008282407407407403
0.0020004629629629634
0.0007467592592592597
0.00016898148148148122
0.00010555555555555485
0.0032851851851851853
-0.00031481481481481443
0.00011342592592592622
0.002311574074074074
-0.0005995370370370371
0.0019625
0.0004986111111111109
-0.0041125
0.0012092592592592587
0.003289814814814815
-2.3148148148148296e-05
0.0011273148148148147
0.0006592592592592595
-0.0011023148148148149
0.0004898148148148152
-0.0005953703703703699
0.002921296296296296
0.0008092592592592588
-0.0024796296296296294
-0.0011291666666666663
-0.0002560185185185187
-0.0016810185185185188
0.0020444444444444442
0.0003249999999999993
0.0022050925925925923
-0.0008689814814814812
-0.0007759259259259258
0.0005124999999999997
-0.0006449074074074072
-0.0005819444444444444
0.0001518518518518521
0.0020754629629629634
-0.0005583333333333328
-0.0007106481481481483
-0.0007935185185185179
0.0015356481481481484
-0.00041712962962962965
-0.0005027777777777777
-0.0007060185185185195
-0.00034027777777777783
0.002674074074074074
0.0015074074074074074
-0.0008393518518518511
-0.001150462962962963
0.001686574074074074
0.0005722222222222224
0.0009750000000000001
0.0013995370370370368
-0.0010699074074074079
-0.0009828703703703698
0.00018518518518518534
-0.001748611111111111
-0.002582870370370371
-0.0012185185185185185
-0.00017037037037037004
0.003350925925925926
0.0004805555555555553
-0.0006074074074074072
0.0016439814814814813
0.0022731481481481483
-0.0007393518518518519
0.0006425925925925921
0.0015083333333333337
0.00015509259259259266
-0.0010120370370370372
0.0013500000000000003
0.000878240740740741
0.000717592592592593
-0.0008037037037037039
-0.00035462962962962965
0.0013782407407407406
-0.0007870370370370373
-0.0017800925925925924
0.0014601851851851848
-0.003051388888888889
0.0013115740740740742
-0.00045925925925925957
-0.0015064814814814817
-0.00013055555555555544
-0.0011625
0.0007134259259259258
-0.0008435185185185186
0.0004560185185185184
-0.002261574074074074
0.003238888888888889
-0.0029638888888888887
-0.0008601851851851852
0.00039305555555555545
-0.00030833333333333293
-0.004515277777777778
0.0024731481481481484
-0.0005245370370370367
0.0005087962962962963
0.001603703703703704
0.0001504629629629629
-0.00044212962962962983
-0.0020694444444444436
0.0012824074074074075
-0.0004000000000000004
-0.0013578703703703704
0.001856481481481481
0.0016365740740740741
0.0009481481481481482
-0.0007037037037037037
-0.0012125000000000003
-0.0019175925925925925
0.0012930555555555555
0.0025087962962962954
0.00261712962962963
-0.0010865740740740742
-0.0010217592592592596
0.0009245370370370364
-0.0020453703703703706
-0.0012703703703703703
0.0002384259259259259
-5.3240740740740405e-05
0.002723611111111112
0.0008013888888888888
-0.0013976851851851854
0.0008199074074074073
-0.0036680555555555555
0.0018810185185185182
-0.00012592592592592592
-0.0005995370370370369
0.0011101851851851858
0.001789814814814815
0.00019583333333333315
-0.0027814814814814816
-0.0007444444444444442
0.002362037037037037
-0.0005962962962962963
0.001448148148148148
9.490740740740714e-05
0.000494907407407407
0.0006995370370370371
-0.0008009259259259262
-0.0031592592592592597
0.0011671296296296295
-0.002120833333333333
0.003383796296296296
-0.0004050925925925923
0.0019449074074074073
0.0017643518518518518
-0.0010949074074074073
-0.0012935185185185185
-0.000990740740740741
-0.0014291666666666671
0.0016351851851851848
-0.0009592592592592591
-0.0004467592592592598
0.0008916666666666666
-0.002886574074074074
0.0030060185185185185
0.001862037037037037
0.002231944444444444
0.0018134259259259262
-0.00027638888888888944
0.0004620370370370365
-0.001822685185185185
0.0005300925925925927
0.001412037037037037
0.0013337962962962962
-0.0006032407407407406
-0.00023333333333333282
-0.001433796296296296
0.0037504629629629633
0.0010101851851851845
0.0005055555555555556
0.0010333333333333332
-0.002439351851851851
-0.00023425925925925955
0.00010879629629629607
-0.0009027777777777781
-0.0014212962962962964
-0.00028379629629629664
-0.0003583333333333324
0.002468518518518518
0.0013078703703703703
-0.0027574074074074076
-0.0013486111111111105
0.001730555555555555
-0.0007986111111111108
0.0012078703703703702
-0.0008555555555555554
-0.00010092592592592552
-0.0010685185185185186
0.003222222222222222
-0.0006476851851851854
-0.0002476851851851855
-0.00013101851851851835
-0.0014898148148148145
0.0014046296296296296
-1.9444444444444232e-05
-0.0024013888888888887
-0.0003101851851851848
-0.001984722222222223
-0.0006050925925925927
-0.0021921296296296294
-0.0003782407407407402
-0.0017490740740740741
0.00017870370370370368
0.001874074074074074
-0.002245833333333333
0.0019273148148148142
0.000710648148148148
0.001714814814814815
0.0025060185185185185
-0.0007185185185185184
0.0007111111111111109
0.0009263888888888889
0.002752777777777778
-0.0023995370370370373
0.0006939814814814819
-0.002047685185185185
-0.0020263888888888896
-0.00041435185185185195
0.0014629629629629626
-0.0006930555555555556
-0.0017472222222222227
-1.6666666666667274e-05
-0.0016611111111111113
-0.00012777777777777784
-0.001293055555555555
-0.000642592592592593
-0.0015902777777777775
0.0021819444444444443
3.7499999999999726e-05
-0.000803240740740741
-0.0020879629629629633
0.0019175925925925927
-0.0004430555555555556
0.0007569444444444449
-0.0014143518518518513
-0.0005902777777777778
0.0007949074074074081
-0.00010787037037037044
-0.0007638888888888883
0.0018546296296296295
0.0027976851851851847
0.0016962962962962958
-9.768518518518512e-05
-0.00021296296296296295
0.0018875
0.0034217592592592594
0.0005583333333333335
0.0005935185185185184
-0.0011731481481481484
0.00016990740740740733
0.0014157407407407406
0.0026254629629629636
-0.00024907407407407425
-0.0025671296296296297
-0.0004861111111111109
0.0026819444444444443
0.0026550925925925926
-0.0024069444444444446
0.00022175925925925873
0.003351851851851851
-0.0017175925925925926
-0.0020518518518518524
0.0005819444444444445
0.0020972222222222225
6.111111111111107e-05
0.001113888888888889
-0.0007342592592592596
0.0011759259259259257
0.002125
0.0017722222222222223
-0.00015138888888888873
-0.002137962962962963
0.000635185185185185
-0.0001333333333333331
-0.0012444444444444447
0.0014175925925925927
0.0004990740740740745
-0.00014768518518518478
6.620370370370361e-05
0.0009439814814814811
0.00029027777777777776
0.000619907407407407
-0.0006495370370370379
0.004940277777777778
-0.0017291666666666664
0.000650462962962963
-0.0010907407407407409
-0.0006546296296296295
-0.00014259259259259206
-0.0009060185185185183
-0.00048009259259259224
-0.0017282407407407405
0.0004476851851851853
-0.0009847222222222221
0.004974074074074074
0.0017726851851851857
-0.0003185185185185184
0.0030814814814814815
-0.0008606481481481484
4.259259259259291e-05
-0.0027513888888888887
-0.00033981481481481455
0.0023037037037037045
-0.0035347222222222225
0.0013476851851851855
-0.0014699074074074074
-0.0010800925925925928
-0.002647685185185185
-0.0009263888888888886
-0.002188425925925926
0.0005185185185185184
0.002218981481481482
-0.002584722222222222
0.002818981481481481
5.833333333333372e-05
0.0017041666666666668
0.003524074074074074
0.0021513888888888893
-0.0014893518518518515
-0.001157407407407408
-0.0018495370370370373
-0.00395462962962963
0.001221759259259259
-0.0005564814814814818
-4.6296296296271923e-07
-1.0648148148148004e-05
0.0020074074074074074
-0.0020486111111111113
-0.0029962962962962964
0.001377777777777778
0.00028981481481481507
0.0017203703703703697
0.0012560185185185187
-0.003484722222222223
0.0022898148148148157
-0.001658796296296296
-0.0009157407407407408
0.001102314814814815
-0.0012893518518518514
0.0008546296296296294
0.0015120370370370366
0.0026986111111111117
-0.001288425925925926
0.00057037037037037
0.000839814814814815
0.0007009259259259261
0.0016273148148148147
0.002637037037037037
0.001159259259259259
-0.0017819444444444439
0.0010333333333333334
-0.0002902777777777777
-0.004830555555555556
0.002548611111111111
0.0012824074074074075
-0.0003689814814814816
-0.0008967592592592588
-0.0009134259259259259
0.0022249999999999995
-8.333333333333353e-05
0.00023425925925925865
-0.0023425925925925927
0.0024597222222222225
0.0033782407407407407
-0.003912037037037037
-0.00025046296296296286
0.0019412037037037037
0.00032777777777777753
-0.0017509259259259257
0.00012916666666666645
-0.000878240740740741
0.000666666666666667
-0.0008810185185185185
-0.0002666666666666671
-0.0008777777777777776
-0.0013629629629629627
-0.00011805555555555591
0.0015819444444444444
7.63888888888887e-05
0.0012648148148148143
0.00027361111111111103
0.0009050925925925921
0.002261111111111111
0.0008615740740740737
-0.0013999999999999996
0.003804166666666666
-0.00013287037037036995
0.00036111111111111104
-0.002777777777777778
0.000661111111111111
0.0007259259259259258
0.00020462962962962977
0.0040416666666666665
0.00015277777777777794
-0.001773611111111111
0.0012263888888888888
-0.0015175925925925936
-0.0024712962962962965
-3.2870370370370734e-05
0.002303240740740741
0.0021458333333333334
-0.0009055555555555555
2.6388888888889132e-05
-0.0010592592592592598
-0.00013657407407407344
-0.001415740740740741
-0.001795833333333333
0.001781944444444444
0.0002879629629629626
0.001287037037037037
-0.0005990740740740741
-0.0011337962962962964
0.0019592592592592595
-0.002756944444444445
-0.0022865740740740737
-0.004119907407407407
-0.0005361111111111111
0.0014583333333333334
0.0002138888888888884
-0.0011138888888888895
0.00024722222222222224
0.000233333333333333
0.0016388888888888887
-0.000735185185185185
0.0022277777777777773
0.00024120370370370376
-0.0026884259259259257
-0.00012037037037036997
-0.0011425925925925928
-0.00014074074074074116
-0.0011569444444444446
0.001522685185185185
0.0002611111111111109
-0.000900462962962963
-0.00012129629629629655
0.0011333333333333334
0.0015083333333333333
0.001425
-0.0030861111111111115
-0.0007731481481481483
0.0002569444444444444
-0.0006745370370370374
-0.0009583333333333328
0.0018958333333333331
0.002564814814814814
-0.0018365740740740738
0.0023750000000000004
-0.0011351851851851853
0.002884722222222222
0.0020041666666666662
-0.0033787037037037036
-0.0020171296296296296
-0.0011435185185185185
-0.0008314814814814819
4.027777777777784e-05
0.0021069444444444443
-0.002434259259259259
-0.0032097222222222223
0.0006263888888888888
0.0010648148148148149
-0.0012060185185185188
0.0008143518518518515
0.0006953703703703704
0.0008175925925925927
-0.000991666666666667
6.48148148148186e-06
0.002650462962962963
0.0015009259259259255
-0.001340277777777778
0.002162037037037037
0.0017013888888888888
-0.0029009259259259257
0.0003777777777777773
0.0016217592592592594
-0.0029162037037037034
-0.00012407407407407468
-0.00022962962962962979
7.361111111111052e-05
0.0007439814814814813
-0.002554166666666667
-0.0016722222222222223
-0.0006217592592592593
-0.0011740740740740743
-0.002401851851851852
-0.0006004629629629628
-0.0002236111111111109
-0.0032041666666666664
-0.000559259259259259
0.0014962962962962966
-0.0009458333333333332
-0.0009050925925925923
0.00012638888888888961
-0.0008898148148148149
0.0024319444444444445
-0.00032129629629629636
-0.0011467592592592597
-0.001081481481481481
-0.0016879629629629625
0.000900462962962963
-0.0013620370370370368
0.0006800925925925928
-0.0002800925925925923
0.00048657407407407406
0.000875
-2.268518518518545e-05
-0.001693518518518519
0.00036157407407407395
-0.000534722222222222
0.0024314814814814815
0.0002129629629629632
0.0036402777777777783
0.00017546296296296318
-6.527777777777765e-05
-0.0007921296296296297
0.002756018518518518
-0.0014546296296296304
-0.0017050925925925925
-8.98148148148152e-05
0.0016046296296296297
0.00023703703703703636
-0.0010212962962962964
-0.001678240740740741
-0.0031666666666666666
0.0003032407407407405
-0.0008226851851851853
0.0010458333333333335
0.0018865740740740737
0.0006324074074074079
0.00069212962962963
-0.0017537037037037037
0.0026222222222222224
0.0016231481481481483
0.00032083333333333334
0.0008916666666666664
-0.0004250000000000003
-0.001768518518518518
0.0018763888888888888
0.00012916666666666632
-0.001213425925925926
-0.0004236111111111113
0.0008634259259259259
0.0021925925925925923
0.0007129629629629627
-0.0030856481481481486
-0.0011412037037037044
-0.002691666666666667
0.003426388888888889
0.0005162037037037043
0.0013486111111111105
0.0009708333333333331
0.001440740740740741
0.0014490740740740738
-0.0026916666666666664
0.00041944444444444424
0.001986111111111111
0.0011175925925925926
0.00047962962962963014
-0.0003310185185185187
-0.0016824074074074076
0.0014435185185185187
0.0006972222222222227
0.0004236111111111112
-0.0016689814814814816
0.003510648148148148
0.00017083333333333314
0.0003259259259259265
-0.0007407407407407406
-0.0040226851851851856
-0.0019138888888888888
-0.0034689814814814813
-0.003235648148148148
0.00034212962962962994
-0.0031453703703703704
-7.824074074074086e-05
0.00016944444444444442
0.0011449074074074068
0.0012222222222222222
0.0011143518518518518
-0.00047824074074074115
0.0015879629629629622
-0.00045092592592592585
0.001878240740740741
0.0006805555555555552
0.0023324074074074076
-0.002357407407407408
-0.0022009259259259256
0.00024212962962962944
0.0019916666666666663
-0.002453703703703703
-0.002296759259259259
0.0038115740740740744
-0.00312037037037037
0.001084722222222222
0.0019189814814814814
0.0007819444444444442
0.0014087962962962967
-0.0003824074074074072
0.00021250000000000012
-0.0007384259259259263
0.0031435185185185186
0.0005583333333333335
0.0011203703703703707
-0.0001555555555555555
-0.0010680555555555554
0.0012212962962962963
0.00017592592592592614
-0.0003958333333333332
0.0037662037037037043
-0.000631481481481482
-0.002022222222222222
-0.001702777777777778
0.00020925925925925984
-0.002793055555555555
0.0017300925925925932
0.0024717592592592595
-0.0016847222222222214
-0.0036430555555555556
-0.003852314814814815
0.002956944444444445
0.0019412037037037037
-0.0005365740740740739
0.0008583333333333333
8.240740740740707e-05
-0.0008356481481481476
0.002070833333333334
-0.00010648148148148208
-0.0014421296296296298
0.0025310185185185184
-0.0013833333333333336
-0.00019120370370370398
-0.0027078703703703705
0.0007148148148148149
0.001475
-0.0016490740740740745
0.00048796296296296267
0.0032856481481481482
-0.0014129629629629627
0.0018337962962962963
-0.0011652777777777777
0.0011537037037037034
-0.0003185185185185181
0.001515740740740741
0.000351388888888889
0.000595833333333333
-0.0013981481481481481
-0.0020314814814814813
0.0010814814814814817
0.0013861111111111114
-0.002841203703703704
-0.0018388888888888888
-0.0005837962962962966
0.0013203703703703706
-0.002005555555555555
0.001397222222222222
0.0007990740740740741
-0.000824537037037037
-0.00010509259259259258
0.0001402777777777782
-0.0012726851851851849
-0.00041435185185185157
-0.000363425925925926
0.00036898148148148196
0.0016620370370370367
-0.002464814814814814
-0.00041666666666666653
0.0031379629629629626
0.00157824074074074
-0.0006115740740740744
-0.0008157407407407411
-0.0013393518518518513
-0.004982407407407408
0.0006847222222222221
0.0024083333333333335
-0.0001916666666666667
-0.0006486111111111108
0.0005231481481481478
0.0026708333333333332
0.0008226851851851853
8.750000000000013e-05
-0.0007254629629629629
0.0012199074074074072
-0.0010902777777777783
5.925925925925929e-05
0.0008041666666666669
-0.002725925925925926
-0.00040787037037037067
0.0009287037037037034
3.749999999999998e-05
0.0005263888888888888
-2.6851851851851208e-05
0.0014925925925925925
-0.00019861111111111135
-0.00043333333333333326
0.0005115740740740742
0.00033287037037036993
-0.00023379629629629624
0.0009574074074074076
0.0019236111111111107
-0.0007055555555555555
0.0019930555555555556
0.0034921296296296293
-0.005359259259259259
0.006131944444444443
0.001325462962962963
0.0003717592592592592
-0.0011078703703703702
-0.0007837962962962963
-0.0007060185185185185
0.00040370370370370397
0.0038171296296296295
0.00036064814814814813
0.0002888888888888889
-0.003335185185185185
-0.0012662037037037038
-0.0004662037037037034
0.00055787037037037
0.0013652777777777778
-0.0002930555555555555
-0.0016060185185185186
-0.0018953703703703706
-0.001310185185185185
-0.001646759259259259
0.001987037037037037
-0.001190740740740741
-0.0050930555555555555
8.749999999999981e-05
0.0016462962962962965
0.0015374999999999998
0.004946759259259258
-0.0005652777777777784
0.00031851851851851865
0.002629166666666666
-0.003081944444444445
-0.000490277777777778
-0.0010444444444444442
0.001876388888888889
0.0014018518518518514
-0.0002999999999999995
0.0012254629629629631
-0.002617592592592593
-0.003073148148148148
-0.001375925925925926
-0.0010319444444444454
-0.0008282407407407413
0.0002625000000000002
-0.00034675925925925955
0.0012703703703703703
-0.002430092592592592
-0.0027634259259259257
0.0010046296296296298
0.0008134259259259258
0.001943518518518518
0.002368518518518518
5.3240740740740724e-05
0.0025009259259259255
-0.0019513888888888888
-0.0005148148148148147
-0.0020356481481481484
0.0009041666666666668
-0.0004726851851851853
0.0029263888888888894
-0.0037611111111111113
0.00016111111111111122
0.0015939814814814818
0.0018574074074074072
0.0020439814814814813
-0.0034810185185185187
-0.004009722222222222
0.0032453703703703707
0.00014814814814814763
-0.0001467592592592593
0.001725925925925926
0.004924537037037037
-0.0005013888888888891
0.0009282407407407404
-0.00117962962962963
-0.0007888888888888889
0.002330555555555555
-0.0021009259259259254
-0.0008939814814814817
0.00045046296296296316
-0.0003152777777777771
0.001471296296296296
-0.0003504629629629629
-0.00017037037037037032
-0.0013388888888888892
-0.00024629629629629594
-0.0002282407407407406
-0.0028351851851851854
0.00017175925925925911
0.00715
0.0004990740740740744
0.002495833333333334
-0.0014500000000000001
-0.0016569444444444444
0.0016101851851851854
0.001731018518518518
0.00339212962962963
0.00032037037037037017
0.0017643518518518522
-0.0015194444444444446
-0.00028333333333333325
0.0016731481481481484
0.00253425925925926
-0.0007824074074074079
-0.0005592592592592592
0.00012175925925925947
0.00020231481481481514
0.0020550925925925923
-0.0007805555555555565
-0.0015296296296296297
-0.0017374999999999997
0.002005092592592593
0.0004546296296296294
0.0008222222222222217
-0.0011092592592592595
0.0012597222222222222
0.0017263888888888893
0.0027546296296296294
-0.0019495370370370372
-0.002299537037037037
0.0013356481481481479
3.750000000000024e-05
0.0014175925925925923
-0.001447222222222223
-0.001527777777777777
-0.0008185185185185184
-0.0030620370370370376
-0.0034597222222222225
-0.0008259259259259263
0.0019856481481481483
0.0016199074074074078
0.0030625000000000006
0.0020685185185185177
-0.00010648148148148128
-0.0018064814814814816
0.0009379629629629634
-0.0019166666666666663
-0.000978240740740741
-0.0007537037037037041
-0.00037916666666666665
0.001549537037037037
-0.0003314814814814813
0.0012884259259259253
0.0023143518518518517
-0.0005662037037037036
-0.0001833333333333332
0.0019333333333333331
0.002644444444444444
-0.0010157407407407407
-0.0010740740740740739
0.001038888888888889
0.0004847222222222224
-0.0013675925925925923
0.002160185185185185
-0.0004282407407407401
-0.0019564814814814814
0.001379629629629629
0.0028328703703703706
0.0018532407407407406
-0.0026629629629629638
-0.0018245370370370373
-0.0001689814814814819
0.0004254629629629635
-0.0014583333333333336
0.0063597222222222215
-0.0028305555555555553
0.0011643518518518522
-0.0008277777777777781
0.001900462962962963
-0.0011763888888888891
-0.00021574074074074114
-0.0031541666666666667
-0.0018768518518518518
-0.000455555555555556
0.00033287037037036993
0.0005847222222222218
0.0023638888888888893
-0.002103703703703703
0.0005097222222222221
-0.0007310185185185183
-0.0003310185185185184
-0.002028703703703704
0.002427314814814815
0.0002291666666666674
0.0035805555555555556
-0.0018064814814814812
-0.0010703703703703702
-0.0021754629629629632
0.0002925925925925929
0.0009226851851851855
0.0015347222222222223
0.00013194444444444457
0.0006856481481481482
-0.002522222222222222
-0.0005925925925925929
-0.0002560185185185186
-0.0014763888888888893
0.0006171296296296297
0.0005356481481481478
-0.0011444444444444447
0.0006606481481481488
0.0009694444444444441
-0.0002916666666666667
0.002856018518518518
-0.0009768518518518518
0.0026162037037037035
-0.0020199074074074073
-0.0008930555555555557
0.0010143518518518516
0.0002861111111111113
0.001618055555555555
-0.0019203703703703707
-9.999999999999952e-05
-0.0012074074074074073
0.0001648148148148149
-0.0013972222222222222
0.0031287037037037034
-0.002926388888888889
-0.0016722222222222225
-3.194444444444478e-05
-0.0016907407407407407
-0.00220787037037037
0.0011921296296296294
-0.0007087962962962961
-0.00013472222222222255
7.175925925925933e-05
-0.0019162037037037038
0.0018620370370370368
-0.0029824074074074067
0.0008837962962962964
-5.09259259259306e-06
0.0002824074074074075
-0.0024995370370370367
0.0009578703703703701
-0.001390740740740741
-0.0011486111111111113
-0.0026421296296296297
0.0017361111111111106
0.0004189814814814819
0.0049226851851851845
0.00017361111111111125
0.0007712962962962963
-0.0013708333333333335
0.0004046296296296294
-0.0010291666666666667
0.00015509259259259233
-0.0019254629629629626
-0.003176388888888889
-0.004263888888888889
0.0006962962962962967
-0.004024074074074074
-0.000836111111111111
0.0005643518518518518
-0.0007791666666666664
0.0031620370370370366
0.0031365740740740733
0.0002564814814814811
-0.003798148148148148
-0.00048611111111111153
-0.0013625
-0.001318518518518519
-0.001306481481481481
0.0010990740740740735
0.002266666666666666
-0.000454166666666666
0.00044953703703703686
-0.0007495370370370366
-0.002062962962962963
-0.0011819444444444442
-0.0010319444444444445
-0.003050925925925926
-0.000848611111111111
-0.0007388888888888888
0.002750462962962963
0.0004699074074074075
0.0017134259259259257
0.001525462962962963
0.0010944444444444441
0.0011398148148148142
-0.0008560185185185182
0.0034671296296296295
0.003063425925925926
0.00033379629629629655
0.0026129629629629636
0.00018981481481481486
-0.0013143518518518515
0.001806944444444444
0.0005421296296296293
0.0028226851851851846
0.0010560185185185186
0.0037962962962962967
-0.0025041666666666663
-0.0005629629629629625
-0.0010782407407407403
0.0010370370370370373
-0.0010055555555555551
-0.0008699074074074073
-0.000416666666666667
0.0005773148148148153
0.00012592592592592592
-0.0017347222222222221
-0.0008717592592592594
-0.0021055555555555554
-0.0013925925925925924
0.001921759259259259
0.0017694444444444441
-0.00317037037037037
0.0006689814814814814
0.0014912037037037038
0.0007953703703703699
0.0008800925925925923
-0.0020925925925925925
-0.0034300925925925927
0.0016365740740740741
-0.0010833333333333337
0.0008787037037037038
-0.0017171296296296299
0.0031199074074074076
0.004243981481481481
-0.0028324074074074076
0.0007
-0.0024703703703703697
-0.0004675925925925921
0.0008328703703703704
-7.685185185185174e-05
-0.00022916666666666636
0.0010537037037037036
-0.00041944444444444456
-0.001988425925925926
0.0007101851851851848
0.0015023148148148148
0.0010217592592592594
0.0011148148148148154
-0.002675925925925926
0.0002615740740740742
0.003122685185185186
0.00012546296296296264
0.0007902777777777779
0.0016388888888888883
-0.0018671296296296296
-0.000839814814814814
0.001984722222222222
-0.0032773148148148145
-0.0028430555555555553
-0.0026222222222222224
0.000821759259259259
0.0006671296296296295
-0.0002597222222222224
0.0008361111111111113
0.0007879629629629627
0.0009245370370370369
2.5462962962962856e-05
-0.0007856481481481477
-0.00036064814814814786
0.001831018518518518
-0.0039004629629629628
0.0010689814814814815
-0.003467129629629629
-0.0012800925925925927
-0.0008074074074074073
-0.0006814814814814814
-0.0003185185185185184
-0.0005837962962962963
-0.0013550925925925922
-0.0020333333333333336
0.0005166666666666663
2.7777777777776644e-06
0.0011199074074074078
0.0020703703703703704
0.0006592592592592594
0.00041064814814814843
-0.001970833333333334
-0.0006925925925925931
-9.768518518518561e-05
0.00034074074074074047
-0.0003990740740740739
1.4351851851852134e-05
-0.0012712962962962966
0.0029768518518518525
-0.0027694444444444437
-6.0185185185185626e-06
-0.0019013888888888889
0.00023379629629629637
0.0006129629629629636
-0.0018958333333333336
0.0012601851851851854
0.0019875
0.0007550925925925925
0.0016212962962962958
9.02777777777776e-05
-0.0019430555555555566
-0.0019578703703703702
-0.002831944444444445
0.0012351851851851847
-0.0007972222222222221
-0.0017166666666666667
0.0007444444444444447
0.0008078703703703704
-0.0009833333333333339
-0.002310648148148148
-0.00048749999999999987
0.001475925925925926
0.00021759259259259252
-0.0019625
0.0004185185185185192
0.003113425925925926
0.0016171296296296294
0.001123148148148148
-0.0036680555555555555
0.0021351851851851853
0.0012865740740740743
-0.0016944444444444444
0.0010023148148148148
-2.9629629629629515e-05
-0.001291666666666667
0.00201712962962963
0.00038564814814814836
0.00031203703703703726
-0.0018171296296296297
-0.0007606481481481482
-0.00082037037037037
-0.0010587962962962964
-0.0015185185185185182
0.0022675925925925923
-0.0008254629629629635
0.0011800925925925922
-0.0014574074074074077
-0.00016342592592592572
0.0012185185185185185
0.0011277777777777777
0.0025208333333333333
-0.001128703703703703
-0.00021805555555555491
-0.0006694444444444446
-0.0019319444444444447
0.0006143518518518518
-0.0012476851851851852
-0.0001546296296296297
0.0001370370370370371
-0.0007490740740740743
0.001550925925925926
-0.003128703703703704
-0.0009722222222222225
0.0002712962962962965
0.0005296296296296295
-0.002069444444444445
0.002874537037037037
0.0013458333333333334
0.0025342592592592587
0.0010833333333333335
0.0014518518518518517
-0.0036902777777777784
-0.0008300925925925921
0.001186111111111111
-0.0008453703703703704
-0.0013842592592592596
-0.0006722222222222226
0.0017837962962962961
-0.0025393518518518517
0.002395833333333333
-0.0012916666666666662
-0.003856481481481482
0.0003569444444444444
-0.00046898148148148125
-0.0005708333333333335
0.0009055555555555554
-0.0005203703703703706
-0.00010185185185185227
0.0018592592592592593
-0.00021805555555555513
-8.148148148148176e-05
0.0024037037037037035
0.00018888888888888907
-0.0041222222222222216
0.0022587962962962965
-0.0012907407407407414
-0.0005046296296296296
0.0004912037037037042
-0.0009263888888888889
0.0017458333333333334
-0.0007902777777777781
-0.0029555555555555555
0.0010245370370370373
0.0006439814814814815
0.002016666666666667
0.0003087962962962966
-0.0019837962962962964
0.0014148148148148147
0.0005282407407407403
-0.0010208333333333334
0.002535648148148148
-0.002542592592592593
0.0005064814814814815
-0.0006282407407407405
-0.0016305555555555554
-4.4444444444444176e-05
0.001474537037037037
-0.001448148148148148
-0.0004805555555555557
-0.002098611111111111
0.0013740740740740736
0.0013398148148148147
0.00033981481481481466
0.0006087962962962963
-0.0021481481481481486
-0.0015902777777777783
0.001159722222222222
-0.0007453703703703704
-0.0028199074074074064
0.000272222222222222
0.0008171296296296296
0.0014527777777777774
0.0014462962962962964
1.2962962962962691e-05
-0.00046203703703703706
0.0006310185185185184
-0.0014509259259259258
-0.00020046296296296292
0.0004129629629629631
-0.0010944444444444441
0.0006273148148148151
-0.0014231481481481482
0.0031300925925925927
-0.0013435185185185184
-0.00042592592592592584
0.0025842592592592592
-0.0007999999999999999
0.0006740740740740742
-0.00460324074074074
-0.0022416666666666665
-0.0015800925925925924
-5.092592592592623e-05
0.001697222222222222
-0.00037546296296296324
-0.00030185185185185154
0.00018240740740740763
0.0001509259259259255
-0.0004259259259259259
-3.888888888888891e-05
-0.002624074074074074
0.002926851851851851
-0.0009356481481481484
0.000540740740740741
-0.0006814814814814817
-0.00039444444444444477
-7.638888888888883e-05
-0.00041157407407407413
-0.0002236111111111114
0.000923611111111111
-0.0026578703703703708
0.0008439814814814818
-0.0009787037037037036
0.0007509259259259255
0.0017055555555555565
-0.0034342592592592593
0.0012175925925925926
0.0014615740740740746
0.00015370370370370342
-0.0009523148148148153
4.768518518518533e-05
0.0018074074074074075
0.000458796296296296
0.0015999999999999996
-0.000872222222222222
-0.0008365740740740744
0.0011620370370370376
-0.0005152777777777776
-0.0008564814814814819
0.0006981481481481484
0.004045833333333334
0.0005166666666666663
0.0013152777777777774
-0.0010222222222222217
0.0017092592592592591
-0.0024078703703703705
-0.002113888888888889
-0.0004435185185185187
-0.0010328703703703702
-0.0020444444444444442
-0.004087500000000001
0.0014064814814814816
-0.00011574074074074091
0.00043055555555555566
0.0009337962962962963
5.6018518518518776e-05
0.0020393518518518512
0.0004638888888888887
-0.0001712962962962971
-0.0013101851851851853
0.0015472222222222222
0.00041851851851851853
-0.0009236111111111113
0.0016689814814814811
0.000932407407407407
0.0005041666666666663
-0.0013736111111111106
0.0008157407407407407
9.120370370370342e-05
0.0014763888888888886
0.0013712962962962967
0.0007736111111111112
-0.002333796296296297
-0.002856018518518518
0.0007013888888888894
0.001532407407407408
-0.0005569444444444445
-0.0017703703703703696
0.0034930555555555557
0.0018546296296296301
-0.003914351851851851
0.0037226851851851848
0.0025680555555555556
-0.0004504629629629628
-0.0020884259259259263
-0.001687962962962963
-7.685185185185187e-05
0.0012416666666666667
0.0003712962962962964
0.004872685185185185
-0.0014324074074074074
0.001318981481481481
0.00027129629629629644
-0.002335648148148148
0.0009648148148148148
0.0003574074074074071
-0.001689814814814815
-0.0009009259259259261
0.001623148148148148
-0.0008458333333333337
-0.0011925925925925925
-0.0014185185185185184
-0.0010638888888888885
0.001338425925925926
0.003374537037037037
0.0006199074074074078
-0.0004782407407407412
0.0024569444444444443
-0.0011222222222222215
0.0009629629629629631
0.0014120370370370372
0.0013046296296296298
9.44444444444442e-05
0.0007449074074074079
-0.0004421296296296298
-0.0023726851851851856
-0.000706481481481481
0.000356481481481481
-0.001350925925925926
-0.0005495370370370371
0.0006333333333333334
-0.001768055555555556
-0.0016745370370370369
0.0008467592592592598
-0.0008902777777777779
0.002801851851851852
-0.0017013888888888888
-0.0007814814814814818
-0.0002453703703703709
0.002044444444444445
-0.00036805555555555544
-0.00023101851851851826
0.0028476851851851853
0.0006379629629629629
0.00028703703703703725
0.00041712962962962944
-0.0013828703703703702
1.1574074074074212e-05
0.0017069444444444445
0.0021643518518518513
-0.00038518518518518584
0.0016791666666666671
-0.0006916666666666668
-3.842592592592632e-05
0.0006643518518518513
0.0007212962962962962
-0.00010879629629629562
-7.268518518518502e-05
0.004354166666666667
-0.0013763888888888892
-0.0033740740740740745
-0.001287037037037037
-0.0026750000000000003
0.0007611111111111111
-0.0015393518518518523
0.001974537037037037
0.0032851851851851853
0.0013101851851851842
0.0017694444444444444
-0.0006671296296296296
-0.0003087962962962965
0.0005
0.0024291666666666654
-0.0011958333333333337
-3.148148148148174e-05
0.0031032407407407406
-0.00019398148148148145
4.120370370370392e-05
-0.002875925925925926
-0.0017087962962962966
-0.00040694444444444486
0.0049601851851851855
0.002923148148148148
0.001234259259259259
-0.0002666666666666668
0.00028564814814814815
-0.0019449074074074073
-0.0023199074074074072
-0.0014106481481481483
0.0006851851851851858
-0.001515277777777778
-0.0005916666666666662
3.888888888888923e-05
-0.0009662037037037044
0.0004101851851851855
-0.0012171296296296296
0.00035787037037037043
0.0021347222222222223
-0.0006833333333333334
0.0009990740740740739
-0.0016333333333333328
-0.00045185185185185167
0.0010884259259259254
-0.0016300925925925925
0.0010888888888888882
-0.0013990740740740747
0.0004439814814814814
-0.0017490740740740737
-2.916666666666628e-05
-0.0007958333333333336
0.003353703703703705
-0.0005606481481481481
-0.0013833333333333334
0.0016018518518518524
0.00013333333333333323
0.003310648148148148
-0.00022777777777777827
0.0012796296296296295
0.002429166666666666
0.002722685185185185
-0.0013060185185185184
0.0011384259259259262
-0.0004569444444444449
-0.0015555555555555555
-0.00023842592592592568
-3.888888888888884e-05
-0.0019689814814814817
-0.0002537037037037038
-0.0019328703703703708
0.0006162037037037037
0.0021967592592592585
0.0009962962962962963
7.222222222222211e-05
-0.0042421296296296295
0.0016648148148148147
-0.0030791666666666667
0.001787962962962963
3.287037037037035e-05
2.870370370370414e-05
0.0011800925925925926
0.0005162037037037044
-5.3703703703703826e-05
0.003638888888888889
-0.0008185185185185184
0.0010425925925925926
-0.003721296296296296
-8.564814814814809e-05
-0.0005754629629629632
0.001228240740740741
-0.001014351851851852
9.76851851851851e-05
-0.0018467592592592583
0.0023393518518518516
-0.001227777777777778
-0.0029300925925925926
-5.370370370370434e-05
0.0006
0.0009250000000000008
6.805555555555602e-05
0.002224537037037037
-0.00023611111111111106
0.0026222222222222224
-0.0003967592592592586
-0.0006861111111111109
-0.0021226851851851854
0.0013592592592592597
0.0018111111111111108
0.0011
-0.0009550925925925928
-0.0008310185185185183
0.0016453703703703702
0.0006467592592592589
0.002427777777777778
-0.0005861111111111106
-0.0015375
-0.002487037037037037
-0.00040972222222222164
0.001711111111111111
-0.002689351851851853
0.0009837962962962966
0.0012652777777777777
0.0015884259259259256
-9.999999999999984e-05
-0.001868981481481481
0.00015601851851851855
-0.0009782407407407402
0.0005222222222222219
0.001262037037037037
-0.002334722222222222
-0.0005847222222222225
-0.0020472222222222224
-0.0011694444444444447
0.00079074074074074
-0.0005912037037037036
0.003517129629629629
-0.0002708333333333338
-0.0034310185185185177
0.0008875
-0.0005499999999999999
-0.002297685185185185
0.0012888888888888893
0.0012564814814814815
-0.001597222222222222
-0.0010134259259259256
-0.0012703703703703703
0.00024212962962962995
-0.0024513888888888884
-0.0010152777777777777
-7.82407407407406e-05
0.0021976851851851853
0.0011800925925925926
0.0010990740740740735
0.0012680555555555557
-0.00019027777777777804
0.0009851851851851846
7.824074074074067e-05
-0.0035486111111111105
-0.00013194444444444443
0.002583333333333333
-0.0017069444444444445
-0.002394444444444445
-0.0020893518518518522
0.0007763888888888894
-0.0013870370370370369
0.0005555555555555554
0.001048148148148148
-0.0003124999999999995
-0.0027476851851851855
-0.0008606481481481484
0.0034374999999999996
-0.002437962962962963
0.0019754629629629627
0.0014495370370370367
0.001049537037037037
0.0002861111111111112
0.001082870370370371
-0.0013287037037037033
0.0004166666666666668
0.0018861111111111108
-0.002617592592592593
-0.0006648148148148148
0.000469907407407407
0.0012407407407407408
7.870370370370325e-05
-0.0008592592592592595
-0.0011657407407407404
0.0005087962962962959
0.0027189814814814824
-0.003503240740740741
-0.0015078703703703697
-0.0014268518518518515
-0.0016078703703703706
0.00253287037037037
0.0001680555555555553
-9.722222222222436e-06
0.0008023148148148152
-0.0006444444444444448
0.0017138888888888894
-0.0009379629629629629
0.00021990740740740697
-0.0006476851851851846
0.0013967592592592593
-0.002397685185185185
-0.001007407407407407
-0.0010601851851851853
-0.00020370370370370364
-0.0005083333333333332
0.00045787037037036993
0.0001912037037037032
-0.0004092592592592593
0.0012513888888888891
-0.00037592592592592566
-0.0019226851851851857
-0.0021893518518518516
-0.0011351851851851853
-0.0007717592592592594
-0.00028796296296296263
-0.0007337962962962968
0.0003018518518518518
0.002425462962962963
-0.0027277777777777773
-0.0012388888888888894
-0.00015648148148148173
-0.0030157407407407407
0.00043287037037037073
0.004864814814814816
-0.0013541666666666665
0.0005953703703703706
0.0035055555555555556
0.00019675925925925956
-0.0006597222222222221
-0.0018874999999999999
-0.0003060185185185187
-0.00017546296296296342
0.0027189814814814806
-0.0009944444444444447
3.148148148148161e-05
-0.0005541666666666666
-4.6759259259259444e-05
-0.0011046296296296299
0.0011199074074074078
-0.003315277777777778
0.0021379629629629626
-0.002435185185185185
-0.0004625000000000002
0.0021893518518518516
-0.0027064814814814816
-0.002299537037037037
-0.00018657407407407403
0.001398611111111111
0.0004472222222222219
0.0010810185185185185
0.001487962962962963
-0.0027921296296296305
-0.0026300925925925927
-0.0006152777777777781
0.00012916666666666708
-0.0003152777777777772
-0.001474074074074074
-0.0026018518518518517
-0.0030837962962962963
0.0017037037037037042
8.333333333332802e-06
0.000814814814814815
0.0033208333333333323
-0.0011050925925925926
-0.0018842592592592591
0.0032055555555555552
0.001144444444444444
-0.0011467592592592595
-0.0012129629629629632
-0.001768518518518519
0.0012518518518518512
-0.003553240740740741
0.00026666666666666684
-0.005540277777777777
0.0006055555555555551
-0.0018726851851851845
0.0005439814814814812
0.0005138888888888889
-0.0008912037037037037
3.194444444444404e-05
-0.001886574074074074
-0.0029351851851851848
0.0013990740740740736
-0.00034953703703703714
0.0009402777777777779
0.002593518518518519
0.00101712962962963
0.0007236111111111109
0.001053703703703704
0.0009574074074074078
-0.00017129629629629607
0.0011393518518518517
0.003185185185185185
-0.0015763888888888887
-0.000661111111111111
0.0002226851851851857
-0.001091666666666667
0.0033435185185185187
0.0003134259259259256
0.0022685185185185187
0.00041851851851851853
-0.0006879629629629632
0.00011018518518518494
-0.0011129629629629627
-0.001568981481481481
-0.0012972222222222228
0.0029921296296296297
-0.00030370370370370333
0.00018148148148148225
-0.003802777777777778
0.0011532407407407405
-0.00046944444444444415
-5.925925925925916e-05
-0.0028546296296296293
0.00046157407407407383
-0.003921759259259259
-0.0011101851851851852
0.005085185185185186
-0.0011222222222222222
-0.002627777777777778
0.002226851851851852
0.0017736111111111114
0.0031611111111111115
0.00046342592592592594
0.0002324074074074071
-0.0008037037037037038
-0.0009842592592592594
-0.0009398148148148151
0.0009527777777777777
0.0019856481481481483
-0.0008643518518518518
-0.0016337962962962962
1.1574074074074341e-05
-0.000384722222222222
-0.00029953703703703734
0.0012750000000000003
-9.722222222222262e-05
-0.00037222222222222214
-0.0017703703703703703
0.00023425925925925952
-0.0050245370370370366
-0.001266203703703704
-0.0012930555555555558
-0.00013611111111111078
-0.0003037037037037042
0.0029009259259259257
-0.0006194444444444446
-0.0001736111111111105
0.0016120370370370368
-0.001293518518518519
-0.0006814814814814813
0.0028532407407407404
-0.0011944444444444444
0.0020699074074074075
0.0003638888888888889
0.004183333333333333
0.0003513888888888889
0.00043842592592592555
6.990740740740716e-05
0.00048472222222222227
-0.0013148148148148144
0.0023828703703703707
0.0006314814814814813
0.0019611111111111114
-0.0013476851851851855
-4.1666666666663365e-06
0.0010953703703703698
-0.0010523148148148147
0.0009009259259259261
0.002118518518518518
-0.0009268518518518518
1.6666666666666566e-05
0.0003189814814814811
-0.0011634259259259258
-0.001337962962962963
0.00012916666666666656
-0.0008305555555555556
0.001337037037037037
-0.0012546296296296292
0.0009273148148148144
0.0023680555555555547
0.0009810185185185187
0.0019939814814814816
-0.0010148148148148154
0.0005847222222222219
-0.00030324074074074037
-0.00044999999999999993
0.0001703703703703701
-0.0006601851851851857
0.004148611111111112
-0.000825925925925926
0.0006060185185185191
0.0035375
0.00040833333333333336
0.00030555555555555593
-0.00204537037037037
-0.0026685185185185184
-0.0017416666666666665
0.0005921296296296298
-0.0021291666666666672
-0.003
-0.002266666666666667
-0.0011467592592592595
0.0014004629629629632
0.001716666666666667
0.004363425925925926
0.0003476851851851849
0.0003245370370370375
-0.002784722222222222
0.0016175925925925926
-0.0015115740740740738
-0.003495833333333334
-0.003249074074074074
-0.0025356481481481476
0.00030833333333333304
0.0022902777777777782
-0.0031837962962962957
0.0003833333333333332
0.001825
-0.0018194444444444445
0.00014675925925925967
-0.0035310185185185193
0.0012347222222222228
0.0025805555555555556
-0.0024078703703703697
-0.002715277777777778
0.0007842592592592587
-0.0004305555555555555
0.001498148148148147
-0.002110648148148148
0.0003324074074074074
0.0025481481481481488
0.0007231481481481483
-0.00039259259259259266
0.0023541666666666663
-0.00014074074074074097
3.935185185185224e-05
-0.0026208333333333335
0.001596296296296296
-0.002947222222222222
0.0016347222222222225
0.0031865740740740743
-0.0018541666666666667
-0.0014870370370370376
-8.611111111111139e-05
0.001349074074074074
0.00222037037037037
-0.000896296296296296
-0.002041666666666667
0.0029865740740740742
0.0013671296296296296
0.001075462962962963
0.001090740740740741
-0.0008324074074074072
0.0007907407407407407
-0.0013712962962962965
0.00022638888888888887
-0.0006740740740740742
-0.0010648148148148149
-0.0028972222222222216
9.120370370370361e-05
-0.0009694444444444442
0.0012768518518518515
-0.00018935185185185136
-0.0019615740740740743
0.0005305555555555555
0.0004587962962962963
0.0033430555555555553
-0.001009259259259259
0.0025935185185185176
0.0008819444444444446
-0.0011481481481481484
-0.0013597222222222225
0.001431018518518518
0.00016481481481481517
-0.002409259259259259
-0.00016203703703703717
-0.00032546296296296284
-0.0005550925925925932
-0.00032037037037037065
0.0012685185185185186
-0.0013157407407407406
-0.00028611111111111117
-0.002031481481481481
0.00021018518518518483
-6.898148148148134e-05
0.0017939814814814813
-0.0035615740740740733
0.002722685185185185
0.00024999999999999995
-0.0006185185185185185
-0.0024407407407407403
-0.0001921296296296289
-0.0019245370370370373
-0.002787037037037037
0.0010703703703703702
0.00026157407407407455
0.00013842592592592585
0.0042018518518518524
0.0024819444444444446
0.00018148148148148155
0.0007851851851851851
-0.0012268518518518516
-0.0027481481481481476
-0.00041944444444444424
-0.0015138888888888886
-2.6851851851852106e-05
0.0007583333333333329
0.000362037037037037
-0.0028097222222222226
0.0021333333333333334
-0.0013611111111111113
8.425925925925962e-05
-0.00145787037037037
0.0014708333333333338
0.004158796296296297
0.000796296296296297
0.00011111111111111133
0.0015342592592592593
-0.0005208333333333333
-0.0033564814814814807
-0.0021481481481481486
0.001033333333333333
-1.759259259259239e-05
-0.0009921296296296293
0.0016518518518518516
0.00030462962962962974
0.0003305555555555555
-0.002092592592592592
-0.0017324074074074073
-0.0008217592592592597
-0.004349074074074074
-0.00034027777777777783
0.0010421296296296294
-0.0009583333333333332
0.0014444444444444444
1.2037037037036483e-05
-0.0021805555555555554
-0.0033041666666666666
-0.0013777777777777781
0.0006462962962962963
-0.00037962962962962966
-0.0011328703703703705
-0.003344907407407407
-0.001055555555555556
-0.0017615740740740738
0.0005944444444444445
-0.0005949074074074072
0.003921296296296296
-0.0013180555555555554
0.0004356481481481482
0.0042754629629629635
0.0021018518518518517
-0.0003203703703703703
0.0008393518518518517
0.0013171296296296295
-4.953703703703723e-05
-0.00020879629629629644
-0.0002726851851851853
-0.00018749999999999992
0.0013689814814814819
-0.0008777777777777782
7.870370370370435e-06
0.0010347222222222225
-6.759259259259286e-05
0.0020814814814814815
0.0002685185185185186
-1.0185185185184288e-05
-0.0020120370370370374
3.101851851851865e-05
-0.0020138888888888884
0.002038888888888889
0.000991203703703704
-0.0008495370370370373
0.000855092592592593
-0.0034523148148148147
0.0006180555555555558
-0.0004712962962962963
-0.0022203703703703704
-7.314814814814832e-05
0.0030125000000000004
0.0016601851851851853
-0.0016319444444444443
-0.0010666666666666663
-0.0008865740740740738
-4.351851851851912e-05
0.0008458333333333334
-0.0008879629629629632
-0.0007527777777777773
0.0012305555555555555
-0.0006523148148148148
-0.0009388888888888888
0.0022333333333333333
0.002806944444444445
0.000823148148148148
0.0019490740740740738
0.0028365740740740743
-0.0016537037037037035
0.0015513888888888884
-0.0015509259259259259
-0.0018726851851851851
0.003884722222222222
0.0019629629629629632
0.0006861111111111105
0.00018564814814814852
0.0023837962962962958
-0.0020842592592592597
-0.0016490740740740739
0.0009287037037037036
-0.001424537037037037
0.0019861111111111117
0.0006736111111111109
-3.657407407407406e-05
0.0004717592592592592
-0.000426851851851852
0.002041666666666667
0.0001055555555555555
-0.0010708333333333334
0.0013231481481481482
-0.0023763888888888893
-0.00045416666666666674
-2.0833333333333353e-05
-0.002502314814814815
0.00011388888888888869
0.0015949074074074075
-0.003329629629629629
-0.0013837962962962968
0.0006069444444444441
-0.000509722222222223
-0.0010569444444444446
0.0015949074074074073
-0.0020680555555555556
0.0012870370370370366
-0.0012337962962962962
0.0009203703703703707
0.000817592592592593
-0.0001842592592592595
-0.0010907407407407409
-0.0004837962962962961
0.0016384259259259264
0.0006574074074074085
0.001811111111111111
-0.0007694444444444448
-7.4074074074074e-05
-0.0010453703703703703
-0.0020666666666666667
-0.0009953703703703704
0.001149537037037037
-0.0005578703703703704
-0.004607407407407407
-0.00021944444444444444
-0.001000462962962963
0.0007194444444444441
-0.0021291666666666664
0.0002939814814814819
-0.0004657407407407403
0.0002879629629629632
0.002989814814814815
-0.000593518518518518
-0.0026523148148148152
0.0026486111111111107
0.0001064814814814817
0.0019935185185185186
0.0020722222222222223
0.0011523148148148143
0.0029842592592592594
-0.0038805555555555555
0.00043194444444444395
0.001699074074074074
-0.0033462962962962964
-0.0005226851851851852
-0.0001351851851851854
-0.0007004629629629625
-0.002093055555555556
0.00020601851851851863
0.002074074074074074
-0.0019513888888888888
-0.0007976851851851858
-0.0007736111111111115
-0.0004652777777777773
-0.0010444444444444446
-0.0021787037037037035
-2.731481481481502e-05
0.0010115740740740734
0.0005601851851851848
0.00013425925925925964
-0.0012800925925925924
-0.000763888888888889
-0.0013078703703703703
0.002727314814814815
0.0025569444444444446
-0.0018759259259259259
0.0001393518518518518
-1.1574074074073828e-05
-0.0023962962962962965
-0.0024171296296296297
0.00021018518518518516
-0.0014935185185185188
-0.0010157407407407402
-0.0004532407407407403
-0.00030694444444444443
-0.002201851851851852
0.0008962962962962963
0.0020495370370370363
0.00017731481481481534
0.0006731481481481479
-0.0008597222222222223
-0.0007490740740740743
-0.0006101851851851858
-0.0020564814814814816
-0.001387962962962963
0.0015379629629629628
-0.002822222222222222
-0.0036152777777777776
0.00185462962962963
-0.0023481481481481483
0.00010509259259259246
0.0001847222222222222
0.0009305555555555556
-0.0005273148148148147
-4.259259259259278e-05
-0.0006995370370370368
0.0009449074074074069
-3.009259259259275e-05
-0.0011907407407407411
0.0003537037037037037
-0.0012152777777777776
0.001487962962962963
-0.0020453703703703706
-0.00039537037037037063
-0.0005365740740740741
0.0009634259259259257
0.0001486111111111115
0.002396759259259259
0.001512962962962963
0.0008648148148148147
0.002614814814814816
-0.0021856481481481475
-0.0004194444444444444
-0.0029916666666666668
-0.0003314814814814813
-0.0014944444444444443
-0.0027703703703703705
0.002676388888888889
0.0015986111111111108
9.722222222222186e-05
-0.002843518518518519
0.002955555555555556
-0.001126388888888889
0.0020777777777777778
-0.0017842592592592593
-0.0023763888888888893
-0.0015296296296296303
0.0005310185185185188
-0.0005435185185185188
0.0017421296296296295
-0.0009504629629629632
-0.0015967592592592587
-0.0003680555555555559
-0.0020634259259259265
0.0008847222222222222
-0.0026518518518518523
-0.0012194444444444442
0.0009819444444444441
-0.00016481481481481504
-0.00045462962962963013
0.0007541666666666663
-0.0008287037037037035
-0.0016444444444444445
-0.000992592592592593
0.0004671296296296298
0.0003638888888888893
0.001952777777777778
0.003275
-0.00021527777777777745
-0.0002097222222222224
-0.002655092592592592
-0.0007004629629629636
-0.0016564814814814814
0.003575
-0.0017000000000000001
-0.0027620370370370372
-7.268518518518483e-05
-0.003163888888888889
-0.0034847222222222224
-0.0003587962962962961
0.0017379629629629629
-7.962962962962999e-05
0.0022726851851851853
0.0018129629629629633
-0.0005986111111111107
7.26851851851857e-05
-0.0014416666666666673
-0.003915277777777778
0.0001879629629629632
0.0018435185185185182
-0.0009555555555555552
-0.00011574074074074065
-0.003925
9.953703703703713e-05
-0.0019194444444444448
-0.0015851851851851851
0.0012291666666666664
0.00017777777777777798
0.0014851851851851853
-0.00027361111111111114
0.002547222222222222
-0.000456944444444445
-0.0005074074074074078
-0.000622685185185185
0.0031157407407407405
0.0008050925925925924
0.00014722222222222155
0.003126388888888889
0.0003722222222222224
3.5185185185185135e-05
0.0011046296296296295
-0.0005629629629629629
-0.00104537037037037
0.0022125000000000005
0.0006393518518518516
0.0018439814814814814
-0.0015620370370370371
0.0003203703703703703
0.0008837962962962967
0.0001287037037037034
-0.0010412037037037033
-0.0009981481481481482
0.00046944444444444453
0.002546296296296296
0.004098148148148148
-0.0011601851851851853
-0.0007499999999999997
-0.0007171296296296295
0.0030347222222222225
0.001225925925925926
-0.00033287037037036993
0.0009944444444444443
0.0013768518518518524
0.0011546296296296296
0.000962037037037037
0.00018703703703703688
-0.0025402777777777776
0.001414814814814815
-0.002721296296296296
0.003029629629629629
-0.0007509259259259262
0.0006842592592592589
0.0003981481481481487
-0.0009023148148148149
0.0009925925925925927
-0.0006129629629629629
1.0648148148147875e-05
-0.0012476851851851859
0.001560648148148148
0.002306481481481482
-0.002652314814814815
-0.0002597222222222216
-0.0017638888888888886
0.00033518518518518516
-0.0023550925925925927
-0.002148148148148148
-0.0012018518518518515
-0.001106481481481481
-0.0011569444444444446
0.0022504629629629632
0.00037592592592592604
0.0010782407407407405
0.0028629629629629634
-0.003947685185185185
0.0004763888888888891
-0.0004652777777777778
0.0011138888888888889
0.0018574074074074066
-0.0006148148148148148
8.055555555555542e-05
0.00038981481481481506
0.0007800925925925924
0.0039388888888888885
-0.0006296296296296293
-0.0003847222222222223
-0.0005143518518518519
-6.249999999999993e-05
0.0016976851851851855
0.001954166666666667
0.000886111111111111
0.0003138888888888886
0.00037777777777777793
0.0008212962962962958
-0.0014462962962962969
-0.00034444444444444415
0.0009055555555555551
-0.0039962962962962955
-0.002490277777777778
-0.0008370370370370373
-0.0007851851851851848
0.003578703703703704
-0.001040740740740741
0.0034337962962962963
0.001862962962962963
0.0019425925925925925
0.002040277777777778
-0.00014953703703703746
-0.0015689814814814813
-0.0023175925925925924
-0.00036111111111111093
0.0009087962962962963
0.003048148148148149
-0.0005412037037037036
0.0010222222222222225
-0.0002537037037037042
-0.002360185185185185
0.0016416666666666667
0.00015740740740740702
0.00023935185185185133
-0.003941666666666666
0.0004652777777777776
0.0033583333333333334
0.0036421296296296293
0.002484722222222222
-0.005116666666666666
-0.000474074074074074
-0.0025384259259259253
-0.0007921296296296293
0.002646759259259259
0.00046944444444444453
0.00107962962962963
0.0014384259259259263
0.001957870370370371
-0.0001236111111111111
-0.0030537037037037034
0.0019694444444444442
0.0004824074074074079
-0.0010666666666666674
0.00010925925925925905
-0.0019296296296296294
-0.0004962962962962965
-0.0018231481481481477
0.003824074074074074
-0.000256944444444444
-0.00030740740740740734
0.0031712962962962966
4.814814814814792e-05
0.0009615740740740745
-0.00015092592592592574
-0.0029152777777777775
-0.0015967592592592591
0.003385185185185185
-0.0015263888888888898
-0.003847685185185185
-0.0006939814814814811
-0.0037365740740740745
0.0006203703703703704
-0.0018675925925925926
0.002535648148148148
0.00019212962962962955
0.0008074074074074075
-0.0008527777777777774
0.0002277777777777774
-0.00024259259259259286
-0.0014925925925925927
-0.0013189814814814809
0.002515740740740741
-1.620370370370333e-05
0.0019694444444444442
7.129629629629589e-05
-0.0020962962962962958
0.0010861111111111113
-0.000929629629629629
-0.0024749999999999993
0.003019444444444444
0.0004648148148148154
0.0017703703703703705
0.00029583333333333366
-0.000377314814814815
-0.0036532407407407403
-0.003424074074074074
0.0009120370370370376
0.0005370370370370375
0.0026638888888888884
-0.000489351851851852
-0.0004768518518518516
-0.0006060185185185189
-0.0008453703703703706
0.0017555555555555556
0.0019324074074074076
0.0011050925925925924
-0.0009740740740740738
-0.0005203703703703704
-0.002951388888888889
-0.0011000000000000005
-0.0014662037037037046
0.002522222222222222
-0.002782870370370371
0.0010703703703703704
-0.00041620370370370373
0.0007541666666666671
-0.002549537037037037
-0.0001939814814814813
-0.0022662037037037034
-0.0007712962962962963
-0.004106481481481482
-7.870370370370789e-06
0.0011388888888888887
0.0012023148148148145
0.0032847222222222223
0.0008199074074074072
-0.0012143518518518514
-0.0010064814814814812
0.0025324074074074073
-0.0028027777777777786
0.001840277777777778
-0.0015768518518518519
7.45370370370366e-05
-0.002919444444444444
-0.00012129629629629652
-0.0013763888888888886
0.0005041666666666669
0.0006254629629629632
-0.0003162037037037037
0.0036458333333333325
0.0006847222222222215
-0.0015356481481481484
-0.0004212962962962963
0.001373148148148148
0.0016800925925925926
0.00035046296296296285
0.0004657407407407402
0.0014124999999999997
-0.0026180555555555558
-0.002881481481481482
0.0013745370370370367
-0.0011268518518518515
-0.0010291666666666667
-0.0016597222222222222
0.0002768518518518514
-0.002694907407407407
-0.002832407407407408
-0.001573611111111111
0.0014967592592592589
-0.003196296296296297
-0.001581018518518518
0.0014759259259259263
0.0037634259259259257
0.002971759259259259
0.00019027777777777776
-0.003136574074074074
0.0016282407407407409
-0.0005629629629629628
0.0034925925925925927
-6.620370370370386e-05
-0.0003115740740740741
0.0003078703703703704
-0.0020152777777777786
0.0014513888888888894
-0.001499537037037037
-0.0004111111111111113
-0.0018444444444444446
-0.0008925925925925927
0.0004453703703703702
-0.0020578703703703705
-0.00018888888888888967
-0.0006393518518518519
0.002021759259259259
-0.0005412037037037037
0.0013833333333333334
-0.003046759259259259
-0.0006254629629629622
-0.0009120370370370369
-0.0008037037037037038
-0.001786574074074074
-0.0005967592592592593
-0.002251388888888889
-0.001317129629629629
-0.00042638888888888897
0.001700925925925926
-0.0020300925925925925
0.0020282407407407406
-0.0014870370370370371
-0.0004944444444444445
-0.0014972222222222223
0.0035064814814814815
0.0011444444444444442
-0.0022236111111111107
0.0007462962962962966
-0.0002597222222222226
-0.0015310185185185181
-0.001131481481481481
-0.001648611111111111
0.0006916666666666669
-0.0013282407407407407
0.0019027777777777769
-0.00044398148148148167
-0.0007856481481481481
-0.0013550925925925924
0.001942129629629629
-0.0017412037037037036
0.0002398148148148146
0.001063888888888889
-0.0029819444444444446
-0.0015273148148148151
-0.0010231481481481482
0.0029884259259259256
0.002661574074074075
-0.0019310185185185181
0.003533333333333333
0.0023703703703703703
-0.0009398148148148151
0.0010504629629629627
-0.0007606481481481484
-0.0019958333333333334
-0.0016574074074074071
0.0027162037037037037
0.000712037037037037
0.000910185185185185
-0.0025092592592592593
-0.0020884259259259254
-3.518518518518542e-05
-0.000600462962962963
0.0017194444444444438
0.0001208333333333332
-0.003299537037037037
0.0019134259259259265
-0.0005125000000000003
-0.0013731481481481485
0.000548611111111111
0.0006972222222222222
-0.0020337962962962957
-0.00016435185185185186
-0.002037962962962963
-0.00048379629629629673
5.7407407407407765e-05
-0.0018847222222222225
-0.002637962962962963
-0.00012453703703703693
0.0025722222222222227
-0.0014601851851851855
-0.0018041666666666668
0.002427314814814815
0.0038657407407407408
0.00015370370370370464
-0.0004476851851851851
0.0022643518518518525
0.0008027777777777778
-0.0020300925925925916
0.00011111111111111173
0.0008148148148148148
0.0023666666666666662
0.004766203703703704
0.0018402777777777781
0.00041250000000000016
-0.0011087962962962959
0.0018273148148148148
0.002477777777777778
2.5925925925925833e-05
-0.001035185185185185
-0.0013828703703703705
0.0006273148148148148
-0.0007259259259259257
-0.0020273148148148147
0.00029907407407407427
0.002177777777777778
0.00042407407407407416
-0.0010217592592592596
-0.0013990740740740738
-0.0002925925925925921
0.0030625000000000006
0.0020680555555555556
-0.00013935185185185185
-0.0008060185185185182
0.002168981481481482
0.0004046296296296298
-0.0023152777777777776
-0.001328240740740741
0.0010143518518518516
0.0017041666666666672
0.001496759259259259
0.0018555555555555556
-0.0029787037037037035
0.00027777777777777783
0.002755555555555556
-0.0009851851851851849
-0.0017912037037037037
-0.0016115740740740739
0.00011620370370370337
0.0003180555555555557
-0.001994444444444444
-0.0005912037037037039
0.0016430555555555556
0.0022004629629629627
0.002271759259259259
0.00043240740740740745
0.0016824074074074076
-0.0026847222222222225
-0.0003472222222222223
0.0011495370370370366
0.0017518518518518519
-0.0010217592592592591
0.0030652777777777774
-0.0009319444444444446
0.003272685185185184
0.0030027777777777774
-0.00028888888888888844
-0.001244907407407407
-0.0016893518518518518
0.003698611111111111
-0.0013435185185185188
0.0014611111111111107
0.0010671296296296295
0.0019148148148148154
0.002066666666666667
-0.00030138888888888934
0.00014629629629629677
-0.0007000000000000002
-0.002317592592592593
-0.004549537037037037
0.0043629629629629635
-0.0008027777777777781
-0.0001356481481481481
0.0022962962962962963
0.0008305555555555553
-0.0013694444444444444
0.001274537037037037
0.0009328703703703705
0.0003175925925925928
0.002672222222222223
0.004119907407407407
0.002254166666666666
-0.0013180555555555556
0.0013796296296296295
-0.004160648148148148
0.00416712962962963
-0.0010120370370370374
-0.0015162037037037039
-0.0014569444444444443
-0.0005370370370370367
0.00013333333333333304
-0.0004810185185185185
0.0024597222222222225
0.0011708333333333334
0.0008703703703703698
-0.001108796296296296
0.0014601851851851855
-0.0005333333333333336
-0.002787037037037038
-0.0024032407407407414
-0.002546759259259259
0.002243518518518519
-0.0029162037037037043
-0.0014981481481481482
0.0008629629629629626
0.0007319444444444453
0.0011101851851851854
0.0012754629629629628
-0.00020092592592592563
0.0004967592592592592
-0.0006500000000000001
-0.0012412037037037031
0.001748611111111111
-0.0031499999999999996
-2.870370370370414e-05
-0.0018837962962962964
0.0007166666666666667
-0.0009462962962962963
-0.000552777777777778
0.001982407407407407
0.00285787037037037
-0.0008212962962962963
-8.101851851851884e-05
-0.0016712962962962962
-0.001336111111111111
-0.0003236111111111112
-0.0015361111111111111
-0.0007532407407407408
-0.0010504629629629631
0.000776851851851852
-0.0005939814814814814
0.0027305555555555555
0.0008245370370370369
0.00038657407407407396
0.0028694444444444444
-0.0013087962962962966
-0.000997685185185185
-0.0009634259259259254
0.001786574074074074
-0.0005555555555555561
0.001715740740740741
0.001768981481481481
-0.0007662037037037038
0.0008129629629629628
0.001600925925925926
-0.0015518518518518516
-2.5925925925925962e-05
-0.00049212962962963
0.00032175925925925937
0.00042824074074074037
0.0015458333333333335
-0.002031944444444445
-0.0007064814814814821
0.0003314814814814813
0.0020962962962962958
-0.0016824074074074072
-0.000898148148148148
-0.0014162037037037034
-0.00261712962962963
0.0021666666666666666
0.0025324074074074073
0.002376388888888889
0.0009407407407407407
0.0005527777777777775
-0.001164814814814815
0.0007625000000000002
0.0012384259259259256
-0.000975
-0.0025949074074074073
0.001211111111111111
-0.00031944444444444446
-0.0011162037037037039
-0.002738425925925926
0.0015407407407407407
-0.0006134259259259255
-0.002581481481481481
0.0020930555555555555
0.001481481481481481
-0.0011421296296296294
-0.0013907407407407408
-0.0014986111111111105
-0.002865740740740741
-0.0010935185185185188
0.0038930555555555554
0.0012398148148148153
-0.0023643518518518514
0.0010305555555555556
-0.0006513888888888886
0.000871759259259259
-0.0004162037037037038
0.0030662037037037042
0.001543518518518518
0.0010865740740740736
0.0005087962962962957
-0.0027657407407407405
0.0004810185185185186
0.0032768518518518524
-0.0006092592592592594
0.0006509259259259256
-0.0007768518518518519
0.0011662037037037038
0.0016134259259259255
-0.001574074074074074
-0.002091666666666667
0.0014939814814814813
-0.00036990740740740766
0.00048657407407407395
0.0006263888888888894
-0.0015490740740740736
0.0012379629629629633
0.0015365740740740737
-0.0006231481481481489
-0.0009444444444444445
0.0016768518518518515
0.001775
-0.0007990740740740742
0.00038564814814814825
0.0004856481481481479
0.001899074074074074
0.0005171296296296293
0.0002708333333333333
-0.0016569444444444444
0.0008990740740740742
0.001524537037037037
-0.00395138888888889
-0.0012527777777777778
-0.0031097222222222225
-0.0028129629629629624
-0.002166666666666667
0.0019810185185185187
4.583333333333343e-05
-0.0003606481481481484
0.0007958333333333336
-0.0008208333333333334
0.0012027777777777774
0.00024768518518518515
-0.0025111111111111115
2.3148148148144315e-06
0.002633333333333333
-0.0003828703703703705
0.0011328703703703705
0.0003898148148148147
0.001985185185185185
-0.00036944444444444405
0.002521759259259259
-0.0010662037037037042
-0.0013782407407407406
0.0030888888888888884
-0.0004944444444444444
-0.00019583333333333334
-0.0012541666666666662
-0.004244907407407407
0.0016263888888888892
-0.002511574074074074
-0.0007634259259259266
0.0011152777777777775
-0.0005643518518518514
0.00037546296296296297
0.00016666666666666682
0.001249537037037037
-0.001514351851851852
-0.0004949074074074077
0.0007074074074074081
-0.0008949074074074073
-0.0016050925925925926
0.00030185185185185214
0.002207407407407407
-0.0002208333333333331
-0.0007495370370370374
0.0012689814814814816
0.0008624999999999999
-0.0008162037037037039
0.0017291666666666666
-0.0011208333333333337
0.0018953703703703706
0.0010027777777777776
2.1759259259258982e-05
-0.0008958333333333333
-0.0025532407407407413
0.00014490740740740718
0.00021481481481481511
-0.0009055555555555551
-0.0015268518518518517
0.00015462962962962975
-0.0002680555555555557
-0.0007805555555555557
-0.0034407407407407407
0.002735185185185185
-0.001073148148148149
-0.0002925925925925929
0.0032842592592592593
5.5092592592592564e-05
-0.0012412037037037038
0.000599074074074074
0.00039305555555555594
-0.0011462962962962959
-0.00047500000000000005
-9.259259259259429e-06
0.0017277777777777777
-0.00012916666666666607
-0.0005055555555555557
-0.0008944444444444448
0.0010314814814814813
8.888888888888912e-05
0.0031652777777777777
0.0012523148148148148
0.0027055555555555557
-0.0034314814814814815
-0.0002916666666666664
0.00013703703703703718
0.001989351851851851
-0.0027574074074074068
0.001880092592592592
0.00037870370370370374
0.0007347222222222225
-0.0007023148148148146
0.0013842592592592591
0.0004101851851851852
0.0024504629629629633
-0.0015731481481481484
-0.001156944444444445
-0.0003143518518518518
-0.0007504629629629628
0.0010490740740740749
0.0016245370370370372
0.00038101851851851844
-0.0016796296296296297
-0.0052731481481481475
-8.657407407407424e-05
0.0018087962962962964
-0.001248148148148148
0.001189351851851852
0.0020995370370370378
0.0021574074074074074
0.0014166666666666666
-0.0017435185185185182
-0.0005407407407407405
0.0024879629629629622
0.0040287037037037045
-0.0003768518518518521
0.0007824074074074079
-0.004112962962962963
5.92592592592589e-05
-0.0009949074074074072
-0.0009611111111111109
-0.0014541666666666665
-3.148148148148129e-05
0.000735648148148148
0.00086712962962963
-0.0024569444444444448
0.000502777777777777
0.0014625000000000003
0.0010495370370370368
-0.00044629629629629614
0.0011152777777777773
-0.0016259259259259263
-0.0003314814814814815
-0.0026587962962962963
0.0006125000000000004
0.0008342592592592593
0.0029939814814814816
0.0056166666666666665
-0.003230092592592593
-8.425925925925884e-05
0.0021587962962962967
-0.00354537037037037
0.0008398148148148148
0.0009444444444444444
-0.0012875
0.0030879629629629625
-0.0003652777777777779
0.0011245370370370374
0.0012226851851851852
0.0004486111111111114
-0.0019143518518518515
-0.001662037037037037
-0.0022388888888888884
-0.0017143518518518519
0.0015518518518518518
-0.0013638888888888887
0.0004472222222222219
-0.0016412037037037035
0.0044624999999999995
-0.0018953703703703704
-0.0018240740740740737
-0.0006351851851851849
-0.0037851851851851857
-0.0005708333333333333
0.0011509259259259257
-7.916666666666643e-05
-0.003132407407407408
0.0008736111111111112
-0.0022527777777777785
0.0013870370370370369
0.0002990740740740739
-4.5370370370370645e-05
0.001975462962962963
0.00022222222222222215
-0.0013740740740740738
8.888888888888992e-05
-0.0006898148148148147
0.0004356481481481482
-0.0010703703703703704
-0.002013888888888889
0.002016203703703704
0.002612962962962963
-0.0007050925925925928
-0.0012662037037037036
0.0016611111111111115
0.0002523148148148149
-0.0012967592592592594
0.002896759259259259
-0.0028717592592592597
0.00032314814814814776
-0.001514814814814815
-0.002308333333333333
0.00143287037037037
0.001050925925925926
0.0009620370370370375
0.0009240740740740738
3.2870370370370605e-05
-0.0011273148148148147
0.0019675925925925924
0.003505092592592593
-0.001743518518518518
-0.0012319444444444444
0.00130787037037037
0.0015574074074074075
0.0010226851851851846
-0.0005907407407407405
-0.0009486111111111109
0.000481018518518519
-0.0015509259259259259
0.001693981481481482
-2.361111111111108e-05
-0.0015152777777777777
0.0009435185185185187
-0.00010324074074074093
0.002243055555555556
-0.00217824074074074
-0.000511574074074074
0.0003458333333333335
-0.0013004629629629627
0.003506944444444445
0.0013180555555555554
-0.0002194444444444443
0.000512037037037037
-0.001490277777777778
0.00327962962962963
0.0003865740740740742
0.0011462962962962963
0.00021574074074074114
-0.000372222222222222
-0.0022143518518518523
0.0007787037037037035
0.002643055555555555
-0.0019458333333333333
-0.00047268518518518476
-0.0012597222222222222
0.0006291666666666663
-0.0023134259259259267
-0.0006939814814814819
-0.0022490740740740735
-0.0019486111111111112
-0.001406018518518518
-0.0019259259259259262
-0.0009495370370370367
-0.0013430555555555557
-0.0015462962962962965
-1.9907407407406565e-05
-0.0023486111111111116
-0.002966203703703704
-0.0016055555555555558
-0.002449537037037038
0.0014671296296296292
-0.0016282407407407406
0.0008458333333333332
0.0005407407407407408
-0.00033796296296296303
0.000606481481481482
-0.001994444444444444
-0.003698611111111111
0.0018962962962962963
0.0011231481481481483
0.0011902777777777777
0.0007666666666666665
-0.00035231481481481507
0.0007273148148148151
-4.305555555555544e-05
0.0033009259259259263
0.0003810185185185186
-0.00172175925925926
0.00030833333333333315
0.0023583333333333334
0.0003666666666666664
-0.0002773148148148146
0.004178703703703704
-0.0020393518518518512
4.537037037037026e-05
-0.0010203703703703705
0.004023611111111111
0.000725925925925926
-0.0011143518518518514
0.003408796296296296
0.00120787037037037
0.0014282407407407412
0.0033055555555555555
0.0014041666666666666
0.0023740740740740736
0.0010615740740740742
-0.0032620370370370364
7.083333333333324e-05
0.0011180555555555553
0.0005648148148148145
-0.0026527777777777778
0.000986574074074074
-0.000577777777777778
-0.002011111111111111
0.00036620370370370366
0.0033189814814814813
-0.002066666666666667
-0.0020546296296296293
0.0007231481481481479
0.0017199074074074076
-0.00024490740740740793
-0.002135648148148148
-0.0015606481481481485
0.001638425925925926
0.00042546296296296315
0.003215740740740741
-0.0017143518518518517
0.0004324074074074078
0.000923148148148148
0.002166203703703704
0.0032592592592592586
0.0003476851851851845
0.0017990740740740742
-0.001426851851851852
-0.001282407407407407
0.0006828703703703704
-0.0017027777777777772
0.0019972222222222223
-0.0015
0.0024300925925925926
-0.0025148148148148148
0.0011597222222222221
-0.0021212962962962965
-3.1018518518518954e-05
-6.712962962962968e-05
4.444444444444443e-05
-0.0012092592592592597
0.0019439814814814814
-0.0020620370370370376
-0.0008703703703703699
-0.0005157407407407403
0.0006189814814814814
0.0015324074074074075
0.000937037037037037
0.002211111111111111
-0.001975
-0.0010481481481481485
-0.0019763888888888878
-0.0019537037037037036
0.0020439814814814817
0.0006254629629629624
-0.001037037037037037
-0.002361111111111111
-0.0015856481481481472
-0.0003518518518518519
0.0019291666666666665
0.002661574074074074
0.0008851851851851854
0.0017972222222222222
-0.003144907407407407
0.0003486111111111113
0.0004921296296296294
-0.00045694444444444434
-0.00030277777777777784
-0.002035185185185185
0.0012740740740740742
0.004228240740740741
0.0006185185185185184
-0.0026819444444444443
0.0023009259259259254
0.0014847222222222221
0.001319444444444444
-0.0019208333333333332
0.0015356481481481475
-0.001021759259259259
0.0013087962962962968
-0.0017763888888888894
-0.0010708333333333331
0.0005625000000000003
0.0012999999999999995
-0.0007291666666666666
-0.0007342592592592596
0.00011435185185185197
-0.0023412037037037034
0.0013689814814814812
-0.001038888888888888
-0.002252314814814815
0.0008101851851851853
-0.00236712962962963
-0.0010287037037037038
0.002372685185185185
0.00019907407407407387
-0.0006638888888888884
0.0006240740740740743
-0.00016481481481481444
-0.0003953703703703703
0.0036717592592592596
-0.0023958333333333336
0.001145370370370371
-0.001664351851851852
-0.00040000000000000024
0.00057037037037037
-0.0002828703703703698
-0.004093055555555555
0.0006398148148148147
0.001935648148148148
0.0012351851851851853
-0.0005481481481481487
0.0004560185185185184
0.002168981481481482
-0.0018328703703703703
0.0015800925925925928
0.00015138888888888917
0.0014180555555555556
-0.0005171296296296298
0.0007509259259259257
0.003126851851851852
-0.0023527777777777783
-0.0016666666666666672
-0.002369444444444444
0.00035879629629629586
0.0017356481481481476
0.0019115740740740738
0.0022958333333333333
-0.0028898148148148147
0.0003416666666666665
-0.001475462962962963
-0.0005111111111111114
0.000431944444444445
-0.0012819444444444447
-0.000291203703703704
-0.000906018518518519
0.003589814814814815
0.0015657407407407408
-0.0008925925925925925
-0.0014245370370370369
-8.935185185185217e-05
0.0010134259259259254
0.003087037037037037
0.0015962962962962968
-2.777777777777793e-06
-0.0006888888888888887
0.0012097222222222227
0.0016500000000000006
-0.0023356481481481483
0.0018416666666666666
-0.0005416666666666664
-0.003949537037037037
0.001158333333333334
0.002363425925925927
-0.0009532407407407408
-0.0005814814814814809
0.0033106481481481485
0.0014874999999999997
0.0006032407407407408
0.0011074074074074079
-0.0028199074074074077
0.0006990740740740741
0.0025671296296296293
-0.0004953703703703701
-0.002890277777777778
-0.0008685185185185186
0.000575925925925926
-0.0007666666666666669
0.0008143518518518518
0.0006222222222222224
0.0024296296296296297
0.0009185185185185186
0.005082407407407408
0.0007388888888888884
0.0007925925925925926
0.0014861111111111114
-0.001035185185185185
-0.0004953703703703703
0.001179166666666666
-0.0005708333333333336
0.0018898148148148149
-0.0015074074074074067
-0.0018916666666666665
0.002729166666666666
-0.0006731481481481482
0.0008921296296296294
0.0012189814814814815
-7.685185185185193e-05
0.0009379629629629629
0.0012796296296296295
-0.0015393518518518519
0.0007615740740740741
-0.0019518518518518515
0.0005384259259259258
-0.000575925925925926
-0.00016157407407407453
0.0017462962962962961
-0.0015148148148148143
-0.0012930555555555558
-0.00040324074074074047
-0.0029606481481481484
0.0004472222222222217
-0.001153240740740741
-0.0028754629629629625
0.00011666666666666622
0.0016800925925925926
8.657407407407386e-05
-0.0005111111111111113
-0.00031435185185185163
-0.0010064814814814817
-0.0026106481481481484
0.0015004629629629621
-0.0017495370370370369
0.000922222222222222
-0.0015592592592592594
0.0010523148148148143
0.0003583333333333334
0.0003273148148148149
-0.0005671296296296301
-0.0012810185185185188
-0.0019143518518518513
-0.00038981481481481506
-0.0006953703703703701
-0.001024537037037037
-0.0005518518518518518
0.000125925925925926
0.002123148148148148
-0.0009731481481481481
0.0013462962962962964
0.0019689814814814817
-0.002053240740740741
0.0011722222222222227
-0.0030203703703703703
0.0019074074074074074
0.0003027777777777775
-0.0010513888888888888
-0.0024833333333333326
-0.0013115740740740742
0.00014027777777777788
2.4537037037037515e-05
-5.879629629629573e-05
0.0008282407407407405
-0.0008074074074074075
-8.101851851851834e-05
0.0031541666666666667
6.203703703703753e-05
-0.0020101851851851847
-0.0025467592592592595
0.0011462962962962963
0.001249537037037037
-0.0008287037037037036
-0.0008787037037037036
0.0014402777777777777
0.0017884259259259253
-0.002515740740740741
0.0004828703703703701
-0.001437962962962963
-8.657407407407431e-05
0.0025990740740740735
-0.0009324074074074073
0.001814814814814814
-0.0016240740740740747
0.002554629629629629
0.0003504629629629632
0.0034
-0.0030671296296296297
0.00031620370370370347
0.0006152777777777778
0.0028805555555555555
-0.0005347222222222219
0.00026388888888888865
-0.0009124999999999999
0.0006018518518518516
2.82407407407402e-05
7.407407407407877e-06
-0.0005217592592592592
0.0011773148148148146
-0.0015101851851851854
-0.0010898148148148145
0.0006523148148148148
0.0019990740740740746
-0.0011324074074074073
0.0019384259259259257
0.0005777777777777779
-0.0007740740740740744
0.0022518518518518517
-0.002205555555555556
-0.000770833333333333
-0.0023495370370370363
-0.0024675925925925924
0.001376388888888889
-0.0008541666666666665
0.0021361111111111108
0.00042638888888888924
0.00029629629629629564
-8.703703703703696e-05
-0.0019796296296296302
0.0010722222222222227
0.0025
0.001563425925925926
-0.0025574074074074075
-0.00031064814814814784
0.0035458333333333344
-0.002709722222222222
-0.0011055555555555558
-3.24074074074074e-05
0.0004652777777777777
0.001244444444444444
-0.0024759259259259257
0.0024972222222222223
-0.0020152777777777786
-0.0015175925925925927
-0.001737037037037037
0.002770833333333333
-0.0020273148148148143
0.00200787037037037
-0.0018800925925925927
-0.0015240740740740744
0.0007189814814814811
0.0017583333333333329
0.0003685185185185186
-0.003494907407407407
0.0005393518518518517
-0.0010120370370370372
-3.842592592592609e-05
0.001720833333333333
-0.0013555555555555554
-4.351851851851835e-05
-0.005382407407407409
0.002609259259259259
-0.002017592592592593
0.00036759259259259275
-0.0034231481481481483
0.00024999999999999946
-0.0010990740740740737
0.0010837962962962962
-0.00034351851851851845
0.0003259259259259263
0.0021662037037037036
0.000334722222222222
-0.003241203703703704
0.0012180555555555556
-0.001301388888888889
-7.546296296296301e-05
-0.0003800925925925929
0.00010185185185185175
-0.0009921296296296293
0.0002532407407407414
0.000384722222222222
-0.0017800925925925924
0.002062037037037037
-0.003157407407407407
-0.0016453703703703704
-0.002172685185185185
-0.0016444444444444443
0.0016393518518518517
0.0017699074074074075
-0.001868981481481481
0.0005319444444444447
-0.0008675925925925932
0.0015263888888888894
0.0011699074074074075
-0.0021564814814814814
0.0018208333333333332
-0.0037171296296296293
0.0008921296296296302
-0.00256712962962963
0.002512962962962963
-0.00048194444444444467
0.004399999999999999
0.0003
0.0006148148148148145
-0.0021416666666666663
-0.0002550925925925928
-0.000983333333333333
-0.0033898148148148147
-0.003024537037037037
0.0018240740740740739
0.004395833333333332
0.0010810185185185187
-0.0014902777777777774
-0.0019578703703703702
0.0002300925925925927
0.003172222222222223
-0.0017490740740740748
0.0023601851851851848
-0.004294907407407407
0.002698148148148148
0.001037962962962963
-0.0013393518518518516
-0.0026370370370370367
-0.002046759259259259
-0.0008578703703703701
-0.0023245370370370377
-0.0014347222222222224
0.000609722222222222
0.0026745370370370365
-0.0002925925925925929
0.0015611111111111112
0.0008347222222222216
0.004302314814814815
0.0024703703703703706
-0.0020013888888888894
-0.0012175925925925924
0.0010217592592592587
-0.0001805555555555557
-0.0014527777777777777
0.0015916666666666672
-0.0027037037037037043
0.0027625
0.0003115740740740745
-0.000622222222222222
0.0031027777777777772
-0.0005189814814814815
-0.0018157407407407408
-0.0006259259259259258
0.0020407407407407405
-0.00024953703703703667
0.0005754629629629632
-0.0009916666666666672
-0.0006046296296296295
-0.0029287037037037038
-0.0005416666666666664
0.004762499999999999
-0.00020601851851851857
2.037037037037044e-05
-0.0011268518518518515
0.0012356481481481478
0.0005300925925925929
0.0015847222222222224
0.002109722222222222
0.0014884259259259262
-0.0008833333333333336
0.0015592592592592598
-0.0012319444444444448
-0.0006652777777777775
0.0021347222222222223
-0.00040462962962963016
0.0018398148148148147
0.003454629629629629
-0.0013453703703703705
0.0006337962962962961
-0.0027166666666666667
0.002633333333333333
-0.0012504629629629626
0.001384259259259259
-0.0006217592592592592
0.0003013888888888885
0.0005847222222222225
0.0005134259259259263
-0.001681944444444444
-0.0011523148148148152
-0.00016944444444444532
0.0017125000000000003
-0.0007861111111111115
0.00018009259259259234
-0.0009777777777777784
0.0013745370370370372
-0.0005398148148148146
-0.0019726851851851854
-0.001332407407407408
-0.0013393518518518513
-0.002825925925925926
-0.0024412037037037032
-0.0010532407407407415
-0.0010907407407407404
-0.0007805555555555553
-0.003205092592592593
0.00044444444444444485
0.0005421296296296297
0.0005462962962962964
0.0007314814814814815
0.0017041666666666668
0.001658333333333334
0.003284722222222222
0.0013185185185185188
0.0007189814814814817
0.0015532407407407402
0.00017175925925925963
0.001381018518518518
-0.0005675925925925924
-4.027777777777771e-05
0.00037685185185185196
-0.0006481481481481485
-0.0002078703703703702
0.0008171296296296297
-0.0014384259259259261
-0.0012365740740740737
-0.0006796296296296299
-0.00013287037037037076
0.0017069444444444445
-0.0006805555555555562
0.0019828703703703705
-0.0006874999999999999
-0.0011805555555555551
0.00025185185185185185
0.0001250000000000005
0.004456481481481481
-6.0648148148148154e-05
0.0003629629629629631
-0.0030037037037037037
-0.002150925925925926
-0.0002611111111111106
0.0004018518518518518
-0.0017328703703703692
0.00023379629629629624
-0.0009486111111111111
0.001801851851851852
-0.0020652777777777774
0.002718055555555556
0.0006921296296296295
0.0008050925925925927
0.00031203703703703694
0.0009787037037037039
-0.001399537037037037
0.0003189814814814813
-0.0033787037037037036
0.0028324074074074067
-0.0028314814814814817
0.0017129629629629624
0.0014222222222222223
0.0006393518518518521
-0.0019611111111111114
0.001095833333333333
-0.00010046296296296321
-0.002731481481481481
0.00017638888888888874
-0.0014874999999999999
-0.0020740740740740745
0.0017259259259259265
-0.0012712962962962964
-0.000311574074074074
0.003042592592592593
-0.001285648148148148
-0.001364814814814815
0.0006624999999999995
-0.002349074074074073
0.0031175925925925924
-0.00020370370370370312
-0.0009615740740740743
-0.0011217592592592594
-0.0006217592592592589
-0.0024865740740740738
0.000537037037037037
-0.002001851851851852
0.001600462962962963
-0.0018328703703703697
0.0030851851851851856
-0.0012699074074074073
-0.0018662037037037037
-0.0012874999999999998
-0.0012268518518518525
0.002155555555555556
-0.001133333333333333
-0.0016717592592592591
-0.0005888888888888888
-0.0024652777777777776
-0.0035564814814814808
4.6296296296296335e-05
0.0033949074074074077
-0.0013791666666666661
-0.0007518518518518515
-0.002180555555555556
-0.001820833333333334
-0.0010791666666666664
-0.0011824074074074078
0.0013236111111111107
0.0015986111111111108
-0.0006171296296296295
-0.0007472222222222216
-0.002718055555555555
0.0021009259259259262
-7.824074074074073e-05
0.00024722222222222186
-0.0033768518518518522
-0.003603703703703704
-0.00044398148148148194
-0.0018106481481481483
0.0004171296296296297
0.002012962962962963
-0.0002537037037037037
0.0008527777777777773
0.0006749999999999999
-0.00032083333333333334
-0.0033870370370370374
-0.003958796296296295
0.0002708333333333333
0.0011546296296296302
-0.0005824074074074071
0.0015773148148148146
0.0014523148148148147
0.001676851851851852
-0.004398611111111111
0.0006175925925925922
-0.0011199074074074076
0.002275462962962963
0.0005458333333333332
-0.003095833333333333
-0.0005393518518518522
-0.003718981481481481
-0.002153240740740741
0.001573611111111111
0.00014166666666666597
-0.0010782407407407407
0.0007953703703703707
0.0005624999999999996
-0.0023305555555555558
-0.001525
-0.002428240740740741
-0.0015509259259259263
-0.001674074074074074
-0.0007490740740740743
-0.002125
0.000441666666666667
0.0005180555555555553
-6.527777777777779e-05
-0.00135787037037037
0.00025092592592592555
-0.0014037037037037032
0.0003314814814814812
-0.0005643518518518521
0.002265277777777778
-0.002303703703703704
0.0015486111111111108
0.0014884259259259258
0.001460185185185185
0.0017953703703703703
0.0009680555555555556
0.0022967592592592592
0.0021384259259259264
0.00040277777777777816
-0.0017810185185185188
0.0029148148148148145
0.00016759259259259226
0.0007870370370370367
-0.001710185185185185
-0.0014388888888888886
-0.002733333333333333
0.001544907407407407
-0.0007847222222222222
-0.0032310185185185185
0.0005870370370370373
-0.001216666666666667
-0.0003819444444444444
0.0017439814814814816
0.0022560185185185187
0.0006513888888888886
0.0014745370370370368
0.0022745370370370367
-0.0012490740740740735
0.0026958333333333335
0.0024638888888888883
0.0039046296296296303
-0.003051851851851853
-0.001813888888888889
0.0003898148148148144
-0.0004384259259259261
0.0009199074074074077
-0.0011550925925925928
0.0037412037037037045
-0.0005249999999999999
0.001281944444444444
0.000805555555555555
0.0012907407407407407
-0.0005435185185185188
-0.0010787037037037041
0.0007555555555555552
0.0011027777777777776
0.0004800925925925927
0.0017981481481481485
-0.0024995370370370367
-0.0013106481481481478
0.0005287037037037029
-0.0014712962962962967
-0.000913888888888889
-0.0009796296296296298
-4.67592592592597e-05
-0.001257407407407407
0.002502777777777778
0.0008680555555555552
0.0017032407407407408
-0.0017111111111111107
-1.80555555555553e-05
-0.0011976851851851849
0.0009365740740740737
-0.0023435185185185187
-0.0009157407407407408
0.0008703703703703704
0.001212962962962963
-0.00047361111111111085
-0.0005009259259259254
-0.0008384259259259264
0.002241203703703704
-0.0002731481481481481
0.0012745370370370367
-0.0006944444444444443
0.0007162037037037037
0.000888425925925926
-0.0005097222222222226
-0.0007712962962962964
0.0022222222222222222
0.001152314814814815
0.0012541666666666669
-5.92592592592593e-05
-0.0016773148148148149
0.00132824074074074
0.0007074074074074074
-0.0008138888888888888
-0.003927314814814815
0.0024800925925925928
0.0003759259259259255
-0.001199537037037037
0.0003027777777777774
-0.0013069444444444443
-0.002135185185185185
0.0007745370370370368
-0.0024064814814814817
-0.0021407407407407404
-0.0010129629629629636
-0.002682870370370371
0.00027777777777777745
0.00046111111111111174
0.001552314814814815
0.0029050925925925924
0.00034166666666666677
-0.0006407407407407406
0.001248611111111111
-6.80555555555557e-05
0.00010277777777777758
0.0018416666666666664
0.0013273148148148146
0.001891666666666667
0.001231944444444445
0.0016981481481481483
-0.0008842592592592594
0.001396296296296297
0.0007986111111111112
-0.00539675925925926
-0.0009092592592592591
0.0020486111111111113
-0.000572685185185185
0.0009393518518518519
0.0006518518518518519
-0.0011990740740740742
0.00024120370370370308
0.00043148148148148126
0.001094907407407408
-0.0006101851851851849
-0.004756481481481482
0.0010212962962962966
0.001860648148148148
-0.00041712962962962976
-0.0011171296296296294
0.0029736111111111113
-0.0024236111111111116
-0.00015092592592592602
0.0009546296296296294
0.0017810185185185188
-0.0006361111111111111
-2.500000000000033e-05
-0.0010749999999999998
-0.0011208333333333337
0.000983796296296296
-0.001717592592592593
0.000728240740740741
0.0012462962962962963
0.002527314814814815
-0.00017777777777777722
0.0006120370370370375
0.0015712962962962961
-0.0019361111111111107
0.00011805555555555643
-0.001487962962962963
-0.0008004629629629628
-0.0016430555555555558
0.0038962962962962957
0.0013986111111111107
0.0020541666666666664
-0.0005777777777777775
-0.00019351851851851854
0.0011805555555555558
-0.003325925925925926
-0.0035388888888888887
0.00028981481481481463
0.000270833333333333
0.001581944444444444
-0.001434722222222222
-0.0029453703703703703
0.002313888888888889
0.0008597222222222227
1.2962962962963078e-05
-0.0016930555555555557
-0.0004879629629629629
-0.0019648148148148146
-0.00027777777777777805
0.0018976851851851854
0.0004995370370370373
0.003125
-0.002185185185185185
0.0010638888888888885
-0.003674537037037037
0.0015217592592592592
-0.00042638888888888897
0.0036194444444444442
0.00025092592592592603
-0.002057407407407408
0.0007569444444444443
0.0009194444444444447
0.0003472222222222223
-0.0030930555555555564
0.00046296296296296314
-0.0019134259259259258
0.0001347222222222223
-0.001074074074074074
0.0012990740740740742
8.981481481481469e-05
-0.000898148148148148
0.00013055555555555493
-0.0013828703703703707
-0.00168425925925926
-0.00034120370370370397
-0.0011675925925925925
0.001477314814814815
-0.00016018518518518438
-0.0014523148148148151
0.0004421296296296299
0.0026597222222222217
-0.0001199074074074073
0.0006634259259259256
-0.0015902777777777775
-0.0023351851851851854
-0.0013236111111111113
0.0030300925925925925
0.00032129629629629663
0.0018638888888888882
-0.00033333333333333376
-0.0016157407407407407
-0.001124074074074074
0.002172685185185185
0.0022046296296296293
-0.002601851851851852
0.0017638888888888888
0.003072685185185185
8.194444444444415e-05
-0.0015421296296296294
-4.3055555555555566e-05
0.0014328703703703708
0.0019861111111111112
-0.0019097222222222222
0.000673148148148148
4.537037037037e-05
-0.00254212962962963
0.00045509259259259244
0.0013884259259259262
-0.0018268518518518516
-0.0004365740740740742
0.005156481481481481
0.0024555555555555554
0.001600462962962963
-0.0023486111111111116
0.0018513888888888885
0.0035458333333333336
0.00013333333333333337
-0.00020879629629629674
0.0013337962962962965
-0.0023092592592592587
0.0019384259259259266
0.0021624999999999995
-0.0019509259259259263
-0.0015027777777777778
-0.0008847222222222224
0.0007949074074074078
0.0007083333333333332
0.0008569444444444444
-0.00023611111111111112
-0.0029310185185185186
-0.00018287037037037032
0.0009087962962962964
-0.0029634259259259253
-0.0006657407407407408
-0.001833333333333334
0.0021972222222222224
-0.00016712962962962946
0.0022240740740740736
2.6851851851851337e-05
0.0012694444444444437
0.0006842592592592592
0.002926851851851851
0.0015888888888888884
-0.0024541666666666666
0.000845833333333334
0.00026064814814814814
0.0009106481481481477
-0.0013847222222222216
0.0006888888888888886
-0.0018296296296296294
-0.00026203703703703735
-0.00014027777777777736
0.0002652777777777776
-0.0031939814814814812
-0.00021712962962962962
-0.000617592592592593
-0.0010351851851851852
-0.00026851851851851863
-0.002576388888888889
0.0012685185185185184
-0.00028749999999999994
-2.8240740740740587e-05
0.0001722222222222221
0.0008421296296296293
-0.003544444444444444
-0.0006101851851851851
0.0010245370370370363
0.001945833333333333
0.0035074074074074066
0.000988425925925926
0.0014759259259259259
-0.002635648148148148
0.0028476851851851853
0.0011611111111111112
0.0018185185185185181
-0.0010245370370370371
0.0018101851851851846
-8.888888888888912e-05
2.731481481481476e-05
0.0017777777777777779
-0.0010962962962962964
0.0017027777777777783
-0.00013425925925925926
-0.0012643518518518516
-0.00108287037037037
0.0016407407407407404
0.0011351851851851853
0.0007569444444444446
-0.003091203703703704
-0.002511574074074074
0.0027712962962962964
0.0013537037037037033
0.001471759259259259
6.0648148148147896e-05
-0.002196759259259259
-0.0001268518518518519
0.0022324074074074073
-0.0011189814814814814
-0.0004537037037037036
0.0006777777777777777
0.002992592592592593
-0.0008361111111111113
-0.003450462962962963
0.0007643518518518521
-0.002575
-0.0010541666666666666
0.0003231481481481484
-0.00119212962962963
0.0008791666666666672
0.001011574074074074
0.0004458333333333329
-0.0013398148148148147
0.000657407407407407
0.0012560185185185187
0.0001240740740740739
-0.004564814814814815
-0.0024569444444444448
0.0037666666666666673
0.0006912037037037036
-0.0018495370370370365
0.00047407407407407386
0.0012453703703703704
0.002121759259259259
0.0007398148148148148
-0.0008592592592592592
-0.0017078703703703704
0.0016189814814814814
-0.0031217592592592586
0.001533333333333333
-0.0016
0.0011495370370370368
-0.0014680555555555556
-0.00036018518518518534
0.002515277777777778
-0.00048564814814814814
0.0028694444444444444
-0.00027824074074074095
-0.0023648148148148144
0.0013666666666666669
-0.0007800925925925925
0.0008166666666666664
-0.0014217592592592598
0.0017453703703703704
0.0018837962962962962
-0.0005611111111111115
0.0005199074074074072
0.00012037037037037022
-0.0010685185185185183
-0.0006662037037037036
0.002199074074074074
-0.00016296296296296233
0.0029935185185185186
0.0006384259259259259
0.000921759259259259
0.0009162037037037036
0.0017189814814814813
1.0648148148147972e-05
0.0039199074074074075
0.0007611111111111112
0.0016421296296296292
-0.0003518518518518518
-0.0002893518518518516
-0.0011634259259259258
0.0030810185185185194
-4.3055555555555376e-05
0.002562962962962963
-0.0031634259259259254
7.361111111111122e-05
-0.00039351851851851836
-0.0009449074074074074
0.0012407407407407404
0.0007537037037037035
-0.00017638888888888874
-0.0036768518518518517
-0.0019439814814814812
0.0020935185185185184
0.0018657407407407414
0.002036574074074074
0.0015962962962962962
0.0030972222222222217
-0.0007962962962962962
0.001172685185185185
-0.0011013888888888887
-0.0010606481481481485
0.002736574074074074
-0.002817592592592593
0.0018222222222222231
0.0011546296296296291
0.001186111111111111
0.0038773148148148148
-0.00048425925925925904
-0.0034287037037037038
-0.0017615740740740738
-0.000400925925925926
-0.00011898148148148174
-0.0015962962962962962
0.0021592592592592588
-0.00024722222222222235
0.0004532407407407405
-0.00027175925925925913
-0.00024351851851851862
0.0008523148148148152
0.000815740740740741
-0.0009263888888888891
0.0028662037037037037
-0.00035277777777777776
0.002037037037037037
-6.435185185185248e-05
-0.0007694444444444446
-0.0015398148148148148
0.0008671296296296295
0.00019814814814814803
0.0029050925925925924
-0.0009199074074074074
0.0010555555555555559
-0.0013226851851851854
0.001619444444444444
-0.00037870370370370336
0.0009199074074074076
0.0006115740740740742
-0.0016226851851851851
0.0007541666666666667
-0.0034009259259259257
0.0009944444444444447
6.574074074074067e-05
-0.0005532407407407405
-0.0006407407407407406
0.002517592592592593
-0.0018837962962962964
-0.0013879629629629628
0.0011875
0.001592592592592593
-0.0027824074074074075
-0.001343518518518518
-0.002736111111111112
0.0016259259259259256
0.0006375000000000004
-0.0017597222222222222
0.0001689814814814811
0.0007837962962962963
-0.0016212962962962967
0.001727777777777778
0.0005685185185185189
-0.0007967592592592589
0.0010569444444444441
0.0006532407407407411
-0.004351388888888889
-0.0048231481481481485
-0.0014962962962962966
0.003233333333333333
-0.0009837962962962964
0.003018055555555555
0.0013416666666666664
0.0028013888888888897
0.003701388888888888
-0.0021023148148148147
0.0010134259259259256
-0.0022624999999999998
-0.0014625
-0.002629166666666667
-0.0013064814814814812
0.00016296296296296282
-0.002938888888888888
0.0011833333333333335
-0.0002393518518518519
-0.002838888888888888
0.000278703703703704
0.0002569444444444444
0.0005337962962962961
0.0005226851851851857
-0.0018152777777777779
0.001299537037037037
-0.0019231481481481476
-0.0012472222222222227
0.0019148148148148152
-3.287037037036983e-05
-0.002721759259259259
0.003233796296296296
-0.0021060185185185184
-0.0019425925925925925
0.00019351851851851854
0.00026759259259259265
0.002268055555555555
0.005049537037037037
-0.0009231481481481485
-0.0002782407407407404
0.0011111111111111115
0.0029828703703703697
-0.00041666666666666626
-0.0008736111111111107
0.0018509259259259256
-0.00039953703703703673
-0.0014550925925925927
-0.0018949074074074074
0.0017939814814814813
-0.0015800925925925924
-0.002030555555555556
-0.003189814814814815
-0.0025601851851851857
0.0002564814814814816
-0.0005430555555555555
-0.0019629629629629632
-0.0019986111111111116
0.0017805555555555552
-0.0018379629629629625
0.0005004629629629629
-0.0016310185185185182
-0.0003180555555555556
-0.00015416666666666698
-0.0008805555555555554
0.00044722222222222206
-0.00394074074074074
0.0005814814814814816
0.002314814814814815
-0.0007374999999999998
0.0005523148148148143
0.000318055555555556
0.000823611111111111
0.0009069444444444449
0.002427777777777778
-0.0021046296296296303
0.0009393518518518517
0.0013185185185185186
-0.00046898148148148135
0.00044351851851851773
0.002414814814814815
0.00018009259259259205
-0.0016481481481481475
-0.002385648148148148
-1.99074074074074e-05
-0.0024375000000000004
-0.000486574074074074
0.0004995370370370373
0.0005347222222222223
-0.0007620370370370372
-0.0020083333333333333
-0.0013768518518518515
-0.00033750000000000007
-0.0018578703703703706
-0.0020402777777777776
0.002322222222222222
-0.0003106481481481485
0.0013574074074074074
0.003270833333333333
-0.0009509259259259261
-0.0009199074074074073
-0.0005231481481481482
-0.0023314814814814817
0.0020120370370370374
0.001110185185185185
-0.0009499999999999999
0.002031018518518518
0.001624537037037037
0.00028194444444444415
0.002672222222222222
-0.0010967592592592596
-0.0001648148148148149
-0.0026416666666666667
-0.000848148148148148
0.0023754629629629633
-0.0014472222222222221
-0.00011898148148148148
-0.0019078703703703703
0.0004092592592592589
-0.0012217592592592595
0.0006541666666666663
-0.0025078703703703704
-0.002301851851851852
0.0005231481481481483
0.0008120370370370368
-0.0019120370370370372
-0.0016365740740740746
-0.00346111111111111
0.00030231481481481494
-0.0028805555555555555
0.0003791666666666668
-0.003191203703703704
-0.0008486111111111106
0.0017245370370370372
-0.00013425925925925937
-0.00015138888888888892
-0.001709722222222222
0.0011175925925925921
0.0003916666666666667
-0.00014722222222222244
-0.0006356481481481482
-0.0005578703703703705
0.0024907407407407404
-0.0004694444444444445
-0.0006666666666666666
-0.0016759259259259255
-0.0024236111111111116
0.0008296296296296301
0.00018194444444444497
-0.0010712962962962955
0.0007490740740740738
-0.004698611111111111
-0.0004245370370370371
-0.00035185185185185216
-0.0023939814814814813
-0.0038
-0.003962962962962963
0.0030574074074074067
0.000983333333333333
0.0011337962962962966
0.0005111111111111102
-0.001348611111111111
-0.0013083333333333334
-0.0021430555555555556
0.00024722222222222203
-0.0006828703703703703
0.0011231481481481479
0.00015092592592592612
-0.0007277777777777777
0.0033060185185185193
0.0031768518518518513
-0.001384259259259259
-0.001547222222222222
0.00033194444444444466
0.002609259259259259
-0.0006574074074074078
-0.00102037037037037
-0.003172685185185185
0.0011185185185185187
-0.00012499999999999987
0.000884722222222222
-0.000714351851851852
0.00018611111111111085
0.003557407407407407
-0.0016833333333333333
-0.0003856481481481478
-0.0006689814814814817
-0.0021763888888888883
0.0008129629629629634
-0.0013087962962962957
0.0005712962962962961
-0.0026277777777777784
0.00227175925925926
0.00048611111111111153
-0.002993055555555556
-0.00032777777777777775
1.342592592592578e-05
0.00039629629629629623
0.0009157407407407405
0.0024768518518518516
-0.0011435185185185179
-0.0004675925925925925
-0.0008125000000000002
0.00010092592592592611
0.0021861111111111113
0.00011574074074074065
-0.0020375
-0.002494907407407407
4.1203703703703536e-05
0.0011893518518518516
-0.00030787037037037024
-0.0019773148148148146
0.004133796296296296
0.00010416666666666689
-0.0017273148148148148
0.00042824074074074113
-0.0002134259259259261
0.0009194444444444443
0.000814351851851851
-0.002138425925925926
0.0021777777777777776
0.0022004629629629622
-0.0012462962962962963
0.0004310185185185187
-0.00029305555555555546
0.0017939814814814815
0.001615277777777778
0.0001518518518518521
0.002915277777777778
0.0016064814814814813
0.003110648148148148
0.001117592592592593
-0.0018430555555555557
0.00019166666666666713
-0.0017245370370370368
0.002784722222222222
-0.00024537037037036964
0.00022361111111111128
0.0033574074074074066
0.00021249999999999985
0.00027314814814814785
0.001234259259259259
-0.0009060185185185187
-0.0023638888888888893
0.0024810185185185187
-0.0021888888888888882
-0.004354166666666667
-0.0023791666666666666
-0.0010050925925925924
7.962962962963025e-05
-0.0019037037037037037
-0.0019953703703703704
-0.0002060185185185174
0.0014810185185185184
0.0012828703703703702
0.0025726851851851857
0.0016754629629629632
0.0002935185185185184
1.8981481481480804e-05
-0.0008439814814814816
-0.001390277777777778
0.001298148148148148
-0.003932407407407408
-0.0013305555555555553
-0.0034180555555555553
0.0003819444444444445
-0.0024398148148148152
-0.0033712962962962963
0.00012453703703703693
-0.0022810185185185186
0.0001555555555555556
0.0037851851851851857
-0.00048240740740740736
-0.0007828703703703711
0.0008518518518518518
0.0007333333333333338
-0.0004962962962962962
-0.00013287037037037038
-0.00028287037037037094
0.0008740740740740742
0.0017486111111111116
-0.0009703703703703705
0.0025504629629629627
0.001047222222222222
0.004474537037037037
0.003238888888888889
-0.0020888888888888884
-0.002617592592592593
-0.0008787037037037038
-0.000950462962962963
-0.00020138888888888867
-0.0002305555555555561
0.0006722222222222222
0.005543981481481481
-0.00039722222222222215
-0.0010254629629629628
-0.0007629629629629632
-0.001147222222222222
0.0006888888888888884
-0.00028518518518518476
0.0013203703703703708
-0.00047129629629629675
-0.0035402777777777776
0.0016430555555555556
0.0007550925925925925
-0.0003157407407407405
-0.0013300925925925928
0.0012643518518518516
-0.0010037037037037035
-0.0027046296296296293
-0.00010046296296296307
-0.0024513888888888884
0.0014041666666666662
0.0004935185185185182
-0.0034370370370370366
-0.0013763888888888895
0.0003884259259259258
0.0015046296296296294
0.0023791666666666666
-0.001933796296296296
0.002136574074074074
-0.000490740740740741
0.0026115740740740743
-0.0001273148148148148
-0.0015240740740740744
-0.00034120370370370397
-0.002881018518518519
-0.0009708333333333339
0.0006560185185185185
0.002683796296296296
0.0024037037037037035
0.002166203703703703
0.0013736111111111115
-0.0028995370370370364
0.0012379629629629633
-0.001597222222222222
-0.0033421296296296294
0.00026805555555555507
-0.0010810185185185185
0.0010208333333333324
0.0009398148148148154
0.0026467592592592593
-6.944444444444707e-06
-0.0035740740740740737
0.001851388888888889
0.00391712962962963
-0.0007379629629629629
0.001675925925925926
-0.0035578703703703697
1.9907407407407013e-05
0.001680555555555555
-0.0012759259259259258
-0.0008328703703703712
-0.002025462962962963
0.0001226851851851851
0.0015296296296296293
-0.001039351851851852
0.0015342592592592597
-0.0016861111111111115
0.0024388888888888893
-0.0016430555555555556
-0.0010583333333333332
0.0026847222222222225
0.0002523148148148148
-0.0012171296296296294
-0.0015537037037037038
5.555555555555651e-06
-0.0011921296296296294
-0.000618518518518518
0.00045740740740740686
-0.0013208333333333334
0.00037268518518518526
-0.0012930555555555555
7.870370370370789e-06
-0.0010597222222222223
-0.0001254629629629633
0.005363425925925926
-0.0037444444444444443
0.0013180555555555554
0.00297037037037037
0.0022453703703703715
-0.0037435185185185176
0.002549074074074074
-0.0012777777777777779
0.0004560185185185181
-0.002627777777777778
-0.0023652777777777778
-0.0011509259259259255
0.001056944444444444
-0.00128287037037037
0.0006152777777777776
-0.0005171296296296292
-0.0025300925925925925
-0.002658796296296296
-0.0007046296296296296
0.001798148148148148
-0.002716203703703704
0.0008944444444444449
-0.0016662037037037034
0.0007898148148148152
0.000705555555555555
-0.0013425925925925927
-0.0034865740740740747
0.0018152777777777783
0.00011388888888888926
0.0037148148148148153
0.0011435185185185185
-0.001181944444444444
0.0016078703703703702
0.0018337962962962967
-0.00010879629629629626
-0.0023027777777777786
-0.0024222222222222223
0.0015564814814814812
0.00033749999999999996
-0.00047314814814814783
-0.0018888888888888883
-0.0014550925925925925
0.0007518518518518521
0.0030263888888888892
0.0026069444444444447
0.0022407407407407406
-0.002009722222222222
0.0010518518518518522
-0.00045787037037037074
0.0009365740740740744
0.0012902777777777776
-0.0028342592592592595
-0.0016694444444444445
-4.212962962962994e-05
0.0007467592592592593
0.0017976851851851851
-0.0010499999999999997
-0.002172685185185185
0.0003074074074074076
0.0003388888888888886
0.00013749999999999982
-0.0026587962962962963
0.0038277777777777767
-0.0015018518518518519
-0.0013638888888888887
-3.10185185185178e-05
0.0007152777777777781
-0.000335185185185185
-0.00025138888888888894
0.0023703703703703703
0.0005768518518518517
0.0011712962962962961
-0.0021810185185185183
0.003125
-0.0036194444444444442
0.001586574074074074
0.00046342592592592594
0.0008981481481481479
-5.787037037037039e-05
5.648148148148143e-05
-0.0001185185185185189
0.002277777777777778
-0.0011518518518518514
0.0008555555555555558
-0.00017685185185185216
0.0001296296296296295
-0.002644907407407408
0.0005847222222222219
-4.490740740740709e-05
-0.0007685185185185183
-0.0005777777777777779
-0.0021365740740740733
-0.0020078703703703712
-0.00026203703703703724
0.0020148148148148148
-0.0002518518518518518
-0.0015930555555555559
0.0018773148148148152
-0.00023657407407407424
0.0006652777777777783
-0.0005472222222222225
0.0026925925925925928
0.00014259259259259281
0.002274074074074074
-0.000229166666666667
0.0027111111111111108
0.0006185185185185188
-0.002631481481481481
0.0012111111111111114
-0.0011027777777777776
-0.00011342592592592654
0.0017606481481481486
0.0020796296296296296
-0.0003972222222222224
-0.002723611111111111
0.002809722222222222
-0.003765277777777778
-0.000774537037037037
-0.0019009259259259255
-0.0003490740740740742
0.002317592592592593
-0.0019263888888888887
-0.0005796296296296293
-0.00018240740740740736
-0.0006958333333333337
0.0031990740740740742
0.0004236111111111114
0.0006513888888888887
0.0011703703703703704
0.002969907407407407
0.0006662037037037036
-0.0019490740740740742
0.006337037037037036
-0.0020532407407407413
0.00219212962962963
0.002411111111111111
-0.0032523148148148142
0.001506944444444444
-0.0023421296296296298
0.0017208333333333331
-0.0005083333333333329
-0.0024611111111111114
-0.0003648148148148147
0.0005814814814814815
0.005351388888888888
-0.003003240740740741
0.0005277777777777777
0.00042916666666666683
1.4351851851851685e-05
-0.00204537037037037
-0.0016787037037037035
0.0032828703703703705
-0.0015851851851851856
-0.0008837962962962962
-0.0014129629629629629
-9.907407407407427e-05
-0.0002138888888888891
-3.8888888888888715e-05
-0.0005962962962962962
0.00417037037037037
0.002593518518518519
0.0011273148148148151
7.03703703703702e-05
-0.0008856481481481479
-0.000324537037037037
0.00042083333333333377
0.00015509259259259277
-0.001212962962962963
0.002963888888888889
-0.0005097222222222222
-0.0026222222222222224
-1.2962962962963078e-05
-0.0019148148148148152
0.0004305555555555549
0.0009407407407407408
0.0018263888888888895
0.001886574074074074
-0.002976388888888889
0.0015800925925925926
-0.0015513888888888886
0.001512962962962963
0.0007537037037037037
-0.0002874999999999999
0.00016527777777777783
0.0021412037037037038
0.0004958333333333332
0.0010393518518518516
0.0022916666666666667
-0.0005388888888888887
0.001985185185185186
0.0017388888888888886
0.0005805555555555563
0.003774074074074074
0.00024212962962962968
-0.0014689814814814817
-0.0010032407407407407
-0.001435185185185185
-0.0043476851851851845
-0.0017185185185185187
0.001675925925925926
-0.0010342592592592597
-0.001627314814814815
-0.0009023148148148148
0.0013694444444444442
0.00041851851851851805
-0.0018416666666666668
-0.0007888888888888889
0.003628703703703703
-0.004106481481481482
0.0003453703703703706
-0.0014101851851851855
0.00016388888888888895
-0.00036435185185185117
-0.0006097222222222219
-0.0004620370370370366
0.0002847222222222224
-3.148148148148123e-05
-0.004307870370370371
-0.0003388888888888886
0.00037175925925925923
-0.0004699074074074078
-0.0023101851851851855
-2.9629629629629772e-05
-0.0010527777777777777
-0.0006078703703703706
-0.00011574074074074046
-0.0011129629629629627
-0.00020555555555555559
0.00028796296296296333
0.002652777777777778
-0.0029435185185185185
-0.0017236111111111117
-0.0019273148148148149
-0.0005370370370370365
0.0005273148148148147
-0.00242824074074074
-8.472222222222189e-05
-0.0015611111111111114
0.0030740740740740737
0.0013527777777777778
0.00015138888888888917
-0.001294444444444444
-0.00044675925925925916
-0.0007666666666666667
0.003589814814814815
-0.0004509259259259264
0.0013791666666666663
-0.0005453703703703702
-0.0009962962962962963
-0.0014490740740740744
-0.0011680555555555556
-0.0016393518518518521
-0.0003018518518518515
-0.0023638888888888893
0.0011657407407407408
9.259259259259245e-05
-0.0033675925925925917
-0.0012884259259259262
0.0007462962962962962
0.00019861111111111083
-0.00041574074074074094
-0.004405555555555555
-0.002305092592592593
-0.0008361111111111118
0.0031537037037037037
-0.00027129629629629644
-0.0001976851851851855
0.0009342592592592595
-0.0015208333333333332
0.0006777777777777777
-0.0016111111111111113
-0.0016981481481481483
0.001256018518518519
-0.0012995370370370374
0.001779166666666667
0.00030370370370370387
0.0018115740740740746
-0.00018888888888888872
0.0011953703703703707
9.444444444444458e-05
0.0024291666666666667
0.0014648148148148148
-0.0009388888888888886
-0.0007337962962962962
-0.0006101851851851851
-0.0013314814814814817
0.002930092592592592
4.166666666666645e-05
0.0016740740740740735
-0.00021574074074074047
0.0008787037037037036
0.0007851851851851853
0.0005106481481481481
0.00026620370370370356
0.002025925925925926
-0.0023648148148148157
-0.0016759259259259262
-0.0015902777777777775
-0.001221759259259259
3.1018518518518575e-05
0.0016930555555555557
0.001752777777777777
-0.0015875000000000002
-0.000351388888888889
-0.00027407407407407393
-0.0031870370370370364
0.0011856481481481481
9.722222222222052e-06
0.0023726851851851856
-0.0022699074074074076
-0.0020425925925925924
0.001011574074074074
-0.0020782407407407407
-0.001450925925925926
0.001496296296296296
-0.0018703703703703705
0.0007458333333333335
-0.001911111111111111
-0.0005763888888888889
0.00039629629629629623
-0.0022731481481481483
-0.0014819444444444444
-0.0027226851851851856
-0.00031898148148148134
0.0017236111111111109
-0.003806944444444444
-0.002724074074074074
0.002046759259259259
0.002255555555555556
-0.000609722222222221
-0.002022222222222222
0.00572037037037037
-0.0004314814814814814
0.0025157407407407407
0.0022254629629629625
0.00042592592592592606
-0.0029287037037037033
0.00013425925925925912
-0.0014828703703703705
-0.0007421296296296292
-0.0022731481481481483
0.0008421296296296294
-0.0010152777777777775
0.00012638888888888937
0.001232407407407408
0.0007527777777777775
0.0010703703703703706
5.1388888888888625e-05
-0.0007662037037037036
0.001263888888888889
0.0016708333333333334
0.0007004629629629627
-0.002975925925925926
-0.000450925925925926
0.0018986111111111111
0.00392361111111111
