Profitability (RMW) after publication (Novy-Marx 2013) · sign-flip|0.0019578616352201256
0.0002358490566037734
0.0032383647798742135
0.003956603773584907
0.0009163522012578617
-0.0036572327044025158
-0.0004132075471698115
-0.0017163522012578615
0.0007012578616352203
-0.0026069182389937104
-0.003873584905660377
0.0018295597484276726
-0.002087421383647799
0.0024006289308176098
-0.0008257861635220126
0.0006660377358490564
0.0014773584905660375
-0.001420754716981132
0.0015805031446540889
-0.0020962264150943396
0.0009528301886792453
0.0010886792452830187
-0.001164150943396227
-0.0026408805031446535
0.0008823899371069181
-0.00030377358490565973
0.00033522012578616345
0.0038245283018867936
0.001144025157232704
0.001988050314465409
-0.0009452830188679247
-0.00160440251572327
-0.0021528301886792455
-0.0011754716981132072
0.0012886792452830188
-0.002058490566037736
-0.0004584905660377361
-0.002136477987421383
-0.0026245283018867926
0.000867295597484277
0.00169874213836478
-0.0009289308176100626
-3.7106918238993854e-05
0.001614465408805032
-5.471698113207538e-05
0.0010534591194968552
0.0017226415094339625
-0.0019289308176100631
-0.0015955974842767299
-0.002066037735849056
-0.0007490566037735853
0.00036540880503144717
-0.00150251572327044
-0.002966666666666667
-0.0017779874213836478
0.0011125786163522016
-0.00014402515723270452
-0.0027805031446540875
8.238993710691824e-05
0.00016289308176100704
-0.0006710691823899371
-0.0012899371069182387
0.0021251572327044025
-0.0014786163522012583
-0.00043584905660377335
0.0012685534591194971
0.0014018867924528301
0.00047610062893081744
-0.0010018867924528301
-0.0015654088050314464
-0.0032182389937106906
0.0018823899371069183
0.0022094339622641514
-0.00021572327044025173
-0.005342767295597484
0.0025893081761006287
0.003942767295597485
0.00045597484276729524
0.000827044025157233
0.0019754716981132073
-2.9559748427673104e-05
-0.0013767295597484277
-0.00030125786163522013
-0.0011402515723270437
0.0002056603773584906
0.003258490566037736
0.0016874213836477986
-0.00022704402515723283
0.003164150943396227
-0.0025465408805031447
0.0006484276729559749
0.0014987421383647797
0.0009654088050314465
-0.0035213836477987425
-0.00100314465408805
0.00018930817610062894
0.0012081761006289314
0.0003289308176100632
-0.002337735849056604
-0.0012157232704402515
-0.0005440251572327049
0.000988050314465409
-0.0039729559748427675
-0.0005377358490566039
-0.0012207547169811323
-0.0005238993710691822
-0.00031635220125786177
-0.0033364779874213834
0.0012937106918238994
-0.0005415094339622639
0.0007993710691823902
0.00017421383647798743
0.0027742138364779873
0.0024283018867924527
-0.00033396226415094356
-0.0025
-0.00020691823899371124
-0.00015534591194968527
0.0018333333333333333
-0.002043396226415094
0.00039937106918239005
0.003317610062893081
-0.001530188679245283
-0.0005742138364779861
-0.0005641509433962264
-0.0007955974842767303
-0.0024572327044025165
0.0018610062893081756
0.0003415094339622638
-0.002852201257861635
0.0014622641509433965
0.0017452830188679244
-0.002853459119496855
-0.001562893081761006
0.002232075471698113
-0.0023842767295597484
0.0016962264150943397
0.0015364779874213845
0.002015723270440252
-0.0030874213836477988
-0.0009276729559748422
-0.0009691823899371073
0.0015213836477987422
-0.0007968553459119499
0.00046603773584905686
0.0025968553459119496
-0.00031132075471698104
-0.0007779874213836474
-0.0004974842767295598
0.0008433962264150943
0.0016169811320754723
0.0003503144654088045
-0.0015918238993710692
8.176100628930442e-06
-0.00027735849056603767
0.002681132075471698
-0.00016289308176100625
0.0008333333333333331
-0.002306289308176101
-0.0012169811320754719
-0.0013062893081761003
0.0035238993710691832
0.0018559748427672959
0.002858490566037736
-0.00020440251572327036
0.0007679245283018871
0.0035062893081761015
0.0005603773584905664
0.0012610062893081764
-0.00219685534591195
-0.0009238993710691824
0.0011867924528301888
-0.0016371069182389939
-0.0013867924528301885
-0.0020006289308176096
0.0018433962264150948
0.0014421383647798746
-0.0012044025157232705
0.002209433962264151
0.0017188679245283018
0.002180503144654087
0.004370440251572328
0.000972955974842767
-0.0009364779874213837
-0.00014402515723270496
0.0006748427672955974
-5.974842767295568e-05
0.0015729559748427675
-0.00017672955974842777
-1.88679245283033e-06
0.0040584905660377354
-0.0009427672955974843
0.003349056603773585
0.00027106918238993717
-0.002063522012578617
-0.001764150943396227
0.0013100628930817603
0.00200314465408805
-0.0006861635220125789
0.0012949685534591195
-0.0005817610062893087
0.00046981132075471656
-0.004238364779874214
-0.00129622641509434
0.00034402515723270453
-0.0018597484276729563
-0.0018773584905660376
-0.00219685534591195
0.003735220125786164
-0.0006270440251572332
0.0010773584905660375
0.0011352201257861633
0.0027855345911949685
0.00031509433962264135
0.000250943396226415
-0.002674842767295597
0.005576729559748427
-0.001025786163522013
-0.0031817610062893084
-0.0035540880503144652
-0.0008044025157232705
0.0027050314465408808
0.0011716981132075472
0.0008798742138364778
0.0006018867924528299
-0.0014836477987421378
-0.0019842767295597486
-0.0014333333333333333
-0.002916352201257861
0.0011088050314465412
0.0005955974842767295
0.003946540880503145
-0.0009905660377358485
0.00022830188679245247
-0.00013396226415094366
0.0013138364779874216
0.000844654088050315
-0.001570440251572327
-5.849056603773604e-05
0.001554088050314465
6.7295597484277e-05
0.0006698113207547169
0.00209622641509434
-0.002415723270440251
-0.003101257861635221
0.001142767295597484
-0.0015
-0.000961635220125786
0.0009402515723270439
-0.0002685534591194966
0.0025176100628930814
-0.002232075471698113
0.0015981132075471697
0.0007654088050314469
-0.0013955974842767298
0.000320125786163522
0.003478616352201258
-0.0028823899371069185
-0.002727672955974843
0.0005553459119496849
0.0006849056603773586
0.003325157232704403
0.0004886792452830185
-0.0018584905660377357
-0.00023207547169811304
0.0007352201257861637
-0.00014905660377358482
-0.002718867924528302
-0.0028182389937106912
-0.0015352201257861635
0.0028861635220125787
0.0006861635220125786
0.001769182389937107
6.47798742138365e-05
-0.003059748427672956
-0.0021943396226415095
0.003396855345911949
-0.0010974842767295598
0.0030471698113207542
0.00320062893081761
-0.001250943396226415
-0.0002635220125786165
-0.001022012578616352
0.0026383647798742136
0.0012484276729559749
0.001487421383647798
0.0003176100628930816
0.00016289308176100614
0.00018176100628930822
0.0031465408805031445
0.00019685534591194913
0.0011339622641509436
-0.004122641509433962
-0.00110377358490566
-0.00040566037735849055
-0.000863522012578616
0.001570440251572327
-0.0034861635220125786
-0.00021069182389937203
-0.002141509433962264
0.00059811320754717
0.0011566037735849055
0.001920125786163522
-0.0031968553459119503
0.0013880503144654084
-0.0013088050314465412
0.004824528301886792
0.0008182389937106922
0.0015641509433962262
0.004088679245283019
-0.001410691823899371
0.004479874213836477
-0.0025729559748427673
0.002635849056603773
0.0006622641509433962
0.00012767295597484354
0.0010522012578616353
0.0001477987421383647
-0.001878616352201258
-0.0009867924528301885
0.0034433962264150937
-0.0008157232704402518
0.0002547169811320757
0.0004547169811320757
-0.000250943396226415
0.0008358490566037734
0.0019289308176100627
0.0010471698113207553
-0.001927672955974842
0.0029930817610062895
0.00021069182389937092
0.0037100628930817614
0.0006295597484276735
0.000574213836477987
-0.0015716981132075471
-0.0015591194968553456
-0.001311320754716981
0.0007880503144654088
-0.0005578616352201254
-0.0008094339622641512
0.002405660377358491
0.0009666666666666667
-0.0006974842767295602
-8.176100628930616e-06
-0.002635849056603773
-0.0010094339622641504
-0.002014465408805032
0.0005389937106918238
-0.0029276729559748428
0.002277358490566038
0.0006044025157232705
-0.001039622641509434
0.004137735849056604
-0.0027981132075471696
-0.0010383647798742144
0.00023584905660377353
0.0007981132075471699
-0.00069874213836478
-0.0007364779874213837
0.0003880503144654084
-0.0015289308176100632
0.0005779874213836479
0.0002433962264150939
-0.0007012578616352198
0.0016672955974842767
0.002946540880503145
0.0006610062893081763
-0.001940251572327044
-0.0027641509433962265
0.0021930817610062896
0.0012345911949685532
-0.0009037735849056607
0.0007641509433962264
0.0007402515723270444
-0.000608176100628931
0.0006496855345911956
-0.0009666666666666667
0.0003792452830188671
0.001482389937106918
-0.000718867924528302
-0.0021955974842767295
0.0030358490566037735
0.004029559748427673
0.000545283018867924
-0.0030031446540880503
0.0002987421383647802
0.00229748427672956
0.0005805031446540883
0.006518867924528303
-0.0003981132075471697
-0.0012358490566037738
0.004149056603773586
-0.0012522012578616351
-0.0028559748427672955
0.0016421383647798743
0.0032987421383647805
-0.001874842767295598
-0.000491194968553459
-0.0025138364779874224
-0.00039685534591194963
4.2138364779874284e-05
0.000263522012578616
-0.0007943396226415096
0.004312578616352201
0.002930188679245283
0.0022069182389937115
0.0010119496855345907
0.0027540880503144653
-0.0002547169811320751
0.00044716981132075524
0.0014345911949685533
0.0016496855345911952
0.002868553459119497
-1.6981132075471398e-05
-0.0023842767295597484
0.002458490566037735
0.0011817610062893082
0.0012132075471698108
-0.0008559748427672963
-0.0012874213836477986
-0.001317610062893082
-0.0013377358490566035
0.00013773584905660326
0.0018031446540880504
-0.0008081761006289312
0.00035283018867924513
0.001954088050314466
-0.00040062893081760993
-0.0011918238993710688
0.0024786163522012576
-0.0016672955974842774
0.00031383647798742087
-0.0024811320754716984
0.0006786163522012577
-0.000619496855345912
-0.0015100628930817604
-0.0007452830188679247
-0.0028194968553459116
0.00031006289308176105
-0.0015855345911949684
-0.0012194968553459118
0.0024119496855345914
0.0012333333333333337
-0.000990566037735849
-0.0023905660377358494
-0.0024006289308176098
-0.006045911949685534
-0.0022723270440251574
-0.0013968553459119495
0.00016163522012578642
0.0016748427672955975
0.0013176100628930815
-0.0019641509433962266
-0.0007918238993710692
0.002167924528301887
0.0026610062893081764
0.0008635220125786166
0.0010182389937106915
-0.00359685534591195
0.002676100628930817
0.001972955974842767
-0.0025389937106918238
-0.0019213836477987428
-0.0017830188679245284
-0.0002182389937106921
0.0009578616352201257
0.002252201257861635
0.004175471698113207
0.0003540880503144658
-0.0026169811320754716
0.0009666666666666667
0.0020194968553459117
-0.002569182389937107
0.0013792452830188686
0.003477358490566038
0.0025251572327044027
0.00016540880503144648
0.0014723270440251573
0.0008647798742138365
-0.0027176100628930814
0.001326415094339623
-0.0028861635220125783
-0.0021603773584905656
-0.0006974842767295598
0.0005000000000000002
0.0005553459119496859
0.0005427672955974841
-0.0006974842767295596
-0.0009603773584905664
-0.0005654088050314467
0.0012459119496855341
0.0015389937106918238
-0.00020062893081760973
0.0022949685534591193
-0.0012496855345911948
0.0017704402515723269
-0.0015352201257861633
-0.0025364779874213843
-0.0009503144654088054
-0.0008207547169811323
0.00498301886792453
-0.0018119496855345907
-0.003273584905660378
-0.002736477987421383
0.0006559748427672959
0.0003704402515723269
0.003174213836477987
-0.00180440251572327
-0.0017754716981132075
0.0039012578616352206
0.003949056603773586
-0.0007314465408805032
-0.0011842767295597485
0.0011188679245283017
-0.00046226415094339666
-0.0032182389937106923
-0.001473584905660377
-0.002974213836477987
-0.003605660377358491
0.00040943396226415064
0.0010484276729559746
-7.861635220125793e-05
-0.00022578616352201294
8.364779874213841e-05
-0.002125157232704403
-0.0013125786163522006
-0.0026811320754716976
-0.00028490566037735844
-0.000425786163522013
0.0031742138364779875
0.0001465408805031449
-0.0006710691823899375
-0.0012786163522012582
-0.00014654088050314448
5.5974842767295366e-05
-0.0006283018867924525
-0.00041320754716981127
-0.0001188679245283018
-0.0007050314465408804
0.0033515723270440253
7.232704402515712e-05
0.0004220125786163521
0.003723899371069182
-0.0019465408805031442
-0.0017955974842767295
0.0007415094339622638
-9.874213836477974e-05
-0.0022962264150943397
-0.0031276729559748424
-0.001645911949685534
-0.0009327044025157228
-0.0029993710691823897
-0.0018647798742138363
0.004678616352201258
-0.001359119496855346
0.003537735849056604
-0.0005503144654088048
0.0007679245283018867
-0.0009238993710691824
0.002063522012578617
0.00019433962264150958
0.000731446540880503
0.0023591194968553466
0.0007264150943396232
0.001024528301886793
-0.0013930817610062892
0.0023025157232704403
0.0013716981132075466
-0.000637106918238994
0.000756603773584906
-0.0002006289308176096
-0.0018182389937106923
-0.0008069182389937105
0.00045597484276729524
-0.000357861635220126
-0.00046226415094339644
0.00016918238993710757
-0.0008283018867924529
0.0013490566037735845
0.001940251572327044
-0.0004333333333333328
0.00038176100628930766
0.0015503144654088051
-0.0012761006289308174
-0.0016220125786163516
0.0027679245283018863
0.0023050314465408806
0.0034006289308176098
-0.001639622641509434
0.0009364779874213833
-0.0007628930817610068
-3.4591194968553666e-05
-0.00010880503144654041
-0.0021981132075471702
0.001088679245283019
-0.0032056603773584907
0.0031352201257861634
0.0007301886792452828
0.000507547169811321
-0.0017377358490566037
0.003083647798742139
-0.0011125786163522012
-0.001015723270440251
-0.00037044025157232746
-0.002146540880503144
-0.001942767295597484
-0.0015000000000000002
0.0004874213836477987
0.00038427672955974835
0.0014647798742138361
-0.0010081761006289307
0.0029855345911949686
0.0003037735849056601
-0.0008345911949685533
-0.0016710691823899374
0.001150314465408804
0.0004911949685534589
-0.00026100628930817647
-0.0009880503144654089
-0.0001955974842767295
-0.001488679245283019
-0.0022496855345911955
-0.0002534591194968554
0.001837106918238994
-0.003018238993710692
0.001328930817610063
0.001250943396226415
0.0005012578616352205
0.0008949685534591201
-0.001424528301886792
-0.0006937106918238992
-0.0016924528301886792
-0.0013452830188679244
-0.00022075471698113194
-0.003759119496855346
0.0014798742138364786
0.002840880503144655
0.0002471698113207554
0.0002031446540880501
-0.002342767295597485
0.0010018867924528304
0.002381761006289308
0.0017716981132075468
0.003455974842767296
-0.001837106918238994
-0.0015465408805031442
-0.0004408805031446543
0.00042704402515723243
0.0005566037735849061
-0.004409433962264151
0.0035452830188679252
-0.002063522012578616
0.0012333333333333337
0.0023981132075471703
0.002416981132075472
0.0013339622641509443
0.0016710691823899368
-0.003517610062893082
0.002557861635220126
-0.002214465408805031
-0.0020471698113207547
0.0010069182389937108
-0.0003830188679245282
-0.00046226415094339666
0.00034528301886792447
-3.710691823899338e-05
0.0005088050314465411
-0.00031257861635220163
-0.0006924528301886795
-0.0020018867924528295
3.5849056603773476e-05
-0.0010584905660377358
-0.0007025157232704402
0.001162893081761006
0.0014622641509433962
-0.0008974842767295599
0.0032899371069182383
-0.000321383647798742
-0.0004509433962264154
-0.0018383647798742135
-0.001420754716981132
-0.0002899371069182391
-0.000537735849056604
0.0010610062893081761
0.0018484276729559745
-0.002532704402515723
-0.0028044025157232706
0.0007163522012578614
-0.0003691823899371066
0.0009679245283018867
-0.0035075471698113214
0.003550314465408805
0.0002534591194968554
0.0037993710691823896
-0.00041069182389937107
0.0005515723270440252
-0.0003427672955974841
-0.0002547169811320755
-0.0010647798742138368
-0.0004886792452830188
-0.0017452830188679244
-0.0024069182389937108
-0.0020874213836477988
-0.0009767295597484277
-0.001461006289308176
0.0033666666666666667
0.0027805031446540883
-0.003267295597484276
-0.002011949685534592
0.00022955974842767297
-0.00037295597484276723
-0.0012748427672955975
-0.0014547169811320749
0.0012962264150943395
-0.0012698113207547169
-0.00011761006289308208
0.0006647798742138362
-0.0005729559748427667
0.0029339622641509433
-0.0012874213836477986
-0.0029591194968553456
0.0003792452830188682
-0.0007415094339622641
-0.005188050314465409
0.004086163522012578
-0.0013201257861635226
0.0014534591194968558
-0.003045911949685535
0.0018119496855345913
0.001086163522012579
0.003522641509433962
-0.0005603773584905663
-0.0003528301886792453
0.0004924528301886795
0.0020396226415094337
9.11949685534591e-05
-0.00349874213836478
-0.002408176100628931
-4.71698113207545e-05
0.002147798742138365
0.0004534591194968556
-0.002257232704402516
0.0012383647798742139
0.00020943396226415128
-0.0019389937106918233
-0.003145283018867925
-0.001633333333333333
-0.0013666666666666666
-0.0006622641509433965
-0.0009477987421383651
0.00036792452830188645
0.001849685534591195
-0.0007062893081761012
0.002424528301886792
0.0007364779874213836
-0.0034408805031446534
-0.00037295597484276707
-0.0022823899371069174
-0.00100062893081761
6.226415094339609e-05
-0.0009666666666666667
-0.0013062893081760998
0.0015855345911949684
-0.0008031446540880512
-0.0022169811320754715
-0.0032849056603773586
-0.0008182389937106922
3.3333333333333504e-05
0.00012515723270440252
-0.0016320754716981137
0.0033880503144654087
-0.0012232704402515722
0.002111320754716981
-0.00037295597484276723
-0.004798113207547171
0.0010622641509433963
-0.0012660377358490568
-0.004186792452830189
0.0016232704402515724
-9.748427672955983e-05
-0.0020182389937106913
-0.0007955974842767297
0.002357861635220126
0.0010811320754716982
-0.0021729559748427667
-0.001201886792452831
9.496855345911947e-05
0.0006610062893081765
0.0005817610062893086
-9.11949685534592e-05
0.0006157232704402521
0.0003880503144654087
-0.0006471698113207553
0.0006421383647798745
0.0013012578616352199
0.0004119496855345912
0.00015031446540880532
0.00036163522012578616
-0.0005088050314465409
-0.00033144654088050304
0.0009201257861635222
-0.0002446540880503144
0.002062264150943396
-0.004169182389937107
-0.0026232704402515726
0.001125157232704402
0.0006119496855345911
0.0005603773584905663
-0.0023955974842767296
0.0001201257861635217
0.0003402515723270438
-0.003767924528301888
-0.003155345911949686
-0.0008383647798742139
-0.0032056603773584907
0.0026358490566037738
0.0003943396226415093
0.000737735849056604
0.0003591194968553459
0.0014962264150943402
-0.0011138364779874213
-0.0010748427672955974
-0.003907547169811321
-0.004571698113207547
-0.00149748427672956
4.088050314465412e-05
-0.00016918238993710678
-0.0005037735849056606
0.0009515723270440251
0.00169748427672956
-0.0008283018867924528
-0.0025075471698113205
-0.00035408805031446566
-0.0029553459119496853
0.0017352201257861638
-0.0008911949685534589
-0.002113836477987422
-4.088050314465421e-05
0.002681132075471698
-0.001429559748427673
-0.0015855345911949688
0.0014245283018867927
0.00030251572327043974
0.004254716981132075
-0.001619496855345912
-0.0026069182389937113
-0.00027484276729559747
-0.0016220125786163522
0.0019050314465408808
-0.002745283018867924
-0.0027
0.0009113207547169813
-0.001072327044025157
-0.0005830188679245292
0.0028069182389937105
-0.004467295597484277
0.0015125786163522011
3.1446540880504044e-06
-0.0004383647798742138
0.000950314465408805
-0.00048113207547169855
0.0003213836477987422
0.001180503144654088
0.0005276729559748427
0.0031301886792452823
-0.0012685534591194967
0.0007138364779874215
-0.0019050314465408808
-0.0003452830188679246
0.0026534591194968555
0.0003905660377358489
-0.0015364779874213837
0.00039056603773584897
-0.0009201257861635217
-0.0001855345911949685
0.0026358490566037738
-0.0011088050314465405
0.0027515723270440254
-0.0011264150943396222
0.0007276729559748428
0.00318930817610063
-0.002493710691823899
-0.00018930817610062894
-0.001727672955974843
-6.603773584905666e-05
-0.0006811320754716982
-0.0009993710691823894
0.002462264150943396
-0.0010874213836477994
0.00199937106918239
-0.0005226415094339627
0.0015327044025157232
0.000266037735849057
-0.0002962264150943396
0.0028018867924528303
-0.0010811320754716977
0.0016849056603773598
-0.0020471698113207547
-0.0011188679245283017
-0.0003050314465408806
0.0025603773584905666
0.0017264150943396227
-0.000779245283018868
4.4025157232706535e-06
0.001825786163522013
-0.003364150943396226
-0.0011050314465408805
-0.003744025157232704
0.0007415094339622641
-0.0010459119496855354
-0.00024716981132075525
-0.001756603773584906
-0.0004446540880503144
0.0018748427672955978
0.0008031446540880502
0.0015742138364779872
-0.00043333333333333326
0.0006408805031446539
-0.003776729559748428
0.0019553459119496853
0.0028308176100628932
0.0009993710691823905
0.0005427672955974842
0.0014698113207547172
7.106918238993695e-05
0.0011477987421383647
-0.00020566037735849008
-0.0012270440251572325
0.00029371069182389904
0.0006471698113207551
0.002531446540880503
3.7106918238993685e-05
0.000581761006289308
-0.0036257861635220134
-0.0005679245283018869
0.0008421383647798738
0.0015817610062893082
-0.0007679245283018875
-0.0020685534591194966
0.001756603773584906
0.0010308176100628928
4.842767295597457e-05
0.002159119496855346
-0.0015930817610062898
0.0033314465408805036
-0.0006559748427672957
-0.0038660377358490567
-9.748427672955957e-05
0.000892452830188679
0.0006710691823899374
0.00044213836477987456
0.0013125786163522015
8.17610062893079e-06
0.0010572327044025157
-0.0024207547169811322
-0.001733962264150943
-0.0033477987421383654
-0.0016522012578616355
0.0025037735849056603
0.004330188679245283
-0.0015440251572327042
-0.0016660377358490568
-0.0005943396226415096
0.0019654088050314465
-0.0022308176100628934
0.0007062893081761009
0.0018987421383647803
-0.0010559748427672955
0.0011226415094339626
0.0001905660377358491
-0.0018597484276729561
-0.0009415094339622645
0.0036018867924528307
-0.0012924528301886794
0.001546540880503145
0.0037503144654088055
-0.003990566037735849
-0.0008408805031446546
-2.8301886792452593e-05
-0.000253459119496855
0.00024842767295597487
-0.003692452830188679
-2.0754716981132232e-05
0.00025849056603773583
-0.0037327044025157233
-0.0019314465408805028
0.0022999999999999995
-0.00021194968553459116
-0.0032647798742138365
0.0014408805031446543
0.004590566037735849
-0.00169748427672956
0.002331446540880503
0.0017402515723270438
0.0024044025157232704
-0.00033144654088050276
-7.987421383647792e-05
0.0018773584905660376
-0.0022811320754716983
0.0008408805031446534
-0.0006245283018867928
-0.0029440251572327046
-0.0015729559748427673
0.0014245283018867922
0.0024220125786163513
0.0021088050314465403
-0.0020811320754716978
-0.0004169811320754715
-0.001513836477987422
0.001044654088050314
-0.00012138364779874248
-0.0029817610062893084
0.0022484276729559747
-0.0016484276729559753
-0.003191823899371069
0.0006584905660377356
-0.0011477987421383647
0.0003062893081761004
0.0011930817610062896
0.0027050314465408803
0.0013327044025157229
0.00279433962264151
0.0032622641509433966
-0.0012672955974842766
0.002152830188679245
0.0027188679245283023
0.00031509433962264145
0.0003138364779874212
-0.002336477987421384
-0.0007037735849056602
0.003979245283018868
-0.0007163522012578612
-0.0006194968553459116
-0.0009654088050314467
-0.0010207547169811327
0.00018427672955974883
-0.0011075471698113212
0.001159119496855346
0.0008647798742138364
-0.0002999999999999996
0.0019704402515723267
-0.0005088050314465411
0.001562893081761006
-0.0006710691823899372
0.0001528301886792452
0.0009176100628930818
-2.2012578616351872e-05
-0.003388050314465409
0.0042622641509433975
-0.0015213836477987422
-0.0017452830188679246
-0.00043710691823899383
-8.616352201257846e-05
-0.002463522012578616
0.0027691823899371063
0.0011754716981132076
-0.001204402515723271
-0.0006270440251572322
0.0017930817610062888
0.000311320754716981
0.0006660377358490569
-0.0016056603773584904
0.0003830188679245284
-0.001455974842767295
-0.00030880503144654073
0.0018232704402515727
0.0016547169811320758
0.002828301886792453
0.000186792452830189
0.0014484276729559743
-0.0024635220125786166
0.0034937106918238995
0.0022899371069182387
0.001618238993710692
0.0016459119496855345
-0.0012685534591194971
-0.0015062893081761006
0.0001176100628930819
-0.0010974842767295598
-0.002369182389937107
-0.0023855345911949688
-0.0012232704402515724
0.00020817610062893037
-0.0009981132075471701
0.0004333333333333334
-0.0014044025157232704
0.0010056603773584904
0.0006509433962264149
0.0018433962264150945
-0.0022710691823899375
0.002591823899371069
0.002484905660377358
0.0014408805031446538
-0.0009842767295597486
-1.8238993710692542e-05
-0.0016245283018867923
-0.001253459119496856
-0.004579245283018869
0.0009352201257861639
0.0015289308176100625
0.0016408805031446541
0.0019050314465408802
0.0017767295597484274
-0.004487421383647799
-0.0006798742138364781
-0.00023962264150943375
0.0005150943396226417
-0.0032861635220125785
-0.0018949685534591192
-0.0004358490566037734
-0.002123899371069182
0.0037679245283018872
-0.0018547169811320757
0.0018094339622641506
-0.0018723270440251575
0.001410691823899371
-0.0021201257861635224
0.0007779874213836477
0.0027301886792452834
0.002028301886792453
-0.0019000000000000002
-0.0010559748427672955
-0.002972955974842767
0.0006157232704402515
-0.0008157232704402518
-7.358490566037698e-05
-0.00219937106918239
-0.0015855345911949682
-0.00239937106918239
0.0030056603773584907
0.001055974842767296
0.003962893081761006
-0.0018710691823899377
-0.0026773584905660382
0.0011591194968553463
0.0011792452830188679
0.000717610062893082
-0.0022987421383647796
-0.0001515723270440254
0.003468553459119497
-9.87421383647799e-05
-0.0036698113207547173
0.0027654088050314465
-0.0019176100628930817
0.0020006289308176104
-0.003868553459119496
-0.004444654088050315
0.0045566037735849056
-0.0007616352201257872
0.0004911949685534588
0.0007842767295597483
0.0018283018867924525
-0.0004937106918238992
0.001433333333333333
-7.735849056603734e-05
-0.0001981132075471692
-0.0008924528301886789
0.0012408805031446544
0.00040062893081761004
-0.002113836477987422
0.001164150943396227
0.0003490566037735856
-0.0013352201257861634
0.0037100628930817614
0.0034031446540880505
-0.001986792452830189
-0.00460440251572327
-0.00033773584905660386
0.0011943396226415095
0.0013377358490566042
0.001974213836477987
-0.0008572327044025159
-0.0009616352201257864
0.0014660377358490567
0.001427044025157233
0.00016918238993710697
-0.0013301886792452826
-0.0007918238993710695
-0.0013251572327044026
0.0004006289308176098
-9.748427672955993e-05
-0.0007855345911949685
-0.0007540880503144655
0.0010584905660377358
-0.0038572327044025163
-0.0018547169811320757
-0.0010911949685534588
-0.002110062893081761
-0.002655974842767295
-0.0029452830188679245
0.0015125786163522011
-0.0005050314465408805
0.0007389937106918237
-0.0013213836477987428
0.00024716981132075466
0.0017062893081761005
0.0015276729559748428
-0.0009138364779874217
-0.0028446540880503143
-0.0007528301886792453
0.0015981132075471697
-0.0005176100628930816
0.00018930817610062972
0.0001704402515723272
0.00034276729559748416
-0.0037955974842767298
1.8238993710691038e-05
-0.00320314465408805
0.001315094339622642
0.0007767295597484276
-0.0012018867924528298
-0.0004345911949685538
-0.0015880503144654091
0.001427044025157233
-0.002023270440251573
0.002632075471698113
-0.0006861635220125786
0.0004660377358490566
0.0017226415094339625
0.0011238993710691821
0.0020597484276729553
0.00023836477987421411
-0.002513836477987422
-4.591194968553425e-05
0.002027044025157232
0.002874842767295597
-7.987421383647792e-05
0.0036622641509433964
0.0016320754716981133
-0.002269811320754717
0.0008849056603773581
4.402515723270741e-06
0.002896226415094339
0.0016433962264150944
-0.002822012578616352
0.002006918238993711
-0.0010496855345911952
-6.226415094339613e-05
0.0033830188679245285
-0.001174213836477987
-0.0010169811320754718
-0.0014433962264150941
0.0043201257861635225
-0.001988050314465409
-0.0008710691823899375
0.0005226415094339621
-0.0025163522012578614
0.00219685534591195
0.00042578616352201265
0.0021364779874213833
-0.003072327044025158
-0.0006572327044025154
0.0005855345911949685
-0.0011754716981132072
0.0018408805031446538
-0.0011691823899371069
-0.0016044025157232703
0.001678616352201258
-0.0021943396226415095
-0.0011402515723270442
0.0031238993710691826
-5.345911949685487e-05
-0.0016572327044025157
-0.001791823899371069
0.000310062893081761
-0.0032345911949685545
0.0014169811320754718
0.00013647798742138367
0.0021566037735849058
0.0038937106918239
0.0011930817610062894
-0.0003528301886792452
0.00040566037735849093
0.005663522012578616
-0.004774213836477988
-0.00029496855345911946
0.000751572327044025
-0.004225786163522013
0.000960377358490566
0.00031761006289308117
-0.001078616352201258
0.00012138364779874208
-0.0023025157232704403
0.0002056603773584907
-0.0001943396226415095
-0.002440880503144654
0.001025786163522012
0.0005075471698113207
0.0010886792452830193
0.0010949685534591197
-0.0014584905660377364
0.0001364779874213838
-0.00012138364779874204
-0.004746540880503146
0.00179937106918239
-0.0023238993710691823
-0.0004484276729559747
-0.0034182389937106924
-0.0016685534591194967
-0.0023352201257861634
0.00016415094339622613
0.0001289308176100631
0.00015911949685534568
-0.00300188679245283
0.0045578616352201255
0.002327672955974843
0.0018257861635220122
0.000545283018867925
0.0016836477987421379
0.00399937106918239
0.0022081761006289306
-0.0011150943396226413
0.0010559748427672955
0.0027088050314465414
-0.00037169811320754724
-0.00031383647798742184
0.0025930817610062885
0.0004069182389937108
-0.0009000000000000001
-0.001410691823899371
-0.002262264150943396
0.0020132075471698116
0.0019679245283018864
0.0013415094339622642
-0.0023352201257861634
-0.003577987421383649
-0.0025905660377358495
0.0013893081761006286
0.0009377358490566042
-0.00020314465408805002
0.0003238993710691826
0.0009289308176100626
-0.0002421383647798741
0.0021679245283018865
-0.0013150943396226416
8.74213836477985e-05
0.0003616352201257857
-6.855345911949655e-05
0.0030786163522012575
-0.001625786163522013
-0.0005238993710691825
-0.0017113207547169815
0.0006559748427672962
0.0009880503144654093
-0.0005050314465408802
0.0004421383647798741
-0.001461006289308176
-0.005976729559748428
-0.0028786163522012574
0.0016283018867924522
0.0007628930817610067
-0.002424528301886793
-0.001024528301886792
0.0001477987421383649
2.3270440251572383e-05
-0.0008559748427672956
0.00031635220125786134
0.0009477987421383654
0.003824528301886793
0.0005125786163522012
0.0020911949685534594
1.886792452830679e-06
0.0015515723270440253
-0.0020522012578616353
0.0027339622641509432
-0.0004962264150943395
0.001277358490566038
0.0004761006289308177
0.0026773584905660382
-0.0019767295597484286
5.6603773584905535e-06
-0.0015742138364779877
0.0004119496855345912
0.0024773584905660377
-0.003984276729559748
0.0009226415094339621
-0.0018761006289308173
0.003155345911949686
-0.0022245283018867924
-0.0029603773584905655
8.742138364779845e-05
0.0006106918238993713
-0.0008748427672955976
0.0012698113207547175
0.0017088050314465412
-0.001162893081761006
0.0011955974842767301
0.0009389937106918241
-0.0008811320754716981
-0.000481132075471698
-0.0012685534591194971
-0.002218238993710692
0.0008446540880503143
-0.00048616352201257885
0.002522641509433962
0.002336477987421384
0.001016981132075472
-0.001052201257861635
-0.0025603773584905658
-0.00047106918238993753
-0.0002710691823899373
-0.001289937106918239
-0.001032075471698113
-0.0003025157232704401
0.0013427672955974841
-0.0011805031446540885
-0.0018559748427672959
-0.0025251572327044027
0.0017427672955974858
0.0012559748427672952
-0.00037044025157232724
-1.4465408805030902e-05
-0.002771698113207547
-0.00040566037735849093
-0.0010421383647798742
-0.0002698113207547174
0.0021628930817610063
-0.0012534591194968553
-0.0003830188679245281
-0.002393081761006289
0.0023867924528301887
0.0012220125786163527
-0.0027855345911949685
3.144654088050579e-06
0.0009427672955974842
0.001795597484276729
6.100628930817595e-05
0.0014584905660377364
-0.0009641509433962264
0.0011402515723270444
-0.00019559748427672895
-0.00014025157232704376
-0.00023710691823899334
-0.0014157232704402518
0.00180566037735849
5.723270440251553e-05
-0.0006044025157232702
-0.001907547169811321
-0.0009490566037735847
0.001308805031446541
-0.0005150943396226415
-0.0009251572327044025
-0.0013578616352201258
-0.00270251572327044
-0.0007955974842767292
-0.001716352201257862
-0.003376729559748428
0.00149748427672956
0.0022169811320754715
-5.6603773584909465e-06
0.002555345911949686
-0.001359119496855346
0.0034157232704402525
-0.00036792452830188645
-0.0007817610062893084
0.0013113207547169805
0.0015289308176100625
-0.0012911949685534593
0.0023943396226415096
0.002055974842767296
0.0011201257861635215
-0.0016786163522012577
-0.004011949685534591
-0.002052201257861635
0.0011088050314465403
-0.0022044025157232712
-0.0017339622641509437
-0.0018672955974842766
0.001985534591194969
-0.0007339622641509437
-0.0010383647798742138
-0.00023207547169811304
-0.0010999999999999996
-0.000623270440251572
0.0006157232704402518
0.0026610062893081764
0.000330188679245283
0.0006207547169811322
-0.0005930817610062891
-0.001442138364779874
9.371069182389931e-05
-0.0025842767295597485
-0.0022786163522012584
0.002813207547169811
-0.0038547169811320755
-0.0007088050314465408
0.0014786163522012578
-8.742138364779854e-05
-0.0013641509433962265
0.0002735849056603773
-0.00030880503144654106
0.0007238993710691823
-0.00021572327044025157
0.0023779874213836483
0.0009918238993710696
-0.0031855345911949683
-0.0019440251572327048
-0.0012081761006289308
-0.0030106918238993713
-0.00042327044025157213
-0.0007125786163522014
0.0016018867924528298
-0.0025226415094339624
-0.00027735849056603745
-0.0006949685534591193
0.0009591194968553461
0.0002433962264150939
0.0032647798742138365
0.004429559748427673
0.0006459119496855348
0.00035408805031446545
0.0010635220125786162
-0.0016433962264150944
-0.0028937106918239005
-0.00059937106918239
0.00025220125786163566
-0.0016169811320754716
-0.004776729559748428
-0.001165408805031446
0.0026836477987421383
-0.001020754716981132
-0.0017477987421383647
0.0013402515723270434
0.00047987421383647786
0.0011716981132075467
0.0006899371069182388
0.0009968553459119495
0.0025062893081761006
-0.0005490566037735849
-0.0014433962264150941
0.0017125786163522008
-0.0002257861635220124
-0.0002748427672955973
-0.0018270440251572332
-0.0003943396226415094
0.0008333333333333337
0.0014786163522012576
-0.0016345911949685547
-0.0009955974842767298
0.000271069182389937
0.003666037735849057
0.003723899371069182
-0.004508805031446541
-0.0006559748427672952
0.0007352201257861635
0.0012949685534591198
4.213836477987403e-05
0.001969182389937107
0.0012119496855345915
-0.0008408805031446543
0.000279874213836478
0.00010251572327044022
-0.00011132075471698109
-0.0022823899371069182
-0.0024572327044025165
0.0009188679245283018
0.0009163522012578617
-0.0001503144654088047
0.0006572327044025158
-0.001994339622641509
0.002649685534591195
-0.001408176100628931
-0.0018308176100628932
0.0024207547169811327
0.0012245283018867922
0.0016698113207547166
-0.00034905660377358515
0.0008647798742138365
0.0014459119496855342
0.0032081761006289306
-0.0018094339622641506
0.0005352201257861635
-0.0013301886792452832
0.001691194968553459
0.0012547169811320754
-0.0005654088050314464
0.00280440251572327
0.00036918238993710747
-0.0019452830188679247
0.0008283018867924528
0.0022584905660377355
0.0025339622641509436
0.003176729559748428
-0.00018050314465408858
-0.0002358490566037737
-0.0017314465408805038
-0.0003264150943396224
-0.0007742138364779871
0.0022773584905660376
-0.0010257861635220124
-0.0002886792452830188
-1.1949685534590927e-05
-0.0017779874213836476
-0.0031125786163522014
0.0003943396226415095
0.002830817610062893
0.0010509433962264155
0.0018182389937106919
1.8238993710692258e-05
0.0007264150943396224
-0.003949056603773585
4.4654088050314696e-05
-0.002531446540880503
0.0008584905660377355
0.002433333333333333
-0.0037603773584905667
0.0038358490566037743
0.0004534591194968554
-0.000312578616352201
0.0011918238993710699
0.0007238993710691824
0.0005855345911949682
-0.004408176100628931
-0.0032584905660377364
-0.0019754716981132078
-0.0019855345911949686
-0.0012685534591194965
-0.003385534591194968
0.00047735849056603787
0.0010924528301886791
0.001747798742138365
0.00020062893081761022
-0.00022452830188679225
3.96226415094337e-05
0.0010949685534591197
0.003954088050314466
-0.00036792452830188645
-0.003340251572327045
-0.0012283018867924528
-0.0012056603773584905
0.0012911949685534597
-0.0007150943396226417
3.3333333333333504e-05
0.0033792452830188674
0.000829559748427673
0.0025704402515723266
0.0013893081761006286
0.0030408805031446546
0.0005251572327044031
0.0007352201257861636
-0.00031006289308176127
0.00023710691823899377
0.0010660377358490565
-0.0026761006289308174
-0.00045094339622641554
8.993710691823935e-05
-0.0016056603773584904
-0.00200188679245283
-0.0010081761006289303
-0.00240314465408805
-0.0006182389937106917
0.002376729559748428
0.00027987421383647793
0.0006471698113207552
0.0005264150943396228
-0.0021641509433962267
-0.000779245283018868
-0.0025213836477987425
0.0009867924528301885
-0.0015163522012578612
0.00047106918238993715
0.00014025157232704408
0.0004056603773584899
-0.003224528301886793
0.004453459119496855
0.0011415094339622637
-0.00020943396226415093
0.005354088050314466
-0.0015792452830188678
0.00020314465408804994
-0.00012012578616352156
0.0034371069182389936
-0.000840880503144654
-0.00010377358490566027
-0.0019188679245283015
0.002263522012578617
-0.0007389937106918237
-0.00043207547169811343
-0.00023459119496855316
6.729559748427677e-05
-0.0009289308176100627
-0.0003893081761006292
0.0009012578616352202
-0.005795597484276729
0.0005327044025157231
0.0009138364779874212
-0.004033333333333333
-0.0010144654088050317
0.002071069182389937
0.0004094339622641507
-0.0005591194968553461
-0.0014270440251572326
0.0017616352201257866
-0.00045597484276729545
-0.002159119496855346
0.00018176100628930822
0.0033830188679245285
0.0018094339622641514
0.0009905660377358492
-0.0003012578616352206
0.0001477987421383649
0.0006069182389937108
0.0007830188679245277
-0.0010849056603773582
0.0007251572327044024
0.0012245283018867924
0.0006320754716981135
-0.0009213836477987426
0.004255974842767294
0.0006383647798742137
-0.0005377358490566041
-0.00033144654088050314
-0.0015176100628930818
-0.0002245283018867921
-0.0018484276729559745
0.002644654088050314
0.0003805031446540881
-0.0016207547169811327
0.00046729559748427625
-0.0012018867924528302
-0.0008748427672955979
-0.0034358490566037737
0.00038805031446540866
-0.0029327044025157234
-0.0003742138364779868
0.002105031446540881
-0.0005440251572327047
-0.001375471698113208
0.0003767295597484273
0.0029842767295597487
-0.00069874213836478
-9.433962264151127e-06
0.0007415094339622639
0.0032849056603773586
0.002454716981132076
-0.0023100628930817608
0.0034308176100628935
-0.0028270440251572325
0.0028333333333333327
0.0016496855345911948
-0.0021729559748427667
6.289308176097318e-07
0.002229559748427673
0.0009440251572327044
-0.00022327044025157236
0.004530188679245283
-0.002230817610062894
-1.44654088050316e-05
0.000988050314465409
0.0021679245283018874
-0.0015465408805031453
-0.002615723270440251
0.001932704402515723
-0.00020943396226415114
0.0001817610062893084
3.144654088049968e-06
0.0005415094339622643
0.0025062893081761006
-0.0015805031446540878
0.0026232704402515726
-0.0007918238993710692
0.0021867924528301886
-0.0018886792452830197
0.004677358490566039
-0.0025113207547169812
-0.0018874213836477982
0.0017125786163522019
0.0007817610062893083
-0.0013050314465408808
-0.0011150943396226415
0.0004056603773584901
9.371069182389913e-05
0.0010283018867924532
0.0014660377358490567
0.0019553459119496857
0.0032584905660377364
-0.00023081761006289289
0.0001452830188679245
0.0006748427672955974
-0.0005088050314465411
-0.0007251572327044028
-0.0017540880503144657
-0.002444654088050315
0.002852201257861635
0.003530188679245284
-0.0008283018867924529
0.002013207547169812
-0.0013716981132075466
-0.00199937106918239
-0.0015603773584905664
0.0018119496855345917
0.0009012578616352202
0.0006974842767295602
0.00033144654088050336
-0.0011905660377358493
0.0009364779874213835
-0.001830817610062893
0.00023962264150943367
0.002043396226415095
-0.0001528301886792453
-0.0005955974842767295
-0.0005088050314465413
0.000946540880503145
0.002111320754716981
0.00012138364779874169
-0.00024088050314465426
-0.00025345911949685516
-0.0017930817610062899
-0.00016918238993710656
-0.001258490566037736
0.0007037735849056602
-0.003708805031446541
-0.001254716981132075
-5.723270440251536e-05
0.0014660377358490567
0.0009075471698113203
-0.002347798742138365
0.0019125786163522011
-0.000757861635220126
0.0017553459119496856
-0.0022610062893081762
-8.490566037735882e-05
0.0023176100628930813
7.358490566037702e-05
0.0013289308176100633
0.002418238993710692
-0.0013402515723270447
-0.002745283018867925
-0.0013566037735849056
0.0024471698113207553
-0.000829559748427673
-0.003516352201257861
-0.004449685534591195
-0.00036289308176100604
0.002108805031446541
0.0018056603773584903
0.0012534591194968553
-0.0014597484276729557
-0.0031880503144654094
0.0026396226415094336
-0.001629559748427673
0.0005754716981132076
0.0022081761006289306
-0.00010628930817610097
-0.0031930817610062896
0.0009427672955974839
-0.0007553459119496859
0.0024886792452830193
-0.0018597484276729557
-0.0011767295597484276
4.591194968553468e-05
0.0007327044025157228
0.0017880503144654088
-0.0006245283018867926
0.0003352201257861638
0.0005616352201257859
0.002136477987421384
-0.0013729559748427665
0.0005037735849056603
0.002522641509433962
-0.0026949685534591195
0.001977987421383648
-0.000515094339622641
-0.000638364779874214
0.00031635220125786177
-0.0012194968553459118
0.0017075471698113206
0.0014433962264150946
0.0011981132075471696
0.000887421383647799
-0.0017666666666666668
-0.00179685534591195
-0.0031654088050314458
0.00025723270440251573
0.0003729559748427672
0.0023037735849056606
0.0005968553459119499
0.0003805031446540876
-0.0004660377358490563
0.001489937106918239
0.00027610062893081784
-0.003318867924528302
-0.004216981132075472
-0.001136477987421384
-0.002024528301886794
-0.00034276729559748443
0.002185534591194969
-0.0008056603773584905
0.003428301886792453
-0.0011792452830188677
-0.0019238993710691827
-0.0014459119496855345
0.000619496855345912
0.0005540880503144656
-0.0002056603773584907
-0.0008974842767295596
0.0004635220125786163
-0.0024006289308176106
-0.00022201257861635232
0.0023993710691823903
-0.0006433962264150945
-0.0005150943396226419
-0.0009012578616352202
0.0022333333333333333
-0.0020320754716981137
0.0010396226415094337
0.00013773584905660396
-0.0003893081761006289
-0.0019012578616352202
0.00023836477987421376
0.0013402515723270438
0.00022075471698113186
0.002009433962264151
-0.0036283018867924533
-0.0028295597484276733
-0.0028094339622641504
-0.003289937106918239
-0.003120125786163522
-0.003326415094339623
0.001312578616352201
0.0010572327044025159
0.00010754716981132079
-1.320754716981074e-05
-0.00038679245283018877
0.0025880503144654087
0.004666037735849057
-0.0007905660377358493
-0.00038679245283018823
0.0012132075471698114
0.0017603773584905663
-0.0003100628930817609
-0.0001981132075471699
-0.0015276729559748428
0.0007628930817610064
0.0033163522012578618
-0.0005641509433962267
0.0013251572327044026
-0.0002257861635220124
0.0013440251572327047
-0.0016748427672955975
0.0003477987421383648
-0.0011842767295597483
-0.0012798742138364777
-0.00011886792452830241
0.0009062893081761005
-0.002491194968553459
-0.0030522012578616357
-0.002658490566037736
-0.002588050314465409
-0.001554088050314465
0.0009213836477987426
0.00043333333333333315
0.0010308176100628933
0.001940251572327044
-2.9559748427673083e-05
0.0017779874213836476
0.0005867924528301884
-0.0007138364779874208
0.0026371069182389937
-0.0010635220125786167
-0.00017169811320754712
-0.0015943396226415095
-0.0005842767295597482
-0.0010018867924528301
0.003638364779874214
0.0022421383647798733
0.0008899371069182391
-0.0006408805031446539
0.003038364779874214
0.002183018867924528
-0.002462264150943396
-0.0003012578616352193
-0.0010773584905660377
0.0008635220125786166
-0.0017628930817610064
0.0008710691823899374
-0.0014383647798742137
-0.0023050314465408806
0.0015176100628930818
-0.0023830188679245285
0.002438364779874214
-0.0009477987421383648
0.0013830188679245282
0.00016289308176100614
0.0018396226415094339
0.002791823899371069
-0.0003566037735849063
-0.0016257861635220127
-0.0007075471698113208
1.4465408805031076e-05
0.0009779874213836476
0.0005238993710691828
0.0009289308176100629
-0.0002547169811320759
0.0005226415094339621
-0.0028006289308176104
-0.001091194968553459
0.00041572327044025185
0.0026572327044025157
0.00042452830188679266
0.002106289308176101
-0.000707547169811321
-0.0006333333333333334
-0.001015723270440251
0.002337735849056604
0.000710062893081761
-0.0021578616352201257
-0.0008924528301886794
0.0016345911949685531
-0.00490377358490566
0.0001805031446540882
-0.0008522012578616353
-0.0023037735849056606
0.0004962264150943395
-0.0004056603773584905
0.002745283018867925
0.0030949685534591197
0.0007540880503144655
0.00034528301886792474
0.0023603773584905657
-8.238993710691789e-05
-0.001360377358490566
0.004881132075471698
0.00023962264150943402
-0.0007779874213836482
0.002327672955974842
-0.00039182389937106896
0.0004773584905660377
-0.0012471698113207552
0.0005138364779874218
0.0005880503144654081
0.0011754716981132074
0.0011930817610062892
-0.0017276729559748424
-0.0012496855345911953
-0.0007075471698113205
0.0006433962264150945
-0.0014056603773584904
0.0016761006289308176
-0.0025113207547169812
0.00045849056603773544
0.0004433962264150947
0.001844654088050314
0.001111320754716981
-0.0005993710691823906
0.001956603773584906
0.0064044025157232705
-0.0018949685534591196
0.0022056603773584907
-0.002933962264150944
-0.00219685534591195
0.0027440251572327036
0.0016345911949685536
-0.0005628930817610062
0.0012421383647798741
-0.002146540880503144
-0.00042955974842767285
-0.0045968553459119505
-0.002108805031446541
0.0006081761006289308
0.00014528301886792476
-0.0015339622641509433
-0.0007981132075471697
-0.0018333333333333333
0.00014905660377358482
0.0020874213836477983
0.000971698113207547
0.00010754716981132095
0.000970440251572327
0.0012345911949685534
0.0002949685534591201
-0.0005578616352201257
0.0026220125786163527
0.0034924528301886787
-0.0014710691823899371
0.005345283018867925
-0.002552830188679245
-0.0012786163522012577
-0.0010446540880503145
0.0006823899371069184
-0.002335220125786163
0.0005503144654088049
0.001322641509433962
0.0011893081761006285
0.0006044025157232702
0.0018132075471698113
-0.004989308176100629
-0.0011301886792452831
0.0019213836477987422
0.000637106918238994
-0.0007842767295597484
0.0012320754716981133
-0.00029999999999999987
-0.0007578616352201253
0.0032999999999999995
-0.0020031446540880503
0.0016849056603773583
0.002767924528301887
0.0007540880503144651
-0.0001855345911949689
-0.0022333333333333333
-0.0016748427672955977
6.855345911949663e-05
0.0006056603773584904
-0.0025880503144654087
0.001933962264150944
-0.0013301886792452832
-0.0020522012578616353
0.0001314465408805031
-0.0020811320754716986
0.0016522012578616349
0.0017754716981132075
-0.0026723270440251576
-0.001999371069182389
-0.005136477987421384
-0.0021855345911949687
0.0019025157232704399
0.0007251572327044027
-0.0003088050314465411
0.0043490566037735845
-0.0012295597484276726
-0.001243396226415095
0.00041069182389937123
-0.00041194968553459095
0.0014761006289308175
-0.0008383647798742137
0.002286163522012579
0.0023566037735849054
0.002195597484276729
-0.0014333333333333336
-0.0009012578616352198
-0.0002911949685534594
-0.001188050314465408
0.0003037735849056607
-0.0007037735849056607
0.001312578616352201
0.0002798742138364783
-0.0005880503144654088
9.11949685534592e-05
0.0007075471698113207
-0.000538993710691824
0.0018547169811320755
-0.0008207547169811325
0.0029201257861635223
-0.0016245283018867926
-0.0013754716981132075
0.0010886792452830189
8.490566037735866e-05
-0.001741509433962265
0.0001427672955974841
0.0002509433962264153
-0.0022207547169811326
2.3270440251572383e-05
8.993710691823895e-05
0.003512578616352201
-0.004238364779874214
-0.003048427672955975
-0.0006270440251572322
-0.002435849056603773
-0.00169748427672956
-0.004632075471698113
0.0009955974842767296
0.0010408805031446539
0.001576729559748428
0.002721383647798742
-0.0011842767295597483
-0.0018182389937106923
-0.001930188679245283
0.00300062893081761
0.0005339622641509434
-0.0008685534591194969
0.0009264150943396226
-0.0023238993710691827
0.0030660377358490564
0.0002647798742138363
0.003950314465408806
0.0017150943396226411
0.0013503144654088046
0.00269496855345912
-0.0034622641509433963
0.0016006289308176098
-0.0006006289308176106
0.0028119496855345916
0.0010748427672955974
0.000312578616352201
0.001442138364779874
0.0021213836477987423
0.000727672955974843
-0.0005867924528301889
0.0009238993710691829
-0.000281132075471698
0.0007742138364779873
0.0018044025157232704
0.00045220125786163515
-0.0017540880503144653
0.0013591194968553455
0.00010503144654088001
-0.0033918238993710693
-0.0016509433962264145
-0.00032138364779874245
-0.0020735849056603773
-0.002839622641509434
0.001028301886792453
-0.0005377358490566037
-0.003081132075471698
-0.0014471698113207548
0.0021792452830188677
-0.0018320754716981131
0.0022345911949685545
0.0023754716981132084
-0.0026723270440251576
1.8238993710691387e-05
0.0003025157232704405
-0.0020408805031446545
-0.002970440251572326
0.0033691823899371066
0.00030125786163522024
-0.003154088050314466
-0.0008396226415094333
-7.232704402515791e-05
0.00034528301886792507
-0.0022962264150943397
0.0007666666666666663
0.0025201257861635225
-0.0022459119496855352
0.00037295597484276723
0.0017905660377358495
0.0037993710691823913
0.0008748427672955975
0.005131446540880503
-0.002025786163522013
0.0001729559748427672
0.0007515723270440248
-0.0021515723270440247
-0.0033930817610062897
0.0007666666666666667
-0.0026396226415094336
-0.0008345911949685532
0.0019289308176100627
-0.0001377358490566038
-0.0028383647798742137
0.004316352201257861
-0.0015176100628930818
0.0009289308176100626
-0.0012937106918239002
0.0004132075471698115
0.0010572327044025159
0.00016666666666666734
-0.00250125786163522
0.0046547169811320755
-0.0017238993710691818
0.0006446540880503143
-0.0009201257861635219
9.433962264151039e-06
9.433962264151039e-06
0.00023333333333333347
-1.6981132075471486e-05
0.0016949685534591193
-0.0032471698113207548
0.0012358490566037736
-0.000960377358490566
-0.0006308176100628928
-0.0033238993710691823
-0.0015616352201257868
-0.0016471698113207545
-0.002404402515723271
0.0008345911949685533
0.0006383647798742145
-0.0013364779874213834
-0.0008081761006289303
-0.004313836477987421
-0.0006144654088050317
-0.0007691823899371068
0.0010396226415094337
0.002038364779874213
0.0023075471698113213
0.00034402515723270437
-3.710691823899364e-05
0.0033352201257861635
0.0010534591194968554
-0.0003503144654088049
-0.00033899371069182445
0.0011754716981132076
-0.003977987421383647
0.0011993710691823893
-0.0025050314465408802
-0.000832075471698113
-0.0009616352201257864
-0.003805660377358491
-0.0004761006289308172
0.002459748427672957
-0.001455974842767296
0.003459748427672956
0.0010358490566037732
-0.0023113207547169816
-0.00026352201257861667
0.001956603773584906
0.005540251572327044
-0.0018333333333333333
0.0007654088050314463
-0.001433333333333333
-0.00016792452830188655
-0.0027830188679245278
-0.0035213836477987425
0.002687421383647799
-0.001427044025157233
0.002281132075471699
0.0008547169811320749
0.0008572327044025158
0.0004132075471698117
-0.0012044025157232701
0.004053459119496856
0.003411949685534591
-0.004054716981132076
0.001306289308176101
0.0005779874213836481
-0.0027075471698113206
0.0015918238993710692
3.081761006289318e-05
-0.0017628930817610064
0.0014823899371069176
0.001838364779874214
0.003057232704402517
-0.0008949685534591197
-0.0018786163522012576
-0.000944025157232704
0.0026358490566037738
0.0024094339622641515
-0.0015515723270440255
-0.0004748427672955977
-0.0003628930817610062
-0.00040188679245283036
0.0004081761006289309
-0.003362893081761007
0.0002748427672955975
0.0030333333333333336
0.003513836477987421
0.0022547169811320757
0.0033477987421383654
0.00043584905660377335
0.00013522012578616382
0.0006371069182389939
-0.002222012578616352
-0.001189308176100629
0.0015276729559748421
0.0011377358490566032
-0.002209433962264151
-0.0015628930817610067
-0.0006018867924528299
-0.0003754716981132078
-8.616352201257868e-05
0.0025503144654088054
-0.0011201257861635215
-0.00020314465408805045
-0.0026446540880503146
0.00011257861635220143
0.00035408805031446534
-0.004864779874213837
-0.0012283018867924533
0.0014408805031446543
-0.0005930817610062888
-4.088050314465412e-05
-0.0005100628930817607
0.002055974842767296
0.001108805031446541
-0.0017251572327044032
0.0012069182389937109
-0.0013389937106918239
0.001684905660377359
-0.0015188679245283024
0.00321069182389937
-5.4716981132075557e-05
-0.0012723270440251574
0.0002257861635220131
-0.002740251572327044
0.0017477987421383643
0.0031238993710691826
0.0013251572327044026
-2.075471698113241e-05
0.0032672955974842764
-0.001042138364779874
-4.3396226415095144e-05
-0.0019176100628930822
0.003732704402515723
-0.0022245283018867924
-0.003071069182389936
0.00035157232704402486
-0.006180503144654089
-0.0006270440251572325
-0.0001754716981132076
3.207547169811343e-05
-0.0002257861635220124
-0.004795597484276729
-0.0031855345911949683
-0.0005817610062893081
0.00019308176100628916
-0.00169874213836478
-0.0007578616352201255
-0.0004836477987421381
-0.000962893081761006
0.002229559748427673
0.0029150943396226417
0.00012641509433962268
0.0015138364779874215
0.0006836477987421382
-0.0001654088050314469
-0.001154088050314465
0.0025452830188679243
-0.0011276729559748428
0.002351572327044026
0.0006182389937106922
-0.0006710691823899372
-0.0004320754716981131
-0.0012333333333333332
0.0003578616352201262
-0.0008597484276729558
0.0006383647798742139
0.0034396226415094344
-0.0015037735849056598
0.00011132075471698109
0.004073584905660377
0.0013515723270440254
-0.001391823899371069
0.0010257861635220124
0.0018345911949685539
0.0024672955974842765
0.00018930817610062815
-0.00013647798742138362
-0.0012031446540880502
-0.0015062893081761008
0.0014610062893081759
6.603773584905727e-05
-0.001078616352201258
-0.0021465408805031445
-0.0017616352201257866
0.0022496855345911946
-0.0005666666666666663
-0.0014773584905660375
-0.0017616352201257862
-0.001079874213836478
-0.0011427672955974847
-0.0014018867924528303
-0.0008132075471698114
9.999999999999946e-05
-0.0013930817610062897
0.0012157232704402517
-0.0006320754716981137
-0.0023830188679245285
-0.0035905660377358495
0.0015830188679245285
0.0013138364779874214
0.00079811320754717
0.0013125786163522017
-0.00033144654088050314
0.002471069182389937
0.002141509433962264
0.00044968553459119544
0.0008421383647798741
0.0006257861635220126
-0.0016295597484276736
1.949685534591181e-05
-0.0013930817610062892
-0.0004748427672955973
-0.0009742138364779873
-0.001024528301886793
-0.0031490566037735853
-0.0017276729559748424
0.0024031446540880505
-0.0016509433962264156
-0.0005012578616352205
-0.0006635220125786169
-0.0016723270440251567
-0.00016918238993710654
-0.0036597484276729565
0.002188050314465408
-0.00037169811320754675
0.001583018867924529
0.00189622641509434
0.0009377358490566039
-0.002742767295597484
-0.0002622641509433963
0.0005415094339622641
-0.0027125786163522013
-0.00409245283018868
0.0025867924528301892
0.0015251572327044025
0.00299559748427673
-0.0017037735849056606
-0.00031886792452830186
-0.001967924528301887
-0.0006094339622641509
-0.00029874213836478014
-0.00021572327044025165
-0.0011452830188679246
-0.002216981132075472
-0.00022955974842767325
0.001986792452830189
-0.002862264150943396
0.0006182389937106918
0.0011062893081761006
-9.119496855345954e-05
0.0017364779874213833
-0.0014849056603773586
0.00049622641509434
0.0038685534591194975
-6.477987421383683e-05
0.0014811320754716981
0.0033855345911949684
0.003224528301886793
0.0026194968553459124
0.0006333333333333328
-0.0003364779874213836
0.00033899371069182375
0.0027566037735849056
0.003664779874213837
-0.0008484276729559748
0.0016987421383647793
-0.0022308176100628934
-0.0012937106918238994
-0.0023113207547169816
-0.0004056603773584901
0.002277358490566038
0.0009641509433962267
0.0012484276729559745
-0.0009415094339622641
-0.0004823899371069179
0.00030125786163522045
0.0009641509433962264
-0.0026257861635220125
-1.6981132075472096e-05
0.0015
-0.0018522012578616354
0.0003792452830188677
0.001518867924528302
-0.0014786163522012574
-0.0017591194968553463
-0.0012207547169811326
0.002549056603773585
-0.0006182389937106918
-0.0010081761006289311
0.0018408805031446536
0.00259811320754717
-0.0004446540880503144
-0.00010377358490565977
-0.0017327044025157226
-0.0011201257861635223
-9.622641509433915e-05
0.000769182389937107
0.0007301886792452832
0.0010999999999999996
0.0013264150943396221
0.0021264150943396225
-0.0002685534591194969
-0.0012144654088050314
-0.0017213836477987419
0.0011427672955974845
-0.0026069182389937113
0.0014823899371069183
-0.0014245283018867927
0.0003930817610062894
0.0015968553459119494
-0.0008358490566037737
0.0004144654088050314
-0.0017943396226415094
-0.001952830188679245
0.0029729559748427675
0.00022578616352201232
-0.0002069182389937106
0.002791823899371069
-0.0005842767295597483
-5.6603773584905755e-06
-0.0002874213836477992
-0.002118867924528302
0.0019716981132075475
0.000717610062893082
0.0026144654088050313
-0.0004006289308176098
0.001871069182389937
-0.00014779874213836526
-0.0022006289308176105
-0.0012044025157232703
0.0005062893081761005
-0.0013729559748427672
-0.001679874213836478
0.0025754716981132076
-0.000689937106918239
-0.0009364779874213838
-0.0010106918238993704
-0.0011716981132075474
-0.0003000000000000004
0.002365408805031447
0.0012383647798742136
0.0003654088050314466
0.002084905660377359
0.00034402515723270464
0.0016773584905660378
9.99999999999999e-05
-0.000783018867924528
-0.003765408805031446
0.0013742138364779871
0.0003553459119496855
0.0003062893081761012
0.004586792452830188
0.001551572327044025
0.0003427672955974839
-0.0032761006289308177
-2.452830188679237e-05
-0.0031000000000000008
0.0008874213836477988
0.0008849056603773591
-0.0010974842767295595
-0.004005660377358491
0.0005088050314465407
-0.002253459119496855
0.0004496855345911951
-0.0024811320754716984
-0.00028238993710691797
-0.00032515723270440215
0.002528930817610063
-0.0005654088050314469
-0.0017893081761006292
0.0005125786163522017
-0.0007641509433962268
-0.0007893081761006286
-0.0013981132075471699
-0.0019050314465408808
-0.0005301886792452834
-0.0006849056603773589
0.0021918238993710692
0.003048427672955975
0.00410377358490566
-0.002569182389937107
-0.003605660377358491
0.0018647798742138363
-0.005110062893081761
-0.0021364779874213837
0.00401069182389937
-0.00021320754716981137
-0.0003540880503144659
-0.0019528301886792452
-0.00046729559748427685
0.0035238993710691824
-0.003989308176100629
-0.0005540880503144656
-0.0025012578616352204
4.4654088050314154e-05
-0.0008308176100628932
0.0007754716981132074
0.0004119496855345907
0.0011465408805031445
0.00033647798742138403
0.00013647798742138362
0.0002509433962264153
0.002176729559748427
0.0017830188679245282
0.001980503144654088
-0.0020987421383647795
0.000791823899371069
-0.0016069182389937104
0.005037106918238995
0.0005654088050314466
-0.0003955974842767298
-0.0024761006289308178
-0.0036018867924528302
-0.0018647798742138363
-0.001213207547169811
0.002627044025157233
-0.0025981132075471695
0.0038786163522012587
-0.0012270440251572323
0.00030125786163522013
-0.0017528301886792455
0.00018679245283018892
0.0028610062893081765
-0.0014119496855345911
-2.9559748427673104e-05
0.0013981132075471699
-0.0001201257861635218
-0.0009062893081761001
-0.00013396226415094312
-0.0006408805031446543
-0.0013012578616352203
-0.0003138364779874216
-2.075471698113241e-05
0.000258490566037736
0.0004962264150943392
0.000683647798742138
0.0032421383647798746
0.0009427672955974838
-0.0012433962264150943
0.0021427672955974834
0.002873584905660377
0.0025566037735849055
-0.0022018867924528305
0.0007817610062893082
-0.0018974842767295595
0.00270880503144654
0.001385534591194969
-0.004211949685534592
-0.0013490566037735847
-0.0007729559748427676
0.0005993710691823898
-0.000616981132075472
0.002035849056603773
-0.0015666666666666667
0.000776729559748427
0.002370440251572327
-0.0006974842767295594
0.002911320754716981
0.001310062893081761
-0.0014962264150943402
-0.0030899371069182382
0.0005817610062893088
0.0025050314465408802
-0.00028867924528301847
-0.003037106918238994
-0.000376729559748428
0.0016672955974842772
-0.0013138364779874214
0.004586792452830189
0.0004496855345911947
-0.0020421383647798736
0.00499308176100629
-0.0008081761006289305
-0.0011515723270440251
0.002166666666666667
-0.004018238993710692
0.005380503144654087
-0.00036037735849056617
0.004536477987421385
0.000658490566037736
-0.0016522012578616355
0.0018018867924528296
-0.0010106918238993704
-0.0003528301886792449
0.0007477987421383645
-0.002063522012578617
-0.002877358490566038
0.0010433962264150944
0.00023207547169811312
-0.002332704402515723
-0.0006823899371069184
-0.0029364779874213836
-0.0024761006289308173
-0.00050251572327044
0.0026270440251572338
0.001211949685534591
0.0027314465408805034
-0.0006522012578616352
-0.00020188679245283057
-0.003354088050314466
0.002593081761006289
0.0022081761006289306
-0.0006698113207547168
-0.0026220125786163527
-0.001984276729559748
-0.0014584905660377362
-0.002037106918238994
0.00015911949685534568
0.0012886792452830192
0.002814465408805031
-0.00013899371069182377
-0.0012622641509433966
-0.0028962264150943404
-0.0020182389937106917
0.0003251572327044023
-0.0011314465408805035
0.00017672955974842722
0.0006408805031446534
0.001188050314465409
-0.0005553459119496854
0.0029993710691823905
-0.0017729559748427672
-4.716981132075445e-05
0.002287421383647799
-0.0002748427672955976
-0.0006874213836477988
0.001628301886792453
0.0010182389937106922
-0.00017295597484276763
0.00023081761006289316
0.000447169811320755
0.001510062893081761
0.0018949685534591192
0.00019559748427673
-0.0001981132075471693
-0.0030396226415094338
-4.4654088050314825e-05
0.0022081761006289315
0.0006547169811320755
-0.0010031446540880505
-0.00018805031446540932
0.0008710691823899374
-0.0024572327044025156
-0.0006660377358490568
0.00360440251572327
0.003169182389937107
-0.0010534591194968558
0.0005566037735849057
9.999999999999982e-05
0.004258490566037735
0.0006685534591194971
0.0027842767295597486
-0.002634591194968553
0.0006974842767295598
-0.00016540880503144632
0.00149748427672956
0.0011327044025157234
-0.0006245283018867928
-0.00013647798742138432
-0.0005025157232704405
0.002738993710691824
0.003791823899371069
0.0017981132075471698
-0.0006911949685534596
9.874213836477965e-05
0.0005075471698113204
0.0010031446540880499
-0.0018006289308176101
0.0003704402515723269
0.001956603773584906
0.003308805031446541
-0.0008962264150943394
0.0018018867924528296
0.0011528301886792461
-0.0013402515723270438
-0.0014874213836477987
0.0005867924528301888
-0.004243396226415094
-0.0018320754716981131
-0.0006320754716981143
0.0017729559748427676
-0.0005163522012578618
-0.0020886792452830187
0.0034232704402515717
0.001175471698113208
-0.002627044025157232
-0.0027628930817610066
0.002965408805031446
0.0009138364779874217
-0.0021138364779874214
-0.0024735849056603774
-0.001663522012578616
0.0006232704402515725
-0.0020031446540880503
-0.0007188679245283019
-0.000228301886792453
-0.00030000000000000003
0.0006106918238993716
0.00022955974842767265
0.0016433962264150949
-0.002672327044025158
0.002344025157232704
-0.0035427672955974845
-0.0006547169811320747
-0.00045094339622641527
-0.002010691823899371
0.0021779874213836477
0.0008748427672955973
0.000759119496855346
-0.0031591194968553465
0.0012547169811320752
0.0019830188679245283
-0.0033578616352201262
0.0013855345911949685
-0.0029188679245283023
0.0023578616352201254
-0.0031842767295597475
-0.00188993710691824
-0.000473584905660377
0.003458490566037736
-0.001461006289308176
0.0010761006289308176
0.0003578616352201258
-0.0008194968553459115
0.002369182389937107
0.0007188679245283011
-0.0007490566037735848
0.0017163522012578608
-0.0010710691823899367
-0.000554088050314465
0.0017465408805031448
-0.00020062893081760995
0.001076100628930818
-0.00046352201257861584
0.003699999999999999
0.0024194968553459123
-0.0038345911949685535
-0.0029150943396226417
0.001369182389937107
0.002019496855345912
-0.00011132075471698148
0.001931446540880503
-0.0023465408805031455
0.0003867924528301891
-0.0003553459119496854
-0.0011893081761006291
-0.002267295597484277
-0.0008144654088050313
0.0006622641509433962
-0.0001364779874213842
0.0012647798742138367
-8.86792452830194e-05
-1.0691823899370765e-05
-0.0019918238993710687
-0.002569182389937107
-0.001966666666666667
0.0018635220125786164
-0.00027610062893081784
-0.0012597484276729563
0.0014911949685534592
-0.0008484276729559746
0.0015553459119496858
-0.00449748427672956
0.0005100628930817608
3.459119496855384e-05
0.0045062893081761
0.00010377358490566065
0.002179245283018868
0.0009176100628930819
-0.0003238993710691823
0.0007616352201257864
-0.00019056603773584866
0.0013301886792452832
-0.000530188679245283
0.0016937106918238993
-0.003584276729559749
-0.0003993710691823902
-0.00419559748427673
-0.0016685534591194971
0.0006723270440251568
-0.0005616352201257863
0.0009503144654088048
-0.0007779874213836479
0.0021226415094339622
0.0011238993710691824
0.002043396226415095
-0.0004547169811320755
-0.0008622641509433962
-0.001448427672955975
0.0015867924528301888
-0.001450943396226415
0.0020509433962264153
0.0027477987421383647
-0.0003905660377358492
-0.001038364779874214
-0.003516352201257861
0.0010484276729559752
0.0003440251572327046
0.0005452830188679246
-0.0009867924528301885
-0.0012446540880503146
0.002427044025157233
0.0002081761006289303
-0.0012069182389937109
0.001658490566037736
0.002083647798742138
-0.0020672955974842776
0.0018761006289308177
0.00014528301886792424
0.0016509433962264145
-0.0026358490566037738
-0.00024339622641509406
-0.00046226415094339666
-0.004791823899371069
0.0027452830188679244
-0.0012874213836477988
0.0012886792452830183
0.00044088050314465424
-0.0002232704402515718
0.0007226415094339627
0.00089874213836478
-0.0033968553459119504
-0.0005591194968553458
0.0029566037735849053
-0.002255974842767295
-0.0007314465408805035
0.0008874213836477988
-0.0012748427672955986
0.0013553459119496857
0.0017364779874213837
0.001289937106918239
-0.0018345911949685532
-0.0008974842767295593
-0.0018006289308176108
-0.004635849056603774
-0.00020314465408805037
0.0017352201257861634
0.0010069182389937108
0.0020144654088050315
0.0021704402515723277
-0.0037880503144654093
-0.002064779874213836
-0.0005490566037735852
0.0006421383647798748
-1.949685534591146e-05
0.0011264150943396225
-0.0009125786163522016
0.0024421383647798742
0.002266037735849057
0.0017415094339622644
0.0003930817610062891
0.002074842767295597
-0.0004911949685534598
-0.0027163522012578615
0.0024119496855345914
-0.0008622641509433966
-0.003822012578616353
-0.0014220125786163522
-0.001991823899371069
-5.8490566037735866e-05
-0.0053339622641509436
0.0015339622641509436
-0.0002484276729559747
0.002308805031446541
0.004102515723270441
0.001142767295597484
-8.867924528301936e-05
-0.0010433962264150944
0.001745283018867925
-0.0024433962264150933
0.0008710691823899371
-0.0033578616352201254
0.001250943396226415
0.001634591194968553
0.0004333333333333334
-0.004575471698113208
-0.0007238993710691823
-0.0013603773584905663
0.0010207547169811316
-0.00012893081761006301
0.00021572327044025173
-0.0006748427672955972
0.0005792452830188674
0.0007805031446540879
-0.0032320754716981133
-0.001328930817610063
-0.0007314465408805031
-0.0016672955974842763
0.0023176100628930813
0.00046100628930817645
5.094339622641507e-05
0.003188050314465408
-0.0007654088050314465
-0.0010647798742138366
0.0022572327044025164
-0.0008773584905660378
0.002388050314465408
0.0002672955974842769
0.0006358490566037737
-0.005149056603773585
-0.0022106918238993713
-0.00029245283018867915
-0.0017603773584905658
-0.003814465408805031
-0.0023503144654088053
0.002981761006289307
0.0006836477987421381
-0.000786792452830189
-0.0013138364779874216
0.002166666666666667
0.0003981132075471697
-0.0022433962264150945
-7.358490566037724e-05
9.496855345911925e-05
-0.002190566037735849
0.001292452830188679
-0.0005578616352201254
-0.0006459119496855344
0.0007050314465408809
-0.0033238993710691823
-0.0011327044025157232
0.0017943396226415098
-0.0004974842767295596
-0.0030911949685534595
-0.0010081761006289307
0.0052094339622641515
4.0880503144654035e-05
-0.00015283018867924534
0.001380503144654088
-1.44654088050316e-05
-0.0009113207547169808
0.003988050314465409
-0.0022937106918238994
0.0014056603773584906
0.0022761006289308177
-0.002135220125786164
-0.0014924528301886789
0.0009264150943396227
-0.0001402515723270441
0.002586792452830189
0.0013918238993710689
-0.003307547169811321
-0.00019182389937106935
-0.0011943396226415095
-0.0020119496855345916
0.0011037735849056607
-0.0017050314465408803
0.00399056603773585
-0.0016924528301886796
-0.0007415094339622641
-0.000418238993710692
0.0013176100628930812
0.0038157232704402523
-0.002654716981132075
0.0007327044025157236
-0.0035993710691823895
-0.0011566037735849057
-0.0016496855345911948
-0.001837106918238994
0.00021949685534591203
9.119496855345893e-05
0.0010056603773584904
0.001110062893081761
0.00349874213836478
0.00430880503144654
0.002542767295597484
0.0008358490566037737
0.0008396226415094344
-0.0006949685534591194
-0.0004522012578616351
-0.0009792452830188676
4.3396226415094446e-05
-0.00219685534591195
0.001576729559748427
0.0003238993710691827
0.0007540880503144649
0.0026144654088050313
-0.0002622641509433961
-0.0003679245283018871
2.2012578616351696e-05
-0.0012559748427672952
3.836477987421354e-05
-0.0032622641509433958
0.0020081761006289305
-0.0009955974842767292
0.0031364779874213833
-0.0008597484276729562
0.0005918238993710696
0.003282389937106919
-0.001630817610062893
0.00270125786163522
-0.0001792452830188679
-0.0007352201257861632
-0.0005188679245283019
0.0008446540880503147
0.0006132075471698114
0.0011716981132075476
-0.0009075471698113207
-0.0009427672955974838
0.0005389937106918238
-0.00025094339622641523
-0.0021377358490566037
-0.000579245283018868
-0.0007075471698113207
0.0010081761006289303
0.00034528301886792404
0.0007893081761006286
-0.0012333333333333337
-0.0012257861635220123
0.001264779874213837
-0.001583018867924528
-0.0002446540880503144
0.0005477987421383647
0.0026874213836477986
-0.0014849056603773582
-0.0005855345911949685
-0.0011188679245283022
-0.002108805031446541
-0.0011100628930817613
-0.0011138364779874216
-0.0026911949685534597
0.0017566037735849054
0.0023050314465408814
-0.0009352201257861636
0.0023855345911949683
-0.0014069182389937112
-0.0005125786163522017
-0.001749056603773585
0.003980503144654087
0.00032264150943396184
-0.0008408805031446543
-0.0018333333333333333
8.364779874213823e-05
-0.0026622641509433955
-0.0008257861635220126
-0.0011792452830188677
0.0010748427672955974
0.0005213836477987421
0.0007402515723270445
-0.0001276729559748425
-0.0006433962264150946
0.0005830188679245282
-0.0010924528301886787
0.004071069182389937
0.0005654088050314467
0.000718867924528302
0.0016396226415094342
0.0016911949685534597
-0.00032893081761006283
-0.0029918238993710687
0.000210691823899371
0.0042924528301886795
-0.0014547169811320755
0.0019754716981132078
-0.00011257861635220108
0.0032194968553459127
0.002674842767295597
-0.0025327044025157245
-5.471698113207538e-05
-0.0014056603773584904
-0.0012723270440251576
-0.002409433962264151
-0.0031427672955974834
-0.0012773584905660374
0.0006169811320754719
0.0011037735849056607
-0.001422012578616352
0.002144025157232705
-0.0013503144654088053
0.0023641509433962263
7.610062893081813e-05
0.002974213836477987
0.002133962264150943
-0.0012408805031446544
0.002425786163522013
-0.0011691823899371066
-0.0006911949685534588
-2.0754716981132232e-05
0.00047106918238993715
-0.0004861635220125783
0.0001503144654088048
0.0013452830188679247
-0.0014320754716981125
-0.001779245283018868
0.0006144654088050317
0.001674842767295597
-0.003567924528301887
0.0005566037735849058
-0.0005830188679245285
-0.0009767295597484273
0.002113836477987422
-0.0009339622641509432
5.974842767295603e-05
-0.0027251572327044024
-0.0034962264150943394
0.002835849056603774
-0.0003062893081761006
-0.0008962264150943397
0.002244654088050315
0.0017037735849056602
-0.001289937106918239
-0.0013553459119496852
-0.003227044025157232
0.0005993710691823901
0.0005578616352201265
-0.00035157232704402486
0.0003540880503144652
0.0025113207547169817
0.001193081761006289
0.006164150943396226
0.002760377358490566
0.0021993710691823897
0.0017754716981132075
0.00011006289308176111
-0.0012962264150943397
-0.0022484276729559747
0.0016333333333333336
-0.0005427672955974841
-0.000281132075471698
-0.00200691823899371
0.001511320754716981
-0.0005729559748427673
0.0018836477987421386
0.0006119496855345917
-0.0017339622641509437
0.0068345911949685536
0.0009691823899371072
-0.00119811320754717
-0.003444654088050314
-0.0012723270440251574
0.0036597484276729565
0.0010836477987421387
-0.0012698113207547169
0.0010333333333333336
-0.0035792452830188675
-0.0008333333333333336
-0.0021830188679245284
-0.00042830188679245253
0.0009767295597484273
-0.0032496855345911946
-0.0023025157232704403
0.0026924528301886796
0.0009540880503144661
0.00037295597484276777
-0.0007238993710691826
-0.0015314465408805035
-0.00169496855345912
-0.0006396226415094343
-0.0033088050314465417
0.0021553459119496854
0.0012911949685534589
0.0008723270440251575
0.002771698113207547
-0.0014647798742138363
-0.001810691823899371
0.0008635220125786162
0.002618238993710692
-0.0019603773584905664
-0.0004710691823899374
0.0016660377358490568
0.003028301886792453
-0.004125157232704403
-0.0044421383647798756
0.0007566037735849059
6.289308176102119e-07
-0.0004761006289308176
0.002127672955974843
-0.0009742138364779873
0.0009289308176100629
0.00349622641509434
-0.0005276729559748426
-0.0007452830188679247
0.00060188679245283
-0.005079874213836479
0.00047232704402515703
0.0029754716981132074
-0.002371698113207548
-0.0004257861635220124
0.0013213836477987426
0.0021452830188679237
0.0009264150943396226
0.00041823899371069183
-0.0006484276729559749
-0.004389308176100629
0.0016635220125786156
-0.0007603773584905654
9.433962264150471e-06
-0.0010924528301886796
-0.00025345911949685484
0.00219937106918239
0.0020886792452830187
0.002240880503144654
0.0025050314465408802
0.0015716981132075476
0.0012144654088050314
-0.0026194968553459124
0.002140251572327044
-0.00012767295597484286
0.0015176100628930818
-0.0011540880503144656
-7.610062893081823e-05
-0.0033327044025157227
-0.0007779874213836481
-0.001454716981132076
0.00014402515723270398
0.0006383647798742132
-0.0013754716981132073
-0.0019754716981132073
-0.0026408805031446552
0.0018685534591194968
-0.0017062893081761005
-0.0027088050314465406
0.0003389937106918243
-0.0024496855345911947
0.00032641509433962285
0.0005113207547169815
0.0013528301886792454
-0.002043396226415095
-0.000981761006289308
-0.0017792452830188682
-0.00011383647798742084
0.0061666666666666675
0.0028861635220125783
-0.0007830188679245286
-0.0005779874213836479
0.0002119496855345916
-0.0001377358490566036
-0.002317610062893082
0.002128930817610063
-0.0011918238993710692
0.00027987421383647814
-0.001366666666666667
-0.003326415094339622
-0.000944025157232704
-0.0021314465408805035
0.0001704402515723273
-0.002889937106918239
0.0009817610062893083
-0.0019968553459119498
-0.0006220125786163529
0.0007578616352201248
-0.0016547169811320754
-0.00019056603773584988
-0.0015364779874213837
-0.0015339622641509433
-0.0015817610062893082
0.001855974842767295
0.0009817610062893085
-0.00035786163522012515
-0.00033144654088050363
0.0007339622641509435
-0.002262264150943396
-0.002610691823899372
0.000650943396226415
0.0008421383647798741
-0.00029622641509433956
0.00046100628930817596
0.000740251572327044
0.0003528301886792455
-0.001541509433962264
-0.0006182389937106919
0.0001440251572327053
0.0011842767295597483
5.0943396226415505e-05
-0.0010761006289308176
0.0008911949685534594
0.00025471698113207537
-0.0007025157232704402
0.0033704402515723265
0.0012081761006289314
-0.0018044025157232704
-0.001105031446540881
0.0003213836477987422
0.0009490566037735843
0.0022748427672955973
-0.003468553459119496
0.0017679245283018855
-0.000986792452830189
0.0004849056603773585
-0.0018509433962264148
0.0008974842767295593
0.0010597484276729555
0.0010949685534591197
0.0008106918238993711
2.578616352201301e-05
0.002624528301886792
0.002386792452830189
0.002766666666666667
-0.0009465408805031438
8.616352201257838e-05
-0.0019113207547169823
0.0009339622641509434
0.00020817610062893058
-0.0002169811320754718
0.0005465408805031446
-0.00011509433962264158
0.00039182389937106966
-0.0020522012578616353
-0.0027578616352201264
-0.0012333333333333332
0.0001176100628930812
0.0014522012578616354
-0.003349056603773585
0.000976729559748428
0.0011377358490566034
-0.0023465408805031437
-1.8238993710692258e-05
-7.358490566037763e-05
0.004073584905660377
0.001941509433962264
0.0017025157232704398
-0.005634591194968554
-0.00013018867924528265
-0.0005792452830188679
0.0011037735849056603
0.002872327044025157
-0.0002849056603773587
4.402515723270479e-06
0.0004132075471698112
0.001375471698113208
-0.001053459119496855
0.0017792452830188675
-0.00033647798742138387
0.0003905660377358488
-0.0017276729559748427
0.0008257861635220128
0.0006069182389937101
0.0035842767295597476
0.0016974842767295592
-0.0026308176100628927
-0.00015408805031446554
0.0011163522012578614
-0.0006874213836477989
0.0018622641509433964
0.0016408805031446541
7.861635220125784e-05
0.00429874213836478
-0.002784276729559748
-0.0013050314465408806
0.0007553459119496851
0.0023201257861635216
-3.4591194968553314e-05
0.0003238993710691825
0.002320125786163523
-0.003337735849056604
-0.0008283018867924525
-0.0006044025157232703
-0.0019088050314465404
-0.0003981132075471697
0.0014056603773584908
-0.001120125786163522
-0.001193081761006289
-0.0005503144654088047
-0.0010798742138364787
0.0008484276729559748
8.742138364779938e-05
-0.0009389937106918238
0.0011704402515723272
0.0005201257861635224
0.0024899371069182397
-0.0014849056603773582
-0.002882389937106918
-0.003935220125786164
0.00019182389937106865
0.0009817610062893079
0.001882389937106919
-0.00037672955974842796
-0.0008899371069182391
0.0002446540880503143
-0.0031138364779874214
0.0014169811320754715
0.0005138364779874213
-0.001429559748427673
-0.00012893081761006247
-0.0006723270440251571
0.0020584905660377363
0.00269622641509434
-0.00047232704402515725
-0.0027817610062893083
0.001703773584905661
0.003015723270440252
-0.0012597484276729558
-0.00010503144654088058
0.004042138364779874
0.0003905660377358491
-0.002025786163522013
0.0004371069182389935
0.000556603773584906
-0.002461006289308176
-0.0014270440251572326
-0.00037924528301886746
-0.00036792452830188693
0.0011301886792452836
0.00027735849056603724
0.0006911949685534591
0.0018446540880503145
-0.00037798742138364774
-0.0019264150943396228
-0.0015654088050314472
0.00169496855345912
0.0029327044025157234
-0.0008874213836477985
-0.0012911949685534586
-0.0026559748427672962
0.0016647798742138364
0.0001465408805031446
0.0017716981132075468
-0.0005880503144654093
0.0025955974842767292
0.0028270440251572334
0.0010333333333333334
-0.0024886792452830193
0.0008220125786163521
-0.00014025157232704384
0.003379245283018868
-0.0008157232704402518
-0.0027616352201257862
-0.0003654088050314464
0.0024723270440251575
-0.0004006289308176101
0.0032194968553459122
-0.00350251572327044
-0.0017037735849056602
0.0017201257861635224
0.0011176100628930812
0.0019566037735849052
0.00038930817610062935
1.1949685534591276e-05
0.0025968553459119496
-6.477987421383633e-05
0.0035893081761006296
0.003615723270440252
0.0014471698113207546
0.0002786163522012579
0.0012685534591194967
0.0011452830188679241
0.002908805031446541
-0.00046100628930817596
-0.0011012578616352204
0.0011188679245283015
0.000352830188679245
0.0005251572327044022
-0.00011886792452830206
0.0009955974842767296
0.0014496855345911945
0.00017421383647798727
-0.0012446540880503146
0.0002132075471698113
0.0014949685534591196
0.0012094339622641514
-0.002385534591194969
0.0009981132075471701
0.0014635220125786168
-0.0006018867924528305
-0.0024257861635220133
-0.0005981132075471692
0.0013352201257861638
0.0012723270440251572
0.0009641509433962261
-0.0024308176100628935
-0.0006723270440251571
-1.1949685534591276e-05
-0.002672327044025157
0.00031886792452830214
0.0014786163522012583
0.00024213836477987417
-0.0006861635220125792
0.0019528301886792452
0.002588050314465409
0.0001188679245283017
-0.00460188679245283
-0.0023352201257861634
0.002369182389937107
-0.002414465408805032
-0.0015176100628930826
-0.00018050314465408858
0.001964150943396227
-0.0005427672955974844
0.00013018867924528333
0.0009968553459119497
-0.0012660377358490564
-0.001614465408805032
-0.0021477987421383645
0.000472327044025157
0.0008836477987421381
8.113207547169852e-05
-0.003736477987421384
0.004394339622641509
0.00010377358490566012
-0.00200188679245283
0.0004006289308176101
0.0004899371069182388
0.002213207547169811
0.002506289308176102
0.0024358490566037737
-0.002357861635220126
-0.0008144654088050312
-0.0011213836477987418
0.0014786163522012578
2.075471698113219e-05
-0.002894968553459119
0.0009691823899371075
0.001359119496855346
0.0006559748427672958
-0.0006496855345911951
1.8238993710692085e-05
0.0013062893081761014
-0.0004522012578616348
0.0025704402515723274
0.0013540880503144653
-0.0010006289308176106
5.345911949685548e-05
-0.0007025157232704401
-0.002179245283018868
-0.003235849056603774
0.003700000000000001
-0.003009433962264151
-0.0034207547169811323
0.00046981132075471683
0.0032836477987421386
0.0016396226415094346
0.0003025157232704401
0.001793081761006289
-0.0016069182389937108
-0.0011729559748427673
-0.0024207547169811314
-0.002308805031446541
0.00021823899371069215
0.002712578616352201
-0.0005603773584905663
-0.0022710691823899375
0.0018597484276729561
0.0014698113207547172
-0.001271069182389937
0.0009540880503144658
0.0022723270440251566
-0.0003943396226415095
-0.0022345911949685536
0.0009163522012578614
-0.0027905660377358496
0.0009327044025157231
-0.0007364779874213836
-0.0021955974842767295
0.003871069182389938
0.00014150943396226446
-0.00046477987421383697
-0.0014534591194968554
0.0014710691823899373
-0.0015515723270440253
0.0007528301886792453
-0.002008176100628931
0.0013993710691823905
-0.001030817610062893
0.00036792452830188693
0.0006987421383647795
0.00023710691823899412
-0.0004408805031446537
0.0028433962264150935
0.004940251572327045
-0.002975471698113208
0.004117610062893082
-0.0056937106918239
0.005332704402515723
2.7044025157233085e-05
-0.0007553459119496855
-0.0019226415094339628
-0.0018685534591194968
-0.0004597484276729556
0.0011075471698113206
-0.0022899371069182387
-0.0018471698113207546
0.0013867924528301891
-0.00209874213836478
0.003723899371069182
0.0002371069182389943
0.0012207547169811321
-0.0039465408805031445
0.003515094339622641
-0.00021698113207547189
-0.0016018867924528304
-0.00027106918238993695
-0.000577987421383648
0.00013522012578616338
0.002112578616352201
-0.0017138364779874216
0.003223270440251573
0.00013522012578616352
0.002932704402515723
0.0009968553459119495
0.001326415094339622
-0.0016547169811320763
-0.00030125786163521997
-0.0030685534591194967
-0.0015540880503144654
0.002332704402515723
7.106918238993662e-05
0.001380503144654088
0.0002735849056603773
-0.000576729559748428
0.0023100628930817608
-0.0010773584905660375
0.001703773584905661
0.0029943396226415095
-0.0024245283018867934
-0.0005792452830188681
0.00013396226415094288
-0.0018584905660377357
0.001079874213836478
-3.9622641509434225e-05
0.0008849056603773587
0.00014528301886792468
-0.00018553459119496872
0.000516352201257862
0.0023993710691823903
0.0012371069182389937
0.0023226415094339623
0.0015201257861635212
-0.0010245283018867923
-0.001749056603773585
-0.0019779874213836477
0.0007893081761006292
-0.0016647798742138369
0.0008069182389937112
0.0020459119496855343
-0.001292452830188679
-0.0028786163522012587
-0.00389874213836478
-0.0005452830188679246
-0.0026031446540880497
0.006629559748427673
0.0011264150943396225
0.001389308176100629
0.0028220125786163524
-0.0003503144654088052
0.0007729559748427671
0.0019691823899371064
-0.0011150943396226415
0.0006509433962264141
-0.0003930817610062891
-0.0006257861635220123
0.003222012578616352
0.00016289308176100614
-0.00038427672955974824
-0.0008522012578616353
-0.0011943396226415089
4.465408805031496e-05
0.0035654088050314477
-0.00179811320754717
-0.0037025157232704405
-0.001952830188679246
-0.00033773584905660365
-0.0012358490566037733
-0.0018874213836477989
0.0038572327044025154
0.0019578616352201256
0.0010119496855345914
0.0033842767295597484
-0.003735220125786164
-0.002181761006289308
0.0007880503144654088
-0.0029452830188679254
0.001409433962264151
0.00011006289308176066
-0.0006446540880503141
-0.003550314465408805
0.0003792452830188681
-0.0015012578616352202
-0.0050283018867924535
6.226415094339618e-05
-0.0026509433962264156
0.0018660377358490565
-0.002380503144654088
-0.0011704402515723272
-0.002964150943396226
0.002727672955974843
0.0027125786163522017
-0.001663522012578616
-0.0036144654088050322
0.00042704402515723297
0.001693710691823899
-0.0025603773584905653
-0.0018584905660377357
0.002453459119496856
4.088050314465369e-05
-0.0018610062893081765
-0.002565408805031447
-0.0006836477987421385
-0.0017842767295597486
-0.0012861635220125787
0.0019628930817610067
-0.001464779874213836
0.0027515723270440254
-0.0013515723270440256
0.0030194968553459126
0.0015339622641509433
-0.0014660377358490565
0.004130188679245282
-0.0007553459119496857
-0.00017924528301886835
0.0019125786163522015
-0.002625786163522013
0.001223270440251572
0.00230503144654088
-0.001487421383647799
-0.0007264150943396228
-0.00130251572327044
0.00033018867924528304
0.0003389937106918239
-0.0028861635220125787
0.0011352201257861638
-0.00160566037735849
0.0021188679245283015
0.0006006289308176105
0.0005830188679245288
0.0023062893081761005
-0.003359119496855346
0.0014534591194968547
0.002272327044025157
-0.0007176100628930813
0.0027855345911949685
-0.0016283018867924526
-0.0006320754716981135
2.7044025157233e-05
0.0010647798742138368
-0.0007289308176100629
0.001561635220125786
-0.0019276729559748428
-0.0006949685534591193
-0.0001955974842767298
-0.0007779874213836479
-0.0007163522012578616
0.0026433962264150943
-0.0023704402515723273
0.0018106918238993703
0.0006584905660377357
0.002488679245283018
0.0010333333333333334
2.3270440251572644e-05
0.0011264150943396229
-0.0009905660377358492
-0.00140314465408805
-0.0020459119496855343
-0.00046100628930817596
-0.0034433962264150937
-0.0007238993710691821
0.0033226415094339623
0.0016748427672955977
0.0014496855345911951
-0.00025345911949685565
0.0011402515723270437
0.0019138364779874208
-0.001243396226415094
-0.0010270440251572326
-0.0005226415094339617
0.0004182389937106921
0.0030245283018867928
0.0025842767295597485
-9.622641509433932e-05
4.968553459119456e-05
-0.0009238993710691826
-0.0004672955974842767
0.0033113207547169807
-0.002843396226415095
-0.001327672955974843
1.5723270440251412e-05
0.0030635220125786165
-0.00039182389937106907
0.0020622641509433965
0.0004245283018867925
-0.0006169811320754718
-0.0013503144654088048
0.002029559748427673
0.0004974842767295595
0.0004220125786163521
0.0036786163522012586
0.0013981132075471694
-0.002176729559748428
0.0022345911949685536
-0.00220440251572327
-0.0013805031446540886
0.0027654088050314465
-3.4591194968553666e-05
-0.0014257861635220126
-4.4654088050314696e-05
-0.00017547169811320804
0.003723899371069183
-0.0004911949685534591
-0.0018534591194968558
0.0036836477987421384
0.00012767295597484313
-0.0008647798742138362
0.00041949685534591226
0.005406918238993711
0.0006358490566037732
0.0036270440251572325
-0.00016666666666666647
0.0014572327044025152
0.0019012578616352206
-0.001271069182389937
0.0031628930817610055
0.0014748427672955974
0.0010232704402515728
-0.0006106918238993707
-0.0012421383647798741
0.00027610062893081746
-0.0015930817610062898
0.0005490566037735845
0.0004547169811320753
0.001927672955974842
-0.0009452830188679248
0.0015729559748427673
0.0038685534591194975
-0.0013088050314465406
-0.0025679245283018867
0.00034654088050314446
-0.0018811320754716977
-2.2012578616352482e-05
0.00250125786163522
0.0007201257861635219
-0.00032515723270440286
0.000971698113207547
0.0003301886792452833
-0.00033899371069182375
0.003115094339622641
0.0013654088050314463
-0.001532704402515723
0.0014773584905660381
0.00240188679245283
-0.0014559748427672955
-0.001448427672955975
0.001105031446540881
0.00270251572327044
0.0028182389937106917
-0.0033905660377358494
0.0004798742138364783
-0.0004798742138364774
-0.0002459119496855345
1.9496855345911986e-05
-0.0017477987421383647
-0.00023584905660377424
3.836477987421415e-05
-0.002994339622641509
-0.00038930817610062897
-2.075471698113258e-05
0.003209433962264151
0.00022452830188679244
-0.0009754716981132076
0.0027327044025157233
-9.119496855345893e-05
0.000191823899371069
0.0008761006289308175
-0.004083647798742139
-0.00010880503144654104
0.002395597484276729
-0.0010207547169811318
-0.0003176100628930815
0.0029364779874213836
0.00129622641509434
0.0008421383647798736
-0.0007138364779874219
-0.0018433962264150935
-0.0005641509433962264
-0.001956603773584906
0.0005893081761006283
-0.002528930817610063
0.0007716981132075469
-0.001127672955974843
0.0021389937106918245
0.0006396226415094339
-0.00032641509433962285
-9.496855345911951e-05
-0.002791823899371069
-0.001261006289308176
0.0002698113207547171
-0.0010622641509433963
-0.0006106918238993714
0.0018597484276729563
-0.0028018867924528307
-0.0015893081761006284
-0.0025062893081761006
0.0002974842767295596
0.001181761006289308
0.00016540880503144632
0.0011905660377358495
-0.0013490566037735851
0.003006918238993711
-0.0026245283018867926
-0.000583018867924528
-0.002308805031446541
0.00019937106918238963
0.0009176100628930816
-0.0011842767295597483
-0.002632075471698114
-0.0010157232704402516
-0.0024308176100628926
-0.0003943396226415098
0.0009000000000000001
0.0014635220125786164
-0.00179433962264151
-0.0010823899371069181
-0.0018484276729559745
0.0009012578616352197
0.00033018867924528304
0.0008836477987421388
-0.00023081761006289375
-0.0011213836477987425
-0.0031226415094339627
0.0014270440251572326
0.0030647798742138364
0.0016207547169811323
-0.0006106918238993708
4.591194968553477e-05
0.001769182389937107
-0.0003729559748427674
-0.0005729559748427677
-0.00180440251572327
0.0032849056603773586
0.0005213836477987423
0.0010245283018867925
0.00046100628930817553
0.0021754716981132083
0.00029874213836478025
-0.000267295597484277
-0.002377987421383648
-0.00016918238993710648
-0.0012911949685534593
-0.00033018867924528277
-0.0010358490566037741
-0.0002534591194968545
-0.0016446540880503142
-0.0010886792452830187
0.0016031446540880504
0.001240880503144654
0.0011918238993710696
-0.0014396226415094343
-0.00028993710691823955
-0.0005792452830188678
-0.0007440251572327046
-0.0017389937106918234
0.0009125786163522005
0.0008962264150943394
-0.0005251572327044024
-0.00109874213836478
0.0022396226415094334
0.0011314465408805029
-0.00014276729559748434
0.0004584905660377357
-0.0028018867924528303
0.0008735849056603775
-0.0017188679245283018
0.00027987421383647874
0.0015402515723270443
0.0029515723270440255
-0.0009402515723270442
-0.001610691823899371
0.0008459119496855345
-0.0025830188679245285
-0.0029389937106918244
-0.0016044025157232703
-0.0004056603773584904
-0.002571698113207547
0.0008371069182389933
-0.005064779874213835
-0.002867295597484277
-0.0011968553459119496
0.00042201257861635214
0.0005943396226415098
-0.0012987421383647794
0.0005050314465408805
0.000839622641509434
0.001733962264150943
-0.00029622641509434
-0.0018660377358490565
0.0017968553459119495
0.0023742138364779876
0.0017075471698113208
-0.0009075471698113208
-0.0016345911949685542
0.0005176100628930819
-0.0051654088050314476
-0.002822012578616352
0.002268553459119497
0.0002610062893081765
-0.005054716981132076
-0.0009893081761006292
-7.610062893081734e-05
-0.0028635220125786164
0.0007226415094339628
-0.0012698113207547173
-0.00200440251572327
0.0010911949685534596
-0.0014685534591194968
-0.0023729559748427676
-0.0027427672955974854
-0.003428301886792453
-0.0007842767295597483
-0.0006786163522012579
0.0014635220125786164
0.0004761006289308178
0.001223270440251572
-0.000932704402515723
-0.0007364779874213839
0.0013641509433962265
0.0015050314465408804
0.0020597484276729558
-0.003257232704402516
0.002949056603773585
0.0018232704402515712
0.0024358490566037732
-0.00021320754716981158
-0.0008748427672955975
0.0009528301886792454
0.00010628930817610054
-0.0006459119496855348
0.0025742138364779872
-0.002848427672955975
-0.003940251572327045
-1.1949685534591101e-05
0.00269874213836478
-0.0026207547169811323
0.0012459119496855341
0.0013238993710691822
-0.0011327044025157239
-0.0021855345911949682
-0.00310503144654088
0.004694968553459121
-0.0021528301886792455
-0.0006710691823899369
-0.0009981132075471692
0.0011238993710691828
-0.0026974842767295603
-0.0005163522012578612
0.0012459119496855346
0.0014421383647798746
0.001716352201257861
0.00029119496855345883
-8.742138364779836e-05
0.0015566037735849053
-0.0007955974842767297
-0.0029566037735849057
-0.0030786163522012583
-0.0012031446540880497
-0.001083647798742138
0.001679874213836478
0.0007264150943396229
0.0017314465408805031
0.0011276729559748433
0.003961635220125786
0.0007855345911949686
0.0007654088050314468
-0.000750314465408805
-2.452830188679202e-05
-0.0013528301886792454
0.00419811320754717
-0.00030377358490566033
0.001634591194968553
0.0013050314465408808
0.0009616352201257864
0.0014547169811320755
0.0006358490566037743
-0.0012559748427672954
0.00400943396226415
0.0013880503144654088
-0.002516352201257862
0.0018144654088050314
-0.0018433962264150945
-0.0030672955974842763
-0.0007025157232704405
0.0011805031446540878
0.0005301886792452825
0.0022874213836477984
0.0012471698113207543
0.002336477987421384
0.0015805031446540882
0.0020798742138364787
0.0004924528301886786
-0.001468553459119497
-0.0006383647798742139
-0.003710062893081761
-0.00024339622641509481
-0.0028459119496855355
0.0005616352201257864
0.0016937106918238993
0.003271069182389937
-0.0015000000000000002
-0.0016987421383647802
-0.0002509433962264155
0.003744025157232704
0.0021377358490566037
0.0006018867924528303
-0.0009490566037735855
0.0006207547169811324
0.001136477987421384
0.003013207547169812
0.004117610062893082
0.0004081761006289311
0.0005716981132075464
0.0029503144654088047
0.0005327044025157233
0.004632075471698113
0.0008383647798742139
0.0028559748427672955
-0.0007201257861635225
-0.003930188679245283
0.003567924528301887
0.0002660377358490568
-0.0005364779874213831
-0.0017000000000000003
-0.003586792452830189
0.00012767295597484232
0.0021603773584905656
0.003337735849056604
0.0004660377358490566
-0.0022811320754716983
0.00013522012578616344
0.0007591194968553458
0.0008509433962264157
0.001120125786163522
-0.0004949685534591196
-0.0009918238993710693
0.0020710691823899374
0.0035553459119496856
-0.0012622641509433966
-0.0014006289308176102
-0.0019188679245283028
-0.0015314465408805033
-0.0013364779874213838
-0.00018301886792452857
0.0004572327044025154
0.0001465408805031446
0.0005163522012578617
-0.0017050314465408803
-0.0001578616352201254
0.0026081761006289303
-9.874213836478013e-05
0.000786792452830189
-0.0030635220125786173
-0.0010584905660377358
-0.0016031446540880504
0.000619496855345912
0.0020735849056603777
-0.00042327044025157224
-0.0014522012578616352
0.0016006289308176098
-0.0028446540880503147
0.0014144654088050317
0.0023679245283018866
9.874213836478008e-05
0.002674842767295598
-0.001453459119496856
-5.66037735849099e-06
-0.005806918238993711
-0.0012660377358490564
0.0009364779874213835
0.005467295597484278
0.001555345911949686
-0.0022056603773584907
-0.0028698113207547174
-0.001027044025157233
-0.0011025157232704404
-0.0008949685534591192
0.002326415094339622
0.0017817610062893082
0.0014207547169811316
0.0017377358490566033
-0.00016415094339622613
-0.004156603773584906
-0.0006547169811320753
-0.0013402515723270445
0.0009150943396226413
-0.001166666666666667
0.0004245283018867932
-0.0006534591194968551
0.001855974842767295
0.0024949685534591194
-0.001361635220125787
-0.00030377358490566055
-0.0015238993710691828
-0.0022044025157232703
-0.0031981132075471694
-0.0001930817610062898
-0.0025880503144654087
0.001489937106918239
0.0019528301886792452
0.000849685534591195
0.0005113207547169811
0.0008584905660377357
0.0013817610062893085
-0.00027106918238993657
-9.748427672955957e-05
-0.0019238993710691827
0.0035628930817610065
0.000616981132075472
0.00020817610062893037
0.0011251572327044025
0.0006471698113207545
0.001247169811320755
0.0027742138364779878
-0.00033899371069182353
-0.0008144654088050312
0.0006534591194968551
-0.0010257861635220127
-0.00015283018867924485
0.003721383647798742
0.0006823899371069179
0.002872327044025158
0.001360377358490566
-0.0018194968553459122
0.0025981132075471695
-0.0007691823899371072
0.0012660377358490568
0.0012773584905660374
0.003044654088050315
-0.0013666666666666662
1.069182389937155e-05
0.0021364779874213833
0.001808176100628931
-0.002063522012578615
-0.001413207547169811
0.0008849056603773582
-0.001350314465408805
-0.0010509433962264142
-3.333333333333359e-05
-0.0010811320754716982
-0.0005654088050314464
0.0015842767295597482
-0.0029578616352201256
0.0001968553459119495
0.002284905660377358
-0.004864779874213837
0.0027591194968553463
-0.002145283018867924
0.0026748427672955975
-0.0006974842767295599
0.0021364779874213837
-0.00017924528301886783
-0.0025905660377358495
0.003406918238993711
0.0012371069182389937
-0.0014081761006289305
0.0006924528301886793
-0.0010358490566037732
-0.00048364779874213886
-0.0005251572327044028
0.0019251572327044027
0.00021320754716981158
0.0031729559748427684
0.0020044025157232703
-0.0025805031446540887
-0.0006974842767295598
-0.0028773584905660374
0.0014295597484276729
0.0012295597484276732
0.0026371069182389937
-0.00043710691823899367
0.00040691823899371055
0.0002773584905660381
-0.0017528301886792455
0.002059748427672956
-8.113207547169834e-05
0.002437106918238993
-0.0004584905660377363
0.002515094339622642
0.0018320754716981131
0.004149056603773585
0.0048333333333333344
-0.0013427672955974846
0.0019440251572327048
0.003945283018867925
-0.001915094339622642
-0.0007339622641509436
-0.0009352201257861642
0.0013578616352201258
0.0018484276729559752
0.0017867924528301884
0.004108805031446541
-0.001518867924528302
0.0004773584905660376
-0.0018522012578616358
-0.0002522012578616352
-0.0007062893081761009
0.0011025157232704406
-0.001239622641509434
-0.00059937106918239
0.00149622641509434
-0.0005817610062893081
-0.0015918238993710694
-0.0013415094339622642
0.0021767295597484287
-0.0007490566037735851
-0.00020188679245283038
-0.0004962264150943398
0.0033616352201257865
-0.0015654088050314464
0.00035031446540880504
0.0022849056603773577
-0.00259559748427673
-0.00200062893081761
0.001438364779874214
-0.001218238993710692
-6.477987421383641e-05
0.0023943396226415096
-0.004234591194968554
-0.0002974842767295603
0.0008849056603773581
-0.0015377358490566045
-0.0020924528301886794
-0.00026477987421383666
0.0024685534591194973
-0.0009666666666666663
-0.0037264150943396228
-0.0010031446540880507
-0.0017100628930817605
-0.0016396226415094335
-0.0021867924528301886
-0.003401886792452832
0.0021176100628930816
0.0006874213836477991
0.0016811320754716984
0.0003817610062893081
-0.0009314465408805032
-0.002751572327044025
0.00028993710691823884
0.0007867924528301884
0.000967924528301887
-0.0035830188679245294
0.0006949685534591194
7.23270440251573e-05
0.001614465408805032
0.0003238993710691825
0.0031842767295597483
0.003491194968553459
0.001677358490566038
0.0027830188679245286
-0.0010446540880503141
0.0006849056603773591
-1.5723270440250887e-05
0.0032660377358490564
0.0031339622641509434
-0.0015905660377358484
-0.0007314465408805029
-2.5786163522012706e-05
0.0024949685534591194
0.0003679245283018872
0.0005465408805031449
0.0022157232704402515
-0.002050943396226415
-0.001170440251572327
-0.0006610062893081756
0.00012138364779874177
0.004159119496855346
0.0022320754716981133
-0.0026459119496855346
0.0017679245283018865
0.0018459119496855348
0.0018534591194968551
0.0022547169811320757
-0.0014144654088050314
0.00022452830188679233
0.002505031446540881
0.0010433962264150946
0.0012635220125786165
-0.0007603773584905666
9.496855345911951e-05
-0.000918867924528302
0.004025786163522014
5.220125786163506e-05
-0.00023207547169811323
0.0002836477987421383
-0.001327672955974843
0.003689937106918239
-0.002741509433962264
0.0013528301886792458
0.002882389937106918
7.987421383647762e-05
-0.0007981132075471699
0.002376729559748428
0.0016371069182389935
-0.0021704402515723277
-0.0009452830188679245
-0.00022704402515723304
0.002049685534591195
-0.0009591194968553461
-0.0010937106918238995
0.0015880503144654085
-0.002722641509433962
0.000723899371069182
-0.0007201257861635225
-2.0754716981131534e-05
-0.0006358490566037734
0.0017452830188679244
-0.0010861635220125788
0.001962893081761006
-0.0013389937106918239
0.00019182389937106935
0.0013201257861635218
0.0034270440251572337
0.0013314465408805027
0.003638364779874214
0.0010811320754716977
0.0007075471698113211
7.610062893081744e-05
-0.0001880503144654087
-0.00270503144654088
0.002327672955974841
7.735849056603755e-05
-0.001410691823899371
-0.0009301886792452828
0.0005930817610062889
-0.002649685534591195
-0.0010257861635220124
-0.002008176100628931
-0.0005389937106918243
-0.00020817610062893085
-0.0013352201257861632
-0.0006647798742138373
-0.0008547169811320758
0.00020817610062893075
0.0029855345911949686
0.0013050314465408806
-0.0028635220125786164
0.0002572327044025153
-0.0008610062893081763
-0.0008421383647798736
0.002245911949685535
0.00035157232704402486
-0.0008974842767295601
-0.0003138364779874213
-0.0017000000000000003
-0.0003163522012578611
0.001552830188679245
0.0005842767295597488
0.0024496855345911947
0.0005000000000000001
-0.004767924528301887
0.00041572327044025163
-0.0015238993710691823
0.0031415094339622644
0.0001603773584905661
0.0010182389937106917
-0.0006044025157232709
-0.0013427672955974848
0.0026962264150943395
0.0027314465408805025
-0.0004962264150943393
0.00035408805031446545
0.0013993710691823898
0.002717610062893082
-0.0019465408805031446
0.002140251572327044
-0.0017062893081761013
-0.0012886792452830188
-0.0008232704402515729
-0.0011729559748427673
-0.0012861635220125785
0.0008534591194968549
-0.0029654088050314466
-0.0005930817610062893
-0.0030081761006289314
-0.0020207547169811316
0.0009289308176100627
-7.735849056603795e-05
-0.0007742138364779875
0.0011427672955974845
-0.002276100628930818
0.002510062893081761
-0.004213207547169811
0.001819496855345912
0.0014358490566037739
0.002337735849056604
0.0005553459119496855
-0.00180188679245283
-0.0005867924528301892
-0.0003427672955974837
0.00047987421383647775
0.0007691823899371066
-0.0007893081761006289
0.002261006289308176
0.003326415094339622
-0.001151572327044025
0.0010383647798742136
-0.00040062893081761037
-0.0011415094339622647
0.001322641509433962
0.0016308176100628933
0.0015930817610062895
0.0003113207547169814
-0.000479874213836478
0.00337798742138365
-0.00048616352201257803
0.0014182389937106915
0.0016874213836477994
0.00041320754716981105
0.0002358490566037731
0.001816981132075472
0.0015188679245283021
0.0014308176100628941
-0.0016433962264150942
-0.0038773584905660388
0.0015477987421383644
-0.0006547169811320752
-0.0006798742138364781
-0.0011364779874213835
-0.002960377358490567
-0.0030069182389937115
-0.0007389937106918243
0.0002836477987421383
0.001545283018867925
-0.00033018867924528304
-0.0014421383647798742
0.0008723270440251576
-0.002003144654088051
-0.002492452830188679
0.0030987421383647795
-6.226415094339662e-05
-2.3270440251572295e-05
-0.0004496855345911947
0.0005276729559748423
-0.0006484276729559747
-0.0013062893081761005
-0.000291194968553459
0.0011905660377358493
0.00011886792452830206
0.002388050314465409
0.0012433962264150938
0.0005603773584905663
-0.0005176100628930814
-0.002096226415094339
0.0032207547169811313
-0.0013012578616352203
-0.0019201257861635225
-0.003238364779874214
-0.0012333333333333337
0.00023836477987421376
0.0012283018867924526
0.002819496855345912
0.0023943396226415096
0.0006823899371069184
0.001513836477987422
0.0013767295597484277
0.0017050314465408805
0.000268553459119497
0.00279182389937107
0.002049685534591195
-0.0028748427672955976
-0.00026855345911949653
-0.001083647798742138
0.000855974842767296
-0.0001289308176100627
0.0009603773584905664
-0.0023830188679245285
0.002188050314465409
-0.0008911949685534596
0.0012270440251572327
-0.0014245283018867922
0.0006396226415094336
0.002287421383647799
0.0027339622641509437
-0.0004157232704402517
-0.0014761006289308182
-0.0003666666666666666
0.00027232704402515727
-0.0005754716981132078
-0.00044591194968553443
-0.00019056603773584928
-0.0014308176100628926
0.0004471698113207547
0.0006597484276729562
-0.002035849056603774
0.0008119496855345912
-0.0006207547169811322
-0.001688679245283019
-0.00042327044025157256
0.0008182389937106914
0.0002597484276729566
3.962264150943431e-05
-0.0011113207547169812
-0.0010018867924528301
-0.00019433962264150958
0.0014232704402515723
-0.0008270440251572333
0.0019628930817610062
0.0013389937106918239
-0.0021704402515723272
-0.0024069182389937108
-0.0005389937106918238
0.0011100628930817609
-0.0005716981132075469
0.0037138364779874217
-0.005540251572327044
0.0017075471698113213
-0.0009930817610062893
-0.0006672955974842769
0.0001867924528301884
0.0005113207547169809
-9.999999999999982e-05
0.0028647798742138368
-0.002583018867924528
-0.0028685534591194974
0.0008484276729559749
0.00048238993710691817
-0.0009264150943396227
0.0012622641509433964
-0.0006119496855345913
0.0030572327044025155
-0.0016132075471698114
0.0031477987421383653
-0.0018610062893081765
0.002944025157232704
0.0005540880503144656
-0.002820754716981132
-3.2075471698113166e-05
0.0002094339622641511
0.0003377358490566039
0.0032849056603773577
-0.0020157232704402514
-0.00023584905660377361
0.0023880503144654095
-0.0014257861635220126
0.0005163522012578614
-0.003062264150943396
-0.0019201257861635214
0.0009955974842767298
-0.0031641509433962263
-0.0029301886792452827
0.001061006289308176
0.00016540880503144648
-0.0006295597484276733
-0.00036666666666666645
-0.002510062893081761
0.0008283018867924531
-0.0014710691823899376
0.0024408805031446543
0.004503773584905661
0.0014547169811320755
-0.0008748427672955981
0.0026735849056603767
-0.002980503144654089
-0.0004433962264150947
0.0025389937106918246
-0.0016773584905660373
0.00439685534591195
0.0003339622641509438
0.00027987421383647814
-0.0013050314465408806
0.0013314465408805032
0.0011125786163522012
-0.0009465408805031448
-0.0030459119496855343
0.001320125786163522
0.0014723270440251577
5.597484276729563e-05
-0.005342767295597485
0.00017924528301886827
0.0011301886792452823
-0.00047358490566037713
-0.0006660377358490569
-0.00012893081761006266
0.002761635220125787
0.0006572327044025159
0.001232075471698113
-0.0030610062893081766
0.0015540880503144656
0.0017603773584905663
0.0018987421383647803
0.002391823899371069
-0.002253459119496855
-0.0030899371069182387
-0.0029515723270440246
-0.0013779874213836476
-8.867924528301879e-05
0.0012484276729559742
0.0016786163522012573
0.001930188679245283
-0.0014899371069182394
0.0008572327044025159
-0.0020396226415094337
0.00033018867924528304
-0.0023251572327044026
-0.001472327044025157
-0.0011918238993710688
0.0011301886792452838
0.0020182389937106917
0.002083647798742139
0.0005062893081761006
0.0008421383647798744
0.004149056603773585
-0.0017968553459119495
-0.00240188679245283
0.0005125786163522017
-0.004244654088050315
-0.0019477987421383646
-0.0014056603773584908
-0.0009452830188679247
-0.002624528301886793
0.0011276729559748428
0.0013276729559748425
0.0001415094339622641
-0.0008748427672955975
0.0007779874213836475
0.0015251572327044027
0.0004811320754716977
-0.00041823899371069167
0.0008132075471698109
0.0016169811320754727
0.0017213836477987428
0.0004849056603773587
0.0025591194968553454
-0.0032773584905660376
0.0008471698113207552
0.002434591194968554
-0.00014276729559748423
0.0033867924528301887
-0.0023943396226415096
-0.001862264150943396
0.0016899371069182389
0.0012194968553459118
0.0035578616352201263
0.00050251572327044
-0.000861006289308176
-0.00012641509433962287
-0.0020358490566037735
0.0007402515723270445
-0.0012849056603773583
-0.0012182389937106918
-0.0011993710691823904
0.003023270440251573
0.0015767295597484275
0.002042138364779874
-0.0005427672955974845
0.0036081761006289312
0.002676100628930818
-0.0009490566037735852
0.0014006289308176095
-0.0006723270440251568
-0.0018522012578616352
0.002433333333333333
0.0038547169811320747
-0.0020761006289308176
-0.0008220125786163523
-0.0018295597484276728
-0.0020911949685534594
-0.003235849056603773
0.0014987421383647794
-0.00010125786163522023
0.00014779874213836528
-0.0013918238993710697
-0.0041968553459119495
0.0027238993710691824
0.0038194968553459125
0.003371698113207548
0.003011949685534591
-0.002983018867924529
0.001357861635220126
-0.003435849056603773
-0.004009433962264152
-0.0008836477987421386
0.001676100628930818
-0.001679874213836478
-0.0011364779874213837
-0.0007213836477987417
0.0009867924528301885
-0.0006182389937106918
-0.0010044025157232709
0.003780503144654088
-0.0029729559748427666
0.002050943396226415
0.0007742138364779869
-0.0019968553459119498
-0.0020823899371069186
0.000447169811320755
0.0014647798742138361
-0.00032893081761006267
-0.0029188679245283015
0.0017566037735849056
0.002376729559748428
-0.00035786163522012575
-0.0005427672955974845
-0.00012641509433962224
-0.0037150943396226407
-0.00048364779874213886
-0.00019433962264150915
0.0002811320754716978
-0.001227044025157233
-0.0014396226415094335
0.0009792452830188682
-0.0023440251572327047
0.0025993710691823908
0.00199685534591195
0.00029371069182389985
-0.0019654088050314465
4.088050314465482e-05
-0.0020559748427672947
-0.00023836477987421333
-0.0015742138364779877
0.0024169811320754724
-0.002980503144654088
0.002764150943396226
0.0006018867924528301
0.0011389937106918242
-0.0031163522012578613
0.000991823899371069
0.0016924528301886792
-0.0024974842767295597
0.0018257861635220122
-0.0004660377358490566
-0.0012433962264150951
-0.0006295597484276735
0.0007540880503144652
-0.002521383647798743
0.0034610062893081764
0.0017704402515723275
0.0015515723270440253
0.0021452830188679255
0.0010081761006289307
9.496855345911968e-05
0.0011251572327044025
0.002093710691823899
-0.003757861635220126
0.001433333333333333
-0.0007955974842767297
-0.0006308176100628929
1.698113207547105e-05
0.001687421383647799
0.0020006289308176104
-0.0024924528301886787
0.00160062893081761
-0.0014610062893081765
0.0025553459119496856
-0.0014283018867924531
0.0007930817610062894
0.004659748427672956
0.0020685534591194958
-0.0008283018867924532
-0.0015352201257861637
-6.47798742138365e-05
0.001786792452830189
-0.0025352201257861635
0.0020723270440251573
0.0021880503144654094
0.0005238993710691823
-0.0019176100628930822
0.001510062893081761
0.002518867924528302
-0.00022955974842767333
-0.0011842767295597478
-0.0008471698113207552
0.0019465408805031442
-0.0013830188679245289
-0.0004006289308176098
0.004174213836477988
0.0016270440251572329
0.000679874213836478
0.0007503144654088046
-0.0010522012578616353
-0.004310062893081761
-0.00045345911949685514
0.00279685534591195
-0.0012157232704402513
-7.735849056603785e-05
0.0010345911949685537
-0.0002446540880503141
-0.0028232704402515723
0.0022572327044025156
-0.0018874213836477987
-0.0034911949685534588
-4.842767295597475e-05
-0.0002723270440251576
-0.0023993710691823903
-0.0007691823899371066
-0.0025452830188679248
0.002922641509433962
-0.0002207547169811321
-0.0010106918238993708
-0.0014622641509433965
-0.0009427672955974845
-0.00012264150943396254
-0.003030817610062893
0.002659748427672956
-0.0006207547169811317
-0.0007855345911949683
-0.0004849056603773586
-0.0011528301886792461
0.0006345911949685536
-0.0025704402515723274
0.0018245283018867922
0.004069811320754717
-0.0014647798742138361
-0.0005427672955974841
-0.0026597484276729565
-0.00210125786163522
0.0033477987421383654
-0.0029905660377358484
-0.0003905660377358492
0.0005528301886792455
-0.00239811320754717
-0.002532704402515723
0.0020811320754716978
0.002072327044025157
-0.0005264150943396228
-0.0003427672955974839
-5.471698113207547e-05
-0.000970440251572327
-6.855345911949681e-05
-0.0017855345911949696
0.004391823899371069
-0.0018723270440251575
0.005868553459119495
0.0012018867924528305
0.0022408805031446538
-0.0013515723270440248
-0.0015654088050314466
0.00045723270440251566
-0.0005075471698113207
0.003628301886792453
-0.0008106918238993708
-0.0018396226415094339
-0.0035113207547169813
0.0033012578616352204
0.0008559748427672952
0.0015704402515723272
-0.00159937106918239
-0.0037012578616352197
-0.0011628930817610067
0.0007176100628930814
0.00012515723270440236
-0.00019811320754716972
-0.0022484276729559743
-5.094339622641525e-05
0.0021176100628930816
0.0003301886792452832
0.0020283018867924526
-0.000677358490566038
0.0019893081761006293
0.0016006289308176098
0.0005062893081761009
0.0018232704402515723
-0.00299056603773585
0.0003981132075471699
0.00016037735849056656
-0.002649685534591195
0.0013440251572327045
8.8679245283019e-05
0.0018924528301886793
-0.0001037735849056604
-0.00230125786163522
-0.0015905660377358492
0.003180503144654088
-0.0015792452830188685
0.00019811320754717
-0.001033333333333333
0.0019905660377358488
0.00012641509433962243
0.0003201257861635217
0.00021823899371069228
-0.000530188679245283
0.0015339622641509436
0.000271069182389937
0.0028459119496855355
-0.0022635220125786166
-0.0003905660377358488
0.0015867924528301888
-0.002356603773584906
-0.0003427672955974852
-0.0006484276729559748
0.0005566037735849061
0.0006220125786163521
-0.0003691823899371073
-0.001448427672955975
-0.001409433962264151
0.0013880503144654088
-0.0027767295597484276
-0.0005704402515723271
0.0006169811320754713
-0.001469811320754717
0.0010836477987421385
-0.000538993710691824
0.003327672955974843
-0.00379056603773585
0.0015490566037735848
0.0023226415094339628
0.0025389937106918233
0.0006044025157232706
-0.0008874213836477988
0.0005503144654088048
0.0003238993710691825
0.0015842767295597485
-0.0029817610062893084
-0.002390566037735849
0.002681132075471698
-0.0010257861635220127
-0.0019037735849056602
0.0011289308176100632
0.0012987421383647807
0.0012433962264150943
0.00011635220125786122
-0.0014974842767295597
0.0020396226415094337
-0.0007679245283018865
-0.0017805031446540885
-0.0008672955974842769
0.0008018867924528302
-0.0003905660377358491
-0.0006911949685534595
0.0010987421383647797
-4.339622641509428e-05
0.00027861635220125826
-0.0010270440251572328
-0.00012264150943396237
0.000757861635220126
0.00030377358490566044
0.0026182389937106916
-0.0009075471698113201
-0.0003452830188679249
-0.0018974842767295595
0.0015389937106918235
0.0006144654088050316
-0.0010924528301886794
-0.00016792452830188714
0.0012622641509433957
-0.0004924528301886791
0.0005817610062893081
-0.0006408805031446539
0.003107547169811321
0.0019503144654088055
-7.735849056603795e-05
-0.002439622641509434
0.001308805031446541
0.0025238993710691815
-0.0008421383647798744
0.0003062893081761007
-0.000648427672955975
-0.0005176100628930816
-0.0012018867924528302
-0.0023415094339622636
-0.0004345911949685538
-0.0006572327044025154
0.0019125786163522011
0.003013207547169811
-0.001043396226415094
-0.005488679245283019
0.0003163522012578613
0.0030194968553459117
0.0027100628930817605
-0.0006911949685534589
0.0004056603773584904
0.002577987421383648
0.00044088050314465397
-0.0017138364779874218
0.0009503144654088048
0.000725157232704403
0.0018949685534591196
-0.0012069182389937109
0.0005641509433962265
0.002443396226415094
-0.0010823899371069188
-0.0004798742138364782
-0.0016220125786163527
-0.0006358490566037737
0.0005955974842767294
0.0013528301886792451
0.0010421383647798747
0.0015553459119496858
-0.00043584905660377384
0.002560377358490567
0.0014459119496855342
0.0004245283018867927
-0.0007830188679245284
0.0020018867924528304
-0.002152830188679245
0.0009427672955974848
0.00022704402515723226
0.00469874213836478
0.00017547169811320813
0.0008534591194968549
-0.003756603773584905
-0.0011188679245283017
0.0028257861635220126
-0.0044496855345911935
3.3333333333332976e-05
0.002629559748427673
-0.0033616352201257865
-4.59119496855346e-05
-0.0008911949685534591
0.0015641509433962269
0.002279874213836478
0.0009855345911949686
0.0019188679245283015
0.0006308176100628933
0.004172955974842767
-0.0009037735849056603
-0.0021163522012578617
-0.0010396226415094346
-6.10062893081761e-05
-0.0026584905660377357
0.0013628930817610064
-0.0012836477987421386
0.001583018867924528
0.0005805031446540883
-0.002268553459119497
-0.0008245283018867927
0.0013389937106918243
-0.00033144654088050287
-0.0008232704402515728
0.0001226415094339622
-0.0014685534591194966
0.003991823899371069
-0.0036132075471698114
0.0036157232704402513
7.735849056603773e-05
-5.660377358490379e-06
0.001955345911949686
0.0001955974842767294
0.0006320754716981135
0.0016081761006289303
-0.0010496855345911952
0.0007918238993710696
-0.00045597484276729583
0.0013075471698113209
-0.001483647798742138
0.0008836477987421385
-0.000609433962264151
-0.004804402515723271
0.00023459119496855346
0.0004320754716981132
0.0008509433962264153
-0.0013880503144654084
0.004152830188679245
-0.0003955974842767295
0.0032635220125786157
0.003316352201257862
0.00024088050314465426
0.0014597484276729557
-0.0028610062893081765
-0.0033792452830188687
0.0013050314465408808
-0.0021100628930817615
-0.0005176100628930817
-0.0003641509433962263
0.0024685534591194973
0.0003616352201257864
-0.002169182389937107
-0.0012522012578616351
-0.00043584905660377324
0.0030396226415094346
0.0003691823899371066
0.00029622641509433967
-0.0003062893081761005
0.0006081761006289305
-0.0010584905660377363
-0.0015163522012578616
0.001752830188679245
-0.0013855345911949683
-0.0014006289308176102
-0.000521383647798742
0.0020874213836477988
0.0003389937106918236
0.0006056603773584913
-0.0014836477987421384
0.002725157232704403
-0.0011440251572327044
0.001954088050314465
0.0003528301886792453
0.0010157232704402518
0.0014534591194968556
0.0003792452830188682
0.001214465408805032
0.004686163522012579
0.00049874213836478
-0.00046100628930817656
-0.0002509433962264147
-0.00032767295597484273
-0.002166666666666666
-0.003411949685534592
0.00012012578616352231
0.0015201257861635227
0.0010371069182389936
-0.002473584905660377
-0.0005100628930817618
0.0014735849056603779
0.0012207547169811321
0.0001327044025157235
0.0026698113207547177
0.0008132075471698113
0.00030503144654088103
-0.0017264150943396232
-0.0008547169811320759
0.0010899371069182395
0.0019025157232704405
-0.0015842767295597491
-0.000692452830188679
0.00031132075471698104
0.0009767295597484273
0.00012389937106918229
-0.002047169811320755
-0.00018050314465408815
0.0004974842767295597
-0.0031691823899371065
-0.00047735849056603787
-0.00179308176100629
-0.0027
0.0014144654088050314
0.002637106918238994
0.001351572327044025
0.002874842767295598
-0.0009339622641509435
0.0008610062893081763
-0.002237106918238994
-0.0006974842767295602
-0.002369182389937107
0.0007591194968553461
-0.00022830188679245317
-0.0007955974842767296
-0.003108805031446541
0.0012069182389937106
-0.001449685534591195
0.0010949685534591194
-0.0014371069182389942
0.00037295597484276734
0.0007440251572327041
0.003170440251572327
-0.004045911949685535
-0.0038169811320754718
0.0009025157232704405
0.0006257861635220129
0.0005981132075471697
-0.00289245283018868
5.597484276729528e-05
0.004077358490566038
-8.867924528301875e-05
0.0025591194968553463
-0.001814465408805032
-0.002920125786163522
-0.002215723270440252
2.3270440251572207e-05
0.0011855345911949689
-0.0018383647798742133
0.0003075471698113211
0.0015201257861635223
-0.00012389937106918218
0.002887421383647799
-0.0011553459119496854
-0.0004672955974842764
-0.0013012578616352203
0.003422012578616352
-0.0016459119496855348
0.00033647798742138387
-0.00031509433962264183
0.0009138364779874215
0.0007591194968553452
0.0003062893081761007
-0.0005289308176100634
0.0005867924528301885
0.0008937106918239
-0.0018081761006289313
-0.0004132075471698117
0.005338993710691824
-0.0005075471698113209
0.0032132075471698112
0.0024748427672955987
0.00024842767295597514
2.5786163522012795e-05
-0.00033773584905660403
-0.002967924528301887
0.0013427672955974843
-0.0009490566037735855
0.0015968553459119502
0.00021320754716981166
-0.0012157232704402513
0.0016044025157232703
0.00037924528301886817
0.0017754716981132075
0.0012874213836477995
0.003293710691823899
-0.00044716981132075437
-0.0005238993710691824
0.004227044025157232
-0.0027742138364779878
-0.0014044025157232704
-0.0005415094339622645
-0.0008786163522012578
0.002318867924528302
0.002879874213836478
0.0003566037735849052
-1.8867924528304174e-06
-0.0025452830188679248
-0.00023459119496855284
0.002809433962264151
0.0037628930817610066
-0.0017641509433962265
0.0020433962264150944
-8.238993710691789e-05
0.0017742138364779875
0.0010031446540880503
-0.0018572327044025158
-0.00042201257861635235
-0.0003477987421383647
0.0009427672955974845
-0.001111320754716981
0.0020433962264150944
0.0023301886792452837
-0.003572955974842767
-0.0007226415094339623
-0.0011088050314465405
0.0020522012578616353
0.0017792452830188675
-0.0008509433962264149
-0.0027427672955974832
0.00017798742138364797
-0.0012559748427672956
0.0004371069182389935
-0.0019679245283018864
-0.0009301886792452828
-0.0028421383647798753
-0.0012937106918238994
-0.0018584905660377364
0.0011905660377358488
0.0012081761006289308
0.003039622641509434
0.0008937106918238991
-0.0022333333333333337
0.0009477987421383648
-0.0016018867924528309
-0.004355345911949685
0.0034056603773584904
-7.86163522012578e-05
-0.000707547169811321
-0.0005352201257861635
-0.0010207547169811318
-0.0014710691823899371
-0.002223270440251572
0.00047232704402515725
-0.002908805031446541
0.0011075471698113203
-0.0026169811320754716
-0.00021949685534591222
0.0005301886792452831
-0.0009805031446540884
0.0023528301886792456
0.0017314465408805033
0.0034270440251572324
0.0018811320754716983
0.0007905660377358493
0.00046981132075471656
0.0011113207547169812
-0.001518867924528302
0.0021012578616352194
-0.00038176100628930804
0.002493710691823899
-0.00029748427672956
-0.0034018867924528297
-2.201257861635222e-05
-0.0015893081761006289
0.001530188679245283
0.0022509433962264146
0.0006974842767295597
-0.001633333333333333
0.0001440251572327044
-0.0005339622641509434
-0.0026144654088050313
-0.0005490566037735846
-0.000434591194968553
-0.0010194968553459114
0.0013075471698113213
0.00018427672955974856
-0.0006572327044025155
0.0009352201257861636
0.0009402515723270439
-0.0001402515723270443
0.0007779874213836474
-0.002769182389937107
0.0011213836477987425
0.00219937106918239
-0.00022075471698113216
-0.0024257861635220124
-0.000785534591194969
0.0006811320754716984
-6.1006289308175925e-05
0.0009880503144654087
-0.0016798742138364776
-0.000918867924528302
-0.003604402515723271
-0.0011616352201257861
0.0014861635220125788
0.0006622641509433969
-0.0012547169811320754
-0.0004949685534591192
-0.001663522012578616
3.4591194968553314e-05
-0.00018930817610062885
0.0025855345911949684
5.723270440251581e-05
0.00034905660377358537
0.001843396226415094
0.0013805031446540881
-0.0001389937106918243
0.00017044025157232713
-0.0020861635220125784
0.0003742138364779874
0.000852201257861635
0.001240880503144654
0.0003289308176100626
-0.0014396226415094335
0.0006257861635220127
0.0018647798742138363
-0.0005616352201257864
-0.0029968553459119493
0.0002610062893081763
-0.0008798742138364779
-0.0009553459119496853
-0.0005654088050314464
0.003076100628930818
0.0051264150943396225
0.002550314465408805
0.0013855345911949685
-0.0013138364779874208
0.0020245283018867923
0.0018622641509433958
-0.0012119496855345908
0.004673584905660378
-0.002705031446540881
0.002307547169811321
0.0012106918238993707
-0.0016018867924528304
-0.00030377358490566
-0.000960377358490566
0.0004974842767295601
0.0006018867924528303
-0.0013553459119496857
-0.001559119496855346
0.0004446540880503142
-4.968553459119482e-05
-0.0018182389937106917
0.0018157232704402516
-0.0011503144654088045
-0.0017012578616352205
0.003086163522012579
0.0013566037735849056
0.0018018867924528294
0.002082389937106918
0.0012018867924528302
0.001287421383647799
0.0005088050314465409
0.0015301886792452835
0.0020672955974842776
-0.0009427672955974842
0.0031729559748427676
0.0003754716981132075
-0.0007817610062893084
0.002145283018867925
-0.0016610062893081762
0.0012622641509433966
-0.002136477987421384
-0.00240062893081761
0.0008220125786163524
-0.0026937106918238996
0.0035930817610062902
0.000547798742138365
-0.0024496855345911956
0.0030232704402515733
-0.0030383647798742134
0.0007855345911949685
-0.0015553459119496853
-0.00290125786163522
-0.00010628930817610105
1.0691823899371463e-05
-0.0012031446540880502
0.0015566037735849053
0.002644654088050314
0.0032761006289308186
0.001599371069182389
0.0014773584905660375
0.000781761006289308
0.0009855345911949683
-0.0020333333333333336
0.0026710691823899364
-0.0006735849056603772
-0.0012937106918238996
0.0004044025157232704
9.245283018867936e-05
-0.001043396226415094
-0.0011955974842767292
0.0009591194968553454
0.0011113207547169812
-0.0014232704402515727
-0.00490377358490566
-0.0029754716981132074
0.003760377358490566
-0.0007540880503144654
0.0016169811320754716
0.0008773584905660379
-0.001103773584905661
0.0003754716981132081
0.001089937106918239
0.0012459119496855346
-0.0007842767295597481
-0.002464779874213837
0.0011754716981132072
0.0014094339622641508
0.0004144654088050318
-0.0010710691823899372
-0.002259748427672956
0.003350314465408805
0.0004396226415094338
0.001117610062893082
0.0009062893081761006
0.001269811320754717
-0.001957861635220126
0.0021943396226415095
0.00040566037735849055
0.0027264150943396227
0.0008132075471698117
-0.001177987421383648
0.002286163522012579
-0.0007930817610062889
-1.1949685534591318e-05
-0.0030786163522012583
0.0023817610062893085
-0.0023654088050314463
-0.001416981132075472
0.0010006289308176102
0.00013270440251572296
-0.004776729559748427
-0.00039308176100628955
-0.001328930817610063
-0.001253459119496855
-0.0037377358490566035
-0.0004433962264150947
0.0018006289308176104
-0.0019264150943396228
0.0008433962264150938
0.0005981132075471697
0.0004496855345911951
0.002425786163522013
0.000341509433962264
-0.0019666666666666665
-0.000326415094339623
-0.0019867924528301885
0.0023641509433962263
0.0010182389937106922
-0.0009855345911949686
-0.0018962264150943395
0.0018660377358490565
0.0015251572327044025
0.00045723270440251566
-0.003365408805031447
-0.0004018867924528302
-0.0008446540880503136
-0.002515094339622641
0.0012584905660377355
-7.10691823899374e-05
-0.0011704402515723268
-0.000433333333333333
2.3270440251571685e-05
0.0016622641509433961
-0.0027553459119496857
-0.0008522012578616353
0.003131446540880503
0.0008899371069182387
-0.002418238993710692
0.0012861635220125787
0.005354088050314466
0.0004119496855345913
0.0022446540880503144
-0.003135220125786164
0.0015389937106918242
0.0009075471698113208
-0.00080062893081761
0.002252201257861635
-0.001184276729559749
0.0006861635220125789
-0.0007251572327044022
0.00021069182389937135
-0.0028811320754716986
-4.2138364779874115e-05
-0.003117610062893081
-0.0016408805031446546
-0.0016371069182389939
0.00026981132075471734
0.0016710691823899374
0.0033339622641509435
-0.0004345911949685538
0.0005440251572327047
0.0008396226415094344
-0.0035578616352201255
0.0015213836477987424
-0.0012672955974842766
0.003448427672955975
-0.0018069182389937107
0.0016295597484276725
0.0028169811320754713
-0.002030817610062893
-0.0020132075471698116
0.0002610062893081763
-0.0006748427672955977
0.002030817610062892
-0.0018484276729559752
-0.0023113207547169803
0.002689937106918238
-0.001969182389937107
-0.0016761006289308185
0.0020283018867924534
-0.0003716981132075469
-0.001312578616352201
-0.000341509433962264
-0.001849685534591195
0.0010522012578616353
0.0015566037735849057
0.0021729559748427676
-0.0006232704402515726
0.0011616352201257864
0.0015415094339622636
-0.0009566037735849061
0.0022119496855345917
0.0004421383647798744
0.0003993710691823902
-0.00230503144654088
0.0006446540880503145
0.0008962264150943403
0.004024528301886794
0.001410691823899371
0.0009716981132075472
6.477987421383659e-05
-0.00046477987421383643
-0.0004735849056603774
0.0008949685534591194
-0.0019540880503144654
-0.001966666666666667
0.0003880503144654085
-0.0006169811320754714
0.0008408805031446537
-0.001332704402515723
-0.0003100628930817613
-0.004242138364779874
0.00399685534591195
-0.0018786163522012576
-0.00017547169811320813
0.0011389937106918238
0.0019163522012578607
0.0009654088050314467
0.0021981132075471694
-0.0013867924528301896
0.0007842767295597489
0.0024169811320754716
0.00015911949685534603
-0.0019075471698113211
-8.238993710691828e-05
-0.00029874213836478074
0.0005377358490566033
0.0043628930817610065
-0.0023226415094339636
0.0034446540880503137
-0.0012069182389937104
-0.0001817610062893084
0.00041446540880503164
0.00012138364779874212
0.0011779874213836484
8.176100628930506e-06
0.002549056603773585
0.0007943396226415098
-0.0001918238993710693
-0.0012119496855345921
0.0019138364779874215
0.0012559748427672956
-0.003372955974842768
-0.0008886792452830188
0.00018176100628930787
0.0028911949685534594
0.002068553459119497
-0.0010006289308176098
-0.00044591194968553454
0.0016811320754716984
-0.0027830188679245278
-0.001861006289308176
-0.002478616352201258
-0.001013207547169811
-0.0002522012578616357
-0.0013918238993710695
-0.0007603773584905661
0.0023490566037735854
-0.0009440251572327049
-0.0006232704402515722
-0.0009578616352201257
-0.0011893081761006291
0.002554088050314465
-0.00359811320754717
-0.0022836477987421395
0.0008798742138364787
-0.00189748427672956
0.003620754716981132
-0.002131446540880503
0.00014150943396226427
-0.0016345911949685536
5.974842767295603e-05
0.004088679245283019
0.0019000000000000002
0.0018396226415094332
-0.00010628930817610026
-0.000444654088050314
-3.9622641509433785e-05
0.0007176100628930816
0.002113836477987421
9.119496855345911e-05
-0.0011666666666666663
0.0008421383647798744
0.0028685534591194974
-0.0005691823899371064
-6.2264150943396e-05
0.0037603773584905667
0.0014295597484276724
0.0013578616352201258
-0.0013666666666666662
-0.0007440251572327037
0.0032383647798742135
-0.0016622641509433961
0.00099811320754717
-0.002554088050314465
-0.0009893081761006288
0.0020144654088050315
-0.0015893081761006289
-0.0008823899371069181
0.0015213836477987422
-0.0009792452830188678
-0.00024842767295597514
0.0027389937106918234
0.0006899371069182391
0.002416981132075471
-0.0031264150943396225
0.0016283018867924526
0.0022056603773584907
-0.0015201257861635216
-0.0005767295597484276
0.004845911949685535
-0.004340251572327044
-0.003842138364779874
-0.00020188679245283003
0.0022647798742138365
0.001019496855345912
-0.0006597484276729564
-0.001034591194968553
-0.0020018867924528304
-0.001467295597484277
-0.0009138364779874212
0.00300062893081761
0.0018132075471698113
-0.00320314465408805
0.003269811320754717
0.0022371069182389926
0.0026132075471698114
0.00119937106918239
0.0021729559748427676
0.0007641509433962267
0.003318867924528302
-0.001042138364779874
0.003744025157232704
0.0017628930817610064
0.0034974842767295593
0.0005327044025157236
-0.001687421383647799
-0.00350251572327044
-0.002433333333333333
-0.0007842767295597483
0.003166666666666667
-0.003328930817610063
0.000589308176100629
-0.00014402515723270425
-6.1006289308175844e-05
0.000638364779874214
0.0016459119496855345
-0.00042327044025157213
-0.002107547169811321
0.003225786163522013
-0.0038119496855345916
0.0012295597484276723
-0.0016949685534591193
-0.0002735849056603773
0.002668553459119497
0.0008911949685534583
0.0023855345911949688
0.002751572327044025
0.000727672955974843
-0.0010144654088050315
-0.0008547169811320756
-4.2138364779874284e-05
-0.00034905660377358477
0.0015402515723270437
0.0011264150943396225
-0.0005289308176100626
0.001318867924528302
-0.0006232704402515725
-0.002151572327044025
8.490566037735839e-05
-0.0006874213836477987
-0.002342767295597484
-0.002008176100628931
0.00460440251572327
-0.0019968553459119498
0.0006421383647798745
0.002932704402515724
-0.0018396226415094339
0.0007716981132075471
0.0008547169811320755
0.0029465408805031445
0.0005440251572327049
0.0019968553459119498
0.0014823899371069183
0.00015786163522012517
-0.004055974842767296
-0.0009377358490566039
-0.0001704402515723273
0.0018320754716981131
-0.002931446540880503
-0.002721383647798742
0.0015163522012578616
-9.433962264151301e-06
-0.00041949685534591193
0.00031257861635220104
9.245283018867954e-05
-0.0041968553459119495
0.00029371069182389974
0.00028238993710691775
-0.0012886792452830185
-0.0027842767295597486
-0.0006773584905660376
-0.001076100628930818
-0.0026295597484276728
-0.004137735849056604
-0.0014622641509433967
0.0004823899371069179
0.001827044025157233
-0.0015855345911949678
-0.004595597484276731
0.00028238993710691797
-0.002416981132075472
0.0013767295597484277
-0.0005867924528301884
0.002777987421383649
0.0018987421383647803
0.002223270440251572
-0.003023270440251573
0.004327672955974843
0.0011603773584905664
0.0007528301886792454
0.0018584905660377357
-9.11949685534592e-05
-0.002634591194968553
0.0035075471698113214
0.0007729559748427676
0.0007352201257861639
-0.0006433962264150946
-0.0012672955974842772
0.00015660377358490588
0.0022358490566037736
0.0009465408805031443
0.0001339622641509437
-0.003115094339622642
5.97484276729569e-05
0.00039056603773584897
0.0015779874213836475
0.004086163522012579
-6.1006289308175844e-05
-0.0022446540880503144
0.0006144654088050316
0.002827044025157233
-0.005011949685534592
-0.002084905660377358
-0.0010169811320754716
-0.0005943396226415094
-0.0001528301886792453
-0.0017138364779874218
0.0012446540880503142
0.002130188679245283
0.0008874213836477982
-0.0031289308176100624
0.0008308176100628928
0.00020691823899371078
-0.0009226415094339619
0.0031440251572327047
-0.002247169811320755
0.003239622641509434
0.0010572327044025157
-0.003043396226415095
0.001791823899371069
-0.0007666666666666666
-0.0006421383647798743
-0.0006748427672955975
-0.003023270440251571
-0.002577987421383648
-0.0024547169811320758
-0.0001893081761006285
-0.00040314465408805024
-0.00016666666666666672
0.000843396226415094
-0.004257232704402517
-0.0019855345911949686
0.00100314465408805
-0.0009666666666666663
0.0033012578616352204
-0.0008849056603773588
0.000528930817610063
1.069182389937155e-05
-0.0011566037735849053
0.0015352201257861635
-0.0033716981132075473
0.00021949685534591195
0.002674842767295597
-0.001466037735849057
-0.0019264150943396224
-0.0010119496855345914
0.002647169811320755
-0.0009000000000000001
0.00012012578616352223
-0.003326415094339623
-0.0040421383647798745
0.0016610062893081764
0.0012182389937106918
-0.005776729559748427
-0.0011163522012578619
-0.0016006289308176105
-2.3270440251572556e-05
-0.0020610062893081766
0.0010169811320754716
-0.0003339622641509436
-0.0011767295597484276
-0.00419182389937107
0.0002610062893081761
-0.003359119496855346
0.0019893081761006293
0.0017012578616352198
-0.0043201257861635225
0.0018522012578616352
0.001321383647798742
0.00015283018867924477
-0.0017037735849056602
0.0003025157232704401
0.00016163522012578563
0.002121383647798742
0.0034584905660377356
0.00046855345911949673
-9.87421383647799e-05
0.001062264150943397
-0.00030000000000000014
-0.0026169811320754716
0.0006433962264150939
-0.0016949685534591193
0.0021301886792452836
-0.0013943396226415092
0.002599371069182389
-0.0014421383647798749
-0.0005037735849056603
0.0012220125786163523
-0.004853459119496856
0.002445911949685535
-0.00017421383647798743
-0.00012515723270440304
-0.0024421383647798734
0.0007805031446540883
-0.0012169811320754719
0.00047735849056603787
0.0003327044025157236
0.0003314465408805029
0.0011389937106918244
-0.0007100628930817605
-0.0004308176100628935
-0.00038176100628930837
-0.0016320754716981137
0.0005691823899371067
-0.0022006289308176105
0.00169245283018868
0.0021251572327044025
0.00016666666666666647
-0.004525157232704404
-0.00339937106918239
0.0032421383647798746
-0.0009327044025157228
-0.002776729559748427
-0.00015408805031446554
0.001676100628930817
-0.000555345911949686
0.00028238993710691824
0.0008660377358490565
-0.0001088050314465408
0.000872327044025157
-0.0012974842767295596
-0.001141509433962264
0.0016735849056603777
-0.00022830188679245317
-0.001176729559748428
-0.00021194968553459143
-7.10691823899374e-05
-0.0018396226415094339
-8.176100628930965e-06
-0.001658490566037736
-0.002188050314465409
-0.0016018867924528304
0.0004836477987421386
-0.0028761006289308184
0.002622012578616352
0.0019490566037735845
-0.00140062893081761
-0.0007100628930817616
0.0034207547169811323
-0.0039893081761006284
0.002744025157232704
-0.000857232704402515
-9.496855345911972e-05
-0.0006371069182389938
-0.00020943396226415066
0.0009226415094339622
-0.00018930817610062948
-0.003977987421383648
0.0006987421383647801
-0.0008886792452830191
-0.0017716981132075477
0.0021264150943396225
-0.00045345911949685574
0.0011163522012578616
0.0030044025157232703
-0.0005779874213836479
-0.0008371069182389936
0.000687421383647799
0.0010194968553459117
0.002453459119496855
0.002491194968553459
0.0004911949685534588
-0.003223270440251573
-0.0008522012578616356
0.0036333333333333326
0.0030031446540880503
-0.0025767295597484276
-0.0047
-0.0014672955974842769
0.0022924528301886795
-0.0011037735849056605
-0.00024591194968553494
-0.0010949685534591194
-8.113207547169825e-05
-0.002194339622641509
-0.00100188679245283
0.00279811320754717
0.0017666666666666666
0.001219496855345912
0.0032308176100628934
0.00012389937106918283
0.0028522012578616348
-0.0011289308176100632
-0.0011289308176100625
0.0012056603773584907
-0.0011238993710691824
0.00013270440251572324
-0.002059748427672956
-0.0023465408805031437
0.0010031446540880505
0.0010433962264150944
0.0001150943396226414
0.002341509433962264
0.0019012578616352206
0.0003364779874213828
-0.004835849056603774
0.00029622641509433945
-0.00047861635220125797
-0.001035849056603774
-0.0011993710691823897
-0.0008169811320754718
-0.0006169811320754716
0.0012157232704402515
-0.004935220125786164
0.0001540880503144655
-0.0008672955974842765
0.0005251572327044022
0.003316352201257862
0.00010377358490566039
-0.0005792452830188685
0.0015113207547169816
0.0004433962264150944
-0.0008031446540880495
-0.0001037735849056603
0.0037163522012578615
-0.0034270440251572324
0.0007477987421383645
0.0012421383647798743
-0.0033905660377358494
-0.0031616352201257873
0.001512578616352201
-0.0004069182389937109
-0.0009628930817610067
0.0010786163522012576
-0.00027484276729559704
-0.0006484276729559748
-0.00042955974842767285
0.0005716981132075466
5.723270440251531e-05
-0.0002874213836477992
-0.006369182389937106
0.002765408805031447
0.0009968553459119502
0.00026352201257861667
-0.00045974842767295586
0.0009767295597484268
0.0014220125786163522
0.0052081761006289315
-0.0012471698113207545
0.002515094339622641
0.004083647798742139
0.0006987421383647798
0.0020660377358490568
0.00021698113207547189
-0.0017767295597484278
0.0026094339622641507
-0.0014396226415094343
0.0006069182389937106
0.001516352201257862
0.0021578616352201253
0.0016069182389937108
0.003962893081761007
-0.002154088050314465
-0.0019226415094339624
0.0008371069182389935
-0.0040270440251572335
-0.0011402515723270435
-0.003316352201257861
-0.0004106918238993714
0.0022119496855345913
0.0005792452830188677
0.0008283018867924528
0.0005327044025157235
0.0029213836477987422
0.002078616352201258
-0.001884905660377359
0.0005742138364779874
0.0001628930817610065
-0.003313836477987421
0.0026572327044025157
-0.003411949685534592
0.0003264150943396228
0.0006421383647798738
-0.0011238993710691826
-0.001030817610062893
-0.00041823899371069167
0.0007628930817610066
0.0010094339622641504
0.0010811320754716982
6.9182389937108025e-06
-0.0033654088050314467
-0.0005603773584905658
-0.0019238993710691825
0.0006861635220125793
0.0027628930817610066
0.0024257861635220124
0.004162893081761006
-0.0004522012578616358
0.0006773584905660379
0.0005880503144654087
-0.0013176100628930815
-0.0018622641509433958
-0.0008622641509433961
0.002894968553459119
-0.0011641509433962265
-0.003061006289308176
0.0018685534591194968
0.0035050314465408807
-0.000779245283018868
0.0017050314465408803
0.003305031446540881
0.0011327044025157232
-0.0003201257861635217
-0.0016685534591194971
-0.0021616352201257864
-0.00033522012578616404
0.0012723270440251574
0.0009264150943396224
-0.0017905660377358491
-0.0012270440251572333
0.001467295597484277
0.0006446540880503149
0.0010383647798742144
-0.000921383647798742
0.001171698113207547
0.0025691823899371075
-0.0005364779874213841
-0.00021949685534591187
-0.0029150943396226417
0.001933962264150943
-0.00048364779874213756
0.002908805031446541
0.0011
-0.0025993710691823895
-0.0005578616352201257
-0.00200062893081761
0.0009716981132075472
0.00014025157232704384
0.0004018867924528302
-0.002331446540880503
0.0008911949685534587
-0.0014295597484276729
0.003186792452830189
0.0018144654088050314
-0.0024081761006289307
0.0009088050314465406
0.0028106918238993716
0.0015276729559748432
0.0019666666666666665
-0.0007641509433962271
-0.0026559748427672954
0.0006584905660377356
0.0005364779874213835
-0.0005792452830188677
5.2201257861635145e-05
-0.001491194968553459
0.0038522012578616357
-0.0002949685534591194
0.0026937106918239
-0.0010232704402515723
-0.0009477987421383648
-0.002278616352201258
-0.0011314465408805029
0.0014622641509433965
0.0007930817610062893
-0.004577987421383648
-0.0013440251572327045
0.001589308176100629
-0.00010377358490566036
-0.0012144654088050318
0.00030880503144654106
-0.00399559748427673
-0.0017893081761006292
0.002318867924528301
0.0027641509433962257
0.0030723270440251573
0.003733962264150943
-0.00036163522012578616
2.0754716981132364e-05
-0.003830817610062893
0.0030962264150943396
-0.0009528301886792457
-0.0010182389937106922
-0.0010547169811320756
-0.0023968553459119495
0.0026534591194968555
-0.0021641509433962267
-9.496855345911943e-05
0.00017169811320754712
-0.001936477987421384
-0.001988050314465409
0.0006232704402515723
-0.00038427672955974846
0.0005880503144654096
0.00013899371069182412
0.0020220125786163524
-0.0008320754716981133
0.0016459119496855345
3.8364779874213975e-05
-0.0003943396226415101
-1.4465408805031162e-05
-0.0008044025157232716
-0.001888679245283019
0.0025327044025157228
0.002205660377358491
0.002945283018867925
-0.0020584905660377354
0.000521383647798742
-0.00034905660377358515
0.0018924528301886795
0.004977987421383648
-0.0008735849056603775
0.0014333333333333331
-0.001894968553459119
-0.002278616352201258
-0.0015855345911949682
0.0004421383647798743
-0.0007503144654088051
0.0011037735849056607
0.002472327044025157
0.0017616352201257866
-0.0002748427672955974
-0.00020188679245283016
-0.0003025157232704406
-0.00036918238993710747
-0.0006735849056603779
-0.0007415094339622641
-0.000552830188679245
-0.00022452830188679208
-0.001956603773584906
0.001360377358490566
0.002029559748427673
0.002371698113207547
0.0035691823899371075
-0.0005477987421383652
0.0019176100628930815
0.0005566037735849051
-0.0002723270440251569
-0.00338930817610063
0.0023251572327044026
0.0003100628930817612
0.00026226415094339614
-0.00024339622641509416
0.00023836477987421425
-0.0034786163522012572
0.0023654088050314463
0.0006295597484276723
-0.004318867924528302
-0.0004421383647798741
0.002213207547169812
0.0001893081761006292
-0.0009050314465408804
0.00022830188679245317
-0.0021301886792452836
0.0009088050314465414
0.0031842767295597483
0.0005515723270440247
0.0025830188679245285
-0.0035452830188679252
-0.0009276729559748428
-0.0033000000000000004
0.00260817610062893
0.00048742138364779884
0.0036811320754716976
-0.002177987421383648
0.003911320754716981
0.0007616352201257863
0.0003528301886792456
-0.001487421383647799
0.0014383647798742142
-0.0020672955974842763
-0.0018295597484276728
0.0027088050314465406
0.003372955974842768
-0.0014207547169811327
-0.003408176100628932
-0.002315094339622642
0.00035157232704402535
-0.0003264150943396223
-0.0029553459119496853
0.0012647798742138365
-0.0019704402515723267
0.0018710691823899366
0.0004987421383647801
-0.001688679245283019
-0.0012509433962264152
0.003535220125786164
-0.00012767295597484286
-0.0008723270440251573
-0.0014433962264150946
0.0028383647798742137
-0.0005012578616352204
-0.0015603773584905657
0.0008949685534591197
-0.0031301886792452823
-0.000730188679245283
0.0020773584905660375
-0.0012207547169811317
-0.0014069182389937105
-0.0020446540880503144
0.00013018867924528282
0.001950314465408805
-0.001278616352201258
0.0023276729559748425
-0.0008207547169811317
-0.000489937106918239
-0.0006308176100628928
0.001878616352201258
0.002761635220125786
0.0019088050314465409
0.0006132075471698115
0.003229559748427674
-0.004047169811320754
-0.0006735849056603775
0.00109748427672956
-0.0003062893081761007
0.00012515723270440268
3.207547169811395e-05
0.0017176100628930814
0.0014647798742138368
-0.0015654088050314464
-0.0013138364779874216
-6.918238993710279e-06
-0.0012635220125786167
-0.0014383647798742137
-0.00022955974842767297
-0.00025471698113207553
-0.0005264150943396225
0.003550314465408806
0.0007440251572327041
-0.0008270440251572324
0.004091194968553459
-0.0019251572327044024
-0.0007503144654088049
0.0006408805031446539
0.0003716981132075471
-0.0011503144654088054
-0.0008345911949685538
0.0032698113207547163
-0.00028113207547169825
0.004542767295597484
-0.005515094339622641
-0.0016685534591194973
-0.002413207547169811
0.0004207547169811324
-0.0023150943396226414
0.0011842767295597483
-0.0018861635220125794
-0.0018358490566037732
-0.0004220125786163521
0.0006886792452830188
-0.002589308176100629
-0.004044654088050315
0.0011767295597484276
0.000287421383647799
-0.0029553459119496858
-0.00034402515723270415
0.0009025157232704407
0.002108805031446541
0.001266037735849057
0.001932704402515723
-0.00044339622641509466
-0.000752830188679245
0.0003163522012578617
-0.0011276729559748426
-0.0033377358490566033
0.0002698113207547166
0.005074842767295597
-0.0002622641509433961
-0.0020861635220125784
-0.0004610062893081763
0.0011025157232704402
-0.0011251572327044027
-0.002423270440251572
-0.0029779874213836485
-0.0036220125786163514
0.0005880503144654088
0.0008974842767295597
-0.0021591194968553456
0.001884905660377359
-8.867924528301922e-05
-0.0010132075471698109
-0.0010974842767295598
-0.0005301886792452825
-0.0006333333333333336
0.0035578616352201263
-0.000338993710691824
0.00014779874213836455
-0.001410691823899371
0.001940251572327044
-0.001785534591194968
0.0011389937106918242
-0.0006962264150943391
-0.0014962264150943396
-0.0014584905660377356
0.0007226415094339617
0.0011817610062893088
-0.0015515723270440257
-0.0008698113207547168
-0.002674842767295598
0.004780503144654088
-0.0031943396226415096
0.0008937106918238992
-0.0005767295597484278
-0.0010811320754716984
0.000727672955974843
0.0015088050314465405
0.001013207547169811
-0.00028742138364779886
5.849056603773552e-05
-0.0007691823899371071
-0.0028924528301886793
-0.004526415094339623
-0.0020911949685534594
-0.002635849056603773
8.616352201257873e-05
0.0025138364779874215
0.00439937106918239
-0.004964150943396227
-0.0023867924528301887
-0.00014779874213836477
-0.000133962264150944
0.00032138364779874207
0.004956603773584906
0.0007238993710691823
0.0013389937106918234
-0.0027000000000000006
0.0008622641509433962
0.002577987421383648
-0.0017188679245283018
-0.002125157232704403
-0.0008484276729559743
0.003677358490566038
-4.8427672955974836e-05
-0.0015742138364779879
-0.00024213836477987442
0.0012509433962264152
0.0016496855345911954
-0.0035465408805031443
-0.0015968553459119502
-0.0019377358490566027
0.0038547169811320747
0.0021201257861635224
-0.0024861635220125786
0.0011930817610062892
-0.00019182389937106944
0.0005905660377358494
0.0007716981132075474
0.0018044025157232708
-0.002814465408805031
-0.0020018867924528295
-0.0011327044025157232
0.0021767295597484282
0.0003591194968553461
-0.00016792452830188698
0.00016666666666666647
0.0007138364779874213
-0.001367924528301887
0.0006685534591194972
-0.0016295597484276734
-0.0010735849056603775
-0.0012610062893081762
-0.0014899371069182388
0.0015100628930817608
-0.0003150943396226416
2.0754716981132232e-05
-0.0016522012578616355
0.0007867924528301881
-0.0031138364779874214
0.0020283018867924534
-0.0023905660377358485
-0.0007000000000000001
0.0007515723270440249
0.0005540880503144653
0.001306289308176101
-0.00011761006289308173
-0.0014660377358490567
-0.003930188679245282
0.002888679245283019
0.0006698113207547169
-0.0026635220125786163
-0.0005314465408805032
-0.0013377358490566035
0.000839622641509434
0.0011113207547169812
0.002731446540880504
-0.0003113207547169807
-0.001873584905660377
0.00037169811320754745
0.0019503144654088053
0.0015742138364779868
0.001033333333333333
0.001048427672955975
-0.0005213836477987421
0.0012220125786163518
0.0003704402515723272
0.000779245283018868
-0.0006207547169811325
-0.0011276729559748428
0.0024798742138364784
-0.0034509433962264147
-6.477987421383562e-05
0.0008899371069182387
-0.0019893081761006293
-0.0005666666666666664
0.001938993710691824
0.0022723270440251574
0.000469811320754716
0.004590566037735847
-0.0015742138364779877
-0.001891194968553459
0.003981761006289308
-0.0048811320754717
-0.0013427672955974841
-0.002315094339622642
-0.0036622641509433964
-0.0006547169811320755
-0.0020861635220125784
-1.88679245283033e-06
0.0020698113207547166
-0.0018849056603773586
0.0022798742138364783
0.0013779874213836478
-0.0004962264150943398
-0.00042201257861635235
0.00019937106918238972
0.0037528301886792462
0.0015805031446540887
-0.00016037735849056583
-0.004166666666666667
-0.001629559748427673
-0.0018861635220125785
-0.00019182389937106916
0.002512578616352201
-9.748427672955993e-05
-0.0008622641509433959
0.0015729559748427673
0.00021069182389937022
-0.00044842767295597496
-0.003874842767295597
0.002377987421383648
0.0013238993710691825
-0.002819496855345912
0.0014962264150943396
0.00024339622641509406
0.0031427672955974843
-0.003015723270440251
-0.0002823899371069183
0.002355345911949685
-0.0011704402515723272
-0.00043710691823899383
-0.0008811320754716985
0.0012974842767295607
-0.004916352201257863
0.00259685534591195
-0.00041949685534591226
-0.002096226415094339
-0.0012798742138364775
-0.0003062893081761006
-0.0007238993710691824
0.0034220125786163518
-0.0009603773584905659
0.001838364779874214
0.003537735849056604
-0.0011301886792452825
-0.0018597484276729557
0.00359811320754717
-0.0012132075471698114
-0.00219811320754717
0.0010999999999999994
-0.00012767295597484289
0.00010251572327044022
0.00043333333333333353
-0.002918867924528302
9.496855345911951e-05
0.0006597484276729558
-0.005701257861635221
-0.0018207547169811324
-0.0009578616352201257
0.004928930817610064
-0.0008056603773584902
0.0017364779874213833
-0.001560377358490566
0.000505031446540881
0.0009113207547169812
-0.0029389937106918235
-0.0032509433962264146
-0.00011383647798742159
-0.0007993710691823895
-0.0015880503144654087
0.0011805031446540885
-0.0026836477987421383
-0.0014194968553459123
0.0017150943396226422
0.004264779874213836
0.0022572327044025164
-0.0004345911949685538
0.00019937106918239023
-0.00259433962264151
-0.0005289308176100628
-0.0017138364779874212
0.002190566037735849
-5.471698113207573e-05
-0.002445911949685535
0.002292452830188679
-0.0005088050314465412
0.0035679245283018863
-0.0014194968553459123
-0.0003025157232704403
0.001772955974842767
-0.0007767295597484273
-0.000623270440251572
0.0005842767295597489
-0.00259433962264151
0.0026987421383647798
-0.0012157232704402522
0.0018119496855345913
-0.00220314465408805
-0.000918867924528302
0.0007716981132075472
-0.0038333333333333336
2.9559748427673104e-05
-0.0019628930817610067
0.0014786163522012578
-0.0040836477987421385
0.0012421383647798745
-0.0009616352201257864
0.0004044025157232705
-0.001161635220125786
0.002252201257861635
-0.0009150943396226416
0.003478616352201258
0.0016119496855345914
0.0003062893081761007
0.0006119496855345913
9.119496855345868e-05
0.003340251572327044
-0.0011641509433962269
-0.0008647798742138367
6.100628930817567e-05
0.002689937106918239
0.002487421383647799
-0.0010169811320754714
-0.0022886792452830188
-0.0010798742138364785
0.0014295597484276733
0.002610691823899371
-0.0006635220125786163
0.00019182389937106944
-0.00022327044025157244
0.002639622641509434
0.004210691823899371
0.0008874213836477984
0.0011088050314465414
0.0021150943396226417
-0.001391823899371069
0.0014484276729559745
-0.001628301886792453
0.0005264150943396223
0.002108805031446541
-0.0002333333333333333
0.0013591194968553455
0.0020899371069182395
-0.0011792452830188677
0.001566666666666667
-0.00011761006289308199
0.0014635220125786164
0.002157861635220126
-0.0005264150943396222
-0.001049685534591195
-0.0012723270440251576
0.0003792452830188674
0.004131446540880503
-0.002676100628930818
0.00015660377358490534
0.0021138364779874214
0.0022899371069182387
0.0007088050314465406
0.002121383647798742
-0.0003754716981132068
-3.144654088050317e-06
8.113207547169809e-05
-0.000752830188679245
0.0007238993710691824
-0.0027591194968553463
0.003681132075471699
0.002657232704402516
0.0017238993710691824
-0.004113836477987421
0.0016748427672955975
0.0027616352201257867
-0.0021100628930817615
0.0007062893081761002
-0.0004006289308176102
-0.0016522012578616358
0.0016396226415094342
0.00039056603773584897
-0.002306289308176101
0.00040943396226415124
0.0002320754716981133
0.0009867924528301894
-0.0003339622641509436
-0.0012547169811320754
0.0010056603773584913
0.0002962264150943396
-0.00025723270440251573
7.610062893081795e-05
0.00039182389937106896
0.0005088050314465411
-0.0022220125786163517
0.0013490566037735843
-0.0027025157232704413
0.00027358490566037737
-0.004224528301886793
-0.002305031446540881
-0.0009264150943396227
0.004006918238993711
0.00189748427672956
0.0006949685534591199
-0.0017025157232704402
1.9496855345912596e-05
0.002077358490566037
0.0025125786163522016
-0.00018679245283018836
-0.0017540880503144648
0.00450880503144654
0.001219496855345912
-0.0028987421383647794
0.00050251572327044
-0.0008333333333333337
0.00047484276729559745
0.0013817610062893085
-0.0008408805031446543
6.855345911949694e-05
-0.000571698113207547
0.002332704402515723
0.002842138364779874
-0.001346540880503144
-0.002025786163522013
0.000619496855345912
0.0006496855345911949
-0.0002119496855345916
-0.003222012578616352
-0.00046352201257861655
-0.00249496855345912
0.00021446540880503122
-0.002234591194968553
0.002537735849056604
-0.0018383647798742135
0.002286163522012579
0.0005767295597484272
-0.0017628930817610064
-0.0006660377358490562
-0.0022911949685534587
-0.00048364779874213827
0.0024144654088050317
0.00037295597484276723
0.0004861635220125787
2.075471698113206e-05
0.0018937106918238997
0.00149748427672956
-0.0015113207547169812
-0.0007779874213836474
0.0014169811320754715
0.002184276729559748
0.0039176100628930816
-0.0005012578616352206
0.00360440251572327
-0.004434591194968554
-0.001210691823899371
-0.0006660377358490565
-5.974842767295594e-05
0.000658490566037736
0.0015528301886792452
-0.0011830188679245281
-0.0004974842767295598
-7.735849056603734e-05
-0.0002886792452830186
-0.0014433962264150941
0.000206918238993711
0.0004660377358490564
-0.0017251572327044021
-0.0028710691823899373
0.0018006289308176104
0.0008559748427672956
-0.0003641509433962268
-0.0007930817610062893
-0.00048616352201257885
-0.0035440251572327053
0.0014182389937106921
-0.0010471698113207549
-0.00035408805031446545
0.0012270440251572327
-0.003049685534591194
-0.002214465408805032
-0.002627044025157233
-0.0012811320754716983
-0.0010672955974842763
0.0031603773584905665
-0.00409622641509434
-5.3459119496854785e-05
-0.0009415094339622635
0.0034220125786163518
0.004424528301886793
-0.00025597484276729536
-0.0015666666666666667
-0.0004471698113207548
-0.003061006289308176
0.0020157232704402514
-0.003850943396226415
0.0005566037735849063
0.0028572327044025154
-0.002262264150943396
0.0016157232704402521
-0.0017591194968553459
-0.0005301886792452833
-0.0018094339622641514
-0.0010572327044025154
-0.00010125786163522015
0.0014132075471698113
-0.0031452830188679246
-0.00039182389937106907
0.00026981132075471723
0.00030125786163522013
0.0017113207547169809
0.0005339622641509432
3.0817610062892917e-05
0.00025471698113207515
0.00069874213836478
0.0014283018867924527
-0.0006924528301886799
0.0007817610062893083
0.0006446540880503146
0.0006647798742138366
-0.0033805031446540877
-0.0004345911949685535
0.0002836477987421384
0.0001213836477987422
-0.0006169811320754718
-0.0008962264150943397
0.0014660377358490565
-0.0016232704402515724
0.0017289308176100628
-0.0006748427672955982
-0.00022830188679245247
-0.004050943396226414
0.0006308176100628931
0.0010194968553459117
-0.0007176100628930818
0.001740251572327044
0.0010559748427672957
0.0009729559748427673
-0.0018358490566037738
-0.0015968553459119498
-0.002710062893081761
0.0033666666666666667
0.0018119496855345913
-0.000462264150943396
0.0005037735849056603
-0.0015062893081761002
0.0037817610062893087
0.0024698113207547168
0.00026603773584905655
-0.0023377358490566033
-0.0012899371069182383
-0.003674842767295598
-0.0021301886792452827
-0.0033679245283018866
-0.0011742138364779873
0.0007276729559748424
0.00029371069182389985
0.0042924528301886795
0.0020119496855345908
0.0019226415094339621
-0.0024761006289308178
-0.0010861635220125784
-0.0006119496855345911
0.0012270440251572327
-0.0002522012578616353
-0.00020440251572327107
0.0004081761006289309
0.0004710691823899369
0.0008371069182389933
-0.00021446540880503147
0.00010125786163522015
0.001861006289308176
0.00042830188679245253
7.232704402515695e-05
-0.00015534591194968554
-0.00021823899371069196
-0.0008647798742138365
-0.0024647798742138366
0.0007289308176100628
0.00219937106918239
0.00020062893081760995
-0.0013012578616352207
0.0014962264150943393
0.0016836477987421383
-0.0017075471698113206
-0.0003691823899371068
0.0001377358490566038
0.0012182389937106918
-0.002853459119496855
0.000849685534591195
0.0012459119496855346
-0.000990566037735849
-0.0010761006289308178
0.0008044025157232705
0.00023207547169811323
-0.0014396226415094337
-0.0006018867924528306
0.0009817610062893085
0.0011452830188679252
-0.0017377358490566041
0.00310251572327044
-0.0013616352201257856
0.004014465408805031
-0.0010748427672955978
-0.0022748427672955973
-2.830188679245303e-05
0.001422012578616352
0.0011289308176100628
0.0020911949685534586
0.0021289308176100632
0.0008647798742138364
-0.0022408805031446546
0.000356603773584906
0.0008194968553459118
0.00024968553459119464
-0.0006106918238993716
-0.0018672955974842764
-0.0026874213836477977
0.0028031446540880503
0.0016094339622641513
-0.0012610062893081762
-0.0006320754716981134
0.0022069182389937102
-0.002829559748427672
0.0005805031446540882
0.001691194968553459
0.002384276729559748
-0.0034496855345911947
0.00018301886792452822
-0.002239622641509434
-0.0012358490566037733
8.238993710691798e-05
0.0007729559748427668
-0.00031761006289308176
0.002692452830188679
-0.0023251572327044026
0.00031006289308176094
-0.0003628930817610061
-0.001418238993710692
0.002892452830188679
0.0014962264150943396
-0.0015679245283018875
0.002383018867924529
-0.00031257861635220125
-0.0014207547169811324
0.0010836477987421383
0.0024421383647798742
0.0026081761006289316
-0.0011742138364779873
-0.0005088050314465406
0.0003201257861635215
-0.0004320754716981137
-0.002949056603773586
0.001676100628930818
0.000918867924528302
0.0012144654088050316
-0.0005339622641509434
-0.003586792452830189
0.002707547169811321
0.0007666666666666667
-0.0014207547169811318
-0.002959119496855346
0.002175471698113207
0.0019855345911949686
-0.0036924528301886805
0.0013364779874213834
0.0009251572327044022
-0.0008471698113207547
-0.0003352201257861634
-0.003422012578616352
-0.002779245283018868
-0.0005226415094339624
0.004237106918238994
-0.001354088050314465
0.0021213836477987423
-2.7044025157232692e-05
7.735849056603781e-05
0.0018522012578616352
0.002141509433962264
-0.0022811320754716983
-0.0006949685534591198
0.0005113207547169812
-0.0016396226415094342
-0.00017798742138364808
-0.000996855345911949
-0.001610691823899371
0.00025471698113207537
-0.00028364779874213785
-0.00019937106918238988
-0.0009251572327044025
-0.00045094339622641516
-0.0021327044025157226
-0.0012597484276729554
0.0010345911949685533
-0.0011742138364779873
-0.002655974842767295
-0.0006547169811320754
0.001974213836477988
0.000693710691823899
0.0004999999999999998
0.005975471698113208
0.00229874213836478
0.004227044025157233
-0.0015943396226415097
0.00013899371069182325
8.742138364779915e-05
-0.0022911949685534587
-0.002720125786163522
0.0007113207547169814
0.0005339622641509431
0.0005628930817610068
0.0006371069182389939
0.0014786163522012578
-0.0005301886792452829
0.0005918238993710694
0.0017842767295597486
-0.0011012578616352198
0.003352830188679245
0.0004371069182389937
-0.0008446540880503143
-0.001293710691823899
0.0016421383647798743
0.0016308176100628935
0.0009943396226415096
0.0011440251572327044
0.0008974842767295597
0.0007226415094339627
0.0030132075471698107
0.00014276729559748418
0.0020119496855345908
0.003442138364779875
-0.0015981132075471702
-0.004152830188679245
-0.004146540880503144
0.0034295597484276723
0.0054874213836477986
0.00350251572327044
0.0034723270440251575
0.0042937106918239
-0.005062264150943396
-0.00030503144654088016
0.0023264150943396226
0.0023893081761006294
-0.002611949685534591
-0.0013666666666666662
0.0013691823899371065
0.0007716981132075469
-0.0001654088050314464
-0.004430817610062893
0.0003742138364779872
-0.0028194968553459116
0.004132704402515723
-0.002257232704402516
0.002540251572327044
0.00031635220125786215
0.000515094339622641
-0.0008433962264150945
-2.9559748427673016e-05
0.0009805031446540884
0.0013440251572327045
0.0003666666666666665
0.0026559748427672962
-0.0034647798742138375
-0.00040188679245283025
-0.0006270440251572325
0.0029389937106918244
-0.007108805031446542
0.0015754716981132078
0.0014786163522012574
0.0020924528301886794
-3.5849056603773936e-05
-0.0021515723270440256
0.0038572327044025154
-0.00023081761006289318
-0.0010433962264150944
-0.001361635220125786
-0.000718867924528302
0.0016308176100628933
-0.0013075471698113207
-0.00120188679245283
0.0013150943396226416
-0.00031635220125786145
0.005211949685534591
-0.002994339622641509
0.0021352201257861638
-0.0007352201257861636
0.0004987421383647801
0.003057232704402516
0.0016748427672955975
-8.616352201257846e-05
0.0006169811320754718
0.0011150943396226415
0.0053477987421383655
0.0004308176100628928
0.003135220125786164
0.004760377358490567
-0.0006849056603773581
0.002034591194968553
-0.00033522012578616345
-0.0004987421383647801
0.0012723270440251574
0.0021138364779874214
-0.0058069182389937106
-0.0023100628930817608
-0.00129496855345912
0.002569182389937107
0.0012383647798742136
0.0007276729559748428
0.003273584905660378
-0.0036811320754716976
-0.0025465408805031447
0.0023515723270440252
0.0007176100628930814
0.000775471698113208
-0.00023333333333333355
-0.0004081761006289304
0.0011415094339622637
-0.002469811320754717
-0.00289874213836478
-0.0004383647798742141
-0.0040433962264150945
-0.0011452830188679248
0.0011251572327044025
0.004220754716981133
0.0015842767295597482
-0.002011949685534591
-0.0019339622641509427
0.0002836477987421388
0.0013654088050314467
-0.00100314465408805
4.40251572327061e-06
0.0025553459119496864
0.00409496855345912
0.0012119496855345917
0.0022157232704402515
-0.0012056603773584907
-0.00239811320754717
0.00023836477987421376
-0.0015037735849056603
0.0028295597484276733
-0.003011949685534591
0.0011515723270440251
-0.00030754716981132074
0.0004723270440251576
-0.0009553459119496861
0.0017666666666666662
0.002028301886792453
-0.0005012578616352202
0.001663522012578616
0.0018207547169811313
-0.0007415094339622645
0.0006031446540880498
0.0029981132075471706
0.002347798742138365
-0.001369182389937107
-0.003376729559748428
-0.0021176100628930816
0.0008559748427672952
0.0005364779874213839
-8.364779874213841e-05
-0.0006371069182389937
-0.0017930817610062894
0.0007704402515723272
-0.0007591194968553454
0.000537735849056604
0.001850943396226415
-0.000721383647798742
-0.004235849056603774
-0.004756603773584907
-0.0014270440251572334
-0.0036132075471698114
-0.0017553459119496852
-0.0017188679245283022
-0.0017754716981132081
0.0017339622641509437
0.0008056603773584907
-0.0024509433962264155
-0.0009339622641509437
-0.0008811320754716983
0.0013264150943396225
0.0009314465408805032
-0.0004924528301886795
0.00017672955974842777
-0.000487421383647798
-0.001009433962264151
0.0005352201257861639
-0.0013100628930817612
-0.0013477987421383643
0.0008484276729559754
0.0019993710691823905
-0.0014132075471698106
8.176100628930616e-06
-0.0029779874213836485
0.004308805031446541
-0.003084905660377359
-0.0012308176100628934
0.0020031446540880495
-0.0009628930817610064
0.005225786163522013
-0.0004811320754716982
-6.855345911949681e-05
0.0034723270440251575
0.0004257861635220128
0.001258490566037736
0.0026144654088050313
0.001049685534591195
-0.0014371069182389936
-0.00039182389937106934
-0.0008509433962264149
-1.06918238993712e-05
-0.0014220125786163524
7.861635220125749e-05
0.00015786163522012568
0.0023805031446540886
-0.00041069182389937134
0.001305031446540881
0.001117610062893082
0.0004798742138364781
0.002632075471698114
0.000733962264150944
0.0007704402515723268
0.0011905660377358493
-0.0012157232704402517
0.000415723270440251
-0.00020440251572327044
-0.000268553459119497
7.106918238993713e-05
-0.0008836477987421385
-5.849056603773639e-05
-0.0020283018867924526
-0.0014761006289308175
-0.0021955974842767295
0.004467295597484277
0.00021698113207547137
0.0028836477987421384
-8.867924528301888e-05
-0.0005440251572327041
0.00036792452830188677
0.0008044025157232705
-0.004921383647798742
-0.0011918238993710692
-0.0010333333333333327
-0.0008597484276729559
-0.00190251572327044
-0.0017125786163522015
0.001233333333333333
0.002165408805031447
0.002185534591194969
0.0008672955974842772
0.0003025157232704401
9.874213836477965e-05
0.0004169811320754718
-0.001219496855345912
0.0016169811320754716
-0.0008635220125786155
0.000820754716981132
-0.0017188679245283022
0.0018635220125786157
0.00320188679245283
-0.0012446540880503149
0.0027389937106918243
-0.00022452830188679233
0.0020232704402515724
0.0033415094339622636
-0.00042955974842767285
0.0005943396226415092
0.0025880503144654096
0.0035226415094339624
0.0004345911949685536
0.00037421383647798706
-0.0012270440251572327
0.0008194968553459119
0.0009729559748427674
-0.0003490566037735849
0.0006547169811320758
0.003591823899371069
-0.0008207547169811317
0.002450943396226415
-0.0008773584905660382
-0.0014283018867924527
0.002020754716981132
-0.0021150943396226417
-0.00035660377358490527
-0.0005062893081761004
0.0023440251572327047
-0.0004748427672955973
0.0016220125786163531
-0.003620754716981133
0.0014836477987421384
-0.0005628930817610065
-0.0037540880503144653
0.00023459119496855373
0.0016006289308176098
-0.0017628930817610066
0.0027566037735849056
-0.0030622641509433965
-0.0019163522012578622
-0.0027477987421383643
-0.002525157232704403
0.0007012578616352203
0.0009842767295597475
-0.0015905660377358484
-0.0025918238993710694
-0.0019125786163522011
-0.0020987421383647804
0.0002345911949685531
0.0002522012578616352
-0.0013188679245283023
-0.0023289308176100637
0.0008169811320754721
-0.0009062893081761009
0.0020345911949685527
0.0005238993710691825
-0.001717610062893082
0.002120125786163522
-0.000702515723270441
-0.0004144654088050319
0.0004937106918238997
0.0011503144654088052
0.000910062893081762
0.0004849056603773583
0.0002257861635220124
0.0011465408805031447
-0.001362893081761006
0.0005264150943396229
-0.000842138364779874
0.0006383647798742134
0.00012389937106918182
6.855345911949716e-05
0.001961635220125786
0.003961635220125786
-0.0006484276729559743
-0.001738993710691824
0.0015238993710691821
-0.0015792452830188672
-0.00039182389937106934
0.0006295597484276725
0.0007327044025157235
-0.0006509433962264149
3.459119496855349e-05
-0.0011591194968553465
0.003911320754716981
-5.974842767295599e-05
-0.004245911949685535
0.0008547169811320756
0.0005905660377358497
0.00018679245283018876
0.00042452830188679196
-0.0003276729559748425
0.0018572327044025158
0.0003641509433962262
-0.001229559748427673
-0.0006874213836477987
-0.0006999999999999998
0.0023566037735849054
0.003006918238993711
0.0014572327044025156
-0.0012962264150943393
0.001162893081761006
-0.002145283018867924
0.0047654088050314465
-8.490566037735927e-05
0.002069811320754717
0.0026723270440251576
-0.0020811320754716986
-0.0028937106918238992
-0.0007993710691823895
-0.0002496855345911943
0.0005830188679245287
9.496855345911921e-05
-0.001165408805031447
0.0009918238993710683
0.00041823899371069167
-0.002648427672955975
0.0007490566037735847
0.002042138364779874
-0.0014584905660377356
-0.0015465408805031451
-0.000889937106918239
-0.0007515723270440252
-0.0011264150943396229
0.0005327044025157228
-0.0018119496855345909
0.0013389937106918247
0.0006685534591194962
-0.0005528301886792451
0.0014547169811320755
-0.001611949685534592
0.0025704402515723266
0.002507547169811321
-0.0032622641509433958
0.00028867924528301885
-0.0013779874213836482
-0.001127672955974843
-0.00012012578616352187
0.0023251572327044026
0.00010377358490565986
0.0018459119496855344
0.002785534591194969
0.0014899371069182386
-0.0034018867924528297
0.0020081761006289305
-0.0028308176100628932
0.0019981132075471697
-0.003047169811320755
-0.00040440251572326997
0.0007779874213836474
0.0006861635220125784
0.0012408805031446544
-0.00418679245283019
-0.004566666666666667
0.0006446540880503144
0.00025220125786163484
-0.0007805031446540877
-0.0008044025157232704
-0.0016320754716981133
0.0023025157232704403
-0.0016006289308176098
0.0019767295597484286
0.0010798742138364778
0.000849685534591195
0.0014874213836477983
0.0017088050314465406
0.0009666666666666663
-0.0010094339622641506
0.00014025157232704417
0.002830817610062893
-0.003242138364779874
-0.0057
-0.002542767295597484
-0.0003251572327044029
-0.0031641509433962263
0.0026144654088050313
0.0012018867924528302
0.0010069182389937105
0.0005150943396226415
-0.0021088050314465407
-0.0002635220125786161
0.0009930817610062893
-0.000681132075471698
0.004027044025157232
-0.0007641509433962267
-0.002028301886792452
-0.0003352201257861633
0.0012320754716981133
0.0024144654088050312
-0.0018647798742138372
-0.0020710691823899374
-0.002776729559748427
0.000520125786163522
0.0017352201257861638
-0.001645911949685534
-0.0013654088050314471
0.0004509433962264154
-0.0001603773584905662
-0.0006232704402515724
0.0037566037735849065
0.0027528301886792454
-0.0014182389937106917
-0.0011276729559748428
0.00045220125786163445
5.723270440251527e-05
0.00019433962264150942
-0.00040314465408805035
-0.0016547169811320754
-0.0013918238993710693
-0.0016937106918238993
-0.00046855345911949744
0.002905031446540881
0.0011490566037735848
0.001717610062893082
-0.00024213836477987452
0.0002861635220125783
0.0012937106918238996
0.002771698113207547
-0.0010371069182389936
-0.004467295597484276
-0.0028345911949685535
0.002606918238993711
0.0008534591194968556
0.0011201257861635221
0.0010308176100628933
0.0002408805031446539
-0.0015540880503144656
0.003790566037735849
0.0026471698113207545
0.001520125786163522
0.0005666666666666666
-0.00044213836477987467
-0.0028584905660377353
0.0005226415094339616
-0.0019616352201257867
0.001711320754716981
-0.0022597484276729563
0.000663522012578616
-0.0015226415094339626
0.0015301886792452833
-0.000710062893081761
-0.00039056603773584886
-0.001009433962264151
0.004018238993710692
-0.00036540880503144717
0.0012044025157232705
0.001614465408805031
0.0009415094339622645
0.0014169811320754713
-0.0011855345911949689
0.0007452830188679246
0.0023666666666666667
0.001061006289308176
-0.0013955974842767298
-0.0017188679245283018
0.00027106918238993744
0.0001616352201257866
-0.0026069182389937113
-0.0003100628930817609
0.00011761006289308173
0.001780503144654088
-0.0022899371069182387
0.0021503144654088048
-0.0027616352201257867
-0.00110125786163522
0.00012389937106918237
0.0007352201257861637
-0.003894968553459119
-0.002037106918238994
0.0012446540880503149
-0.0026433962264150947
0.0017578616352201255
0.0016723270440251574
0.0028861635220125783
0.0002408805031446544
0.00021949685534591152
-0.001686163522012579
-0.0017716981132075468
0.0005427672955974842
0.0020069182389937106
-0.0017968553459119495
0.001027044025157233
-0.0005125786163522008
0.00038930817610062897
0.0012773584905660378
0.00027610062893081746
0.002644654088050314
0.0007402515723270445
0.0013830188679245287
-0.0031301886792452836
-0.001011949685534591
-0.004979245283018868
-0.002542767295597484
-0.0007339622641509441
-0.0013943396226415094
-0.00035911949685534585
0.0001050314465408808
-0.0020106918238993713
-0.0025943396226415097
-0.0014270440251572328
-0.0018660377358490565
0.0009075471698113208
0.0004157232704402517
0.0003
-0.001321383647798742
-0.0008383647798742139
-0.0014333333333333336
0.0004798742138364782
-0.0005138364779874213
0.000762893081761006
0.00036792452830188693
0.002615723270440251
-0.0017867924528301884
0.001810691823899371
0.0012584905660377361
0.001360377358490566
0.0008333333333333334
0.0005075471698113209
0.0001452830188679245
0.00070377358490566
0.00043459119496855336
-0.0019968553459119498
-0.0009490566037735853
0.0024823899371069187
-0.0007037735849056602
-0.0004371069182389928
-0.0021238993710691826
0.0003012578616352203
0.004577987421383649
-0.0011742138364779873
-0.002057232704402516
0.001993081761006289
0.0016169811320754716
-0.0008698113207547172
0.0009578616352201257
0.0001553459119496859
-8.23899371069186e-05
0.0014119496855345913
0.0008874213836477988
0.0006081761006289307
-0.0018572327044025154
0.00030503144654088103
0.0018660377358490565
-0.001679874213836478
0.0013553459119496852
0.0013679245283018866
-0.00011509433962264201
-0.0004245283018867923
-0.00040566037735849066
0.0027477987421383647
0.0019050314465408815
-0.00370125786163522
-0.0011666666666666674
0.00310377358490566
0.0025088050314465405
-0.0013716981132075468
0.002439622641509434
-0.0016924528301886785
0.00011383647798742185
-0.0007075471698113208
0.0013943396226415092
-0.0009201257861635222
-0.0012660377358490564
0.00139937106918239
0.001662264150943395
0.0007
0.0026006289308176103
-0.00014150943396226375
0.0012220125786163523
-0.0010081761006289316
-0.001089937106918239
0.0012761006289308179
0.0011163522012578619
0.0005993710691823899
-0.002305031446540881
-0.0018974842767295595
-0.0011138364779874218
0.0024610062893081763
0.0001490566037735849
-0.00031383647798742146
0.0034874213836477985
-0.0027591194968553463
-0.0009125786163522013
0.0014182389937106917
0.0013729559748427672
0.0004345911949685535
-0.002354088050314466
0.0018786163522012584
0.0019389937106918233
0.0002194968553459118
0.0012924528301886786
0.0024295597484276727
-0.0005779874213836479
-0.0012471698113207545
-0.0027616352201257867
0.0006861635220125785
-0.0006044025157232704
-0.0029880503144654093
-0.0012672955974842768
-0.0020949685534591193
0.0029088050314465415
-0.0019603773584905664
-0.00018301886792452849
0.00017169811320754747
-0.000619496855345912
0.0013012578616352203
0.001986792452830189
0.00010754716981132087
0.0013955974842767296
0.0021628930817610063
-0.0010295597484276727
0.00047861635220125775
-0.0009742138364779875
-0.0045012578616352205
0.0009415094339622635
-0.0006119496855345912
-0.0012106918238993713
-0.003668553459119498
-0.0002320754716981133
0.000979245283018868
-0.0015867924528301892
5.094339622641516e-05
0.00045723270440251566
0.002044654088050315
-0.003273584905660377
0.0007327044025157228
-0.001972955974842768
2.3270440251572556e-05
-0.0010056603773584906
0.0035905660377358495
0.004985534591194969
0.0029893081761006293
-0.0020937106918238993
0.005414465408805032
0.001022012578616352
0.0024849056603773586
-0.003181761006289309
-0.0014559748427672955
-4.842767295597453e-05
0.0014081761006289307
0.00037421383647798717
-0.0026459119496855346
-0.0014911949685534594
-0.0014358490566037739
-0.0019389937106918233
0.0018295597484276726
0.00049496855345912
-0.0011955974842767295
-0.0036534591194968546
-0.0034597484276729555
-0.0021075471698113204
-0.0008031446540880505
0.002369182389937107
0.0010320754716981134
-0.0020559748427672955
0.0010647798742138368
-0.0013792452830188678
-0.00023584905660377361
0.0027477987421383643
-0.0007716981132075473
-0.0031314465408805035
-0.0027201257861635218
-0.0002459119496855344
0.0013490566037735851
1.9496855345911505e-05
-0.000588050314465409
-0.002019496855345912
-0.00199433962264151
0.0014358490566037732
0.0010320754716981134
-0.0012723270440251572
0.0003817610062893084
0.0008962264150943399
0.0012433962264150947
-0.001888679245283019
0.0017553459119496856
0.00289748427672956
-0.0012069182389937109
0.0012245283018867924
9.748427672956036e-05
-2.9559748427672667e-05
0.0005817610062893081
-0.0013817610062893083
-0.003559119496855346
0.0020572327044025155
2.9559748427673192e-05
-0.00021069182389937144
-0.0011754716981132076
0.003482389937106918
-0.0005176100628930819
0.0011817610062893084
7.987421383647792e-05
0.0017729559748427672
-0.0031955974842767304
-0.002394339622641509
-0.0036647798742138363
-0.002541509433962264
0.0005088050314465407
0.0015213836477987416
0.003653459119496856
0.001810691823899372
-0.002180503144654088
0.0002484276729559744
1.57232704402515e-05
-0.0001716981132075472
0.0010081761006289307
-0.0011993710691823897
0.0024081761006289303
0.0005062893081761004
0.0018911949685534596
0.0004308176100628925
0.0017000000000000003
0.0004849056603773587
-0.0017566037735849056
0.0021188679245283015
-0.0021050314465408805
-0.0013301886792452837
0.002619496855345912
-0.0009452830188679248
-0.0033050314465408797
0.0011201257861635221
-0.001250943396226415
-0.0001402515723270443
0.0008182389937106923
0.0008106918238993708
0.0001276729559748424
0.0005742138364779873
-0.004027044025157233
0.000518867924528302
0.002950314465408805
0.0007855345911949683
0.0018270440251572325
0.0007440251572327046
-0.0029000000000000002
-0.003125157232704402
0.0025867924528301892
0.002874842767295598
0.0009943396226415096
-0.0017440251572327042
0.001902515723270441
0.0009062893081761003
0.001175471698113208
-0.0005163522012578613
-0.0025314465408805033
0.0007037735849056603
0.0004056603773584899
-0.0022421383647798737
-0.0014333333333333333
0.003112578616352202
-0.0031830188679245284
-0.002910062893081761
0.0010849056603773584
0.0014735849056603774
-0.00028238993710691786
-0.00179937106918239
0.0002861635220125786
-0.002186792452830189
0.0002584905660377363
-0.0017704402515723264
-0.002255974842767295
0.0006509433962264152
0.00043710691823899356
0.0013553459119496852
0.0036786163522012586
-0.0008345911949685538
-0.0005402515723270436
-0.0014698113207547172
-0.0007477987421383648
0.0008132075471698109
-0.0003603773584905661
0.0031150943396226413
0.0028811320754716977
0.001076100628930818
0.0002471698113207548
0.000347798742138364
-3.459119496855358e-05
-0.0005641509433962265
-0.0004320754716981131
-0.0015603773584905664
-0.001837106918238994
-0.002751572327044026
-0.00290503144654088
-0.00045220125786163537
-0.00020314465408805064
0.0017415094339622644
-0.000252201257861635
-0.0006849056603773583
0.0006509433962264149
0.0020232704402515724
0.0015226415094339626
0.0011163522012578616
-0.001873584905660377
-0.0008735849056603775
0.0010622641509433963
-6.981132075471698e-05
-0.0005238993710691825
-0.0036421383647798748
-0.0034396226415094344
0.0016383647798742136
-0.0006899371069182395
-0.003770440251572328
0.0003427672955974842
-0.0013
-0.00022704402515723283
0.0031503144654088052
0.001053459119496855
-0.00033773584905660376
-0.0019276729559748428
0.0014031446540880505
0.0029880503144654085
0.0029628930817610054
0.0015666666666666665
0.0033062893081760997
0.0013716981132075483
-0.0013012578616352203
-0.0038836477987421385
0.000967924528301887
-0.0002962264150943392
0.0008194968553459121
0.0032396226415094347
0.0038358490566037743
-0.0022949685534591193
0.0017603773584905658
-0.0003742138364779875
0.002511320754716981
1.9496855345911898e-05
-0.0023150943396226423
0.0010559748427672962
0.001908805031446541
-0.0016949685534591204
-0.0012119496855345908
-0.0008849056603773588
-0.002791823899371069
0.0037880503144654093
0.00069748427672956
0.0019113207547169818
-0.0008823899371069185
-0.0017503144654088052
-0.0032295597484276726
-2.578616352201249e-05
-0.0005930817610062895
0.0015276729559748421
0.003381761006289308
3.207547169811306e-05
-0.0014522012578616348
-0.0022018867924528305
-0.0006018867924528303
-0.0028924528301886797
0.0005578616352201253
0.0006672955974842765
0.0011415094339622637
-0.00037672955974842775
-0.0020685534591194966
-0.0013377358490566037
-0.0018295597484276733
-0.00039685534591194963
-0.0008069182389937105
-0.0015012578616352204
-0.0007679245283018868
0.0024899371069182397
0.00046603773584905626
-0.0023955974842767296
-0.0022559748427672956
0.0023742138364779876
0.0006446540880503146
-0.00030377358490566033
0.0007226415094339626
0.0019125786163522015
-0.0023238993710691827
-0.0003251572327044023
-0.0026987421383647798
0.00043836477987421393
-0.00020188679245283016
-0.0008685534591194962
0.0015364779874213837
-0.003347798742138364
-0.0013176100628930823
-0.0001440251572327046
0.0010962264150943396
-0.001863522012578617
-0.0013062893081761003
0.00019056603773584866
0.0012610062893081762
-0.0012559748427672956
0.00015283018867924485
-0.00010880503144654151
0.0021289308176100632
0.00040566037735849066
0.0031591194968553465
-0.0031000000000000003
0.00140314465408805
0.0006710691823899368
0.0015867924528301888
-0.001308805031446541
-0.00017295597484276735
-0.0001276729559748431
-0.003113836477987422
0.0009163522012578612
0.0036698113207547164
-0.0016660377358490568
0.002738993710691824
0.0018962264150943395
0.000317610062893082
0.0009943396226415096
0.0016861635220125786
-0.002252201257861635
0.0017528301886792455
5.345911949685574e-05
-0.0027452830188679244
-0.001561635220125786
-0.0015113207547169808
0.0034849056603773586
-0.0003578616352201258
-0.0019993710691823896
0.001937735849056604
-0.0014672955974842769
-0.00012138364779874204
0.0011867924528301888
0.0018044025157232704
-0.00019433962264150915
-0.001356603773584906
0.0013754716981132075
-0.0007251572327044026
-0.002510062893081761
0.0007817610062893081
0.0011402515723270446
-0.001375471698113207
-0.0029817610062893084
-0.0013666666666666662
0.0005540880503144657
-9.87421383647793e-05
0.0005792452830188676
-0.0007440251572327042
0.000606918238993711
0.00012264150943396237
0.0006597484276729559
0.00017547169811320707
-0.0010257861635220124
0.0030962264150943405
-0.0028270440251572334
-0.0019716981132075467
0.003282389937106918
-0.0009301886792452828
0.00219685534591195
0.0007729559748427677
0.003216981132075472
-0.0002723270440251571
-0.0014459119496855345
0.0018245283018867926
0.0009515723270440255
-0.0007779874213836477
-0.0007628930817610064
-0.0017490566037735846
-0.004208176100628931
-0.0003792452830188675
0.0014069182389937114
0.00020188679245283003
0.002882389937106918
-0.00039685534591194963
0.0007062893081761007
-0.001087421383647799
-0.0019628930817610067
-0.0026333333333333326
-0.0011100628930817609
0.0007238993710691825
-0.002347798742138365
0.002089937106918239
-0.001023270440251572
-0.0004635220125786163
0.0009037735849056603
-0.001067295597484277
-0.0018987421383647803
-0.0016408805031446541
-0.0005377358490566039
-0.0016937106918238993
-0.00012893081761006318
0.0019968553459119498
0.0005100628930817609
9.748427672955988e-05
0.0017540880503144648
0.0025062893081761006
0.0012723270440251574
-0.0030660377358490564
0.0020924528301886794
0.0012710691823899372
-0.000522641509433962
-0.0015616352201257857
9.371069182389953e-05
-0.001167924528301887
-0.00029245283018867926
0.0017603773584905663
-0.0016937106918238993
-0.0008635220125786166
0.0016861635220125786
-0.0021716981132075468
0.0003515723270440253
-0.00260440251572327
0.0009050314465408807
-0.0003075471698113207
0.001018238993710692
-0.0008874213836477988
0.0009327044025157231
-0.0019503144654088053
-0.00022578616352201224
0.0015981132075471697
0.0008798742138364779
0.0019075471698113205
0.007120125786163523
-0.001687421383647799
0.0005578616352201256
0.00012389937106918218
-0.00025094339622641436
-0.001191823899371069
0.0027213836477987426
-0.002775471698113207
-0.0010572327044025159
-0.002575471698113207
-0.0014748427672955974
-0.0028886792452830186
-0.002783018867924528
0.0030672955974842767
-0.0019213836477987428
0.0004710691823899371
-0.00035408805031446566
0.00129748427672956
-0.0033691823899371066
0.00099937106918239
-0.00440691823899371
0.0019767295597484277
-0.0016949685534591193
0.004113836477987421
0.0009163522012578618
-0.00036163522012578605
-0.0006433962264150941
-0.0008484276729559751
-0.0007301886792452837
-5.0943396226415024e-05
0.002360377358490566
-0.0012798742138364781
0.0026735849056603784
0.0008987421383647798
-0.004928930817610063
0.004749056603773586
-0.0008283018867924529
0.0023855345911949683
0.0005440251572327042
-0.004818238993710693
-0.00027987421383647755
-0.0010723270440251575
-0.0008735849056603772
-0.002455974842767296
0.0002509433962264154
0.004648427672955975
0.004993081761006289
-0.002385534591194969
0.0023704402515723273
-0.000267295597484277
0.0008496855345911953
-0.0027226415094339634
0.002530188679245283
-0.0005654088050314468
-9.37106918238991e-05
-0.000842138364779874
-0.002325157232704402
-0.0028345911949685535
-0.0011679245283018867
0.0008245283018867924
0.00339811320754717
0.0016949685534591193
0.0005415094339622643
0.0005641509433962259
0.0012761006289308179
0.0029251572327044025
0.0014018867924528301
0.0024974842767295597
0.000618238993710691
-0.002352830188679245
-0.001762893081761006
8.993710691823852e-05
0.005045911949685534
-0.00024716981132075514
0.0016761006289308174
0.0008421383647798747
-0.001160377358490566
-0.003513836477987422
0.00037924528301886795
0.0011352201257861638
-0.0009528301886792457
0.00013647798742138337
0.0002295597484276729
-0.0004886792452830188
-9.999999999999968e-05
-0.0004937106918238997
-0.0034044025157232713
0.0014182389937106913
-0.0015389937106918238
0.0049855345911949695
0.0013754716981132075
-0.001032075471698113
0.00100188679245283
-0.0019238993710691825
-0.0025188679245283017
0.0005930817610062894
-0.0022823899371069182
0.0015981132075471695
0.0005314465408805032
0.0005905660377358493
0.0028547169811320755
0.0022283018867924526
0.0020345911949685535
0.002937735849056604
-0.0025264150943396227
-0.0011515723270440253
0.00024213836477987412
0.0003352201257861639
-0.00020817610062893072
0.0028119496855345907
-0.0016672955974842763
0.0006987421383647796
0.0011465408805031447
-0.001162893081761006
0.002086163522012579
-0.0018836477987421382
-0.0023704402515723273
0.0025213836477987425
-0.0008710691823899368
0.0006371069182389938
0.002380503144654088
0.0002257861635220125
-0.002049685534591195
0.0024559748427672953
0.0005591194968553457
-0.0022220125786163525
-0.0019251572327044027
0.0006924528301886791
0.0002710691823899376
-0.001141509433962264
0.0002622641509433961
0.0009742138364779873
-0.0009591194968553461
-0.0017943396226415098
-0.0044459119496855345
0.0003477987421383647
-0.0024886792452830184
-0.002784276729559748
-0.0007402515723270441
0.000712578616352201
0.00039308176100628965
0.0015792452830188678
0.00029371069182389947
0.00030125786163521997
-0.00044339622641509455
-0.0022823899371069182
0.0012534591194968553
-0.0029603773584905664
0.0004635220125786167
-0.0004257861635220128
-0.0004974842767295594
0.002215723270440251
-0.0027553459119496857
0.0027100628930817614
-0.00018805031446540913
0.0021566037735849058
0.0018597484276729557
-0.0014924528301886798
-0.0009981132075471695
-0.0001364779874213836
-0.0010144654088050317
-0.0021477987421383658
-0.0018094339622641506
-0.002459748427672956
0.0023000000000000004
-0.0006333333333333336
-0.003092452830188679
0.005258490566037736
0.0043088050314465404
0.0025364779874213835
-0.00015911949685534598
-0.0003251572327044026
-6.100628930817619e-05
0.0007150943396226415
-0.001988050314465409
0.0017616352201257862
0.0026874213836477986
-0.001938993710691824
0.0013238993710691825
-0.003082389937106918
0.00015283018867924555
-0.0006610062893081758
-0.0023503144654088057
0.0021176100628930816
-0.0021037735849056606
0.0004547169811320754
-0.0005716981132075465
0.0020484276729559746
-0.0006773584905660375
0.0004106918238993714
0.0036094339622641516
0.00016918238993710678
-0.0029955974842767303
0.0023578616352201267
-0.002271069182389937
-0.0018371069182389931
0.003303773584905661
0.0026761006289308174
-0.0019578616352201256
-0.0007503144654088046
-0.0009566037735849063
-0.0023188679245283016
-0.0007427672955974844
-0.00022327044025157217
0.0005842767295597486
-0.0005163522012578616
0.0015402515723270443
0.005986792452830189
-0.002186792452830188
3.3333333333333484e-05
0.002917610062893082
0.00016037735849056662
0.0019616352201257863
0.0014308176100628928
0.0012937106918238987
0.0008194968553459118
-0.000190566037735849
0.0024534591194968554
-0.00038679245283018823
-0.0018094339622641504
-0.0016748427672955975
-0.0033867924528301887
0.0034169811320754716
-0.0012484276729559749
0.0023314465408805028
0.001128930817610063
0.0020371069182389934
0.001717610062893082
0.003032075471698113
-0.0016220125786163522
0.0012358490566037744
-0.00032893081761006316
0.0002383647798742143
0.00043333333333333337
0.00034276729559748443
0.001020754716981132
0.0014849056603773584
-0.0018924528301886793
-0.00130377358490566
-3.5849056603773415e-05
-0.0034144654088050317
-5.723270440251553e-05
0.0013213836477987421
0.0005075471698113205
-0.0008471698113207543
0.0005930817610062893
0.0006459119496855346
-0.001732704402515723
-0.0006459119496855357
-0.0013251572327044022
-0.002010691823899371
0.0015968553459119494
0.0037830188679245287
-0.000985534591194969
0.0007641509433962267
-0.001027044025157233
0.0009427672955974845
-5.345911949685531e-05
0.0004358490566037737
-0.0028710691823899373
-0.0011503144654088047
0.0004270440251572328
-0.002462264150943396
2.8301886792453074e-05
0.000643396226415094
0.00011635220125786138
0.0011452830188679243
-0.0009716981132075469
0.0029176100628930824
-0.0001867924528301887
-0.0031603773584905665
-0.002286163522012579
-0.001577987421383648
-0.00012012578616352144
0.0005767295597484277
0.00028993710691823873
-0.00022075471698113167
-0.0021050314465408805
-0.0012459119496855346
-6.477987421383694e-05
-0.0013477987421383647
0.0024207547169811322
-0.0019729559748427666
0.004159119496855346
-0.00038553459119496835
-0.001346540880503145
-0.003020754716981132
-0.001405660377358491
-0.0005062893081761008
0.0022748427672955964
-0.003210691823899371
-0.0024371069182389936
-0.0010723270440251575
0.002479874213836478
0.0006182389937106917
0.0016308176100628935
0.002336477987421384
0.0009981132075471701
0.002349056603773586
-0.003735220125786163
-0.0016396226415094342
-0.0017905660377358487
0.0007716981132075471
0.001009433962264151
-0.004014465408805032
0.0017163522012578615
0.0019188679245283025
-0.003356603773584906
0.0023163522012578626
-0.0016257861635220127
-0.0004396226415094341
-0.0002383647798742136
0.0032182389937106914
0.002642138364779874
0.0012685534591194976
-4.213836477987446e-05
-0.0016031446540880504
-0.0009943396226415094
-0.0012094339622641512
0.000786792452830189
-0.0012371069182389937
-0.0006257861635220126
-0.0011088050314465414
-0.001137735849056604
0.0010559748427672953
-0.003169182389937107
0.0017440251572327042
0.0006836477987421381
0.0016962264150943399
-0.00399937106918239
0.0015213836477987422
-0.00013522012578616365
-0.0006710691823899378
-0.0010861635220125788
0.0027893081761006288
-0.0025943396226415097
0.0006270440251572325
-0.00014905660377358474
-0.0019289308176100627
-0.0015264150943396222
-0.0014232704402515719
-0.0009616352201257858
-0.003915094339622641
-0.0018069182389937103
0.0012232704402515724
0.002788050314465409
0.0005150943396226417
-0.0015930817610062895
-0.002486163522012579
-0.0002484276729559747
0.0017012578616352205
0.0008094339622641509
0.0014396226415094345
-0.0013301886792452832
-0.0010257861635220124
0.0021553459119496854
0.002081132075471699
0.00220062893081761
0.00059937106918239
-0.0014257861635220128
0.00119811320754717
-0.0007603773584905661
0.001440880503144654
-0.002537735849056604
0.0005817610062893078
-0.00040062893081761026
0.0022786163522012584
0.0007289308176100626
-0.0008220125786163526
-0.00017547169811320734
-0.0007364779874213836
-0.0010371069182389938
-0.002029559748427673
-0.0016672955974842767
-0.0022710691823899366
-0.0019893081761006293
-0.0020245283018867927
-0.0002484276729559751
0.0009138364779874212
0.002131446540880503
0.0012811320754716987
-0.0035654088050314464
0.003457232704402516
0.0009503144654088051
0.0025830188679245285
-0.0005880503144654086
0.0007062893081761007
0.00021823899371069223
-0.0003842767295597485
0.0011301886792452827
0.0024836477987421387
0.0018534591194968558
-0.0037893081761006292
0.0032182389937106923
0.0008396226415094336
0.0036496855345911953
0.001142767295597484
0.0020735849056603773
-0.0010723270440251569
-0.003655974842767296
0.004575471698113208
-0.0024358490566037732
0.001583018867924528
0.001093710691823899
0.0006157232704402515
-0.00027358490566037726
0.001206918238993711
-0.0037150943396226407
0.0005201257861635225
-0.00020062893081761022
-0.0021100628930817607
0.0011100628930817609
-7.232704402515748e-05
0.0016207547169811323
0.0026723270440251576
-0.0015918238993710692
0.0012270440251572331
-0.0005603773584905656
-0.0015716981132075471
-0.0028031446540880503
-0.0006924528301886794
-0.004615723270440251
-7.106918238993735e-05
0.00011383647798742148
-0.0009364779874213838
-0.0009364779874213835
-0.00388867924528302
-0.002117610062893082
0.0017528301886792453
0.0030886792452830196
0.0001817610062893084
-0.0013427672955974843
0.0008547169811320756
-0.0006911949685534587
0.00022201257861635237
-0.0018358490566037732
-0.00036415094339622625
-0.0004257861635220128
-0.0024371069182389936
0.0033402515723270436
-0.002264779874213837
0.001886163522012579
-0.002814465408805031
-0.002172955974842768
-0.00028490566037735855
0.0008094339622641509
-0.001166666666666667
0.0028333333333333335
-2.7044025157232956e-05
-0.0031981132075471694
-0.0005805031446540881
0.0025125786163522016
-0.0025805031446540882
0.0009125786163522013
0.0003616352201257865
-0.0014761006289308173
-0.00219685534591195
-0.0012849056603773587
0.0014509433962264155
0.0022119496855345913
0.000571698113207547
0.001959119496855346
-0.00027358490566037656
0.001161635220125786
-0.0026471698113207545
-9.748427672955983e-05
-0.0016861635220125782
0.0028937106918239005
0.0020044025157232707
-0.0010157232704402514
-0.0015805031446540887
-0.0013679245283018866
-0.001937735849056604
-5.7232704402516056e-05
0.00033647798742138333
-0.0006018867924528306
0.0017830188679245284
-0.004227044025157232
0.0021754716981132074
-0.0007000000000000001
-0.00089874213836478
0.0040849056603773585
-0.0011264150943396227
0.0005918238993710696
-0.0005037735849056605
-0.0002786163522012579
-0.0025830188679245285
0.002146540880503144
-0.0007490566037735848
0.0015352201257861635
-0.0007415094339622642
0.0009805031446540873
0.0017918238993710701
0.0025893081761006287
0.0017742138364779882
-0.00025723270440251595
0.0008295597484276732
0.0007113207547169815
0.0011754716981132083
-0.00047735849056603787
0.000580503144654088
0.0018811320754716979
0.0019603773584905664
-0.0041654088050314475
-0.0006283018867924532
0.0014157232704402516
-0.0025817610062893073
0.0005616352201257863
0.0017452830188679257
0.001764150943396227
0.0019377358490566033
-0.0003050314465408805
-0.00036037735849056573
-0.004015723270440252
0.003308805031446541
0.0032974842767295597
-0.001408176100628931
0.0005918238993710692
0.0002735849056603769
-0.0003000000000000003
0.0009138364779874212
-0.0019477987421383644
0.0012257861635220123
0.0022496855345911946
-0.0001213836477987422
0.0002006289308176103
-0.0013402515723270447
-0.0006937106918238997
-0.0012874213836477986
-0.0043503144654088045
-0.0013088050314465412
0.0018484276729559756
-0.003674842767295597
-0.0014572327044025156
-0.0037654088050314465
-0.0012559748427672954
-0.005005660377358492
-0.0019591194968553464
-0.0011855345911949687
-0.0020044025157232703
0.0012245283018867924
0.002292452830188678
-0.0011805031446540887
0.0012496855345911953
8.993710691823886e-05
-0.00013773584905660375
0.0007943396226415094
0.0015855345911949684
0.001440880503144654
-0.00199559748427673
0.0016547169811320758
0.002257232704402516
9.119496855345911e-05
0.004443396226415095
-0.0008446540880503141
0.00046729559748427674
-0.0014849056603773586
-0.001861006289308176
-4.4025157232703485e-06
0.00020062893081761006
0.0017000000000000003
0.0013415094339622642
-0.0011553459119496854
-0.0014094339622641517
-0.0017503144654088052
0.0005528301886792458
0.0006635220125786167
-0.002120125786163522
0.0017930817610062899
0.0005339622641509434
0.0005603773584905663
-0.0049301886792452836
0.0010345911949685533
0.0009742138364779873
0.0006723270440251578
0.0017201257861635217
-0.001555345911949686
0.0020446540880503144
0.0012836477987421381
0.00017044025157232783
-0.0004761006289308178
0.001310062893081761
-0.0007301886792452834
-0.00015660377358490518
0.0013025157232704398
0.0012672955974842766
0.0028169811320754717
-0.0018433962264150939
0.00015283018867924547
0.00025094339622641496
-0.0003440251572327045
-0.0017515723270440254
-0.004655974842767296
-0.0008937106918238992
-0.0003276729559748429
-0.004591823899371069
0.0024735849056603774
-0.00120062893081761
-0.0037075471698113202
-0.0014798742138364778
0.00015031446540880505
-0.0020421383647798745
-0.000809433962264151
-0.0021628930817610068
-0.0031855345911949683
-0.0035213836477987425
0.0024698113207547168
-0.0023528301886792443
0.00041320754716981154
-0.0006333333333333336
0.0011540880503144654
0.0026471698113207545
0.0013490566037735851
-0.00031383647798742184
0.0012572327044025158
-0.000561635220125786
-0.0005918238993710696
-0.00023836477987421387
0.0008232704402515725
-0.0010823899371069181
0.0005364779874213837
-0.0003716981132075469
-0.002565408805031447
0.00043584905660377357
0.00220314465408805
0.0017830188679245282
0.00013144654088050376
0.003188050314465408
-0.0013805031446540875
-5.723270440251553e-05
0.0026245283018867926
-0.001289937106918239
-0.002147798742138365
-0.0005666666666666665
-0.0026937106918238996
0.0004597484276729563
0.001239622641509434
0.003615723270440252
-0.0010823899371069183
0.0012295597484276734
-0.001111320754716981
-0.0021238993710691826
0.004035849056603773
0.0032320754716981133
0.0012144654088050311
-0.003177987421383648
-0.0005075471698113207
0.0005226415094339627
-0.000259748427672956
0.0009352201257861631
-0.0006509433962264154
0.0022710691823899375
-0.0016106918238993706
-0.001261006289308176
-0.0008559748427672956
0.0011012578616352207
-0.0009088050314465412
0.0025364779874213843
0.0027553459119496857
0.0014031446540880503
-0.0039578616352201265
0.00028490566037735817
0.00459811320754717
-0.002159119496855346
-0.000762893081761006
0.0021377358490566045
-0.001747798742138365
-0.0008534591194968552
0.0001389937106918243
-0.0005729559748427672
0.00015408805031446546
-0.0014069182389937105
-0.0024761006289308178
-0.0025402515723270437
-0.0012433962264150943
-2.8301886792452854e-05
0.002333962264150943
0.005087421383647799
0.0015000000000000002
0.004615723270440251
-0.0025679245283018867
0.0035641509433962265
-0.0008471698113207544
0.00017672955974842777
0.002766666666666667
0.0006823899371069181
0.003279874213836478
-0.0005377358490566036
0.0017603773584905663
0.0011981132075471696
0.0004421383647798743
-0.0003628930817610062
-0.00017044025157232783
-1.823899371069206e-05
-0.0023893081761006286
-0.0006182389937106921
0.0007075471698113214
-0.002542767295597485
6.352201257861616e-05
-0.0016484276729559753
-0.0012132075471698116
0.0017188679245283018
-0.0002044025157232703
0.0004937106918238988
-6.352201257861634e-05
-0.0008295597484276727
0.002172955974842767
-0.002850943396226415
-0.001272327044025157
0.0010446540880503141
-0.0015088050314465405
0.0005415094339622645
-0.0013566037735849054
0.0014069182389937112
0.001273584905660377
0.0006018867924528306
-0.0013176100628930815
-0.0014924528301886789
-0.0013654088050314463
0.0019930817610062886
-0.0023440251572327047
0.0005062893081761007
-0.000505031446540881
0.000419496855345912
0.0002735849056603772
0.00060062893081761
0.0004924528301886791
0.0028886792452830186
-0.0018320754716981131
-0.0001289308176100627
0.0015540880503144658
-0.00040691823899371055
-0.0006622641509433958
-0.00030503144654088043
-0.0008572327044025159
0.0010911949685534594
0.0003867924528301885
0.003815723270440252
-0.003201886792452831
-0.001581761006289308
-0.00046855345911949684
-0.0029327044025157234
0.003928930817610063
-0.002967924528301887
-0.00037295597484276766
-0.0011616352201257861
-0.0017654088050314473
0.0031566037735849058
0.000932704402515723
0.0016710691823899379
-0.0005679245283018865
0.001028301886792453
-0.0031628930817610063
-0.0017075471698113206
-0.002966666666666667
0.0010245283018867927
-0.002262264150943396
0.0025465408805031447
0.0006798742138364778
0.003152830188679246
0.0027465408805031444
-0.00025345911949685516
-0.0015226415094339622
-0.0036861635220125782
0.0005528301886792454
0.001028301886792453
0.0002773584905660374
0.0006811320754716982
0.004068553459119497
-0.0010584905660377356
-0.0017855345911949687
-0.00045974842767295597
-0.003089937106918239
-0.0007201257861635219
6.855345911949701e-05
0.003468553459119497
0.0016245283018867923
-0.0001452830188679244
-0.0020911949685534594
0.0017012578616352196
-0.003123899371069182
0.002581761006289308
0.0011163522012578616
-0.0021415094339622648
-0.0026471698113207545
0.0022962264150943397
-0.0006257861635220125
-0.001541509433962264
0.00021446540880503103
0.002042138364779874
-0.0010672955974842771
0.0007113207547169811
0.0018433962264150945
0.0021289308176100637
0.0016031446540880504
-0.0018484276729559752
-0.004370440251572328
-0.0010836477987421385
0.0050421383647798745
-0.00219685534591195
0.001747798742138365
-0.0010974842767295593
-0.0021062893081761004
0.0008735849056603768
-0.001461006289308176
-0.0006962264150943395
0.0012408805031446537
0.0014559748427672953
-9.371069182389896e-05
-0.0029905660377358484
0.0029628930817610067
-0.0018911949685534593
-0.0018031446540880507
-0.0014371069182389936
-0.001327672955974843
0.0007050314465408804
-0.0016018867924528304
-0.0020232704402515724
0.0006207547169811319
6.100628930817658e-05
0.002673584905660377
0.002985534591194968
-0.0010408805031446545
-0.0020962264150943396
0.0023100628930817616
0.0014245283018867922
0.0013364779874213838
0.0027540880503144653
0.0010094339622641504
0.0023276729559748425
-0.00010125786163522028
-0.0003905660377358489
-0.0009842767295597482
-0.0015603773584905664
-0.0017968553459119497
-0.00030125786163522013
-0.0014723270440251575
0.001048427672955975
0.0038245283018867923
-0.00018301886792452813
-0.0014144654088050317
-0.0014496855345911951
0.003035849056603774
-0.0010295597484276731
-0.0016459119496855352
0.0005805031446540883
0.001520125786163522
0.0010522012578616357
-0.00011132075471698091
-0.0007339622641509437
0.00150125786163522
-0.0006044025157232705
0.0020534591194968552
0.0013377358490566035
-0.0016496855345911954
-0.003427044025157233
0.0007377358490566041
-0.0007452830188679244
-0.00014905660377358517
0.002549056603773585
0.000839622641509434
0.000434591194968553
-0.0018371069182389946
-0.0002169811320754718
-0.0030974842767295596
0.0023012578616352203
0.0006119496855345909
7.106918238993687e-05
0.0008823899371069185
0.0013993710691823902
0.002881132075471698
-0.004347798742138365
0.0033477987421383654
0.0005566037735849057
0.0008811320754716981
-0.00034779874213836494
0.0014861635220125788
0.0013465408805031448
0.0007515723270440248
-0.0005691823899371067
4.591194968553451e-05
-0.0001679245283018868
-0.002154088050314465
0.0027867924528301885
-0.0013477987421383643
0.0018094339622641514
0.0027742138364779878
-0.0007779874213836483
0.0030194968553459117
0.0021062893081761004
-0.0005289308176100629
-0.0012748427672955977
0.0007163522012578617
0.004144025157232704
-0.0004899371069182396
0.0006597484276729563
0.00017169811320754712
0.0012773584905660378
-0.0008761006289308182
-3.710691823899338e-05
0.003824528301886793
-0.0038572327044025154
-0.0025855345911949684
-0.000664779874213837
-0.0012786163522012584
-0.0009113207547169818
-0.0013616352201257862
0.0033062893081761
0.0014182389937106917
-0.0005238993710691824
-0.0004018867924528301
-0.00019308176100628973
0.00015031446540880549
-0.003093710691823899
-0.002551572327044025
-0.002618238993710692
0.0008496855345911953
-0.0012119496855345915
0.00028113207547169825
-0.005172955974842768
-0.0009490566037735852
-0.005094968553459119
0.00015911949685534535
0.003991823899371068
0.0014761006289308177
-0.001449685534591195
-0.0007377358490566035
-0.0004031446540880506
0.0005075471698113202
0.0024509433962264155
-0.002385534591194969
-0.0010169811320754711
0.00022327044025157258
-0.0001402515723270443
-0.0003226415094339632
0.000444654088050314
-0.0006182389937106919
0.0019062893081761006
-0.0007955974842767291
0.0030962264150943396
-0.0008798742138364781
0.0022257861635220123
0.001194339622641509
-0.0005817610062893082
0.0008207547169811314
-0.005267295597484276
-0.00025345911949685576
0.003527672955974843
-0.00022578616352201216
-0.00033396226415094367
0.0002547169811320758
0.0009339622641509432
0.001774213836477987
0.0006308176100628933
0.001925157232704403
0.0005817610062893081
0.0012761006289308179
-0.002215723270440252
0.000774213836477988
0.0017
1.1949685534590927e-05
0.0010232704402515721
-0.0007062893081761011
-0.0008735849056603772
2.9559748427673192e-05
0.002059748427672956
0.002843396226415095
-0.0015616352201257868
0.00028867924528301945
-0.0010798742138364785
0.003077358490566038
0.0006937106918238998
0.0015125786163522011
-2.830188679245303e-05
0.0008509433962264153
0.0018484276729559752
-0.0035188679245283026
-0.0006698113207547171
0.00021572327044025157
0.0013691823899371065
0.0004119496855345913
0.002679874213836478
0.002625786163522013
-0.00037169811320754745
0.00019182389937106935
0.0006622641509433961
0.0017012578616352205
-0.0023201257861635224
-0.00023459119496855373
0.0005477987421383648
-0.0006861635220125792
0.0016396226415094342
6.603773584905692e-05
0.0014559748427672955
-0.00038679245283018926
0.0013968553459119495
-0.0009792452830188678
0.0006773584905660379
0.0013779874213836482
0.0029754716981132074
-0.0013742138364779876
0.005575471698113208
-0.003448427672955975
4.3396226415094446e-05
-0.00025471698113207537
-0.0015289308176100632
0.002346540880503145
0.00035534591194968576
0.0015792452830188678
-0.001310062893081761
0.00010503144654088062
9.433962264150734e-06
-0.00023710691823899412
-7.987421383647757e-05
-0.0024295597484276727
-0.0009364779874213837
-0.0037088050314465415
0.0002786163522012581
0.0010723270440251569
-0.0006245283018867921
0.0006974842767295599
-0.0032974842767295597
0.0022974842767295597
0.002167924528301887
-0.0013503144654088055
0.002985534591194968
0.0042937106918239
0.0019528301886792452
-0.0025867924528301892
0.002074842767295597
-0.0015427672955974847
0.0014119496855345907
-0.0006169811320754719
0.004512578616352202
-0.0016509433962264162
0.000894968553459119
-0.0017402515723270444
0.00029999999999999976
0.0016735849056603773
-0.0006786163522012578
9.874213836477982e-05
-0.00046477987421383627
-0.0009930817610062901
-0.0015100628930817615
0.0005301886792452829
0.0005943396226415098
-0.0018283018867924522
0.0009880503144654093
-0.0011553459119496856
-0.002681132075471698
3.710691823899364e-05
0.001481132075471698
0.0013679245283018872
0.002667295597484276
-0.002710062893081762
-0.004306289308176101
-0.0029553459119496853
0.003955345911949686
-0.0001955974842767295
0.0007930817610062891
0.0015264150943396224
0.0007276729559748434
-0.002311320754716981
-0.0016182389937106916
0.0012182389937106916
-0.0005540880503144654
-0.0008937106918238992
0.0005339622641509433
0.0004949685534591195
-0.00037672955974842753
-0.0013528301886792454
0.000961635220125786
-0.0043062893081761006
0.00015786163522012604
0.001420754716981132
-0.0012496855345911948
-0.002422012578616352
-0.001738993710691824
-0.0017075471698113208
-0.0031503144654088052
-0.0037993710691823905
-0.0027767295597484276
-0.0012962264150943395
-0.0014635220125786166
-0.0005729559748427678
0.0004396226415094341
0.00599811320754717
0.0019113207547169807
0.0008987421383647804
-0.0008559748427672956
-0.0005050314465408805
0.0043188679245283025
-0.0013842767295597482
0.0030559748427672956
0.0018735849056603776
-0.00037672955974842753
0.0008408805031446543
0.0028509433962264153
-0.001188050314465409
0.001653459119496855
0.0014433962264150946
0.0010421383647798742
-0.0011490566037735848
-0.003702515723270441
0.0010924528301886794
-0.00047484276729559756
0.0006245283018867921
-0.0017528301886792447
-0.0033477987421383646
-0.005952830188679247
0.001920125786163522
-0.0007528301886792454
0.0021125786163522014
0.002086163522012578
0.0033553459119496855
0.0007591194968553459
0.0012106918238993709
0.00011257861635220116
-0.003341509433962265
0.0016194968553459117
-0.0005578616352201257
-0.0007427672955974846
-0.0021100628930817607
-0.0007100628930817607
0.0026245283018867926
0.001710062893081761
-0.003667295597484277
0.00012264150943396202
-0.0027792452830188684
-0.0009679245283018863
-0.0036270440251572333
-0.003464779874213836
0.00045849056603773565
-0.0008987421383647804
-0.000775471698113208
0.0002786163522012581
-0.002165408805031446
0.00048113207547169785
0.0014182389937106915
0.0005842767295597484
-0.002682389937106918
0.00018679245283018887
0.002682389937106919
-0.006024528301886792
0.00035534591194968566
0.0020584905660377363
0.003154088050314466
-0.005351572327044025
0.00180188679245283
0.0013188679245283023
0.0036119496855345906
-0.0018345911949685532
0.0002962264150943392
0.0021289308176100632
0.001944025157232704
-0.004165408805031447
0.0025742138364779872
0.0007188679245283021
-0.0010899371069182386
0.0007805031446540876
-0.0015540880503144654
0.001658490566037736
-0.0029037735849056605
0.001576729559748428
0.0011062893081761006
-0.0018345911949685535
0.0003578616352201259
-0.0014836477987421384
0.0017641509433962274
0.0026547169811320754
-0.00042830188679245193
-0.0003075471698113206
-0.0011591194968553463
-0.0002962264150943397
-0.0004886792452830192
-0.0007012578616352204
0.003824528301886793
-0.003619496855345912
-0.00014402515723270452
0.0018496855345911944
-0.0015276729559748428
0.0025679245283018863
-0.0026735849056603775
-1.3207547169810608e-05
0.0023352201257861634
0.0003930817610062895
0.00023584905660377345
-5.723270440251527e-05
-0.00018050314465408842
-0.0022245283018867924
-0.0020471698113207542
0.0008735849056603775
-0.0021779874213836473
0.0016622641509433963
-0.0036433962264150947
0.0006433962264150945
2.2012578616352177e-05
-0.0009729559748427673
0.001354088050314465
0.0005603773584905654
-0.0001968553459119496
-0.0009327044025157234
-0.0010169811320754711
-0.0011528301886792455
-0.0025981132075471687
-0.001161635220125786
-0.00017924528301886772
-0.0011515723270440253
-0.001188050314465409
-0.0006157232704402517
-0.0012974842767295596
-0.001390566037735848
-0.003103773584905661
-0.0013352201257861632
-0.0035540880503144657
-0.0009666666666666667
-0.00018050314465408807
-0.002839622641509434
-0.0008132075471698111
-0.00045723270440251555
0.0022333333333333333
0.002450943396226415
-0.0027867924528301885
-0.000423270440251573
8.490566037735852e-05
-0.0008132075471698111
0.0034836477987421387
-0.0014773584905660377
-0.002149056603773585
-0.0017352201257861634
-0.0009264150943396218
-0.0034144654088050326
0.0006622641509433957
-0.0019842767295597486
-0.002776729559748427
0.0008962264150943399
-0.0013754716981132075
-0.0007465408805031449
0.00080062893081761
0.0011075471698113212
0.0032069182389937107
0.0017100628930817611
0.0011075471698113206
0.0013062893081761003
-0.0018597484276729557
5.0943396226414936e-05
0.0011339622641509436
0.00023081761006289297
-0.0028584905660377366
0.001780503144654088
0.0001427672955974841
-0.0033339622641509426
-0.0012132075471698112
-0.0032962264150943397
0.003604402515723271
0.0009213836477987423
0.00290251572327044
0.0003440251572327042
-0.0026534591194968546
-0.0015817610062893086
-0.0017238993710691824
0.004637106918238994
-0.00030125786163521986
-0.001030817610062893
-0.0001968553459119497
0.001450943396226415
0.0017176100628930814
-0.0022408805031446538
-0.0005515723270440255
0.0013767295597484274
-0.0003012578616352203
0.0009477987421383651
-0.0006069182389937099
-0.003481132075471698
0.003528930817610063
0.00045220125786163553
-0.0021050314465408805
0.00041949685534591166
-0.004796855345911951
0.0010169811320754722
0.0002295597484276728
9.371069182390014e-05
0.0011968553459119494
-0.0003528301886792452
0.00023836477987421352
-9.874213836478008e-05
0.0019968553459119498
-0.0005918238993710693
0.0020220125786163524
0.000912578616352202
0.00012515723270440287
0.0021553459119496854
0.0003339622641509433
-0.0015050314465408807
-0.0005125786163522012
-0.00025597484276729515
-0.001258490566037736
-0.0005364779874213837
0.001691194968553459
0.0006446540880503148
0.0022798742138364788
0.0017289308176100628
-0.0009477987421383648
0.002516352201257862
0.0005339622641509426
0.0025641509433962264
0.0003075471698113207
-9.748427672955993e-05
0.0003339622641509436
-0.0010786163522012585
-0.0017075471698113215
-2.9559748427672667e-05
-0.0005113207547169813
0.0011993710691823901
0.0015377358490566038
0.0025301886792452825
-0.0004496855345911953
-0.0008433962264150946
0.0009150943396226416
-0.0016433962264150944
-0.0020006289308176104
-0.00042201257861635214
0.0006471698113207547
-0.0015327044025157232
0.0009364779874213837
0.0006283018867924528
0.0005528301886792455
0.0007578616352201255
0.002344025157232704
-0.0008937106918238995
0.0019226415094339621
-0.0020534591194968552
-5.3459119496854785e-05
0.0017603773584905663
0.0011981132075471702
0.0002257861635220125
-0.0007767295597484281
0.0012345911949685534
-0.0009603773584905659
0.0007930817610062896
-9.245283018867954e-05
-0.0028559748427672955
-0.0013088050314465412
0.0002031446540880503
0.002703773584905661
0.0004094339622641509
0.0017679245283018865
0.0003805031446540882
0.003432075471698114
0.00040314465408805024
0.0017138364779874212
-0.0001905660377358491
-0.00035408805031446566
-0.004053459119496856
0.00129748427672956
0.0007113207547169816
-0.00030000000000000014
0.0018584905660377357
0.002316352201257862
-0.001137735849056604
-0.0010245283018867925
-6.477987421383633e-05
-0.001484905660377359
0.002418238993710691
0.0027666666666666664
5.723270440251553e-05
0.002367924528301887
-0.0006622641509433963
0.002772955974842768
-0.002321383647798742
-0.0014823899371069183
-0.0004849056603773584
0.0011452830188679248
-0.0007402515723270437
-0.0002509433962264155
-0.0009716981132075473
-0.0031591194968553457
0.00011383647798742141
-0.0008245283018867926
-0.00460440251572327
0.00039182389937106923
-0.0010861635220125784
0.0012962264150943397
0.002947798742138365
0.0020408805031446545
0.002289937106918239
-0.0014257861635220124
-0.00039056603773584924
-0.0003415094339622638
0.0003704402515723268
-0.0015352201257861642
0.0019955974842767294
0.0007188679245283018
0.0014446540880503143
-0.002128930817610063
-0.0008044025157232705
0.001429559748427673
0.0038094339622641504
0.0037176100628930806
0.0008006289308176097
0.0006081761006289316
-0.0009503144654088044
0.0010358490566037737
0.001278616352201258
-0.0025654088050314477
0.000772955974842767
0.002542767295597484
0.000727672955974843
0.0009842767295597488
-0.003086163522012579
-0.0011327044025157228
0.0025566037735849055
-0.00012012578616352223
0.00015283018867924563
0.0015125786163522005
-0.0017213836477987425
-0.0011955974842767292
0.00022452830188679233
0.002430817610062893
-0.0008685534591194969
0.000716352201257862
-0.0002962264150943394
-0.0032786163522012584
-0.0002773584905660377
0.0007301886792452832
-0.0028295597484276733
-0.0005226415094339618
0.0010572327044025154
0.0021201257861635215
-0.0007150943396226415
-0.0024383647798742135
-0.0004786163522012573
0.0004408805031446538
-0.003910062893081761
0.0017289308176100628
0.0018119496855345909
-0.0024584905660377356
-0.0008547169811320758
0.0017452830188679246
0.0025088050314465405
0.0028522012578616356
0.0031238993710691835
0.0017452830188679246
2.704402515723278e-05
-0.000849685534591195
0.0009176100628930819
0.0012559748427672947
-0.0001251572327044027
-0.002239622641509434
-0.0003251572327044023
-0.00046603773584905653
-0.0011817610062893082
0.00016163522012578582
-0.0032295597484276735
0.0011792452830188683
0.0016194968553459117
-0.001767924528301887
-0.0012119496855345908
0.0013955974842767296
0.00016289308176100611
-0.00038176100628930837
-0.0012220125786163531
-2.4528301886792894e-05
0.0017641509433962265
0.0024924528301886796
0.001677358490566038
0.0010371069182389938
0.00400188679245283
0.0005628930817610061
0.001628301886792453
-0.0009553459119496854
-0.002496226415094339
0.0004308176100628928
0.0014723270440251573
-0.0008081761006289312
0.0002484276729559751
0.0005465408805031444
0.004284905660377358
0.002103773584905661
-0.003022012578616352
-0.0024132075471698117
0.000484905660377359
0.0012044025157232712
-0.0032459119496855344
-0.0010459119496855347
-0.0011088050314465405
0.004845911949685535
0.0015880503144654085
0.0011402515723270442
-0.0014761006289308173
-0.001292452830188679
-0.0018044025157232708
-0.00031383647798742103
-0.0006081761006289307
-9.496855345911933e-05
0.004088679245283019
6.2264150943396e-05
0.0022119496855345913
0.0006408805031446539
0.00022830188679245352
0.0010358490566037737
0.00021698113207547132
-0.0014333333333333333
0.0020698113207547166
-0.0006459119496855347
-0.0011805031446540887
0.00017672955974842768
0.001167924528301887
-0.0021314465408805022
0.0008786163522012585
-0.00019433962264150994
-0.0033691823899371074
0.00031886792452830127
-0.0022899371069182387
0.0006635220125786165
-0.007066037735849056
0.0018119496855345909
0.0009238993710691818
0.0008974842767295593
0.00033270440251572314
-8.993710691823886e-05
-0.0023062893081761005
-0.0006320754716981127
0.0006220125786163521
9.371069182389979e-05
-0.00010628930817610026
0.0049893081761006285
-0.002715094339622641
0.0021578616352201257
-0.0026723270440251576
0.004449685534591195
-0.0030849056603773593
0.00320188679245283
-0.002234591194968553
-0.0002559748427672958
0.0014496855345911951
0.00012138364779874217
0.00026603773584905666
0.0006069182389937107
-0.0014295597484276727
0.0035088050314465414
-0.0003301886792452833
0.0022987421383647796
-0.0017641509433962263
0.00028113207547169825
-0.0001805031446540878
0.00140188679245283
-0.002491194968553459
-0.0021138364779874214
0.002886163522012579
0.001556603773584906
-0.0021163522012578617
-0.001965408805031446
0.0011779874213836484
0.0013490566037735851
-0.000918867924528302
-0.0005943396226415097
-0.001048427672955975
0.0008987421383647797
0.004149056603773585
-0.0005578616352201256
-0.002510062893081761
-0.00027232704402515683
0.0005490566037735846
-5.8490566037735866e-05
-0.0004333333333333327
0.0037314465408805043
-0.0036597484276729565
0.0003616352201257862
-0.0009352201257861633
0.0005666666666666669
-0.0014408805031446543
0.003273584905660378
0.0010169811320754714
-0.0003188679245283019
0.0021339622641509434
-0.0008069182389937115
-0.0027805031446540875
0.0015691823899371066
-0.0009427672955974843
-0.0010308176100628928
-0.0002471698113207551
-0.002759119496855345
-0.001188050314465409
0.00016918238993710705
-0.0005603773584905654
-0.0002773584905660379
-0.0006974842767295595
-1.5723270440252283e-05
-0.0021440251572327038
-0.0032295597484276726
-0.0027779874213836476
0.0007490566037735853
0.0037138364779874217
-0.0013213836477987413
0.0008572327044025152
-0.0004660377358490566
-0.001999371069182389
0.0034660377358490574
-0.00022704402515723247
-0.0004396226415094344
0.0025666666666666663
-0.001333962264150944
0.0042660377358490565
0.0018157232704402516
0.00044842767295597425
0.00199433962264151
0.0007955974842767297
0.0007767295597484273
0.0032798742138364784
0.0011654088050314466
0.00180314465408805
-0.0014069182389937105
0.001692452830188679
0.0012031446540880504
0.0005918238993710687
-0.00359433962264151
-0.00048616352201257874
-0.002248427672955976
0.0018698113207547171
0.0015125786163522016
0.0017591194968553457
0.0005037735849056604
-0.0013314465408805034
0.0032459119496855353
0.0006610062893081765
0.004073584905660377
0.0003163522012578615
6.100628930817619e-05
0.0027490566037735847
-0.0009188679245283023
0.00300691823899371
-0.0035742138364779877
-3.5849056603774004e-05
0.004150314465408805
0.002050943396226415
0.0008157232704402514
-0.0029842767295597487
0.0004433962264150948
-9.999999999999946e-05
-0.001215723270440252
-0.0026849056603773587
-0.0028861635220125796
-0.0023628930817610064
0.0004408805031446541
-0.0015968553459119494
-0.001169182389937107
-0.0022899371069182387
0.004396855345911948
0.003223270440251572
0.0008836477987421381
-0.0003377358490566032
-0.0001666666666666669
0.001414465408805031
0.002667295597484276
-0.0033566037735849054
-0.0007025157232704406
-0.001073584905660377
-0.00209748427672956
-0.0021
0.0008094339622641512
0.00036037735849056617
-0.0005679245283018866
-0.0011251572327044025
0.002448427672955975
0.0018584905660377353
-0.002331446540880503
-0.0004534591194968551
-0.0019465408805031442
0.0029213836477987422
0.0009402515723270443
-0.0034635220125786162
-0.0013540880503144657
0.0008735849056603775
-0.000630817610062894
0.002111320754716981
9.433962264150778e-06
-0.0009767295597484281
-0.0010257861635220124
0.0024798742138364776
0.00034528301886792534
0.0012006289308176107
0.0012320754716981129
-0.0010987421383647797
0.0007628930817610061
0.001956603773584906
0.0015440251572327044
0.004076100628930818
-0.0005628930817610066
0.0009251572327044024
-0.0024559748427672957
0.001872327044025157
-0.0033364779874213843
0.0006283018867924529
-0.002538993710691824
-0.0004421383647798747
0.0007578616352201257
0.0016949685534591189
-0.0010761006289308173
-0.002622012578616352
-0.0013452830188679247
0.001536477987421383
0.0006672955974842767
0.00080188679245283
0.0022094339622641505
-0.001258490566037736
0.00037798742138364747
0.003408176100628931
0.001706289308176101
0.0015955974842767299
0.0018295597484276726
0.0012672955974842768
-0.0003729559748427673
0.0025716981132075474
0.002169182389937107
0.0010182389937106922
-0.0020270440251572326
0.003418238993710691
