Small-firm January after publication (Keim 1983) · sign-flip|0.0003382978723404256
-0.00010502901353965184
-0.00015880077369439074
0.00026943907156673117
0.0003599613152804642
-0.00029806576402321094
0.0002535783365570599
-0.00039903288201160536
0.0003468085106382979
-0.00028491295938104446
-0.0006145067698259188
0.00018588007736943896
5.8220502901354e-05
-0.0009738878143133463
1.566731141199227e-05
0.0004485493230174081
-0.00015338491295938106
0.00032901353965183756
0.00011353965183752415
0.0006191489361702128
0.00011856866537717597
0.0002822050290135396
-0.0006597678916827852
0.000511605415860735
-0.0005808510638297872
-0.0001352030947775628
0.00029961315280464216
0.0006114119922630562
-2.611218568665382e-05
0.00013675048355899421
0.0006825918762088975
-0.00014177949709864605
0.00048568665377176013
3.694390715667307e-05
0.00045589941972920696
0.00044622823984526107
-6.286266924564798e-05
-0.0001239845261121856
0.00021992263056092837
0.0005661508704061895
-0.0007417794970986459
-0.00045048355899419734
-0.0007499032882011605
-0.0004574468085106383
0.00019787234042553198
-0.0003460348162475823
0.00041450676982591876
0.00026750483558994197
0.00020483558994197288
-0.0003382978723404255
0.0004299806576402321
0.0011046421663442939
0.00025280464216634427
1.334622823984524e-05
5.125725338491301e-05
-0.000334816247582205
-0.000435009671179884
0.00013945841392649903
-0.00046479690522243717
0.00021992263056092842
-4.468085106382973e-05
0.00020328820116054163
0.00014255319148936174
0.0008632495164410058
-8.6073500967118e-05
0.00023036750483558987
-0.0009317214700193424
4.158607350096716e-05
0.0003568665377176015
0.0005441005802707931
-0.0004787234042553191
-0.0005769825918762089
-0.00035261121856866535
0.0005042553191489361
-0.00028607350096711796
0.00044390715667311416
0.00010232108317214701
-0.00029419729206963253
-7.15667311411994e-06
-0.000465183752417795
-0.0004032882011605416
-9.032882011605419e-05
1.953578336557058e-05
-0.00020715667311411987
-4.6228239845261075e-05
0.0002048355899419729
0.000534816247582205
-0.0005715667311411991
0.0004516441005802707
0.00020174081237911036
9.090909090909137e-06
-4.448742746615054e-06
-0.00015957446808510635
0.0003448742746615087
-0.0005495164410058026
7.717601547388779e-05
0.0005050290135396518
0.000497678916827853
-3.114119922630562e-05
7.137330754352028e-05
0.0003282398452611218
0.00038278529980657634
5.222437137330689e-06
-0.0004984526112185686
-0.00031199226305609284
0.00022882011605415857
0.00045860735009671186
-0.00010038684719535781
-0.00011044487427466148
-0.0005843326885880077
-0.00022069632495164411
0.0003704061895551257
-1.1411992263056097e-05
-0.00010386847195357838
-0.0001932301740812379
0.0005529980657640232
-0.00019903288201160552
-0.00027214700193423596
-0.0009100580270793036
-0.0001514506769825919
-0.00033094777562862665
-0.000251257253384913
2.8046421663442964e-05
0.00017659574468085099
-0.00019284332688588004
0.00010232108317214696
0.00010812379110251457
-0.0005676982591876209
-0.00021798839458413917
-0.00047988394584139263
-0.0002121856866537718
0.0007646034816247582
-0.00047369439071566727
0.0004833655705996132
-0.00036692456479690523
-8.568665377176022e-05
0.0002624758220502901
-0.0001800773694390716
-0.00014874274661508708
0.00018781431334622827
0.0002172147001934236
-0.0005061895551257253
0.0004187620889748549
-0.0005479690522243715
-7.833655705996127e-05
0.0004040618955512572
0.0005305609284332689
-0.0005704061895551258
-8.52998065764023e-05
0.000581624758220503
0.0003452611218568664
0.00042301740812379103
-0.00021334622823984532
-6.479690522243714e-05
0.00017156673114119926
0.00016924564796905224
-0.00021411992263056082
-0.0003793036750483559
-0.0004941972920696324
0.0001665377176015474
0.00018510638297872343
0.0001363636363636363
0.00016808510638297868
0.0006841392649903288
-0.0002234042553191489
0.0005584139264990329
0.0003448742746615086
0.000260541586073501
0.00047949709864603487
-0.0005042553191489362
-0.0006427466150870406
1.7601547388781478e-05
1.1411992263056124e-05
0.0005147001934235977
-0.00013442940038684714
0.0002798839458413927
0.0003088974854932302
1.3733075435203086e-05
0.0006609284332688589
6.131528046421662e-05
-0.00011353965183752415
-0.0006295938104448743
-7.214700193423589e-05
0.0005506769825918762
-0.00031895551257253384
0.0003321083172147002
0.0006234042553191489
0.0005990328820116053
0.00048336557059961316
0.0001379110251450677
0.0005916827852998065
0.0005425531914893617
0.00042379110251450683
0.00039516441005802707
-0.0004872340425531915
-0.00017195357833655703
-0.0003228239845261122
0.0004156673114119922
0.00033791102514506765
0.00024738878143133465
-4.9323017408123806e-05
-0.0010613152804642167
-0.0005228239845261122
9.11025145067698e-05
-0.0005994197292069632
0.00015531914893617015
-0.00022030947775628621
0.00044700193423597676
-0.0003711798839458414
-0.0003889748549323017
-0.0002891682785299807
-0.00023617021276595748
-0.0004934235976789168
-0.0003278529980657641
0.0004524177949709863
0.00045822050290135393
0.00018974854932301739
-0.0006280464216634428
-0.0005286266924564797
0.00026750483558994197
0.00019864603481624762
-4.777562862669246e-05
-0.0002953578336557061
-8.104448742746614e-05
-0.00014758220502901354
0.00031005802707930374
-0.00013791102514506772
0.0006771760154738877
7.137330754352034e-05
0.0007038684719535783
0.00032437137330754357
-0.0001096711798839459
0.00023578336557059963
0.0006210831721470021
-0.0008852998065764023
-0.00054642166344294
4.1586073500967145e-05
-0.00014719535783365572
-0.00018433268858800768
-7.524177949709866e-05
0.0006284332688588009
0.00031353965183752427
0.00028646034816247584
-0.00011934235976789169
-0.0007402321083172146
-8.336557059961323e-05
-0.00012978723404255316
-0.0004117988394584139
-0.0006775628626692455
-0.00012901353965183755
0.000516247582205029
0.0004551257253384913
2.0309477756286313e-05
0.0006899419729206964
1.4506769825918776e-05
0.00020406189555125732
-0.00017659574468085099
-0.00025744680851063836
8.181818181818183e-05
-0.00017698259187620883
0.00045938104448742755
5.58994197292069e-05
0.0005769825918762089
0.0005108317214700194
-0.00046131528046421664
0.0002032882011605416
0.0001630560928433269
-0.0009104448742746615
-0.00012591876208897484
3.423597678916827e-05
-1.6441005802708e-05
-0.0007549323017408124
-0.0007081237911025145
0.0002818181818181818
-0.0006558994197292071
-0.0002624758220502901
0.0002589941972920696
0.0008539651837524178
-0.0003073500967117988
-0.0001827852998065764
-0.0006052224371373308
-0.0002504835589941973
-0.0006926499032882011
-0.000797872340425532
-0.00024313346228239846
-0.0004214700193423598
0.0003166344294003869
0.00020135396518375243
0.0004423597678916828
1.7214700193423636e-05
-0.00020212765957446815
-0.0004346228239845262
-6.7504835589942e-05
-0.0003669245647969052
-0.000425338491295938
-0.00016305609284332685
0.00022688588007736948
-0.0006241779497098645
-0.0006636363636363636
-0.0009576402321083172
-0.00015996131528046417
9.3036750483559e-05
0.0002930367504835591
0.0005851063829787233
0.00010657640232108311
-0.0002949709864603481
-0.00022185686653771768
3.733075435203093e-05
-0.0002388781431334623
-0.0001382978723404256
-0.0005077369439071567
0.00028104448742746616
0.000290715667311412
-0.00016615087040618961
0.00045783365570599606
-0.00010928433268858795
-0.0003127659574468084
-0.0008005802707930368
0.000576595744680851
0.0003065764023210832
-6.363636363636368e-05
-4.27466150870405e-05
0.0003963249516441006
-0.0005363636363636364
-8.878143133462282e-05
0.00046054158607350095
0.0007294003868471953
-2.611218568665382e-05
0.00011044487427466159
-0.00010851063829787242
0.0005382978723404256
0.00039787234042553185
-6.634429400386845e-05
1.876208897485488e-05
-0.0006713733075435202
0.0006965183752417795
-0.0005042553191489361
-0.00022765957446808506
1.6827852998065743e-05
9.342359767891682e-05
0.0004388781431334622
-0.0004129593810444875
-0.0004883945841392649
-0.00021721470019342367
-0.0003015473887814313
0.001041972920696325
4.235976789168283e-05
0.0003502901353965183
0.00033907156673114116
0.00030425531914893614
0.0004938104448742746
0.0005154738878143133
-0.0002253384912959381
-0.0003506769825918762
-0.0006079303675048356
-0.0002172147001934235
-0.0002489361702127659
0.00037620889748549326
0.0004949709864603482
-0.00016808510638297876
0.0006729206963249516
-0.0008245647969052224
0.00017814313346228245
-0.00020831721470019338
0.0006203094777562862
0.00028181818181818185
0.00020212765957446815
-0.00014177949709864602
-1.9922630560928494e-05
0.000162669245647969
6.247582205029013e-05
-5.28046421663443e-05
0.00027408123791102516
-0.00017040618955512578
-0.00030348162475822045
-0.000941779497098646
-0.0006582205029013541
6.092843326885876e-05
0.000225725338491296
0.0003228239845261122
-0.0007081237911025145
0.0006179883945841393
0.0007251450676982592
0.00039477756286266925
-1.2959381044487503e-05
-0.0007147001934235976
0.00021992263056092837
0.0003216634429400387
-0.0002485493230174081
0.0006972920696324953
8.878143133462278e-05
3.887814313346229e-05
8.704061895551266e-06
9.497098646034812e-05
0.00017001934235976785
-4.158607350096705e-05
-0.0003723404255319149
0.00020638297872340426
-5.435203094777566e-05
4.042553191489357e-05
0.00034023210831721467
-0.0006156673114119923
-0.00067678916827853
0.00024777562862669236
-0.0006849129593810446
0.0004203094777562862
0.0003889748549323017
-0.000890715667311412
-1.3733075435203112e-05
0.0003909090909090909
-8.33655705996132e-05
0.0003858800773694391
0.00021063829787234043
4.7775628626692485e-05
-0.0005386847195357833
0.0003518375241779497
-0.00025589941972920704
-0.00019245647969052225
0.00018897485493230172
-5.899419729206963e-05
-0.0009901353965183753
5.4352030947775576e-05
4.3907156673114144e-05
-0.00029883945841392657
-0.00018162475822050287
0.00017891682785299811
0.0008435203094777563
6.441005802707924e-05
-4.119922630560931e-05
0.000618375241779497
-0.00028104448742746616
0.00018433268858800774
-0.00011934235976789172
0.0004226305609284332
0.00031121856866537714
0.00021721470019342358
0.00019400386847195366
-2.108317214700187e-05
0.0008052224371373309
0.00043230174081237906
0.0003820116054158607
0.00013326885880077377
5.7059961315280475e-05
-0.00014294003868471955
-0.0006295938104448743
-0.0004945841392649904
5.589941972920703e-05
-0.0003951644100580271
0.0007588007736943907
0.0002473887814313346
0.0006984526112185686
0.000781624758220503
0.00011934235976789174
0.0002334622823984525
-0.0002613152804642166
0.0009189555125725338
0.00024468085106382986
-5.860735009671189e-05
-1.2959381044487424e-05
0.0003212765957446809
-0.00028762088974854935
-0.000671760154738878
-0.0005127659574468086
1.8762088974854852e-05
-0.00032514506769825926
8.704061895551266e-06
7.949709864603477e-05
-0.00019787234042553193
0.0001661508704061895
-0.0007572533849129593
9.864603481624745e-06
-0.0005100580270793036
-0.00033172147001934234
-0.0005603481624758221
-7.021276595744681e-05
-0.0002462282398452611
0.00016421663442940044
0.0005448742746615086
-9.458413926499033e-05
5.2224371373307965e-06
0.00012823984526112185
-0.00023578336557059958
-0.0003928433268858802
-0.00035454545454545455
1.2572533849129551e-05
-8.375241779497102e-05
-0.00018046421663442942
0.0002326885880077369
0.00018123791102514503
0.00031431334622823986
-9.767891682785297e-05
-0.0008547388781431335
0.000472147001934236
0.000841586073500967
0.00015067698259187625
0.0006330754352030948
6.092843326885871e-05
-0.0005170212765957447
-0.0003456479690522243
-9.3036750483559e-05
-0.0005007736943907158
-0.00013791102514506772
0.0006408123791102513
0.00042998065764023204
0.00025203094777562863
-0.0008473887814313347
9.922630560928435e-05
-6.866537717601543e-05
-0.0004508704061895551
2.5145067698258564e-06
-0.0003015473887814313
2.030947775628623e-05
-0.0009410058027079305
0.0003843326885880076
0.00044970986460348165
-0.00010077369439071563
-0.0002551257253384913
0.000451257253384913
0.00036073500967117987
-0.00029071566731141195
-0.0007243713733075434
0.0004945841392649904
0.0005425531914893617
0.0006106382978723403
0.00017852998065764027
0.00016653771760154738
9.574468085106381e-05
-0.0004044487427466151
-0.00036692456479690523
0.0001
0.00042263056092843327
9.110251450676977e-05
0.0001379110251450677
0.00027949709864603483
0.00048413926499032885
-4.119922630560926e-05
0.00046982591876208903
-0.0001572533849129594
0.0005773694390715668
-0.00030077369439071566
-0.000327852998065764
-0.00020174081237911027
0.00014526112185686655
-9.342359767891685e-05
-0.0004965183752417795
0.0009657640232108317
0.00038394584139264985
-0.00023191489361702126
0.0009804642166344295
-6.479690522243723e-05
-0.0002578336557059962
0.0001406189555125725
1.6054158607350153e-05
-2.9593810444874235e-05
0.0004574468085106383
0.000134816247582205
-0.00010270793036750486
0.00027911025145067696
0.00023152804642166344
0.00012243713733075433
-5.357833655705996e-05
-2.4177949709864677e-05
0.0003854932301740812
-8.297872340425531e-05
0.0002717601547388782
0.0005437137330754352
0.00019323017408123783
0.000795164410058027
-0.0004044487427466151
0.0008891682785299806
-0.00043268858800773693
-0.00028568665377176015
0.0002713733075435204
-0.0002822050290135396
-0.0008675048355899419
0.0006079303675048355
8.994197292069636e-05
0.0003135396518375241
0.0002972920696324952
-0.00013829787234042557
2.7272727272727304e-05
0.000883752417794971
-0.0003870406189555126
-0.000632301740812379
-0.00015802707930367505
0.0005916827852998067
-0.0001680851063829787
0.00026557059961315277
0.00030618955512572534
-0.0005541586073500967
0.00010000000000000005
-1.3539651837524298e-06
8.684719535783359e-05
6.7698259187621486e-06
-4.081237911025147e-05
-0.0005317214700193424
-0.0002547388781431334
0.00015764023210831723
-0.0007321083172147001
4.545454545454541e-05
-9.535783365570602e-05
-0.00014216634429400384
0.00010038684719535784
-0.00013713733075435198
0.0003804642166344295
-0.0007193423597678917
0.00025319148936170204
0.0007127659574468084
-0.0007441005802707931
-0.00014603481624758216
0.0004822050290135396
0.0005909090909090909
-0.00044081237911025145
-0.0001638297872340425
-0.00012321083172147008
-7.408123791102523e-05
-0.0006814313346228239
0.000823017408123791
-0.0003108317214700194
0.0005359767891682785
-0.0007584139264990329
-0.00034796905222437137
0.00028916827852998057
-9.845261121856861e-05
0.0004052224371373307
0.00017969052224371367
3.152804642166341e-05
0.00026557059961315277
-0.00010889748549323021
-4.429400386847196e-05
0.0003058027079303674
7.059961315280465e-05
-7.794970986460348e-05
0.00037079303675048353
-0.0005352030947775629
0.00013365570599613153
-0.00030348162475822045
0.0003549323017408124
0.000632301740812379
-0.00045009671179883947
0.00013520309477756294
-0.00016344294003868472
-1.1411992263056097e-05
-1.0251450676982577e-05
6.247582205029024e-05
0.00034177949709864605
0.0005088974854932302
-0.001028046421663443
0.0003854932301740812
-0.00015764023210831715
-0.000432688588007737
7.059961315280465e-05
0.00032050290135396517
0.0004365570599613152
0.0003630560928433269
-0.0002729206963249516
-0.0003823984526112185
-0.0006632495164410058
-0.00012553191489361696
5.7059961315280434e-05
-0.0005638297872340426
0.0001410058027079304
0.00036344294003868465
-0.0005444874274661508
0.00022147001934235975
0.0005274661508704062
0.00022727272727272722
-0.0004798839458413927
0.0005058027079303675
-0.00036769825918762087
-0.00017311411992263062
0.00037195357833655704
0.00025435203094777565
-0.0007599613152804642
-0.0005711798839458414
0.0005201160541586074
-0.0002415860735009671
0.0005742746615087041
-0.0005707930367504834
-0.00031624758220502895
-0.0005085106382978723
-9.148936170212764e-05
0.00022727272727272727
0.00038974854932301745
0.0003943907156673114
-0.00036150870406189556
-0.00045783365570599617
-0.0006040618955512573
-0.0003460348162475822
-7.098646034816244e-05
0.0004493230174081238
0.0002756286266924565
-0.000911605415860735
-0.00016576402321083172
0.0004504835589941973
6.208897485493223e-05
0.0006168278529980658
0.00018471953578336553
-0.0001735009671179884
0.0006063829787234043
-0.0007491295938104448
-0.0003247582205029014
-0.00040909090909090913
0.00038820116054158607
-0.0008713733075435203
-4.44874274661502e-06
-0.00020715667311411984
-0.00028955512572533855
0.00020058027079303676
-0.0003243713733075435
0.00023036750483558993
0.00011276595744680852
0.00031121856866537725
-0.0001963249516441006
-2.4177949709864677e-05
-9.497098646034815e-05
-0.0003375241779497099
0.0005433268858800773
7.60154738878143e-05
-0.00026518375241779495
0.00024816247582205034
0.000585880077369439
0.00044274661508704065
0.0002752417794970986
-7.911025145067702e-05
-0.00024158607350096713
-6.402321083172145e-05
0.00028839458413926493
-0.00023965183752417795
8.317214700193447e-06
0.00033481624758220505
0.0005862669245647968
4.390715667311406e-05
0.00025357833655705996
0.00023733075435203088
-0.00025899419729206964
0.00022379110251450682
-0.0006872340425531915
0.00016847195357833655
1.9148936170212752e-05
0.00010077369439071568
0.00036847195357833656
1.353965183752376e-06
-0.00016344294003868475
-0.00037698259187620895
-0.0007429400386847196
0.00032707930367504835
0.000293036750483559
6.518375241779493e-05
-0.00014758220502901354
6.208897485493226e-05
4.042553191489362e-05
-0.00036189555125725343
0.00033365570599613154
0.00041063829787234035
-0.00021334622823984526
-0.00039593810444874276
-0.0003193423597678917
0.00027214700193423596
-0.0002686653771760155
-1.1798839458414022e-05
0.0005077369439071566
1.682785299806579e-05
-0.0004319148936170214
0.00043307543520309475
-0.00039903288201160536
-0.00016576402321083172
-0.00040522243713733073
-1.6441005802707945e-05
6.943907156673107e-05
0.00024738878143133465
0.00010541586073500971
0.00010502901353965186
0.00036924564796905225
0.00014874274661508702
-0.0003715667311411993
-0.00038626692456479687
-0.0002176015473887814
-8.91682785299807e-05
0.0002172147001934236
2.6499032882011612e-05
0.000211411992263056
-0.000894970986460348
-0.0009073500967117989
0.0001940038684719536
-0.0006852998065764022
-0.0003700193423597679
-0.0007050290135396519
0.00015067698259187625
5.473887814313341e-05
-0.000320889748549323
0.0001352030947775629
0.00015067698259187614
-0.00032127659574468086
0.0008400386847195358
-0.00024390715667311415
-5.744680851063831e-05
0.00035145067698259184
-0.0005158607350096711
0.00022030947775628624
-0.001040038684719536
-0.00014719535783365578
7.988394584139263e-05
0.0008829787234042553
-0.00016499032882011602
-0.0003537717601547389
6.750483558994195e-05
2.959381044487429e-05
0.00037620889748549337
-0.00045976789168278526
0.0004342359767891684
-0.0006539651837524179
-0.0008311411992263056
-0.000669439071566731
-0.00014410058027079306
-7.988394584139271e-05
0.00019864603481624756
0.00040367504835589946
-0.00021334622823984524
-0.00033520309477756287
0.0002957446808510638
-0.00028994197292069626
0.000320889748549323
-0.00028491295938104446
-0.0003444874274661509
-8.607350096711798e-05
0.00023849129593810442
-0.00047678916827853
-0.0002381044487427466
0.0004678916827852998
-0.0006222437137330753
-8.259187620889744e-05
0.00044545454545454543
-0.0002984526112185686
0.00016731141199226304
-0.00018355899419729207
0.00024313346228239846
0.00010502901353965181
3.69439071566731e-05
-0.0008794970986460348
-0.0002620889748549322
-0.000341779497098646
0.00022069632495164411
0.00021179883945841385
0.00018278529980657652
0.000339458413926499
0.00032591876208897474
-0.0008338491295938105
0.0010524177949709865
0.00031972920696324953
-0.0003893617021276596
6.382978723404304e-06
-0.00048568665377176013
7.872340425531906e-05
-0.000244294003868472
-0.00013984526112185687
0.0003986460348162475
0.000643907156673114
-1.721470019342358e-05
-9.845261121856866e-05
-0.0002597678916827854
0.0002709864603481625
-0.0008241779497098645
0.00040909090909090913
-0.00012901353965183746
-0.0002760154738878143
-0.0006431334622823984
0.0004040618955512573
-0.001056286266924565
0.0006299806576402321
0.0006601547388781432
-1.257253384912966e-05
0.00017814313346228242
0.0003738878143133463
0.00014332688588007735
-6.769825918762041e-06
0.0003336557059961315
0.0007201160541586073
-0.0005967117988394584
0.00022804642166344288
0.00034216634429400393
-1.6827852998065817e-05
3.3075435203094785e-05
-0.00017930367504835588
0.00020367504835589942
4.158607350096718e-05
-0.0009638297872340426
-9.458413926499036e-05
-0.00012940038684719536
-0.0008090909090909092
0.00030116054158607354
-0.0006984526112185686
0.00025087040618955507
0.00014216634429400397
8.916827852998061e-05
-4.274661508704069e-05
6.866537717601548e-05
0.0001061895551257254
-6.170212765957443e-05
-0.0001096711798839458
0.0002222437137330754
8.955512572533851e-05
-0.0004148936170212766
0.0009912959381044486
0.001094970986460348
0.0006980657640232108
-2.727272727272724e-05
0.0003382978723404255
-0.00014990328820116056
0.00023617021276595742
0.0004930367504835591
-9.922630560928429e-05
0.00033752417794970983
0.0007916827852998066
-6.479690522243712e-05
-0.00025551257253384916
0.000576595744680851
9.574468085106381e-05
-0.0006253384912959381
0.000648549323017408
0.0006613152804642168
0.000455512572533849
0.0003058027079303675
0.00026557059961315277
-0.0003274661508704062
-0.0011015473887814311
0.0004965183752417794
0.0001011605415860735
0.0005003868471953579
-0.0004988394584139266
0.0003471953578336557
-0.00017156673114119924
0.00016382978723404257
0.0006450676982591877
-0.00012205029013539653
-0.0002864603481624759
-0.0003425531914893617
-0.00034023210831721467
-0.00033017408123791107
-0.0004458413926499033
0.00044197292069632496
3.9264990328820084e-05
-0.00033675048355899425
-0.0003007736943907157
-0.0002961315280464217
-0.00029651837524177955
-0.00032553191489361713
0.00030967117988394587
0.00037852998065764033
0.00019516441005802712
0.00044622823984526123
3.6943907156673126e-05
0.00045280464216634436
-0.0005529980657640232
-0.00037504835589941975
0.0008338491295938105
-0.0002880077369439071
7.292069632495168e-05
-7.794970986460356e-05
0.00029071566731141195
0.0003731141199226306
0.0004377176015473888
0.0008319148936170213
-0.0006996131528046422
-0.00014758220502901354
0.00019090909090909092
-0.00034100580270793036
-0.00036266924564796907
-0.000362669245647969
-0.0003928433268858802
-0.0005502901353965185
0.0002690522243713732
-0.00036344294003868465
0.00016576402321083177
-0.0003475822050290135
0.0006980657640232108
0.00044352030947775623
6.208897485493229e-05
-0.00027988394584139265
-0.00014023210831721472
4.274661508704058e-05
-0.0004303675048355899
-0.0007003868471953578
-0.0003704061895551257
-0.0006299806576402322
0.000741779497098646
0.00036073500967117987
0.00020096711798839453
-0.0010725338491295938
-0.0006702127659574469
8.452611218568663e-05
-0.00026402321083172155
-0.00010928433268858811
7.562862669245646e-05
-1.5667311411992257e-05
-0.00046054158607350106
-7.05996131528047e-05
0.00013172147001934233
0.00019980657640232113
-0.0002485493230174081
3.114119922630556e-05
6.40232108317215e-05
0.00011353965183752424
0.0006218568665377175
-0.00022765957446808515
5.783365570599615e-05
-0.0006388781431334624
-0.0006806576402321085
-0.00037698259187620884
-0.0006400386847195357
-9.574468085106381e-05
-0.000320889748549323
-0.00012630560928433263
-0.0006551257253384913
-2.8046421663443005e-05
0.00015377176015473885
-0.00023617021276595742
-0.00044700193423597676
0.0008381044487427465
0.00018123791102514513
0.00034294003868471946
0.0006485493230174081
-1.60541586073501e-05
-0.00026595744680851064
0.00012707930367504837
0.0006760154738878144
-0.00022611218568665382
0.00011934235976789172
-7.524177949709854e-05
9.497098646034809e-05
-0.00041605415860735003
0.0002470019342359769
-0.00040483558994197297
0.0001332688588007737
0.0006721470019342359
0.00035570599613152796
-0.0003355899419729208
0.00047833655705996136
-4.042553191489362e-05
0.00042920696324951646
-0.0001700193423597678
0.0004388781431334622
-0.00047253384912959387
0.00024003868471953572
-0.0002822050290135396
-0.00020135396518375246
-0.00038433268858800766
-0.00023887814313346234
0.00031624758220502906
-0.00034564796905222435
-7.292069632495172e-05
0.0003460348162475822
-0.0008825918762088976
-0.0001591876208897486
-0.0005406189555125727
0.0004048355899419729
0.0005878143133462283
-6.789168278529985e-05
-0.00041102514506769817
-4.390715667311416e-05
-0.0004446808510638298
0.00029613152804642173
1.1798839458413997e-05
0.00017891682785299806
-0.00029381044487427466
-0.00014410058027079306
0.00041953578336557056
0.0005793036750483558
-0.00017969052224371375
-0.00034526112185686653
-0.00043849129593810437
0.0008133462282398453
0.00059284332688588
-0.00012591876208897484
-0.0001251450676982592
-0.0007591876208897485
-0.00010580270793036755
-7.214700193423597e-05
-0.0003854932301740812
-0.0002620889748549323
-0.0006001934235976789
0.00013675048355899416
-0.0003479690522243714
2.7272727272727276e-05
-0.00018162475822050287
-0.00013868471953578333
-2.1856866537717692e-05
4.8549323017408095e-05
4.197292069632494e-05
0.00033017408123791107
-0.0003518375241779496
-1.9148936170212752e-05
-0.0005692456479690522
3.346228239845259e-05
-0.0003166344294003869
-0.0004094777562862669
-5.783365570599606e-05
0.00013597678916827847
-0.000658220502901354
0.0002408123791102515
-0.0003982591876208898
-1.1025145067698253e-05
-0.0003166344294003868
0.0002473887814313346
0.0004655705996131528
1.7601547388781373e-05
-0.0005135396518375243
2.7659574468085095e-05
-0.00048568665377176024
0.0006802707930367504
-0.00032359767891682793
-1.3346228239845295e-05
-0.0003065764023210832
0.000646228239845261
-0.00017272727272727272
0.0002996131528046422
0.00044352030947775634
0.0010021276595744682
7.137330754352034e-05
0.0003166344294003869
-0.00042108317214700183
0.000148742746615087
-6.247582205029017e-05
-0.00010270793036750486
-0.0005994197292069633
-0.0005402321083172147
0.00018858800773694388
7.543520309477677e-06
0.0002690522243713733
0.0004164410058027079
-0.00044854932301740814
0.0010620889748549321
0.00033945841392649904
-0.0002597678916827853
0.0005259187620889749
-7.949709864603486e-05
-0.00019787234042553187
0.0005522243713733075
0.0001545454545454545
-0.0007615087040618955
0.0008017408123791103
0.00015570599613152803
-0.0003970986460348162
-0.00037930367504835586
0.00033404255319148947
0.0007274661508704062
4.4487427466150934e-06
-0.0004087040618955512
0.00024197292069632486
6.634429400386848e-05
-0.0003212765957446808
-0.0002868471953578337
-0.00013326885880077374
0.0002798839458413926
1.1025145067698226e-05
0.0004214700193423598
-0.00017891682785299806
0.00013984526112185687
0.00016885880077369432
-0.0005003868471953578
0.00016653771760154738
0.00042611218568665364
2.4177949709864572e-05
-0.00016421663442940041
0.0004388781431334623
-0.00012475822050290135
-0.0012029013539651835
-0.00011353965183752424
-0.00033945841392649904
-0.0002570599613152805
0.00012011605415860735
-0.00013520309477756278
0.0006907156673114119
-0.00043655705996131517
0.0003785299806576402
-0.00023230174081237913
-0.00021334622823984526
-0.00031005802707930374
0.00025087040618955507
-8.955512572533846e-05
0.0005235976789168278
0.0007839458413926499
7.098646034816244e-05
0.0001286266924564797
-7.214700193423601e-05
-0.0006709864603481624
0.0007680851063829788
2.6112185686653807e-05
-8.297872340425531e-05
0.00026092843326885884
0.00048568665377176013
-5.087040618955516e-05
-0.0002717601547388782
0.0007750483558994197
1.7601547388781427e-05
-0.000555705996131528
-9.845261121856864e-05
0.0005669245647969053
-0.0008253384912959383
-5.8607350096711736e-05
-0.0003851063829787234
-0.0006458413926499031
0.0004319148936170213
-1.489361702127662e-05
0.0002969052224371373
0.00040793036750483557
0.000130174081237911
-0.0004702127659574468
9.864603481624731e-06
0.00016499032882011602
0.0003081237911025145
0.0003054158607350096
-0.0008659574468085106
0.00011818181818181815
-0.0003483558994197292
0.0002555125725338492
5.783365570599606e-05
-0.000386266924564797
-5.8607350096711736e-05
-0.00025125725338491294
0.0002152804642166344
0.0003588007736943908
-0.0003185686653771761
0.000606769825918762
-0.0002570599613152805
0.00023617021276595748
-0.0009123791102514507
0.00029264990328820115
0.000667504835589942
-0.0003201160541586074
0.0004230174081237911
-0.00044506769825918756
0.00019400386847195358
9.883945841392645e-05
-6.789168278529974e-05
0.0002791102514506769
4.197292069632492e-05
0.0005936170212765958
-0.0004102514506769826
5.0483558994197316e-05
-0.0005909090909090909
1.60541586073501e-05
-4.970986460348173e-05
-0.0006361702127659574
-0.0003746615087040618
0.00038201160541586064
-0.0001607350096711799
5.43520309477756e-05
0.00022649903288201164
0.00015802707930367505
3.675048355899471e-06
0.0006876208897485493
0.0008558994197292069
-0.0003947775628626693
-0.000618375241779497
-0.0002543520309477756
6.382978723404371e-06
0.0007321083172147002
-0.0005174081237911025
0.0005243713733075436
-0.00011624758220502891
-0.0005796905222437138
-0.00034139264990328813
-2.0696324951644182e-05
-0.0003355899419729207
0.00031353965183752416
4.738878143133456e-05
0.00020406189555125727
3.7330754352031026e-05
-0.000941779497098646
9.226305609284331e-05
-0.00017272727272727277
0.0007274661508704061
-0.0005715667311411991
-0.00019168278529980656
-0.00031392649903288204
-0.0006141199226305609
-0.00030696324951644103
-0.0005688588007736943
-0.0003386847195357834
0.0003147001934235977
0.00042804642166344305
0.00034758220502901355
0.0004106382978723404
0.00027872340425531914
-0.00011740812379110242
-0.00018897485493230175
0.000620696324951644
-6.711798839458416e-05
0.00010348162475822055
0.0007851063829787234
0.0009174081237911026
0.0011951644100580271
-0.0007228239845261123
0.00043268858800773693
0.00015841392649903284
-0.00010889748549323021
6.905222437137329e-05
-0.0005147001934235977
-0.00010735009671179883
0.0003998065764023211
-0.00017427466150870402
-0.00020212765957446815
-0.00039052224371373314
0.00034255319148936164
-2.9593810444874343e-05
-0.000788201160541586
-0.00029342359767891684
-0.00039787234042553185
-0.00022263056092843323
0.00013791102514506764
0.00022147001934235983
0.00042572533849129587
0.00040522243713733073
0.0006988394584139266
0.0007982591876208898
0.0001990328820116054
0.00043655705996131533
5.0870406189555216e-05
0.00026402321083172144
-0.0008280464216634428
0.00040947775628626695
0.0003003868471953579
0.00031856866537717597
-5.164410058027077e-05
0.0005599613152804642
-0.0006284332688588009
-0.0006713733075435203
-8.994197292069637e-05
-0.0003870406189555125
-0.00017775628626692458
-2.3017408123791144e-05
-0.0002636363636363637
-0.00042611218568665375
-9.110251450676981e-05
0.00024816247582205023
-0.0005077369439071567
0.0007495164410058026
0.00019516441005802706
-7.2147001934236e-05
-0.0004582205029013539
0.00019671179883945836
-0.0006330754352030948
0.00043191489361702135
-0.00021721470019342358
-0.0002017408123791102
-0.00012205029013539645
-0.0005998065764023212
-9.071566731141198e-05
2.5338491295938106e-05
-7.098646034816254e-05
-6.634429400386847e-05
0.0001553191489361703
-0.00047911025145067694
0.0002052224371373308
-1.0251450676982604e-05
0.0006145067698259187
0.0001251450676982592
-2.572533849129595e-05
-0.0002319148936170213
-0.00013675048355899421
-0.00042765957446808513
-0.00026634429400386835
0.000686073500967118
0.000176595744680851
-0.00043926499032882006
7.25338491295939e-05
-0.0005069632495164409
0.0004361702127659574
-0.00038123791102514517
6.866537717601542e-05
-0.00042456479690522247
-0.0001630560928433269
-0.0003061895551257253
-0.0003402321083172148
-0.00028297872340425536
4.4294003868471895e-05
0.0001382978723404255
-0.00010541586073500963
-0.0002431334622823984
-0.000886073500967118
-0.000511605415860735
6.518375241779485e-05
8.646034816247588e-05
-0.0005804642166344295
0.00010270793036750479
9.071566731141195e-05
0.0006299806576402321
-1.7408123791102208e-06
0.00025087040618955507
-0.00043965183752417794
-0.00019632495164410057
0.00020870406189555128
-0.00028568665377176015
-0.00021063829787234037
0.0002845261121856867
0.0006485493230174081
-0.000160348162475822
0.00011470019342359764
0.0001413926499032882
0.0003506769825918762
0.0001955512572533849
-0.0007607350096711799
-0.0002636363636363636
-2.069632495164413e-05
-0.00010309477756286266
0.0001529980657640232
9.090909090909055e-06
-0.00018433268858800774
-0.0009030947775628626
-0.0003112185686653772
-0.0003413926499032882
-0.00027330754352030947
0.00011972920696324948
9.11025145067698e-05
-0.00029961315280464216
-0.0007700193423597679
0.0005502901353965184
0.00032901353965183745
0.0004667311411992263
0.00020290135396518376
-0.0005785299806576401
-0.00014642166344294014
0.00021953578336557069
0.00020599613152804647
0.00018820116054158608
0.00027524177949709856
-4.506769825918752e-05
-0.000295357833655706
0.00025280464216634427
0.00010077369439071568
-0.00038201160541586075
0.00010851063829787226
-4.8162475822050195e-05
-0.0002172147001934236
-8.646034816247581e-05
-5.396518375241776e-05
0.00018278529980657652
-0.00011044487427466148
0.00026634429400386857
0.000118568665377176
-0.0006210831721470019
-0.0002624758220502901
0.00047176015473887823
0.0005015473887814313
-0.00020638297872340423
-8.568665377176011e-05
-3.810444874274661e-05
-0.0008787234042553191
0.00028762088974854935
0.000611798839458414
-0.0006206963249516442
0.00028375241779497105
0.00029961315280464216
0.0001707930367504835
-4.6615087040618975e-05
-0.0006849129593810444
-0.0004268858800773694
0.0004945841392649903
0.00039361702127659574
-6.324951644100577e-05
-0.000644294003868472
7.253384912959382e-05
0.0007216634429400387
6.09284332688588e-05
-0.0004206963249516441
-0.0007858800773694391
0.00027292069632495165
0.000669825918762089
0.00034990328820116057
0.0003874274661508705
-0.0003711798839458414
-0.00024274661508704066
-0.0004903288201160541
0.00019284332688588004
0.0007402321083172147
0.0002500967117988395
0.0004087040618955512
-0.000435009671179884
0.0008470019342359769
0.00016537717601547387
-0.000790909090909091
1.489361702127662e-05
0.0003727272727272727
1.3346228239845308e-05
-5.357833655705999e-05
0.00039941972920696324
0.00011083172147001932
0.0003661508704061896
-0.00015957446808510646
-0.00023500967117988394
-4.235976789168276e-05
0.000646228239845261
0.0001514506769825918
-0.0003893617021276596
0.0001274661508704061
-0.0001878143133462282
-0.00018317214700193425
-2.843326885880081e-05
0.0005119922630560928
-0.00030232108317214705
0.0006528046421663442
0.00022030947775628632
0.0005684719535783367
3.191489361702129e-05
-0.00034874274661508706
-0.00015647969052224372
-0.00044584139264990325
-9.497098646034816e-05
0.00045203094777562867
0.0006423597678916828
-0.0003112185686653771
0.00025357833655706
0.0004566731141199227
0.00014255319148936163
0.00024119922630560928
3.57833655705996e-05
0.00038626692456479687
-0.0004137330754352032
0.00021179883945841394
0.0001305609284332689
2.804642166344302e-05
0.0004044487427466151
8.529980657640226e-05
-0.00011934235976789166
0.0002647969052224371
0.0006001934235976788
-0.00015531914893617015
-0.0003522243713733075
0.0002148936170212766
-0.0007711798839458413
-5.802707930366866e-07
-3.926499032882022e-05
-0.0007085106382978723
0.0009738878143133463
3.152804642166346e-05
2.185686653771753e-05
-0.00043075435203094773
0.0004926499032882011
0.0005
9.574468085106376e-05
8.25918762088975e-05
-0.0008342359767891683
-0.00010232108317214707
-0.00026557059961315277
-0.00018123791102514508
-0.0005131528046421663
8.413926499032886e-05
-0.00018046421663442942
-0.00033481624758220505
-0.0001123791102514507
-0.00013210831721470026
-0.0002516441005802707
0.00030309477756286274
-3.462282398452608e-05
-0.0008454545454545453
0.0005224371373307544
0.0009878143133462284
0.0002299806576402322
-0.00014023210831721466
0.0002972920696324952
-0.0005193423597678916
3.7717601547388736e-05
0.0006268858800773695
6.363636363636371e-05
-0.00013404255319148935
0.0007313346228239845
-0.0003673114119922631
0.0003591876208897486
-0.00025009671179883943
-0.0010682785299806576
0.00019903288201160535
6.479690522243719e-05
0.0009220502901353965
0.00016073500967117986
0.0002856866537717602
-0.0004245647969052224
-0.0001170212765957446
-0.001120889748549323
-0.00010618955512572535
0.0006102514506769826
-0.00040793036750483557
0.000244294003868472
-0.00016885880077369437
-0.0005514506769825919
-0.0005147001934235975
-0.0006319148936170212
-0.00019748549323017403
0.00036228239845261125
5.9381044487427474e-05
-0.0006914893617021277
0.000583558994197292
0.00030502901353965183
-0.0006822050290135397
0.00023307543520309477
4.0038684719535694e-05
-0.0006075435203094777
-0.0005994197292069632
7.15667311411994e-06
0.00039052224371373314
-0.00011353965183752418
-0.000513926499032882
0.0003746615087040619
-9.226305609284339e-05
-0.0001916827852998066
0.0006667311411992264
-0.00029690522243713737
-0.0002767891682785301
0.0006346228239845261
0.00019516441005802712
3.28820116054164e-06
0.0011901353965183751
-0.00015647969052224377
-0.0004183752417794971
0.0003928433268858801
-4.0425531914893594e-05
0.0002675048355899419
-0.0003928433268858801
-0.00010773694390715662
0.00026441005802707937
-1.218568665377184e-05
-0.0005750483558994197
0.0005386847195357833
-0.00032978723404255314
0.00035261121856866535
0.00021063829787234043
0.0002257253384912959
-4.9323017408123834e-05
0.0005468085106382978
0.0007348162475822051
4.0425531914893594e-05
0.0005704061895551257
-0.0009336557059961315
-0.0001537717601547389
-0.00013442940038684717
-0.0007119922630560927
-0.0002667311411992262
0.0005522243713733075
-0.0003572533849129594
-9.110251450676983e-05
-0.00015725338491295946
-0.00029458413926499024
-5.6673114119922657e-05
0.00016228239845261127
0.00018974854932301736
-0.0003661508704061896
-0.00013984526112185698
0.0003781431334622824
-0.0002280464216634429
-0.00047717601547388785
-0.0010570599613152804
-0.000562669245647969
0.0007537717601547387
-0.00017582205029013535
-0.00019555125725338488
0.000832301740812379
0.0005332688588007737
-0.0002261121856866538
0.0006040618955512572
0.0006733075435203096
0.0005058027079303675
0.00039168278529980654
-0.0003715667311411992
2.5145067698258835e-06
0.0004168278529980658
0.00012088974854932302
-0.0005742746615087041
-6.054158607350089e-05
3.849129593810446e-05
-0.0005046421663442939
-0.0006299806576402321
-2.572533849129595e-05
0.0006199226305609284
-0.001069825918762089
-0.0005309477756286268
-1.953578336557054e-05
0.0001684719535783365
0.00038974854932301745
-0.00019825918762088974
-0.00040522243713733073
2.6499032882011585e-05
0.00010773694390715659
0.0002880077369439071
-1.682785299806575e-05
0.00014371373307543522
8.684719535783365e-05
-0.00044854932301740814
-0.0001912959381044487
-0.00015222437137330758
-0.0003259187620889748
-0.0002845261121856867
-5.280464216634425e-05
0.0006272727272727272
-0.0001920696324951644
-0.0001297872340425532
0.0002640232108317215
1.025145067698259e-05
0.00027562862669245654
-4.313346228239849e-05
-0.00025551257253384905
0.0002303675048355899
0.000339458413926499
-0.00047640232108317205
-2.379110251450678e-05
0.0003491295938104449
-0.0003874274661508704
-0.0005406189555125726
-5.241779497098643e-05
-0.000609477756286267
0.00014680851063829793
9.845261121856866e-05
0.0008849129593810445
-6.286266924564792e-05
-0.000520889748549323
0.0003147001934235977
0.00044390715667311416
-0.0003344294003868472
-0.00042804642166344295
-0.00011740812379110246
-8.317214700193366e-06
0.00046518375241779493
0.00010580270793036753
0.00035802707930367514
-0.0005259187620889749
0.00014139264990328828
0.0002748549323017408
-0.00011779497098646031
-0.0002288201160541586
-0.00026750483558994197
-0.00021489361702127662
-0.00010038684719535778
-8.25918762088975e-05
0.00011353965183752424
-0.00028684719535783366
-0.00019516441005802712
-0.00012050290135396525
6.32495164410058e-05
0.00033713733075435207
-0.0002172147001934236
0.0003638297872340426
-0.0002702127659574468
0.000288394584139265
-6.17021276595745e-05
-0.0002005802707930368
-0.0003317214700193423
-0.0001777562862669245
-0.0005112185686653772
-0.00021605415860735013
-0.0003460348162475823
9.7678916827853e-05
0.00021721470019342353
-0.00032630560928433266
0.0006891682785299807
-0.0007905222437137331
-0.00028143133462282403
-0.00048413926499032885
0.0002446808510638298
-3.849129593810443e-05
-2.379110251450678e-05
0.0001468085106382979
0.0003943907156673113
-0.00020676982591876202
-0.0005657640232108317
-0.00017001934235976796
0.0006671179883945842
-0.0002941972920696324
-0.00031083172147001943
-0.0003529980657640232
-0.00013558994197292068
0.00014912959381044484
-0.00016073500967117988
0.0005278529980657641
-0.0006922630560928433
-0.00030464216634429396
0.000555705996131528
0.000262862669245648
0.0001823984526112185
-0.00047949709864603476
0.0005321083172147002
0.00025203094777562863
0.00018317214700193425
0.00027911025145067696
-0.00030116054158607354
0.0003789168278529981
-0.00015764023210831726
0.0008597678916827853
0.0001870406189555126
-2.9013539651838088e-06
0.00012707930367504834
-0.00045744680851063824
-0.0005529980657640233
-0.0003386847195357834
-0.00011121856866537718
-0.00019632495164410054
0.0008334622823984526
0.0003270793036750484
-0.00016769825918762092
-8.684719535783366e-05
0.0002872340425531915
0.0005309477756286266
0.0003839458413926499
0.00017272727272727277
-0.0004114119922630561
0.00013288201160541587
8.452611218568657e-05
0.000376595744680851
-6.170212765957451e-05
-0.001078723404255319
0.0007646034816247582
-0.0007591876208897485
-5.280464216634433e-05
0.0003816247582205029
-0.00013326885880077374
-0.00038046421663442937
-0.00020986460348162473
0.0001522243713733076
0.0001715667311411993
0.00034371373307543515
0.0001518375241779497
0.00040058027079303686
0.0004439071566731141
-0.0004493230174081237
0.0005150870406189555
0.0006063829787234042
-0.000176595744680851
5.357833655705991e-05
-0.0002547388781431334
-0.00022340425531914898
0.00020638297872340418
0.00024700193423597683
3.887814313346232e-05
2.301740812379109e-05
-0.0008404255319148936
0.000353384912959381
0.0004613152804642167
-0.00011934235976789153
-0.00012282398452611215
0.000542166344294004
-0.0008566731141199227
0.00040174081237911026
0.0002984526112185686
-0.0007290135396518376
0.00021760154738878148
0.00040058027079303675
-0.00010386847195357831
-0.0005541586073500967
8.76208897485493e-05
-0.0009870406189555127
-0.0004059961315280464
2.727272727272725e-05
0.0002682785299806576
0.0005042553191489362
0.00019787234042553187
-0.0005305609284332689
-0.00014758220502901349
0.00022185686653771765
0.00016305609284332688
-0.0004063829787234042
0.00015764023210831728
-0.00022611218568665376
-0.00013133462282398457
0.0003839458413926499
-6.905222437137328e-05
-0.0005301740812379109
-0.0003564796905222437
0.0005506769825918763
-0.00013520309477756294
0.00010735009671179881
-0.0004949709864603482
-1.7601547388781427e-05
-5.938104448742742e-05
-0.00092321083172147
2.8433268858800824e-05
-0.00034061895551257254
0.00018549323017408133
-0.00016885880077369434
0.0003576402321083172
-3.114119922630566e-05
-8.646034816247587e-05
-0.0002052224371373307
-0.0005108317214700194
-0.0004396518375241779
0.0004833655705996132
-0.00020522243713733075
-0.0006241779497098645
6.054158607350093e-05
0.00026982591876208894
0.0003328820116054158
3.887814313346235e-05
0.00026673114119922633
0.00019477756286266922
0.0004079303675048357
-4.061895551257343e-06
-0.00020444874274661503
-5.551257253384912e-05
-0.0005375241779497099
-0.0002617021276595745
0.00022379110251450674
-0.0005874274661508704
-0.00021179883945841394
0.0003294003868471954
0.00023230174081237905
0.0005147001934235977
-9.477756286266915e-06
3.617021276595741e-05
-0.0003618955512572534
-0.00018123791102514508
-0.0004520309477756286
0.0005061895551257253
-0.0001738878143133462
-7.930367504835629e-06
-0.00037543520309477746
0.0003410058027079304
-0.0009127659574468085
0.0002586073500967118
0.0006110251450676982
0.00021295938104448736
-0.0001054158607350097
6.479690522243714e-05
0.0005750483558994197
-0.0003077369439071567
0.00047756286266924567
0.0003007736943907156
0.0003216634429400387
-0.00043733075435203097
-0.00023655705996131527
0.00010193423597678922
-0.00017040618955512575
-0.0010323017408123793
0.0006690522243713733
0.00043578336557059964
-7.292069632495164e-05
0.0003657640232108317
-0.0003669245647969052
-0.0006268858800773694
-3.733075435203093e-05
-0.0007649903288201161
-0.0005413926499032882
0.0004145067698259188
-0.00011740812379110257
0.0003398452611218568
-0.00043771760154738884
0.00047833655705996136
0.0005545454545454545
-8.64603481624758e-05
-0.00024738878143133454
-0.0008234042553191489
-6.634429400386855e-05
-0.00010812379110251452
9.381044487427475e-05
0.0005088974854932302
-0.00042688588007736944
-0.00020367504835589945
-9.864603481624706e-06
-3.771760154738876e-05
-0.000441972920696325
-0.0005646034816247582
-0.0002562862669245649
-0.000316247582205029
-5.628626692456477e-05
-3.9264990328820166e-05
-0.0001866537717601547
-0.0002226305609284333
5.22243713733073e-06
-0.00022263056092843334
0.00019516441005802703
-0.0003328820116054158
0.0006972920696324953
6.827852998065764e-05
0.00018665377176015476
0.0006307543520309479
0.0008740812379110252
-0.00023268858800773698
-8.181818181818186e-05
0.00040406189555125733
0.00013520309477756278
0.0003657640232108317
0.00026866537717601553
0.00011818181818181818
0.0003707930367504835
0.0002918762088974855
-0.00013249516441005805
0.00015531914893617018
0.0009735009671179883
0.00039284332688588005
-0.0007870406189555126
-0.00010928433268858807
0.00011083172147001929
5.16441005802708e-05
0.0003158607350096712
-4.2746615087040614e-05
0.0002048355899419728
0.00011586073500967115
-0.00014177949709864602
-0.000527852998065764
-0.00031431334622823986
-0.0003294003868471954
-0.00017427466150870413
0.0006864603481624759
-0.00016150870406189547
0.00012282398452611223
0.00022069632495164411
-0.00012127659574468089
0.00037969052224371373
-8.02707930367505e-05
0.0005181818181818182
0.0006261121856866537
-0.00022959381044487432
0.0004365570599613153
-0.00012127659574468086
-0.0004090909090909091
-0.0004678916827852999
3.2882011605415997e-06
0.0005232108317214701
0.00096963249516441
7.446808510638299e-05
-0.00037117988394584146
0.00031005802707930363
-0.00010077369439071567
-0.0003618955512572535
0.00017311411992263062
-0.0004264990328820117
0.0002822050290135395
-0.0005344294003868472
0.0002709864603481625
5.938104448742749e-05
-9.342359767891679e-05
0.00037272727272727273
6.402321083172151e-05
4.7388781431334666e-05
-0.0007239845261121856
-0.00015222437137330752
0.00016885880077369443
-0.0007936170212765958
-0.00013945841392649905
0.0004961315280464217
-0.0005441005802707931
-0.0005228239845261122
-0.00045203094777562856
-0.0005266924564796905
-9.883945841392651e-05
-0.0002121856866537718
-0.0001994197292069632
-0.00047717601547388785
-0.0003970986460348162
0.0006926499032882012
0.00023849129593810455
-0.0004350096711798839
-0.00028065764023210834
5.705996131528045e-05
0.00047137330754352025
-0.00022263056092843331
0.0001808510638297872
-0.00031663442940038677
-6.131528046421658e-05
-0.00036847195357833656
-0.000402127659574468
0.000618762088974855
-0.00010967117988394586
-5.705996131528046e-05
-0.0005785299806576402
0.00038471953578336565
0.00018820116054158603
6.769825918762102e-06
-0.00018704061895551266
-0.000613733075435203
0.0004779497098646035
2.4951644100580315e-05
0.0005723404255319149
0.00012243713733075433
-0.0003584139264990329
1.9535783365570594e-05
0.00017427466150870402
-0.0007073500967117988
-0.0002632495164410058
-0.0002500967117988394
-0.00014294003868471953
-0.00017620889748549325
-0.0007928433268858801
0.00017736943907156676
-0.00046634429400386855
0.0004295938104448743
-4.042553191489361e-05
0.00017582205029013535
-0.000318568665377176
0.00011740812379110249
-0.00011740812379110242
-0.00040058027079303675
-0.0008733075435203095
8.994197292069633e-05
4.5454545454545465e-05
-0.00037543520309477757
0.00034216634429400393
0.0007154738878143134
0.000753384912959381
0.00036112185686653774
0.000137137330754352
0.0002249516441005803
5.609284332688614e-06
0.0006396518375241779
-0.0009533849129593811
-0.00035802707930367514
-0.00012978723404255313
0.0005247582205029014
-0.00027446808510638303
9.729206963249518e-05
0.00044468085106382974
-0.0005270793036750484
0.00013442940038684714
0.00040754352030947786
-0.00025744680851063836
-1.334622823984524e-05
-0.00041566731141199227
0.0003626692456479691
-0.0004264990328820116
0.00024584139264990327
4.893617021276592e-05
-0.00024003868471953572
-0.00014680851063829788
-0.0004647969052224371
0.0005340425531914892
3.6557059961315334e-05
0.00012823984526112183
2.7659574468085068e-05
-0.00041179883945841386
-0.00016615087040618953
-5.0096711798839416e-05
0.000611798839458414
-0.000432688588007737
-0.0009421663442940038
0.00048684719535783364
-0.0004949709864603482
3.1914893617021255e-05
-0.0006934235976789169
0.00019709864603481618
0.0004764023210831722
0.000541779497098646
-0.000202127659574468
-2.901353965183755e-06
-0.0001885880077369439
0.00019748549323017405
8.143133462282398e-05
-0.000320889748549323
-0.0005723404255319149
-0.00016034816247582198
-0.00021992263056092842
0.000246615087040619
0.0002690522243713733
-8.375241779497104e-05
0.0003077369439071566
-0.0001642166344294004
3.1141199226305645e-05
0.0006179883945841393
-0.00017350096711798838
0.00029381044487427466
-0.000293036750483559
0.0005680851063829788
-9.148936170212766e-05
-0.00027872340425531914
0.0005870406189555125
-0.0006783365570599613
-0.0005630560928433269
0.00017117988394584134
-5.551257253384913e-05
0.0005727272727272727
-0.0007027079303675048
-0.00030541586073500965
0.00044313346228239846
-0.0006736943907156672
0.0005352030947775629
-2.882011605415863e-05
0.00036499032882011603
-0.0005224371373307544
-0.00041025145067698264
0.0006481624758220505
-0.0002655705996131528
0.0002056092843326886
-3.849129593810445e-05
-4.816247582205025e-05
0.0006609284332688588
0.000879110251450677
-0.00022688588007736943
-0.0001382978723404255
2.3404255319149044e-05
-0.0008605415860735009
-0.0001332688588007737
-0.00026441005802707926
-0.0003878143133462282
-2.7659574468085068e-05
-0.00028104448742746605
-1.5667311411992284e-05
0.00018781431334622827
-0.0004315280464216635
0.00017001934235976785
0.0004392649903288201
-0.00019555125725338496
-0.00015222437137330758
-6.324951644100577e-05
0.00010502901353965184
-0.00019941972920696325
0.0001514506769825918
3.53965183752418e-05
-0.0007653771760154739
-6.382978723404304e-06
-0.00029767891682785306
6.78916827852998e-05
0.0007336557059961315
-0.0003618955512572534
-9.071566731141198e-05
0.00038704061895551256
-0.0004063829787234043
-0.0001758220502901354
0.00034951644100580264
9.729206963249515e-05
-0.0001955512572533849
-0.00017195357833655703
-2.5145067698258564e-06
-0.0007263056092843327
0.00015338491295938103
0.00024274661508704066
0.0006473887814313346
0.0003854932301740813
-0.0007715667311411992
-0.00031972920696324953
-0.0005201160541586073
-0.0005827852998065764
0.0005680851063829788
-0.00032011605415860735
0.0004156673114119922
-0.0002810444874274661
-4.1972920696325e-05
-3.075435203094777e-05
-0.0002222437137330755
-0.00043810444874274655
-9.071566731141203e-05
9.032882011605422e-05
-0.0004508704061895552
0.00034526112185686653
0.0003348162475822051
0.00012901353965183752
4.468085106382978e-05
-0.0009874274661508702
-0.0003166344294003868
0.0006048355899419728
-0.0009611218568665377
0.0001963249516441006
8.878143133462287e-05
0.0001286266924564797
-0.00031624758220502895
0.0002218568665377176
-0.00024970986460348167
0.00030657640232108316
0.00013791102514506764
-0.00016382978723404246
-0.0003123791102514507
-0.00013752417794970988
-0.00033791102514506776
-0.00040096711798839457
0.00014951644100580271
-3.810444874274666e-05
-2.920696324951647e-05
-0.000497678916827853
-0.00015725338491295936
-0.00039323017408123787
-0.0001359767891682785
-6.789168278529989e-05
5.319148936170215e-05
-0.00025048355899419725
-5.8220502901353944e-05
0.0009061895551257254
0.00015145067698259186
9.342359767891674e-05
0.00011702127659574471
0.0005746615087040619
-0.0004311411992263056
-4.1586073500967104e-05
4.8162475822050303e-05
-0.0001506769825918762
-0.0007603481624758221
0.0011309477756286266
-0.0005150870406189555
-0.00018355899419729202
0.00046750483558994195
2.0696324951644077e-05
0.00033868471953578334
-0.0003920696324951644
0.00013365570599613153
-0.0003058027079303674
0.0004539651837524177
-0.00048027079303675045
4.7388781431334585e-05
-0.00047214700193423594
0.00021063829787234043
-0.0004783365570599613
-9.961315280464215e-05
-0.0004903288201160541
0.0003437137330754352
-5.396518375241784e-05
0.001021083172147002
0.0007831721470019343
0.00012901353965183752
-0.0005286266924564797
0.001081431334622824
-0.00020212765957446815
-0.0002980657640232109
-0.00015609284332688582
-0.00010812379110251449
-0.00015647969052224383
0.00014874274661508691
3.230174081237905e-05
-0.0006798839458413927
0.00045822050290135404
-2.6112185686653767e-05
0.00033404255319148936
3.8104448742746514e-05
0.00045860735009671175
-0.0001990328820116054
0.0005823984526112185
0.0003286266924564797
0.0006895551257253385
-0.00028916827852998057
0.0004342359767891682
0.0004450676982591876
-0.0004613152804642167
0.0009270793036750482
-0.00011856866537717601
0.0005382978723404255
0.0009893617021276596
-0.00013945841392649897
-8.220502901353957e-05
-0.00027833655705996127
0.0003382978723404255
0.0010384912959381044
-1.0638297872340328e-05
0.000872147001934236
-0.0004883945841392649
0.0006856866537717603
0.0006663442940038685
-0.0002311411992263055
0.00011431334622823979
-0.00012205029013539647
-0.00016537717601547392
-4.777562862669247e-05
-0.0004218568665377177
0.00020793036750483561
-6.441005802707928e-05
-0.00014758220502901349
0.00019284332688588004
0.00038123791102514506
-0.00018355899419729215
-0.00023617021276595753
0.00015609284332688593
0.0006690522243713734
0.0007104448742746615
-0.0005649903288201161
2.3404255319148976e-05
0.0003793036750483559
-0.00035415860735009674
-0.00017117988394584145
-6.673114119922637e-05
-0.0005568665377176016
-7.756286266924558e-05
0.000118568665377176
-9.671179883944777e-07
7.021276595744683e-05
-0.0004829787234042553
0.00010502901353965181
-0.0008934235976789167
-0.0004678916827852998
7.601547388781433e-05
0.0003522243713733076
-1.8762088974854934e-05
-0.0003096711798839458
6.0154738878143274e-05
0.00014332688588007735
-0.00022804642166344286
6.0154738878143044e-05
0.0005560928433268859
-0.00043191489361702135
-3.230174081237912e-05
0.00011199226305609284
-1.9148936170212698e-05
-0.0007789168278529982
0.0006798839458413926
0.00013481624758220493
2.843326885880073e-05
-0.00039516441005802707
0.00011702127659574468
-0.00011663442940038687
0.00019013539651837526
-0.00018239845261121853
-0.00019013539651837518
-2.0696324951644077e-05
-0.00038858800773694383
-0.0003495164410058027
-0.00031818181818181815
-0.00045087040618955505
5.9381044487427474e-05
-0.00014448742746615086
-6.402321083172147e-05
0.0006292069632495165
0.00021760154738878143
-0.0004965183752417794
-0.0010427466150870408
0.00031353965183752427
0.0003595744680851063
0.00051431334622824
7.1566731141199535e-06
0.00033520309477756287
0.0003317214700193424
-0.00016034816247582207
-0.00011315280464216631
0.0007723404255319149
0.0007495164410058027
-0.00014642166344294008
-2.765957446808512e-05
8.800773694390712e-05
0.0003088974854932302
2.998065764023215e-05
3.423597678916835e-05
8.220502901353968e-05
-0.0007077369439071566
-0.0003
-0.00012088974854932307
-0.0004682785299806576
0.0002922630560928433
-0.0002628626692456479
-0.00035764023210831716
9.419729206963254e-05
-0.0006272727272727272
-0.00036924564796905215
-2.9013539651838625e-06
-0.00015145067698259186
-0.0007181818181818182
-5.667311411992256e-05
0.000694970986460348
-5.0096711798839416e-05
8.25918762088975e-05
-0.0002620889748549322
-0.000595551257253385
-0.0003324951644100579
-0.00044970986460348154
-0.0006876208897485493
-4.7001934235976834e-05
0.0009019342359767893
0.00027330754352030947
0.0009808510638297872
8.220502901353965e-05
-0.00034526112185686653
-0.0005475822050290135
-0.00031547388781431326
-0.0002326885880077369
0.00040251450676982595
2.417794970986465e-05
0.00033868471953578334
6.363636363636361e-05
0.00046247582205029004
0.000581624758220503
0.0005669245647969052
-0.0002346228239845261
-9.729206963249515e-05
-0.0004996131528046421
-6.170212765957441e-05
-4.3907156673114076e-05
-0.0007731141199226305
0.00024235976789168282
-0.0002597678916827853
-0.0004597678916827853
0.0007410058027079304
-0.000316247582205029
0.00016344294003868472
-0.00023733075435203093
-9.148936170212767e-05
0.00046518375241779504
-0.0009626692456479689
-0.00026208897485493235
3.268858800773691e-05
-0.0004783365570599614
0.0003618955512572534
0.00014061895551257262
0.00030386847195357827
8.220502901353962e-05
-0.0004214700193423598
7.253384912959374e-05
5.2224371373307694e-06
0.0003379110251450678
-0.0005390715667311413
0.0005661508704061896
0.00016266924564796898
0.0001352030947775629
-4.003868471953579e-05
-0.00031972920696324953
0.0002980657640232109
-0.0009452611218568665
-4.4294003868471935e-05
-0.0005061895551257253
-0.0002911025145067699
-0.000306963249516441
-0.00021063829787234043
-0.0005147001934235977
-8.839458413926502e-05
-0.0003038684719535783
-4.854932301740817e-05
-0.0003611218568665377
-0.0005526112185686654
0.00017736943907156676
0.0004454545454545455
-0.00029458413926499035
-0.00022843326885880078
0.0003228239845261122
0.00010696324951644104
-1.953578336557062e-05
4.700193423597682e-05
0.00037466150870406193
-1.76015473887814e-05
0.0001785299806576403
-0.000786266924564797
-2.611218568665382e-05
0.0001618955512572534
0.00020212765957446815
0.0009978723404255319
0.00010309477756286265
-0.0007073500967117989
-0.00016382978723404262
-0.000588201160541586
-8.413926499032878e-05
-0.000351063829787234
0.00018781431334622818
-0.0004090909090909091
-0.00031470019342359773
-0.0007831721470019342
0.00013210831721470015
0.0005050290135396519
0.0001599613152804642
-0.0004903288201160541
-0.0003456479690522244
0.0004253384912959381
-0.0002845261121856867
0.00031199226305609284
-0.0005359767891682785
0.00044584139264990325
0.001130560928433269
-0.0004709864603481625
0.000693036750483559
9.497098646034812e-05
-5.589941972920698e-05
0.000688394584139265
5.551257253384919e-05
-0.00045628626692456473
0.00029264990328820126
-6.866537717601547e-05
-0.0002446808510638298
0.0003827852998065764
-0.00021295938104448747
-0.0005970986460348161
-0.0006802707930367504
0.0004117988394584138
0.0008172147001934236
-0.0002713733075435203
0.00019555125725338493
0.00030618955512572534
0.0007042553191489361
-0.0001344294003868472
9.613152804642163e-05
-0.0005568665377176014
-0.00012321083172147002
-0.00031121856866537714
-0.0003738878143133463
0.00024738878143133465
0.0006408123791102515
2.069632495164413e-05
2.8820116054158656e-05
-3.887814313346229e-05
0.00034874274661508706
0.0001247582205029013
0.00038355899419729214
-0.000125531914893617
8.878143133462271e-05
0.00029187620889748557
0.00010116054158607353
9.110251450676977e-05
0.0002508704061895551
0.00012823984526112188
-0.0007487427466150872
0.00031586073500967124
0.00035222437137330753
0.00012475822050290135
-0.00029032882011605424
0.0007212765957446809
-0.00041682785299806583
-9.806576402321082e-05
6.943907156673122e-05
-2.1470019342359765e-05
-0.0006408123791102515
0.0006152804642166344
0.00017234042553191493
7.292069632495166e-05
-0.0004926499032882012
-9.419729206963254e-05
-0.00021837524177949707
-0.00011431334622823993
-0.0001247582205029014
0.0006539651837524177
0.0008690522243713734
3.230174081237912e-05
-0.0007077369439071567
-0.0006829787234042552
-0.0008203094777562862
0.0004179883945841393
0.0006551257253384913
0.00024777562862669247
0.00022998065764023208
-1.6054158607350072e-05
-0.0001344294003868471
0.00023191489361702123
0.00010502901353965184
-0.0001673114119922629
-0.00021334622823984524
-0.0002938104448742747
-0.00042882011605415864
0.00019090909090909087
0.0002617021276595744
-0.00012205029013539645
0.00023617021276595742
-0.0005181818181818181
-0.00022185686653771757
0.000511605415860735
0.00021102514506769835
4.738878143133464e-05
0.00047137330754352036
0.00027911025145067696
0.0002999999999999999
-0.0005564796905222437
-0.00027059961315280463
-0.00010154738878143139
-1.3346228239845254e-05
0.00016537717601547387
-0.0002996131528046422
6.866537717601546e-05
-0.0005096711798839459
-0.00013829787234042543
-0.0003661508704061895
-0.00017272727272727277
0.0001560928433268859
0.000362669245647969
0.00032437137330754357
-0.0003456479690522243
0.0004183752417794972
6.71179883945841e-05
-0.00031392649903288204
0.00029497098646034817
-0.00039903288201160536
0.0002647969052224372
6.595744680851062e-05
0.0005088974854932302
0.0005537717601547388
0.00018355899419729204
0.00030116054158607354
0.0005058027079303675
6.82785299806576e-05
0.00016653771760154735
0.0007707930367504835
0.0006288201160541585
0.0003843326885880077
-0.000506963249516441
0.00015570599613152803
-0.0002056092843326886
0.0005851063829787233
0.0007773694390715667
-1.0251450676982618e-05
-0.0006764023210831721
-8.317214700193501e-06
-0.00036228239845261125
-0.00012127659574468081
-0.0005065764023210831
-0.00011431334622823982
-2.8820116054158656e-05
0.0001611218568665377
-0.00025357833655705996
0.0006261121856866538
-0.0006439071566731142
0.000506963249516441
0.00034951644100580264
-0.00040251450676982595
-0.001156092843326886
-0.000353384912959381
8.878143133462282e-05
-0.0003580270793036751
0.00011779497098646036
0.0004063829787234042
0.0002473887814313346
4.390715667311412e-05
-0.00045938104448742744
-0.00018858800773694385
3.965183752417793e-05
-0.00040174081237911026
-5.667311411992267e-05
-0.0005804642166344295
-0.0005990328820116053
-1.760154738878145e-05
-2.1083172147001946e-05
-0.00032514506769825926
0.00044584139264990325
9.574468085106387e-05
0.0006582205029013541
0.00033481624758220505
0.00019980657640232113
2.5145067698259373e-06
0.00011315280464216623
0.00025938104448742746
-0.00011740812379110252
-0.0007201160541586073
0.00010696324951644104
0.000127852998065764
8.839458413926504e-05
0.0008473887814313347
-0.00025241779497098645
0.0002299806576402321
-0.0004237911025145068
-0.0007773694390715668
0.0001313346228239845
-0.0006671179883945841
0.00014835589941972923
0.0008408123791102514
-6.982591876208902e-05
-0.0004032882011605416
-0.00045551257253384915
-0.00010425531914893617
-8.568665377176006e-05
-0.0004001934235976789
0.00022417794970986456
-1.682785299806579e-05
0.00011237911025145062
-0.0004001934235976789
0.00034526112185686664
-0.00022765957446808506
-8.607350096711798e-05
-0.0005777562862669246
0.00019090909090909087
-0.0004640232108317215
-0.0003413926499032882
-6.131528046421658e-05
-0.00019555125725338493
0.00016924564796905216
0.00042147001934235976
0.00044622823984526107
0.0005560928433268859
-0.0006810444874274661
-0.0004056092843326885
-0.0004415860735009672
-0.0007839458413926499
0.00011856866537717605
-6.557059961315269e-05
0.0008918762088974854
0.0002887814313346228
-0.0003081237911025145
-9.65183752417795e-05
0.0004965183752417795
-0.0004566731141199227
0.0005166344294003869
6.092843326885879e-05
0.00041411992263056083
0.00022649903288201166
-0.0005410058027079304
-1.0638297872340489e-05
-3.19148936170213e-05
9.671179883946117e-07
-2.920696324951643e-05
6.673114119922631e-05
0.0006052224371373308
-0.0004752417794970986
0.00018317214700193425
0.0006764023210831721
-0.0003827852998065764
0.0003576402321083172
0.0006868471953578337
2.03094777562863e-05
0.00012166344294003876
-8.607350096711801e-05
-0.0001317214700193424
0.00013636363636363634
-0.0008655705996131528
0.000930560928433269
-0.00020444874274661506
0.0008442940038684719
-3.462282398452611e-05
0.0005054158607350097
-0.00021876208897485489
0.000506963249516441
0.00039090909090909096
-4.3520309477756325e-05
-0.000479110251450677
-0.00022069632495164411
-0.0003661508704061896
-0.0011967117988394584
0.00014023210831721472
-0.0005336557059961315
-2.765957446808508e-05
0.0004705996131528046
0.0007912959381044487
0.00043423597678916837
0.00029148936170212764
-0.0011375241779497099
-6.634429400386848e-05
-5.5899419729206925e-05
-6.40232108317215e-05
-0.0003235976789168279
0.0006272727272727273
-0.00016499032882011602
-0.0003947775628626693
-0.0004404255319148938
0.0002276595744680851
0.0005680851063829788
-0.0005649903288201161
-0.0007626692456479689
-0.0005406189555125725
0.0002903288201160542
-0.0006114119922630561
0.0001572533849129594
-0.0005889748549323017
-6.943907156673107e-05
0.00011663442940038684
-0.00013868471953578328
0.0008377176015473886
0.00020019342359767884
0.0005228239845261122
-0.0005003868471953578
0.0003603481624758221
0.0004172147001934236
-0.0005940038684719535
0.000218762088974855
0.0003618955512572534
5.3191489361702215e-05
0.00010541586073500965
0.000141779497098646
-0.00031740812379110246
0.00024777562862669247
-0.00015029013539651835
-0.00030116054158607354
0.00023655705996131532
5.899419729206963e-05
0.0007738878143133463
0.0007154738878143134
0.0003959381044487427
-0.0004624758220502901
0.0002632495164410058
-9.690522243713735e-05
-0.00014680851063829788
0.000539458413926499
0.0008148936170212766
-0.00033907156673114116
-0.00032437137330754346
0.0005502901353965184
-0.000376595744680851
0.00017427466150870405
-0.00035725338491295934
-0.0008272727272727272
-4.0812379110251426e-05
0.00028413926499032876
6.38297872340425e-06
-0.00042301740812379114
0.00016885880077369437
7.601547388781435e-05
-0.0001119922630560928
-6.286266924564798e-05
-0.0001924564796905223
0.00028607350096711796
-6.247582205029013e-05
1.6441005802708e-05
-0.0001410058027079303
-0.0001700193423597679
0.0002760154738878143
-0.00026711798839458415
-0.0003661508704061896
-0.0008056092843326886
-0.00021528046421663433
0.0002578336557059962
0.00028646034816247584
-0.00010657640232108322
-0.0008264990328820116
-6.247582205029016e-05
-0.00043036750483559
-6.054158607350101e-05
-0.0001247582205029014
-3.655705996131528e-05
0.00041953578336557056
0.0003212765957446809
5.048355899419729e-05
-0.00045357833655705994
0.0002624758220502901
0.0002829787234042553
0.00013249516441005805
0.0003533849129593811
7.717601547388784e-05
0.0004477756286266925
-0.00019825918762088977
-0.00022030947775628627
0.00035802707930367514
0.00040174081237911026
-0.0006098646034816248
7.059961315280467e-05
0.0004941972920696326
0.00043075435203094784
-7.87234042553191e-05
0.00022301740812379108
-0.0002431334622823984
-0.0004241779497098646
0.0003676982591876209
-0.00012978723404255313
0.00016615087040618945
0.00029071566731141195
0.00014255319148936168
0.0008369439071566731
0.00015918762088974856
5.0096711798839443e-05
-0.00031934235976789177
0.0002965183752417796
0.0007382978723404255
-0.0003653771760154738
0.0008172147001934237
0.0008411992263056093
0.0004930367504835591
0.00016847195357833653
-0.00046131528046421653
-0.00034719535783365573
-0.0001034816247582205
-0.00013868471953578336
-4.4680851063829794e-05
1.9342359767886868e-07
-0.00011083172147001932
0.0006013539651837524
4.4680851063829754e-05
-0.00018123791102514508
-0.0004578336557059961
-3.849129593810443e-05
0.0001866537717601547
0.0005278529980657641
-4.46808510638297e-05
-0.00011315280464216628
-0.000646615087040619
0.00030038684719535795
-0.00025705996131528044
-2.7659574468085146e-05
0.0008334622823984527
-0.0002775628626692457
0.000237330754352031
-8.413926499032884e-05
2.417794970986465e-05
-0.00023500967117988394
-0.0002709864603481625
-0.00018201160541586077
-0.0007081237911025145
-9.342359767891685e-05
8.762088974854934e-05
-0.00018936170212765957
-0.000167698259187621
0.000937137330754352
9.845261121856866e-05
1.644100580270789e-05
0.00016653771760154735
-0.0003669245647969052
0.0007247582205029015
-0.000279110251450677
-0.0003150870406189555
0.0004017408123791103
0.00033713733075435196
2.8046421663442937e-05
-0.00033172147001934234
0.00024042553191489356
-0.00040947775628626695
-0.0005038684719535782
-5.357833655706002e-05
-1.7988394584139337e-05
-0.00018085106382978718
0.0002620889748549323
1.1025145067698253e-05
-0.00020638297872340418
-0.000337137330754352
0.00043887814313346224
-0.0006017408123791103
1.6054158607349994e-05
0.00023114119922630554
-0.0007994197292069633
-0.00027330754352030947
-0.0005649903288201161
-5.203094777562865e-05
0.00010309477756286276
4.545454545454544e-05
-8.994197292069641e-05
-0.0004624758220502901
0.0004547388781431335
0.00016266924564796898
-3.2882011605415057e-06
-0.0005475822050290135
-0.0004891682785299807
0.0007046421663442939
0.0002647969052224372
-1.6441005802707945e-05
0.00014216634429400394
7.1566731141200204e-06
-0.00018742746615087037
0.00046827852998065764
-0.00013597678916827841
-9.651837524177945e-05
4.390715667311413e-05
0.00027678916827853
0.0002887814313346228
-0.0006686653771760155
5.048355899419718e-05
0.0004659574468085106
-0.0004729206963249517
0.00011392649903288208
0.00031005802707930374
-0.00038433268858800777
0.00019052224371373302
0.0005800773694390716
-0.0010427466150870408
4.816247582205036e-05
-0.0001912959381044488
-0.00013791102514506767
-0.00044042553191489357
0.0010137330754352032
0.00039400386847195356
-0.0005499032882011606
0.00011353965183752413
0.00039632495164410063
-8.317214700193501e-06
0.0004319148936170214
-0.00025280464216634427
-0.00038201160541586075
-0.00015918762088974853
-0.0002036750483558994
-0.0002686653771760155
-0.00010464216634429399
0.0006106382978723403
-0.0004822050290135396
-0.00013404255319148935
0.0006098646034816247
0.000298065764023211
-0.00036963249516441
0.00014371373307543525
0.001000193423597679
0.00027678916827853
0.00010580270793036753
0.00034371373307543526
-0.00042533849129593805
0.0005905222437137331
-0.0007982591876208897
0.0002818181818181818
-0.00010657640232108324
-0.0002887814313346228
0.0006547388781431334
-0.00024584139264990327
3.152804642166351e-05
0.0001704061895551257
0.0002644100580270792
0.0001398452611218569
0.0006814313346228239
-8.723404255319144e-05
-0.0004504835589941973
-0.0001386847195357833
0.00037620889748549315
-0.0006512572533849129
6.905222437137322e-05
0.0003410058027079304
2.6499032882011585e-05
1.025145067698259e-05
0.0007003868471953579
-0.00046441005802707924
-0.0006876208897485494
-0.0002744680851063831
0.0003878143133462282
0.0004957446808510639
-4.274661508704066e-05
0.0006384912959381044
1.489361702127662e-05
-0.00014835589941972926
-0.0003313346228239846
0.00020986460348162476
0.00028220502901353967
0.00011121856866537711
-0.00020560928433268857
0.0003123791102514507
-0.0007522243713733076
0.0003448742746615087
6.673114119922626e-05
-0.0008647969052224371
2.8820116054158547e-05
-2.6112185686653767e-05
-2.4564796905222496e-05
-0.00021566731141199234
9.922630560928434e-05
0.0002972920696324952
0.0008802707930367505
-0.0001967117988394584
8.878143133462282e-05
0.0003085106382978723
-9.535783365570605e-05
0.0002551257253384913
0.00046711798839458424
-0.0009750483558994197
-0.00017582205029013538
4.352030947775635e-05
0.0001889748549323017
8.181818181818183e-05
0.00028568665377176015
0.00032437137330754357
0.00026557059961315277
-6.092843326885886e-05
-4.584139264990331e-05
8.104448742746614e-05
-0.0004454545454545455
0.00035841392649903285
-0.0005940038684719536
-0.00018007736943907157
0.0008439071566731141
0.00021102514506769827
-0.00019013539651837518
-0.0006895551257253386
0.00032591876208897495
-0.00020251450676982594
-0.00015377176015473883
-0.00041953578336557056
7.059961315280465e-05
-0.0004837524177949711
0.0004098646034816247
-0.0002063829787234043
0.00021218568665377175
0.0005549323017408124
-0.00042263056092843327
-0.00040251450676982595
0.0002365570599613153
2.3017408123791144e-05
0.0006009671179883945
0.0005866537717601546
-0.00018936170212765954
-0.0005096711798839459
9.729206963249521e-05
-0.0007769825918762089
-0.00016112185686653762
-0.00034951644100580275
0.0004094777562862669
0.000716247582205029
-0.0006067698259187622
-0.0007618955512572535
-0.0002040618955512572
0.0005746615087040619
-0.00010270793036750482
0.00037775628626692464
0.0006512572533849129
0.00035029013539651833
0.0005177949709864603
-0.0005
0.00012514506769825925
8.916827852998067e-05
-0.0005924564796905223
0.0004369439071566732
5.473887814313349e-05
0.0004056092843326886
0.0004183752417794971
0.0004431334622823984
0.00011315280464216634
6.363636363636365e-05
0.00017195357833655708
-5.62862669245648e-05
-0.0003402321083172147
6.286266924564796e-05
-0.0008245647969052224
-0.0004005802707930367
0.00041179883945841397
-0.0003704061895551257
-0.00031121856866537714
0.0006330754352030949
0.00047911025145067694
-0.0001676982591876209
0.00018162475822050287
-0.0006899419729206963
0.00027137330754352026
-0.0007804642166344294
0.00060715667311412
-0.000262862669245648
-0.0006311411992263055
-0.0001580270793036751
0.0002988394584139265
0.00023965183752417787
-0.00017582205029013535
-0.0008253384912959382
-6.5183752417795e-05
0.00013094777562862667
4.5454545454545465e-05
0.00014951644100580266
-0.0004137330754352032
-0.0004543520309477756
5.20309477756286e-05
0.00038355899419729214
6.09284332688588e-05
0.00038626692456479687
-0.00035454545454545455
0.00029226305609284333
4.119922630560926e-05
-0.0006431334622823985
-0.00019206963249516435
-0.00018626692456479688
0.0006992263056092845
-0.0006589941972920696
9.110251450676983e-05
-2.9013539651838088e-06
0.0006330754352030948
-0.00016769825918762086
0.00047369439071566727
3.2688588007736885e-05
-0.000511605415860735
-0.0002632495164410058
0.0007270793036750484
0.00022998065764023216
-2.1470019342359765e-05
0.00014912959381044487
0.0001789168278529981
-0.00011702127659574463
0.00026208897485493235
-0.0005564796905222437
-0.00022340425531914895
0.0003150870406189555
-0.00010735009671179877
-8.56866537717601e-05
-0.0006315280464216635
-0.0005266924564796905
-0.0006725338491295938
-2.224371373307543e-05
0.00012669245647969055
0.0006694390715667311
0.0003402321083172147
-0.0002748549323017408
0.000495357833655706
0.0005696324951644102
-0.0005135396518375243
-0.00018278529980657643
2.185686653771765e-05
-6.518375241779504e-05
9.690522243713735e-05
-0.0006357833655705995
-0.0003464216634429401
0.0008717601547388781
-0.0003150870406189555
-0.0001707930367504835
0.00021605415860735007
0.00019439071566731137
-5.802707930367671e-07
0.0003688588007736943
0.0007294003868471954
5.1644100580270846e-05
-1.025145067698259e-05
-1.3346228239845295e-05
-0.0006543520309477756
-5.473887814313342e-05
0.00013249516441005805
-0.0004794970986460348
-0.0005212765957446809
-4.042553191489365e-05
-0.00040599613152804637
0.0006667311411992263
1.4506769825918735e-05
-0.00015686653771760156
0.00044584139264990325
0.00037350096711798837
-2.108317214700192e-05
-0.0007769825918762088
0.0006145067698259187
-0.0003410058027079304
-1.7214700193423554e-05
-1.4506769825918776e-05
-0.0004164410058027079
0.00034255319148936164
-0.00012127659574468092
0.000309284332688588
-0.00015222437137330758
0.00012746615087040622
6.71179883945841e-05
-4.390715667311412e-05
0.00042649903288201167
-0.00010541586073500965
-6.170212765957451e-05
-0.0007150870406189555
-0.00016692456479690525
-0.0003963249516441005
7.253384912959372e-05
0.0006926499032882011
-0.0003630560928433269
-0.00020290135396518376
-0.00010967117988394585
0.00031044487427466145
0.0005974854932301741
-0.0002574468085106383
-0.00015609284332688585
0.00015957446808510635
4.5841392649903365e-05
-0.0006880077369439071
-0.00020754352030947777
0.0002481624758220503
0.00015802707930367502
-0.00026015473887814315
-0.00052321083172147
-3.4235976789168295e-05
-0.000709671179883946
0.0005870406189555125
-8.491295938104447e-05
0.00044777562862669256
0.0005680851063829787
0.00023152804642166344
0.00016537717601547382
-0.0004574468085106383
-0.00029845261121856865
-0.0005030947775628627
-0.00039787234042553196
-0.00022688588007736943
-0.0002702127659574469
-0.0002818181818181818
0.0006934235976789168
-0.00021992263056092842
-0.00033172147001934245
-0.00023230174081237908
0.00025357833655705996
0.00011199226305609291
-0.00047756286266924567
-0.000455899419729207
0.0002702127659574468
0.0008419729206963249
-0.00017543520309477756
3.230174081237915e-05
0.00012746615087040606
0.00016769825918762094
5.203094777562861e-05
-0.0007800773694390716
0.0003773694390715667
0.0005731141199226304
0.0002895551257253384
-0.0001866537717601547
-0.00021411992263056095
-0.00031160541586073496
-0.0005711798839458414
2.3791102514506795e-05
0.00021450676982591872
0.0006454545454545453
0.0001282398452611219
0.0001421663442940039
0.00012321083172146997
-0.00029226305609284333
-0.0004079303675048356
-0.000558027079303675
0.0008601547388781431
0.0002733075435203095
-0.0009827852998065764
-0.00019671179883945836
0.00013481624758220499
-0.0005317214700193424
-0.0002682785299806576
3.7330754352030944e-05
0.0007928433268858801
4.6615087040618975e-05
-0.0003901353965183752
0.00030541586073500976
4.7001934235976767e-05
-0.0005259187620889749
-0.00045009671179883947
-3.84912959381045e-05
6.208897485493234e-05
0.0007410058027079304
-0.0002090909090909091
0.00018588007736943912
0.0004183752417794971
-0.00028646034816247573
0.0005665377176015474
0.0008524177949709865
-0.0001793036750483559
-0.0006005802707930367
-0.0002733075435203096
0.00010851063829787234
-0.00016615087040618956
0.00010812379110251449
0.0008052224371373305
-0.00011624758220502902
0.0003216634429400386
7.678916827852986e-05
0.0007290135396518377
-0.00017079303675048355
0.0002810444874274661
-0.0006059961315280464
0.0008481624758220502
0.0007085106382978724
0.00010773694390715667
-9.187620889748552e-05
9.381044487427464e-05
-0.00014332688588007737
-6.673114119922634e-05
-0.00018239845261121856
-5.2417794970986375e-05
0.0005499032882011606
0.0001340425531914893
0.000904642166344294
-0.0003355899419729207
-0.00010232108317214707
-0.00044506769825918767
-0.00019090909090909095
-0.00011779497098646036
0.00019439071566731142
-3.423597678916832e-05
-0.00013481624758220504
-0.0008992263056092843
-0.00029961315280464226
0.0005174081237911025
-0.0002087040618955513
0.0004141199226305609
0.00032862669245647974
-0.00021295938104448742
0.00038433268858800777
0.0009100580270793037
0.000432688588007737
-7.911025145067696e-05
-0.00014912959381044484
-0.0003715667311411992
0.0005266924564796906
0.00017195357833655706
0.0005646034816247582
0.00026518375241779506
2.959381044487429e-05
0.00044854932301740814
-0.00029883945841392646
-0.0009139264990328821
-0.00012205029013539656
-0.00018394584139264994
0.0004663442940038685
0.00013868471953578333
-8.143133462282398e-05
0.0008922630560928433
-0.00014642166344294003
-0.00024700193423597683
0.0001711798839458414
0.00023384912959381043
-0.000341779497098646
0.00030928433268858805
2.611218568665374e-05
0.00016112185686653773
-0.00028878143133462275
-7.214700193423592e-05
0.00017272727272727272
9.381044487427465e-05
0.0007065764023210832
0.0006179883945841393
0.00027021276595744686
0.00010967117988394594
0.0006408123791102515
0.00012398452611218563
-0.0005054158607350097
-0.000516634429400387
-0.00013017408123791097
-0.00039323017408123776
0.00010696324951644098
6.131528046421655e-05
-0.00010386847195357831
-0.00018085106382978723
0.00014680851063829788
-0.0005630560928433269
0.00013829787234042543
0.0004663442940038685
3.771760154738876e-05
9.381044487427464e-05
-0.0005758220502901355
-0.0005143133462282398
0.00046789168278529977
1.721470019342358e-05
8.336557059961313e-05
-0.00013829787234042546
8.68471953578336e-05
0.00034061895551257254
0.0004473887814313345
-0.000367311411992263
0.0010176015473887814
-0.0006199226305609284
-0.000567311411992263
-2.9206963249516447e-05
0.000832688588007737
-2.882011605415867e-05
8.220502901353962e-05
-4.313346228239845e-05
-0.00039245647969052223
2.843326885880081e-05
-0.00028104448742746616
-0.0006264990328820115
-0.0007294003868471954
-0.00016847195357833658
-0.0005042553191489362
0.00012011605415860741
0.00010889748549323024
0.0004798839458413927
0.000348742746615087
0.0006895551257253385
-4.274661508704061e-05
0.00032050290135396517
-1.295938104448737e-05
0.0004156673114119922
-4.6228239845261184e-05
1.6054158607350072e-05
5.744680851063836e-05
-0.0005433268858800773
-9.342359767891679e-05
-0.0001205029013539652
-0.00037001934235976784
-0.00027485493230174074
-0.0008512572533849129
-5.802707930367671e-07
-0.0006907156673114119
-0.0004504835589941973
0.0004802707930367504
0.00022804642166344288
-0.00040947775628626695
0.0005796905222437137
-0.0007003868471953578
0.0002272727272727273
0.0004133462282398453
0.0007638297872340427
7.29206963249516e-05
0.0002938104448742746
-9.264990328820115e-05
0.00011972920696324948
0.00020135396518375235
-0.0004226305609284332
-0.0003382978723404255
0.0006377176015473887
-0.00025319148936170214
0.0001386847195357834
-0.00048491295938104444
2.2630560928433248e-05
0.00026441005802707926
0.00028491295938104446
0.00016808510638297868
0.00046711798839458413
-0.000351063829787234
0.0002059961315280464
-5.28046421663443e-05
-0.00016382978723404254
0.0005719535783365571
8.878143133462282e-05
2.8046421663442964e-05
9.535783365570603e-05
-0.00044158607350096714
0.00015880077369439074
-1.4119922630560876e-05
1.4119922630560876e-05
-0.0003402321083172147
-0.00015338491295938103
-0.00017350096711798838
0.0005843326885880078
-0.0003483558994197292
0.00047678916827853
0.0003789168278529981
0.00023384912959381049
0.0002396518375241779
0.0006845261121856866
-0.0001239845261121856
0.00038046421663442937
-0.00022108317214700196
-0.00026789168278529984
-0.00017427466150870413
0.0004497098646034816
0.0004891682785299807
-0.000244294003868472
0.0004984526112185686
-0.0008388781431334623
-1.992263056092844e-05
0.0003332688588007737
-9.690522243713739e-05
-1.4506769825918882e-05
-0.0003816247582205029
9.110251450676983e-05
0.0001796905222437137
5.744680851063836e-05
0.00031624758220502906
-0.0009990328820116054
-0.0001584139264990328
0.0007731141199226304
-0.00048607350096711795
-0.00015415860735009675
0.0004315280464216635
0.0002543520309477757
0.000348742746615087
0.00014874274661508697
7.485493230174084e-05
0.0002899419729206963
-0.0006481624758220504
-5.609284332688574e-06
-0.0007119922630560928
6.247582205029002e-05
0.00019671179883945844
-4.738878143133456e-05
0.0003588007736943906
0.0006307543520309477
-7.176015473887813e-05
-1.411992263056085e-05
-9.032882011605419e-05
-0.0001274661508704062
0.0004017408123791103
-3.036750483558998e-05
-0.000637330754352031
0.0008203094777562862
-0.0006295938104448744
7.214700193423597e-05
-0.0003599613152804642
0.00016150870406189552
3.539651837524164e-05
0.0005789168278529981
-0.00028181818181818174
-0.00060715667311412
-8.297872340425534e-05
0.00026092843326885873
0.00015531914893617015
-2.6112185686653794e-05
0.0007154738878143134
0.00018471953578336564
0.00014255319148936174
-0.0008601547388781431
8.259187620889757e-05
0.0006199226305609284
-6.015473887814322e-05
0.00017775628626692469
0.00048413926499032885
0.0001607350096711799
1.7988394584139256e-05
-8.297872340425534e-05
0.0007955512572533849
4.4487427466150265e-06
0.0005123791102514506
-0.0009715667311411991
0.0001015473887814314
-9.729206963249518e-05
-0.00015145067698259183
-0.0005019342359767892
0.00012901353965183752
-0.00017698259187620897
-0.0003379110251450677
0.0012129593810444874
1.644100580270789e-05
-0.00028143133462282403
4.197292069632497e-05
-0.00029961315280464216
-0.00056073500967118
6.866537717601551e-05
-9.96131528046422e-05
0.000325531914893617
0.0001085106382978723
0.0005317214700193423
-0.0004179883945841393
-0.0005622823984526113
0.00032359767891682777
-0.0009974854932301741
0.00014951644100580277
-0.000297678916827853
0.0005166344294003869
-0.00021257253384912965
-4.352030947775627e-05
-0.0002446808510638298
-7.485493230174087e-05
-0.00010038684719535778
0.00021102514506769827
-0.00041953578336557056
-0.000751063829787234
-0.00040638297872340424
0.0002323017408123791
9.419729206963248e-05
0.00029071566731141206
-0.0005537717601547388
0.0003015473887814313
0.0009742746615087042
0.00017930367504835588
-0.0004102514506769825
-0.00018433268858800774
0.0005533849129593811
-0.0001220502901353965
0.00034758220502901355
0.0004264990328820115
0.00021334622823984526
-0.0002802707930367504
0.00046441005802707946
7.794970986460348e-05
-0.00015415860735009675
-8.800773694390716e-05
-4.661508704061899e-05
0.000153384912959381
-7.15667311411994e-06
-0.00015415860735009675
-0.0004334622823984526
-0.0003800773694390716
0.00018549323017408122
-0.00013288201160541595
8.375241779497098e-05
0.0006404255319148937
-0.0003143133462282399
0.0007471953578336558
0.00015725338491295936
0.0005061895551257254
-0.0004353965183752418
1.179883945841397e-05
0.00038742746615087043
0.00047408123791102514
-0.0008191489361702128
-0.00028529980657640233
0.00014680851063829782
-0.00038858800773694394
-0.00044854932301740814
5.628626692456488e-05
-1.4506769825918801e-05
-0.00046634429400386844
0.0006551257253384913
-0.00019477756286266922
0.00014023210831721466
2.6499032882011694e-05
-0.0007707930367504835
-0.0002930367504835589
-0.0011529980657640233
-0.000244294003868472
-0.00031121856866537714
-0.000125531914893617
-0.00019168278529980645
-0.00043694390715667315
3.733075435203092e-05
0.00063036750483559
0.00034990328820116057
-0.00015531914893617013
-0.00016073500967117983
-0.00012475822050290135
0.0001452611218568665
0.0005475822050290135
0.0006690522243713734
-0.00014061895551257254
-0.00010851063829787239
8.916827852998063e-05
-3.268858800773694e-05
9.497098646034819e-05
-0.0006377176015473887
0.00037350096711798837
-0.00026441005802707926
0.0001448742746615086
-0.000648936170212766
0.00040251450676982595
0.0007201160541586074
0.00041411992263056083
-0.00012011605415860738
-0.00044158607350096703
2.263056092843334e-05
0.0005119922630560929
0.00024584139264990327
-0.0007263056092843326
-0.000474468085106383
-0.0005777562862669246
-6.982591876208898e-05
-0.00051431334622824
-0.00041953578336557056
-0.0005495164410058027
-0.0005967117988394584
-0.0008346228239845262
-0.0001808510638297872
-9.303675048355895e-05
9.419729206963259e-05
0.0004431334622823984
0.0003835589941972922
-0.00015531914893617024
-0.0005352030947775629
0.00028800773694390717
-0.0007228239845261122
0.00044893617021276596
-0.00011199226305609283
9.922630560928446e-05
0.0007843326885880077
0.00020058027079303676
0.00035106382978723413
-0.00018162475822050298
0.00038897485493230176
0.0001661508704061895
0.0001622823984526112
0.00017736943907156673
0.0002620889748549323
0.0003843326885880077
-0.0005781431334622823
0.0006110251450676983
0.00015957446808510632
0.00020947775628626697
1.334622823984524e-05
-0.0005290135396518374
0.0005019342359767891
4.5841392649903284e-05
-0.0002775628626692457
-0.0007413926499032882
0.0006044487427466151
5.3191489361702134e-05
-0.00011431334622823982
0.0005804642166344295
-0.0006833655705996131
0.00011895551257253386
0.00029264990328820115
-0.00045435203094777564
-0.00044584139264990325
9.845261121856877e-05
0.0007959381044487427
-3.423597678916827e-05
0.00023268858800773695
0.0001762088974854932
-0.00031353965183752427
-0.0001982591876208897
-1.8375241779497034e-05
0.00020560928433268854
0.00040251450676982595
0.0002481624758220502
-0.0005077369439071566
-0.00020135396518375235
8.916827852998067e-05
0.0004458413926499032
-0.000644294003868472
4.429400386847199e-05
0.0007158607350096713
0.00027408123791102516
0.0002644100580270793
0.0006009671179883945
-0.000481431334622824
0.00027678916827853
-0.00018355899419729215
0.00040135396518375244
-3.114119922630562e-05
0.0005615087040618955
-7.988394584139263e-05
-0.00034371373307543526
-0.0001707930367504836
0.0005588007736943907
0.0010682785299806576
-0.0006996131528046422
-0.0005050290135396519
-0.0006504835589941973
0.00022882011605415868
-7.369439071566733e-05
0.00045241779497098643
-0.00022765957446808506
-0.00017698259187620883
0.00024235976789168282
0.00038046421663442937
-0.00010232108317214712
-3.926499032882015e-05
-0.0006319148936170212
0.00022340425531914892
0.0004543520309477757
0.00048491295938104455
-0.00032746615087040606
0.0001290135396518376
0.0001119922630560928
5.241779497098648e-05
0.00041798839458413923
0.0004686653771760155
0.00021179883945841396
0.00018123791102514508
-0.00019671179883945834
0.00036034816247582205
0.00024158607350096715
-0.00015183752417794968
0.0008087040618955512
-0.0002528046421663443
-0.00034255319148936175
9.535783365570602e-05
0.00014719535783365575
-0.00013056092843326887
7.83365570599613e-05
0.0008535783365570599
0.0003460348162475822
0.00020909090909090904
-0.00019052224371373308
-0.0001506769825918762
0.0004922630560928434
0.0003336557059961315
3.0367504835589926e-05
-3.268858800773694e-05
-0.0005023210831721469
-0.0003348162475822051
-3.1914893617021316e-05
7.911025145067696e-05
0.00011856866537717608
0.00037543520309477757
-0.00032823984526112186
-7.369439071566736e-05
-0.0003235976789168279
-0.0001541586073500967
-0.00023655705996131524
-0.00015841392649903284
0.00028916827852998073
0.0004408123791102514
-0.00017079303675048365
-0.001011411992263056
-9.419729206963246e-05
-6.827852998065765e-05
-0.00010851063829787236
-8.375241779497092e-05
-0.0005742746615087041
0.00013984526112185682
-7.02127659574468e-05
1.721470019342358e-05
0.00020638297872340418
0.000632688588007737
0.00028065764023210834
8.491295938104447e-05
-0.00041411992263056083
0.00031508704061895555
-6.054158607350096e-05
-0.0012110251450676982
0.0006678916827852999
4.3133462282398344e-05
0.0004864603481624758
0.0009220502901353964
0.0003700193423597679
0.00031895551257253384
0.000704642166344294
0.000325531914893617
-0.00021489361702127654
0.00040754352030947775
-0.0005290135396518376
0.00022030947775628624
-0.00014023210831721472
-0.0004369439071566731
9.3036750483559e-05
7.021276595744679e-05
-0.00010580270793036751
0.0008388781431334623
-0.0002152804642166344
-0.00021837524177949699
-0.00020058027079303657
-0.0001727272727272727
0.00013442940038684714
-9.148936170212781e-05
2.1276595744680925e-06
-0.0008678916827852998
0.0003324951644100581
-0.0003665377176015474
0.0004663442940038685
-2.5145067698258835e-06
0.00010154738878143135
0.0001785299806576402
0.0001893617021276596
-0.0007851063829787233
0.0001696324951644101
0.00017582205029013546
-2.2243713733075415e-05
0.0007483558994197293
2.9980657640232054e-05
0.0006059961315280464
0.0006458413926499032
-0.0001731141199226305
8.68471953578337e-05
-0.000344100580270793
0.0004566731141199226
0.00024197292069632492
-0.0005963249516441006
0.00019671179883945844
-0.0005212765957446809
-3.307543520309476e-05
0.0001800773694390715
-1.4506769825918749e-05
0.0005382978723404256
-1.9342359767900288e-07
0.0001843326885880078
0.0005452611218568665
0.00026673114119922633
-0.0005379110251450677
0.0005398452611218569
0.0005533849129593811
-0.0005615087040618955
-0.0006083172147001934
-0.00012591876208897492
-0.00014371373307543522
0.000204448742746615
-0.0003990328820116054
-0.00020251450676982597
0.00044313346228239846
0.0006059961315280465
-8.994197292069625e-05
0.00021605415860735007
0.0005127659574468086
-3.0367504835589926e-05
0.0008675048355899419
-0.00034255319148936164
0.00035222437137330753
0.000474468085106383
-0.0004052224371373308
5.899419729206963e-05
-0.0008226305609284333
0.00024119922630560928
0.0008241779497098646
-0.00028413926499032876
7.601547388781435e-05
-0.0013030947775628627
0.00025357833655706
0.0004381044487427466
0.0006288201160541586
0.0004574468085106383
0.000541779497098646
-0.000532495164410058
0.00032282398452611213
-0.00010193423597678914
-0.0001653771760154739
-0.00021334622823984524
-5.280464216634433e-05
-0.0006338491295938105
0.0001955512572533849
-0.00047176015473887807
1.9922630560928386e-05
0.0007197292069632495
-0.00017852998065764021
0.0003147001934235977
0.00033907156673114116
-0.00015261121856866542
-0.0004922630560928434
0.00014332688588007737
-0.0004883945841392649
0.00047794970986460343
-0.00042108317214700183
-0.0003471953578336558
-6.286266924564798e-05
-0.0006767891682785299
1.141199226305607e-05
-7.83365570599613e-05
0.00027601547388781436
-0.0003065764023210831
-3.694390715667314e-05
-0.00024003868471953577
0.0005889748549323016
0.0003839458413926498
5.2030947775628624e-05
0.00023230174081237902
0.00030038684719535785
-0.0003661508704061896
-1.566731141199223e-05
-0.00016537717601547392
-9.303675048355903e-05
-0.0002570599613152805
0.00018162475822050287
0.0006315280464216634
0.00020096711798839458
1.760154738878145e-05
-4.506769825918765e-05
-0.00014951644100580282
0.0004539651837524178
-0.0002667311411992263
-5.435203094777566e-05
0.00020793036750483561
-0.00040754352030947764
-0.0002852998065764022
5.996131528046406e-06
-0.00011586073500967131
0.00041063829787234046
0.0001750483558994197
-0.00014758220502901349
-0.0005441005802707931
6.711798839458408e-05
0.00039284332688588005
0.00029381044487427466
-0.0004137330754352031
-0.00037543520309477757
0.0005742746615087041
-0.0006059961315280465
0.00044429400386847187
-0.0007321083172147002
-0.0005166344294003869
0.0003940038684719535
0.00012823984526112185
-0.00015415860735009673
0.0009746615087040619
0.0007433268858800773
-0.0005808510638297872
-0.0001019342359767892
5.125725338491295e-05
0.00044468085106382974
6.943907156673115e-05
0.0004326885880077369
-0.0006856866537717601
-0.0007649903288201161
6.286266924564795e-05
0.00044700193423597676
-0.000534816247582205
0.00044119922630560926
-0.0006508704061895552
0.0008063829787234043
-0.00032746615087040623
0.00036228239845261125
0.0004980657640232108
0.0005483558994197292
0.0001777562862669245
0.0005804642166344294
-0.00022495164410058033
-0.0005263056092843328
-0.00048491295938104455
-0.00042765957446808513
-0.00017930367504835596
-1.6441005802707836e-05
0.0005537717601547388
-0.001221083172147002
6.479690522243708e-05
-0.0005224371373307542
9.729206963249514e-05
-0.00012398452611218572
0.0003282398452611218
0.0001150870406189555
-0.00010618955512572539
-0.00022959381044487424
0.00063036750483559
-0.0004017408123791102
-0.0009119922630560929
0.00032321083172147
0.0005885880077369439
-5.473887814313342e-05
0.0005359767891682784
0.000495357833655706
-0.00034487427466150866
0.00029071566731141195
0.00021411992263056095
0.00018355899419729207
-0.0007529980657640232
-0.00029110251450676977
0.00012901353965183752
-0.00020367504835589942
0.0003518375241779496
-0.0003622823984526112
0.00015183752417794968
-0.0003201160541586073
-0.00011276595744680849
0.0007363636363636363
0.0002075435203094777
0.0004404255319148935
0.0005324951644100581
-9.342359767891685e-05
2.0309477756286286e-05
0.0004593810444874275
-8.568665377176014e-05
-0.00014719535783365564
-0.00027330754352030947
0.0002508704061895551
-0.00012630560928433268
-0.00014023210831721472
-5.589941972920698e-05
-0.00023771760154738875
0.00037582205029013533
-0.00014603481624758224
-0.0002891682785299806
-0.0003847195357833655
0.0007510638297872341
0.0001448742746615087
-0.0008288201160541587
6.170212765957447e-05
0.00044738878143133463
0.0005456479690522244
0.0004895551257253385
0.0005390715667311412
-0.00045938104448742755
-0.0003030947775628627
0.0004404255319148936
-0.0005321083172147001
0.0005483558994197293
-0.00011237911025145064
-0.0009135396518375242
-0.00016189555125725337
0.000318568665377176
0.00034951644100580264
0.00012321083172147002
-0.0001007736943907156
3.307543520309476e-05
-0.00017040618955512575
-0.00023694390715667312
0.00031392649903288204
-0.00019245647969052211
-9.032882011605412e-05
-0.0003765957446808511
-0.00013094777562862672
-8.994197292069636e-05
-0.00034410058027079297
-0.00012785299806576406
-0.00042069632495164407
-5.802707930366732e-07
-0.00037698259187620884
-0.0006941972920696325
-0.0003444874274661509
0.00038858800773694394
0.0009669245647969051
0.00020406189555125724
-0.0006725338491295938
-0.0003646034816247582
0.0004435203094777563
0.0006802707930367505
0.00016847195357833653
0.00025357833655705996
-0.00030116054158607354
-0.0007274661508704062
-0.00021063829787234045
0.00020096711798839458
0.00011276595744680849
0.00041644100580270796
0.0004992263056092844
-0.00034255319148936164
0.0003851063829787234
-0.0003437137330754352
-0.0006632495164410057
-0.0005042553191489362
0.0004087040618955512
0.0008114119922630562
0.00013829787234042554
-0.0006388781431334623
6.32495164410058e-05
0.0005800773694390718
-0.00015106382978723401
-6.402321083172145e-05
-0.0007336557059961314
3.8878143133462307e-05
0.0003050290135396518
0.0001545454545454546
0.00015996131528046417
-0.0005847195357833656
-0.0005386847195357833
-0.0003092843326885881
0.0006396518375241779
-0.00021682785299806574
-0.00016305609284332685
1.7408123791102208e-06
0.00010967117988394585
-0.0003294003868471954
0.0002230174081237911
0.00015996131528046417
-0.00026441005802707937
-0.00015841392649903295
-0.0002334622823984526
-5.125725338491295e-05
0.00034526112185686653
-0.0001669245647969053
-0.0005398452611218569
0.00012321083172147002
0.00018471953578336558
-0.000293036750483559
0.00036305609284332683
-0.00012785299806576406
0.0002582205029013541
3.423597678916827e-05
-0.00046557059961315286
8.529980657640236e-05
-7.911025145067691e-05
-0.0008056092843326886
-0.0005696324951644103
-0.0003085106382978723
-0.0005878143133462284
3.6750483558994174e-06
-0.0005982591876208898
5.8607350096711864e-05
-0.0004419729206963249
0.0004423597678916827
-0.00016576402321083177
-2.49516441005803e-05
-1.7214700193423687e-05
-0.0008678916827852997
0.0004241779497098646
1.4506769825918721e-05
-0.0002172147001934235
0.0004381044487427466
0.00014642166344294006
0.0008659574468085109
0.0002261121856866538
-0.0003189555125725339
-3.0367504835589967e-05
-1.179883945841397e-05
0.00024970986460348167
-0.00022959381044487432
0.00034294003868471956
-4.00386847195358e-05
-0.00028065764023210823
-0.0001618955512572533
0.0010678916827853
3.462282398452617e-05
-3.114119922630567e-05
-0.00022456479690522246
0.0003228239845261122
-0.0002245647969052224
0.00020058027079303682
7.717601547388779e-05
0.0005889748549323017
0.0003375241779497099
-0.00011586073500967117
0.00044661508704061894
-0.0003433268858800773
-0.00015377176015473885
0.0001916827852998066
0.0006605415860735009
-1.8762088974855015e-05
-0.0008887814313346229
-0.0002957446808510639
-0.0006176015473887813
0.00033017408123791107
0.00025396518375241783
-0.000144100580270793
0.0006408123791102514
0.00032978723404255314
-0.0001816247582205029
0.0007189555125725339
-0.0006353965183752418
0.0001622823984526112
-0.0002048355899419729
0.00018858800773694382
0.0005731141199226305
-8.143133462282398e-05
0.0004705996131528046
0.00011779497098646031
-0.0004365570599613153
0.00024119922630560928
0.0002903288201160541
-0.00048762088974854933
-0.00021411992263056095
-0.0004636363636363636
-0.00028491295938104435
-0.0005011605415860735
0.0002856866537717601
0.0002392649903288202
-0.00034874274661508706
7.059961315280459e-05
-0.0002040618955512572
0.0005189555125725338
9.883945841392652e-05
-0.0005711798839458414
0.0004102514506769826
8.317214700193447e-06
4.081237911025147e-05
-0.0003541586073500967
-1.7214700193423636e-05
-0.00046595744680851057
-0.0005363636363636364
0.0005003868471953579
-0.0006895551257253384
0.0006783365570599613
-0.0004323017408123791
9.806576402321079e-05
-0.00033249516441005803
-1.1411992263056045e-05
0.00011934235976789168
0.000658220502901354
0.00037388781431334624
-0.0005854932301740813
0.0004972920696324952
-0.00016112185686653762
0.0003789168278529981
0.0003282398452611218
0.00010193423597678927
-0.00029729206963249514
-3.675048355899471e-06
0.0007537717601547389
-5.551257253384913e-05
0.00030541586073500965
9.613152804642163e-05
-0.0002470019342359769
-0.00041876208897485487
-0.0005665377176015475
-0.00043152804642166337
-0.0001773694390715667
0.00016808510638297873
-0.0007564796905222438
0.0004547388781431334
-0.00012011605415860727
6.557059961315281e-05
0.0004094777562862669
6.827852998065764e-05
0.00043307543520309486
0.0003754352030947775
0.0009526112185686654
-0.0003812379110251451
0.0005402321083172147
3.578336557059959e-05
-0.00037156673114119917
-0.0005
6.769825918762095e-06
0.00040367504835589935
0.0004090909090909091
0.00024235976789168282
-0.000127852998065764
0.0001437137330754353
-0.00015299806576402313
-5.938104448742753e-05
-0.00034023210831721467
-0.0005313346228239846
-0.0005499032882011606
0.0002822050290135397
-0.0004574468085106383
-6.131528046421672e-05
0.0004500967117988394
3.539651837524185e-05
0.0005158607350096711
0.0006040618955512573
-0.00013868471953578347
0.00017698259187620889
0.00022108317214700196
-0.000990522243713733
-0.00018781431334622818
-0.0008319148936170212
0.00011895551257253384
0.00013675048355899416
6.0541586073500984e-05
-0.00016769825918762083
0.0004098646034816247
0.00014835589941972929
6.40232108317214e-05
0.00012978723404255318
-3.6170212765957435e-05
0.00038123791102514506
-0.00035880077369439067
0.0003255319148936171
2.5725338491295938e-05
0.0005483558994197292
-2.2630560928433325e-05
6.982591876208898e-05
2.88201160541586e-05
0.0002659574468085107
-0.0003077369439071566
8.684719535783359e-05
0.0007851063829787233
-5.860735009671179e-05
0.0005754352030947775
-0.0010435203094777562
-0.00016808510638297873
-7.292069632495161e-05
0.00036305609284332683
-0.00044777562862669245
-0.00021141199226305612
4.545454545454545e-05
-0.00010116054158607351
0.000525531914893617
-0.0003773694390715667
-6.905222437137328e-05
0.0003309477756286267
0.0003854932301740812
0.00014642166344293998
-0.00020444874274661503
5.6673114119922724e-05
0.00029922630560928423
-0.0006311411992263057
0.0008729206963249517
-0.000244294003868472
-0.00026092843326885884
-0.0005367504835589943
5.705996131528046e-05
0.00043617021276595746
8.64603481624758e-05
-0.0005588007736943907
-0.0002655705996131529
0.0006551257253384913
0.0003100580270793037
0.00026866537717601553
0.00029845261121856875
-0.00020676982591876202
0.0008241779497098646
7.75628626692457e-05
-8.87814313346228e-05
-1.2959381044487397e-05
9.92263056092843e-05
-0.0007854932301740811
-0.00024274661508704066
0.00021605415860735013
0.00033365570599613154
-0.00012669245647969055
0.0004806576402321083
5.938104448742742e-05
0.0003618955512572534
0.0002589941972920696
-0.0007382978723404257
0.0002439071566731141
-0.0010539651837524176
0.0010361702127659573
-0.0008284332688588008
-0.0006605415860735009
9.729206963249518e-05
0.00018317214700193425
-0.0003847195357833655
-0.00037350096711798837
-0.0001804642166344294
-0.0004640232108317214
4.8936170212765934e-05
-0.00023500967117988394
0.0001630560928433269
-0.0006566731141199227
0.00030541586073500976
0.0004431334622823985
-0.0006574468085106383
1.721470019342365e-05
0.000306963249516441
0.0009027079303675048
0.00022572533849129594
-9.381044487427475e-05
0.00026015473887814315
0.0004938104448742746
-0.0006914893617021277
0.00014139264990328815
8.1431334622824e-05
-9.187620889748538e-05
-0.0006733075435203094
-0.0004941972920696324
8.104448742746614e-05
-0.000764990328820116
-1.0638297872340435e-05
0.000581237911025145
0.0004984526112185686
-0.00026789168278529984
0.0005487427466150871
0.0004450676982591876
0.0004934235976789168
-6.479690522243722e-05
-0.0001715667311411993
-0.00044700193423597676
4.7001934235976794e-05
-0.0005611218568665376
5.8994197292069656e-05
0.0002636363636363636
-0.0005425531914893617
0.0002617021276595745
-6.711798839458413e-05
-0.0003943907156673115
-0.00037814313346228246
0.0002771760154738878
-0.00020638297872340429
-0.0007367504835589943
0.0003297872340425532
-0.00026479690522243713
0.0011963249516441007
-8.955512572533858e-05
-0.0002868471953578336
0.0001452611218568666
-0.0005506769825918761
0.00013326885880077366
-0.0003309477756286267
-0.0002748549323017408
-0.000435009671179884
-0.0005479690522243714
0.00025744680851063836
-0.0002678916827852998
0.00016769825918762078
-0.0002690522243713734
0.0010129593810444875
-0.00012011605415860735
-0.0006145067698259187
0.0004930367504835591
-0.00011083172147001932
-0.0004381044487427465
-1.528046421663448e-05
-0.00035957446808510636
-0.0005936170212765957
0.0006106382978723403
0.000302321083172147
-0.0004056092843326886
-0.00021334622823984524
0.00042224371373307534
-1.3733075435203032e-05
-8.723404255319155e-05
0.0003003868471953578
0.0008736943907156673
0.0004678916827852998
0.0008063829787234042
0.0004736943907156673
-0.0003688588007736943
-0.0002717601547388781
0.0007928433268858801
-0.00016150870406189552
-0.0002435203094777562
0.00033249516441005803
0.0007518375241779497
8.916827852998061e-05
-0.0006346228239845262
-5.009671179883943e-05
0.00047949709864603476
-0.0001235976789168279
0.0007081237911025146
0.00025860735009671177
0.000153384912959381
0.00022108317214700196
0.0004682785299806577
3.2301740812379175e-05
0.00031818181818181815
-0.00010851063829787231
0.0008539651837524178
-0.0009649903288201161
0.00020560928433268854
0.00023771760154738883
0.00039284332688588016
0.0004427466150870406
0.00020947775628626697
0.00028413926499032876
0.0004914893617021277
0.0002972920696324952
0.0009266924564796905
-0.0001804642166344294
-0.0002083172147001934
-0.00031199226305609284
0.00016769825918762083
-0.00014835589941972923
4.932301740812375e-05
7.640232108317214e-05
-0.00015802707930367513
-4.9323017408123725e-05
-0.0005491295938104449
-0.00021721470019342367
-0.000235009671179884
0.000125531914893617
0.00013636363636363637
0.00011276595744680854
-4.2746615087040526e-05
0.00022379110251450674
-0.0008133462282398454
0.00036034816247582205
-0.0001893617021276596
0.0005882011605415861
0.00017466150870406192
-9.497098646034812e-05
0.000616441005802708
0.0006199226305609283
7.562862669245645e-05
-0.0005847195357833656
-0.000567311411992263
-7.137330754352027e-05
0.00010077369439071566
9.18762088974855e-05
-0.00019361702127659573
-0.0005839458413926499
-0.00028762088974854935
0.0002794970986460348
-0.0009959381044487427
-0.0005065764023210831
-0.00017775628626692455
-0.00044854932301740814
-9.767891682785297e-05
-7.640232108317215e-05
0.0003433268858800774
0.0008044487427466152
-0.00020831721470019351
0.0002586073500967117
-0.0006934235976789166
0.0006829787234042552
-9.806576402321082e-05
0.00033868471953578334
0.0008222437137330755
-0.0001618955512572533
9.961315280464215e-05
-0.000611411992263056
-0.0008365570599613152
-0.0009545454545454547
-0.0006613152804642166
-0.00033945841392649904
-0.0002620889748549323
-0.0006783365570599614
-6.20889748549323e-05
-7.562862669245642e-05
-0.0005588007736943907
-0.0002620889748549323
-0.0001263056092843327
-0.0006497098646034815
-3.288201160541546e-06
-0.00010116054158607349
-0.0005615087040618955
-0.00013172147001934236
-0.0007479690522243712
-4.622823984526113e-05
0.0005491295938104449
3.500967117988396e-05
-0.0005344294003868472
0.000658607350096712
-0.0003909090909090909
-0.00014990328820116048
-0.0001328820116054159
-0.0003959381044487426
0.00020522243713733078
-0.00010541586073500965
-7.1566731141199264e-06
0.0002798839458413927
0.00022998065764023208
0.0003537717601547389
-0.00038704061895551256
0.00016963249516441012
-0.0005003868471953579
-0.00037582205029013544
-3.268858800773694e-05
0.0001638297872340426
0.0004094777562862669
-0.0001990328820116054
-0.0009909090909090911
-0.0004624758220502901
-0.0005680851063829789
0.0003595744680851063
1.2185686653771748e-05
0.0006891682785299805
0.00020715667311411984
0.0003893617021276595
-0.00028646034816247584
-9.419729206963251e-05
1.489361702127662e-05
-0.0001499032882011605
8.800773694390713e-05
0.00026595744680851053
0.0003321083172147001
0.00013481624758220504
-7.930367504835608e-06
-0.0005123791102514507
0.00026595744680851053
9.419729206963248e-05
0.0004450676982591876
-0.0006017408123791103
-0.0005034816247582205
0.0008504835589941973
0.00030000000000000003
0.0004164410058027079
0.000894970986460348
-0.0005769825918762089
-0.00010541586073500965
0.00041876208897485487
3.9651837524177984e-05
0.0004586073500967118
0.0002036750483558993
0.00020793036750483561
-6.90522243713733e-05
9.419729206963244e-05
-6.208897485493234e-05
3.152804642166348e-05
0.0001665377176015474
0.00010464216634429402
-0.0004497098646034816
-0.00047678916827853
-0.0002473887814313346
-0.0006996131528046421
0.0005038684719535782
-0.00024854932301740805
-0.00010232108317214704
3.887814313346232e-05
-0.00024738878143133454
6.595744680851054e-05
-0.00010657640232108324
-0.00045203094777562867
-0.0002713733075435203
-0.0006400386847195357
-0.0010071566731141197
-0.00039516441005802707
0.0006887814313346228
-0.0001495164410058027
0.00042804642166344295
-0.0002872340425531915
0.00028491295938104446
-0.0004176015473887814
-4.042553191489361e-05
-8.065764023210832e-05
-8.646034816247583e-05
-0.0010636363636363638
-0.0006880077369439071
-2.8820116054158547e-05
0.0004965183752417794
-0.0003669245647969052
-0.00023346228239845253
2.920696324951642e-05
4.5841392649903284e-05
-0.0005653771760154739
0.00027794970986460345
0.00016189555125725337
0.0007781431334622824
0.00032901353965183756
-0.0005274661508704061
0.0004137330754352031
8.568665377176008e-05
0.0006423597678916826
-0.0002152804642166344
-0.0007634429400386847
-0.0005437137330754352
-0.00019013539651837518
-0.0003661508704061896
0.00037698259187620884
0.00047330754352030956
-0.0004624758220502902
-3.810444874274661e-05
0.00025087040618955507
-0.00017350096711798836
0.0007255319148936169
0.0001796905222437137
-0.000727852998065764
0.0007352030947775629
-0.0005882011605415861
0.00017620889748549325
0.00022688588007736937
-0.00023733075435203096
-2.7659574468085132e-05
0.00019206963249516435
0.0003077369439071567
-3.2882011605416264e-06
5.125725338491295e-05
-0.0002717601547388782
-0.00013597678916827847
-0.0007789168278529981
1.2572533849129619e-05
-0.0002783365570599614
6.905222437137333e-05
-1.025145067698267e-05
0.0004787234042553191
-0.000620696324951644
9.574468085106385e-05
0.0003344294003868472
0.0002818181818181818
-0.000497678916827853
0.00030038684719535785
0.00022301740812379116
-0.00017814313346228237
-0.0002570599613152804
-0.0006400386847195357
0.0002647969052224371
0.0008075435203094778
-0.00016847195357833666
-0.0003061895551257254
-6.905222437137325e-05
-0.0008203094777562863
-0.00020367504835589937
7.292069632495166e-05
0.0002485493230174081
0.0003259187620889748
-0.0007147001934235977
0.0006121856866537716
0.0003595744680851064
-7.446808510638294e-05
0.0003212765957446809
-1.2959381044487449e-05
-0.00013094777562862664
0.00010502901353965186
-0.00011083172147001934
0.00031199226305609284
1.8762088974854906e-05
-0.0002106382978723404
-8.336557059961316e-05
0.00023152804642166344
5.938104448742753e-05
0.00017659574468085107
-5.47388781431335e-05
0.00010773694390715667
-9.342359767891674e-05
-0.0003367504835589942
0.0005947775628626692
-0.00017311411992263057
-0.0004222437137330754
6.789168278529971e-05
-0.00017930367504835593
2.26305609284333e-05
0.0001572533849129594
0.00016305609284332685
-0.00034719535783365573
-2.417794970986456e-05
8.916827852998056e-05
0.0005673114119922629
0.0003077369439071566
0.00026402321083172144
6.363636363636371e-05
0.0005572533849129594
-0.0002636363636363637
0.0005433268858800774
-0.0003239845261121856
0.00041528046421663456
0.0004624758220502901
9.574468085106378e-05
0.0006636363636363635
1.8762088974854988e-05
-0.0001421663442940039
3.965183752417796e-05
-0.00019555125725338485
-0.0005123791102514507
7.369439071566726e-05
-0.0004531914893617021
3.8878143133462225e-05
0.0010709864603481625
-2.6112185686653834e-05
-0.00018858800773694385
0.00045860735009671186
6.0928433268858816e-05
0.0005967117988394584
0.000944100580270793
0.0002373307543520309
0.0005030947775628628
0.0003618955512572534
-0.0001804642166344294
0.0002733075435203095
0.0008632495164410059
0.0001878143133462282
0.0003564796905222437
-0.00101605415860735
0.0005959381044487427
-0.0002547388781431334
0.0001661508704061895
0.0006191489361702127
-9.090909090909083e-06
-5.5125725338491294e-05
-0.00024622823984526114
0.00015338491295938112
-2.108317214700192e-05
-0.0006427466150870407
-7.678916827852989e-05
0.0004686653771760154
0.0003007736943907156
-0.00040328820116054164
3.307543520309484e-05
5.5512572533849214e-05
0.0002566731141199227
-0.00011895551257253374
5.47388781431335e-05
0.0003119922630560928
0.00020986460348162468
-9.18762088974855e-05
0.00010309477756286267
-0.0001174081237911025
0.00015957446808510635
-0.0005545454545454546
6.247582205029021e-05
-0.00015029013539651835
0.0005553191489361702
-0.00031779497098646033
0.000360348162475822
0.00016460348162475823
-0.0007874274661508704
-0.0006195357833655707
-0.0006172147001934237
-0.0002713733075435203
-0.00019787234042553198
0.00040676982591876195
-0.00025628626692456475
4.158607350096708e-05
-0.00014216634429400384
-0.0005065764023210831
-0.00042263056092843327
0.00022649903288201158
0.00015918762088974853
-1.1025145067698226e-05
-0.000458220502901354
0.00016150870406189547
-0.0006079303675048355
-0.0005243713733075436
-0.0006818181818181819
0.000432688588007737
0.00016537717601547392
0.00036460348162475827
-0.00017156673114119924
0.00031740812379110257
-0.0007092843326885881
-0.00048143133462282407
0.0006268858800773695
-0.0001297872340425532
0.00047562862669245647
-0.0005019342359767891
-0.000376595744680851
0.0008005802707930367
0.00029419729206963253
-0.0007441005802707929
0.0009700193423597681
-0.00034835589941972924
-0.00026015473887814315
-0.0008319148936170213
0.0001502901353965183
0.00024197292069632492
4.8162475822050303e-05
-0.00010618955512572532
0.0004926499032882012
-0.0006353965183752418
0.00021334622823984532
0.00025319148936170204
0.0002183752417794971
0.00040174081237911026
-0.00031199226305609284
0.00017969052224371375
0.00036073500967118
0.00020019342359767897
0.0005158607350096711
0.0003332688588007736
-5.7833655705996234e-05
0.0001502901353965184
-3.5009671179883904e-05
-0.00048684719535783375
0.00017969052224371364
-0.00016653771760154735
-0.0002276595744680851
0.00042882011605415864
0.0003216634429400387
-1.141199226305607e-05
4.8549323017408095e-05
-4.3133462282398425e-05
6.0541586073500984e-05
-0.00040909090909090913
-0.0004891682785299807
-0.0006752417794970986
-9.613152804642174e-05
0.000560348162475822
-0.0004497098646034816
0.0002694390715667312
-2.26305609284333e-05
-0.0005166344294003869
-0.00019671179883945844
-0.0008764023210831722
-0.00017891682785299806
-0.0001905222437137331
0.00017040618955512565
-0.0007386847195357834
0.0006589941972920696
-9.92263056092843e-05
0.00044970986460348165
5.938104448742753e-05
0.0007317214700193424
-0.00019671179883945836
0.00012978723404255318
-0.0002342359767891683
0.0005781431334622825
0.0005750483558994197
-0.00018897485493230175
-0.00036847195357833656
-3.53965183752418e-05
-0.00040676982591876217
-0.00012475822050290138
5.3578336557059966e-05
-9.49709864603482e-05
-0.0007441005802707931
-0.00031663442940038693
0.0009386847195357833
-0.00025087040618955507
-0.000218762088974855
0.0003735009671179884
-0.00029226305609284333
-1.7988394584139215e-05
0.0006102514506769826
-0.0001943907156673114
-6.131528046421665e-05
-7.543520309477811e-06
0.0002152804642166345
0.0003533849129593811
6.595744680851054e-05
0.0009355899419729206
-2.4951644100580315e-05
0.000588201160541586
-0.00026634429400386835
0.00014371373307543533
-0.0002056092843326885
0.00029690522243713737
-0.0002965183752417795
0.0007924564796905222
-0.0002810444874274661
-2.8046421663442978e-05
-0.001083752417794971
0.0003429400386847195
0.000821083172147002
-0.00014719535783365572
0.00027021276595744686
3.96518375241779e-05
9.11025145067698e-05
-0.00018433268858800774
6.827852998065764e-05
-0.0005344294003868472
0.00018433268858800768
0.0003030947775628627
0.0005085106382978723
0.00020522243713733075
0.00018936170212765957
0.00029187620889748557
-0.000451257253384913
3.771760154738882e-05
-0.00027446808510638303
4.313346228239844e-05
0.00034874274661508706
-0.0005618955512572534
-0.00010193423597678917
0.0004392649903288202
-0.00033945841392649904
-7.756286266924564e-05
-0.0002048355899419729
0.0003959381044487427
-0.00036305609284332683
0.00024854932301740805
-0.00025319148936170214
0.00034990328820116057
-0.00012321083172147002
-3.4235976789168254e-05
0.0004396518375241779
-0.00038471953578336554
0.0007085106382978722
-1.4119922630560837e-05
-0.00021682785299806577
0.00030502901353965183
8.916827852998064e-05
-9.148936170212763e-05
-0.00014294003868471953
-0.0003344294003868473
7.911025145067698e-05
0.000355705996131528
-6.634429400386847e-05
0.0005711798839458415
-0.0002427466150870406
-0.0008141199226305609
0.00021257253384912963
3.462282398452614e-05
0.0003874274661508704
-5.0483558994197316e-05
0.0001224371373307544
-7.485493230174081e-05
-4.352030947775619e-05
-0.0005413926499032883
1.0638297872340489e-05
0.000988588007736944
2.9593810444874343e-05
0.0002087040618955513
0.0006071566731141199
-0.0002984526112185687
0.00016073500967117988
0.00010386847195357835
-0.00017079303675048357
-0.00031624758220502895
7.562862669245646e-05
0.00031624758220502895
-0.00043887814313346235
0.00026634429400386857
0.00036692456479690523
-3.771760154738879e-05
-0.0004114119922630561
-0.0002961315280464217
0.00022959381044487432
0.00024584139264990327
8.413926499032881e-05
0.0005696324951644101
0.0007247582205029014
0.00042147001934235976
-0.0002675048355899419
-0.00034990328820116057
-0.0008659574468085106
1.0638297872340382e-05
1.3733075435203086e-05
-0.0008423597678916827
-0.0004729206963249517
0.00024158607350096707
0.0006280464216634429
0.00023075435203094772
-5.222437137330636e-06
2.9980657640232026e-05
-0.00027988394584139265
0.00038123791102514495
0.00036344294003868476
0.0003990328820116053
0.0006659574468085107
-0.0007348162475822051
-0.0003224371373307543
0.00022147001934235978
0.00037234042553191496
0.00020870406189555122
-0.0001491295938104448
0.0007266924564796904
-0.00023500967117988391
0.0003270793036750483
2.9980657640232135e-05
5.589941972920695e-05
0.00013636363636363631
2.5725338491295924e-05
-0.0002218568665377176
0.00020754352030947766
0.0005038684719535782
0.0008586073500967119
-7.021276595744679e-05
-0.0006597678916827852
0.00034603481624758217
0.0003901353965183752
0.000672147001934236
0.0009560928433268858
-0.00023152804642166338
0.00018317214700193425
0.000320889748549323
0.00013597678916827847
-0.00037620889748549326
-9.187620889748552e-05
3.887814313346235e-05
0.00038278529980657634
0.00014371373307543527
-0.00041295938104448754
0.00041257253384912966
-0.0006415860735009671
-0.00023036750483558987
-0.0006315280464216635
0.0003282398452611218
0.0004566731141199226
0.0003487427466150871
0.0003529980657640233
0.00012011605415860727
-0.00030348162475822045
3.114119922630566e-05
-0.0007112185686653773
-0.00043346228239845257
-7.36943907156673e-05
-0.0007030947775628625
-0.00037969052224371373
3.268858800773694e-05
-0.00013481624758220496
0.000635009671179884
0.00013791102514506764
0.00035647969052224365
0.0001344294003868472
0.0003340425531914894
-0.0002825918762088975
0.00020135396518375246
0.000581624758220503
0.00027137330754352026
-0.00043617021276595746
0.0002957446808510638
0.00033133462282398447
0.0007042553191489361
0.0006179883945841392
-0.0005410058027079303
0.00010425531914893617
-0.0005375241779497099
0.00037117988394584135
-0.0006601547388781433
-0.00018394584139264994
0.0003433268858800774
-0.0005777562862669245
0.00015261121856866542
-0.0008106382978723404
0.0002013539651837524
-7.330754352030946e-05
0.00023539651837524176
8.25918762088975e-05
0.00010889748549323021
-0.00013945841392649908
0.0008574468085106383
-0.00027678916827852994
0.00035145067698259184
0.0006558994197292068
-0.00023036750483558996
-0.0003235976789168279
0.00079284332688588
2.6499032882011565e-05
0.0002044487427466151
0.00015996131528046417
0.0004682785299806577
-0.0006980657640232107
-0.0001591876208897486
9.148936170212767e-05
-0.0001676982591876209
-0.00030464216634429407
-0.0001630560928433269
3.965183752417804e-05
0.0003460348162475823
-8.955512572533844e-05
0.0002307543520309477
0.0007618955512572532
-1.1798839458413997e-05
-0.00032475822050290133
0.0002454545454545455
0.0006647969052224371
0.0001359767891682785
-0.0004918762088974855
0.00036228239845261114
-0.0001789168278529981
-0.0005878143133462284
-0.0006887814313346228
3.4235976789168295e-05
-0.0005808510638297871
0.0006740812379110252
-0.0003657640232108317
0.00022185686653771765
0.0004822050290135397
0.0006145067698259188
-0.00017698259187620897
-0.0001762088974854932
-0.00017079303675048365
-0.0009216634429400387
0.00024042553191489356
-0.0009104448742746614
0.0003328820116054158
-0.0001885880077369439
-0.0005680851063829788
-0.0001386847195357834
-0.0002733075435203096
-0.00036344294003868476
0.00019168278529980656
-5.9961315280463785e-06
-0.00047833655705996125
0.00021566731141199223
-0.0004199226305609285
0.00026015473887814315
-0.000574274661508704
-0.00021682785299806568
1.1025145067698307e-05
-0.00014526112185686647
0.0004172147001934236
4.970986460348157e-05
0.0003642166344294004
-0.0004802707930367504
-0.0003603481624758221
0.00015067698259187614
-0.00029690522243713737
0.000495357833655706
0.0002651837524177949
0.00024119922630560928
-0.0002493230174081238
8.916827852998069e-05
5.7059961315280434e-05
0.00016266924564796906
0.00022843326885880078
0.00015609284332688593
1.3346228239845268e-05
0.0005127659574468086
3.384912959381045e-05
7.292069632495161e-05
0.0007324951644100578
6.905222437137328e-05
0.00033675048355899414
-0.0002338491295938104
-0.00017466150870406184
0.0006578336557059961
0.00016769825918762094
-0.00046711798839458413
-0.00025048355899419725
0.0003355899419729207
0.0007514506769825919
0.00018742746615087042
-0.00029226305609284333
8.413926499032881e-05
-8.646034816247596e-05
-6.441005802707932e-05
-0.0003286266924564797
-0.00010851063829787239
0.00019090909090909095
0.00015996131528046422
-0.0003893617021276596
-1.953578336557065e-05
0.00022495164410058025
-0.0003638297872340425
0.00021953578336557063
-5.93810444874275e-05
-0.0005027079303675047
-7.40812379110251e-05
0.00019787234042553187
-0.0005781431334622824
4.777562862669246e-05
-6.363636363636359e-05
0.00017466150870406187
5.2804642166344275e-05
-0.0004535783365570599
9.226305609284331e-05
0.0002009671179883946
2.301740812379109e-05
0.0004257253384912959
-0.00036305609284332694
-0.00023887814313346223
-0.00019284332688588012
-0.00012475822050290135
-0.0001502901353965183
0.0007301740812379109
3.6750483558994445e-06
4.00386847195358e-05
-0.0002659574468085106
0.00045938104448742755
0.0004926499032882011
-1.8762088974854988e-05
-0.0003328820116054159
9.381044487427468e-05
-0.00017930367504835596
-0.0008365570599613154
-0.00025589941972920693
-9.864603481624693e-06
9.651837524177946e-05
-0.0008493230174081238
-6.170212765957439e-05
0.0002168278529980657
6.982591876208897e-05
0.00035609284332688594
-0.0007804642166344294
0.0004961315280464217
0.0001471953578336557
0.0003332688588007737
0.0004787234042553191
1.1798839458413916e-05
-0.0014408123791102515
0.000251257253384913
0.0001994197292069633
-0.00020328820116054152
9.38104448742747e-05
0.00026750483558994197
-0.0003704061895551258
-5.7833655705996166e-05
-0.0004079303675048357
0.0007468085106382978
-0.00021914893617021273
0.00022379110251450677
-0.00016460348162475807
-0.000553384912959381
-0.00024777562862669247
0.0004361702127659574
-0.00037582205029013533
0.00019903288201160544
0.00028800773694390717
-0.0005321083172147001
0.00025860735009671177
-0.00017350096711798825
-0.0006404255319148938
-0.0005843326885880077
-0.0002458413926499034
3.617021276595735e-05
-8.607350096711797e-05
-0.00013326885880077374
-0.00031392649903288204
-5.551257253384919e-05
-0.0008245647969052223
-5.628626692456476e-05
-0.00029226305609284333
-0.0002191489361702127
-0.0007936170212765958
9.458413926499032e-05
0.00043268858800773704
-0.00015531914893617024
0.0006032882011605415
-0.00015570599613152803
-0.0005336557059961316
0.0002914893617021276
0.00013017408123791108
-3.3462282398452576e-05
-0.0001294003868471954
-8.99419729206963e-05
0.00029419729206963253
0.00015261121856866537
-0.0009820116054158608
0.00015145067698259183
0.0004845261121856868
-8.704061895551252e-06
-0.0001804642166344294
0.0002268858800773695
0.0009119922630560928
-0.00028916827852998057
7.1566731141198595e-06
-0.0001456479690522243
0.00012282398452611223
-0.0006160541586073501
7.098646034816249e-05
0.0003901353965183752
-9.090909090909055e-06
-0.0007912959381044487
-0.00013636363636363631
-0.00021528046421663446
0.0006887814313346228
0.00013520309477756283
0.0006164410058027078
-0.00021605415860735007
0.0004307543520309478
0.00020793036750483561
0.00015686653771760154
-0.00011044487427466158
-5.976789168278529e-05
4.39071566731141e-05
0.00029497098646034817
0.00048065764023210827
-0.00045048355899419723
0.0003255319148936171
0.0006930367504835592
-0.00011934235976789164
8.104448742746619e-05
2.901353965183701e-06
-0.00010154738878143132
-0.0002334622823984525
4.893617021276593e-05
0.00021644100580270792
-9.864603481624786e-06
0.000825338491295938
0.00017775628626692455
-0.00035415860735009674
-5.609284332688568e-06
0.0004705996131528047
-0.0001967117988394584
0.00012746615087040622
4.003868471953572e-05
0.00045087040618955516
0.00017427466150870413
0.0006528046421663443
-0.00021063829787234043
-0.0008814313346228239
-0.00031121856866537714
-0.001034622823984526
-5.0870406189555094e-05
4.835589941972965e-06
0.00031895551257253384
0.0006543520309477756
0.0002036750483558995
0.00011508704061895551
-0.0004439071566731141
-0.0001410058027079303
0.00014371373307543522
0.0007607350096711799
-7.408123791102509e-05
-0.00025319148936170214
-0.0002353965183752418
-0.00013442940038684711
-0.0002284332688588007
-0.00020135396518375235
-9.303675048355903e-05
0.00016653771760154738
0.000153384912959381
-0.00011702127659574464
-2.5725338491295938e-05
-0.0002651837524177949
-5.97678916827854e-05
-0.00014023210831721472
-0.0005421663442940039
0.0005367504835589944
7.021276595744679e-05
0.00040135396518375244
0.0003669245647969053
0.0006953578336557061
-4.777562862669254e-05
-3.462282398452606e-05
-0.0007487427466150871
-0.0001328820116054159
0.00043733075435203086
0.00010735009671179883
-8.646034816247586e-05
-3.8104448742746554e-05
0.0009588007736943908
0.00047253384912959376
-6.402321083172139e-05
-0.00031005802707930374
-4.835589941972925e-06
0.0006423597678916828
0.00031624758220502906
1.6054158607350072e-05
-0.0005205029013539653
0.0003286266924564797
-0.00022804642166344296
0.00032321083172146995
-0.0002059961315280464
0.0006887814313346229
3.84912959381045e-05
0.00019477756286266932
-0.00015222437137330755
0.0004617021276595745
8.181818181818183e-05
7.678916827853001e-05
0.0006090909090909092
-0.00012321083172147002
0.00015299806576402316
-0.00016421663442940036
-0.0006562862669245649
0.00018085106382978715
-0.0005189555125725338
-0.0007220502901353964
0.0001425531914893618
0.0007092843326885881
0.0007251450676982591
0.00012553191489361696
-0.0009197292069632496
-0.00013133462282398446
-0.0003893617021276595
0.0001309477756286267
-0.00010773694390715667
0.00030618955512572534
-0.0008876208897485492
-0.00026518375241779495
0.000381237911025145
0.0004922630560928433
-0.0011522243713733076
8.065764023210833e-05
-0.0002783365570599613
0.0002524177949709865
-0.000932882011605416
-0.0006044487427466151
-0.00031586073500967124
0.0003893617021276595
-0.0005294003868471953
0.000623404255319149
0.00014835589941972915
9.651837524177949e-05
0.0006284332688588007
-0.00013675048355899416
-5.087040618955508e-05
-0.0006172147001934235
0.0001661508704061896
0.0002427466150870406
-0.0002907156673114119
-0.0007762088974854932
-0.0004365570599613153
0.00020831721470019346
-0.0002562862669245648
0.0008087040618955513
-0.00028568665377176015
-0.0005147001934235977
0.00010580270793036751
-0.0004647969052224372
3.075435203094781e-05
5.3191489361702175e-05
-3.114119922630562e-05
0.00019864603481624762
-0.0002261121856866538
0.0007711798839458415
-0.0002497098646034816
0.0004110251450676983
0.00044003868471953586
-0.0004508704061895551
5.203094777562856e-05
0.0004899419729206963
0.0003147001934235977
0.00016537717601547387
0.0006110251450676982
0.00026402321083172144
1.1798839458413861e-05
0.000646615087040619
-6.71179883945841e-05
0.0005676982591876209
0.00039400386847195367
0.0002481624758220503
0.0002176015473887814
-0.000155705996131528
-5.938104448742742e-05
0.000481431334622824
6.247582205029005e-05
5.222437137330756e-06
-0.00018588007736943904
-6.982591876208889e-05
-8.568665377176019e-05
0.00025087040618955507
-0.000281431334622824
0.0006237911025145068
-0.0001711798839458414
-0.0006818181818181818
0.00031121856866537725
2.0309477756286286e-05
0.0006408123791102514
-1.0251450676982697e-05
0.00035067698259187626
0.0006330754352030948
-0.0002891682785299807
1.3346228239845268e-05
7.949709864603484e-05
-0.00029458413926499024
-0.0006783365570599613
-8.220502901353954e-05
0.00036692456479690523
-0.00010038684719535778
-0.0005653771760154739
-0.00020290135396518376
-5.996131528046365e-06
-0.0003978723404255319
-0.0004972920696324951
-0.0003328820116054158
0.0008121856866537716
0.00031740812379110257
0.00015686653771760162
-5.0870406189555135e-05
-9.071566731141189e-05
-0.0003243713733075436
0.00019284332688588004
-0.0004555125725338491
-1.0638297872340462e-05
0.00013017408123791108
0.00014642166344294003
-0.0004702127659574468
0.0005468085106382979
0.00035802707930367503
-0.00020986460348162476
-0.0001104448742746615
-4.7001934235976767e-05
0.0005491295938104448
-8.027079303675054e-05
-0.0005564796905222436
0.0005854932301740812
-0.0005224371373307544
0.0006620889748549323
-0.0003309477756286267
3.462282398452614e-05
-0.00033675048355899414
-0.0005510638297872341
0.000429980657640232
-0.000618375241779497
0.00012205029013539653
-0.00033558994197292063
-0.0006431334622823984
2.3791102514506808e-05
-6.324951644100582e-05
-0.0010864603481624759
-0.00039206963249516436
0.0003754352030947776
4.835589941972925e-06
-0.00021760154738878135
0.000765377176015474
-8.994197292069628e-05
-0.0007359767891682786
0.00039903288201160536
8.336557059961316e-05
-0.0006005802707930367
0.0004678916827852999
-4.468085106382973e-05
-0.00022263056092843331
-0.0009568665377176015
-0.0011630560928433268
4.854932301740814e-05
-9.613152804642163e-05
-0.00033172147001934234
-0.000444294003868472
0.0007301740812379111
0.00038897485493230176
0.0003197292069632496
1.6441005802707917e-05
-0.00015261121856866542
0.00014603481624758213
0.0006195357833655707
-0.0008624758220502901
-0.0006787234042553191
-0.00015531914893617024
0.0001990328820116054
-0.0002462282398452611
0.0008497098646034817
-7.988394584139266e-05
0.00016112185686653776
-0.0001974854932301741
0.0006292069632495164
-0.00021876208897485489
-0.0007820116054158608
-0.000158027079303675
0.00018510638297872343
9.34235976789169e-05
-0.0004806576402321084
-0.0006326885880077371
-2.0309477756286286e-05
0.0002733075435203093
0.0004988394584139266
0.00028413926499032876
0.00027253384912959383
-0.0003684719535783366
-0.0003924564796905222
-0.00029767891682785306
-0.000334816247582205
-0.00027833655705996127
-2.5145067698259373e-06
8.684719535783363e-05
-0.0009920696324951645
3.965183752417792e-05
-6.015473887814315e-05
-5.222437137330743e-06
-0.0004887814313346228
-9.226305609284327e-05
-6.673114119922637e-05
-0.00017427466150870405
-0.0005197292069632495
0.0007185686653771761
0.0003653771760154738
0.0003413926499032882
-6.208897485493235e-05
0.0005390715667311411
0.0003905222437137331
-0.00017736943907156668
-7.930367504835576e-06
0.0004570599613152805
0.000660541586073501
-0.00012707930367504843
0.0002996131528046422
7.176015473887813e-05
-0.000611798839458414
-0.00021992263056092842
-9.671179883945916e-07
-0.00010502901353965186
-0.00013404255319148932
-0.0002179883945841393
0.0005785299806576402
-0.00044235976789168283
-8.955512572533854e-05
-0.0005634429400386846
0.00011508704061895556
-0.0002655705996131529
-0.0007139264990328821
0.0003247582205029012
6.866537717601543e-05
4.816247582205025e-05
0.0001885880077369439
0.0001537717601547389
8.375241779497104e-05
1.3733075435203139e-05
0.00036421663442940034
0.00032630560928433266
-0.0001201160541586073
-0.0007108317214700195
-0.0006833655705996131
0.00018858800773694385
0.00038085106382978724
4.081237911025152e-05
-0.00037234042553191496
-7.756286266924558e-05
-0.0001437137330754352
0.00011276595744680844
0.00024468085106382976
0.00010193423597678917
-0.00011392649903288207
9.806576402321076e-05
-0.00021566731141199228
0.00010889748549323016
0.00014332688588007743
6.789168278529982e-05
0.0005618955512572534
0.0007622823984526113
4.854932301740814e-05
3.1914893617021275e-05
-9.767891682785305e-05
-0.0005359767891682785
0.0002462282398452612
0.00018317214700193425
-0.000441972920696325
0.0005537717601547387
-0.00043578336557059953
-0.00014526112185686657
0.0002439071566731141
0.00037001934235976784
-0.0002435203094777563
-8.104448742746615e-05
0.0006032882011605416
-0.00028646034816247584
0.00027562862669245643
-0.0002156673114119923
0.00020986460348162482
-0.000681431334622824
0.00018433268858800776
-0.0003839458413926499
-0.0008729206963249517
0.0003974854932301741
0.0007781431334622824
6.7698259187621486e-06
-0.0007928433268858801
0.00021179883945841388
0.00030657640232108305
0.0006930367504835592
0.00040560928433268855
-8.60735009671179e-05
-0.0002539651837524177
-0.0005441005802707931
0.00017156673114119918
0.00027446808510638303
0.0007676982591876209
0.0006040618955512573
-0.0004586073500967118
4.700193423597682e-05
-5.628626692456488e-05
0.00012205029013539653
-0.000758027079303675
0.0008106382978723404
8.259187620889752e-05
-0.00020058027079303668
-0.00012282398452611212
0.0004292069632495165
8.104448742746614e-05
-0.00048336557059961305
-0.0005355899419729205
9.961315280464212e-05
0.0002582205029013539
5.0483558994197316e-05
0.00020406189555125727
0.0004315280464216635
-0.0005769825918762089
-0.0005839458413926499
-0.00014680851063829796
-0.000695357833655706
0.0006226305609284333
0.00016731141199226304
-0.00036073500967117987
0.0009599613152804642
0.00031237911025145065
-2.069632495164409e-05
-0.00013133462282398454
0.00043384912959381044
-0.0005371373307543519
0.0002458413926499034
-2.4564796905222415e-05
0.000381237911025145
-0.00032088974854932304
-0.00030116054158607354
0.00036731141199226305
-0.0005963249516441006
-0.0005854932301740812
-0.00014758220502901354
0.00028375241779497105
0.000295357833655706
-0.0007030947775628626
-0.00015647969052224372
0.000118568665377176
-0.0002984526112185687
0.00022688588007736943
-0.00019361702127659576
-0.0003773694390715667
0.00012321083172147008
0.00114642166344294
0.0003568665377176015
0.00010425531914893612
-0.00035725338491295934
1.9148936170212752e-05
-0.0003897485493230174
-9.61315280464216e-05
0.0006102514506769826
0.00041992263056092843
0.0006013539651837524
0.000506963249516441
0.0004172147001934236
-0.00016692456479690528
-0.00048065764023210843
0.0002620889748549323
0.0001704061895551257
5.89941972920696e-05
0.0004172147001934236
-0.000632688588007737
-0.0006025145067698259
0.00017195357833655706
-0.00016460348162475826
0.00018201160541586082
-0.0005646034816247581
0.00015880077369439063
-0.0006926499032882011
0.00042147001934235976
0.00028297872340425536
5.396518375241781e-05
-0.00025357833655706
3.578336557059964e-05
0.00022611218568665376
-0.00021566731141199223
-0.0001963249516441006
0.00039284332688588005
-0.0002098646034816248
0.0004887814313346228
0.00022456479690522246
-0.00022843326885880073
-0.00024738878143133454
-0.000909671179883946
-0.0004775628626692456
0.000235009671179884
0.00046054158607350095
0.0005444874274661508
-0.0008481624758220503
-1.9342359767889552e-07
-0.00022804642166344286
-0.00015106382978723407
-0.0002551257253384914
0.00036731141199226316
0.00029264990328820126
0.0005514506769825919
-0.00015145067698259183
-0.000788201160541586
0.00015725338491295936
-0.00010967117988394579
-0.000400193423597679
5.6673114119922535e-05
0.0006659574468085107
1.7214700193423568e-05
0.0005119922630560928
-0.0002257253384912959
0.00016382978723404262
0.0002427466150870406
-0.00017814313346228234
-0.0002655705996131528
0.0007518375241779498
0.00017195357833655714
7.562862669245645e-05
7.872340425531923e-05
0.000274468085106383
0.0004609284332688588
-6.634429400386847e-05
-0.0004431334622823985
-4.274661508704066e-05
-0.00022688588007736945
-0.0002377176015473887
-1.760154738878132e-05
-0.0004384912959381044
0.0009843326885880077
0.0005588007736943907
-5.3191489361702134e-05
-0.0005723404255319148
-0.0008009671179883945
-5.996131528046406e-06
-0.0003263056092843326
0.0003827852998065764
-6.595744680851062e-05
-0.0002071566731141199
-0.00024197292069632492
-0.00017388781431334626
0.0002555125725338491
0.0005104448742746615
0.0007487427466150871
-0.0007704061895551257
-0.00020367504835589937
-0.00010851063829787234
-9.535783365570602e-05
0.00025396518375241783
0.00011237911025145063
-0.0004187620889748549
0.0003974854932301741
0.00015802707930367494
0.00043500967117988395
0.0002295938104448742
0.0001955512572533849
-0.0006121856866537717
0.0002624758220502902
0.0005963249516441006
0.00039013539651837527
0.00036305609284332694
0.00010309477756286274
-0.00012475822050290133
0.0006845261121856866
0.00027253384912959383
-0.00015957446808510637
-0.0008771760154738878
-0.00017466150870406192
-0.0005758220502901354
-0.00012205029013539656
-0.0003831721470019343
-0.0008152804642166344
0.0008508704061895553
-2.804642166344291e-05
-1.1411992263056124e-05
-0.00017272727272727272
0.00036924564796905215
0.00012514506769825914
-0.0003328820116054159
-0.0006214700193423598
7.369439071566733e-05
-0.0005932301740812379
-0.00017504835589941974
-0.0009483558994197292
-7.137330754352026e-05
0.00015145067698259183
-0.00020947775628626692
0.00023810444874274654
-0.000548742746615087
0.00036963249516440996
-0.00022649903288201164
0.000555705996131528
9.303675048355895e-05
0.0004117988394584139
-0.0001669245647969052
-1.102514506769828e-05
0.0004481624758220502
-0.00012321083172147008
-5.938104448742746e-05
0.0002021276595744681
0.0002543520309477758
0.00041411992263056094
-2.301740812379109e-05
-8.800773694390713e-05
-0.0001406189555125726
0.00014719535783365575
-0.00026441005802707926
-5.435203094777563e-05
-0.001137137330754352
0.0003502901353965184
-9.92263056092843e-05
-0.00017775628626692455
-0.0001874274661508704
0.0001901353965183752
-0.00017620889748549325
0.00017311411992263054
0.000490328820116054
-0.0005147001934235977
0.0002237911025145068
-0.00035957446808510636
0.0006682785299806576
0.00021953578336557063
0.00038781431334622836
5.7059961315280516e-05
7.601547388781432e-05
-0.000644294003868472
0.0006141199226305609
-0.0005820116054158608
0.0002872340425531914
5.9961315280464454e-06
-0.0005502901353965184
0.0005270793036750483
1.4119922630560883e-05
-0.0004249516441005803
-0.00034951644100580275
-0.00023075435203094775
-8.762088974854934e-05
-0.00024584139264990327
-6.402321083172147e-05
-0.00013945841392649905
0.0003406189555125726
0.00012321083172146997
0.00039361702127659585
-2.727272727272725e-05
5.8220502901354025e-05
0.0006075435203094778
0.0005131528046421664
0.00022417794970986462
-0.00047059961315280466
0.00013210831721470026
-0.00025357833655705996
-0.00017195357833655708
0.00020831721470019335
0.0003317214700193424
0.0006651837524177949
0.0004640232108317214
8.220502901353965e-05
0.00042920696324951635
0.00034874274661508695
6.131528046421662e-05
-0.00021682785299806577
0.00011779497098646033
0.00046982591876208886
-0.00033094777562862676
0.00022959381044487426
0.0003564796905222437
-0.0008783365570599612
-0.00010154738878143133
0.00033249516441005803
9.090909090909055e-06
-9.535783365570591e-05
0.00015222437137330755
0.0002330754352030948
0.000176595744680851
0.00013597678916827844
0.000316247582205029
0.0003394584139264991
-0.0002303675048355899
-0.00019206963249516446
0.00032785299806576405
0.0005003868471953577
-0.0010740812379110252
-0.0005522243713733075
-0.00045705996131528037
-0.000767311411992263
-1.1025145067698253e-05
6.247582205029009e-05
-3.462282398452611e-05
-7.98839458413926e-05
0.0003568665377176015
-0.0001858800773694391
0.00023926499032882013
6.518375241779509e-05
0.0003622823984526112
3.578336557059967e-05
-0.0010566731141199227
0.00021450676982591866
-0.00015880077369439066
8.06576402321083e-05
-0.00014371373307543527
-0.0003982591876208898
0.00035183752417794977
0.0004377176015473888
-1.914893617021283e-05
-0.00021528046421663436
0.00024158607350096718
0.00013597678916827852
7.562862669245648e-05
-0.00017659574468085112
-0.0004934235976789168
0.0003653771760154739
-0.00051431334622824
0.0002423597678916827
0.0001916827852998065
7.949709864603473e-05
0.0001266924564796905
-0.00013636363636363631
0.0002640232108317214
-0.00037814313346228235
0.00029535783365570593
-0.00014332688588007743
-0.0006640232108317215
0.0001158607350096712
0.0005669245647969053
0.00045048355899419723
7.756286266924566e-05
-0.0009104448742746615
0.0006450676982591877
-7.911025145067699e-05
-0.00013791102514506764
0.00042804642166344284
7.833655705996138e-05
4.9709864603481625e-05
0.0004976789168278531
4.835589941972952e-06
0.0003495164410058027
0.0003735009671179884
9.651837524177948e-05
-0.00022920696324951642
0.00025783365570599613
-0.00010851063829787236
0.00025357833655705996
-0.0001406189555125725
-0.0006984526112185686
0.00031392649903288204
-0.000783558994197292
5.512572533849134e-05
-0.00019400386847195355
0.0004315280464216634
-0.0007050290135396519
-8.704061895551184e-06
-0.000439651837524178
0.0004872340425531915
-0.00024816247582205023
0.0004574468085106383
0.0001278529980657641
0.0006226305609284333
-0.0005147001934235977
0.0002980657640232109
0.00041179883945841386
-0.0006303675048355898
-8.762088974854935e-05
0.0004145067698259188
0.00020019342359767895
-0.0003398452611218568
0.0002713733075435203
0.0002980657640232109
7.56286266924565e-05
-0.00016808510638297873
-0.0005352030947775628
0.00032243713733075437
-4.7001934235976875e-05
1.8375241779497034e-05
0.0004419729206963249
-8.955512572533851e-05
0.0003564796905222437
-0.00028491295938104456
0.00021566731141199223
-0.00042920696324951635
0.0007750483558994197
-0.00013868471953578344
-2.7272727272727276e-05
-0.00035841392649903285
0.0002520309477756286
-4.468085106382986e-05
-0.000746034816247582
0.0001762088974854932
-5.2417794970986375e-05
7.640232108317211e-05
0.0004938104448742746
0.0006535783365570599
0.0002547388781431334
-0.0004384912959381045
0.0009576402321083172
-6.382978723404304e-06
-0.0006307543520309478
-0.0003649903288201161
-0.0009502901353965184
0.000967311411992263
0.00024197292069632492
-0.0008264990328820116
0.0001580270793036751
0.0003533849129593811
0.0003727272727272727
-1.2959381044487449e-05
0.00036421663442940045
-0.0005007736943907158
0.00047214700193423594
0.00036460348162475816
-0.00035454545454545455
-0.00017620889748549325
1.7601547388781427e-05
-8.065764023210837e-05
-0.0003123791102514507
-0.0006586073500967118
9.671179883946386e-07
7.60154738878143e-05
7.67891682785299e-05
-0.00013481624758220507
0.0001715667311411993
0.0002895551257253386
2.37911025145068e-05
0.000541779497098646
0.0003611218568665377
6.78916827852998e-05
0.00018471953578336564
0.00012398452611218566
-0.0004063829787234043
-0.0006678916827852996
-0.0005239845261121856
0.0007212765957446809
3.8491295938104474e-05
-0.00028181818181818185
0.000841586073500967
0.00031315280464216645
0.00044854932301740814
-0.0002477756286266925
-0.0012620889748549322
0.00038820116054158607
-7.911025145067694e-05
0.0006350096711798839
0.0007220502901353964
-0.00041914893617021274
0.00013404255319148935
0.0003410058027079304
-1.4506769825918828e-05
-1.876208897485488e-05
-0.00014642166344294003
-0.0003943907156673114
0.0008056092843326887
0.00042456479690522236
0.00010735009671179883
-0.00015261121856866532
0.0003270793036750483
0.0001707930367504835
0.00016073500967117994
-6.09284332688588e-05
-0.0002833655705996131
0.00016305609284332685
0.0002388781431334623
1.837524177949717e-05
3.926499032882014e-05
-0.0001986460348162476
0.0005541586073500967
0.0005916827852998065
0.00035802707930367503
0.00079284332688588
0.00015957446808510635
0.00019013539651837526
-0.00012205029013539661
0.00026131528046421655
-0.00022843326885880078
-0.0005061895551257252
0.00019748549323017405
-0.0004292069632495164
0.00014603481624758224
0.000144100580270793
1.6054158607350048e-05
0.0002442940038684719
0.0001796905222437137
-0.00040444874274661515
-0.0004659574468085107
0.00027214700193423596
0.00011083172147001937
-4.468085106382981e-05
0.0005135396518375243
0.0007452611218568667
0.0008992263056092843
0.00023617021276595753
-0.0001390715667311411
5.3965183752417785e-05
-9.999999999999994e-05
0.000262862669245648
-0.0007266924564796906
0.0005823984526112186
-0.0001379110251450677
0.00013288201160541584
0.000506963249516441
-0.00011121856866537724
0.0003468085106382979
0.0004984526112185685
5.164410058027081e-05
0.00035338491295938104
-0.0005305609284332689
0.00010154738878143132
-0.00040135396518375233
-0.0003912959381044488
-0.0007313346228239845
0.00039168278529980654
-1.8375241779497088e-05
0.0002887814313346228
0.00019748549323017408
0.00014758220502901349
-0.0009618955512572535
0.00042920696324951646
0.0004914893617021277
0.0005228239845261122
-0.0003603481624758221
-4.197292069632494e-05
0.0004620889748549323
7.15667311411994e-06
-0.0006427466150870407
-0.0001584139264990329
-0.00041334622823984525
-0.0003564796905222437
0.00036344294003868476
0.0004497098646034816
-0.0002040618955512573
-0.00010696324951644094
-3.288201160541533e-06
-0.00018510638297872332
-0.0001321083172147002
4.158607350096705e-05
-0.00029071566731141195
-0.0006400386847195357
-0.00035145067698259195
0.0003560928433268859
-0.0003723404255319149
0.0004334622823984526
0.00013984526112185687
-8.568665377176016e-05
-0.00031160541586073496
0.00038317214700193415
0.00040870406189555126
1.2959381044487436e-05
-0.00038123791102514506
-0.00031392649903288204
-0.00018278529980657635
0.0007661508704061896
0.00020715667311411998
0.0007514506769825918
0.00021411992263056095
-0.0007549323017408125
-0.00014719535783365572
-0.0001912959381044487
0.0007297872340425531
-9.671179883945044e-07
0.0008199226305609285
-1.876208897485484e-05
-2.127659574468173e-06
-0.0002439071566731141
-7.833655705996137e-05
-0.00026673114119922633
9.032882011605422e-05
0.000451257253384913
0.0001321083172147002
-0.00027911025145067696
0.0008822050290135398
0.0002802707930367504
-8.452611218568665e-05
-0.00026131528046421666
5.357833655706002e-05
-0.0003626692456479691
-5.00967117988394e-05
0.0005011605415860735
-0.0005746615087040619
0.00018936170212765962
6.0928433268858735e-05
-0.0007181818181818182
0.00029071566731141195
0.0005270793036750483
0.0005893617021276596
-0.0008895551257253384
0.0005344294003868473
0.0005669245647969052
-0.0002381044487427466
0.0008257253384912958
0.000632688588007737
0.0003425531914893617
-0.0005665377176015474
0.00014796905222437139
-0.00019632495164410068
0.0002891682785299807
0.00016924564796905224
-0.00034255319148936175
-0.0006756286266924565
-0.00013094777562862664
-0.0003796905222437137
0.0002961315280464217
0.0003510638297872341
5.5125725338491254e-05
0.0005920696324951644
0.0007058027079303675
-1.876208897485496e-05
0.0005003868471953579
-2.9980657640232094e-05
-0.0006257253384912959
0.0001878143133462282
-0.0004922630560928433
-0.0003038684719535783
-0.00026479690522243713
3.733075435203097e-05
-0.0001452611218568666
0.0002005802707930367
-0.00042882011605415864
0.0004686653771760156
-0.0006965183752417795
-0.00018665377176015465
0.0005321083172147002
-0.00010657640232108324
-0.0002972920696324952
0.0005003868471953578
-0.0002980657640232109
-0.00023114119922630562
0.00024661508704061896
4.545454545454541e-05
0.0006802707930367504
-2.0696324951644077e-05
-0.00012088974854932294
-0.0006315280464216635
-0.0004311411992263055
-4.970986460348165e-05
0.0004574468085106383
0.00029342359767891684
-7.176015473887814e-05
0.0005398452611218569
-0.0006179883945841393
-0.0004911025145067699
0.00038665377176015474
-0.00042649903288201167
-7.446808510638294e-05
-0.0006636363636363638
0.0004299806576402321
-7.369439071566736e-05
0.00012205029013539656
0.0005800773694390715
0.00045435203094777564
-5.589941972920695e-05
-0.0002431334622823984
-0.0007584139264990328
-0.00038355899419729203
0.00012088974854932307
-0.0003410058027079303
-0.0009239845261121856
-0.0003657640232108317
0.00018201160541586072
1.9342359767889552e-07
0.00018549323017408127
-0.0010632495164410057
-0.00021566731141199223
0.00023075435203094777
0.00035880077369439067
-0.000341779497098646
0.0003460348162475822
-0.00017775628626692458
0.0005174081237911025
0.00023268858800773692
4.622823984526113e-05
-0.0006032882011605415
-0.0007808510638297872
-4.893617021276599e-05
-0.00023926499032882005
6.0928433268858775e-05
-8.839458413926503e-05
-0.0004887814313346228
0.00032437137330754357
-0.00017775628626692458
0.00019709864603481618
0.00010232108317214696
0.00044738878143133463
-4.62282398452611e-05
0.0003866537717601547
-7.176015473887815e-05
1.1798839458413902e-05
-8.704061895551266e-06
-0.0004056092843326886
0.0003499032882011606
0.000756092843326886
0.0005321083172147002
-0.0006237911025145068
7.156673114119886e-06
0.0004651837524177949
0.0005789168278529981
0.00034990328820116057
0.0005727272727272728
0.00037427466150870406
0.00011276595744680854
0.00018820116054158606
0.00043230174081237906
0.00032321083172147006
0.0004226305609284333
-0.00042611218568665375
-0.00044970986460348165
-5.473887814313347e-05
-0.0003468085106382978
0.0001379110251450677
0.00016112185686653773
-0.0007065764023210833
0.0002744680851063831
0.00022920696324951642
-0.00042688588007736944
-0.0008907156673114119
-0.000383558994197292
6.208897485493231e-05
-0.000988588007736944
0.00030464216634429407
0.00019284332688588007
0.0008234042553191489
0.0005088974854932302
-0.00021179883945841388
-0.00025164410058027076
-0.0002021276595744681
0.00022727272727272727
7.543520309477677e-06
-5.996131528046459e-06
0.0007901353965183752
-8.181818181818178e-05
-3.307543520309476e-05
0.00034874274661508706
0.00040212765957446813
0.0004748549323017409
0.0002431334622823984
0.00011237911025145075
-0.0002442940038684719
0.00026092843326885884
0.00013056092843326887
0.000469825918762089
0.0004400386847195358
0.0006493230174081238
-0.00024119922630560925
0.0005166344294003867
-0.0006110251450676983
0.0006005802707930367
-0.0008056092843326886
0.000818762088974855
0.0006276595744680851
-0.0006675048355899419
-0.00046711798839458424
0.0007998065764023211
-1.9342359767897604e-07
-0.0005294003868471953
0.0004353965183752417
0.0005793036750483558
0.0007421663442940037
0.000734816247582205
4.061895551257262e-06
-0.00019052224371373302
8.607350096711804e-05
3.2688588007736885e-05
-0.00025319148936170214
0.00020909090909090912
0.000725531914893617
8.839458413926497e-05
-7.098646034816249e-05
-0.00020444874274661509
-0.000455899419729207
0.00026479690522243724
3.887814313346226e-05
0.0005568665377176014
0.0003135396518375241
-0.00022843326885880078
-0.00040831721470019344
-0.00044506769825918756
-0.00047717601547388774
-0.00011934235976789176
0.00027098646034816255
-0.0002470019342359769
-0.0003251450676982592
0.0005990328820116056
0.00019980657640232115
-0.00020986460348162482
0.00020174081237911025
0.0004481624758220503
-3.810444874274671e-05
6.054158607350096e-05
0.00016537717601547392
-0.0001665377176015473
7.717601547388787e-05
1.9922630560928467e-05
-0.00030618955512572534
-0.0005274661508704062
0.00027717601547388776
-0.00019052224371373313
-5.705996131528049e-05
-0.0002570599613152804
-0.00020909090909090907
-1.992263056092844e-05
5.705996131528046e-05
-0.0004640232108317215
0.0005406189555125725
2.1083172147002028e-05
-0.0007796905222437136
0.0003108317214700194
-0.0001297872340425533
-0.00021605415860735007
0.0006210831721470021
0.0008856866537717603
-0.0010972920696324952
0.0007615087040618956
-1.1798839458413943e-05
0.0002764023210831722
0.0003228239845261122
0.00030502901353965183
2.3791102514506727e-05
0.0005522243713733074
0.00033056092843326883
0.00013907156673114118
5.31914893617022e-05
-0.0008736943907156674
6.0154738878143166e-05
-0.0002733075435203096
0.0002717601547388782
-0.00015996131528046427
1.218568665377176e-05
0.00015841392649903292
0.0006125725338491295
2.127659574468173e-06
4.003868471953571e-05
-0.0008315280464216635
0.0006388781431334623
0.00014177949709864602
0.0009375241779497098
0.00041179883945841397
-0.0002183752417794971
-0.0005854932301740812
-0.0002365570599613153
-0.0002667311411992262
-0.0003216634429400387
-0.0002388781431334622
-2.5338491295938106e-05
-0.00038046421663442937
-0.00010580270793036742
-0.0010860735009671177
-0.0002470019342359769
0.00041257253384912955
-0.00030193423597678907
0.00010773694390715675
-0.0002578336557059961
0.00011624758220502897
-0.0003808510638297873
2.9980657640232054e-05
-2.185686653771761e-05
0.00012823984526112188
9.419729206963252e-05
0.0004234042553191489
4.158607350096713e-05
4.584139264990334e-05
-0.000334816247582205
-0.00038278529980657644
0.00033945841392649904
0.0002589941972920696
-4.042553191489357e-05
0.00015145067698259194
-0.00022688588007736948
-0.0003286266924564797
-0.0002713733075435203
-6.905222437137324e-05
-6.382978723404277e-06
-0.00017659574468085104
-0.00045744680851063835
0.0007475822050290136
-0.00027176015473887825
-9.69052224371373e-05
-8.878143133462292e-05
-0.0006617021276595744
0.0005100580270793037
-0.00023384912959381049
0.00011586073500967123
4.9709864603481625e-05
0.00034255319148936164
-0.00020328820116054155
0.0001642166344294004
0.00017311411992263057
-0.0003135396518375241
-0.0003549323017408124
0.0001912959381044487
0.00039168278529980654
0.00024816247582205023
0.0003588007736943907
-0.00037543520309477757
0.0006226305609284333
3.2882011605416264e-06
-0.00013791102514506778
-0.00026441005802707937
-0.00025164410058027076
-0.00016421663442940033
0.0003096711798839458
-0.00018007736943907154
0.00022185686653771754
-5.899419729206953e-05
0.00014796905222437128
9.922630560928433e-05
7.872340425531913e-05
0.000534816247582205
-0.0004895551257253384
0.00052321083172147
0.0003800773694390716
6.441005802707935e-05
0.0002702127659574468
-0.0004021276595744681
0.00023268858800773687
-0.00047176015473887807
-0.0002690522243713733
0.0006172147001934236
-0.0006512572533849129
0.0007735009671179882
-0.0003889748549323018
-0.00011934235976789169
-0.00026402321083172144
0.000621083172147002
-7.176015473887813e-05
0.00035725338491295934
0.0002458413926499033
-0.0004048355899419729
0.0003545454545454546
0.0002632495164410058
0.000581237911025145
-0.0005023210831721469
-2.0696324951644077e-05
-0.0007015473887814315
-0.0001970986460348163
-0.00019864603481624756
4.352030947775631e-05
-5.222437137330837e-06
0.0004582205029013539
-1.3733075435203059e-05
0.000609477756286267
0.00029342359767891684
0.0006013539651837525
-0.00010077369439071563
-0.0002841392649903288
0.0009781431334622826
-6.789168278529977e-05
0.000406769825918762
1.7601547388781346e-05
-0.0009096711798839458
-0.00012475822050290135
0.000795551257253385
-2.88201160541586e-05
-0.0002895551257253385
0.0006133462282398453
2.8820116054158656e-05
-6.170212765957455e-05
-0.00041992263056092843
0.0005843326885880077
0.0002048355899419729
0.00027678916827853
-4.1586073500967206e-05
-0.0005154738878143133
-0.0006473887814313346
-0.00014100580270793035
-0.0007092843326885881
-6.05415860735009e-05
-5.1644100580270826e-05
-5.5125725338491294e-05
-0.0005042553191489361
-0.0002346228239845261
0.0004048355899419729
-0.000532495164410058
-2.959381044487429e-05
0.0001158607350096712
0.0009576402321083172
-0.00018820116054158608
-0.00022379110251450672
0.0006613152804642166
-0.00018936170212765954
-0.001144100580270793
4.9709864603481625e-05
6.247582205029013e-05
0.0002411992263056093
1.7988394584139242e-05
0.0001661508704061896
0.0004733075435203095
0.0007158607350096712
-0.00026441005802707937
0.0004864603481624758
0.0001363636363636363
-0.0005514506769825919
0.0001665377176015474
-1.257253384912966e-05
0.00040328820116054164
0.0007108317214700193
7.446808510638299e-05
-0.0002613152804642166
-0.00047021276595744685
-0.00013868471953578344
-0.00030038684719535785
-3.6750483558994445e-06
-0.00024545454545454545
0.0006895551257253386
8.762088974854936e-05
0.0006806576402321083
-1.9535783365570594e-05
-2.2243713733075456e-05
-0.00016189555125725334
0.00020135396518375235
0.0009676982591876208
-0.00010116054158607353
-0.00033597678916827856
0.00039864603481624755
5.7059961315280455e-05
-0.00025860735009671177
0.00020483558994197288
0.00032437137330754357
0.00032243713733075426
0.00033094777562862676
-0.0004292069632495164
-0.00035841392649903296
-0.0006392649903288201
0.0007843326885880076
0.0005653771760154739
0.00014216634429400386
-8.704061895551266e-06
0.0011506769825918761
0.00039941972920696324
-0.0003909090909090909
0.00032591876208897495
-0.00010348162475822056
-0.0009483558994197291
-0.00018820116054158606
-0.00031895551257253384
-0.0005015473887814313
-0.0006709864603481624
-0.0003793036750483559
-0.0001885880077369439
0.0009560928433268859
0.0011704061895551256
0.0004454545454545454
0.000623404255319149
0.00026054158607350097
-0.0005147001934235977
-0.00020870406189555125
-0.00042649903288201156
-0.0006752417794970986
3.694390715667318e-05
0.0003998065764023211
0.00012282398452611218
0.0002999999999999999
0.00029497098646034817
3.423597678916827e-05
0.00040096711798839457
0.00037272727272727273
0.0005653771760154739
-0.00014874274661508713
0.00015918762088974847
-0.0002377176015473888
-0.0006752417794970986
0.00036189555125725343
0.0001758220502901354
0.00018549323017408116
0.0003108317214700194
0.0004102514506769825
-0.0004168278529980658
-0.0004671179883945841
0.00029187620889748546
0.0009181818181818182
0.00018201160541586077
6.170212765957445e-05
6.789168278529982e-05
-0.0001139264990328821
0.0004334622823984526
0.00028452611218568664
-0.0002574468085106383
-0.0002214700193423598
0.0006825918762088975
0.00019284332688588015
0.0004667311411992263
-0.0004500967117988394
-0.0003328820116054158
-0.00029342359767891684
-0.00022108317214700199
-0.0001278529980657641
0.0008280464216634429
-0.00022495164410058036
4.1586073500967145e-05
-0.00027098646034816245
-0.0004431334622823984
-0.0001723404255319149
0.0008876208897485493
0.00011237911025145067
-2.843326885880089e-05
-0.00020870406189555133
8.297872340425534e-05
0.0005100580270793036
0.0004059961315280464
0.0005189555125725338
0.0005251450676982592
-2.1470019342359765e-05
-0.0001924564796905223
-0.0005290135396518375
0.00010116054158607347
0.0003274661508704061
-0.0003920696324951644
0.00018394584139264994
0.0012063829787234042
0.00038471953578336554
-0.00028027079303675047
0.0003499032882011605
-0.0002578336557059962
0.00013520309477756294
-0.0008914893617021278
0.0004945841392649904
0.00013326885880077377
-0.00014835589941972918
0.0004396518375241779
-0.0005452611218568666
0.00030657640232108316
-0.0007491295938104449
0.00042495164410058024
0.0002589941972920696
-0.0006342359767891682
0.00011199226305609285
-0.00041218568665377184
-0.000293036750483559
0.00023268858800773692
-0.00016885880077369448
-0.00015415860735009673
-0.00043500967117988395
2.2630560928433248e-05
0.0006686653771760155
-0.00048684719535783375
0.0002868471953578337
-0.00012707930367504832
0.00032514506769825915
-0.0002872340425531915
0.0003827852998065764
-0.00035609284332688583
3.53965183752418e-05
-0.0004663442940038685
-0.00017195357833655714
0.00024777562862669247
-0.00034990328820116057
0.00037504835589941964
0.00010464216634429396
0.0006230174081237911
-0.00027911025145067696
-0.0002330754352030948
0.00027292069632495165
0.0005940038684719536
-0.00038278529980657644
-8.104448742746608e-05
-0.0008353965183752418
-0.00040831721470019344
-0.0005897485493230173
-0.00044003868471953575
-0.00029342359767891684
-0.000967311411992263
-0.00013210831721470015
0.0004760154738878144
1.6054158607350153e-05
-0.000255899419729207
0.0005398452611218569
7.021276595744683e-05
-3.3849129593810395e-05
0.0002083172147001934
-0.00038858800773694383
-0.00013249516441005805
-0.00015647969052224372
-2.6112185686653716e-05
0.0003038684719535784
-5.3965183752417744e-05
-0.00025512572533849134
-0.00047562862669245647
0.0010241779497098646
0.00026286266924564793
0.00014448742746615083
-0.00015145067698259186
-0.00014023210831721472
0.0006965183752417794
-0.00031702127659574464
0.0003201160541586073
0.0005239845261121856
-1.2185686653771814e-05
0.0005348162475822051
0.00024893617021276587
0.00026595744680851064
-0.00019516441005802714
0.00016382978723404254
0.000572340425531915
-0.000672147001934236
-0.0003537717601547389
0.000572340425531915
0.0004241779497098646
0.0002949709864603482
0.0003568665377176014
-0.00016885880077369443
3.84912959381044e-05
-0.000576595744680851
-2.5338491295938092e-05
-0.0001541586073500967
0.00030967117988394587
-0.00033713733075435207
-0.0003247582205029013
-0.0003170212765957446
-0.00016073500967117986
4.661508704061903e-05
-0.00020096711798839464
0.0001286266924564797
0.0005390715667311412
0.00036924564796905215
-0.00029148936170212775
0.00030967117988394587
0.00013249516441005794
0.0007901353965183753
-9.67117988394585e-07
6.9825918762089e-05
0.00040135396518375233
-0.00047678916827853
0.0004566731141199226
0.0001924564796905222
-0.0002470019342359768
-0.0005630560928433269
-0.0004261121856866537
-7.214700193423589e-05
-3.230174081237919e-05
0.0003522243713733076
-0.0001657640232108318
0.00013017408123791108
-0.0005297872340425531
7.601547388781432e-05
-2.4177949709864613e-05
-0.00027021276595744675
2.7659574468085095e-05
-0.0001588007736943908
-6.595744680851069e-05
0.00035725338491295945
-0.0002736943907156674
-0.0005560928433268859
-0.0006988394584139265
1.3539651837524298e-06
-0.0005181818181818182
0.0003421663442940038
0.00011779497098646028
-9.09090909090911e-06
0.0006156673114119922
-0.0003661508704061896
-0.00046015473887814313
-0.00032823984526112186
-4.4680851063829754e-05
-0.00010851063829787231
-0.0002021276595744681
2.998065764023208e-05
-0.0004110251450676983
1.3539651837524298e-06
0.0003684719535783365
-4.468085106382973e-05
0.0003104448742746615
-0.00042843326885880076
-0.0004508704061895551
0.0003402321083172146
0.00018471953578336558
-7.911025145067696e-05
0.0005437137330754352
-0.00010657640232108314
0.0003425531914893617
-0.00011508704061895548
-0.0003266924564796905
-0.00015609284332688593
0.0003649903288201161
-0.0006052224371373308
0.0007522243713733076
-0.0002056092843326886
0.0006852998065764022
3.6943907156673126e-05
-0.0003239845261121857
0.00033945841392649904
0.000113926499032882
-0.0002388781431334623
0.00021411992263056095
-0.00023694390715667317
-0.00015841392649903284
0.0007228239845261123
-9.845261121856872e-05
0.0009456479690522244
-0.00024119922630560925
0.00030580270793036747
-0.0005588007736943908
0.00026711798839458415
0.0004926499032882011
0.0005827852998065764
-0.00020715667311411992
0.00040754352030947775
-0.0001317214700193424
1.7988394584139324e-05
0.00046479690522243717
7.678916827852999e-05
0.0003676982591876208
-4.700193423597682e-05
-0.0002458413926499033
-0.0002822050290135397
0.00027330754352030947
-0.0011201160541586073
-0.0003735009671179884
-0.0006794970986460347
0.00020135396518375243
0.0003348162475822051
0.0008052224371373308
-0.00020406189555125727
2.0309477756286245e-05
0.0004292069632495164
0.0004195357833655706
-0.0007553191489361703
0.0003328820116054158
-7.36943907156673e-05
0.0002516441005802707
0.00038781431334622825
-0.0003518375241779497
7.408123791102517e-05
0.0003216634429400388
0.0001201160541586074
0.0003591876208897485
0.00013675048355899421
-0.00011044487427466158
0.0005746615087040619
0.0005321083172147002
0.0003305609284332689
-0.0005278529980657641
3.152804642166342e-05
0.0001158607350096712
-0.00011470019342359766
0.0009193423597678918
0.00020406189555125724
0.0010152804642166344
8.723404255319152e-05
0.0007522243713733074
0.00031586073500967113
-0.00029342359767891684
0.00011586073500967117
0.00031276595744680847
0.0001735009671179884
0.00037775628626692453
-0.00034332688588007733
0.00014371373307543516
3.2301740812379093e-05
0.00034990328820116057
0.00041295938104448743
-0.0005015473887814314
0.00030309477756286263
-0.000374661508704062
0.0005572533849129594
-0.000295357833655706
-0.0004678916827852998
-0.0005278529980657641
-5.783365570599626e-05
-0.00031779497098646033
0.00025357833655706
-5.473887814313345e-05
8.413926499032878e-05
-3.6750483558994983e-06
0.0006736943907156675
0.00013056092843326877
8.413926499032884e-05
-0.0007870406189555126
0.00011237911025145063
6.20889748549323e-05
-0.0003622823984526112
-0.00025744680851063826
-9.032882011605414e-05
0.00035222437137330764
-0.0006021276595744681
-9.806576402321079e-05
-0.0001893617021276596
-0.00027717601547388787
0.000458220502901354
-0.0001545454545454546
0.0001468085106382978
-0.0005700193423597678
0.00047059961315280456
0.0002427466150870405
0.0009410058027079305
-0.000455899419729207
-0.0005560928433268859
-3.036750483558998e-05
6.247582205029016e-05
0.00011779497098646036
-9.671179883945448e-07
8.704061895551184e-06
0.00034294003868471956
0.00021141199226305612
-0.00042533849129593816
0.00011702127659574468
-0.00018858800773694396
-4.584139264990334e-05
-2.998065764023215e-05
0.0003228239845261122
0.0001495164410058027
-0.00041179883945841386
0.00010193423597678918
0.00024661508704061896
0.00027137330754352026
-0.00033056092843326894
-0.00020058027079303674
0.00046092843326885877
0.0004938104448742746
-0.0003889748549323018
-0.0007131528046421664
0.000916247582205029
0.0005785299806576403
0.00019632495164410065
0.00013365570599613153
5.822050290135392e-05
-0.0005437137330754352
0.0002307543520309478
0.0004497098646034817
-0.00018510638297872337
0.00046557059961315275
-0.0001034816247582205
0.00014216634429400394
-0.0005769825918762089
-0.00028684719535783366
-8.994197292069626e-05
0.0003750483558994197
-0.0003491295938104449
0.0004090909090909091
5.222437137330689e-06
0.0004172147001934236
0.00046789168278529977
9.49709864603482e-05
0.0005816247582205029
-0.00013636363636363634
-0.00018626692456479688
0.00013829787234042552
-0.00034294003868471956
-0.0003731141199226306
-0.0008021276595744681
4.468085106382982e-05
-0.00028684719535783366
-2.108317214700192e-05
-0.0008439071566731141
0.0005096711798839459
-0.0006996131528046422
0.0005495164410058026
0.0004833655705996131
9.69052224371373e-05
1.4119922630560876e-05
-0.0010032882011605417
-0.0005290135396518376
0.0008241779497098646
0.00037504835589941975
0.00021914893617021279
-0.00010309477756286267
0.0004678916827852998
1.566731141199231e-05
-0.0004980657640232107
-0.00024738878143133454
-0.0005669245647969053
-0.00045280464216634425
-0.00047137330754352036
0.000311605415860735
0.0008272727272727273
-0.0006663442940038685
-0.00037117988394584135
0.0005340425531914892
6.982591876208891e-05
0.0004129593810444875
-0.00033172147001934234
0.000279110251450677
-0.0001499032882011605
-0.00021876208897485497
0.00014100580270793046
2.263056092843327e-05
0.0008984526112185687
0.0011359767891682786
0.0004996131528046421
-0.0001294003868471954
0.0003487427466150871
5.357833655706002e-05
0.0003866537717601547
-1.3733075435203193e-05
0.00022727272727272727
0.00015415860735009673
0.00048607350096711795
-0.00017659574468085104
0.0005618955512572534
0.00014680851063829788
0.0006431334622823985
-0.00014332688588007732
0.0006114119922630561
-0.000674468085106383
-3.849129593810445e-05
-0.0003603481624758221
-0.0004272727272727273
0.0007425531914893618
0.0002702127659574468
-0.00033520309477756287
0.0004098646034816248
-0.0005282398452611218
0.0005731141199226305
-0.0003738878143133462
-0.0006721470019342361
0.0002733075435203096
0.0005112185686653772
-0.0006822050290135397
-1.411992263056093e-05
0.00022263056092843323
-0.00010851063829787236
0.0008195357833655707
-0.00044700193423597676
0.0007522243713733074
0.0001352030947775629
0.00014023210831721466
-2.572533849129595e-05
0.00011005802707930358
0.0003050290135396517
0.00011044487427466138
-0.00022379110251450672
-0.0002508704061895552
-0.0006342359767891682
-0.0002555125725338491
-0.0003100580270793037
9.3036750483559e-05
0.0005785299806576402
0.00029961315280464226
-0.00031972920696324953
7.678916827852993e-05
-0.0006856866537717603
0.00021876208897485489
0.0005588007736943907
-0.0003970986460348163
-0.00040522243713733073
-0.00016499032882011605
-5.241779497098643e-05
-0.00042495164410058024
-0.0004176015473887814
0.0005758220502901355
0.0003843326885880078
-0.0011584139264990332
-0.0005483558994197292
0.00047214700193423594
0.0002435203094777563
-0.0001684719535783366
5.705996131528041e-05
0.0004392649903288201
0.0004083172147001934
-9.864603481624745e-06
-0.0006764023210831722
0.00022882011605415857
-0.0005147001934235977
0.0003088974854932302
0.0003990328820116054
0.0002203094777562863
0.0009638297872340425
-0.0005959381044487427
8.646034816247579e-05
-0.0004419729206963249
-0.00014796905222437139
-0.0001762088974854932
-0.0003943907156673114
2.998065764023215e-05
-0.0003174081237911025
0.0012292069632495164
-0.00027756286266924563
-0.0006272727272727273
-0.00040909090909090913
-0.00036963249516440996
0.00019787234042553193
0.0005394584139264991
-0.0002957446808510638
0.0005011605415860735
-0.0002555125725338491
0.00019439071566731148
-0.00023849129593810444
0.00046363636363636366
-0.00041373307543520306
0.0003603481624758221
0.0005506769825918761
0.0003932301740812379
-0.0001572533849129594
-0.00016808510638297873
0.0006191489361702128
-0.00021102514506769827
-0.00023810444874274665
0.00020599613152804639
-0.0004214700193423598
0.0005181818181818181
-0.0002087040618955513
-5.048355899419729e-05
-0.00023655705996131524
-0.0006756286266924565
3.9264990328820084e-05
-0.0003069632495164409
0.000974274661508704
-0.0007460348162475821
-0.0006172147001934236
0.0001143133462282398
2.41779497098646e-05
-2.0696324951644145e-05
0.00013675048355899416
0.00012940038684719542
-0.0001735009671179884
-7.408123791102515e-05
-0.00032514506769825915
8.76208897485492e-05
3.075435203094777e-05
7.253384912959385e-05
-0.0001471953578336558
0.0004493230174081238
0.0002338491295938105
-0.0003669245647969052
0.0003967117988394583
1.1025145067698226e-05
-0.0002818181818181818
-9.729206963249517e-05
0.0001402321083172147
-0.0004411992263056093
0.00021179883945841388
0.0005700193423597678
4.835589941972925e-06
-0.00011856866537717594
-0.00033326885880077367
-0.0003239845261121857
0.00014410058027079317
0.0002017408123791103
0.00012166344294003868
-1.3733075435203059e-05
0.00010038684719535784
0.00019284332688588
-0.0007147001934235976
0.0003297872340425532
0.00010735009671179883
0.0004431334622823985
-0.00026673114119922617
9.671179883944777e-07
-0.00035647969052224375
0.0002133462282398453
-0.0002984526112185686
-0.0003147001934235976
-0.0008508704061895552
-0.00019709864603481626
0.0005785299806576403
0.0006876208897485493
-0.0004156673114119922
0.0003444874274661509
-0.0007189555125725339
5.744680851063828e-05
-0.0005135396518375242
0.00043617021276595746
-0.00018858800773694393
-0.0004284332688588008
-0.0006655705996131528
0.0004756286266924564
0.00011353965183752413
-0.0006214700193423598
-3.500967117988393e-05
-0.0005413926499032883
-0.0004887814313346228
-0.0005665377176015474
7.756286266924566e-05
-0.0005866537717601546
0.00018046421663442936
0.00010502901353965192
-0.0001735009671179884
-0.0003069632495164411
0.00039516441005802707
0.0007007736943907157
-0.00010580270793036758
-0.00020793036750483561
0.000469825918762089
-0.00011818181818181823
0.0001889748549323017
0.0004682785299806576
0.0007514506769825918
2.2243713733075483e-05
-0.000909284332688588
-0.00047678916827853
0.0005375241779497098
-0.00021798839458413925
9.381044487427461e-05
0.0003502901353965184
-0.00038974854932301745
0.0003112185686653772
0.00020058027079303676
-0.0005483558994197292
3.500967117988398e-05
-0.000229980657640232
0.0002133462282398452
-0.0005034816247582205
-0.0007858800773694391
0.000288394584139265
-0.0009251450676982592
0.0007471953578336557
-0.0004899419729206963
0.0003270793036750483
-0.00024893617021276603
-0.0002810444874274661
0.0008667311411992263
-0.0003615087040618955
0.0007665377176015474
2.8820116054158547e-05
0.0003634429400386847
-0.00023849129593810442
3.1141199226305645e-05
0.000423404255319149
0.0006953578336557061
0.0003866537717601547
0.0005638297872340427
0.00015802707930367505
-0.0001336557059961316
0.00011470019342359776
-0.0001847195357833655
0.0002562862669245648
-0.0005785299806576403
2.7659574468085054e-05
-8.762088974854934e-05
-0.0006102514506769826
-5.009671179883947e-05
0.0005425531914893618
0.000318568665377176
0.00020483558994197296
-0.0006589941972920696
-0.000939458413926499
0.0006849129593810444
7.408123791102526e-05
0.00017852998065764027
-3.5009671179883904e-05
-0.0002613152804642166
-0.0007673114119922631
-0.0002787234042553192
-7.911025145067702e-05
-0.0006450676982591876
6.943907156673122e-05
0.0009676982591876208
-0.00028878143133462286
-0.0007591876208897485
0.00031624758220502895
-0.00033365570599613154
-5.3965183752417785e-05
0.00026247582205029006
-0.0004168278529980657
-0.000334816247582205
0.00039361702127659574
0.00011392649903288197
0.00035106382978723413
0.0001545454545454545
0.00044429400386847187
-0.000330174081237911
4.854932301740814e-05
-0.0006972920696324953
-0.0006891682785299806
-0.0004276595744680851
-0.0002764023210831722
0.0006481624758220504
0.001353384912959381
-0.00034139264990328813
9.574468085106384e-05
-7.833655705996127e-05
0.00027408123791102516
-0.0002493230174081238
4.661508704061896e-05
7.911025145067691e-05
-0.00030735009671179885
-0.00018394584139264994
0.00041489361702127663
0.00034642166344293993
-8.336557059961316e-05
5.802707930367403e-07
-0.00016537717601547387
0.00035725338491295934
0.0001243713733075435
6.827852998065761e-05
-0.0007197292069632495
-0.00011779497098646028
-3.30754352030948e-05
-0.0008102514506769826
-0.0008818181818181819
0.00011663442940038684
0.00030270793036750476
-0.000293036750483559
-0.000283752417794971
8.99419729206963e-05
0.0006938104448742747
0.00020831721470019346
-0.00036266924564796907
-2.649903288201164e-05
0.0006176015473887815
-2.765957446808508e-05
0.00013984526112185687
-0.0006226305609284333
-0.00019825918762088983
-0.00041257253384912955
-0.00016731141199226304
6.382978723404331e-06
0.00023191489361702123
-0.0001936170212765957
0.00032398452611218564
-0.0009274661508704062
-0.00038549323017408123
-0.0006504835589941972
0.0006156673114119923
-0.000530174081237911
7.021276595744677e-05
8.220502901353966e-05
-0.0001448742746615088
-0.00022108317214700196
0.00030000000000000003
0.0002485493230174081
-0.0004338491295938104
0.00013094777562862667
-0.0002408123791102515
-0.00037698259187620895
-0.0001634429400386847
1.5280464216634465e-05
-0.00016150870406189558
-0.00015570599613152803
0.00016073500967117988
8.336557059961313e-05
8.878143133462287e-05
-0.00025589941972920704
-2.4951644100580315e-05
0.00021141199226305617
7.640232108317218e-05
0.00024506769825918763
-0.00046441005802707924
0.0005379110251450677
-0.0010129593810444873
0.00018317214700193425
6.71179883945841e-05
-0.0007344294003868471
-0.000711605415860735
0.00027872340425531914
0.00023887814313346232
0.0005390715667311412
-0.0005468085106382978
-0.0003220502901353965
0.00010232108317214693
0.00046943907156673115
0.0004969052224371374
0.0004129593810444875
0.00037620889748549326
-0.00026518375241779495
-0.0004887814313346228
0.0006160541586073501
-0.0002044487427466151
0.0009274661508704063
0.0001410058027079303
0.0005181818181818182
0.0003653771760154739
-0.0005959381044487427
0.0001352030947775628
0.0002624758220502901
-0.0005789168278529981
-0.00021528046421663446
-0.0002992263056092843
-0.00029264990328820115
0.0007255319148936171
0.0003676982591876209
0.00041837524177949705
0.00031005802707930374
-0.0004864603481624758
0.00038471953578336543
0.0006705996131528047
0.0007000000000000001
-0.0001839458413926499
-0.00010348162475822052
-0.0006288201160541587
-0.0007839458413926499
0.0004017408123791102
-0.0001715667311411993
1.8375241779497088e-05
0.0002187620889748549
0.00022959381044487426
0.00028181818181818185
0.0004063829787234043
0.0003638297872340427
0.0008141199226305609
-1.7408123791103282e-06
-0.0005015473887814313
0.00019787234042553193
0.000283752417794971
-0.00012398452611218558
0.0006957446808510638
-0.0001823984526112185
0.0001058027079303675
-0.00018471953578336553
0.00026943907156673117
0.00021334622823984524
-0.0001553191489361702
-0.0003286266924564797
0.0009889748549323017
-0.00019400386847195352
0.0002613152804642166
0.0008203094777562862
0.00051431334622824
-9.845261121856866e-05
-0.000632688588007737
0.0003228239845261122
-0.0007104448742746615
0.00011353965183752413
-1.1411992263056065e-05
0.0003611218568665378
0.0001959381044487428
-0.00015493230174081234
0.00024584139264990327
0.00037543520309477757
0.00011315280464216628
2.1276595744680654e-06
-0.00014912959381044487
9.477756286266949e-06
-0.00018278529980657638
1.5280464216634465e-05
-0.0001700193423597679
-5.938104448742753e-05
-4.390715667311413e-05
-0.0007994197292069633
-0.00017736943907156676
-6.09284332688588e-05
-0.0002083172147001934
0.0002152804642166344
-0.0005398452611218569
-0.0005437137330754352
-9.477756286266928e-06
0.00045822050290135393
-0.0005444874274661508
3.6170212765957435e-05
6.382978723404304e-06
0.00021025145067698258
9.477756286266955e-06
-4.158607350096716e-05
0.00015686653771760162
0.00013597678916827858
-0.00015222437137330758
-0.0003205029013539651
-0.00016421663442940041
-0.0003421663442940039
-0.000520502901353965
-0.00012901353965183755
-0.0004767891682785299
0.00017040618955512575
0.00019748549323017405
-0.00022882011605415863
0.0001765957446808511
-0.00022030947775628621
-0.00012205029013539653
0.0003085106382978723
-0.0010377176015473888
-0.0006547388781431335
-0.00010696324951644104
0.0002783365570599614
5.2224371373307965e-06
-0.00023152804642166338
-0.0005657640232108318
-4.39071566731142e-05
0.0003982591876208898
0.00014642166344294003
-0.0005259187620889749
-0.0002880077369439071
0.0006257253384912959
0.00033249516441005803
0.0004779497098646035
0.00032553191489361697
0.0001317214700193424
-0.00011856866537717594
-0.00035880077369439067
0.00022224371373307544
-0.00015764023210831726
0.00031663442940038677
0.00033288201160541574
-6.55705996131528e-05
-3.84912959381045e-05
-0.00019400386847195352
0.0004477756286266925
-0.0006957446808510639
-0.0001893617021276596
0.00013172147001934238
-6.866537717601557e-05
0.00018162475822050293
0.00038239845261121857
-0.00019439071566731148
0.0002891682785299807
0.00012243713733075441
-0.0001328820116054159
-0.0007990328820116054
-0.0004160541586073502
0.0009205029013539651
-0.0005266924564796905
0.0005340425531914893
0.00011353965183752418
0.00027678916827853
0.000530174081237911
0.00030077369439071566
0.0002489361702127659
-0.000509284332688588
0.00076963249516441
-0.0003181818181818182
-0.00034332688588007733
-0.0008446808510638298
-0.00012205029013539642
-0.00015918762088974853
-0.00016150870406189547
0.0002481624758220503
-0.00014758220502901349
-0.00014719535783365572
-0.0007282398452611218
0.0003936170212765958
-0.00021179883945841385
-0.00022998065764023206
-2.1470019342359724e-05
4.44874274661508e-06
-0.0008311411992263056
-0.0001371373307543519
0.0003522243713733075
0.000202514506769826
4.6615087040618975e-05
0.00023694390715667317
0.0002760154738878143
1.9535783365570516e-05
-0.00031740812379110257
0.0002949709864603482
-0.0010941972920696325
0.00015454545454545454
0.00047253384912959376
-5.8220502901354e-05
-0.0006009671179883947
2.7272727272727276e-05
-0.0003464216634429401
-0.00040290135396518377
0.00025589941972920693
-0.0004431334622823984
0.0005274661508704061
0.0002725338491295939
8.955512572533857e-05
0.0005576402321083172
0.0002013539651837524
-5.860735009671184e-05
-0.00012901353965183755
0.0003112185686653771
-0.00011315280464216634
-0.00016421663442940033
-2.185686653771761e-05
0.0001119922630560928
-0.00011083172147001932
0.0002032882011605416
-9.651837524177952e-05
-0.0003893617021276595
-0.00042185686653771763
0.00012475822050290135
-8.955512572533848e-05
-9.032882011605422e-05
0.0003448742746615087
-0.00017466150870406184
0.0005885880077369438
0.00021063829787234043
-0.00014332688588007743
0.0003468085106382978
-1.4506769825918735e-05
0.0005015473887814312
-0.00012475822050290138
0.00020831721470019338
-0.00037620889748549326
-0.00059284332688588
3.8104448742746656e-05
7.098646034816249e-05
1.2572533849129632e-05
0.0005483558994197292
-0.00014448742746615094
0.0005352030947775629
-0.0005847195357833655
2.263056092843327e-05
0.0006160541586073501
-0.00019748549323017408
0.00036266924564796907
-0.00019439071566731137
-0.00033984526112185685
-0.0002137330754352031
0.00019090909090909087
0.0004098646034816248
0.0003661508704061895
-0.000293036750483559
0.0009375241779497098
-0.0006493230174081238
-0.0003228239845261122
-0.0004319148936170213
0.0002822050290135397
0.0001475822050290135
-2.727272727272727e-05
-0.000520889748549323
-0.00033984526112185685
-0.0001255319148936171
-0.0002760154738878143
0.00019361702127659573
-0.00025976789168278533
0.00014719535783365567
-0.00042301740812379103
0.0003270793036750483
5.609284332688588e-06
-0.0002516441005802707
-0.00025589941972920704
2.5725338491296002e-05
0.0003874274661508704
0.00010618955512572532
0.00021566731141199228
-0.00022301740812379102
-0.00040754352030947775
0.000371953578336557
-0.00017427466150870405
-4.00386847195358e-05
8.491295938104447e-05
8.994197292069636e-05
0.00025628626692456485
-0.00029264990328820115
0.0006183752417794971
-0.0003533849129593811
-0.0008125725338491295
0.0001994197292069633
-3.423597678916824e-05
0.0006547388781431334
0.000274468085106383
-9.148936170212756e-05
-4.042553191489361e-05
0.0005854932301740812
-0.00015415860735009667
-0.00038278529980657634
-0.0006404255319148938
-0.0002702127659574467
-0.0008713733075435203
-0.00012050290135396523
-0.00034874274661508706
-0.00012166344294003866
-0.0002566731141199226
-0.00021953578336557069
0.0004179883945841392
-0.0001541586073500967
-0.00011663442940038684
-7.5435203094776975e-06
0.00015338491295938106
-4.893617021276596e-05
-2.2243713733075497e-05
0.00036189555125725343
0.0005212765957446809
-5.1257253384912994e-05
-0.0002756286266924565
-7.988394584139257e-05
0.0010748549323017407
0.0004098646034816248
-0.00022804642166344294
-0.00014796905222437128
-0.0004102514506769826
-0.00021566731141199228
-0.0008972920696324951
-5.0096711798839443e-05
0.00011740812379110246
-0.0003015473887814314
-0.0002632495164410058
-0.0005448742746615088
0.00043152804642166337
-0.0005827852998065764
-0.00022998065764023214
-0.0002760154738878143
-0.0002783365570599613
-0.0005924564796905223
0.0003560928433268859
0.0003464216634429401
-8.104448742746617e-05
0.0002566731141199226
-4.932301740812385e-05
0.0005394584139264991
0.00025938104448742746
-0.00014680851063829785
-0.0003905222437137331
1.3539651837524298e-06
-0.00014526112185686655
-0.0005943907156673113
0.0007007736943907156
0.0004988394584139264
0.0004284332688588008
0.00042147001934235976
3.5396518375241784e-05
8.336557059961313e-05
0.00036421663442940045
0.0006671179883945841
-0.00037543520309477757
-0.00015609284332688595
-3.191489361702134e-05
5.280464216634441e-05
0.0009270793036750485
-4.661508704061887e-05
-0.0004802707930367504
-0.0003858800773694391
-0.0006477756286266926
0.0002941972920696324
0.0007673114119922629
0.00017388781431334626
0.0005994197292069634
-2.5725338491295924e-05
-0.0005448742746615087
-5.512572533849124e-05
1.2959381044487449e-05
-4.2746615087040634e-05
0.00038742746615087043
-5.551257253384908e-05
0.00015609284332688587
0.0005495164410058025
-0.00025125725338491294
0.0005994197292069632
-0.0006856866537717603
0.0005007736943907156
0.00017620889748549314
-0.0003154738878143133
-1.9148936170212725e-05
-0.0008450676982591876
-0.0003332688588007737
0.0005170212765957447
-2.3791102514506767e-05
0.0002145067698259188
0.0003588007736943907
-7.524177949709864e-05
0.00016769825918762086
-9.8646034816248e-06
7.156673114119872e-06
-0.0005943907156673114
-0.00027446808510638303
-0.0002721470019342359
0.0004957446808510639
-0.0008864603481624759
-0.00045822050290135393
0.00031005802707930363
0.00017814313346228237
-0.0005897485493230175
0.00032707930367504835
6.595744680851058e-05
-2.4951644100580287e-05
-0.000527852998065764
0.00012088974854932305
0.00044429400386847187
-8.994197292069636e-05
-0.000548742746615087
-4.2746615087040634e-05
-0.0008299806576402321
-0.0003862669245647969
-0.0002589941972920697
0.0004470019342359768
-0.00031779497098646033
-0.0004911025145067699
-0.00021334622823984532
0.000767311411992263
-0.0002408123791102515
-0.0006191489361702129
0.0005003868471953577
5.6673114119922616e-05
-0.00039013539651837516
5.783365570599621e-05
0.0005232108317214701
0.0006230174081237911
0.00014642166344294006
0.0003305609284332689
0.00045589941972920696
0.00010425531914893613
0.0003653771760154739
-0.00021914893617021273
0.00028568665377176015
0.0005193423597678916
-0.0002941972920696325
0.0002628626692456479
-9.883945841392651e-05
0.0004497098646034817
0.0005549323017408124
-0.0005382978723404257
-0.00011586073500967115
-0.0004384912959381045
7.678916827853001e-05
-0.0001580270793036751
-0.0002911025145067699
-0.0008446808510638299
0.0002435203094777563
0.00044700193423597676
-6.866537717601551e-05
-0.0001738878143133462
-1.992263056092844e-05
-0.0002025145067698259
5.860735009671184e-05
-0.00020676982591876208
-0.00011818181818181815
0.0006682785299806576
0.00014564796905222442
0.0003808510638297873
0.0006586073500967119
-0.00014990328820116056
-0.0005688588007736944
0.00022727272727272727
-0.0003943907156673115
-0.0003224371373307543
0.00010386847195357828
-0.0007421663442940038
-0.00025357833655706007
0.0005085106382978723
5.24177949709864e-05
0.00031044487427466145
0.0006528046421663442
0.00011199226305609283
6.982591876208893e-05
-0.00047640232108317205
-0.0006408123791102514
0.00015299806576402322
-0.0004551257253384913
-0.00017156673114119924
-7.911025145067696e-05
-0.0003212765957446809
-0.0001866537717601548
-0.00010348162475822048
-0.00014603481624758224
-0.0003201160541586073
-0.00011624758220502905
-0.0005851063829787233
-0.00010038684719535784
5.009671179883947e-05
0.0002168278529980657
-0.0002717601547388782
2.185686653771761e-05
0.0005970986460348161
-0.0002172147001934235
0.0006663442940038684
-0.000583558994197292
0.00012127659574468086
1.334622823984524e-05
4.081237911025144e-05
-7.872340425531912e-05
0.00045976789168278537
-2.2630560928433325e-05
0.0005448742746615086
0.0004431334622823985
-0.00027794970986460345
0.0005804642166344294
-0.0002485493230174081
-0.0003456479690522243
-0.0002477756286266924
0.0002435203094777562
-0.00025009671179883943
0.0005936170212765958
-0.0006446808510638299
-0.0003595744680851063
0.0004148936170212767
-0.0001874274661508704
-0.00035493230174081237
-3.849129593810445e-05
0.00037852998065764033
-0.00010000000000000005
-0.00047253384912959387
0.0008264990328820115
-0.000293036750483559
6.827852998065764e-05
4.00386847195358e-05
-0.0009092843326885879
0.00044003868471953575
0.00019516441005802703
-0.00011392649903288203
-0.0007823984526112185
0.00048607350096711806
0.0005584139264990329
-0.0005638297872340426
-0.0004241779497098646
0.00032707930367504835
-0.0001328820116054159
-0.000586266924564797
0.0005367504835589942
0.0005711798839458414
0.0006148936170212767
-0.0004663442940038684
0.00036885880077369427
-0.0005352030947775629
0.0004891682785299805
0.00017582205029013543
-0.0003201160541586074
-2.5338491295938052e-05
0.00033597678916827856
0.0003576402321083172
-0.00015802707930367502
0.00030116054158607354
-0.0004880077369439073
0.0007785299806576402
-0.0002748549323017408
3.694390715667318e-05
-0.00014410058027079312
0.0003058027079303675
0.0010961315280464217
-0.0006849129593810445
-0.0006508704061895552
0.000578916827852998
0.00045435203094777564
0.0003731141199226306
3.810444874274669e-05
0.0009715667311411991
-0.0002802707930367504
4.893617021276588e-05
0.00023926499032882016
-0.0006562862669245647
0.000558413926499033
-0.0002218568665377176
-0.00010696324951644104
0.0003816247582205029
-0.0005259187620889748
0.0006342359767891682
0.00034603481624758233
-0.00015145067698259194
-0.00040251450676982595
-0.000153384912959381
0.0001615087040618954
-5.4738878143133476e-05
-0.0006767891682785299
-0.0004419729206963249
-0.0003382978723404256
0.00020019342359767895
-0.0004531914893617021
0.0002295938104448743
-0.00016073500967117986
0.00043036750483559
-0.0005390715667311412
-2.8820116054158534e-05
-0.00018665377176015473
-0.0002609284332688588
-1.566731141199227e-05
0.0005243713733075436
0.00020058027079303674
-0.0001355899419729206
0.0005185686653771761
0.00032707930367504835
-0.0003328820116054159
-8.065764023210835e-05
-0.00016382978723404251
0.00041528046421663445
-1.876208897485494e-05
-0.000185880077369439
-0.00011624758220502905
-0.000539458413926499
4.854932301740812e-05
0.00044777562862669256
-0.0003235976789168279
-0.0005820116054158608
0.00020870406189555117
-0.0005270793036750483
7.446808510638299e-05
0.0005294003868471953
-0.0001259187620889749
0.00017620889748549325
9.84526112185686e-05
1.7988394584139215e-05
-0.0006164410058027079
-8.317214700193474e-06
0.0005235976789168278
-0.0006574468085106382
0.00010889748549323016
-0.0008172147001934235
0.0001878143133462282
0.0004357833655705996
0.00039864603481624755
-4.3133462282398425e-05
0.00039787234042553175
-0.0001456479690522243
-0.0002400386847195357
0.0004384912959381045
-0.0005321083172147002
-0.0006806576402321083
-0.0003874274661508705
0.0006733075435203094
-0.00019555125725338485
0.00014951644100580266
0.00033907156673114127
0.00013017408123791108
-3.0754352030947745e-05
0.0005336557059961316
0.0002450676982591877
0.0004597678916827854
0.0004659574468085106
-0.00013752417794970985
-0.0008535783365570599
0.0006152804642166344
-1.721470019342358e-05
-0.0006617021276595745
0.0002717601547388782
0.00025048355899419725
0.0012152804642166345
-5.009671179883947e-05
-0.00030696324951644103
0.0010671179883945843
-0.00010077369439071571
9.09090909090911e-06
-0.00040174081237911026
0.0006659574468085106
0.0004829787234042553
-0.000144100580270793
-0.0006203094777562862
-0.0001294003868471954
-0.0006315280464216634
-5.802707930368476e-07
0.00015802707930367505
-0.00038936170212765963
0.00025009671179883943
0.0008686653771760156
0.0001630560928433269
0.00017698259187620889
3.500967117988393e-05
0.0008520309477756286
0.00031083172147001943
-0.0002578336557059961
-0.00012475822050290135
0.00023965183752417795
0.0004930367504835591
-0.0003518375241779497
-9.34235976789168e-05
-0.00035647969052224375
0.00011237911025145064
-5.319148936170201e-05
0.00014332688588007737
-5.7833655705996234e-05
0.0006856866537717603
-5.7059961315280434e-05
0.00025203094777562863
0.0007553191489361703
0.0006671179883945841
-0.0002671179883945841
9.497098646034823e-05
9.497098646034815e-05
1.3346228239845281e-05
1.914893617021279e-05
0.00022688588007736948
-0.0004555125725338491
0.00011663442940038678
0.00010386847195357838
8.723404255319149e-05
0.0006048355899419728
-0.00010967117988394587
-0.000435009671179884
0.0002980657640232109
0.0001676982591876209
0.0009967117988394583
0.0004411992263056093
-0.000269825918762089
0.00042727272727272715
-0.0003235976789168279
0.00021141199226305614
-0.00010618955512572532
0.00018355899419729207
-1.9342359767892236e-07
0.0001630560928433269
-6.054158607350104e-05
-0.0001208897485493231
-9.767891682785297e-05
-0.0004203094777562863
-0.0003235976789168279
6.208897485493229e-05
0.0005912959381044488
0.00031972920696324953
-0.0004063829787234042
0.0004295938104448742
4.352030947775627e-05
-0.0003696324951644101
0.0004976789168278531
-9.458413926499036e-05
8.413926499032889e-05
-2.0309477756286272e-05
-0.00023152804642166338
0.0004733075435203095
-0.0004350096711798839
-0.0002435203094777563
3.9651837524177876e-05
0.0006133462282398453
-0.00038355899419729214
0.0001235976789168279
-7.176015473887821e-05
0.0010129593810444873
0.00040754352030947764
0.0003483558994197292
-9.226305609284338e-05
-0.000551063829787234
0.0003147001934235977
-0.00025087040618955507
0.0003294003868471954
-0.0004133462282398452
-6.479690522243708e-05
0.00018974854932301744
-0.0005735009671179883
-0.0003882011605415862
-6.63442940038685e-05
-2.3404255319148895e-05
-0.0002891682785299805
-0.00018007736943907154
-8.607350096711801e-05
-1.141199226305611e-05
-4.081237911025147e-05
-2.9980657640232135e-05
-0.0006411992263056093
0.00039129593810444883
0.000490715667311412
-0.00043617021276595746
-0.0009646034816247582
-0.00047717601547388774
-0.00024235976789168282
0.0007576402321083172
-0.0002330754352030948
-0.0004957446808510639
-0.0004114119922630561
8.452611218568674e-05
-0.00041528046421663456
-0.0011251450676982592
-6.015473887814306e-05
0.0004702127659574468
-0.0005878143133462283
0.00045822050290135393
0.0006961315280464218
0.0004237911025145067
0.0006941972920696325
0.0005027079303675048
0.00011431334622823982
-0.00044816247582205027
0.0001862669245647969
-0.0003831721470019342
-0.00012011605415860741
0.0002996131528046422
0.00025589941972920693
-0.0003800773694390717
-0.00023152804642166338
4.8162475822050405e-05
-0.0003738878143133463
-7.601547388781432e-05
7.756286266924564e-05
-7.930367504835629e-06
0.00036421663442940034
0.0004226305609284332
0.0003808510638297872
-0.0004899419729206964
0.00014835589941972918
-0.00024313346228239846
-0.0007135396518375242
-0.00012862669245647967
0.0009011605415860734
6.247582205029021e-05
0.0006036750483558994
-3.810444874274671e-05
-6.595744680851067e-05
-0.00031702127659574464
0.0006295938104448743
-0.00015029013539651838
0.00030580270793036747
0.00025589941972920693
0.000490715667311412
-0.0006013539651837525
-0.00020676982591876213
0.00013558994197292068
0.0006818181818181819
0.00023849129593810452
-0.0003054158607350097
-0.0001936170212765958
0.00038201160541586064
-4.0812379110251494e-05
-0.0009278529980657641
0.0005711798839458414
0.0001483558994197292
-0.00030425531914893614
0.0006392649903288201
-0.0005634429400386849
-0.00010309477756286262
0.0007951644100580271
-0.00023965183752417793
0.00031856866537717597
-0.00013133462282398457
-5.7059961315280475e-05
-1.837524177949706e-05
0.000637330754352031
-0.0006802707930367505
-0.0003529980657640232
-0.00010657640232108311
0.0006044487427466151
0.00042882011605415864
0.0003588007736943907
0.0006589941972920696
0.0006160541586073501
8.452611218568668e-05
0.0006690522243713733
7.369439071566736e-05
-0.00045009671179883936
8.704061895551291e-06
0.0002686653771760154
-0.0004299806576402321
0.00021992263056092853
-2.6499032882011612e-05
-0.00011547388781431336
-0.00045048355899419734
-0.0003150870406189555
-0.0005916827852998066
-0.00034796905222437137
0.00032901353965183756
-0.00020444874274661517
-0.0002102514506769826
-0.00020328820116054158
0.00012205029013539647
-0.000581237911025145
-0.00030000000000000003
0.0002148936170212766
0.00018897485493230164
-0.0003499032882011605
-0.0004203094777562863
9.110251450676987e-05
-0.00011586073500967109
-4.235976789168272e-05
-1.566731141199227e-05
0.00035029013539651833
7.253384912959376e-05
0.0009007736943907157
0.0006009671179883947
-0.0002825918762088975
-0.00028220502901353967
-0.0004032882011605416
0.00017698259187620894
-0.0002640232108317215
-0.00012437137330754356
-0.0003483558994197292
-0.0005491295938104449
0.00019439071566731142
0.0005464216634429401
4.622823984526109e-05
-0.00010193423597678911
-0.0004292069632495164
0.0008319148936170212
-0.0005030947775628627
0.00020328820116054152
0.00016073500967117986
-3.6750483558994174e-06
-0.00024738878143133465
-6.866537717601554e-05
-0.0005920696324951645
0.0001630560928433268
-0.0003646034816247581
-0.0002013539651837524
0.0005669245647969053
0.0004295938104448744
7.4468085106383e-05
-0.0006516441005802707
0.00010116054158607351
-0.000602127659574468
7.524177949709871e-05
0.0002849129593810445
-0.0004330754352030947
-0.00045551257253384904
-0.00021837524177949715
0.00041334622823984525
-0.00028143133462282403
0.0005274661508704063
-1.4119922630560984e-05
-0.0009278529980657641
-0.000337137330754352
-8.31721470019342e-06
0.0002497098646034816
0.00017814313346228242
0.00018742746615087042
-0.000541779497098646
0.0003394584139264992
9.574468085106376e-05
0.0008361702127659575
-9.845261121856868e-05
-0.00022224371373307541
0.0011247582205029013
8.529980657640229e-05
0.00045009671179883947
-0.00037891682785299804
0.0001379110251450677
0.00038046421663442926
1.0638297872340382e-05
-0.0008558994197292069
-3.152804642166346e-05
-0.00012901353965183755
0.00037814313346228235
0.0004845261121856867
0.0005940038684719536
-0.0001228239845261122
0.00018704061895551266
-0.00028684719535783366
-0.0004098646034816247
7.330754352030956e-05
0.0002253384912959381
9.187620889748546e-05
-0.00017659574468085104
-0.0001321083172147002
0.0006961315280464217
0.00032088974854932304
-3.6750483558993505e-06
-0.0001684719535783366
4.061895551257289e-06
-2.417794970986465e-05
1.8762088974854852e-05
-0.0005823984526112185
0.00037543520309477757
-0.00014680851063829788
-0.0003038684719535783
-0.00042727272727272726
7.330754352030937e-05
-0.00018433268858800768
2.8046421663442937e-05
0.00014912959381044484
-0.00041682785299806583
-0.0005823984526112185
-2.3791102514506686e-05
-0.0003088974854932302
0.00023810444874274654
0.0001588007736943907
0.0005796905222437137
-0.0003785299806576402
-0.00017195357833655697
-0.00021489361702127648
0.0004439071566731141
7.98839458413926e-05
-0.0002365570599613153
0.0003468085106382979
0.0006485493230174081
-0.000756092843326886
6.866537717601551e-05
-0.00042495164410058024
0.0004152804642166345
-2.1083172147001896e-05
-0.00014912959381044487
-0.00019516441005802706
0.0005127659574468086
-0.00046479690522243706
8.994197292069633e-05
-0.00013636363636363637
0.0003147001934235977
-0.0003123791102514507
2.5338491295938092e-05
5.5125725338491254e-05
5.7446808510638294e-05
0.00034294003868471956
7.601547388781436e-05
-0.0003216634429400387
-0.0004063829787234043
5.783365570599615e-05
6.40232108317215e-05
-0.0004145067698259187
0.0006794970986460347
-7.485493230174078e-05
0.00033597678916827856
0.00014177949709864605
0.00037620889748549326
0.00027485493230174074
-9.883945841392651e-05
0.0002783365570599614
-0.00039361702127659574
-0.00022727272727272722
-6.673114119922628e-05
-0.001009090909090909
-0.0011382978723404255
1.9148936170212698e-05
0.00012282398452611218
0.00013094777562862683
0.0003669245647969052
-2.4177949709864572e-05
0.0008032882011605415
0.0003874274661508704
-0.0006319148936170213
0.0002423597678916827
-0.00031895551257253384
0.0009460348162475821
-0.00027292069632495165
-0.0008245647969052224
0.00017466150870406179
-0.0002570599613152805
0.00012630560928433265
-0.00032553191489361713
0.00034990328820116057
0.000802127659574468
7.330754352030946e-05
-0.00032746615087040623
-0.000348742746615087
0.0006845261121856867
-0.0010849129593810444
0.00016460348162475823
0.00048762088974854933
-0.00026634429400386857
1.76015473887814e-05
0.00037620889748549315
0.00028684719535783366
0.0004605415860735011
-0.0002945841392649903
0.0002353965183752419
0.00018162475822050287
0.0006764023210831722
8.568665377176022e-05
-0.00048259187620889747
-0.00033056092843326883
-3.539651837524185e-05
0.0006934235976789168
-0.0003735009671179884
-0.00013636363636363637
0.0008237911025145069
-5.976789168278524e-05
0.00021876208897485494
0.00036150870406189556
-0.00012475822050290135
-0.001018762088974855
-0.00047292069632495163
0.00016499032882011608
0.0008218568665377176
0.0001390715667311412
3.423597678916827e-05
0.00010580270793036745
-0.00032127659574468086
5.628626692456474e-05
0.00013056092843326887
-0.0004400386847195358
-0.0005193423597678916
-0.000821083172147002
-0.0003402321083172148
3.500967117988396e-05
-0.0007058027079303675
0.0005061895551257253
0.000588201160541586
-0.0002442940038684719
-0.00033791102514506776
-0.0004094777562862669
-7.833655705996127e-05
5.048355899419722e-05
-0.000334816247582205
0.00033094777562862665
4.061895551257262e-06
-9.458413926499033e-05
0.00016499032882011605
-0.0002597678916827853
-0.0004268858800773695
-4.081237911025152e-05
0.00019864603481624762
-0.00018433268858800774
0.0003050290135396518
0.00020793036750483556
-0.00045087040618955516
-0.0005359767891682785
0.0006288201160541588
-0.00036615087040618954
0.0002617021276595744
-0.0004891682785299805
-0.00040986460348162477
0.0003220502901353965
0.0002353965183752418
0.00043926499032882017
-0.000490715667311412
-0.0003154738878143133
0.0001998065764023211
0.0001800773694390716
0.0002771760154738878
0.00036344294003868476
-0.00023384912959381046
-0.0007100580270793035
0.00028375241779497105
-0.00035725338491295945
0.00010657640232108322
-0.0002489361702127659
-0.0007150870406189555
-0.00014255319148936174
0.0002408123791102515
-0.00020909090909090907
-1.7601547388781464e-05
0.0005874274661508704
-0.0001680851063829788
0.0004052224371373307
-0.0011684719535783367
-2.9980657640232108e-05
-4.6615087040619016e-05
0.0007003868471953578
-0.0003588007736943907
0.00022765957446808515
0.00044158607350096703
0.0005096711798839459
0.0001576402321083172
-0.00030270793036750487
0.0002083172147001934
-0.0003727272727272727
-0.0006315280464216635
-0.00024777562862669247
-0.00013713733075435198
-0.0002640232108317214
0.00014526112185686655
4.9323017408123806e-05
-7.156673114119993e-06
0.0002226305609284333
0.00023733075435203096
-0.0003502901353965184
-0.00014835589941972915
0.00039013539651837527
0.0006721470019342361
0.0006245647969052225
0.000709284332688588
-0.00014332688588007737
8.317214700193474e-06
-0.0003804642166344295
-0.001151063829787234
-0.00042920696324951646
0.0003854932301740812
0.00011508704061895551
-0.0005185686653771761
-0.0004013539651837524
0.0002442940038684719
0.0006860735009671179
0.0007007736943907157
-3.230174081237915e-05
-0.00014410058027079306
8.027079303675046e-05
0.0002930367504835589
-0.00025783365570599613
-0.00015415860735009664
0.00041798839458413934
0.0004284332688588007
-0.0004164410058027079
-0.00019245647969052214
-0.00035570599613152806
-7.601547388781442e-05
8.375241779497098e-05
0.00048607350096711806
-0.0008249516441005803
0.0006346228239845261
0.0005847195357833656
-0.00017466150870406187
2.5338491295938025e-05
-0.00021102514506769827
9.3036750483559e-05
5.241779497098643e-05
-0.00019709864603481624
0.0003088974854932302
0.00011353965183752413
0.0004887814313346228
0.0004419729206963249
0.0002025145067698259
-0.0007646034816247582
0.00019864603481624762
-0.00011972920696324956
-0.00041953578336557056
-0.00041102514506769817
-1.0638297872340369e-05
-0.00019439071566731142
-0.0002326885880077369
0.0006547388781431335
-0.00041953578336557056
-0.0007201160541586073
0.0010458413926499033
-0.00041876208897485487
-7.059961315280463e-05
-0.0007533849129593811
-0.00035299806576402317
-0.0001568665377176015
-3.34622823984526e-05
5.222437137330716e-06
-0.00026866537717601553
-9.148936170212764e-05
0.00028994197292069626
-0.00040638297872340424
-0.0007731141199226306
0.00041721470019342354
0.0005135396518375241
-0.0003796905222437138
0.00033868471953578345
-4.893617021276596e-05
-0.0004361702127659575
4.893617021276595e-05
-0.000276402321083172
-0.0003584139264990328
0.00046054158607350095
-0.0009259187620889749
-5.396518375241781e-05
0.0004984526112185687
-1.411992263056093e-05
0.0009943907156673114
0.0005340425531914893
1.83752417794971e-05
-0.00023926499032882013
0.00047562862669245647
0.000828046421663443
-8.723404255319146e-05
-0.0006957446808510638
-0.00023462282398452607
-0.00014835589941972915
-0.0007723404255319149
-2.9593810444874316e-05
0.0005800773694390717
-0.00010928433268858802
-5.822050290135397e-05
-6.208897485493223e-05
0.00019787234042553193
-0.0002984526112185687
8.607350096711796e-05
-0.00013210831721470026
-0.0004822050290135397
0.0004756286266924564
0.0007468085106382979
0.0001990328820116054
0.0003143133462282399
-4.893617021276588e-05
0.0003669245647969051
-0.00021141199226305614
-0.00032553191489361697
1.4506769825918684e-05
4.042553191489357e-05
6.71179883945841e-05
-0.00017814313346228234
0.00011895551257253376
-0.0007537717601547387
5.976789168278529e-05
-5.667311411992267e-05
3.733075435203092e-05
-5.22243713733073e-06
3.849129593810445e-05
-0.00012243713733075433
0.00010967117988394579
-0.0001572533849129593
-0.0002760154738878143
0.0003978723404255319
0.0004462282398452612
7.930367504835629e-06
0.0005135396518375242
0.0005905222437137331
2.5338491295938133e-05
-0.00035145067698259184
0.0003823984526112185
0.0002752417794970986
7.40812379110252e-05
-5.2030947775628665e-05
0.0001893617021276596
-0.0007054158607350097
3.965183752417793e-05
-0.00016537717601547387
-0.0003088974854932302
-0.00040793036750483557
-0.0001998065764023211
-0.0002264990328820116
-0.000535203094777563
-0.00017582205029013546
-0.00016228239845261116
-0.0002040618955512572
-0.0005661508704061896
0.00020715667311411987
-0.00010812379110251455
0.0002141199226305609
0.0002872340425531915
0.00048181818181818184
-2.3404255319148963e-05
-0.0004121856866537718
-0.0001676982591876209
-0.00018704061895551255
0.00021025145067698263
-0.00018317214700193423
5.551257253384908e-05
0.00026518375241779495
0.0008350096711798838
-4.158607350096702e-05
0.000667504835589942
-0.00013442940038684722
8.31721470019338e-06
0.00017582205029013538
0.0002845261121856867
0.0003967117988394584
-0.0004891682785299805
-0.0005421663442940039
0.0008203094777562863
-0.00017350096711798846
-5.628626692456474e-05
-0.00011276595744680854
-7.930367504835576e-06
0.0007630560928433268
0.00037620889748549326
-2.263056092843327e-05
0.00014371373307543527
-0.0005390715667311413
0.0004934235976789168
0.0003851063829787234
-0.00013404255319148935
-0.00023887814313346237
0.0002895551257253385
0.00048259187620889747
0.0003058027079303675
-0.0004114119922630561
0.0001916827852998066
-0.00024584139264990327
0.00010502901353965181
4.5841392649903284e-05
-0.000404835589941973
-0.00022147001934235972
-0.00020367504835589948
-8.955512572533848e-05
-0.0008992263056092843
-2.9980657640232135e-05
0.00018162475822050284
0.0009495164410058027
-0.0003781431334622824
0.00039516441005802707
-0.00013675048355899421
-3.9264990328820044e-05
-0.0005077369439071567
-0.0005054158607350096
0.0005019342359767893
-0.00016808510638297868
0.00032978723404255314
0.0005827852998065764
-0.0005112185686653773
0.00045628626692456473
4.9709864603481625e-05
9.613152804642166e-05
-0.00028994197292069637
0.0006655705996131528
-0.0003100580270793037
-0.000109284332688588
0.0004427466150870406
-0.000332495164410058
0.0004187620889748549
0.000599806576402321
-0.0004117988394584139
0.0003529980657640233
-0.00010348162475822055
0.0007746615087040619
-0.0005990328820116053
-0.0004589941972920697
0.0005092843326885881
0.00013481624758220499
0.0003058027079303675
0.00017775628626692458
0.00032901353965183745
-0.0009564796905222438
-0.00030386847195357843
0.0001804642166344294
-0.00031044487427466145
8.723404255319144e-05
-0.0009247582205029013
0.00027756286266924563
0.0004972920696324952
-0.0003529980657640232
0.00036305609284332694
-0.000344100580270793
2.26305609284333e-05
0.00024390715667311404
0.0003379110251450677
-0.00010967117988394579
-0.0008288201160541585
0.00013907156673114123
0.0002214700193423597
-0.0002230174081237911
-0.001020696324951644
-0.0001688588007736944
0.0001738878143133462
0.0006907156673114119
0.00012746615087040616
1.9342359767892236e-07
6.402321083172146e-05
0.00011121856866537727
-0.0003205029013539652
-0.00031740812379110246
0.000541779497098646
0.00038974854932301745
9.729206963249513e-05
5.802707930367671e-07
-0.00029767891682785306
0.00010193423597678917
-0.0006814313346228238
4.081237911025141e-05
0.00046750483558994206
-0.0006102514506769826
-0.00020483558994197282
-0.0003212765957446808
0.0002996131528046421
4.158607350096718e-05
2.030947775628623e-05
-0.00025203094777562863
0.0004752417794970986
-0.00025705996131528044
0.00015145067698259186
-0.000532495164410058
0.00022379110251450677
-0.00045357833655705994
-0.0007247582205029015
-0.0001514506769825918
2.9013539651837685e-06
-0.0003827852998065763
0.00022147001934235975
0.0011820116054158606
0.00035145067698259184
0.0004996131528046422
0.0003816247582205029
0.0011050290135396516
0.000309284332688588
0.00019671179883945847
0.0011290135396518376
-0.0005077369439071566
0.0002647969052224372
0.0004400386847195358
-0.00017852998065764016
0.0007363636363636363
-0.00031779497098646033
0.00032514506769825915
2.0696324951644077e-05
-0.0007034816247582205
-4.6228239845261075e-05
-5.7833655705996166e-05
0.0001058027079303675
0.00043384912959381044
0.0006264990328820115
1.2572533849129632e-05
-0.0005170212765957447
-0.0004315280464216635
-0.00033675048355899425
0.00010541586073500975
-0.0005015473887814313
0.00011508704061895552
0.0005711798839458414
-0.00048259187620889736
0.00039980657640232106
-0.00035029013539651833
-5.5512572533849086e-05
-0.001362282398452611
6.286266924564798e-05
-0.000358027079303675
0.0005576402321083171
0.0005371373307543519
0.0004520309477756286
0.0008334622823984526
-0.00033210831721470027
7.408123791102512e-05
0.00011856866537717608
0.00037427466150870417
6.78916827852998e-05
-0.0007665377176015474
-0.0002965183752417795
0.0006740812379110252
0.0006562862669245647
-0.000723597678916828
0.0001742746615087041
0.00022843326885880076
0.00012243713733075433
0.0006106382978723403
0.00042340425531914896
0.0003034816247582205
-0.0001657640232108318
-8.704061895551239e-06
0.00016963249516441006
2.4564796905222388e-05
-0.000504642166344294
0.00030270793036750476
0.0006458413926499032
0.0001936170212765958
0.00038510638297872346
0.0005653771760154739
-0.00017234042553191498
3.114119922630562e-05
-0.0005030947775628627
0.0001417794970986461
0.00044158607350096714
0.0005576402321083172
-0.0006392649903288201
-0.00026750483558994197
0.0002342359767891683
-0.0003421663442940039
-0.00012088974854932305
-8.568665377176018e-05
-0.00022843326885880084
-0.0002783365570599614
-0.0005367504835589942
-0.0006791102514506769
0.0006957446808510639
0.0002531914893617021
-0.00032553191489361697
8.143133462282398e-05
0.000286073500967118
-5.16441005802708e-05
0.00015996131528046433
8.336557059961316e-05
-0.0006566731141199226
-0.0003154738878143133
-0.0005030947775628627
0.0004980657640232109
0.0001034816247582205
-0.00036421663442940045
-0.00010812379110251441
-0.00017814313346228242
-0.00020870406189555125
0.0006969052224371372
-6.905222437137336e-05
-0.0006640232108317214
-0.00048646034816247593
0.0003096711798839458
0.0004160541586073501
0.00033791102514506765
0.0002845261121856867
-0.00033288201160541585
-0.00010464216634429402
5.280464216634429e-05
-0.000795551257253385
0.00012243713733075433
-0.00022572533849129586
-0.0003591876208897485
0.000251257253384913
0.00012553191489361704
0.00013017408123791103
0.0002442940038684719
0.00024738878143133465
0.00011044487427466158
8.31721470019342e-06
0.0004106382978723404
-9.032882011605418e-05
-9.497098646034809e-05
0.0004752417794970987
-0.00026363636363636357
-4.584139264990336e-05
0.00039361702127659574
0.0005011605415860735
0.0001932301740812379
0.00019439071566731145
5.435203094777571e-05
0.000527852998065764
0.0003332688588007737
-0.00018510638297872337
0.00016537717601547382
-9.226305609284334e-05
-0.00034448742746615084
5.203094777562861e-05
0.00029187620889748546
0.00018317214700193425
0.00012088974854932305
0.00031237911025145076
4.1199226305609204e-05
0.0005328820116054158
6.363636363636361e-05
-0.00025512572533849124
-0.0004764023210831721
0.00027137330754352026
-0.0003011605415860735
0.00018007736943907154
-0.0004969052224371372
-0.0005077369439071566
0.00039632495164410063
0.00030928433268858805
-2.0309477756286286e-05
0.0002949709864603482
-0.0003243713733075435
0.0003518375241779498
0.0004822050290135397
-0.0005560928433268859
-0.00034951644100580275
9.090909090909055e-06
-1.4506769825918776e-05
-0.00012862669245647967
-0.0005885880077369439
0.0002535783365570599
9.11025145067698e-05
-0.000911605415860735
8.413926499032885e-05
0.0009406189555125725
-0.0010922630560928433
-0.00010812379110251452
-0.0007700193423597679
-0.0003402321083172147
-8.568665377176025e-05
-0.00046827852998065764
0.00025164410058027076
0.0002818181818181818
0.0007994197292069633
0.0004125725338491296
4.893617021276595e-05
0.00092321083172147
-7.253384912959387e-05
-7.911025145067695e-05
2.6885880077369417e-05
-0.0002678916827852998
8.762088974854939e-05
-0.0009986460348162475
0.00016305609284332682
-0.0005936170212765958
0.0006141199226305609
-3.2301740812379066e-05
0.00028762088974854935
-0.0004462282398452612
0.00029264990328820115
0.00045938104448742744
0.00047601547388781434
0.0001444874274661509
-0.0005584139264990329
0.0006849129593810445
-0.0001406189555125725
0.00014487427466150862
0.00011624758220502897
-0.00047562862669245647
-0.0006048355899419728
7.5435203094777305e-06
-0.00024081237911025144
-0.00031895551257253384
6.13152804642166e-05
-0.0001549323017408124
4.390715667311412e-05
0.0003591876208897485
-0.00041644100580270796
-0.0002663442940038686
-0.00022572533849129597
-0.0002938104448742746
-9.342359767891685e-05
-0.0002090909090909091
0.00010502901353965184
-0.00020793036750483561
0.00020947775628626702
0.00016924564796905227
-0.00041605415860735014
2.4177949709864637e-05
0.00043965183752417794
0.0008825918762088976
0.00043500967117988395
0.00018974854932301739
-0.0007796905222437138
-0.00015067698259187617
-0.0002404255319148935
-0.00020638297872340429
0.00033481624758220505
0.00029187620889748557
0.00013056092843326893
-0.00015299806576402313
-0.0004497098646034816
0.00037117988394584146
-0.00044777562862669245
0.0005398452611218569
0.0010965183752417794
0.00048297872340425534
0.00042882011605415864
0.0005553191489361701
6.634429400386847e-05
-0.0007425531914893618
-4.7388781431334666e-05
0.0005456479690522244
-0.0007943907156673113
-8.336557059961316e-05
-0.00037079303675048353
4.584139264990331e-05
-0.00017427466150870402
0.0003831721470019342
-0.00013829787234042554
-0.0005707930367504835
-5.396518375241781e-05
-0.00015415860735009667
-0.0002528046421663443
-0.00018317214700193417
-0.00016034816247582207
0.0003522243713733076
-0.0006411992263056092
-0.0004481624758220502
0.0002918762088974855
-0.0008029013539651838
0.0003193423597678917
0.00035106382978723397
-0.0005622823984526112
0.0006535783365570599
-0.0003622823984526112
0.00019903288201160552
-2.9980657640232054e-05
0.00011431334622823987
0.0005808510638297871
5.125725338491294e-05
0.0006957446808510638
-0.0004667311411992263
0.00018549323017408116
-0.00041179883945841386
-0.0001669245647969052
-0.00017466150870406187
0.0003874274661508704
0.0006972920696324953
-0.0008365570599613151
-2.9593810444874276e-05
-0.0005096711798839459
0.0008009671179883945
0.00030270793036750476
-0.0005897485493230174
-0.0001421663442940039
0.00012630560928433268
-4.835589941972979e-06
0.00015454545454545454
-0.00036692456479690523
-0.00024584139264990327
-2.3791102514506727e-05
-0.00016344294003868475
-3.346228239845263e-05
-0.0005707930367504836
-0.000432688588007737
-4.390715667311406e-05
0.0010021276595744682
0.0005007736943907158
0.0009750483558994197
-2.147001934235982e-05
-0.00025589941972920704
-6.479690522243719e-05
-9.65183752417795e-05
-0.0004794970986460348
0.0006558994197292068
0.0005553191489361701
-0.0003007736943907157
0.00027872340425531914
0.00014912959381044484
-0.00042572533849129604
-0.0003526112185686653
0.0006346228239845261
2.147001934235975e-05
-0.00012398452611218572
6.092843326885883e-05
2.9980657640232108e-05
-0.0004613152804642167
-0.0009375241779497098
0.0003994197292069633
-0.00017775628626692452
0.0004500967117988394
0.00021411992263056087
0.0004458413926499033
6.247582205029013e-05
2.88201160541586e-05
-0.0006392649903288201
-0.0003340425531914893
0.00038742746615087043
0.0005382978723404256
0.0006148936170212766
0.0003537717601547389
-0.00011160541586073501
-0.00044081237911025145
-8.317214700193393e-06
-0.00034371373307543515
0.0001294003868471954
0.0002911025145067699
0.0005382978723404256
-0.0008779497098646035
-0.00010425531914893621
-9.767891682785308e-05
-0.0004767891682785301
0.0004493230174081238
-0.00021102514506769827
0.0003936170212765957
-0.0004381044487427466
0.000595164410058027
2.4564796905222482e-05
0.00017272727272727275
2.9593810444874262e-05
0.0006918762088974855
-0.00017736943907156673
5.2804642166344275e-05
0.0003796905222437137
-0.0002922630560928432
-0.0005742746615087041
-0.0009065764023210832
0.0005274661508704062
-0.00020986460348162473
0.00017466150870406187
-4.352030947775627e-05
5.473887814313345e-05
-9.845261121856864e-05
0.0007363636363636363
-0.0002110251450676982
-1.4893617021276592e-05
0.0005263056092843328
0.0001506769825918762
4.061895551257276e-06
0.0008802707930367504
-0.00020406189555125719
-1.7988394584139242e-05
-0.0006497098646034816
0.0004234042553191489
1.7601547388781427e-05
0.0006725338491295938
0.00015918762088974853
0.0002756286266924565
0.0001027079303675048
0.00048491295938104455
-0.0005460348162475821
0.00012475822050290135
0.00047524177949709854
0.0003762088974854932
-0.0001034816247582205
6.170212765957439e-05
0.0007758220502901355
0.0003058027079303675
0.0003050290135396518
-0.0003
-9.845261121856872e-05
0.0003158607350096712
-0.00020599613152804639
-0.00031895551257253384
0.00011856866537717603
-0.00035802707930367503
-0.0008818181818181817
0.0003243713733075435
2.456479690522247e-05
-3.849129593810445e-05
0.00035261121856866535
4.8549323017408196e-05
-0.0007027079303675047
-0.000658220502901354
0.00017272727272727275
-0.0005116054158607351
-2.7659574468085132e-05
-0.00032785299806576405
0.00028181818181818185
1.1798839458413888e-05
0.0007077369439071567
-0.00021334622823984524
-0.0008056092843326887
-0.00036460348162475816
0.0004179883945841393
8.413926499032884e-05
0.0002241779497098646
-0.0003862669245647968
3.7330754352031026e-05
0.00019671179883945842
-0.0007266924564796906
-0.0002911025145067698
0.00028994197292069626
0.0006025145067698259
-0.000483752417794971
-0.00018820116054158603
0.00017736943907156679
0.00017195357833655703
0.00014680851063829785
0.00046441005802707935
0.0002226305609284333
-0.0009518375241779497
0.00022882011605415855
-0.00018510638297872335
-0.00028452611218568664
-0.0002566731141199226
-0.00023114119922630554
-3.19148936170213e-05
0.00022920696324951642
0.0001065764023210832
0.0004404255319148936
0.00010116054158607347
-0.0003158607350096712
0.00020831721470019351
0.0006094777562862668
-0.0006663442940038685
2.3017408123791117e-05
-8.8394584139265e-05
0.0003676982591876208
-6.092843326885875e-05
0.0008938104448742747
9.148936170212762e-05
-0.00010232108317214704
1.992263056092848e-05
0.0006466150870406189
-0.00040754352030947775
0.000481431334622824
-0.00010618955512572532
0.00018858800773694393
-0.00013907156673114118
-0.00033945841392649904
0.00013172147001934236
0.00021257253384912955
-0.0006319148936170212
6.131528046421665e-05
0.00041257253384912955
0.0001970986460348162
1.9342359767889552e-07
-5.125725338491295e-05
-0.00018665377176015467
0.00033520309477756287
-4.7775628626692404e-05
-0.00010851063829787234
1.2959381044487397e-05
-0.00018433268858800774
-9.690522243713732e-05
-4.042553191489366e-05
-8.375241779497095e-05
7.640232108317211e-05
-0.00023152804642166344
-4.4680851063829794e-05
0.0002833655705996132
-0.00037040618955512566
0.00010232108317214707
0.00021605415860735013
-0.0005793036750483558
0.0004872340425531915
0.00015454545454545457
-5.473887814313343e-05
-0.0001541586073500967
0.0009638297872340425
-0.00016382978723404251
0.0005545454545454547
0.0005027079303675047
0.00046750483558994195
-0.00027485493230174074
-0.00020870406189555125
0.0001634429400386847
-3.8878143133462266e-05
-9.09090909090911e-06
0.00054642166344294
-0.0005835589941972921
-0.00042533849129593805
7.330754352030956e-05
0.0003177949709864604
-0.00039787234042553185
-0.0006245647969052225
-0.00025938104448742735
-0.0004980657640232108
0.0007943907156673113
-4.970986460348173e-05
0.00043810444874274655
0.0005970986460348161
0.0004148936170212766
0.0007205029013539651
2.030947775628626e-05
-0.0003897485493230174
-0.0002454545454545454
-0.00041373307543520306
0.00021876208897485489
-0.00010270793036750484
0.0006292069632495163
7.137330754352034e-05
0.0009235976789168278
-1.6054158607350163e-05
4.9323017408123684e-05
-0.0005015473887814313
-0.0002690522243713733
-0.0003657640232108317
-0.0007758220502901355
-0.00043810444874274655
0.000376595744680851
0.00021992263056092842
0.00037582205029013533
-0.00039168278529980654
0.0005131528046421663
9.110251450676977e-05
0.00022727272727272735
0.000662862669245648
-0.00033675048355899414
-0.0003823984526112185
0.0005762088974854932
-0.0003205029013539651
-0.00020909090909090912
0.0003870406189555126
-0.0005073500967117988
-0.00010386847195357835
0.00022649903288201153
0.0002520309477756287
0.0002555125725338491
0.000320889748549323
0.0003147001934235978
-0.0003765957446808511
-0.00029806576402321077
-0.00020328820116054147
0.0003363636363636364
-0.0001696324951644101
0.0004891682785299808
0.00015918762088974847
0.0005108317214700194
-0.0006102514506769826
-7.330754352030946e-05
0.0004152804642166345
2.108317214700192e-05
-0.00024738878143133465
0.00012166344294003868
-0.0002551257253384913
0.0002330754352030948
0.0006883945841392649
0.0003839458413926499
0.0002493230174081237
-0.0004404255319148937
8.99419729206963e-05
-0.0003970986460348162
0.00033210831721470016
0.00044235976789168283
0.0005553191489361702
0.00012398452611218572
-9.845261121856865e-05
0.000113926499032882
0.0005027079303675048
0.00036266924564796907
-0.00041953578336557067
0.00043810444874274655
-0.00018317214700193423
0.0006918762088974855
0.0002891682785299807
-0.0005429400386847196
0.0006415860735009671
4.390715667311406e-05
0.0002056092843326886
6.13152804642166e-05
-0.0006829787234042553
-0.00023694390715667312
0.00039168278529980654
0.0006253384912959381
0.0002539651837524178
-6.131528046421661e-05
0.00039593810444874265
-0.0002528046421663442
0.0007208897485493228
0.00035725338491295934
0.0002059961315280465
-9.458413926499025e-05
-0.0005104448742746615
0.0008090909090909092
0.00045009671179883936
-0.00021489361702127654
0.0002852998065764024
0.00022688588007736945
-0.0006524177949709864
-0.0006129593810444874
-0.0003294003868471953
-0.0004957446808510639
2.1276595744680654e-06
0.0006957446808510639
-0.00036808510638297874
9.922630560928435e-05
-0.0008303675048355899
-2.5145067698258564e-06
-0.000472147001934236
0.0005893617021276596
0.0003402321083172148
-0.0004110251450676983
-0.00011586073500967126
-0.000274468085106383
0.0001661508704061895
-0.00019400386847195358
4.506769825918765e-05
-0.00019980657640232105
6.0928433268858775e-05
-0.0004999999999999999
0.00047988394584139274
0.00040560928433268855
-0.00032901353965183745
-0.0007978723404255319
0.000934816247582205
0.0003808510638297873
-0.0005967117988394584
-0.00042301740812379103
0.00024235976789168282
-0.0007355899419729206
0.0005096711798839459
-0.0001758220502901353
0.00043114119922630555
0.0005127659574468086
-6.518375241779498e-05
-0.0004961315280464217
-3.423597678916826e-05
-4.1972920696325e-05
0.00022108317214700188
-0.0005661508704061895
-4.545454545454544e-05
0.00015106382978723407
-0.0002895551257253385
-0.00046015473887814313
0.00019284332688588004
-0.0002439071566731141
0.0002767891682785299
2.263056092843327e-05
0.00043887814313346224
-0.0004353965183752418
-2.2630560928433193e-05
0.0008249516441005803
-0.0008137330754352031
0.00023384912959381046
-0.0004377176015473888
-2.1470019342359738e-05
-0.00019825918762088972
-0.0003727272727272727
-0.00040174081237911026
-0.0007131528046421663
-0.00028143133462282403
-2.51450676982591e-06
0.00046286266924564797
-0.0004249516441005803
-1.0251450676982564e-05
-0.00030967117988394587
5.802707930368476e-07
0.000204835589941973
0.0003468085106382979
0.00039090909090909085
-0.0004829787234042553
-0.00043307543520309475
-0.0003189555125725339
-6.9825918762089e-05
0.00031702127659574464
-0.00019671179883945834
0.0003108317214700193
-0.00034294003868471956
5.860735009671179e-05
0.0008969052224371373
-0.00045744680851063824
-0.00026131528046421666
0.00022804642166344296
0.00023230174081237908
0.00043771760154738873
-0.0001355899419729207
-0.0007646034816247582
-0.00037543520309477757
0.00027214700193423585
-0.00015106382978723404
-0.000494970986460348
0.0002961315280464217
0.00013404255319148938
0.00037427466150870406
-0.0007069632495164409
-0.0006841392649903288
4.158607350096709e-05
-2.765957446808512e-05
0.00019516441005802698
2.843326885880081e-05
-0.00019439071566731148
0.00010232108317214693
0.0003808510638297873
-0.00019245647969052228
0.0004880077369439071
0.00025473887814313347
-0.00031160541586073496
-0.0002760154738878143
-0.0007100580270793035
-0.0001622823984526112
0.00014874274661508697
0.0009139264990328821
0.00021605415860735007
-6.131528046421666e-05
0.0005688588007736943
-0.0002195357833655706
-0.0009228239845261122
0.00018897485493230178
8.916827852998069e-05
0.0004148936170212765
-6.673114119922624e-05
0.0007340425531914893
-1.9922630560928467e-05
-0.0005893617021276597
-0.00013442940038684722
0.0008702127659574468
-7.949709864603478e-05
0.00013868471953578333
-4.352030947775627e-05
0.0005634429400386846
0.0005042553191489361
-0.0005889748549323017
0.0006926499032882012
0.0004361702127659575
-0.0004899419729206963
-0.0005951644100580272
0.000450870406189555
-0.0009429400386847196
-0.00025280464216634427
-0.00028143133462282403
0.0008489361702127659
-0.0004164410058027079
0.0005228239845261122
-0.00019245647969052225
0.00040096711798839457
-0.00013597678916827852
0.00048413926499032885
0.0008361702127659575
0.00012553191489361694
0.0003263056092843326
5.396518375241776e-05
-0.0007270793036750484
-0.0004969052224371374
0.00036924564796905225
0.0004512572533849129
-0.00013481624758220504
-0.0007630560928433268
-0.00012398452611218563
-0.00037543520309477757
-4.9709864603481517e-05
-0.00038085106382978724
-8.143133462282393e-05
0.0007870406189555124
-0.00023423597678916825
3.7330754352030944e-05
-0.0005286266924564798
2.843326885880081e-05
-1.4506769825918815e-05
-0.00015570599613152803
-7.640232108317206e-05
3.19148936170213e-05
0.0006609284332688588
-0.00011508704061895548
8.336557059961317e-05
-0.00026324951644100586
-0.0009270793036750484
-9.651837524177958e-05
-0.0002268858800773694
-0.00036808510638297874
-0.0001754352030947776
0.000532495164410058
0.0004102514506769825
-0.0005104448742746615
-6.769825918762135e-06
0.0003920696324951644
0.00018588007736943912
9.303675048355896e-05
0.0005224371373307542
0.00039400386847195356
0.00030425531914893614
0.0008148936170212766
-0.00010464216634429396
-8.336557059961318e-05
0.0001808510638297873
-2.495164410058026e-05
-0.0002485493230174081
-0.00012050290135396521
0.0002114119922630562
3.887814313346229e-05
0.0003912959381044487
-0.0007858800773694391
0.0002999999999999999
-0.00019439071566731142
7.214700193423592e-05
-0.00020638297872340429
-0.0007471953578336559
-0.00016653771760154743
0.0003394584139264991
-0.00020793036750483561
-0.00012630560928433268
-0.0002183752417794971
-9.381044487427469e-05
-0.00013365570599613153
-7.156673114119993e-06
-0.0002176015473887814
0.00010928433268858797
-0.00010657640232108319
-0.0001460348162475822
0.0002059961315280465
-2.8433268858800735e-05
0.0003058027079303675
-0.00029032882011605413
-0.00013056092843326882
-0.00027369439071566734
0.0006597678916827853
3.384912959381041e-05
-0.00014061895551257245
-0.00041450676982591876
0.0003584139264990328
0.000313926499032882
0.000297678916827853
0.0004802707930367504
0.0003460348162475822
-0.0005607350096711799
-0.0005452611218568666
0.0006187620889748549
-0.0007499032882011606
-8.104448742746625e-05
0.0004253384912959381
-0.0004497098646034816
0.00015222437137330755
-0.00012978723404255313
0.0009034816247582206
-0.0001317214700193423
2.4564796905222388e-05
0.00015454545454545454
0.000611798839458414
-0.00040793036750483557
-0.0003034816247582205
-0.00041411992263056094
0.00011586073500967123
0.0003669245647969052
0.00044777562862669245
0.0008013539651837525
0.0007611218568665378
0.00033249516441005803
0.0002547388781431334
0.00021914893617021276
6.286266924564798e-05
-3.6170212765957435e-05
0.00025783365570599613
0.0008168278529980656
-0.00048297872340425534
-0.0007003868471953578
-0.0001704061895551257
0.0007781431334622825
0.0008056092843326887
0.0003727272727272727
-0.00031005802707930363
0.0006396518375241779
0.0002825918762088975
-0.0003085106382978724
-7.098646034816254e-05
