Weekend / Monday after publication (French 1980) · sign-flip|0.0022528363200638073
-0.00027260349703430554
0.0010876210440316479
0.00038075965234004737
-0.0012528920958765936
0.0014145783914663933
0.0013973105045375464
-0.0014259617591199044
-0.0014940423428616686
0.0005284551507400889
0.0003059053106917383
-0.0015738282416967793
-0.0006505805015430378
0.0006342942256102238
-0.0006879851753272308
0.0008153884886341254
0.0012696318155559583
0.0007431536643750014
0.0009757173155769944
0.0008004640792010355
-0.0004339348846000594
0.0003906948311319983
-0.002702758827657025
-0.0008755483739943032
-0.0005540998903663445
-0.0016667634737853234
7.128444458055861e-05
0.00026423872666572626
-0.00027916358244673616
0.0014899538372398049
-0.001935347222222222
0.000344542505314634
0.001463540657522633
0.001289258486399735
-0.0011361176631450257
-0.0003744164652797884
-0.000249703838212049
7.475304961691844e-05
-0.000268906760924741
-0.0014959966392211312
-0.0010496552912468786
0.0010512329733736233
-5.051571502638677e-05
3.195764198017937e-05
-0.0001484528438726238
-9.245963909986502e-06
-0.0006183438596314453
0.0012709706414435018
0.00034562998981619637
0.0008002722737776164
0.0005716082319902595
1.630131277552045e-05
0.0011806240843238722
0.0014337498632230876
0.0005007494963781297
-0.0009798919270156631
-0.0010245446769519366
0.00029118317729717166
0.0006926299022701344
0.001385477356504889
0.0005418982330721002
0.0016129624380990565
0.00022806546956154674
-0.000746994656596704
-0.0004911022621531258
0.0006073787641713255
-0.0009121259348116375
-0.000982228128598404
-0.001826104018377514
0.0012925130391043202
0.0011731538769426742
-0.001214811417120174
-0.0003207395547515988
-0.0018421489009588443
-0.0002917743792582034
0.0013003241162046037
0.0016706512127759095
-0.0011118004336026976
0.001400910926057915
-0.0006892071305361726
-0.00041628472454234745
0.0010739160606499324
0.0008378735795087942
-0.0016473211384452813
-0.00047112619811271746
-0.001171072020755797
-0.0012151177618276894
-1.3976890137602193e-06
-0.00019905303399916056
-0.0011541261402642589
-0.000818105244022385
0.0009984539643826736
-0.00015584036795331511
-0.002345337715232502
-0.0002236713948169199
8.790740096998006e-05
0.0003530648530711036
0.0005538219879646926
0.0010089224385639657
-0.0004092647167096043
0.0007219122388953057
-7.02743563662999e-05
0.002173171314341715
0.0013444052058220735
-0.00018369358537937384
0.000970506338847542
0.0017500775045598195
-0.0003930648490937459
-0.00035422181980200893
0.0006250129014435509
-0.0016524421221536703
-0.0006995077644209266
0.00021908624029568896
-0.001397404254614884
-0.0016306167054414846
-0.0017162312805659938
-0.001124181943034692
0.0003904159969238236
3.311078536551579e-05
0.0006171476494169547
0.0006508647887086172
0.0007560609939735075
-0.00029146307500660244
0.0005758440344142201
-3.3566013177958186e-05
0.000888169900612018
-0.0013683422479177202
-0.0005406305404592737
-0.00012596158058073654
0.0006626331170799761
-0.0007044883372382149
0.00022805842941745684
0.0016940892001127094
0.0019919505333371515
-0.00026314546571499993
0.0007920968466270769
0.0005929636684283712
-0.002724769166975133
-0.00013353047283535426
-0.0019360941317710977
-0.000717999311961311
0.0018311876845273013
0.00036741433787954166
-0.0022813009035496062
-0.000492374282352093
0.0013361541092203632
-0.00010859121128572616
-0.0009765840702051357
0.0011766645683895162
-0.002148776292323063
-0.0002745741109456531
0.00028364554574827547
0.0006067316323853791
-0.0002822780435536582
0.0012469305802593664
-0.00011822588125872585
0.001039777398779782
-0.0009889767056323977
-0.0011727277658191892
-0.0007495555846344594
-0.000302205829763434
-0.0011802745311490748
-0.0014233608261555286
0.0004942219877348892
-0.0006858821070078923
0.0025530615934055054
0.000804519789740963
-0.00045561022610483056
0.0008533514650022574
-0.001645066105010728
0.0002878420019402435
0.0007641023952178369
-6.515224109964551e-05
-0.0009121747053926955
0.0005449908039070736
0.00027483549847428574
0.001734570602032306
0.00040163496292749056
-0.0006772437551948711
-0.0012420126583386096
-0.0009908458704067263
0.0014607524986202985
-0.0001790484416977695
0.0015921208550629645
0.0018464208082892375
0.0006951162219273674
-0.0018604456156437077
0.0007610562392633439
0.0009012004582534768
0.0005393039707994769
0.0005185791017782859
-0.000145938718065795
0.001164060517176705
0.0004725045326410259
0.0015615111044733434
0.001156472363241649
-0.0019842009002263034
0.0010258281585700032
-0.0006374794421428804
0.0027739134048798113
-0.0005712141710779978
0.0007075324779981406
0.0011812661573527557
-0.0008888991864889335
-0.0008308618182853098
-0.002450675639939176
0.0026231493946815127
-0.0002657064889883758
-0.0007483606783304003
0.0003371260121491483
-0.0009982743866826047
0.001179445815748993
0.00015283906090519
0.0006643261103191751
-0.00028579320908598204
-0.00016355280481497153
-0.001153075834334744
-0.0009941037015588768
-0.0003353332652321309
0.0010222698574886221
-0.0007452871448970853
0.00018246860251736692
-0.002697560534279343
0.0008555412929718143
0.0018053357879817332
0.001634570679369817
-0.0005968093691786949
-0.0013158630563483752
0.0004796971162565745
-8.334571904616919e-05
-0.000342254470417474
-0.0021161537766690663
8.429899954428345e-05
-0.0014415505103657013
-0.0004757760657904459
-0.0002531689106918801
0.0016396705638585106
0.00041978819730593254
-0.0012725156153272873
-0.0011851118154569665
0.001642085758637672
-0.0010549747941584816
-0.0005677546028192927
0.0007812473605812386
-0.0012108581911560534
0.0015012850964252922
-0.0002460180400571184
0.0013060654000019798
-0.0014063067029790586
-0.00014379342589616943
-0.0002638982412035867
0.001249133692161706
-0.001718213242983676
-0.001176312700613503
0.0004819950720096191
6.915938390375725e-05
-0.0008292611350989972
-0.0012536562746706655
0.0006225627803816207
0.0018148746529092522
0.0003398381124821502
0.000532762663818525
0.0005774035601240371
0.000733250630146038
0.00022138676520084262
-1.8344589918511995e-05
-0.0014510299856090362
8.518909330739768e-05
-0.00103790911786272
0.0004633674075776973
-0.0005405635268432754
-0.0013932106521770643
-0.0003325609543325096
0.0003007020783196529
0.0008300415178692958
0.0011347691939327794
-0.0012400874137045957
0.0029362329137132574
0.00040103148286324515
0.0006405130731770179
0.00010018707479836593
-0.0027475995095122487
0.0006260338447508245
0.0003658849351301796
0.0007633920782436411
0.0004960998825884008
0.0012900965914574838
-0.001109650434451201
0.00010922667969118726
0.0007426417921390445
-0.00011439966911919415
-0.0005803482167826118
-0.0009849182465173371
8.433608442746041e-05
0.001470127064646381
-0.0006172588499302285
-0.0012989026116568046
-0.0007342133166531789
0.0012037654001080423
-0.0016118164601445781
-0.0006273733419279613
0.00026070217267141566
-0.0005355472417731447
0.0008675883039698271
-0.0006480069334625174
0.000468461325366951
0.0013528496877420664
0.0008795817627189709
0.00010949514072952219
0.001083557821588815
0.0019830124739217917
-0.000638524738369411
-0.0007632290474564181
0.0003551040854622807
-0.0005400891283876921
7.524043701792215e-05
0.00019523275497249255
-0.0006792734326470712
0.0013632278286172478
-0.0004920097318872014
-0.001678137278766107
0.0009544956502732352
-0.0006386459772915855
0.001545747222655312
0.00048240192454616557
-0.0005411209902047402
0.001060209343361224
0.0009536461527372529
-0.00012631238883285272
0.0008309933408867773
-0.0005566543421609462
-0.0015599331361978088
-0.0012017072743839424
0.0013019777243220903
0.001428695806512685
0.0002447894006776004
-0.002085328880195269
-5.174623061391665e-05
-0.0005448377876646054
0.0007656852205100134
0.002856382191460454
-0.001053047957034638
-0.0006110385137268338
-0.0010357006268050574
-0.0001756220596278395
-0.0005161044972071879
0.0020521563260227737
0.0013516927526090584
-0.0017232597071391983
0.00029217658226360094
0.003928741847742505
-0.001315188811798858
0.0007702958539846588
-0.0019841073565296367
-0.00044630032572791795
-0.001948430334679625
0.0015965404262171864
0.001153859499750929
0.0012121740084712412
0.0005827880921711106
-5.24341068940511e-05
-0.0005961858593620459
-0.0019695379152228857
0.00028035874860483136
0.0019762274189935973
0.0025162743257406456
0.0017364015691471585
-0.001912187127122716
-0.003418099496298583
0.0004301927173431535
0.00027602875748936463
-0.0014492045271345946
0.0009485472480043387
0.0012186620789613337
-0.0017720636169083312
-8.282982592254417e-05
0.00028368877410234585
-0.00016286137277705468
0.0005914710529232519
0.0025642528809769524
-0.00035000829986165895
0.0009495649084447609
-0.00044487614773285316
0.0006501926731502901
-0.000787255917512783
0.0007510935988051659
0.0021139854880801237
0.0025744973764464767
-0.001492534448557916
0.0008623876672655687
0.00029817188354579487
0.0006792729865201158
0.00048116309362947516
-0.0013544849253282025
0.0002385968832187679
0.0014834275233506246
0.00021442415726861242
-0.000985093027744987
-0.0016574592384915592
0.001784721931433181
0.0006933948630569225
0.00028716477370955965
-0.0012533651831299225
0.0007961481217502778
-0.0017276397071197532
-0.0008989653246443092
-0.0021239113523422747
-0.0004015931471982966
-0.0004006554756195045
0.0004719472774279473
0.0012851589617293342
0.0003019372250982935
0.0022776567383863805
0.00017971374912453944
3.138755338055963e-05
0.0004227832990131556
-0.00122442377986156
-0.00027211617548066785
-0.0010172906402874163
0.0018476391617798199
-0.0012348803257261507
-0.00031059528449774447
-0.0012136352627318756
0.00046334489308155427
1.3658076634667762e-05
9.273696058632975e-05
0.0008683280016853393
-0.0010396505310126068
0.0003462835635958282
0.0005635644076512346
0.0005004337405794074
-0.00027702935175079763
6.0128448324931356e-05
0.0002202518496039085
0.0018710425041214267
-0.00020461867812251707
0.001181217585639582
0.0007151687226070536
0.001123955220609006
-0.0002341482501747384
0.0006662186188687258
-8.577118800315807e-05
0.0011695697049171807
0.0023007773557801262
0.0010958499376969013
-0.000683324686115769
0.000837781126491995
-0.0012119662505289885
0.0009970451286030002
-0.0006053438697516114
0.0013999048439267158
-0.0004419293899245929
0.0016184623168338397
0.00011704382933281858
-0.0008209264600703338
0.0007009143792882546
0.0010831600533372505
-0.0011612356810703581
0.001060826851566071
0.0007615307946035919
-0.0008381256536124482
0.0007420022149021162
0.001785116952877327
0.0007799313211969123
-0.0012538885826323461
0.0007254391548680562
0.00011096822762930725
0.0009743518071434051
0.0012753641343890832
-0.0003774466309305499
0.0001460341952002307
0.00023349789297266317
0.000988783998453603
0.0013179558001100225
-0.0004420893610189251
-0.0008739546783625733
-1.4018145501290107e-05
-0.0004614112789821222
0.0009191333991630227
-0.00013045583899974183
-0.0010938125357741225
-0.00043064411230856093
0.002628311234250106
0.00203812261866756
-0.00023053132659728038
0.0003838097315159815
0.001591454666651464
-0.0014944210288558187
0.0006088354981649355
-0.00017318133264286422
-0.0024660901031496782
-0.0011939213929608194
0.0005457029277064856
0.00018784736827963573
0.000767626886107213
0.0011851335780115404
0.000839322837395718
-9.57451732112764e-05
0.0017063376404139847
-0.0005143109134983033
0.0010907499387486914
0.00010265043471635783
0.001707587732556105
-0.0011645009017111829
0.00016285055856243795
0.0011833931375465749
0.0004985942429161494
-0.0027118143466208903
-0.0007401680692155696
0.0011264373260347937
-0.0003127523399237266
0.002144141241186617
0.00038627807727281265
0.0005340687341767452
-0.0005840098703876354
-0.0007107452196137823
-0.00185672877708448
0.0026085029676391567
0.001963232056106552
-0.0001863144508718548
-0.00043974905988521833
-0.00035235268220629146
0.0009604077518613154
-0.0021721489371969915
-0.0008786531084729743
0.00011479250036503313
-6.941896703778079e-05
-0.0008584993212860057
0.00015436919504643976
-0.0026330861029884626
0.0020194129448762974
-0.0021771675461488395
0.0001917050709277779
-0.00012226651120501216
-0.0004134809056779345
-0.001132770627151529
-0.0011260987287127395
-0.0018777563506470363
-0.0017225092913285473
1.2178293632232816e-05
0.0006777354865333735
0.0012537910282123704
0.0010328718520097677
0.001887088094893391
-0.0008527684647947277
0.0010866897534603888
0.0015347547612065149
0.0007505298399493583
-0.0001680740330336351
0.0001310732992553323
0.00022695210152090588
0.001395052615802095
0.0009361700995240962
0.0003762037397945417
0.0019150634585211083
-0.0017060908060371693
-8.405665184791584e-05
6.520973535192241e-05
-0.00016167595401785605
0.00014487289955739962
0.0006093249062846144
0.0005290638603668149
-0.0014943310605827586
-0.0015349616978244033
-0.0007951310722761907
-0.0006279016625266793
0.002037528849985028
-0.0007579459892943676
0.00029161889617010454
-0.0006601910044277713
0.0002721737229853445
0.00020399749704880072
-0.0006135083094515098
-0.000499092076184254
0.001026624183625236
-0.0018495027337263315
0.0005428187131851351
0.0016459366624347578
-0.0010863272440428905
0.0010096783680972074
0.0005267321081215525
0.0009115158748719733
0.0003423303276883137
0.0014593100373747885
-0.00039868158944759253
-0.0010602878944080468
-0.0005198100999518826
-0.0009195481175873103
0.0014191577790399264
0.0003585783363578928
0.0003701213310642951
-0.0020100742588149735
-0.00016826232512442055
6.92444087631265e-05
0.00018690325448619436
-0.00038504697325730716
-0.0003090625511532395
0.0005914946402011521
0.0005546013823616029
-4.914371510310572e-05
-0.0015838675941157732
0.0008797520258892397
0.0012277847025784945
0.001125728223038553
0.0008590495297260644
-0.0009987139399493233
0.0020381925759701833
-0.0005589729532163745
-0.000518307394995105
0.001163379678610053
0.0009130427082482622
-1.7832799660316132e-05
-0.0007142446522658035
0.0017237932888982932
-0.000993790625394421
-0.0008623713220931436
-0.001715909145748417
-0.000912500851375512
0.0014888522030672671
0.00026898128246628697
0.0010348283840861854
0.00013173666639443887
-0.0007426068216634122
-0.0016510855194658955
0.0004670008497845684
-0.000609861744615807
-0.0011220389393924932
0.0007818897343425566
-0.0006957843207963483
-4.6047228117550126e-05
-0.0007694832716312575
-0.0004966198100785184
0.0013596320018288775
0.00019160626607073438
9.532535846599153e-06
0.00011147883175105244
-0.0007352230800498919
0.0005386290209318613
0.0002705481088371236
-0.0003467828415286349
-0.0003420722979334353
0.0008289716300820468
0.0005097477584053944
-0.0009137037428880426
0.0003335368315254913
-0.0013144740483597205
0.0016341859762963626
0.0012357707889416021
0.0006400375760868529
0.002725282622199454
0.00037161477098727883
-7.799121538682386e-05
0.00217944004239333
0.0014064374692196707
0.002110853496769148
0.001763067922486425
0.0021103593162621606
-0.0004629239936224395
0.0004966232639717505
-0.0020181666672411743
0.0008474285463270254
0.00030726855821844074
-0.0009376780857490033
0.0016026415523927604
-0.0015111508486709085
-0.0011584421372676295
-0.0011495497913920078
0.00042585180153091183
0.00470850766136317
-0.000201800322015718
0.0006531540139405502
-0.0007802082993048287
0.001509626674821134
-0.0004119148467161699
6.657766754309965e-05
8.120566859206067e-05
-0.0002574590683490361
0.0006066216538047757
-8.331060759530342e-05
-0.00042363589380596376
-0.0007011995434612061
0.00024169647961418548
-0.0002721836765439486
-0.0007569604603800375
0.0012895335116250215
0.002059307611186593
-0.0005188255315694368
-0.0003990439932441484
-0.0021327337395894864
0.0005999400077461252
0.0016670472832260503
0.0011361095550803937
0.000838267987114068
0.0009605729116397281
-1.9865760642259814e-05
0.0009032438083146929
-0.0013983937432097667
0.0031351419136694185
-0.0009006984427937524
0.0007888168280059721
0.000902986349310644
0.002035909990936928
-0.0012401974890675698
0.0018685625393979376
-0.0020373136908429916
0.001430145134666261
0.001040659220301777
-0.0006669754892680283
-0.0008041727431853717
-0.0002982028463916174
0.0017996439489275451
-3.1775388402237455e-05
-0.0005254791003552753
-0.001428902381191022
-0.0015485753981953755
0.00026554019256951826
0.002461979703499474
0.001143745028744806
0.0005070880917998905
-0.0005939966339621802
0.000737035444399898
0.001203566898802939
-0.0008251309688648904
-0.00222192442949665
-0.001396685479789543
-0.0011625617129030078
-0.00014425321131860498
-0.0005872228594833113
0.0004427275479483729
-0.0006818894937124162
-0.00036861892153680853
0.0017286106616696913
-0.00016586380033522925
0.0011018064612882887
-0.0011335336443361898
-0.0007558533869498827
0.0013476070698063404
-0.0008037824223151332
0.0018145108411280707
0.001672589146948695
-0.0023505265354280044
0.000284002816322793
0.0013521659057097529
-0.0012483284075967885
-0.0008202003103399631
0.0012635655129147455
0.001098843781896199
-0.000517799897852616
0.0003241034215970874
-0.0004709962410434324
-0.0003870556495979688
0.0014078601669747794
-0.0011613393588534747
0.0011354460215551576
0.0009351198143652262
0.0015959208614974455
0.001589792936548594
0.001350259968495792
0.00024104881331555748
7.986731755683449e-05
-0.0009820662494771984
-6.622127066148903e-05
0.0008960413038432585
-0.002176974821734828
0.0006030686534363842
-0.0009686762469723471
0.0001178630757490428
0.00223002096995557
-0.0007252050604098767
-0.0007729233764691029
0.0015032950930277441
0.00027006438502448824
-0.00018940720179274554
7.87663500336393e-05
8.704244808487564e-05
-0.00020102654806716303
0.0007983908507868626
-0.00100532292277633
-0.0002905550049124783
0.00027537661666332574
0.00041591008153229705
-0.0014897327849794462
0.002236371352497834
0.0002104339074074657
-3.462232469663385e-05
-0.0005181963191057063
0.0012253411936527737
0.0007953980616921767
0.0019108820930871402
-0.001520267242862057
-0.0005546242943725513
0.0007170622239492792
0.0012475064384582558
-0.0007824945105834837
-0.0002212357924363738
-0.0025092155207722365
0.00014116525200891938
0.00029811818037829774
0.002298178453477819
6.526856997374259e-05
-0.001149565970178302
0.0017195743383179346
0.0014167303324523043
-0.0002712582618557964
-0.0005748749520949363
-0.0004553859992501356
-0.0009081571445629873
0.0011086576521622154
-0.0005419811326966737
-0.0021821992814859133
0.00021313334228680695
0.0020825573280871105
8.682002297321789e-05
3.374390823475661e-05
-0.000997685207870855
0.0015807969274735012
-0.0003620911243141712
-0.001311691024889067
-0.0006879479938826471
-0.000377268817409584
0.0003459350074120273
0.0004746468954867064
-0.0007979962794470308
-0.00011840719374964425
0.002374133746518928
0.0015164723088844276
-0.002746524502644678
-0.0007620647840418509
0.0011320453188532766
0.0019337944829894592
-0.0002082841358492156
0.0016025994182539854
-0.0007594988637572915
-0.0008230287426405625
0.0014027112759151372
-0.0038583001082548385
0.0015998051512350487
-0.0007027353566063559
3.716157768168964e-06
-0.0009300963733657039
9.019548226964663e-05
-0.0021499618471962816
-0.00025980854789852336
0.0008874473709400455
-0.0009808160221049169
-0.0008927329730642733
0.002542815377065884
-0.0008523471594241634
-0.00013111067338080008
0.0008809885163518903
-0.001028287973999394
0.0007866944540342952
-0.0018863399064030508
-0.000703055544728304
0.0016081858853916424
-0.00019826076754695288
0.00028772277688684974
-0.00022695442253008774
0.000818822987165332
0.0005012963196448587
-0.0019657723898280754
0.00017952319966229566
-0.0011092153614569642
-0.0028537202946621034
0.0007119756021807937
0.0009517661638049133
-0.001196280508101259
1.107087350906176e-06
-0.0006428035287382654
-8.551772248719834e-06
-0.0004866589722472353
-0.00045983507245508324
-0.0001220720049347518
0.002469398607385653
0.001185041917814709
-0.00040553789476159075
-0.0008971073234291827
0.0003126180333928342
0.0010467611715581095
0.0011942911754187985
-0.002052140959059378
0.0007013065281962843
0.001897588153935056
-0.0002871998515738496
0.000609493184974356
-7.3972757662954e-05
-0.0005485818781949232
-0.0003522345173396882
0.0011349642908406574
0.000398948551684968
-0.0008526722646650483
-0.001080658239662141
0.00039285324305791985
0.0003572354106984202
0.0009929488598418035
0.00023724880931168336
-0.0005183415450302295
-0.00022110920551484547
-0.0010921614055504824
0.00028477648288268977
-0.00015339213856689965
-0.00013565974244045687
-0.0003226198585580892
0.0006563154933814998
-0.0011550830691042036
0.0002780877412179058
0.0006063140268413307
-0.0001837114896760166
0.0009382595332402805
0.0009621678515215245
-0.0007302545942016838
0.0014765421965832908
-0.0020761128063493477
0.0005235642098881707
0.0014979344242430025
0.0008281238019314758
-0.0008110899701291594
-0.0011640789372040622
-0.0003861993123325309
-9.554735689555406e-05
8.985711740205305e-05
-0.00020799041505406907
-3.1165269907028494e-05
-0.00016182099366946078
-0.001478866589391026
-0.002460543328495099
-2.2992419863312238e-06
0.0004168395060599025
0.0002110754269207365
-0.0018519535709336115
0.0007590102214999342
-0.002180104252511303
7.334929734231168e-05
-0.0017289035443471847
0.00023013004832754744
-0.001265873967345363
-0.0022953056981659258
0.0020545061792229197
-0.0019594718729660236
-0.000582505041742811
-0.00015980732662874525
-0.0029416122511102126
0.0012044215277932453
0.00033415575434389316
-0.0011714744056148271
-0.00036748898316110436
-0.001800926989942765
-0.0020717762956817213
-0.0016389846736056535
-0.0002141726216549979
0.0007896699992946821
0.002022378116082985
-0.001008534103941968
0.0009027074996349669
0.0007199402072769027
0.0011833359959533478
-0.0009977579700945127
-0.0004045142647491913
0.000429241656873528
0.0010761338180671738
-4.0003522834099145e-05
0.0008373333191032313
0.0009989182594658465
0.0018314731998125514
0.0017849185412837352
0.00036454089205415846
-0.0001581199105288966
0.00018969477425578347
0.0007472979944218
-0.0005353404876717825
0.0005077980587666093
-0.0018650386031289963
-0.000787966909091038
0.0032031434876424385
-0.0006270403707993355
-0.0005428414643340612
0.0011309171873027891
0.0005521007389135138
0.0013091747292126492
-0.0016043378368954552
-0.0002604845272388901
-0.0010768213494220106
-0.0021459072812515137
-0.0008250474657867693
-0.0010055216786323262
0.0010676559672209154
0.004915385300119038
0.0005793644798888884
0.0015052342778585624
-0.0011782271381037583
0.002668801819225734
-0.0005164337740334051
-0.00044688688986890975
0.000664340320976302
-0.000592256493566757
0.0005796829526648467
-0.00014394183326492282
-0.0001973811631809105
0.0009528262065270382
0.0017460993071973204
0.0008676102801968952
-0.0004916913877124752
-0.00014305208553192834
-0.00043018142054246876
0.0019942680870783246
0.0008881664003162791
-0.0006050515880970593
0.0010155484999439634
-0.00027355017312996117
0.0007678412301118855
0.00010016682098814525
-0.0013333502152280826
0.0008803155980302003
0.0024476366646620784
0.000410055015695537
0.0005976195653384418
-0.003104765388043391
0.0005090380442218539
0.0013238942947808934
0.0001660054232156072
0.0009373633477119232
-6.406387274082075e-06
-0.0006872856513550769
-0.00029121755536747057
-0.001642046809920484
-0.0023702825587826955
-0.0005230806957706722
-0.0024256483939341226
0.0014488074555835207
0.0002860703502655637
-0.00020204956158911854
0.0006815947829971316
-0.0004908110771444763
-0.0004977775652101056
0.000845411239120159
0.0011956814214705187
-0.0011703245908359554
-0.0002306206156260311
-0.0003280801674449918
0.0014410384317490718
-0.0009007515513462737
-0.000650350642749843
-0.0010621098508190353
0.0006660528041520786
-0.0004323503039673523
0.000620671998668204
0.0006473469196778797
0.0001629122708025532
-0.0015906734287492613
-0.0010030309513998706
0.001273984770388024
0.0010834131960243394
0.00017869811271725632
0.002588780338842592
-0.00011238885119237632
-6.107490875941468e-05
-0.0008257557127672477
-0.0004938190299153865
-0.0012793266609622525
0.0020771952097764514
-0.0006263747345776625
0.00020556411129389276
-0.00010888879144362494
-0.0008116365916554679
0.001526762057845983
0.0006537905968900246
0.0012120757712715277
0.00017897145375252196
-0.0014041840768870967
-0.0010966940481228463
-0.0011298914559197408
1.3054905920464996e-05
0.0022181191742757936
-0.00028836701779664267
-0.0007516328571375539
0.0010500986928281345
-0.00016487283702449774
-0.00047502455399678497
-0.0015932747841974095
6.122950489674628e-05
0.000539648702090959
-0.0004213210740562788
-0.0003468979436088456
0.001217256790542798
-0.0027665635262687682
0.000831904734063258
0.0003729749621355549
0.0017303989378156916
1.2119214181949737e-05
0.0009479861442557588
0.0004042364343819066
-0.00029232140227667487
0.0025240401455925037
-0.0018576957845488316
0.0010995699700743606
-0.0013830278965681942
-0.0002141064138958626
-0.0002722235917590563
-0.0008020612961201141
-0.00022213390123814272
-0.0018511205199926747
-0.0004711911183127799
0.002473756067901097
0.0013698520873703507
-0.00022530799973024686
0.0006190444740625013
-0.0005831686972403499
0.0005958640889146264
0.0013179395439862176
-0.0015003604221885643
0.002092170639649271
0.00017971314589195495
-0.0005472351685215293
0.001794159570176676
0.00037651271861767585
0.0007140880623674436
0.0013386887084759437
-0.0003910981555313025
0.0008944220923570737
0.0010115580794983646
-0.0026267795562311762
0.0011500534479537115
-0.0012838403193853583
0.0010287170449398996
0.0003819864471094509
-0.0010537308859237247
-0.0004995448278705651
-0.0014138613604914383
0.0009694029488925441
-0.00035628337113590867
0.0002660763587272597
0.0014380228185872348
-0.00027893529758236756
-0.0008107832402808404
0.0007484651016471213
-0.0008180097098791556
0.001008052734283162
0.0005039709031094453
0.0005355402588588128
-0.0013318670905822887
0.0005311735759556885
0.0019931222028127167
-0.0004207555921207306
0.0012320990096467718
0.001685703014987391
-0.0008444611663610287
-0.0006909236929341973
-0.0005058047818710976
-0.0006677884293626576
0.0016989436957731466
0.00024072925096455347
0.0007082773610832692
-0.0018653683499463144
0.0016698384063646913
-0.0005790092238460441
0.00028954870712010643
0.0004987106407311128
-0.0020170120520125252
0.0013514034197233105
-0.0013140671967070306
-0.00037492805910070703
0.0011529442538406247
-0.0007412094364755872
-0.00241644040340483
-0.0007766811720901915
-0.00011667913966040837
0.0003749152195271651
0.0025145833364268334
0.00041676728519882
0.00017667351346697932
-3.5013636149903945e-05
0.0014181330632088754
0.00025771354963795447
0.0014607574033652334
-0.0004989515592302807
-0.0010333109642317103
-0.0009862565814221693
-0.0002865944581795866
-0.00020752810842878124
-4.311639697529927e-05
0.0008531596750463409
0.0005184956455445993
0.0002905596690272727
0.0003787979260554408
0.0024572315058170183
0.002513849060070829
-0.0023769901610776836
0.0005779005937222802
0.0017327494172287114
0.00023973977165017222
0.00044164616913280484
0.001313221656420993
0.0007718548869440492
0.0008014637630894845
-0.0013121552362267642
-0.0011810307998625425
-0.0018185030149255208
-0.0005860931719021072
0.0006750336734150938
0.0017650050185415574
-0.0009373639191256457
-8.665104603623611e-05
0.00010676037409789126
-0.0010853784650298336
-0.000934210320598011
-0.0020630367059735672
-0.0002442477683045958
-5.3895605762184064e-05
0.0023321173099114688
-0.0001730693061649746
-0.00034610701133918134
0.0007763114190204672
0.00034802692520905827
-0.0007965340467564031
0.0002659277027736502
-0.0002153367529329036
0.0003148912588195694
-0.0022942203534828043
-0.0007222176206403292
0.0014745730489911476
0.00028690411845667225
0.0007134193350759463
-0.0007495752036141982
-0.00026440660938741256
1.0649032741961836e-05
-0.0015593519246964213
-0.0011436285129348975
-9.433345583595052e-05
0.0015234595744457063
0.0002127884927794163
0.0003985131638165807
-0.0004051280307023732
-0.0005922495687660398
-0.0011268674982614526
0.0027764803111071518
-0.0005706823990166556
0.0019702793594403556
0.0015531393646692551
0.0002804917366416464
0.0017681450768178026
-0.000983923744905005
0.0009159548745346931
0.0033598490820346823
-0.0008972810760679377
0.0012890194949303716
-6.250515686522002e-05
3.328108411103919e-06
0.00012565246409683369
0.0004070633245725399
0.0012718944751319685
-0.00029093779310916575
0.0011581732230314821
0.0005787076731803413
0.0016267302003156433
-0.0009122831409794764
-0.0002584756389934493
-0.0008019169107438506
4.811339318638007e-05
-0.0005624721006034621
0.000649748439638382
-0.0013903265335542265
0.0004774036584531578
0.0011337248814393861
0.0018371003460389576
-0.0011958774760377456
0.0016148572674368241
-0.0001811810443286242
0.00047869157924434466
0.0013778532808428182
0.0004892121636613752
-0.0004919603381867704
-0.0005249408763568535
0.00027181013702969476
0.0012134851205722727
0.0007862164346364572
0.00040129124188486426
7.890540906505233e-05
0.0002604975873348205
-0.00016086649632085623
0.0003288105119619472
-0.0009066142163668447
0.0004731432538621913
0.000491324370843882
-0.001415179172451512
0.0017916301021544548
-0.001855381338228842
-0.0020668230121784923
0.0017049352846338587
-0.0008877894486710497
-0.0011289831200055433
0.0019685922104863652
-0.0004806923463882585
-0.0006944467312041567
-0.0009606865860694902
-0.00043174910933703334
0.0012415733434923883
0.0013282938315424622
0.0026592163226517407
-0.00013744163802085262
4.143836169454543e-05
-0.0022713139890564327
-0.001619927207504231
0.0004736188386751898
0.00038675465973970054
-0.0014416518401819895
-0.0006375131937793417
0.0004248990791886616
-0.00013654262657985055
0.0004994803608683157
-0.0007245294723973142
-0.0011788908718226654
-0.0005083187722268007
-0.00017373011254861683
0.0002505239143492811
0.00019355172297367767
0.000748141643695216
-4.376277151653276e-05
0.0004022505385784252
0.0018452422931181807
0.0011553639008298
0.001352421476794681
0.0013712772970478106
0.0014343439728535616
8.292367587575238e-05
-0.0031894535059701023
-0.0008299656961737109
-0.0002874740238768735
0.0009964484480527035
-0.0014531968147286677
-0.0016351025510860664
0.0016756386385805115
0.00022683493452915665
-0.0014721620761771832
0.00024414341525452797
0.0013698269783112035
-0.0005167236960100211
-0.00011088637670138061
-0.00023729546172880365
-0.000634468677380077
0.0009268969459549567
0.001225402821042591
-0.001908798887250218
-0.0009159428123136172
0.0008643895619903898
0.0027395751580955494
-0.002805211041030069
-0.001647213810331655
-0.0009252577999519891
0.0007677454917976277
-0.0009497508439511109
0.0011158047756840966
-7.764171016128498e-06
-0.0010334578034167095
-0.0004528413684355481
-0.0015071349941276522
0.0014830108792223185
0.0002630636450591846
-0.0013643933793699228
-0.001254114497212491
0.0009132190415292713
-0.0010319465418377374
-0.0003912370218818309
0.0014576616177204194
-0.00013159562663889234
0.0006249988693255921
-0.0004363793160518022
-0.0009907581133235825
-0.0012450532957092974
-0.00018559275953849936
-0.0008384141145730029
0.0010435698042627374
-0.0014740150811681481
-0.0004017885729010774
0.002021080055460276
-0.0013288706765679891
5.182145526391805e-05
-0.0006085783664090401
0.0014265615828876037
0.0007029243957774954
0.0006671980069637346
-0.0014258570876602564
8.914697189616704e-05
0.00020953238271832775
-0.0007042208824713783
-0.0022117430637533316
-0.0014607312593092267
-3.2574595785556324e-05
-0.001711368774949081
0.001030148208721833
0.0006247452626134385
-0.0013686776560617939
0.002288862836312109
-0.001351688513850574
-0.0010888145969292677
-0.0007451692454086266
-0.0014231816791149127
-0.0023569489532213237
0.0018552663402228236
0.0003125785152506033
0.0023747147251239257
-0.0002987830215703597
-0.001761257416667285
-0.0005464909078928806
-0.0005820290572053631
0.001188043431243506
-0.000685999220084348
0.0001437521013706505
-0.0006206071418849003
-0.00024044912146355425
0.0016572550612760568
0.00041963745810074646
-0.0005096701601567045
0.0004707086009653136
0.0011145660987795347
-0.0001722388939799061
0.00044831413263904596
-0.0005552541264202262
-3.7008760528065426e-05
-0.0007980396379490835
-0.0005479446743357194
-0.0010003538051911417
-0.0013965253562298325
-0.0008784937335403683
-0.00035423147550071377
-0.0018561698434264532
0.00025613374780052064
-0.0004186421227900474
-0.0011823331173628103
-0.0004093575696718166
-0.0002021581465477771
-0.00027667021645841214
2.6930776696644e-05
0.0010861664832220912
0.0017551132205690552
-0.002480363460005989
-0.0006682153465639696
-0.0006632592046663423
-0.002517058810271553
0.0015768028410089265
0.0013533813219216747
-0.0002302364346912567
-0.0002628223736800035
0.0008851155645585259
0.001044614714464607
0.00022382610408798115
0.000543379385390405
-0.00043209660135668545
0.0021161201697642326
7.009907244483104e-05
0.001987709030917681
0.0010170257942253007
-0.0014281203542252441
-0.0010419689913703715
0.0009099103178757307
0.0007854048209906201
-0.0009613087022641947
-0.00010547970071532379
0.0007478940191500049
0.0011057581597260892
-0.00018342613061253778
-0.0007751778963825839
-0.00043822071909036236
0.003122540625394421
0.0005466262423497734
-0.0001559299177199595
0.0006837445167704844
-0.0008340535822116299
-0.0013932571258340521
-0.001644147353059613
-0.0004935801738971494
0.001672412184140348
-0.0016531403645327878
-0.000601363724809626
-0.0002830753731822146
0.0016403337531213417
0.0002476842232538605
0.0010843809587447245
0.0017415881063393426
0.0015450885282486083
0.00029160069158295636
0.0018491352853144281
-4.046358799735931e-05
0.0024045887584492336
0.0005061950068428225
0.0016474877163726778
0.0010974646196355608
-0.00030487474416751435
0.0016550442741781809
0.0005010960912826567
-0.0003823588597056893
-0.0018100224687565298
-0.002580117950531216
0.001262175830542996
6.13458945360294e-05
0.0002239174922777388
-0.0005732769072225633
0.0012837162545505391
-0.0005122474821999988
-0.0012724625401403778
0.0003285120819752865
-0.0013312867624962392
-1.707009315148485e-05
0.0012180638470205701
0.0014334931018033872
-0.0007322144931113932
0.0012707092050817546
0.0013534672834487824
-0.00023091091434680633
0.001077970999361502
0.0006599874193966367
0.0017232954620381533
0.0021015281335303275
0.0008060818890221743
0.0002091608477923541
-0.0011236449951051984
0.0007511065574784758
0.001035713058699436
0.0023883411450848165
-0.0011652016104940022
-0.0031956156282404416
0.0004190601472824388
0.0007624803803573684
0.0009031776173488451
-0.0004190753889590671
0.0013708627083295769
0.0019213516267923302
-0.000921164040019643
-0.0009810807196790113
0.0009271479070613476
0.0013964280108421003
-0.001296974742187674
0.0007891595129469182
-0.0003082921643666941
0.0009072501255961171
-0.00038745914878004746
0.001260505279986537
-0.0007267992549790331
-0.001992266803540803
0.0009326848189736578
-0.003661385645353686
0.0021480154739543173
-0.0002877662381373097
-0.003787521094579445
-0.0005416643991308501
-0.00048613945685556793
0.0004111583813444604
-0.0012217822420524439
-0.00017486533373920051
-0.00026469980517134276
0.0002971095235708821
-0.001068376799224044
-0.000327149097175157
0.00034552048984430307
-0.0031758854572688597
-0.0006283513715343518
0.0002625654414548855
-0.0004342053632635685
-0.00214851521038808
-0.0015709751780618845
-0.0021237391077849796
0.0025726155159463767
0.0002440691935615595
0.0003575273783626796
-0.00016104596817901693
0.000369742833331742
-0.0006469085174142863
-0.0005166180786021336
0.0009360715576145892
0.001013386546181012
0.0018381201456349292
-0.0019643356299038615
-0.0012865174114578307
-0.001312086924887335
0.0007848495776576436
0.0010301272518031576
-0.0012521217298606933
-0.0009767567796713536
5.579214867822636e-05
-0.001579081354111757
-0.0004921689877200405
-0.00217667801053275
-0.0016326823519070635
0.0003772423392555304
8.83976719553122e-06
0.0008970376547059564
-0.00103860718479617
-0.0008478788362498855
0.001998502050637243
-4.1957345887995456e-05
0.0011790077968584884
-0.0018064388489208633
0.0002887770000717691
0.0011284301329392038
0.00017767834560303988
0.00015948220525746585
-9.922317166169764e-05
0.0005569228487179298
-0.0022374622692381257
0.0006207964093121787
-0.0008374840994077803
-0.0001845380939830182
0.0009605868624428189
0.002510109139579093
-0.00035409746749261303
-0.0008828513078524359
-0.00039772814720359965
-0.00046959569562395195
-0.0013854969127307618
0.0008678104906609876
0.0013318230090849919
-0.00033727647205543826
-0.0003974520089810506
-0.003944827330970252
-0.0002576924475457227
0.0006117298089878385
-5.853554617606206e-05
-0.0008503671892207593
0.0012010653885118352
0.0017486055512069775
0.0007054392392764246
-3.8891178079160264e-07
7.75770266140027e-05
0.0018690545173326175
0.000968269671304089
0.0005314925465642524
0.0008056476305024092
-0.0010148090775499898
0.0002968751182159095
0.0020446499695422784
0.0001213434824895499
0.0016405520026703093
-0.001071613776205926
0.0009200887841252875
-0.0011285117704156002
-0.00043051312421977524
0.0015429479311287809
3.6297104731076115e-05
-4.180062760936806e-05
-0.0006899439466560324
0.0006556632140108349
0.0008780806213056978
-0.0004014269002754456
-0.001377885184775665
-0.002022262012371527
0.0014684946346328511
-0.0013020567623742672
-0.0005408045111898103
-0.0024041181691975035
0.0006795681535267144
0.0002343329120427676
0.0007488351894777855
-0.0009378731775747029
-0.0004502030233398422
0.0007639322047448288
-0.0002885906593168631
0.0008133063873978219
4.4164413051601826e-05
-0.0017190726412677905
-0.0013834582080023729
-0.0011827980302622119
0.00028944987596830977
0.0014413982699289483
-0.002493518902480846
-0.0007594800652180596
-0.0008067781851475916
-0.00021923096043289202
-0.0017118183812083454
0.0005959805923505333
-0.0007650292251824372
-0.0008986374398932868
-0.00019781850835121374
-0.002186259970351892
0.0023243016447081163
-0.0021942215259194674
-0.001584545721671225
0.0005579290647535043
0.001527852608006474
-0.0012689508510396455
0.0009450903193853584
-0.00044831813739631905
-0.0012515563038291168
0.002801458539051112
0.00028205778322940933
0.00031564347504747195
-0.0010606358674670167
0.001061939236536467
0.0023531927260049545
0.0017582499866979479
0.0002737262635711862
-0.00047701558788351873
-0.0008426873176381492
-0.00014735256531616804
0.0007601812057651536
-0.001169238477638941
-0.0017504962670730287
0.0010473314459887198
-0.00033417622933939437
0.00013580870442964505
-0.00038433586810339415
0.002280077554055826
-0.0019473175654522816
-0.0007256349517908894
-0.00017689611535009022
0.0018696452088660784
0.001226903335580098
-0.002635305079465839
-0.0016035826502442446
-0.0011841835733094198
-0.0018510902107593
-0.0024061809778183644
0.0020274170756274237
0.000955889790600072
0.00036324041386086146
0.00012224739624487992
-0.0003821609028566617
0.0005479455986294559
0.00031506276800761975
9.57293521662101e-05
-0.0014915125685829047
-0.00211004699027156
0.0006214687825148989
0.001243453466329104
-0.00041924361660605134
-0.0020170708967987036
0.0026732966453020686
0.00030264276438203715
2.0227787252727198e-06
0.002721568280978932
-0.0008694066387756665
-0.0006514923107953263
0.00015955136045962015
-0.0012564903457596593
8.635998079024636e-05
-0.0022549243855689446
-0.0002449323915480617
-0.0014609943933398173
0.00041426227748451403
0.0007288903048282297
-0.0009346377000566731
-0.0006872664939697956
-0.0014080190823016067
-0.0003108311734071394
-0.0014484593000080254
-0.00020229509824250318
0.0016710735615399761
0.0005667255459232794
-0.0002797785053690792
-0.0012111802530554066
0.00021721359223987502
-0.0004698833750337193
0.002133663384197551
0.000504806244787452
0.0017181148935340891
-0.0016590336021761979
-0.0005322309366129391
0.00025643851857921017
0.0003946873964782176
-0.002304294172136859
-0.002125685419156934
-0.0014006607082754849
-0.0014592264430384038
2.7600219470597847e-05
-1.8606152229918667e-06
0.00035624323539841274
9.270171478915921e-05
-0.0006296951825978402
0.00018080474541198508
-0.0007407067928143105
-0.0001638085528923169
0.0007400075985209181
-0.0004242807905378482
-0.001701615596068037
4.985391010499884e-05
-0.0011803018266501348
-0.0009135800616472761
0.0011611517813612884
0.00027589100015874054
0.001275049324317636
-0.0008234791896690522
0.0015387577847938364
-0.000901826748243157
0.0008441377015592304
-0.0004966055081631291
-0.0005755146093209467
-8.659598482204926e-05
0.0008463043905874859
-0.0012587396677085575
0.0025274366930604125
0.0001917384460410442
-0.0007826651016647984
-6.18648137659708e-05
0.0013182856918799325
0.00042067491760682543
0.00034352347997762794
9.827220510190694e-05
0.0009050879258998815
-0.0006797107747238742
0.0008375522878910493
-0.00087855420683356
-0.00065505308446741
0.002917845256302698
0.0012980108938059633
2.824858644707286e-06
0.001394132456529248
0.00011723459777069968
0.0017798932355663458
0.0009659718803904246
0.0003600603016039179
0.001463248684334266
-9.242837927799372e-07
-0.0021162242435154043
-0.0005022322374298702
0.0007163347099852182
-8.646578866937427e-05
0.0009228236110801764
0.0008700435131770743
0.002274834414865277
-0.0016526532389744993
-0.00046264626224716836
-0.00011400400577370923
0.0003520434086167601
-0.0012251814771093341
-0.00011344197927814333
-0.0016091408390315615
-0.0009721476648844568
-0.0009568037582318047
0.000493831996322447
-0.00044615746014422446
-0.001156186411551873
-0.00039554383118891863
-0.0006511067285048562
0.0001409257090126216
-0.00014977871484325082
-0.0010406769012034952
0.00046134032336271635
-0.0015339464087730254
0.00047708968672032756
-0.0008338205426370978
-0.0005674188318518116
-5.688804374457106e-05
0.000351064729375279
-0.0009082979925215072
-0.0012501470115371656
0.0005398297553907336
0.0020187219713393373
-0.0009822895933584846
0.001726363100806396
-0.001388774360653008
0.0005503082982530382
-0.00107876979155287
-0.0009283828160823841
-0.0007273750915234199
-0.00021530880337746605
0.0008046565200294433
0.0008185805201482336
-0.0031954530393818515
-0.001401913022876701
0.0014296442644645892
-0.0001553895289341284
0.00024380197787811345
-0.001366479722458212
0.0008933610186154483
0.0005616090619322325
0.0007572031121233044
0.001440038102644819
-0.0003700202701615798
0.00042387079412100574
-0.0013301650682991863
-0.0007059513497119155
-0.00024508533420941256
0.0005772858533164622
-0.0012877783770330043
0.0006186042258630071
6.131196590715047e-05
0.0003717024980192762
-0.0011358097856080463
-0.00017203764012231165
-0.00018916245862222208
0.0007660999868835581
-0.0008810387921418723
0.0014283405544471982
0.00033284795140446643
0.00016948906818817423
9.982357767037136e-05
0.002358000489701118
-0.00024815982972136217
-0.0015104210470632783
-0.001577125479183217
-0.0012734932394641563
-0.0012461253449694905
0.0016544268795489925
0.0019120205887479308
0.0007988479903825723
0.0008141967750434769
-0.00045172264886012464
-0.0027453596247283465
0.0012176837669625469
-0.001569814315067186
-0.0005240326107093095
0.0001060703644072804
0.001174688287406342
0.0010012510014102828
0.0007130398776953671
0.00039561675825195645
-0.0008921314001430438
-0.00037120334294262934
-0.00039562017723282684
0.0004874262416692029
-0.0005001468082499946
0.0009579785243013019
0.0014036832747424352
0.0016756524755869786
-2.5328781203255058e-05
0.0010591350479987527
0.0031636433995218686
0.0007014604121656232
-0.0007676140673043169
0.00039670745203925357
-0.0007751571157934331
-0.0003929882447425516
0.0005326787340583084
-0.0012382347364037118
-0.00039061794460937174
-0.00037745687660397986
0.0015184386230511387
-0.00010082274516521232
-0.0010512566717965745
0.000760196519255184
0.00020380310302841353
0.0012684948496311306
8.119994031311876e-05
0.0010681127930472956
0.0003695636478433353
0.0015528478402594156
-0.0006924411655991439
-0.00122848703544904
0.0013715814422765196
-0.0003955657139480808
-0.0007055344417522156
-0.0019489496644612657
0.0002643533773158385
-0.0014515106157002749
-0.0007544115751184988
-0.0019409765816272235
0.0007211817651142244
0.0003215042384491345
-0.0024819968814864075
-0.00011851342079808058
-1.2401759043892802e-05
0.0018227115969762886
0.001254667251603405
0.0006167068419567748
-0.0012788989065271447
0.0002119176708610996
-0.0006368499117114977
-0.0012149571388886233
-0.001169724008718722
-0.001885039408985858
-0.0014516722451318022
-0.0005128168634928412
0.0008140714239753711
0.0007133720073918754
-0.0014075064561354011
0.0007944450507705288
0.0009625392324353696
-0.0006671885441668779
-0.0009429550315961295
-0.00026040376831661577
0.0006978604005340616
0.0004077967307710666
0.0013381098557686355
0.0014444235005626634
-0.0005964785663729078
-0.0010658815680759243
0.0011606502838419222
-0.0008524331859147799
-9.668880309286415e-05
0.0011080198139144586
-0.0006246628418185396
-0.0010279960527376421
-0.000299558920974675
-0.0005905741112550025
-0.0013363251835506386
-0.0004023101008357401
-0.002086236038369658
-0.00020109078592941645
-0.001501903782811875
-0.000706965930351694
0.00021483406993997884
-0.002162005563616334
-0.0013831233836460249
0.0005313143587297346
-0.0007438177469965642
0.0010339478061513639
-0.0007962970497109611
0.0007147770869991311
0.0014867177533956916
-0.0010170607408367864
-0.0008695436863689059
0.0006234359555699088
-0.0010871468691919526
0.0006000737422004011
0.0017591054531430142
0.0014381166760532311
-0.0020214303053355635
0.0012711661531014018
0.0009268184777697521
0.001513365588378479
0.00014068858778523417
-0.0017430189804370562
-0.001447804527276012
0.0015061178852141639
0.0010954868232791036
0.0012972049443594174
0.0007051003818793703
0.0009899527142991492
0.0007520827826902566
0.0019459168600546362
0.00010381317237231842
-0.001014325655574612
0.000755871930938222
-0.0013014294610309098
0.0020367647111854963
0.0003974928255096056
8.514191587906145e-05
-0.00035147681545166337
-1.2462005185767737e-06
0.00020689593924153038
-0.002686965508972742
-0.0008735174569322872
-0.0011258201636391023
1.5632087209489266e-05
-0.001055486031342993
-0.0024185177446278266
-4.3063872431466857e-05
-0.0006861726686762046
0.0006565402956272755
0.00041253605165403274
-0.00020181469154618807
9.410749728390704e-05
-0.0020828292752794668
0.0005033607952205245
0.0013620163497684826
0.0005799447160537821
-0.000990503901169202
-0.0019633100686633352
0.0005866976697279947
-0.0009132082120681163
0.00023115509450025114
1.913372088706698e-05
-0.0009625818261799232
-0.0001728106446731161
0.0003369376424998875
0.0021229986499522184
-0.0007087713869152354
-0.0005434847486893283
-0.00022539526804032234
0.0015866518890151038
-0.00046924303834243534
0.0008927724516538913
0.00010430650526018786
-0.001780948394535146
-0.0004382767030515346
-0.0003952576647218272
-0.00017037416661098344
-0.00044859523526689503
0.0009126835908539859
0.0012228035382397314
0.000701055114996901
0.00010113022275677958
-0.0009298647521611194
0.0008044589421342185
0.0006027283962303839
-0.00033323516198098606
-0.0023733265539271375
-0.0021117398332550236
-0.0010246784925001177
0.0033494388938208127
-0.0015327955554618664
-0.0011577985645539301
0.002068688241357379
-0.001105577797160768
-0.00020171751917351548
0.002863523770766669
-0.0006132949436558666
0.0004359278660662801
-0.0009852522935212206
-0.0005892602768735922
-0.0013677163083774466
-0.0005319486438712809
0.00047594718188297646
-0.0008163600126091078
0.0007312690983878093
-0.0007188072823474967
0.0012419472588669446
0.000300408352884256
-0.0005007993852595941
-0.0009263105537242033
0.0019036537240795597
-0.0010245070661736863
-0.0012314944979001316
-8.667872049109905e-05
0.0006145713824782723
0.0015239782963545132
-0.0022254260523469765
0.00010017301572276028
-0.00010659807912184209
-0.002177761241471219
-0.0016078073268939032
0.0020049186248082477
0.0006493233246220361
0.0017283842368829394
0.0003310796981609756
0.00047351727132226106
0.0006110240714991035
-0.000879597300487783
-0.000966032420193876
0.0014473447511340776
-0.0007224250606149315
0.0008741872183367854
-0.0013766410169078359
-0.0002048248692068016
-0.0005772138140880483
-0.002086253411247119
-0.00011108949748648683
0.0006454897042118626
0.0012924846345833546
0.0005894481813929664
0.0005270709275127443
-0.0004930178018133924
0.001096894010444011
0.00047340943653745743
0.0005220617274424599
0.0010523030469918623
0.0012173658311298771
0.0014011612638239693
0.0008868590421780221
0.0008606336874330702
0.00021244489326716426
0.0004242020284701034
-0.0003575548424595131
0.0010709621862439282
-0.00024297108443276333
0.0010635080062884677
-0.001865608135782396
-0.0011571290327313558
0.00048093743271636547
-0.001206382291999218
0.0007332784994914285
-0.0013491538054386213
0.0014544160553909811
-0.002171930443924383
0.0014455791574171
0.0006866516198805663
0.0003975878980583777
0.0005828901701725754
0.0010353333951591487
-9.684967815221541e-05
-0.000827847779715193
-0.0005710542580972817
-0.0022585872169137754
0.001345078271085034
0.0012317264538656554
-0.0008401207640698582
-0.0010349111546675972
-0.0011174296507066787
0.0017990162863075307
-0.0001931899526818167
0.00046312592893398696
-0.00012188464487145332
-0.00027607478811289695
-0.00028091025012807124
-0.0006926594938114084
-0.0022178289126770236
0.0003126302116201773
-0.0017359063576206702
0.0015470299549833813
-0.001823137657057017
0.0003866288841991422
0.001111251409973304
-0.0014446219974484807
5.719845706804734e-05
0.0005443906694635447
-0.0012249763594696997
-0.00016102146920234694
0.0003323655171395834
9.202105652938957e-05
0.0018256194162317202
-0.00032176172772529425
-0.0012657823911149714
0.0005322727399681316
-0.0014552078266621554
-0.0008396724515566671
-0.001202104480502285
0.0005482797623024978
0.00020237996223984968
0.0005194786669558649
-0.0005848587554105325
0.00018511289950790382
-0.00028634821178881713
-0.0005914229792636482
0.0019407914086687309
-0.0009599137702222122
-0.001510023029563965
-0.0012808764173977047
4.3852067837105385e-05
0.0009774557892385783
0.002443260790748206
-0.0016632155505140337
0.0007135725793535892
0.001108194943160907
-0.0019140947511782703
0.0004036479522706468
-0.0003352622066433539
0.00033556164975140617
0.00012098606652051201
-0.000945431744387771
-0.0013910485574388787
-0.0008664262490936044
0.0013907120442522584
-0.0003187845924056862
0.0012583253187366074
-0.0006074445629255106
-0.0005979033584278087
-0.0018078079307893799
-0.0012554986793404728
-0.0008956960143959133
0.0021548292325891615
-1.4320630846052874e-05
-0.0009209700923471748
-0.0003514856820867938
0.0010838952484628836
0.0012822984266280034
0.00023591430327652967
0.0008118155150801955
-0.0005093678423028935
0.00016444159312090334
-0.0019370503773893748
-0.0008889429314575762
0.0015247397058028055
0.0010114193938966475
-0.0008849986518967046
0.0005493727161128237
-0.0001996473873532749
-9.659103676810845e-05
-0.0013523021350721285
-0.0001673163760013663
0.0001943698508685311
-0.0007978511240101238
-0.0007264450823242336
0.0013678916851039293
0.0009520717466274659
0.0012282004875975383
-4.375213053794009e-05
0.00038062842450497825
0.0003755159370955246
0.00013533742510635446
5.6367956718216854e-05
-0.0010299748281869861
0.00027604088798841497
-0.0007167833828912104
-5.1031813204898344e-05
-0.00040727031157029294
-0.0023333808782253283
2.6105420617066643e-05
-0.0003218649399365956
0.0008491009350856334
-0.0009912249905957588
0.001962348003949781
-0.002658576430761627
-0.0005004864706200542
0.0017502318207353617
0.0024471637603672033
0.0004243343458802176
0.0013697133924881325
-0.001250806426066577
-7.902372065196148e-05
-0.00246712648523375
-0.0005479712013228873
0.0009002163525703101
0.0007428786599203609
-0.00044460241559074747
-0.00012284157967743482
-0.0005402737352356063
-0.00037053696516471055
-0.0008966443678316969
0.0012948383878036887
-0.0006160422188564938
-0.002277957297364232
0.0018440024574767433
0.0007615632029979734
0.00011056546713093916
-0.0013805113472247412
-0.00022120297326932772
0.0003328925676354096
0.00019283271834544756
-0.0003040031921830956
0.0006652561842609064
-0.0009021544736789076
-0.002134773492351629
-0.0003284161339658927
-0.0010309642038691027
0.0015593989507642007
-0.0004752765713126098
-0.00013096941266093717
-0.0017203590402777287
-0.00016476585913931382
-0.000940817966369938
0.0008337113011934549
0.00164848390261696
0.001387328414358297
-0.00012075066041814963
-0.0002252878261300734
-0.0006644333736902563
0.0008673740242657708
0.0024426338634974372
0.0014334704310854723
0.00313722972860102
0.0010223441571819943
0.0012862061991273856
0.0014116941499873962
-0.001405781988076058
0.0021065213284922704
-0.0003737342565134093
0.0008851396885587509
4.995434236423357e-05
0.0015410132915339555
0.0010384777973728935
-0.001750996032232153
-0.0008942032689637764
0.0010050872574828241
-0.0016992075704761267
0.001830306681899063
-0.0007024587481717413
0.0008745508909104475
0.0021315435354060846
-5.272284803735971e-05
0.00039965466879039903
-0.0016515399467246195
0.00026491054436415465
5.940395140764865e-05
-6.044565585921356e-05
0.0006397852127409085
-0.0001234959438464267
0.0004389380762086481
0.0021793396954263218
0.00027655680630197296
-0.00021226669283768047
0.0010697849794025903
-0.0007087112486039478
0.0010568813215681325
-0.00021206695634204723
-0.0006883554976010346
0.0008443133149384957
4.480754803499062e-05
0.0005586628910051966
0.0018521736410075833
-0.0009183405535633413
6.955113684373162e-05
-0.0009900951854615377
0.0011486548587313257
-0.0008702547435735622
0.00015191812184926998
-0.0001727186578910246
-0.000744702874586664
0.0019035894062282238
-0.0004638783586134186
0.0005657600520644965
-2.8627612726271893e-05
0.00030136215949840776
-0.00075006055151456
-0.0008499063164329217
1.6686944561996135e-06
-2.631282965666367e-05
-0.00022813361539870248
0.0006467000229979659
-0.001126447471390424
-0.00048814471576210956
-0.00080164799275131
-0.001267218993270664
-0.00022623972869470908
-0.0011730552300751173
-0.0014367397475208684
-0.0007138489719060666
0.0001377577897876304
-0.0009514388126827156
0.0007691095535778365
0.0002111131775693993
0.0003262266834033875
0.0017421183495485786
0.0008761851410070525
0.0025992075349008715
-0.0020570707235626796
0.001048150503701418
0.0008819489523374664
-0.000520633130382028
0.00026599746430188884
-0.0009267276201153185
-0.001486866125410154
0.0008876843834529897
0.0008717008684074413
0.0007894203173507189
-0.0006569482664642277
0.00034084743660180194
0.0008164380764296125
0.0006733224225573101
0.0008442397017812555
-8.238476710891376e-05
4.669940054148633e-05
-0.000766853961103563
-0.000613620816968716
0.0016396272997082208
0.002301524054750008
0.00133429658064791
0.0017184674272965527
-0.00034199611518215777
-0.0004610488095591641
-0.0027825596404786827
-0.00013863687311981468
0.00015210773795824024
0.00022926550776185823
0.000854580153214889
-0.001883438346845743
0.001626798161205666
0.0005705068598814007
-8.58847249931147e-05
0.0007066270296456335
0.00047052523770457305
-0.001512255599545132
-0.0023924299476827202
-0.002753413738049808
-0.000989830256537804
-0.001222658100410428
0.0011964728690289695
0.00026347935804386106
0.00020834302593307954
0.0026100461419895486
-0.001921979786140128
0.0009273535236384089
0.0010675608590968888
0.0009542204054094187
0.0008908696958841599
0.0005167935209550184
-0.0005159862070538177
-0.0010271699288070652
0.0001255597178603864
-0.000443468287952566
-0.0010263933342490093
-0.0015219745651952558
-0.0007299764012319558
-0.00010682712255670907
-0.0010742726855667165
0.0004474313156728049
0.0011112143063081602
6.573695687412908e-05
0.0012302730825070152
0.0025309618280607705
0.0023837891566446086
-0.0009700667314445658
-0.0009483995010979274
0.000716202084771811
-0.0019185717958141225
-0.0005471792512915804
0.00048682599829026667
-0.0013492790575147134
0.0003059084147984577
0.00203495104756531
0.0005011680151676975
-0.0005605096047001408
-0.002052304801006607
0.0004140016290815202
-0.0016198759468762896
0.0014589892241447882
-0.0001541349235958421
0.0012157160887831088
-0.00166103271937956
-0.00048684667370040263
0.0009722688419366229
0.0028533711420956113
-0.0007321406490464415
0.0003767800774859985
0.0012645705973920551
0.0014304863044548879
-0.0017243195960701585
-0.00194601804933762
-0.0016289162610645669
-0.0022202604192629975
0.002021331515283129
-0.0004844341205496462
0.00033593107866647815
-0.0008313556755215018
0.00036852565161493093
-0.0007998578320006537
9.928209135478445e-06
-0.0004886276180294159
-0.0006971796284776687
-0.002223410826182044
0.0011341092559389026
0.0011510214004824449
-0.0006195402262886726
-0.0009898893832744507
-0.0008996272820310758
-0.00028001024633632343
-0.0007007095778485568
0.00031209054185223246
-0.0009751194873380371
0.0011641425225586888
0.0010766030698218959
0.000850251988811428
0.0007061228524919997
3.5590398534776737e-05
0.0004343238164886048
0.0017229072562383529
0.0004636319604201643
-0.002976273597221294
0.00042614223084159797
-0.0014917200960593753
-0.0003246205682512812
3.845249342321812e-05
-0.001894374971495603
0.001266562865143533
-3.383450515129719e-05
0.001269898891368992
0.0009390885774352651
-0.0012489446894496784
0.0010743835504351935
-0.00026764310289936993
0.000260588235294118
-0.0021923294036155414
0.00047304432305548784
-0.001094250276249588
-0.00019921150165228316
-5.834982169063498e-05
0.0008736109356654437
0.0006047969163368996
0.00042850912613562423
9.51267734154026e-07
0.00100667405151509
-9.136601002258762e-05
-0.0009065409786279779
0.0003017407968804088
-0.0006656221656907115
0.0007585468816455016
0.0010986700135689764
-3.198994828904666e-05
-0.00011415415500417038
-0.0007452199215859511
0.0012921592849559358
-0.0008705681980289278
-0.0010861597617085458
-0.0010431542134713286
-0.0008156418509597455
0.002022839296674116
-0.0008504088098384628
-0.0014996741306645088
0.001054749489881779
-0.0005949824311271902
0.001215357887948818
0.0008415585636311826
0.0005175340780007569
-0.0010037296036677955
-0.0004525330593552575
3.613544767900806e-05
-0.0005502979520408443
0.0006169176392632027
-0.00013656927951667834
0.0011941088358857362
-0.0023189376696343056
-0.00016642216942942752
-0.0007126493100079867
-0.0018885041354355704
-0.00013621150845798385
0.0014878885739263521
0.0008662128910317126
0.0009051964041327758
-0.0011522314996300171
0.0005217677189517739
-0.0018969214257077312
-0.0020835040790896696
-0.0011256238733029496
-0.00016345228372808158
0.0007506548823303147
0.00015277868726690455
0.0008439422325474425
0.001112996346841147
-0.0007276862673947528
0.001256416396957622
0.0018507780222085045
-0.0023577585092474447
0.0006558857767832616
-0.001972402724878921
-0.000943710037277564
0.0008159312596362539
-0.0008823228274965165
0.0005377204251636278
0.0009478202552951005
-0.0025737210377651
0.0002588883283024176
0.0005376305496955818
-0.0020975479291489405
-0.00034398139604194564
0.0018301647574023932
-0.0006517394041423203
-9.958839584679017e-05
-0.00035301544898534953
0.0007473177826602058
0.0016021403969261566
0.0002440045177480306
0.00028717274941656616
0.0005713048996892712
-0.0007330486888684542
0.001423730671809302
-0.00019051071924415319
0.00021133190661093407
0.000643918750448558
0.0004459926479426807
-0.002513934320036231
-3.7057914482213387e-06
0.001898980969138886
0.0005604780262477324
-0.002198831973784087
0.001417249693389914
-0.0016728135773115256
-0.0006487342812614126
-0.0009517249150701552
0.002199147923810443
-0.001099089956473565
-0.00044823972157965797
-0.0005897306179823938
0.0002576063761993503
-0.0012794272167405392
-0.0013204631502670486
-0.0002044359821740131
-0.0003065181625155423
-0.0008836280084733628
0.0028391077995630915
0.002059146881300798
-0.002759779497719825
0.000946781612525106
-2.026251599339735e-05
-0.0007311024493099019
-0.00037419310902450073
0.0005058479136637611
0.0003784565885548969
0.0010882595155631352
-0.0006086369743214718
0.000697115986114249
-0.0009136346177370354
0.0004784884622156323
0.0003515947412348761
-0.0003567033555817881
0.0005088019297078927
0.000959790210290856
-0.0007721473548715207
0.0014318414540813167
0.0011445451973229022
0.0012620110041997362
0.0018490463272902247
9.924185662527024e-05
-0.0012221265263331125
-4.589780851126352e-06
0.0005564610061177063
-0.0010430014765277558
0.0019209998650791885
-0.0006904127982443766
0.0016648827083843756
-0.000461801831864893
0.0011999968810886721
0.0005831041946628452
-0.00032421871945168316
-0.0002546165714487231
-0.0010238886584231065
-0.002590229983196106
0.0002738198728942543
0.0003581133885461293
-0.0007036356556064303
0.002617751040653545
0.0017668842226086447
-0.0002635497044646457
0.00028277072305004275
0.0014715518878572508
0.0005777935329754775
0.00028102336330846885
0.00019350276037462865
8.65168970529015e-05
-0.0023040538243885213
0.0012270384658659625
-0.000980069289769423
0.0009023809846417424
-0.0013513035893708738
0.002106363004024025
-3.342568360172518e-05
-0.00018850423310179807
-0.0003381157667850682
0.0005351867787061818
0.0013618143172326358
6.965506232784682e-05
0.00022911820631950873
-0.0006870075542838614
-0.0009500873434379431
-0.00023254134551712908
0.002157886611763221
-0.00010653238554667083
0.0006289790211174714
0.0019954313530599664
0.0008889880890510943
-0.0008938013205092711
0.00188869082907049
0.00031832926692701603
-0.0027158719501621173
0.0011167458083511076
0.0004717782764058546
0.0007523514246983658
0.0005027403464225522
-0.0004617929764989422
0.001745157509330881
3.022761202802466e-05
0.00029618810060310887
3.93226162104373e-05
0.001194763265239202
-0.0012317031894166224
-0.0019169715388679769
-0.000696671862200642
-0.00044427790805833895
-0.0012352623102756188
0.00035941145137848165
0.0010764755570598806
-0.0003588236871802864
-0.001771352453640803
-0.00022710231659873374
0.0015200052317721235
0.00037836839882362096
0.0010224227530845735
0.00029325214750799977
0.0007846372081901036
-0.000541142163005553
-0.0008785978786630142
0.0015273191725257563
-0.000895463897568367
0.0014695329424209418
-0.0026320438101089224
0.000716416611955902
-0.001400357170919611
-0.0025969957368912476
0.0012064154938764599
0.0009862134388022533
-0.0021019830869050886
0.0006013139108350647
0.000687607893561312
-0.0011247844541704096
-0.0036307414201323593
-0.0026905384299371646
-0.002538758800124872
0.0004739956632659376
0.0006873974170950721
-8.94986874277669e-05
0.0009615072183739074
0.0003105457670572963
-0.0013181429447331123
0.0009234988161615772
-0.0013886611599707407
0.00046321622732773527
0.0014729821916460639
0.0005273865681890576
0.0018311386556389567
0.0004310758522770462
0.0001751148468664253
-0.0005758970099462227
0.001752666094678437
-9.641904344724088e-05
0.000583976946262539
0.003025059165626366
-0.0033041314341273557
0.0005172974415690799
-0.00014131330605573073
0.0005093362337993382
-0.0025505685643877644
0.00012463055650128272
0.0010909045218491283
0.0017235206271073368
0.0021027045477726622
-0.0013319087927358246
0.0004442991557660547
4.849999721584972e-05
0.001487577806176112
0.00039872922162049253
-0.0003859094977445734
0.0009501462854484218
6.668228795999035e-05
0.0003667938258857752
0.00035246015571443784
-0.00041307829521433685
-0.0014184690752484257
0.0010534314523171374
-0.0003037679803083671
0.00035378000938479637
0.0003151111921166296
0.002145591693164707
-0.0005378132169187251
0.002006408984267695
0.0018943547152547753
0.0021582215583128366
-0.0016875041808658339
-0.0007473488787475102
0.0003533182169434728
0.0004365347761596119
0.00020751432445374982
-0.002845428450472705
0.0017242559411117723
0.0006817314615799623
-0.0011370680706650955
-0.002735352792732643
0.0010249274465876216
0.00030709577936942844
0.0008220184409747744
0.0007644500257821163
0.0014632246286120153
8.794590797949914e-05
-0.00206151998679694
-0.0010878273038358347
0.0003876238962390454
0.00029128757984324584
-1.2501345672685014e-06
0.0008735804313205784
0.001698139069239964
-0.00013917846837081425
0.0005648300901516732
-0.0016189842491332012
-0.00026237673792854285
-0.001324481919108676
0.0013567328916610187
0.00036775375586306714
-0.0001392880098839992
0.001221204678671923
-0.0011670090389431043
-0.00011501680234759579
0.0007490329894421482
-0.00027131624333439025
0.0012121211429794684
0.0017471900219762269
2.8293526832669295e-05
0.00058780379256966
0.0014478046516789224
-0.0001656049216354466
0.0017576989105310178
0.0011757458197528665
0.00018958090957574503
0.0020465485468767843
7.328771657596525e-06
0.0019874727168729418
-0.00015862849128039436
0.0011603773398795336
0.0006212218330156751
-0.0032478735518882544
-0.00030733003756216635
0.0006247501834887684
0.0015847632179528382
-0.0012634746336058088
-6.875690734453709e-06
0.0007142208966130944
0.000563735489052367
-0.0016545324143162254
-0.0007705624021349042
-0.0011496087650003839
-0.001471311106797888
0.0014864737195206242
0.0023700810552354226
-0.0004120442014367279
-3.89940283509594e-05
-0.0018192283921646406
-0.0014473134071248087
-9.292426894397818e-05
0.0006078514751224232
-0.00219183114565402
0.0021166746478977812
-0.00100277315851874
0.0009644296318805196
0.0014603324655622692
-0.0016419823057962299
-0.0009200538114400121
0.0016743846610018489
0.0009604645114072387
-0.00044232222426393266
-0.0017223583864001233
0.0014788487352532834
0.00011464849791993008
0.0030583188820460655
-0.00023416100865437684
-0.0022597885013528316
-0.0006476087665913265
0.0012558102796842582
-0.00048292089614464966
2.1169274443338223e-05
-0.0010348219062962813
-0.0016441982528528263
0.0017716106402803457
0.0016373741944082946
0.0020209921644727563
-9.049633203653769e-05
-0.0015771279623802055
0.0018782568520592634
0.001817741321538081
0.002165032564395189
0.0023908976069918057
0.0020093163797135667
-0.0005391420176552261
0.0007659008273257558
-7.906188516678886e-05
0.000855204958324362
-0.00020695138161916295
-0.0015386490690243028
0.0005721441802771846
0.0012525225732726516
-0.0008498095006966563
0.002494548536093726
-0.0008823793828714121
0.000187555874141907
0.0014335013196872842
0.00027030948991359785
-0.00030686203204618936
-0.0019544435727402156
-0.0005566883081327947
-0.00043180226871134653
-0.0004775865830997301
-0.0016754819448289223
-0.00037345607348707486
0.00014380158566645144
0.00023564350841308413
0.0015171345703180932
-0.000637846214624939
-0.000994658301222799
-0.0005749147245670956
-0.0002772403260496427
-4.012360633386274e-05
0.0014048406615265062
-0.0004269897556081628
0.00019137066043759405
0.000762694742702079
-0.0013504265937095527
-0.0022690809999059577
-0.0025445438209361747
-0.0001380024717510379
0.00177499068701695
0.001288156223583716
-0.00013017220367889703
-0.0012523171069513256
0.0004999232294836398
-0.0012699861674128191
-0.00023565393505628894
-0.0013874625414661633
-0.0003022324122126448
-0.0010938139101721717
-0.0004901662802884627
0.003512954437423082
-0.0011552344415931204
-0.0009015415918039565
0.00018115496457323297
-0.0006899106658945289
0.0005506020477735455
3.960538844466234e-05
-0.0007209877462912463
0.0008704709313044918
0.00024486705217869047
0.0010650079487493599
6.230144367478358e-06
-0.0022480371291202328
0.00029577248263308836
-0.00045686149687061494
-0.0007654275774426895
0.0006377668027011384
-0.0019760876027174724
-0.0005133707098894084
-8.31920686361151e-06
0.0025591900031500673
-0.00037019978444488983
0.0002638731577763001
-0.002632513492965027
-0.0002917539442572441
0.002109893289702603
-0.0002534542898631115
0.0008392315188097199
-0.001139582225860179
0.0008620129385213635
-0.0015529964789778087
-0.0006388101005263898
-0.0007721558155952018
0.0011901616329669565
-0.001646228647997126
0.0005752753858390508
8.85760431902165e-06
-0.0007757587536781718
0.0007875804749831273
0.0007590900174597163
-0.0009424570745880073
0.001057448740034951
0.0010854785536895558
-0.00023445579538138622
-0.0007969226885188001
0.0023629077945074278
-0.0003318932191707933
-0.0023425439880293904
0.0005351480564774183
0.001285977638941478
-0.0022323367822769647
9.877665735611434e-05
0.002137488846384193
0.00023812103965655443
0.0004724274759758757
-0.002306380699730353
-0.00018560583974218262
0.00023091215572433683
0.0005972569151666727
-0.0011533277047092974
-0.00040844654462188744
-0.0008115294257296508
-0.0024371663387998143
-0.0017054833578957268
0.0024394974453873434
-0.0011582494917378792
0.000714647063419587
0.001339962112353461
0.00012460424318660906
0.0012962385803431556
0.00039580389779286676
-0.002104020281342374
0.00010814688408494764
0.000554619140600832
-0.0015077212997403934
0.0009103546673939043
-0.001349076390590314
-0.00011232831536628314
0.0015839240326005449
0.0005756451612261716
-0.0003925989650561719
0.00039774402393167295
-0.0007245852543971018
-0.0003578350793491698
0.0002624397671159844
0.0007008315242984736
-0.0005277800777953492
-0.0006259701449366819
-0.0002114895142709361
-0.0009659559535034512
-0.0005388970665572805
0.0024010645267510014
-0.002390944204388811
-0.00024556966655777534
0.0010204946127131908
-0.00014173195433038796
-0.00011363551573601751
0.00038318827070143974
0.0010254421316993288
0.0004980894547961808
-0.0005399210344241194
-0.001567843682373871
9.10445460526753e-05
-0.0017936822083686435
0.002116894298802445
0.0002120589333486775
0.0012751037535738766
-0.001665744587876801
-0.001604234020788676
-0.001261813711569444
-0.0006699106278886664
0.0010256479051610544
0.00018022421227105006
0.0006181757327441895
0.0007185537165137421
0.0007413660442720572
-0.0013711925227619763
0.0005331384713105231
0.0008289801471516286
-0.0011918304653048897
-0.00018080175797442562
0.0024352000157945295
-0.002740351019494002
0.002026381396430843
0.0008925186414336024
-1.8816337686153207e-05
0.0006266106983939604
0.0008743594520668298
-0.0008609441997485601
0.0010753457488321594
-0.0007574769054725258
0.000834930844797846
-0.0008893445855876114
-0.001602111116060712
-0.002063653971559594
0.0017170753295638586
-0.00011341841939981866
0.00015050481353086491
0.0012001033213676741
-0.0002119747715759285
-0.0011181978744735305
-7.586406107312046e-06
-0.0013847273032966817
0.00052255845633091
0.001441622449718244
0.0013901276013687063
0.0006950575521449272
0.0005254564506289705
-0.0005088950316968896
-0.0009528924699691812
-0.00028891783013217917
-0.0009918390071224756
-0.0004818263098499527
0.0005785904295139741
0.0028611652984114255
0.0010928566781691848
-0.00203137586215857
-0.0014677317937777151
7.344234364830146e-05
-0.0018699120137768593
-0.0031908809244068693
-0.0019284407334813265
0.00035415581930740213
0.00024560420924649005
-0.0007319593730146354
-0.0011341996796194178
-0.0015977828612828446
-0.00041396161399054137
0.001272362940916616
-0.0007760366978420802
-0.0009186610386613306
-0.0015311016790282943
-0.0018128596519069572
0.0005761305584015764
0.001007049557611761
0.0007249898966275896
-0.0011230928485871188
-0.00027956766320689553
0.0010328108148156398
-0.0007684998060817158
-0.0001490476541809453
-0.002809091889911335
-0.001581643446852425
0.0013092012133327393
-0.0015200471928958383
0.0006836605684492653
0.0004360001565311219
0.000418204138811905
-0.002013736759155259
-0.0008173933243940009
-0.0005054972547835239
-0.0002514877595932983
-0.000736140678788239
-0.0003125093037025491
-0.0026786213351300387
-0.0003399664825857136
-0.000659945319286367
-0.0007730616504142992
0.002652297089572924
0.0004648500107477044
-0.0013079936778131675
-5.296830867901861e-05
-0.0005252336025916108
-0.0007895389678968906
0.00047234253066365977
-0.0001700491364979666
-0.00034920962389752046
0.00029947421098945696
0.0011279879223556144
-0.0009516896272897653
-0.0008596546942012956
-0.001320639479128771
4.122138269039826e-05
-0.0005933333921098416
-0.0007937736597541959
0.0004202500467560494
0.0020120344427686514
0.0008629687373497927
-0.0006835336127382926
-0.0013070164162787418
-0.0003118236293318285
-0.0011775974823856085
-0.0007504571583776765
-0.0006136666091717516
-0.002024061923835544
0.001307093601545124
0.0004799644897085426
-0.0005972738898664358
-0.0005500506242507101
-0.0028018509805158966
-0.0003577782829022056
0.0020047795626833343
-0.002520673122492718
-0.0008806411449787538
0.0006315230431753672
-0.0005102897109556933
0.0007502445690506414
0.0006758390547623821
0.00018232933379081818
-0.0002871806648003135
-0.0008486023494340309
-0.0007573410652283127
0.0005822628522568941
0.0007276283354121655
0.001212582762626696
-0.000513317958636187
1.3969214058209324e-05
0.002597924391137245
-0.0028964935404617483
-0.0002615466249291592
0.0012485139009535406
-0.0017765042888289982
0.0005770449398994732
0.0005044393810471303
-0.00033019585569934193
6.780148945858744e-05
-0.0006655890628054829
0.0006161261479538174
-0.0016649496247760744
0.0013058639945628635
-0.00013701733350162008
-0.0010934139165889754
0.00013298339811123206
0.0009133978445284465
-0.0013634025185866345
-7.069774432554771e-05
0.001455508405084866
-0.0005443450502755688
0.0010585327496516713
0.0006082084308227899
0.0005214446677951753
-0.0004719251292906407
0.0012775022366008125
0.0007672417815415954
0.0007179495923385128
0.0010502880117400993
1.1560788520886164e-05
0.0026619923698369924
-0.00038599879384418155
0.0022901699204546135
-0.00129522161284683
-0.001979040677011686
0.00042225291991086506
-0.0020912703351250884
0.000732256186426356
0.0006854189666842377
0.000791150728908249
-0.0019009845420876917
0.0007425019805031694
0.00012042168123086633
0.0006401712035944
-0.0019150249837723806
0.0007058494148953281
0.0004989105588594139
-0.0011444741497823412
-0.0013898820525622849
0.0009997321198768536
-9.169148339002407e-05
-0.001200878684049664
-0.000438412476785489
0.0006827525712733663
-0.0006875126020369027
-0.0009778959983273883
-4.397960114880204e-05
-0.0015584829712523656
0.0003396568441840954
0.0010377906337026795
-0.0016913970254579178
-0.00025049444964152495
0.0016592895071382082
0.0003987406932039507
-0.0010589487147566335
0.0005297335406774092
0.0006688504947921369
0.0014496252233065384
0.0011123406389881463
0.0015496644643595164
0.0024885502526771157
-0.00032948616648476855
-0.0027808491612282926
0.00035888150625010805
-0.00017135731817023137
-0.0007355698831028057
0.0023044986200336497
0.0011835642399393178
-9.249513171417753e-05
0.001798943010341837
-0.0002573051048325425
-0.002453898410683218
-0.0006830541272422134
0.0016704497600504296
0.0013980701646113445
-0.0006380422024609414
0.0017047743770927527
-0.0002204329084277912
-7.537600879049102e-05
-2.0155989759276205e-05
-0.0009374020622069351
0.00025088841708588027
0.0020158883085924007
0.00015139375872146173
0.0013117168147392744
0.0009366261278902575
0.0003095115734038156
-0.0007425744008950295
-0.0004686258129719133
-0.00011430422380361974
0.001456097355198548
0.0008420245722926301
0.0006879312100960541
-0.001532204019181824
-0.0016717937439080137
0.00029536232402843773
-0.00026657453824644855
-0.0015673309408642923
0.00046662380224082547
-0.001446673140479213
-0.0016461845114797153
-0.0008596678113060193
-0.0007523206350885677
0.0001821446882741485
-0.0004171855379473515
0.00012771634152209432
-0.0011687894891959057
0.0004339588190129009
-0.0017162447828115214
-0.0012145881607407572
6.550553365357285e-05
2.6204186142461252e-05
0.003323650339790088
0.0002614656116769561
-0.0013122800543289381
0.001360623724593965
4.713724376536237e-06
0.0006945431248985772
0.00040888955089798154
-0.0004466992295151051
0.0001536162277608256
6.94106123769715e-05
0.0013933773299803322
-8.50890179055341e-05
0.003009188438059813
-0.0005720940677798319
0.00021752540470940392
-0.0002229975826945696
-0.0005514066827033725
0.0006312033493505947
-0.0006062645478486739
-0.0022587154418437835
-0.0009273590561429669
-0.0001241979295820308
-0.0010890461151644806
0.0011064098327706697
-0.0006954132892270881
0.001822380945972987
-0.0013576481517130392
0.00014432710090220651
0.001289708868464715
-0.0007858358437089338
-0.00045611755641926117
0.0005456102340595459
-0.0019285141685413283
0.0007143053204495229
-0.0015672671252648478
-0.0003553240317962347
-0.0017993003151658235
-0.0019027045654498077
0.0005188540353033801
0.0022516223376893353
0.0020294727353897504
0.0015969793740416777
-0.0003539296689583317
-0.0005669868819672258
-0.0006662089028467628
-0.00025049521285227443
-0.001870554721194296
0.0013161009281915464
0.0022576141662963315
-0.0003408158844441471
-0.0015441189191503937
-0.002160539702028735
0.00154084696859938
0.00030895414849014207
0.000755028080587277
0.0006827066109164858
0.000531023643933151
0.0002409954568410727
-0.00020340911481341267
0.0019045132880869122
0.000984102737933492
0.0009959983923520186
-0.0012897851046893578
-0.000585207114494163
-0.0009497835508682839
0.0015968664981769558
0.0011557872092418943
0.0013524661361136651
0.001078226812402356
-3.774536628989619e-05
0.0001946726758354484
-5.7367500073360435e-05
-0.000926457691431993
-0.0011921850600015342
0.0013277298702833401
0.0022165467208276725
-0.0010555202828007385
-0.00014350285715699905
0.0008429132205071855
0.001015208181751812
-0.00025415963911754237
-0.00014021604388315967
-0.0018100157118886933
0.0027673137535968576
-0.0007824347905576468
-0.002045484614519795
-0.0001429505844682946
-0.00038619170828750534
0.0011728969069326582
0.002376949253290866
-0.0008582378378588593
0.0010566321454114908
0.0027427568387572115
-0.0007956788485620173
0.0008207238497127992
0.0007069409379617054
-8.050870603826504e-05
-0.0016003802886483385
-0.0009944941530190268
-3.82600368179579e-05
-0.0002138428591492135
-0.0016625191726318189
0.0005911293402252986
-0.0015623975772942017
0.00112704384016007
-0.0006764050307741424
-0.0008399986899025672
-0.001217188983443939
0.0018468283648180968
-0.0025327562801594193
0.00019175256389315822
0.0009661571355476434
-0.000782155547123557
0.002219624550470195
-0.0004486170375950455
0.001376222564407563
-0.002083505284891945
-7.519453013440645e-05
0.0008302944239036013
-0.00015635663914688648
-0.0002853517981722539
-0.0010220355557659137
-0.000185590340421161
-0.0002472660487266977
0.0021087761484752934
-0.00030176774679327727
-0.0013678450914633175
0.0008638473703566999
0.0004535628602381256
-0.0007412078371358641
-0.00112770528225805
-0.001417309209244723
0.00011736297185162101
0.00016357278949065442
-4.321771375469291e-05
-0.0015023256936246665
0.0005712215537167787
0.00026223336722042096
0.0012578792686770528
0.000995755229518287
-0.0014108762485809674
0.0013938617805446044
-0.0008738317744742726
0.0014727087586896427
0.0005935896431019713
-0.0010111907780277324
0.0015219146664092879
-0.0004741430115527214
0.0017577576700249704
-0.0006566789989061381
-5.2837469962110415e-05
-0.0002636387175089648
0.0012401236078806127
-0.00023008553374019081
-0.0011461690260794457
0.0008465788143479023
0.0002727197242648164
0.00013272689057953086
-0.0015777143464352796
0.0006945977088298402
0.0013713478823310212
-0.00046721215066867323
0.001448571001447405
0.00017259899289767653
-0.0007394990880360727
0.0004552566668469738
-6.429843652720457e-05
-0.00017333688931207977
0.0007466018291072581
0.0022959691333620407
-0.0006757297474713729
-0.0007076556872591267
-0.0012679047359193578
-0.0005816811952914452
0.0022133313247676956
-0.001122615198862582
0.0010131559411913195
0.000514967012458145
0.0013153250402773756
-0.0010773966523375726
-0.0010050444242129517
-0.0013318448677590434
0.0007162845188245687
-8.76457688338493e-05
-0.0005794234055480072
-6.339342502114976e-06
0.0021376384904902256
8.050840508486625e-05
0.0017703202994879636
-0.00043910808902634626
-0.0007904630623232505
0.0015449806841833038
-0.0004672456199127387
-0.0017962443890531098
0.0018961259166041782
0.0005902285385314039
0.0017434171702885367
-0.00013699906395096218
-0.00012298213839366363
0.000305900036936395
0.0011925890232086776
0.000448072787236818
-0.0013040378820340455
0.0015389728774256135
0.00028636045188616877
0.0009245963421655428
0.0013050907268435576
-0.0005384095364133278
0.002543367324716078
-0.0013184829783232238
0.001509144503282823
-0.0017250332325912823
0.002016022097845827
-0.0006628548130093891
0.00014875749776118954
-0.00017594928236977004
-0.0006417686624694055
-0.000754431425447877
0.00016627019127731876
0.0020767619557604694
-0.0011147466401049881
-0.000854962899649321
0.0008116080748846303
0.0006680724730255603
0.0018415359941149243
-0.0003259816914270441
-0.0019400326512341653
-0.002079624565053839
-0.0014174885138328968
-0.00011265534697407944
-0.0025209985896731527
-0.0009403437265667342
0.0021350365333562427
0.0015256728416470715
0.0006327029546199398
-0.0007944549552750541
-0.0009417806875684768
-0.0018485019748464824
-0.0009179961881887678
0.0010054412297229882
6.277093186132218e-05
-0.002022215057675222
0.0023637097396386297
-0.0005283599962135554
0.0010707848016147015
-0.000620321926006298
0.00036196161182509124
-0.0014111758410608975
0.002588756398905643
-4.104699676791093e-05
0.0004105036658422045
-0.00129217399764399
0.0009755529022160421
-0.0034358945088511232
3.180745982604735e-07
-0.0007967881793636296
-0.00025214607040594856
0.000767091074155271
-0.0017423693583832624
0.0004145388302361204
0.001900572101142615
0.0009417717590633375
0.00013650394699720134
-0.0014326951340298837
-0.0007326626206774518
0.0003121834166899122
0.001381251083609008
0.0007422949265532287
-0.0017380102861540934
0.00041786528274063696
3.8818698247947085e-05
0.0030124959846364392
-0.0002618899214993329
0.001528111097809059
0.00038117042036428327
0.0015734580347663487
0.0006087516936914866
0.0002471394268928066
-0.0005232806563241222
0.0020195546179155744
0.0004082037472631359
0.0008620027368198323
-0.0007245087567716727
0.0004900612079995447
-0.0002576504477532524
0.0010202108492330414
-0.00010249802944022507
-0.00015317566446621536
-0.00031762239832194356
0.0003172546219989954
0.0005851565070367412
0.00015504149378418544
-0.00030523583366831553
0.0018941535122189734
-0.0005420530959133621
-0.0020943712367567243
0.0012769553125743546
-0.0003285036552801104
-0.00012094783306481741
2.7285593241461445e-05
0.0003579802745596533
-0.0006720043989134212
-0.002190442262952133
-0.0014905740438608869
0.0006026486473360013
-0.00046135908455897825
-0.000566540401690147
0.0007667899311687316
-0.0006705168644827612
-0.0013208443979005203
0.0004858059209421494
-5.479853202798221e-05
-0.0021491488039113165
-0.00048756210202116943
-0.0025255229809960085
-0.0010125417366239687
-0.0024484928218415974
0.0010095285187153242
0.00017289933223699663
0.0024541731994766856
-0.0013954254670125019
-0.0003502658826057247
0.0010370103313633923
0.0016173440659237317
0.0008635499402335714
2.3168495278964792e-05
-0.0015125775997954396
0.000568841440116372
0.0004144819787690415
0.0008143725490638009
0.0006380880379729827
-0.0014712502143353866
-0.0003923457534282174
-0.0011263311007540713
0.001007781554941805
-0.0008231084228150432
-0.0006915186952605099
-0.0007851819280975045
-0.0005202480362017328
-0.0007751929917808346
0.0006661795941398142
-0.00048185855870809817
-6.044535225424046e-06
0.0008117137157147348
-0.0006614644816654418
-0.0015512040878133404
-0.0017447019978002558
6.858277398426233e-05
-0.0001162558615204254
0.0016211293773473038
-0.0009621731259397612
0.0008097919923680693
0.0011206799080859154
0.0007964736530103645
-0.00057745537161602
0.00020222132599095438
-0.0015980626597792973
0.00033685369660927614
0.00045325634008494233
-0.0004556575009784298
0.00032451285168238683
0.00027260035227015186
-0.002270665416583142
-0.001191507041160526
-0.000988097156949363
-0.0007802973085927541
0.0004157569749154232
0.00013508896664181285
-0.00048461586767737427
0.00041308594853440536
-0.0007456085039089474
0.0017618553995812636
0.001893258623751154
-0.0001235159627715783
0.0019201863747834108
0.0003857242023718486
0.0008457847994050578
0.002067196802045316
0.0020508962938008725
0.002342516816268348
-0.0003014013046528722
-0.0023982018379104767
0.00021789896875069572
0.0027025887425839953
-0.0008899063272601733
0.0009722893202465895
-0.0004211811377965297
-0.0007330661300238892
-0.0011061027029769374
0.0021428451811748303
-0.0012287337467487313
-0.001094573443412453
-0.0002909278660662799
0.0011848204894730828
-0.0007526633662110559
0.00013376595472847764
-0.0007588126681317486
-0.0018381818344528273
-0.0001142542553750016
0.0007618126504987956
-0.00019012242152319705
-0.001532692463676118
0.0015608091235989536
0.001434153605023986
0.001985509798706811
0.0003534538607504091
0.001185072722008152
0.00013270857307961712
0.00024800628846767764
0.00045122598913350517
-3.4124118661727065e-05
-0.0018653845645288285
-0.0009997772896234098
0.0007672595168005356
-0.00036171530820456417
0.00109667550325065
-0.0008353078466019758
-0.0016284099352539196
-0.0017437740139599949
-0.0017124244975978524
-0.0020531699825897796
7.810498416834878e-05
-2.8703488558113557e-05
0.0021583214629092825
-0.002250394850638728
0.0015083073052835922
-8.307992548906517e-05
0.001505951684472855
-0.0027551231445184406
0.0017398723414015361
-0.0008854888318447406
-0.0016705825912025794
-0.0007980921346514118
0.0015487822930510078
-0.0007421992622620173
-0.00179203744346407
-0.0013476397581625103
-0.0005653389053463111
-9.791942452230187e-05
-0.0006980564241662834
-0.0020710072391003603
-0.0005581706841514848
0.0007326527632383264
-0.0016948273340637529
-0.0003287750458633534
0.0019105809129785951
0.0011745468362152382
-7.20089167498374e-05
-0.0012099146518698353
-0.0015394059179900659
0.0005908163599593566
5.2221785154804406e-05
-0.000253317447545723
0.00020227381164506682
0.0008553627871696451
-0.0013265876626429947
-0.0014500302590744745
-0.00048346639406740864
-0.00025347794586091395
0.0005135659521918069
0.0004037104858351268
-0.0009099657478793613
-0.0006839279860940969
-0.000849486035894858
-0.001218104427338271
0.0002520083709679759
-0.00026653066312982315
-0.0006949421422614231
0.0006091548742430205
0.00047893598212982
-0.000642027685237922
0.0002613891942615741
2.5710324266018543e-05
0.000639746942384173
0.0028479211816305468
0.0014371838256948622
0.0018269708589607751
-0.0016712830796839753
-0.001800234565554102
5.642687950479933e-05
0.0013668318867683387
0.0019812771346390382
4.878470841195256e-05
0.000851717865645564
-0.000910605941827697
-0.00038926602216678635
0.0006130059042107313
-9.053581438254911e-05
-0.0019189735688229608
0.0017607684540116688
0.0012060464151898292
0.00024644727870954
-0.001248356233633173
0.0007786044136826763
0.0012446266407926288
0.001217402244502496
-0.002156836156461827
-4.378721392633779e-05
0.0013325559598760617
-0.0016435401415709535
-0.0008185105701374329
-3.478886240852511e-05
-0.0006458996626228426
-0.0009085856284013035
0.0014397169400702347
0.0010491907928765346
0.00026024374993592045
0.0006853530612042876
-0.001698623129360289
0.0005612788524156348
0.0010211408411970112
0.00039200077156320096
4.640314616948625e-05
0.0009355149054131308
0.001511497677355683
-0.0015916802007310562
-8.211418856953357e-05
0.0006155885192332646
-0.00014702506261244863
0.001870169642260539
-0.0008909436197172293
-0.001814465122948081
-0.00037713419821418405
-0.0005557327629714008
-3.9681213896831544e-08
-0.0006716565160078927
-0.0011834237749119587
-0.00020747447243443616
-0.0009547404367527652
-0.001367654900847124
-0.0007762300385255708
-4.774497584594865e-05
0.0005683500908251726
-0.001087677893289084
0.002134785905022112
-0.0013724654957590762
0.0006554389652806723
0.0015088886436184978
-0.00017860460327005963
-0.0023888029523307496
-0.00010376374287566866
-6.277303146425801e-05
-0.000420579528637152
0.0015257241575160926
-0.0006077503910184545
0.0016305008330796665
0.0011561817363888633
-0.0002460712405307956
0.0006583531719516029
0.0006634057490849428
-0.0023066414716523998
0.00029272573206361917
0.00015920021192245663
-0.0005116177933372012
-0.0005121912005998918
0.0009284509157379977
0.001561700190930846
0.0010696941093741549
0.0006790366391097652
-0.0007480649527260102
0.001026311366651924
0.0015139827865703896
0.002319167728621172
0.0006625985487594003
0.0007475668713149784
-0.0004908998813775164
-5.620772112959807e-05
-0.0003429891922375413
-0.00023623014525133508
0.00017160783668509688
0.001966954569471358
0.0013644300859621903
0.00014408316226276007
0.0007318285789325198
-0.00021414117997950154
9.007476681193763e-05
-0.0006139708032335733
-0.001285401308099916
-0.001229520461693449
-0.0021910804876664786
0.0011658209878360026
-2.6080346249316007e-05
-0.000822374502211588
0.0015313189147929775
-0.0011595526983985565
0.00038116086940266457
-0.0002384988216856854
0.0026516762311071087
-0.0015997469708885703
-0.0014902435565921433
0.0014433573057520365
0.0008990428539521324
-0.0015689382852408923
-0.0007109561335893685
-0.0008179648333522475
-0.0015612564700561529
-0.0002322131211439514
0.00047559899360476236
-0.00039196253523496967
-5.5991061639852334e-05
0.0010953039231595702
0.001044019543542521
0.00017998134928589593
-0.00015585908363092822
0.0039250172221797965
-0.00123893622784214
-0.0013258988459387288
0.00032566798352560744
0.002077493021063026
0.0001587358171843772
-0.0023218039741139417
0.00013338161735096667
0.00017328968404223984
-0.0008750111891910622
-0.0010250026597474781
3.0364764579313682e-05
0.0022659421728428845
-0.0003749116233329126
-0.0001089186956494071
-9.435152033172273e-05
0.002559703898535307
-0.0010072822834169637
0.0014217776066630106
-0.0013581933864672963
0.00029434833336338447
0.0009279940335657168
0.0007497991838727159
-0.00016690767421445496
0.0013116533917934207
-0.0011297697668932523
0.0008856614723700917
-0.00020296807821323695
-0.0021879076413791566
-0.0017295562797881995
-0.0015412323754441825
-0.00024336366731471092
0.0006574185196292324
0.0005310085631185458
0.00016341243104587517
0.0014716208819764178
-0.0007131535320173757
0.0004992024770276655
-0.0006304628603618652
2.3114994956710634e-05
0.0018698228917971324
0.002027335806277578
-0.0002818082398300728
0.0006114853566063559
0.0006135618974965978
-0.0019493445961938987
-0.00023384210367221494
0.0010133078738247788
0.00018638691921297107
0.00022340036241683334
-0.0014774966157105273
0.0010927148822737474
-0.0006067677359660262
-0.0009553333958220421
0.00025051673521863635
0.0007800863736255577
0.0018578018012392387
-0.001384388534064389
-0.002085148087412423
-0.002991641654831818
-0.0004269906350461424
0.00045923101832554274
0.0012127625694667618
-0.0007738454762505786
-0.0004638453595814192
0.00041045183048607525
-0.0008166224304943484
-6.0088169402558284e-05
-0.0004429011657988955
0.0013039493745560825
0.000134769128085413
0.0005452939567850365
-0.002208137381735478
0.0008723009038589562
3.108984793589279e-05
0.00030725858167954804
-0.0008794412897368967
-0.0010555565825976988
0.0013793102817613225
0.0003794869429533775
-0.0019201479311906514
0.0006430987021528285
-0.0011687122979634867
-1.9001203062317866e-05
0.0015009664382602717
0.0010633727717074466
-0.001758737832378944
-0.0003907530099317271
0.0003173461348126276
0.0006080115087496563
-0.00034247026438999155
0.0005299677248471014
-3.304443972464649e-05
0.00034998977598107295
-0.0009192377599468413
0.0019049223942385234
-0.0006313193299849281
-0.002861545872545661
0.0006325268098214928
-5.588390123814257e-05
0.0007201850293316865
-0.001600711406770205
-0.0010148102345191518
0.0007675515903067017
0.0015134665889579354
-0.0010979518914722268
-0.0015410405328987581
-0.0027293932649104066
-0.00019544259948078656
0.0005573589217966625
0.00017826756927054554
0.0007613043119241894
-0.0006302820306779787
0.0005844567055334059
0.0007915049663055931
0.0014044928413748433
-0.0013398748610576375
0.0019755192849258848
0.0007260745620664015
-0.0005926187060082141
0.0012553724411006357
-0.001138162681044903
1.4014988805065448e-06
0.00047350581299666184
0.0002852900728952443
-0.00026235061641089597
0.0012108704624093736
-0.0013628847556629614
-0.0003565038780563342
0.0006989362983297572
0.00023846213674792157
0.0002977576669314701
-0.00026139908506631217
-2.3553645363231578e-05
0.0007165733938722527
-0.0010819762873911399
-0.0027757925764651443
-0.0022885571193642165
-0.0006405605460346455
4.499410688167721e-05
-8.414766329351388e-05
0.0012883193367906295
-0.0015810582586562331
0.0003850623959037104
0.00023975651897765286
0.00032445369246398523
-0.0023459286619797485
-0.0013811849684339222
0.0013171400511170007
0.001781086109440621
-0.002141879550539135
-0.0024815415909200987
0.0005044253080507729
-0.0011009763697224439
0.00075158115767448
-0.0010395397381784974
-0.0005620187525344607
-0.001454159689276443
0.001340197449514957
0.000941324182140356
0.0020173342772045076
-0.000561831918366236
0.0013102352706512363
0.0009339042573990343
0.00011264581214285517
-0.0028191671888053464
0.0009664105897944186
-0.0011755733926790458
0.0012143869015800186
-0.0005989117860952282
-0.0014714343348408401
-0.0006989158626659051
-0.0017880079642610546
0.001314770667101878
-0.0012668758160212209
0.00011827695428796274
-0.0015536332404664497
0.0008601760712173295
-0.0010211917184518636
0.0002855553721551728
0.0009385906113676066
0.00035971667181955447
0.0005612382701092552
0.00103523797061422
0.0021628452260305862
-0.00035574094284943547
-0.0018367981899310266
-0.0009608509276170395
0.0009617013386195068
-0.0007566043644518265
-0.0012930297372009513
-0.0005778304547869889
-0.0002831060584968557
-0.0010514797279823197
0.0003100947972272336
-0.00027270938976373116
-0.0016062195451511416
0.0012056601892303054
0.00010594124457179095
0.0014549999907194986
0.00019701227010430575
0.002073407388640171
-0.000962012525318091
0.0010056381031839719
0.0003802536330069074
-0.00036671442965044144
0.0009264470652580103
0.0011253793164053452
0.0025836887595187008
-0.0018307674278533837
-0.0011194123447372136
0.0009844987477510253
2.7415224167415205e-05
0.00027796658714602824
-0.001567224361377771
-0.0003302740145345021
-0.0007425708495565332
0.00046756568341081196
0.0007102710865363439
0.0002635515968030529
0.0004920687236146505
0.0013898958690190706
0.0001071429552510138
0.000336880361699141
0.0001306342146539292
0.0010381358327756192
0.001448143849361024
0.0017091393324968512
-0.00010053686307919644
0.0022452256074397448
-0.000333010796581664
0.0009923655958028802
0.0010962863758086853
0.0020341030086147797
-0.0016460256655356832
-0.0013735728940067761
-0.001279494519598828
-4.812071616479495e-05
-0.002027731006260891
-0.00014843744752097488
0.0001338382644172147
0.0005355137840192242
-0.0018041213462224462
0.0011895133599003147
-0.00030906119222269237
0.0006396870274678088
-0.00018619258551584215
0.000744489535306739
0.0005044059303640679
8.81168786775091e-05
-0.0024512493265007626
-0.0004610805674345969
0.0003429814204805989
-0.0005348819418591622
0.00038459616207962415
0.0003453264886984707
0.00015948457178529597
0.0006244666232957907
-3.1529517871770514e-05
-0.0019744721816531744
-0.0005173424440456481
-0.002106263096334078
0.002169291873003145
-0.0007453066964827079
0.0004075406030770255
-8.561109250591542e-05
0.000301705873028247
0.001400397593026861
-0.002287692407330217
-0.0004489242290378227
0.0006447651723822181
0.0018589864903742646
0.0006177973735562631
0.0023307458531184786
-0.0023674643001211594
0.001600915106260856
0.0009941145179831368
-0.0017896048819944486
0.00019720350411400216
0.0002775797296704868
-0.0007693941905299286
0.0009027463285894948
-0.0005108092968349778
0.0015309514663810746
-3.283764098849179e-05
0.00031273466984926016
0.0014484845204331888
-8.458022502829262e-05
-0.0015583989489081004
0.0001872532135724419
-0.002258823554159768
0.0003559360592021733
-6.353146584899404e-06
-0.00039516678143553256
0.0013031265575774672
-0.0005999473897220122
-0.000836781609431606
-0.0017409304791902878
0.001647727146456209
0.001611171031551583
-0.0010070899125458593
-5.446531783860854e-05
0.004116939970358963
0.0005999653211972661
0.0013388690169050077
0.0012375514557394333
8.78156521664582e-05
-0.00027970306881429824
0.0005589173714102582
-0.0017063218503039228
0.0015201131030160386
0.0001017851322657046
-0.0004834444324239854
-0.00029695538151522133
0.0009072021988777838
-0.0001239321607729295
-0.002194583760236393
0.0011440485351656754
0.0010248473753063005
1.2149786362860187e-05
0.00015329999998232307
0.00012894539631452717
-0.0006293146504468254
0.00012877800612230255
-0.00040044833483058744
0.0008581839104125808
-0.0005382913646968315
0.000571772478965081
-0.002365358431521037
0.0010045581822909653
-0.0013367287850391955
0.00015810869106572316
0.0006868441732681967
-0.00023180322305622997
-0.0024545831260688045
0.0019417150258121674
0.0004757528682936
-0.00014550351978479147
0.00038840817814567483
0.00028725382696938426
0.0013983418333886628
-0.0010871120836634539
0.0007059149305942238
0.0009706493257406456
-0.0006499034765995255
-0.0015109668698035821
-0.0010127091144421924
0.0010952875618567507
-0.000867203186367315
0.0005990898526203367
-0.0005449104716668945
-0.0008308188208389501
0.000540827246871234
-8.982228613394127e-05
0.0006026813635336754
-0.0022837196806022673
0.0007914469949913577
-0.001693081223212496
0.00017893917285455129
-0.0012928353425176705
0.000508939617655721
0.0006985463356426754
-0.0001482310412174464
0.0014438718198373636
0.0002610487421650472
0.0002986779174625801
0.0014919478680655658
-0.0005873178330400696
-0.00032550407131172584
0.0006067121711741622
0.0011881977600140144
-0.0013701496186951365
0.00047105791063743453
0.00022546469569147872
-0.0010367268730349642
-0.0004989205267806984
-8.092999196396977e-05
0.0009605484575188147
0.0006694505766461577
-0.0006963738226579283
-0.0004431409169435791
-0.00045450588600327147
-0.00028500723945390326
-0.0001058978266303368
-0.0029906479800679577
0.0012184734998379003
0.0009184515297978337
-0.0006182035631998599
0.0011497982905139838
0.001554777770662727
-0.0019625534673985705
-0.000583577182482232
-0.0030364445873641644
-0.0008582143990689804
-0.0012540559471927103
-0.0013212752723517783
-0.001513028355069151
0.0004222519368406203
0.0006780402133401637
-0.0018681428934693906
0.00015619658364418546
0.0018149516037324939
0.0004351935402142679
-0.0005095463421390266
0.00016897778769465606
6.387105331214878e-05
-0.0009961965173548907
0.0010515502195766607
0.0009804909075835301
0.0006827373101518786
-0.003183331836079124
-0.001028952335698889
0.0001373511416430764
-0.0013241056402997905
0.002560587443358007
-0.0027925186003342397
7.936781843874741e-05
0.0022842553944460524
-0.0016224941276523227
-0.0008483482919546711
0.001059624307409446
-0.0009045820897461596
0.000710260185040822
0.002692614831619888
-0.0012437179173070212
-0.0007887459791123318
-0.0006365140094912127
0.0017879552481411599
0.00013584332069947736
4.5253350835475175e-05
-0.0012396445011173725
-0.0023691996294605178
0.0006135041223986757
0.0008183268307954258
0.0008719537945494994
-7.567645198304027e-05
0.0019022032698918262
-0.00041096897802412637
-0.0015942563209494325
0.0006187465646677705
-0.0008719292012210665
0.00020523025763378669
0.0007192649378948852
6.414984774674526e-06
2.947286973605547e-05
0.0013071775867673839
-0.0010666390494415612
-0.0009368765646483255
0.0010748035627225776
0.000550304422096997
6.519683567608537e-05
-0.000563691948254753
-0.0011798416375258926
-0.0009369288361880157
-0.0005569137043306532
-0.00016508324300312053
-0.002115615676189699
0.000569652648734617
0.0002996529286964061
-0.0002309651619703792
-0.0016738711671087719
3.869946921719583e-05
0.0006192125980772213
0.0018020586681914974
-0.0007027949089202768
-0.0010397279513850218
0.0017641303604617412
0.0010303009458863695
-0.0001830402009661617
-0.00023572974680848008
5.32652067200727e-05
0.0008088811140384463
-0.0005544403780381263
0.00024224075538330954
-0.00034192286506928886
-0.0007774077920326278
0.0018519955020061792
0.0007489814727165636
0.0016757556425005947
0.0007721825666401864
-0.0012239522607919854
-0.000931828207049575
-0.0004159991641803762
0.0007796727348329208
0.0012564415007136258
-0.0009195472012482892
-0.0008396866284062534
-0.00011964825508014643
-0.001472038414823206
2.6972487688752197e-05
0.0007818299206278495
0.0009071323074225273
0.0006434385587505226
-0.0018605052181165282
0.0010993215109469264
-0.0018846007766984106
-0.002203628750250573
-0.0011440179280724028
-0.0007007094936611526
-1.1470518631534437e-05
0.0006293162126645433
-0.0013227053047964105
-0.001170699485966291
-0.0004358700841184635
0.0008503574895501559
-0.0013617803382238924
0.0008587507446497465
0.0002431904390242782
0.001073773803601966
-0.0010742881214709794
0.0009088971834474042
-0.00013212154182006016
0.0012918957147417844
0.0004493772295299538
-0.0007531649225069303
-0.0013547490011087103
0.0007723774176147802
-0.0006039099052469653
-0.00027411395253545056
0.00016232995403765406
-0.0011293417758053619
0.0005099784831577464
-5.492444434545248e-05
0.00045412347521363707
0.0009190610908000709
0.002074914222757132
0.0013260644564843482
0.0009218670574376408
0.002835122520294247
-0.0004441838888464638
-1.331166490955853e-05
0.0016084625587897657
-0.0022249727146632977
-0.00033616302778210875
-0.0004880195425702778
0.0014320703815099182
0.0007833567696926053
0.001072064492368953
0.0002906202932390929
4.1622720399531894e-05
0.0025135186315785934
-0.000787796027883575
-0.001035861927441682
0.00028445996453611117
-0.0013499688150850398
0.00029036402677946074
2.034045054977708e-05
0.002560929405082745
7.523888783709856e-05
-0.00220415420516307
-7.49455048963924e-05
0.00025431323583327044
-0.00020248319080251088
-0.001978412156608194
0.0009578608064455118
-6.511943695817326e-05
1.9290711393733035e-05
0.0004877752333736726
-0.00040718915822671365
-0.0015943102112737058
0.0016301949484198578
-0.002670495097729865
0.001606036917259646
-0.00018006635337462
0.000559135388946693
0.0013389379131369824
-6.488676816176257e-06
-0.0006907098392493433
-0.0016212913399930205
0.002093502697841727
-8.918320451997507e-05
0.0013263737205724145
0.0003322009915287581
4.875410662182345e-05
-0.00042545585203663665
-0.0007773940785452133
0.0008662548026594202
-0.0016893954641682498
0.0003700389487171871
0.0007504613182519002
8.875971911546388e-05
-0.0007669932852921555
0.000883042715982013
-0.00046341956311112117
0.0007956301290237159
0.0022533450066572133
-0.00013336769593613022
-0.00015901356159654317
0.0006344241000388539
0.00222543708752591
-0.0010497621979815531
0.0007406062774724931
-0.0013932441709171358
0.0008442875653037942
-0.0011721379398029563
0.00033118591261444626
-0.0010438530646071378
0.0001195425214450287
-0.0008029784215528945
-0.0006101921883545794
0.0008822718413062563
-0.00018334330147558198
0.0011634772491604236
0.0003516929064002228
-0.000348427692167363
-0.0013542531021622328
0.00021787083955126932
-0.0002676651604413062
-0.0013358530119734376
-0.0021175777690541062
0.0012421269996386792
0.0007000431861498863
-0.0005590894117965252
-0.0011222574733225359
-0.0022015862179782927
-0.0005821980155813433
0.00040384160164128735
-5.381688081644356e-05
-0.0007867097644308258
0.00048199552896382514
0.0007591764282072799
0.00072681869519864
-0.000759762292996209
0.001385894462448617
-0.0011265429281961427
0.0009254735013404583
0.000608144355369309
0.0013262764989246992
-0.000732177669629003
0.0009240179335965105
-0.00041582367697173546
0.0011786678675635342
-0.0009461702712133694
0.0007963542392534446
5.038362056928128e-07
-9.977894707674817e-05
-0.0008457685631680414
-0.001247565552820901
-0.00151554199608027
0.0024478232668177706
-8.026056708812512e-05
-0.0007638815279046111
0.0013715640165885867
-0.001223987500402155
-0.000136387075434743
-0.001093242720065434
-0.0016251136675798675
-0.0013627052435892946
0.0014169649227544104
0.0009342801563702596
1.5522004996621848e-05
0.002135114183531547
0.000445602692768386
0.0009239838856469003
0.0008455177962892844
0.0002388121669846786
0.0003777608547836654
4.207744596008329e-06
-0.0009499773509365885
0.0018057694448156642
-0.0004593053675149223
0.00033866598450562826
0.0007200656734674183
0.0004549754431306789
-0.00026612213634665053
0.001162332428838
-0.0003999771777005636
0.0010674352499424609
0.0018180988893096047
0.001119360218371079
-0.001123949694070484
0.00020512468574454895
-0.0002773136289729825
5.979569374133614e-05
0.0015664498540486494
-0.002015036296040567
0.001240567254511296
-0.001522497406099888
1.0949843177205719e-05
-0.0007144850503940061
-0.000407643102236477
-0.0004044828672665585
-0.0003571950829429333
0.0007736085101401409
0.0003621971091857164
0.0015513103634739267
-0.00013488439279536141
-0.0010774953464914936
0.0017708835353212342
0.00045666550196375374
-0.0001924454452360269
-0.0006573691588524845
-0.001941157877103889
0.0005929917335481459
-0.000986124663736503
-0.0010321970009132013
0.00045627134581587285
-0.0010184687977172445
0.0019787860138691347
-0.00016796764910053419
0.0017729534932425573
6.336581111051017e-05
-0.002540269243472979
0.0011193392360415075
-0.0009572083788077899
-0.00010997531850680473
-0.002133002952790355
-0.0008261121489805057
-0.0016268097364213893
-0.0012436838801846626
-0.00010395155856738769
-0.0022319040424449467
-0.0006563555665860945
-0.001643066454841434
0.0002476718918982465
0.00037101085385561524
-0.0012241003110824036
-0.0007134857810346149
-0.002204938507398416
-0.0038317541230173746
0.0005327082374348199
-0.0005314642101002966
0.001114474793893324
0.0005229379793378918
-0.0012665594636188438
0.00012362772630193032
-0.0009103744783916342
-0.0014395896982104717
0.00024603852831047866
0.0005549466813104137
0.0022470617555049284
-0.0016214784998626489
-4.739321545858991e-06
-0.002929437099590562
0.00022237428323595008
0.0012405515516821395
-0.0003869610032893634
0.00046747254054341664
0.0013492662795902156
-0.001279704283013218
-4.4591394332566004e-05
-0.0005221737594444567
0.0005265454710534978
-0.0006300643702198791
0.0020650889900640304
-0.0012676402151167165
0.0007728341561602554
-0.0005325126756180194
0.002202151497731491
-0.0018682785134121803
0.0021713312708965954
-0.0006989134141603125
-0.0012006090576455243
-0.00025884678944151197
0.002048666925592652
0.000309594661069022
0.0026045092424512397
0.0006946031920593556
-0.0008477305919527981
0.00177016984090746
0.0008361028963207142
0.0015527991894410164
-0.0029996634512381246
-0.00014944450101130906
0.0008889492817510697
-0.0008581203643896034
-0.001981544310327943
0.0005421542580177346
0.0008238943783054052
-0.0003431496050395423
-0.0014205367857416848
-0.00023280530595426406
-0.0011478243667781387
-0.0006200980045242884
0.0009715604265813356
-0.0011085057056080035
-0.00032849168718983264
-0.001949290050047534
-0.001292222269287622
0.0033658886698690587
0.0015523893779713074
-0.0011621167446847476
-0.0006133208380221962
-0.00033093806069695313
0.0018323281065550036
0.0001326879115902326
-0.002378904410527306
-0.0008419623882936994
0.0003409039495515479
0.0005714051693187694
-0.000606727557582417
9.670464026832469e-05
-0.0004932504838676604
0.0004362745778609309
0.0005211788519206745
-0.0018203458966572874
-0.002024645519762872
0.0007368329723660259
-0.0017847823048505024
0.0009304098547787158
0.0013611660872540356
-0.0017878995927539261
0.0003074341270018043
0.0002771850639788923
-0.0005061813622962752
0.0007813943226223975
0.00039486824781660745
-0.0004895626269881929
0.00094750560630664
0.0012090445615643704
0.0008569301741269524
-0.0008761434876866308
-0.0006847567311033968
0.0018233641949774986
0.0005613440479372361
-0.0006673551817546404
0.0015543038603173186
-0.0006655153811493037
-0.0010737857058448776
0.0019065280924309646
-0.0005098256184967989
0.0002631391644755845
-0.0002099529007930318
0.0005753434589789467
0.00042874131897489495
-0.0009226588861595373
-0.00045758772239174643
0.0005407751916556097
-0.0009071582696249018
-0.001992165516149663
0.0016680892623362608
-0.00048186234758323395
0.002481517593974356
0.0010563916792262781
0.00032299059425612976
-0.0011612587521756146
0.001468736076817449
0.0007643663289182894
0.001402592593771069
0.0005776687829303118
0.0010997510344223514
0.0010401951890499981
-0.002465748549766998
0.00045355543583708893
-0.0013547287718255296
-0.0005573644087825716
-0.001405662773849916
6.11663641223244e-05
-0.0024505285616707876
-0.002624841875062533
0.0014376976678277013
-0.0005259596811714718
0.002012213708246141
0.00035608654717093213
-0.0012791009149778808
0.0013805057966011093
0.00016328526873326632
0.00021982498366631792
0.002463628194967246
-0.0007981600895753983
0.0011096305014811681
-0.0031270260695468394
0.00019338438073070952
-0.0010740045972951844
0.0011198266711708032
-0.0006028525940857225
-0.0008564128233017304
-0.0006459018086282856
-0.0016778848615048693
0.0006596495280555739
3.063623647742512e-05
-0.0010894784303030819
-0.0002664927896250003
-0.0009839248207802619
-2.6066841573180597e-05
6.013968126692878e-06
0.0005941220228151843
0.0018306351559619178
0.0006158300162170132
-1.8728181541453963e-05
-0.0006728577586846929
-0.00032351407109606426
-0.0003067646068903392
0.00047305688730749134
0.0012017072178170773
1.9535243322369728e-05
-0.0006921308015507104
-0.0008142345720946461
0.0012574421168505263
-0.0005885826524538883
-0.0009896048517223375
0.0010975682085910222
-0.00021586053669227353
-0.0017650144011283674
0.0005036456175616785
-0.0009006747991699524
-0.00048820256090572006
-0.0006914041915516679
0.0006391459665085268
-0.0007579149420401758
0.00020354800613290845
0.00014549878208888018
-0.002423634183984082
-0.00070192500024748
-0.00010245332460259131
0.0005193296894991745
0.0005929485869508729
0.000997702212842729
0.0016474570807750086
0.0008128769313165124
-0.0009353736066874057
0.0016445277530739673
-0.0014172019003549923
0.001675363077074828
0.0007874780315066835
-0.0014924712644744887
0.001967639390035959
0.001225326972168395
0.0012781041095915838
-0.00016932718685732536
0.0014767742307701824
-0.0016729791105196338
0.000770842998975433
0.001656229075563079
-0.00042916124928451735
0.00027757285348192025
0.0002502315230964275
0.0003112461337873534
-0.0010167719694213664
0.0016594173020716553
0.00040688653632600316
-0.0015726559603710217
0.0015628992818571327
-0.0006778406586981635
-0.00045429326883473327
0.001710494016551465
0.0005142090290615806
0.0016012414124428008
1.9402493485088424e-05
0.0005858860691190527
-0.0017866018686598709
0.00018452877326621676
-0.0016342190913346284
0.0018945298498043673
-0.00021454211951093744
-0.0031915292719384863
0.0001262718354727979
0.001521844941119197
0.0004254336035815309
-0.00045839150439931154
0.002458874971230446
-0.0006430451050482044
0.0005210496887761793
-9.268933150693073e-05
-0.0003065351789775609
0.000991453216020726
-1.3102463849353959e-05
-0.002991526209373059
-0.0006747159810851006
0.0004239724706303068
0.0006413093728908955
0.0011049985098166488
0.0004903305288100346
-8.568655358773589e-05
-0.0004778016618107546
-0.0002348980892685236
-0.00012550031712798754
0.0003734768615890127
-0.00014751564228493382
0.00098731096082886
-1.3621452683054642e-05
-0.001074200245729997
0.0005510554674349864
6.095033415991658e-05
0.0005400501728206109
0.0007343301157393416
-0.0023442673554654723
-0.00016868573871552884
-0.0003056684148479537
-0.002305775760196796
0.0015001705400385576
-0.00017320008146512388
0.001664409142301373
0.0004028405418080397
0.0011817378364004946
-0.0010663222833939836
0.0006403289946547843
0.00039346749933092003
-0.0005517426748561343
0.0007078159800775035
0.000941483843000787
0.0016177094880928515
0.000896378313757663
-0.0005051012518158848
-0.0013774912129120233
0.0007330690407868316
0.0006357282146419089
-0.0009911290048014657
-0.0007817162214500844
-0.001825944287250429
4.610016873719044e-05
0.002132281941364202
-0.00029973457920969747
-0.0008221325286078084
-0.0003016311718427119
-0.0011094413231025084
0.0009891443594350526
7.573648202181326e-05
6.615177517428767e-05
-0.0016505711428203744
0.0002448908235198661
-5.1896659143273206e-05
0.0008169263072514125
0.0005040577398762103
0.0013764941755131943
-0.0001894376502336395
0.0004967120653322539
-0.00032210575900182124
0.0008090437040018583
-0.0005510271946087534
0.002203964535801699
0.0014039241578873126
-0.0001754539588143725
0.0013356269349845196
-0.0007526732632027948
0.0011569452224598027
0.0009730099922715522
-0.002254333397722335
-0.0001256451210106662
-0.0006614462494577535
-0.0008525141017217188
-0.0013472551965062179
0.0011423196566585736
0.000764858052302077
-0.0014641670509236134
-0.0027636880919855006
0.0004548478446345091
0.0011354252696913676
-0.0019015638557265643
-0.001767629664070601
-4.7925040109442764e-05
-0.0005519417184076709
0.002628232591945019
-0.0022503339239267586
-0.0021044562647095947
-0.002084834623013663
-0.00011597251234836963
-0.0007393314768795312
0.0005132556886821369
0.0014689767049695052
-0.0010770873966461508
0.00119112533878249
0.00016946307726043821
0.0005256273758083322
0.000404245677761197
0.0013945485135553651
-0.000529329856548198
0.001289912005380216
-0.0023112638728026865
-0.0005011335535728871
-0.0038429004929625516
-0.0005582845680554185
-0.0012545256751255345
0.0012401402098135732
-0.001473992800452252
0.0006276580153391661
-0.00021085798389152425
-0.0012386724682615692
7.687456447933224e-05
0.0008493009329820529
-0.0006220223396691759
-0.00193785560958575
-0.0022894753522701514
0.0006385668926159383
-0.00017827628388222648
0.0009449401949029012
-9.405161717596269e-05
0.0014724711562019738
-0.0020646996303885683
-0.0013643597653942305
0.00039717343064955406
0.0014529274777877832
-0.0008184071643613901
0.0010206875684768417
0.0012341572816492493
-0.0007209372393725884
0.000734562077891866
-6.051954964113625e-05
-0.0015685614149105302
-0.0007693150123863756
0.00012901378742207514
0.0002574452348779975
-0.00016551583257940343
-0.0027628868351581453
0.00035750994405713807
-0.0005002867551160309
0.0024266770336495076
0.0005504553972920736
0.0004180387825962143
0.0009825617168803653
-0.0014690753032249124
-0.0006062744178827658
0.001701855421235767
-0.00035210368945003215
0.0005014392232344156
0.001508999957928394
0.0006271052501210002
-0.002081622830218797
-0.0007053174061812026
0.0010247665867748085
0.002134812429357708
-0.0005246839107661242
0.0010570430581673537
-0.00015073953994698976
0.00044520512625724284
-0.002917372802995993
-0.001476208466663202
-0.0001470081804967349
0.0014063807028238534
0.0031972093773455362
2.158539643296442e-05
-0.0023934304714565368
-0.0011111418079158967
-0.00023977298104020108
0.00044808596864215854
-0.0005713544619854756
0.0001690959090312889
-0.0005060312994628619
-0.0013425650664784404
-0.000393176233007402
0.00048283028840085816
0.00119133610294427
0.0010570856008691502
0.00162796375283674
0.0007507114796884298
-0.000796355213043188
-0.000488748239135361
0.0023157738097447735
-0.0035604165738616534
0.0007338785541668395
0.0014247606125625813
-0.002182391533257251
-0.0005502405914719794
-0.00010640625425356323
0.0007497498239798254
0.001687223059676982
0.0009185303676563396
0.0018082161004942172
0.001704795709871731
0.0015572440336099097
-0.0006052919961686558
0.0010488483229338687
-0.00036514260263615755
0.0009329082236201309
0.0006640973731408508
0.0027422229120728186
0.001244596288250249
-0.001668518548054082
0.001047371825449857
-0.001755456837979417
-0.0004283082852603366
0.0007003787781362704
0.0002672112356554383
0.0016229647736918829
-0.0005989800813042619
-0.0009192631396872773
0.00023160289481815674
0.0007359813650627489
3.200617833906248e-05
-0.001751693545208062
0.00035496291290718003
-0.0002187074226068062
-0.0025481162135749164
-0.0007140501437858997
-0.0008514412611883072
-0.00025402624428542085
-0.00022530983572275308
-0.00019483715349701662
-0.00047532049747199133
0.0008118451331371879
0.00033039486058212257
0.0018296145761409449
0.00024392644089063107
0.001594796158429294
-0.0006367191580658513
-0.0007455141413185241
-0.0005606815460943938
-0.001557383280681956
9.388870416271974e-05
-0.000562247603730373
-8.623391379775425e-05
0.0018510116773896232
0.0010723022519622516
-0.0022580896419529565
-0.0005728562543596254
-8.380734885775622e-05
0.0011986578121403807
0.0009757635925757403
0.0009502902925337744
-6.153810454511225e-05
0.0008208539762617151
-0.0012671719280922013
-0.00210200938320551
-0.0015166832685996271
0.0007372104923314776
0.001679454434020232
0.0003653876131735039
0.00018466120358909705
0.00023817056969196873
1.6325881134985407e-05
-0.0004101395051583675
0.00012249162368468828
0.0003281086886351162
0.000808465867509442
-0.00024206633985160412
0.0012278973685271154
0.000205548648431984
-0.00011823605047850266
-0.0012453255460646963
0.0012187780348476636
0.00205520257787578
-0.0012583047664035956
-0.0006495659617816584
-0.0005926373321952784
0.0015352684331968304
-0.0006997800799607993
0.0010648971031047782
-0.0005473639021113937
-0.0003453074289794169
-0.0001257277901694572
-0.00012125163646172857
-0.0012922497859739624
0.0003389807333699604
6.043159965614446e-05
-0.0011326790548984956
0.001284408603148441
0.00030558803951973354
-0.0014381187418486265
-0.0006184672246722744
0.0014438781853773946
-0.0014674285107517703
-0.0004193277607016556
-0.0004907083800009969
-0.00011346212415295526
0.00017762735410963574
0.000671823317772142
-0.0006402949551018183
0.0018235620079787563
-0.000459619757754168
0.0002101200949899078
0.0003889104165583937
-0.00032786836850731693
0.0001954958563003645
0.0030405915376058284
3.936081254412678e-05
0.0020083546955005646
6.979169539202808e-05
0.0015560128389990355
-0.0024614836774985143
0.0009855798094827988
-0.0006461398033276163
0.0006633618607104584
0.0002261697910579097
-0.00025552319511043054
0.0012436151512226752
-0.0006949199130302129
0.0013976053135819518
0.0006080888741019571
0.00046805186346278997
-0.0003940347575986089
1.8539478457044038e-06
0.0012415615857601407
0.0012171986736130773
-0.0005251699253158285
-0.00012027905229995564
-0.0010887461742238231
-0.0012305156191278737
0.0013085870863238647
-0.0026901310152673964
0.0013766175217720565
-0.0004675339589009908
0.001186604336610323
0.0006753300950570813
-0.0005014760213059093
-5.082291597062911e-05
-0.000237203560680867
0.0018790599634401278
-0.0014142759662239246
0.0002258192355889725
-0.0015430493329794365
0.00043163464031958877
0.0009907990938076605
-0.0009677687029942608
-0.002196076808168679
0.0022268263942583216
-0.0006558499849832649
0.0012302392404961485
-0.001233128149846332
2.5686857634635355e-05
-0.0009669631408981613
-0.0007619240805939948
0.00023453167253901445
0.001185686604630493
-0.0010099667433236075
0.0006388396218010114
0.001244191319434501
-0.002171614649456906
0.0012559911860427625
0.0007091445180874318
-0.00042605593389065816
-0.001396935556817704
0.0014238414701675192
0.0021815359492591687
-0.002105487483078552
0.0008293352138280529
0.00024217006978229902
-0.00028040967844919154
0.001523303768749706
-0.001028051111742185
0.002074659587235121
0.0020097548688161365
0.0004084769552778828
-0.000533261467561908
0.0010405900255470106
-0.00019501625104162564
-0.0024715904381757752
-0.001769226102753357
6.782752038086412e-05
-0.002194701152390781
-0.0007149126945679196
0.0003322383517334742
-0.00014603973079828922
-0.0001250634306796051
-0.0016795120900183877
0.0010311314230349467
-0.002007601926198979
-0.00048285340833922874
-0.0011691966603629967
0.0004344534025588023
-0.0014978613471451944
0.0015593515351363316
-0.0009289419092766477
-0.0007990928535367197
-0.00045362983452247526
0.0011014114241556779
-0.0006706961706176855
-0.0006276351216682557
-0.0013402004031449763
0.0008775242252018815
0.0010993671106900413
-0.001822931968666553
0.000510365057798962
0.0016289072256126984
0.0015591386395527537
0.0017999288819718214
-0.002804236000628953
0.0008381635991516384
-0.0003421368038254049
-0.0015813464856155764
0.0017535632199680326
0.0005583572677461745
0.0014936341236608235
0.0007106845251353095
-0.0013788075258501734
-0.0004401245180326327
0.0005911850820095807
-0.000431459119082443
-0.001126677957943243
0.000731577446357819
0.0010420778207155636
0.001074136832948502
-2.3086407035363148e-06
0.0005769723546682335
0.0006469362535181939
-0.0015520602542733616
4.200599979989459e-05
0.002993793686413099
0.00015023861251556067
-5.4064308261484436e-05
7.22608808132619e-05
-0.0006577481754092527
-0.0009221087393685226
-0.0010448342526774685
0.0002912311977043756
0.0005735704656089374
0.001090621468769257
0.00027404209913802695
0.0003397428110143463
0.0003633246112088659
0.0003847522229894106
0.0018005770275420533
0.0009584638171815488
0.0008595663778574665
-0.0010030790893600908
0.0008541690356251045
0.001030051956886503
-0.0003672462370660745
0.0006230281480255866
-0.0005417630254487255
0.0008255459146614599
0.0006100332226478873
-0.0017087715632447598
-0.001025991884510967
0.0013254567104830069
0.0010104260569872273
-0.0002060711863945376
0.001444804514636853
-0.001187443576761766
-0.00038556189016058275
0.0012388782766356572
0.0011840127650201817
0.0010106840858582482
-0.0012141611222300352
-0.0014329037722939737
0.0010749205403479073
0.001064731861569568
-0.001965054715405031
8.446621561662654e-05
0.0014038206942186189
0.0007052343613830742
0.0013425939387808638
0.0009444702086627909
9.78651598844763e-05
-0.0025311921731964275
0.0020334801424671846
0.001571057758172056
-0.0009520555806571015
-0.0005900655890590492
-0.0003255429950599448
-0.0016911778827711824
7.384491411735727e-05
-0.0004400767287541043
-0.0007635647689278922
0.0002510468049708841
0.0016489736755487252
-0.0004325206064692694
0.00040761887084759423
0.0019104464354213226
-9.747172164965945e-05
0.0014605674927108295
-6.420473528297895e-06
0.0017309759622642445
0.0009532982691688312
-0.000713923028759655
0.00017967925283833095
0.00024332370326648898
-0.001406981871822312
-0.0010313736688667642
-4.6676281266008976e-05
0.0002896901790818564
2.001400980056279e-05
0.001851258846748342
-0.00021048349621938874
0.0002578848314537225
0.0011768867961800392
9.803857444782747e-05
-0.0006256802477080693
-0.00041009347099940543
0.0016655597116733859
4.12534744429127e-06
0.0007857979428045355
0.0005793558070394636
0.00032530293942643304
0.0004285233995466165
0.002227193680703381
-0.0008425082340142926
-0.00013542434716534634
0.0009754498544021926
0.00047356840467475616
-0.0012673540625703769
-0.00045794219423223037
0.0030588691740106363
0.0005338611331191569
0.0010267390886052772
-8.185395557945513e-05
-0.0019816048136722824
0.0015094983084739636
0.0010496447284896544
-0.0015120069950231765
-0.0013135319972681738
-0.0014616786307795873
0.0008873867275043291
0.0017119610642755147
-0.0017745156212491306
-0.00019193606260502444
-0.0002008900796213976
-0.0012922443321327019
0.0008678924723997893
-0.0009300814657871228
0.0006672081901042634
-0.0012007634595552214
0.001909801036879475
0.0007050026310221168
-0.0004399683758079778
-0.0019964091071238543
0.0028154573300669503
0.0009256230418142269
-0.000511276592613569
0.0016065174043869718
-0.0012698487958858924
-0.000208116875804973
0.001013773840723971
-0.0001524897784116799
-0.002090569554307902
-0.0012419747638421769
-0.0007701119290326252
0.0006861835027776098
-0.00023768578171518505
0.0011668080480330468
-0.0015117012683528539
-0.0002663159951914629
0.0017763377031678501
0.0002721893661541358
-0.00014245246991261465
-0.0005888309924815562
2.727233958079134e-06
-0.0023647456795731036
0.0005961343702570006
-0.0008266643734989895
-0.0008392277648469461
-0.0009496732529942437
0.00013835714621580038
0.0007602886096695396
-0.00025721367797403
0.00014236956100754098
0.0008729522920805328
0.0009891460988661525
0.0006490084674851891
0.0009553272854957963
0.0006810969249810234
-0.0010939507891696374
0.0021741062892719877
0.0005674171752823305
-0.0003750304663390031
-0.0015653223767735033
0.0012429157571775392
-0.0015713884721501878
0.0004350986786864185
0.0012890221420828836
-0.00157159907213548
-0.001530460201498244
-0.0012410588371408137
0.00027130365831174054
0.000828775300856175
0.0005060486950996475
0.0006699406651149668
-0.001809572650813449
2.282147965837827e-05
0.00022207105368336904
6.863051752317741e-05
0.0015329166728536674
0.00024051536943819527
0.0010121572587131532
-0.0010092125965304715
-0.002440937096187711
-4.5146888681005884e-05
-0.0012657316585917464
0.00011302749043578037
0.002076010747792743
0.00017863167979548293
0.00039571361331987054
5.834582665578381e-07
-0.0005559622233659336
0.0020641004332756703
-0.0003102084694473524
0.001139053975086185
-0.0011174343612239798
0.0008601865310051825
-0.0006756130736719775
-0.000842662380047311
-0.0016125874324865626
0.0008105809277832047
-0.0019101478105441345
0.0007400480451552073
-0.00048493246336146507
-0.0003159415532589409
-6.218028827711841e-05
0.00014585999621355547
0.001128468657846832
-9.80841357431523e-05
-0.00047115555697856555
-0.0006176042076555473
-3.846171448511224e-05
0.00024254481620364916
0.0015494570195237
0.0006827122961073865
-0.0002097829714998459
-0.0010669236693794013
0.0004365317599966907
0.0010534729160501758
-0.0015171615756930064
0.0015896305858895368
0.0002854093790425419
0.0008857890863337638
0.0006627674423928351
0.00076006799602335
0.0006238413448807514
-3.873943260252481e-05
0.0006128610207808986
0.0020527739155424885
0.0016539075729686042
-0.0024067963508450202
-0.0014789595939347588
-0.0015539959209103303
0.002233614037562519
-0.001320123931814301
0.0002803794836753328
-0.0002443349676738047
-0.0007511663278841764
-0.0026546847899831397
0.0015005801488839885
-0.0011912220944164617
0.0004130222487202629
-0.0007236123911573972
0.0018833009768655666
0.00029733667400444973
-0.0006814801555482725
0.0006815198250510606
-0.001345699940047962
0.0004292868460649435
0.00035569111495412266
-0.00196280604397508
0.0007604177447515672
-0.0006898931334808313
0.0003209193775010951
0.0006497930479146094
-0.0017658932042777986
-0.002389553504918312
-0.0003215205195419074
-0.0010291945508166661
0.0005326126312572234
0.0005275374607434795
-0.0013054078177086813
0.0013254876262634302
-0.0008019614083169558
-0.000550684336431783
-0.002879817399066151
-0.0007568378090539505
-0.0009583975398186535
4.722025475594745e-05
0.0013919083640650503
0.00038562580828747006
0.000990577730429544
0.0022590008340519097
-0.0025125077034789684
0.0004340874065453522
0.0008671032965754772
-0.0015465285805411394
-0.0014600496769766847
-0.00043486155436553013
0.00013791614695859384
0.0006021675074800841
7.955087102365825e-05
0.0009691819562925512
0.00015759266271193537
-0.0007980868765845351
0.0001948565853199791
0.0002729846810300544
-0.0005021152350565368
0.0012027183911870946
0.00030618301334164855
-0.0017739548151394847
0.0008068954084852422
-0.0008013474552069976
-0.0009999578031073596
-0.0016889665936423795
-1.8140480539054114e-05
-0.0016056047576799239
-0.0003117452548354946
0.000617367114048699
-0.00029242478772400056
0.0010177137865117014
-0.00017591658031381157
-0.000848409111057019
-0.0014539666217048472
0.0005464988071462335
0.00012228867436789184
0.0022679488839269144
0.0006878974622159861
-0.0026490252417703166
-0.000452671057536986
-0.0005598409291142939
-0.0008983128039806105
0.0015292629333066056
-0.0013354538087796016
-0.0003165300901693503
0.00024152067112342867
-0.0016913643373227113
8.188414438727655e-05
-0.001386491105214016
0.0023617732293598997
-0.0005307734438278662
-0.0021357172481828775
-0.00025211343927953624
0.00276131907410825
7.688768865491398e-05
-0.0013660620791292662
0.0008728200953169352
5.5238227374756436e-05
-0.0022245936817551714
-0.0014749063953171824
-0.0018317152646745943
0.001177172162314377
-0.0006264316255973548
0.0004327958522169441
-0.0003959773134610401
0.00020016045368039938
-0.0027804484245421
0.0005816216933573885
-0.0003419904014868599
0.0021683050819406397
-0.0005361561354631464
-0.001513757888426101
0.001410112686940231
-0.0003232770965889828
-0.001288476529258681
0.001926632634405523
-0.0007015780975396594
-0.0028517519445301785
-0.0017251032789425246
-0.0006484115874041144
-0.001336819804218545
0.00028337935069900705
0.0005136192061388485
-0.00035533961994491103
0.002082505399705003
-0.0016491847704940869
-0.0017079482899748305
-0.000509648297505295
-0.0006991364075921927
0.001667691668646507
0.0005087822961445087
-0.0011521744137197977
-0.0004464843812698627
-0.000693711130167074
-0.0008149995845870855
-0.001519089519406147
5.5646260081717504e-05
-8.740434432639637e-05
-0.0008720878220024604
-0.001454821918891247
0.00036441160848411035
-0.00040134331477763405
0.001529018300839205
-0.0008113312684659879
0.00036285907430623384
-0.00041058701954844833
-0.0001118057195110785
-0.0011917771402073388
0.0004959449536788082
0.0012250137126035572
-0.002306432474763223
0.001983832301032239
-0.0016314625148620599
0.0012652064014423137
0.0011589828323100035
-0.0006091096636180659
-0.00010543487721985129
-0.0023252044123215354
-0.0012484224948656733
0.0003312173149582938
0.0005439650338552693
-0.001470169082999854
0.0005885841589885987
0.001091202839585916
0.001199909986208292
-0.0011814868090048083
-0.0002881364961104977
0.0006264695828476532
-0.0012254628798067247
-0.0002482664587038904
0.0005048599271843035
0.0005362124950636567
1.2199836990204471e-05
-0.001254853731565831
0.0012311776328605404
0.0012284037484740205
0.0008474955855748834
-0.0016062773982494674
0.0015757421957171107
4.744584142504652e-05
-0.0005609052132464747
0.00028037932038270337
0.0010696166912113828
-0.00168588030195039
0.0010506175230094563
0.0003098536805230738
0.0002589989200589993
-0.0004468694370023658
0.0008068310977047641
0.0025300597145017294
0.001333211498249432
0.00038995583254758403
0.000890946353708718
-0.0006758057192017293
0.00243290938456665
-0.00016079870247985573
-0.000384215034208812
-0.001283650186661816
-0.0005080976611899331
0.000952998610399606
-0.0020481919269979857
-0.0007459814656015125
-0.0003070480698590177
-0.00035043097410616416
0.0017535058872406718
-0.0005643995654869297
-0.0019332353442765473
0.00047115319752159325
-0.00014411788459546437
-0.00034493293512028074
-0.000811454837677845
-7.161382039878961e-05
0.0005937334296649364
0.0004435438175333241
0.0004913720664335404
0.0005372930671385048
0.0014782895355542193
0.0005397568818010607
0.00025137852654629947
0.0010000116461452689
0.0010050252546746324
-0.00044504456806072174
0.0007640038278974337
0.0005326613337812721
-0.0004992519071872091
-0.0009095788941602137
-0.0030339853186004935
-9.676772580166722e-05
-0.0008423382671571719
0.0003559974033157375
-0.00202360795110042
0.003210048404001257
-0.001030880991800986
0.0010486862095904876
0.000944924707292989
0.0021606446947704996
0.0008078601963630336
0.001502838483746395
0.0008662389855917125
-0.00016082691829729477
0.0006622354190950643
-0.0008378989495268006
-0.0006811685311193772
-0.001997353451604042
-0.0009893405578500492
-0.0004342396494127122
-3.944110302204949e-06
-0.0018344824403634988
-0.0019831911830111315
3.1744867264083505e-05
0.0007006602195024164
-0.0006398562651426843
-0.0004679490602564386
0.0005150136167050436
0.0004124675151519651
0.0022912427574525956
-0.001589863179779043
0.0016379267360105724
0.0012444474535365075
0.0012383570017051376
0.00020886486697417844
-0.00023471743259969658
-0.0012754437781044513
-0.00018153434063894445
0.0003219580357385921
-0.0001618761043796542
-0.00020003013003131297
-0.0018662553904245022
-0.002631699419102489
0.0007505007046993986
0.0006261412024736688
-6.2533415328772e-05
-0.0008313438095167384
0.0015768644597811353
7.225567688264255e-05
0.0007123567740235058
-0.0005519682566640189
0.0007788567604562964
-0.00015431342763029722
0.0021436642150233815
0.00037191482042141645
-0.0010874892825677538
0.0018838014108836767
0.00033776779880827744
-2.085742463083941e-05
0.0001513847550884546
-0.0008140694881069932
0.0020802799091995754
0.0031713016205788132
0.00018508988629529813
-0.00021806079594528723
0.0017821101709963303
0.0006053869931476315
0.00044299483721293645
-0.0014857769759424658
0.0016579024690464344
1.1074301549472847e-05
0.0009558036660012988
-0.0007357919568812
-0.0003115430194544054
0.0006203878915885424
0.0005652487737806209
0.0006728952596436783
-0.0007521909215219596
0.003026893815553483
0.0008468102769001076
0.0005237721742110957
-0.0008436253511564916
0.00033534240409529957
0.001445904036832454
0.0023285436867224486
0.0015081369477615602
-0.00041000330164881816
0.0005204938844148031
-0.00028510888812170043
-0.00016949363043841826
-0.0013779982113380504
-0.0014899673008165785
0.0013949288154615628
-0.0006498366857155582
0.001140426315294514
0.0006162787611573718
-0.0010021039809019658
0.00021986742737609968
-0.0023274922191835216
-0.0009965199867969401
-0.0008762483496175193
-0.0004481903261115129
-0.0008198065810951417
0.0006027881394574746
-0.0002986066518302384
0.0013853500534380101
0.0009499065453519538
-0.0005402644333007723
-0.00014951776349817982
-0.0015121896810282869
0.0002696229310227181
-9.655527656600937e-05
0.0010402804459219005
0.0006618458948011867
0.00045780465167892217
-0.0005044705420979447
-0.00039649530596663795
0.0016461593496100953
0.00016469809998971165
0.0002327032299414782
-0.001604576345999715
-0.00028381398132268213
0.001553405882768354
-0.002346068488862161
0.0022107196889547182
0.0004011164884987191
0.000153146144959309
-0.0009290812179977385
-0.0003074456441039118
0.0017668617922999062
0.0010416296878463613
-0.0002670432654318828
0.0007287821313051284
-0.0006840907762511796
7.834767170783469e-05
0.0009011420684328257
0.0015504950550837523
-0.00022951520053307204
-0.0006710115708848224
0.0007048907475081415
0.0018843791923559775
0.00135314312172553
0.000977864442855269
0.0009402348625301441
0.0022569815178374772
0.0022361762765815657
-0.0004920033122109128
-0.0013972366171635883
-0.0015944479292726804
0.0010579528674716132
-0.001097319082814244
0.0013555308314162472
-0.000390205379924278
0.0012284052463911218
0.0022065591412319062
-0.0009358800166854576
0.0014685139975149468
-0.0002087450906148151
-0.0006001670156577077
-0.0011640925154613156
-0.001342600414361125
-0.0019340563858068786
0.0011507481476119414
0.00106253264327945
0.00040926995709933596
0.0018667769320589534
0.0006337710419899376
0.0003656325673649489
-0.001527937550888082
-0.0005829418066608192
-0.0008674293320761347
-0.00036319924467325776
0.0006245652679537041
-0.0009499168188668879
-0.0015701889766382383
0.0007474999118352377
0.0021801070728998404
-0.0007732454361588128
-0.0009662532342547014
0.0018521410589352485
8.97102355709414e-05
0.0017459806155517865
-0.001694584532064751
0.0010902501419916696
-0.0008861027942351997
-0.002083589540795493
-0.0015443486062543153
0.0010054564035635709
0.00011729641364307937
0.0007859770549327894
-0.0006730028948977038
0.001249234691194413
-0.0018385275401969442
0.0003281522042427975
0.000340213893237467
-0.00047098986997929314
-0.0010895575978403479
-0.00040278849830352437
-0.0006944794968978381
0.0019015540035905818
0.00036317281093303127
0.0016084507926608738
-0.001985548706545599
-0.0014669704592363262
0.0006428041808039638
-0.0012256779631580005
0.0001567689996609527
-0.00025423234256469234
0.0006207908812269073
0.0010176520006904693
0.00198034142588627
-0.0013192601358983577
-0.0009981097388785123
0.00016971697498259657
-0.0005718388641585628
-0.00055036081506312
0.001491736201706481
-0.0006219144421305059
0.000227268084249982
-0.00047288509528511615
-0.0006822550396215534
0.0012306100608235216
-0.0006698703529436511
0.0005991998800340534
-0.0006197561795764624
-0.00100871348829826
0.0019275804564221246
0.00219109223678112
-0.0007802901944256182
0.0015308844494506119
-0.0006239176129242559
0.0005035543113496821
0.00048581055522676055
-0.001936273879392726
0.0003655405489849601
-0.0012445140057790126
-0.0024039158743770135
0.0008897819685428128
0.0009060460446326711
0.0014033742479700449
-0.0009582292896333092
0.0005056526273894639
0.0010868643930499126
-0.0014574857491273677
0.00029808263208097856
-0.002023629460871816
-0.0008837827515519648
-0.0015213969065791153
0.002411928914409384
0.0025724454275588816
0.0009088622978220696
0.003176962727031996
-0.0007128808408381655
-0.0006701909456512635
0.0011297292544115967
0.00038179080729224696
0.001251932389957119
0.0009692381475182524
0.0006118523286191924
-0.0009933892932093957
0.0003798886850272107
-0.0010170145787394853
0.00012303383454227362
0.0026766299174282864
-0.0017299331695634205
-0.0009765493339516796
-0.0005003885938131406
-0.0007849754639013246
-0.00022713713703959455
-0.001693647912276106
0.0008844974274892339
0.0008451340035888137
-0.0008750581098588621
0.00042558730105698745
-0.00020990812613067437
0.0016042526087489141
0.0009899272455100934
-0.0017121494414375617
-7.046497631616076e-05
0.002161860235385331
-0.0003741491923665843
0.0016711478170404854
-0.00016999854914829732
-0.0013711588135506636
0.0003345484039570641
-0.0009230018229998046
0.0002948823906376887
-0.0016474591441397964
-0.0009070674753872268
-0.0002075418804717397
0.002565253779948178
0.00032148624753448044
0.0006581893764068799
-0.0006524033877718699
0.001520934540293462
-0.0016993406738563149
0.002336029816350369
0.0017825783011361808
0.00011826155948306419
0.00253233275542326
0.0012701852752649713
-0.00015432618765668594
-0.000764918901676536
0.0003213539740962652
-0.0012673355557040436
0.0016125260556702804
0.0011684630119875798
0.0014826449388918765
0.0002880260188134325
-5.701575824700694e-05
-0.0008664129331209953
0.00019357860924882375
5.7524686133446365e-05
0.0005862061650988803
-2.3868432454390175e-05
-0.0014843470192885942
0.0006651860570367238
-0.0009447833659211511
-0.00024426160310141984
-0.00033625137042069144
-4.721945972633671e-05
0.0005349395474774536
-0.0004887818893492021
0.0011479165522071504
0.0019043369483979378
-0.000749589670368968
0.0029843118841945456
0.000995891440098695
-0.00015753981180380782
-0.002056994734597108
-0.0012269940842991245
0.001768519616858481
-0.000880203609558174
-0.0031771642939960286
0.0004810332145605938
-0.002380136203730514
-0.0001994074888253921
0.0015185220034940642
0.0019372936208750821
0.00023825070659969173
-0.0012182198049609844
0.0005740607491892378
-0.0017679756024901441
-0.0011868811801509702
0.00016840701985072683
-0.0011413427130917999
0.0012576827284302592
0.0004233772495493212
-0.00026606795589622934
0.0010810027968337404
0.0013076633823414512
-0.0004947156701883076
0.0008219117012891234
0.0010208928832166461
-0.0006661639967106367
0.0021092321722012046
-0.0009489962852804886
-0.0003152387464199361
0.0013352952089898183
0.0007043531289519471
0.00012270836272158732
0.00046423825181340976
-0.0012237601645795262
0.0015693665269023173
-0.0004139856188909996
0.0009024140062121025
-0.00037444917750010457
-0.00013016454638147
-0.0009739190412375983
-0.0006272779198136405
-6.814033448164084e-05
0.001097414562158323
0.0012369296599429877
0.0007246202527142368
0.00020095802835838378
0.0018331221888919652
-0.000482973317277182
0.0002038197637378815
-0.0006643010755040371
-0.0025686882258898758
0.00052262550021902
-0.0003713055011541406
0.001674161917259647
-0.0008022396602841564
-0.00010471481085808063
-0.00017793722607053705
7.243675559331395e-05
-0.0005003427792927089
-0.001556210596538249
-0.0027219135264543778
-0.00129798514969537
0.00034876522620912545
-0.002621471410443516
-0.001926805832423844
4.535647024176324e-05
0.0007881174123063335
0.0011933573667381884
0.0010223021885454925
0.00045781890984337694
-0.00036893295889604046
0.0015103985796325347
-6.0808766962546706e-05
0.0027808499284163995
-0.0009879138562215242
0.0012035255519600246
-0.00023182620400804494
3.1266950835616495e-05
8.042085460335817e-05
-0.00015128245700653053
-0.0008486632156017777
-0.0011567373175762794
-0.0005812743721431523
-0.0009702263112110925
0.001371232708879336
0.0006810249301664373
-0.0004424575425904304
0.0011343505845478419
-0.0022081084488888326
0.0007812485438451537
-0.0004907813616422206
0.0010621658864858577
2.3563295758792983e-05
0.0010961073215730824
0.000475991053906101
-0.0008521932803160393
0.00015575019484633413
-7.857968269347378e-05
0.00017462122009601495
0.0010252195278275394
-0.0002769984275737307
0.0004538591665367395
-0.00042213393769725496
-0.0009193400790203749
-0.0010996188235170377
0.0027957223091495836
2.5188431298305152e-05
-0.00023492870718904747
0.0021647891299963126
-0.0011512237485553354
-0.0018014949904295943
0.0020758818926725044
0.0011930765898117417
0.0007123059864801661
0.0012457668926778081
-0.000844187463386212
0.00042520944478384616
-0.0006621167022595989
-0.002439622871362353
0.0011011908708327455
-0.0019309812846317377
-0.0005073757418214035
-0.0003289885623566602
0.0017938518309633584
-0.0021208430128961844
7.907086780818635e-05
0.0011045486372953826
-0.0016926659841962786
0.0010029613368129024
0.0006611650540248917
0.00015618795763919644
0.001087853300950571
0.0019958392456755516
0.0006068939996167592
0.00018858333854809104
0.0023464201440705017
0.000770689560691119
0.0010999409311560039
-0.0003148858127120597
-0.0008967778424319366
-0.0011508075010579772
0.0016174199457329314
-0.0009921131129152405
0.00011042406631969978
-0.0014527328347406113
0.00011592528829656324
-0.00021716123629181573
-0.0004990773765330947
0.0011668676421092226
0.001160786682683928
-2.556300382073852e-05
-0.0013709989083036979
0.000278891059642335
-0.0008405946079050075
0.001393703302948088
0.0004036488169040175
-0.0018821010745583098
0.0019483373433937497
-0.0008978392385605007
0.0014251640492117586
-0.00041039696725591663
-0.0015635649390704155
-0.0008022525221750949
-0.0007107532116721481
-0.0011418124617952696
0.0007690202451042264
-0.001154091588957936
0.0017602448551994317
0.00016513269813163192
-0.0016612799404439296
9.345859623667701e-05
0.002050169847978318
0.0025889315692514537
0.0024285604751492925
0.0007848602263699876
0.00038745463447906013
-1.2694339884129978e-05
0.000297796368168623
0.002282197173265368
0.0017964607509039208
0.0023080554998725473
-4.628200447161054e-05
-0.0022065579316732377
-0.00029869332707208843
0.0008408933101197062
0.00048282858631272746
-0.0005947673641272737
-0.0016075845685680555
0.0006228863032970353
0.0003958408560634905
-0.0016080023698864878
-0.0013164641345305003
-0.0014712866363256138
-0.0004241883350904415
0.0004886764080553337
0.00010116350329731788
-0.00019568255059817694
-0.0004437570222459803
0.0012579127193601157
0.0024015194507375085
-0.00034356551291474556
-0.00032967529382067095
0.0005692661127621566
0.0007250236520204448
0.0010918816766577893
-0.0012977738443919783
5.670729824808891e-05
0.00047915236077391963
0.0006365108284889117
0.0001979851947720905
0.0017996379042277018
-0.0014645085643117525
0.002315745662868202
0.001100334697301867
0.0008601647397252479
0.0010125060144277325
-0.002225407206742346
0.0015284423854105568
0.00039618271636560716
0.00044524544915151463
0.0019863684231738884
-0.0017915550995735914
0.00037547048738718
-0.0015817491418187873
0.0015517857874249032
-0.0017719466355266072
0.002470381808219943
-0.0007277902631455208
-0.001196951134802021
-0.001938985594805889
0.0007879657165466209
-0.0015818119993169552
-0.0008879864010162946
-0.002064968891759658
-0.0004896633909148665
-0.0006186088846746574
0.0008368133319527481
-0.0009344730376689368
-0.0025362758979017583
0.0024288317371313037
0.00024391210936602334
-0.0005001342230063806
-0.001717836905398282
-0.00038145235138735563
-0.001419543425631012
0.0019853868051069976
0.0025373614399060137
0.00019600630640998035
-0.0015235024379876903
-0.0017303564183151487
0.0010918409374667448
-0.001198142788290376
-0.0004232890065656456
0.0007525023959160843
-0.0014623333577719864
0.0011255950982248255
0.0021803120716606724
-0.0006685962066260303
0.0018127274489563594
0.0019324489015598667
-0.0012012959409120204
0.0008056756984947201
0.00033687775012188385
0.0011374143215281823
0.0006523990111316523
0.0014441611131704988
0.0003192024986821686
-2.8753946643658214e-05
7.741817315718435e-05
-0.002397000043927706
0.0019809260881873884
-0.0011231259914668886
0.0021867563510005795
-0.0002842014113167671
-0.0034546674177685717
-0.0003176845628760151
-0.00018820147906442597
0.0002809873509860842
0.00026195839679428505
0.0008418735785365516
-8.925009992006376e-05
0.0018037383028119737
0.0003687628968033001
-0.0002773992617051872
0.000168613982542405
0.000654400968389375
0.0007061251509628213
-0.0008283976069918059
0.001346342128420218
0.0013825734551677546
0.0019882563948840923
-0.0002679397070578832
-9.21358424096637e-05
0.0025301956970469617
-0.00203293853462122
0.0008528133861773912
0.0009002039204549674
0.0009994281145185577
0.001086546998358854
-0.0013578921005168443
-0.0011012785103628729
0.0009953298568575481
0.000310773310144454
0.0005018543440347234
1.1156147174254823e-05
5.131620400274175e-05
-0.0006380221621022509
-0.00088150295950767
-0.0025608724700911544
0.0006339385280806758
-0.00020933568315626151
-0.0002412664187535425
5.136353676899283e-05
0.0013746152465466815
0.0006862848467356144
-0.0010882745382641253
-4.8015429761454214e-05
0.0016524045524747826
-0.001262894662598095
0.0013328396731973114
-0.0006140711532940833
-0.0015295096012972902
-0.0008957096118770618
-0.0007068238489703594
0.0002914609139755868
-0.0006107255480445362
0.0008554294706649544
-0.0007072544100942158
0.0006046604465653481
0.0011059492607152664
0.00014069210575811785
0.0014237709250998142
-3.690564112177742e-05
-0.0013246024133811037
-0.00012384019255184104
-0.001064960185102692
0.0012588372428991793
0.0019235521527492731
-7.93350684335325e-05
0.000721288517173877
-0.0009015037081347743
-0.0010103702031740373
-0.0012904130163361573
-0.0005116636728211412
-0.0006429749274441567
0.0010607425824046644
-0.0007614051668881611
0.0005928710320111892
-5.1604034110173076e-05
0.0017424659120558483
0.00226165496019814
-0.0019094653914197254
-0.0007336755719263597
0.0008378986353155427
-0.0014967671970340577
0.00019547448882998816
0.0009618032097983708
-5.99866738630323e-05
-0.00017272943255302833
0.001197738552192302
-0.002377134199098041
-0.0005932093588729194
-0.004190170789728235
0.0015074139072200885
-0.001152988353015067
2.1981911374924772e-05
-1.0717141457113226e-05
-0.0009492049564682622
0.0017783776315966242
-0.0014076628078342277
0.00021682541671218573
0.0015087581520365305
-0.0005197350812406245
0.00022175654898460724
-0.0006046825805609383
5.888891938196594e-06
-0.0006460738616095185
0.000308085847774677
-0.000841798237880284
5.481892438282942e-05
-0.0015916251132221157
-0.0001048631132687833
-0.001387609830092583
0.002506135310902096
-0.0005093529851041768
0.002020843333957336
-0.0005856373105849683
0.0014352560320164923
-0.0006354653908452188
0.0006611519793453162
0.0013786970030344587
-0.00117302032279528
-0.0005948047135047379
-0.0013892392401867982
-0.0009456035697757581
0.0014851533116717595
0.0023760853259011546
-0.00011011558864363608
0.0012214879613337193
-0.00021677454630722654
0.0005222771696397858
-0.0011654011342009986
0.00010313022646897985
-0.0013955470367182589
0.0013610658794945467
-0.000443210857010986
0.00036873828491386466
0.001869123667673557
-0.0001829633003018196
-0.00020734367525882
-0.00022209907704088825
0.001038398950454851
-3.9186223776397e-05
-0.0004630379226030941
0.0013628444798340896
0.0010963249563993214
0.00041658889606581016
-0.0005179808150383715
-0.0012608489144111511
-0.0009451858219306907
-0.0005260310195010734
0.0005585839084150635
-0.0010580364500968882
-0.002521969821975237
0.000597699221427811
-0.0014312210850514634
0.0007228591207087403
0.00018108834847204005
0.000307253094693639
0.00217878503234564
0.001475918660471888
0.00012487134043318168
-0.0008931164301199464
-4.974441654107064e-05
0.0006855115319509102
0.0011089790938147318
-0.0007830539392015797
-0.0019322999587945743
-0.0023446208382696763
3.0429779131139983e-05
0.0007280521418778292
0.00019971762218708023
5.521184821271634e-05
-0.0005438102629351625
-6.571391493616242e-05
-9.880634280722244e-05
0.002254104736334771
0.002341704036151883
-0.0001526532659321464
-0.001664061055224816
0.0004976922663549831
0.00025292707872622705
-0.0011771868434045333
-0.0005376519752795726
0.0005591724415690798
-0.0006199258797296531
0.00040903646653663364
0.0005780712380559949
0.0004866578068814298
0.00011812204018297983
-0.0009218843293344093
-0.0015201641263283049
0.0017477509454179249
0.00035015832137474424
-0.0015388204489482273
0.000771279276225194
-0.0014860675097692743
0.000302238408963232
0.0019552270304499433
-0.001724373642837168
0.002157850328096655
-0.001228520837465366
0.0006612947660447491
0.0008532609865225908
-0.0010323874460802878
0.0002526106452299459
-0.00175785460729161
-0.0009078798966576405
0.0013461067075132458
8.096434373951509e-05
0.0011292252807660991
-0.0005944060454864769
0.0005495806713762118
1.6194332459728663e-05
0.0010315590908520419
0.00015377382216296863
0.0011234309666375702
0.0016829397952226452
1.6137514137297235e-05
2.208715910951011e-05
-0.0006772552159510779
0.0007323728756932533
0.0003396625857208966
-0.0005667419485464258
-0.0007444190969647985
-0.001187583193507114
0.0009756073725716462
-0.0011417361937517655
0.0008104102430130198
0.0009580489330340238
-0.0003053589079201039
-0.00035735725970307327
0.0005815279247190485
0.0007396457168630424
-0.0002231169575617698
-0.0011101751957567074
0.0018786943603012326
-6.984950672809856e-05
0.0013588573992641354
0.0008337074813833141
-0.00046832800013858885
-0.0015948251544717343
-2.1887117241191587e-05
-0.0010073869232787142
-0.0006105025437854051
-0.0011306993615633808
0.00045708393501916724
0.0009902035839263132
0.00036709992068264873
0.0001633907416304908
-0.0015500676239194404
-0.001170516198496311
0.0002479373228529074
0.0007197591053649784
-0.00022254201349225793
-0.0008492339533945594
-0.0012523079864281946
0.0002188144106563486
-0.0008257912771949624
0.0019090801058843328
-0.0005499328655165207
-0.0016488900211100472
-0.0004079039285157456
0.00025918968849688055
0.0008545536595933336
-0.0005417673523719722
0.0011656527802967715
0.0006253291484459491
0.00122126678776395
-0.0011866408940516759
-0.0009793876422524077
0.0022000449448048806
0.0016112151786752816
9.483802034003058e-05
-0.0010634908853103277
-0.0009301932153967227
0.000795576396467965
-0.0005817638684275934
0.0007351680497707098
0.0003947904184392426
0.0014027879854453457
-0.001782953186986015
0.0010017214532222077
-0.001416689276177466
-0.0002517745147093297
-0.00045393829209078567
0.0015788316847627605
0.00031259663476649013
0.00018147520219118803
-0.0005208556776869528
0.0013070528669943296
-0.0005486438441020733
0.001628498754512533
8.186156492762448e-05
-0.0010062356112456343
0.00032455167909016444
-0.0014240571143262304
-0.0019017938590304225
0.0004381015450797261
0.0005749379273670848
0.0012796658199755984
-0.0020486991592042593
0.0014949432691794373
0.0015946550461974516
0.0004899430440167988
-0.001595045281112571
4.350099486973897e-05
0.000513112585782767
0.0012532621401772877
0.0014244934602958943
0.0005407380636843907
0.0016619011988551575
0.00030676985103646415
-0.002967232371997139
0.0005807528621065991
-0.0007512797510775104
5.4159128689970966e-05
-0.00043775413503783416
0.0014119843057442594
0.0008602847374908567
0.0008127116681267986
0.00019163758069174914
-0.0006564541392096407
0.0002715971139497069
-0.0005861138210174896
7.121433127712773e-05
-0.0003936515592921504
-0.0006468339499121625
-0.0011655859770388025
0.00039164410112776666
-0.0002894653710910084
0.0010519123957799701
0.0007900031250983291
-0.0010248708410538264
-0.0014368356986237637
0.00016581003684447396
0.0011866448334035117
-0.0002757471755899128
0.0001721238612824913
-0.0003357387117727315
-0.0006171264931884655
-0.0019912851390714056
0.000315839418248683
-0.0010097862143721556
-0.0004891892299959238
-0.00030392495844103114
6.462190552732496e-05
-0.00044316629513726515
0.0007832273979577947
-0.0013135332384247402
0.00038834493484380956
0.00026244595257009847
0.0016699421933041797
0.00014251182490540102
0.0005043188947294177
-0.0003324508619552831
-0.0002472957231295897
9.43092810139325e-05
-0.001847468867011654
-0.0013190088727337457
-0.0004433792099447377
-7.577117496626335e-05
-0.00023871366595357057
0.0002845252597126193
-5.461339287702969e-05
0.0025466267534402375
7.800640447394411e-05
-6.639599686902455e-05
-0.0008951230671809297
0.0013622032628209683
-8.299204201433162e-05
6.715713961338659e-05
-0.000669248223712052
-0.0013076424256437396
3.939796548431327e-05
-2.2996225310773183e-05
-0.0027524011781287047
-0.00038791672787378206
0.0008728469769518306
-0.0003205129001619579
0.0010836731875004198
-0.0005414682378378587
0.0003495935619925112
0.000556748532399202
0.00011849839699226949
-0.000869352865120553
0.0013556331204386334
0.0006834680305291367
0.0005949167083847299
0.0013966445960878358
0.0011280390541613594
3.3885606022037645e-05
-0.0010879635115437062
0.0006075809977847004
-0.0009107329222866732
0.001314502450008149
0.0012030160756401516
0.0011539620864122503
0.000466822338458291
0.0007086979503084835
0.0015896571389504937
0.0010693006709183736
-0.00018991455508746467
-0.0001565157604124574
-0.001556580366401262
-0.0013988181677126235
-0.0017843574156596884
0.00023018368586864266
0.0006647445634823404
0.0007804165095610376
-0.0010660294751814647
0.002506445021338082
0.0003913791127646308
-0.0009184891096410795
-0.0008695632379545279
0.0006230566636916028
-0.0013772263513824059
0.0002681983128667344
-3.709219775882107e-05
-8.583217327067151e-05
0.0002993319044454837
-0.0008469025562389543
-5.1153879638438955e-05
0.00021254946440901228
-2.4306388591029177e-05
-0.000301008280063256
-0.001174790830758657
-0.001568418707758252
0.0021935430423905018
0.0022984236334947965
0.0014960441878695183
-0.0006265659184284594
0.00015088473803000942
0.0007573133459176928
-0.0021153160870242328
0.0007099675482966129
0.001712770371274851
-8.082797693733542e-05
0.002163193766083993
-0.0016306321017931342
-0.0008739538137292024
-0.0021995352804443755
-0.0018791027246756334
0.00043033977152643157
0.0010627418978130189
-0.0010887859411718747
-0.0007692294702495411
-0.00044758432329766436
0.00016722546045428143
9.587074833719905e-05
0.0012415589633556312
0.0008553676355686791
-1.8787063891567223e-05
-0.0008580671221536703
0.003285810326307729
-0.0008840286773235103
-0.000638787492562341
-0.0009644771869368721
-0.0037287720752190814
0.0007396332646399462
-0.0010385488535310627
0.0004789121164368814
-0.0012062648311249272
0.002234077465581714
-0.0004446710402575772
-0.0012381710560344292
-0.0007255017657700467
-3.995849671434852e-05
0.00047468436860418814
-0.0015342096963738162
0.0013397518944154717
-0.0012221135250136907
0.0005390599987944185
-0.0004651600128565878
-0.0001128249784073665
0.0009442144062282239
-0.00039903707374657556
-0.0029471308077377105
-0.0009563409860347014
-0.0004411238958855032
-0.001132892919410602
-0.001384923277432897
-5.301958278578373e-05
0.00021049991806643126
-0.000751411941654107
0.0013179792349225442
-0.0007381351411573085
-0.0024301023252605346
-1.958142773706722e-05
0.0016170138446960254
0.0005957203085386625
-0.00025919957377751074
0.00032120188214753277
-0.001450494161283092
0.0015207331534153488
0.002499681381829521
0.0011405974338176512
-0.0022690130465287213
-0.0004851429994880698
9.620132995770564e-05
-0.0005576522196661069
0.0019425033016488178
-8.250422108133917e-05
0.0008471715599656494
0.0012800480257103473
0.0004713590746155839
0.0005918907127725508
0.0005856023423189801
0.0006742115060715691
-0.0009950002406301406
0.0020050583325908933
0.0004931363515998347
0.0011255543685352466
-0.0013959212822135037
9.280517227085247e-05
0.002420029331024345
0.00042793036866393676
0.0009196126389467813
0.000896451396158615
0.00034060253190636316
-0.0016231528337701355
0.00019215631121816373
-0.0003746802348037535
-0.0005968909098727211
-0.0003014180782751066
0.000187903265622796
-0.0007715767169546099
0.00011613247880245103
0.0005450453986655877
0.0003451849751954294
-0.0004979922510465753
9.913533967165107e-05
-0.0004852362621181254
-0.00029144308392295426
-0.0009528229205666869
0.00019631782565986169
-0.00041150963682835227
-0.001722617577764414
0.0006384173676096715
-0.0005134618720326706
0.00025667050349105963
0.0002463719365065225
0.00027527445690506434
0.000300742058056341
0.00026294581672123627
0.0021554967914213523
-0.002082759751066904
0.000803847650981382
0.0005175847541780815
-0.0015725043890142192
0.00034350277120187935
-0.0015072465517192613
-0.0011081948048372447
-0.0010827280769369469
0.001103285983331866
-0.0011785421284820886
-0.0008072622598515613
0.0001452044865655459
0.001299790141570954
-0.0008881636996904028
-0.0006157315255712284
0.0002939897509237195
0.002677536739294986
-0.0006694301347953037
0.0003020783271657773
0.00011650721837390799
-0.0009746155382195792
0.0013759902193238775
-0.0010955288208619304
-0.0017086240867986724
0.00022661716292600572
7.737237078978968e-05
-0.00029059151131107533
0.0018581164674629162
0.0005710195589658307
-0.0009224727301308002
0.0017472308933039324
0.0013172504358300182
0.0007425396701656807
0.0020174621680364687
0.0007199708561324312
-2.843184209819226e-05
0.0006945210719968917
0.0014076856889101718
-0.00016025704138149
0.0010661455442015249
0.0004301891072281492
0.0003916878765894843
-0.0005081401658858675
0.00034059606737431796
-0.0010532494716301263
0.0010765292836495952
0.0019313991500298218
6.443512129703584e-05
-0.0013136562415260182
0.0009225894238169839
-0.0009586027602066953
0.0015221192095416986
-0.0014272507604265992
0.0011171144888600395
-0.0018353372735248335
-0.0004983399951865137
6.001990137213564e-05
-0.00014160866972057006
0.0010948528870402133
9.95581732314282e-05
0.0006937112576634844
0.0001021204299276193
3.4880193368525204e-05
0.0006832568310676532
0.0014355053928993026
0.0012927961083145866
-0.00031428281302423803
-0.0001425632364519706
-0.0014578121288904304
0.0006619602871440131
0.0008921590924960167
-0.0008296084766419506
-0.001272543977202139
-0.000299677909375286
-0.0013624265534498536
-0.000577971382292662
0.0013259825405929123
-0.0010067647405737504
0.001290890501884207
-0.0009693001178446893
-0.0007499324008285628
-0.00132700843261702
0.0012115250888630098
0.0010424734624065453
-0.0021378279311535294
-0.0008939900772880147
0.0008381014909434679
-0.002899651780786781
-0.0007991015438423259
-0.0009915137611273212
-0.003906796198600606
0.0009514059402632693
0.0004582066304055386
0.002879202514149671
-0.0013569455481612055
0.0001398195662841683
-0.0003802902229300152
0.000297504929492938
-0.0008222046115871571
0.00278326516562071
-0.0001769807544057633
0.0009264302056806569
0.0010683024376606628
0.0005688586768798143
-0.0011631092942983076
0.0012982136312179803
0.001313061101538937
-0.0015640971990209692
-0.0018250713113719553
-6.6398460179225145e-06
0.00035448807053428455
-0.0007466309846859355
-4.5987859866905026e-05
0.0008362268752004146
0.0009772043139482213
0.0005325987034344219
-0.0009643147967252027
0.0007117583385746072
0.001470736267023533
-0.0009803511392566622
5.8002909702313124e-05
-0.0018424686783081274
0.0009778595845128409
8.550710051154138e-05
-0.00028662958178348916
-0.0010560509619725715
0.0015203127182022624
-0.0008579454430705771
-0.0012577114741201287
-0.00012698105602205513
-0.0004622967545910197
-0.000272771166304462
0.00036854736555735483
0.0005441655653805133
0.00043075822225899083
-0.0010164163127702166
-0.0006490263214019674
-0.0017716678050748254
-0.0009129811080370555
0.0001491290057295165
-0.0014399021881565956
-7.891056283677152e-05
0.00166518101927127
-0.00036147443898043856
-0.0009716994073913802
-0.00027501087144437506
0.0001336879141092261
-0.0025310909878908014
0.00031022387971975385
0.0003017058675041389
-0.0007129288541745105
-0.0008526760495628261
-0.0009372366710788821
0.0006575379031140412
-0.0004347488742751934
-0.0009821121128307437
0.0007937495258105766
0.001064499648622544
-0.00012012234639532932
0.00012037161292637682
0.000762642516681038
-0.0023203317385896683
-0.0015974948895372866
0.0009050798726344001
-0.0007844804110272156
0.0006008410463137672
-0.0010635213277851844
-0.001742893989761751
0.0008965079413691515
-0.0004445381781704223
-0.0014270487287746097
-5.898686402492293e-05
0.0007959145138555231
0.0009638852116007322
0.0007955215882579212
0.0004878043500626304
-0.0016202130462812418
0.0008631007058572517
0.001173708710165879
0.0010134519483042488
0.0008151468014001004
-0.0014708534735678948
-0.0006470760465930661
-0.001385447829043267
0.0007053018111826328
0.002070465747260661
0.0004105543868752851
0.0012305116070787771
-0.000912243996708869
-0.000990866772526251
0.0011655441807544673
0.0008842024962515613
0.00040208210521366184
-0.0011299155900843232
0.001994941385237675
-0.0023355505889406125
-0.00021931161881640171
0.0003098393143070684
0.0006093289090532085
0.0010322582506750017
0.0011161307727369629
-0.0023787694627579667
-0.0021428882519813424
-0.0012208643224739094
-0.0006938744082133674
-0.0015934581746367606
8.30035750258714e-06
4.231381833940199e-05
8.532969997288298e-05
0.000519558827285805
-0.0005046610458205745
0.000326700719919421
-0.002331154486627416
-0.00033413436124165663
-1.4302321300854288e-05
-0.0013157464963456037
0.0004563241165139536
-0.0015600772546491774
-0.0002534603332371696
-0.0003163756632906855
-0.0019429921969103176
-0.0012740900570123285
-0.00017051267433642638
0.0006962664580851906
-0.0008702922646402997
0.0011917717142075814
-0.00031177941857040656
0.00017805656248994628
0.00017275496011859214
-0.0010131401813533694
0.0004153179917366419
0.00020274249242799482
-0.0005960563917287225
-0.00020032294288408275
0.0008446597304199981
-0.0014412803403893422
0.0004047167730212113
-0.0009104595580501542
-0.0009882600080925968
0.0008334249327649776
0.00017111121695301897
-0.0014082375260782087
-0.0010188925895992626
0.0012228633378127218
-0.0015260439233752317
-0.0016848891552392754
0.0008418855704909754
-0.0005717025930339317
-0.00033699184836120504
0.00033295906154333474
0.0011532581535390882
3.122217484747225e-05
-0.0013249299143171084
-5.8180298529862704e-05
1.1197513241065665e-05
-0.0001459197208796434
0.00010926336949016667
0.0007291518218419518
-0.0006124764445409617
-0.0012467923719405721
-0.0008480963117608521
0.0001889869583766865
-0.0002165859618806501
-0.0007977906427622162
-0.0005775921578084722
0.0007360646127061197
0.002451429941849263
0.00022296310320164944
-0.0010671538682366798
0.0012007780376760073
-0.0026631321367054954
0.00041826695079142366
0.0008806677815642224
0.00022921579697763212
0.0011498370684257552
-0.00042366161184276795
-0.0015668605805315944
-8.03474898100094e-05
0.0010579272031291374
-0.0011498648233116292
0.0019278416006690445
0.0008549095931127724
0.0004590902485883916
0.0003531970405542004
-0.0009093807415368016
-0.0007089932218312038
-0.0015389337530417944
-0.00023859847106834654
0.0002490448021945117
-3.734302120444286e-05
0.0003260311564989494
-0.0019560841528015976
0.0004287496860097063
-0.0018817757218373909
0.0008047968622006421
0.0013808577651368509
-8.540369009524796e-05
-0.00014986220930376416
-0.0008289930231842828
-0.00021668691119638604
-0.0012252596242333861
-0.001315931864415588
-0.0005493902679713816
0.0009449513927115714
-0.0013742830386288048
-0.001464167495061889
0.0006601237391334171
-0.0010727300187713608
0.0012347532979808105
0.0010079108245911012
-0.0008605151822814193
0.002247292006067857
0.001078120838358062
0.0009058809825204851
0.000497769098962316
0.00039260443812133
0.0003411508935266644
0.0010594039830055459
-0.002222372460280339
-0.0004979743069763561
0.000365709994587258
-0.00082498037173976
0.0010537892070244736
-0.00041473772839313675
-8.66894023480903e-05
-0.0010834644621763884
0.0005758419169131746
-0.0015619875857385745
3.8535851769711833e-05
-0.0016271472388652544
-0.00031636424518059167
0.0012594270821732706
0.0021238475000627537
0.0003137317406137009
0.0011227580019133741
0.00019519692538759784
0.00029634052289349394
-0.0005448644017117134
0.0010803883695343598
-0.0025706009765385394
-0.0003504722986316831
-0.0006734542505314635
-0.00037216388896843625
0.0021348442577207587
2.4393722748471137e-05
0.00025708193286149523
0.0021576157503895165
0.0006685303274408337
-0.002136027205436005
-0.0017465463239757595
0.0002040896672312745
-0.0009380648632354621
-0.0010440009394518885
0.0013501349694238418
-3.5364148309834996e-05
0.001806876235190529
9.314487794991744e-05
-0.00014509975301492536
-0.0002835907837197732
0.0013696857737162766
-0.003259093540956708
0.0003100843303685224
0.0005750224471020263
0.0002937500866180118
0.00034885415130964624
-1.8257274322072092e-05
-0.003076650457608261
0.00024655710659247926
-0.0018306006263100977
0.0021594338500893224
0.00017370412338859535
-0.00025470429914361306
-0.0016522578608939474
-0.00059690546567611
-0.0010302802037450093
-0.0013773811795322701
0.001270501925085319
-7.73157371935268e-05
0.0007563296390751175
0.0007638860992143926
-0.0010966946575424311
6.960205453505432e-05
0.0009028950895011546
-0.003093898399855967
7.56136477372726e-05
0.0008247021027583062
-8.361796851771153e-05
0.0012519313131980037
-9.871556249030006e-05
0.000737866397284649
0.000826537683166161
0.0006224860189247983
0.0001454097016504447
-0.0005112880166897002
-0.0016072992296123296
-0.0006133443886200196
0.0014638395667808963
-0.0016582321922205712
0.0018342645790488349
-0.0006180986433763206
-0.001407988289598308
0.0018018231328250094
-0.0011600587393862
-0.0009568963968586291
-0.0019207287677155932
-0.0015010025453763476
-0.0004946178638690109
-0.0006152929027852459
0.00029224315129939394
-0.00019133614095013236
0.0021366991159394466
-0.00032705251897553153
0.0007099736241524252
3.5639214634484226e-05
0.002055456247341799
-0.0015465517709671271
0.0008915992787371164
-0.0006395288388926188
0.0006806302357494811
-0.0009153510055732506
-0.00025355946821490173
0.0002647742811942393
-0.000501848115934497
-0.00045085365851502785
0.0003753267138611088
0.0033766641417074215
0.0009224287807701647
0.001477144886921069
0.00012273892650585414
0.0007650546899941346
0.000837091785439406
-0.0011244327841574597
-0.0002512553510928541
0.0018201883577171876
-0.0007170997003812256
0.0010703916177098127
0.0012496942214030636
-0.0002208159655380514
0.0013113705274170756
0.00037935338571248287
-0.0018897048992826972
0.00033201119378711987
0.00023941730516515556
-0.0018374063752094293
0.0010621478699393426
0.0005991520313161232
0.000240955810318574
0.0015938619228456246
0.0005963025901702346
-0.0013892685055847402
0.0013792627980764441
-0.0012397150044228219
-0.0009480283049102514
-0.0014255098205822776
-0.00020629978303955717
0.0013766762834756519
-0.0008081342851415461
0.0012414935828868967
0.00016556338675189868
0.0007993228289990741
0.0007037331558901482
0.001277747210900011
-0.0007362345696198464
0.002881599271666259
-0.0024851375679642044
-0.00019236025951463483
0.0006975709841238023
-0.0010147889035078874
-0.002075074223902612
-0.0011835937983359444
-0.0030634699076210067
0.0012652556539465465
0.0025156113307054488
0.0020808406781872156
0.0014211239444976529
-0.0018768430187296422
0.00043434616393572454
0.00013154847638916745
-0.0006840913903110156
0.0005675478502646798
-0.000317074533208462
-0.00108275336696587
4.523765286753325e-05
-0.0005080382922763955
-0.002245184381906239
0.0004756640839473489
-0.000680884392220854
-0.0014447922179726365
-0.0007363383667236932
0.0014950299249764278
-0.0018608800398867106
-0.0007334043291682444
0.0018179359137634609
0.002252934584221168
-9.330025453321545e-05
-0.003924913197924632
-3.4925118728546676e-05
-0.0006431310462465941
-0.0008640697488448868
-2.3907469999232648e-05
0.0016358805766090358
0.0013043893160571052
-0.00019358299583243648
-0.000706178744973946
3.2880348087739605e-05
-0.0003039628158154593
0.0004266575244890333
4.330934633098664e-06
3.26638472503727e-05
0.0006848165987333972
7.70524199835183e-05
0.0006567016256521537
-0.0007422941461072627
0.0008907099490686089
-0.00047961731477268437
0.00022002279909818248
-0.002303307802674269
-0.002725739079015425
-0.0013505097074485478
-0.00131212263470957
-0.0026972585615717953
0.001249091742086207
0.00019305543115264508
-0.000272999843159528
0.0005643422645784299
0.0004211056448958476
-0.0016686941722606
-0.00036204412940236014
6.867347453306712e-05
-0.0009362292627198553
0.0006207494910749857
-0.003266458197882207
-0.00023562225761186758
0.00017958315457320136
0.0002935593654664949
-0.001880892567679602
-0.001603499701786558
0.0005511757853778897
-0.0008824146456828348
-0.0006792003131241136
0.0017834999183315885
0.001088396338656629
-0.0020439525546745263
0.0008252198396081897
-0.0012105456618782817
-0.0008885921216587109
0.0007967367894715627
0.0003211340301929176
0.00024958706100135393
5.3314504742955065e-05
8.341205827907314e-05
-0.0024461338412684274
0.0008616188696543868
-0.0015390157341177032
-0.0010669908531379228
0.0005805138914078821
0.002273738793131793
-0.0013612099206084046
-8.536358374600629e-05
-0.0011439169129093011
0.003989032520997797
-0.001227672822378983
-0.0005640283237806038
-0.00080394821139992
0.0004277016250776464
-0.002377985442915017
0.0008739722642496354
0.00037746414412035144
-0.002100117470375756
0.00018275958490173762
0.0012735878053417502
-0.002753635021659806
-9.688436159519993e-05
-0.00037377704183402506
0.00024427726151674846
-0.0029066067996995596
-0.0009682705244473154
0.0010549331596200267
-0.0011794502301741092
0.00027195168942245607
0.002547558276024028
3.5313232386227414e-05
0.0010219130964578182
-0.0009813411422564733
0.0009191074075723942
5.696129695094019e-05
0.0012415026724750227
-0.0007939066857968738
-0.00029321501865292365
-0.0026616927835440623
0.0004076124085251923
-0.002075429858015401
-0.000935978652946727
-0.0004181792438671794
-0.0007955206354597878
-0.0010197159779916003
-0.001741682171953724
0.00013638965077385242
6.104627973870358e-05
0.00033400794070625827
-0.0003016720036178045
0.0014294631004616919
0.002435584074536037
-8.638331351725356e-05
0.0027394306697499137
-0.00037209631432403873
0.00010997266494632716
0.00131010449292048
-0.0007461003992029727
0.001114227600007566
-4.626959423173382e-06
0.00018396322791390944
0.0006192162941473445
-0.0010941785256005723
-0.0002551932231304738
0.0022244213678150803
0.0013285240361448124
0.00025582302114964374
0.0008755254032068459
0.0020616661500520946
-0.0014517822042675456
-0.00026437495823774414
-0.0008226180557102305
-0.0007623422252909747
-0.001631732389630092
-0.002407793718585503
0.0012258055939149606
4.3871166224914686e-05
-0.0009277265100789777
1.9061028930062853e-05
-0.0005035829951695433
-0.0016061929604922873
-0.0007003046704608895
-0.00041443863242002574
-0.000585051796687373
0.0023398915418748594
9.650686947125144e-05
-0.0017267945009317622
0.00028334642966741164
0.001398533318855751
-0.0009616862423373997
-0.000312523981478241
-0.0004351900213575269
-0.0012172020950245554
7.964212685579053e-05
-0.0014696907975609783
-0.0007477944053425991
-9.842802626540954e-05
0.0009951421138630892
-0.0005158967956108357
-0.0010255127390789713
0.0005364026079004116
0.00027058051546378984
0.000476359671661167
-3.8872074167291635e-05
0.001039998253056113
-0.0006074227530845734
0.002031980985534438
4.9809916109571677e-05
-0.0005983564572490611
-0.0015855829778901338
-0.0012438724546678444
-0.0016815818515024336
-0.0005119907099530458
6.894887716540584e-05
-0.0005351010933844696
0.00011766228657940539
0.0001051766698096634
0.0006165021280189472
-0.0007361039023712475
-0.001360215224105545
1.872559228159119e-06
0.0006149353482715818
-0.000459084068658386
0.0013078867085455918
-0.0017413574549471433
-0.0018274754026942086
0.0018538265904304424
0.0021310760131390684
-0.0013899511242399269
-0.0010652367294576544
-0.00047303517159735277
-0.0017473692269094937
0.0009669407693659315
-9.047924574979513e-05
0.00015639551826031407
0.0009917340802280774
-5.854550791034585e-05
-0.0008938999735638288
9.245516214184809e-05
-0.0005917595490171327
-0.001366990143179574
0.001370616969272879
0.0017428145007214039
-0.0004889134110668118
0.001481627502067342
-0.000377988891284142
-0.000849007888116751
0.0011260907032887622
0.0004500138180035357
0.0007702744977834627
-6.958611129671902e-06
-0.001493845573032949
-0.00016869882267560595
-0.0010560909501059037
-0.0013159480319327027
0.0006665860630823075
-1.1966987444984463e-05
-0.002123819662536225
0.0003497217699082661
0.002061119262484749
-0.0021701999212218022
0.0005959927051724386
0.0012626443946567646
-0.00010067368153243916
0.0005684056755038249
-0.0006385432189409901
-0.0005289558609635953
-0.0007708478758788633
-0.002541439688143338
0.0008666911006798275
-0.0005665778971250245
-0.00082042335326785
-0.002241377316766666
-0.0012933277774065577
-7.97629181042609e-05
-0.0008670719755464981
-0.0006517667352186361
0.0011104833167963639
-0.0009281235884799451
4.86976053831856e-05
0.00044412684315174995
0.0007417211624331669
0.002007457725769849
0.0013415464083841287
0.0005958268555434288
-0.00023494608271807995
-0.001074659677830491
-0.000995454015381238
0.00024675628316453435
-0.00018564472879900425
0.0004759340941665064
0.0017041537736197598
-0.0029806824036569066
-0.0004160059265723201
0.00016384822703535535
0.0006113926351179119
0.0016866905073906376
-5.2378090672088346e-05
7.336978183927856e-05
-0.0006565425384150882
-0.0008606684064513094
-0.0009558447598400713
-0.0019252617837176521
0.0014531580332814687
0.001120432664041257
0.0001866133554898672
-0.0016257644496963245
-0.0003117906124017193
-0.0006726422515238584
0.0008245125284115922
-0.0006876905434962066
-0.0010188437030119383
0.0007435161468348538
-0.0002573221159914177
0.001273122604083915
-0.00037379965686893237
-0.0017397262484130345
0.0010667831091164222
0.0023003424977841706
0.000739989055195472
0.00025926579391064757
0.0013944612823672947
-0.0006564215144911936
-0.001163901984560074
0.0010561811510543886
-0.0016126085416496522
-2.0150986906185025e-05
0.00031064048142291086
-0.0015816904671751317
0.0010508569592799887
-5.477077846789381e-05
-0.0005441289281710412
-0.0011777787018505492
-0.0008039733105156743
-0.0007321018209757715
-0.0008441371478226529
0.0004302915524723075
-0.001566240051965504
-0.001909279347419897
0.0011611097685319234
0.001081055582778359
-0.001159968566942112
-0.00032483297793432634
0.0011219215395043543
0.0006093024063721157
-0.000931783969109542
-0.002053550432763033
-0.0015381039171316637
-0.0003888310125893094
0.00016065043387669374
-0.000997000880719573
-0.000468489477767631
-0.0009141162017312288
0.002018840501238991
0.001003170680174127
0.00136594858721603
0.0011433983030294031
0.000598441075313124
-0.0004104196781893368
-0.0004484729027923172
4.073364771252473e-05
0.002436655382460949
0.0003476524114631334
0.0023076248081587802
0.0005119089650879916
-0.0006989745757573504
0.0012290315889703098
-0.0009299586661939798
0.0003073670484222975
0.0014886192037082407
-0.00023811284099655244
-0.0024245112362122683
-0.0003452381370003504
0.00032643795799273907
0.0011726646824954893
-0.000612488762196788
-0.0009286767118812691
0.002224453199050667
0.0006850118273360082
-0.0008519867610997444
-0.0015148609604134474
-0.0005508805207050635
0.0009099486618135833
-0.001527549209195227
0.0020778978550905405
-0.0007343638070525445
-0.0012369460879770307
0.0008388442054847935
-0.0004634515112368313
0.0016059082548202923
0.0005417510394603378
-0.0016464563024502995
-0.0003192259604523372
0.0008818248892703618
-0.0006431691411576617
0.0016013397934902854
0.0017216168458422116
0.00022554798045685558
0.0005808462069353807
-0.0029116007636173238
0.00086359761483162
0.0007844090742443634
-0.0008544922885221237
-0.0009133259630685548
-0.002078549680379535
-0.0001213100293758805
0.0002801995007267072
-0.001356386643007575
0.0025211203860882984
-0.0012568978470474392
0.0012179407829331402
-0.00016550084700041838
-0.000903973903804864
-0.00118016303675326
-0.0010141635815628786
0.0014282384055161886
0.0001387977521565235
-0.0015234917746917017
-0.0019758841403215333
0.0001653644700338803
0.00019897104518950079
0.002031711154296377
-0.00045318665965060753
0.001566942717387346
-0.0010484349013491553
0.00021776135129048462
0.001683878152011783
-0.0020406036665581288
-0.0003122366240134824
0.0012863322159609772
0.0010484163891796776
0.00038118517348880734
-0.0013806075782894255
0.0008144956767889535
-0.0011282580815047208
0.0015840832714191313
-0.0004549384486219077
-0.00037368533744433025
0.0010762874004202208
0.00015517686558404756
0.0008457966992173623
-0.0003179090566556045
-0.00040053383675191625
0.0005082686389588021
-0.0001729299934665266
0.0001582610707099955
0.0006747978227325261
-0.00040008599003150437
0.0006622491551208389
-0.0010023741431445736
-0.0001843904805390539
0.00035621950206309977
0.0016147748758092158
-0.001358054069128598
-0.0011276702764281279
0.000433301301683111
0.0013852955075126098
-6.159421998005333e-05
0.0006191167632015574
0.0024072415844414254
1.341848502622018e-05
0.002796905053356696
0.0018657142589776036
0.00036090351336798753
-0.00011970461468065745
-0.0010013993718779952
-0.00016479164280252032
0.0006770947916589325
-0.00047307649479708564
-5.6200139622932374e-05
0.0006418115847878973
-0.00018313203241033908
-0.00015365156547915142
-0.00014009959215290289
-0.0019415802119472046
0.0005507625138279471
-0.0001618120309148522
0.0009984913811542538
0.00308811280144394
0.001756436683470561
0.0006051700296109861
0.0004929896547158558
0.0009073713713681861
0.0015893254080945765
-0.0007304265605649053
-0.00010886250508659839
0.0007127933520057017
-0.000553520391117447
-0.0007340987912898342
-0.0002230058986866233
0.00040248375912273275
0.0018860897412101276
0.0006439832329183094
0.0024629323098354573
-0.0005514134992315741
-0.0008805878006573069
0.0005394654840037744
0.0010740753858655666
-0.0014547836752711936
0.0009898657034125024
-0.0010270628890518723
-0.00012309483616114626
0.0002016142148200941
0.0019631282806572077
0.00026833350745321475
-0.00033396709567330636
0.0014815622099843347
0.0014209684782028422
-3.5886237935792033e-06
0.00033490600553612765
2.820964060242319e-05
0.000995907718097967
0.00017989507244270945
4.3819934101369695e-05
0.00031137850555468965
0.0014614335079923676
-0.0018435863708414074
-0.0006233869198316704
-0.00041982710492375664
0.0011866803755138304
-0.0018437625549715027
-0.001810282887577598
0.0005228305033991382
-0.0002832348888690902
0.000676408611500892
0.003503726552813477
-0.00092004978679595
-0.00018757917261944578
0.0009612602836792924
0.0029662275071583605
-0.0009129151548288128
0.0005098601397519754
0.001738053547873775
0.00015601578113890976
-0.0006680010851999514
0.0006786542592551349
0.00015979721706933399
-0.0005034571946600169
0.0005902210792180054
0.0010562438786255379
-0.00015137208587840035
-0.0020336459129909686
-0.0007722965163914863
0.001034109543634442
-0.0012340603733289354
-0.00019374876878682835
-0.0009782456434233421
5.643039659382617e-05
0.0005978381266680597
0.000978401195452307
-0.0018527752952436811
0.0005527029042400755
0.0003474600993685373
-0.0003235532960186475
-0.0009297687151031053
-0.001242741869971515
0.001136050521811653
0.0011117928412687807
-0.002618025935288921
0.0008414219986240111
-0.00020652119790235955
0.0005751530657384746
-8.378813092825217e-06
-0.0017382092183396147
-0.0015729704703729282
-0.0027892846892322493
-0.0018147239097267072
0.0014967812298149095
-0.0006224190028781926
0.00046729375853585156
-0.0010157832108925863
-0.00042612595615679064
0.0010812202962088534
-0.0024432635848419893
0.0014573644251339307
-0.0006296689839636472
0.0009121683427252007
0.0012036874363843737
-0.00014593619310655025
0.001797550243971121
-0.0008561221186695048
0.002558609435317734
-0.0001859712053444378
-0.0002147079172133327
-0.000921694808240095
-0.000689597793901102
-0.0009691582127928791
0.00018024126519218073
0.0005952697377701553
-0.0006926864669255307
-0.0008228571044093516
-0.0001863521869368725
-0.00041596866314997505
-7.045666408050024e-05
0.0014797020541461564
0.0004155555453911973
0.0011408017818385714
0.0013816656698966345
0.0012226571290512925
-0.00047371418566164293
-8.771014988097971e-05
-0.0009208608493567815
-0.0019574452861417188
-0.0007665978278854138
0.0012710573376769612
0.00259549971323251
0.0002976383311749541
0.00041233238420320767
-0.0003992009525948458
-0.0010022535965036024
0.0029518156474378217
-0.0025106037191476357
9.188041914986391e-05
0.0006816412674813709
-0.00034786627111402436
-0.0019596610219564286
-0.0021068953311477313
-0.0006372357260145002
-0.0007650448223906499
-0.0020592849599135377
0.00032086584690672914
0.0005067218438871194
-0.0006639010896545921
-0.0014408479547631241
0.0009310701679700025
0.0007056420513743807
0.0010334339905342421
0.00010730044359028483
0.00042595952340294924
0.00019084813882640016
0.00039220681415946384
-0.0004132556539907388
-0.0023303810867714493
-0.0018144800908499199
0.000514220995384144
0.0018753186707599863
0.00042551131452202203
0.001762861658704881
3.7658843513424844e-05
0.0014412341953062937
-0.00018782263441789683
0.00010850347364744176
-1.1250978209029286e-05
0.0021698059670353063
0.0005523351442684861
-0.000539514920571283
0.000580134496781169
-0.00041655519635596245
0.0006347913937757357
-0.00011225189596222189
-0.0008453487055556792
0.0003222873017375571
-0.0006722800134505399
0.0002697303596751079
0.0004780275801472929
-0.00028186103218265704
0.0021277933612862034
-0.0006493435212024985
0.0009014309280130076
-9.962511945330982e-05
0.00020510996709045855
-0.0007987107960690273
-0.002567650221043864
0.0005757064766143742
-0.0005547936542406941
-0.0005076105415976816
0.0007852400989425179
0.0008722902684044716
2.128989908471323e-05
-0.0002677815286470514
-0.0007157347025961716
-0.0009533976765955654
0.0009159274639112242
0.0028019187219883537
-0.0006456607460603833
0.00016801286524959584
-0.001317445820433436
-0.00040142772712391754
0.0006586381615627443
-0.0009229583584348796
0.0006177132559763776
0.0018219086440268394
-0.0008146493771369459
-0.0007243862355935685
-0.002846664961485035
-0.00041267958388707036
3.869003006352109e-05
-3.5672916774939417e-06
0.0009104700255717585
-0.0017642257920775274
-0.003022715579858095
-0.0010754539448936207
-0.000729142780865975
0.0008631848771314662
0.00188883123532134
-0.0012434924243267926
-0.0005851065797074853
0.0005071959128849067
0.000515298910142121
0.00121768426059683
0.0013644320240402104
0.0010077933820568487
0.0013976515265010459
-0.0001178612611900752
0.0010740843424331744
0.003015073708171897
0.0018842431998673506
-0.0010785487129977578
-0.0015150994838803878
-0.0008529928140636537
-1.3707656166088782e-05
0.0002142609859480837
0.0001442900849598954
-0.0004950844952079025
0.00048451145121054855
0.0019503361421875328
9.304214589407676e-05
-0.0004082571620722001
0.0005259497340208329
0.001439312334077895
-0.0009347988899901749
-0.0003625533390183032
0.0016881607113689852
-0.0009090810363650699
-0.001271657421740626
-0.0014716368645463988
0.0006456193119365632
0.0006937597515972188
0.00016665045517765347
0.00039987332425081627
-0.0002349681663338063
4.213461208034876e-05
4.630867221304737e-05
-0.0025559327708112142
0.001113412243005242
-0.001369201849047078
0.0006148872257788636
0.00122815694657896
-6.335241095049644e-05
-0.0010201191585431347
0.0011450720345881635
-0.0010275330633326156
-0.00037367832514174416
-0.0005932860259779789
-0.00010033859135601719
-0.0007800870347507928
-0.0003760467112820137
0.0010389493869300845
-0.00030746797299002917
-0.00086249772716104
7.967606785867197e-05
-0.0012642400668143065
0.0018817377203942292
-0.0008335193879394496
0.002015940680007962
-0.00017464053370306823
0.0008709242745122786
-0.0007516802462497051
0.0010968383141783788
-0.0007814917957275047
-0.001939564654777726
-0.0010540646059004188
0.0012739410939183197
0.0009685186587572048
0.00012948781156410557
0.00015094331964768737
-0.00037376002515104216
-0.0001676541329961239
0.00026000575612044626
-0.0008343284722067547
0.0003042751789280651
-0.00012812598527988745
-0.0005260037573656245
0.00120448932649546
-0.0006932222435231822
-0.00021791052363770227
-0.0008047656054722785
0.0016418656777364487
0.0012388966257334693
0.0009059106281980166
0.0006191863141508022
0.002321557084054119
-0.0008092891792271624
-0.0021537505289885737
0.0009092484448973326
-0.00021225029109839095
0.00198600984007133
0.00015080294035448358
0.00039112387798739335
-0.0004943801305704663
0.0012542092502468613
0.0004826080358623321
-0.00033433648282612296
0.0006167299773626477
0.00039168576439158314
-0.0017951722191463988
-0.0017092096685323126
0.0019025603705447851
-0.0003894777097384454
-0.00030106820580687153
-0.001118086546242882
0.0007550958536576314
0.0007645033842452792
0.0017264424250073623
0.0017240951573106842
0.00014917324433244252
0.003026842643532233
0.0013391349775111357
-0.00046686355029200904
-0.0006077204079284117
0.0002421582433301485
0.0021277972321391003
-0.0014412078179119683
-0.0014551203093252953
0.0005196102182826938
0.0002724984972216833
0.0019005623773869003
-0.0003396878620500328
0.0020223484052209802
-0.0008603921484661011
-0.002645707262363484
0.000951870691637756
-0.00039512457459949755
0.0005170952278424939
-0.00043714297602165934
-0.0015884419554139972
0.0016617253494860017
0.0010753189228802718
0.0011027627077904243
-0.0006486884229900468
0.00039431452206655735
-0.0011735489255654296
-0.0009376016283390801
0.0013333469555624844
-0.0010729034667003243
-8.067867598888606e-05
-0.0009589542004167564
0.0002733836113329592
-0.0017148070119755586
-0.00020823011559792428
0.0009571132205248632
-0.0009071184436793777
-0.0003666903288514698
-0.0006953443297993187
-0.0003942363004775306
-0.0013842368117889588
-0.00011677903254574588
-0.0006968183063014427
0.002176575812105733
0.0012353553225531028
-0.0014824401166815334
-0.0033276320668365797
-0.0004160442652070289
-0.00019068445155419228
0.0013033884091311649
0.0001555868935987872
-0.003405241026992647
0.0007129603035837584
0.0004483444204388811
-0.0005459024074415832
0.002732049978548784
0.0009162222605816275
-0.0006865177208078739
0.0005663307047860162
-0.00042706331683878875
-0.00034861866853266594
0.001244344570783002
-0.00208206618760719
0.001614870657653444
0.00140546860410831
0.00026225057813103816
-9.468057287915805e-05
-0.0017779798869882418
0.00029150860735560174
-0.0001596731175431174
9.008721594153263e-05
0.00029625582881770657
-0.0001440665415478323
0.0007866334402623852
-2.7534916339374406e-05
-0.0003221922824411857
-0.0006739464056795252
-0.0006351162614799798
0.0006736308670887262
0.0009259523146630862
0.0009859011156841885
0.0013695735130162124
0.0041825506467890695
0.0009245957267799209
0.0009662911813406421
-0.0006298042927886795
-0.0019866961019861682
-0.001736197537326176
-0.00019257724779928422
-0.0018115023377140833
0.0007156942031514105
0.0015348067172091602
0.0003314832119266993
0.00028501911628591836
-0.0004249995691195827
-0.0006230152132164237
5.973663793423509e-05
0.0013254171291449807
0.0016276392167999347
-0.0005302933727763478
0.002624755577890628
0.0003213585580010118
-0.0005244452038988005
0.00026441212200518227
0.0008519445056515602
-0.001636771782264591
0.00035409038713301845
0.001178215537477139
0.0011896472079302503
-0.0015591962228536501
-0.0028967968449212325
-0.0007124735775289541
0.00017119558621126078
-0.0012021055245586816
-0.0010532181059663553
0.0011955378879116962
-0.00047411695477761945
0.0030860997990638885
0.0014081150513026107
-0.00033980250165192914
0.0008273657962175147
0.002343299911154668
-0.0002765512651798063
0.0014043067063377159
0.0007415294845061587
0.0001649684648565975
-0.00346958863802368
0.0005695694048476389
-0.0006146674827320806
0.0013217156785407585
0.00037971898642077094
0.001955162960962499
-0.00125751296331356
0.0018978644066171215
0.0018776202582825384
-0.0023753142965503757
-0.0006193654921264229
-0.00015627707519963666
0.0012286974955639206
0.0021582221034318052
0.0016300138458450405
-0.0003996485288549352
-0.0007745591514404577
-0.0010343121880204817
0.0012464862097495818
0.00039660437660486367
-0.002162337537753963
-0.0018528396577298088
0.000885608824086242
0.0003604949631625968
0.000506967760157199
0.0014209227262153127
-0.0007088424717987662
0.002073429651678922
0.002069088615220163
0.0002768427347904959
0.0008226689135202233
0.0009384119747545611
0.0007387200147003136
-0.001955680822215293
-0.000309096475804761
0.00010882582942933571
-0.002981572679273653
0.0002476775916727914
0.00038689254854409264
0.0019863445590276997
0.0006179751484084738
-0.002243758783110619
0.0013364086044300339
0.000712516049964098
-0.00032675046649986516
0.0012316916760709078
-0.0010105915833454422
-0.000302451589148849
-0.002542907506148995
0.0005611840976135501
-0.002615493528441289
0.00021686817021393962
0.0018499440849796937
0.0008126836966958945
0.001236610064226372
-0.0001737919354918541
0.00010852959958437505
-0.00020704596694161672
0.00019137089090337652
0.002859336369913357
-0.0009505992395380468
-0.00015175198231507663
0.00037193087414190727
0.001620089700685272
-0.0012052253080330959
-0.0006383882909152555
-0.0005118844228023156
0.0012475960553980517
0.0021431867710166226
-0.0006676382958206633
0.0008718165715105935
0.0032427149342003614
0.0006869280327617606
-0.0020295613926815197
-0.0011287330770058872
9.281895580395688e-06
0.0006030989186978593
0.0011136364855484032
-0.002347349958158197
-0.0019202151235667812
0.0006549633435666329
-0.0006943953830743456
0.0015389005637595188
0.0012217021893321251
-0.0003568737062539263
-0.0004204880924981377
-0.0016299646017374513
-0.00026762651886451963
0.0002662259811787894
-0.0010360289207819945
-0.00025005069716893427
0.0016148660143092957
0.0017097739842181982
0.0016000059481384374
-0.0006526993460516861
-0.0006646820252776108
-0.0018373956553465762
-0.00024929100682302474
0.0007294563312198537
0.0005807972275430428
0.001838634659499291
0.0007590053691235427
8.489339488161806e-05
-0.000579871548581568
0.0003181656028560611
-0.0011259789660531636
0.00045116625430305916
0.0021237337900577367
0.0020834084797619664
-0.002480460093888622
0.00039227354648788696
-0.0009107690442073588
-0.00015188002384470097
-1.2825853867989086e-05
-0.0014211510837769414
0.0006773612998146372
-0.0010851208791922678
-0.00016415467780574297
0.0005532399953544463
0.0011947885669792344
0.00036287031210944593
0.0015197998180403044
-0.0018990407620829472
-0.0009216396734447908
0.001039642078022677
0.0020028860836585043
-0.0005081825768929306
-0.002376419721807693
9.932142742241415e-05
-0.0002900502669514103
-0.0016080644400887957
-0.0015410005379155325
0.00027641786327682697
-0.001349293634751641
0.00019834425803010814
-0.00014989984792351888
0.002852161239385316
0.000273436955433442
-0.0003729290252008919
-0.0010932062476953423
-0.0008714411814201888
0.0017410005657570362
-6.988989060852212e-05
0.0014369243970148958
-8.469621759469902e-05
0.001690493581251761
0.0006091918230121787
-0.0006584572691249919
0.00013379576215188848
0.00014534888807220478
-0.0013867797897904584
-0.0011402296698687048
0.001204226438398154
0.0001683863110749792
0.002560498863182784
-0.00013038395444634965
-0.0006382764199962455
-0.00037691772057807073
0.0007811719624742494
-0.00020443190405658657
0.001509662387736869
0.00114443479183924
0.000544529135205767
-7.768270301936234e-05
-0.00024717462407782735
-0.0003056412671720203
-0.0005785915208567332
-0.0006545901359407833
0.0007302484792351877
-0.00033122385218759925
0.0007214623486968942
0.00012580587166710662
-0.0016277248201438848
-0.0006029950451403586
-0.0012721088927177585
-0.0003705342190201841
0.0007863897449046513
-6.055728239168982e-05
-0.0004746943884520867
0.0012501555520289646
0.003758152164027292
2.7274889509003817e-06
-0.0019556271029174
-0.0019587881097156775
0.000849831289766948
0.0017855625747080354
-0.0010275407577520466
0.0012050058343418143
-0.0009009607840043752
-0.001926611344051693
-0.00224000565801229
0.0004192719020272505
-2.895654993033423e-05
0.0007303372202724327
-0.00010462778848128883
-0.00038622856358875755
2.463986086672489e-05
0.001284373563069049
0.000596538983099235
0.00032876747209043927
0.0016916544634703562
0.0005223517260936941
-0.0027333458016868244
0.0013378013542284257
0.0002821479318093511
-0.0006924486710940842
-0.0008750282606731955
0.00010478245819973845
5.043291218418436e-05
-0.00033174781780060254
-0.0010171184346198406
0.001340983301594019
0.0004620742894848207
0.0007135151043252083
-0.0005064275925566494
-0.0027566106990568533
-0.001930662993709411
-0.0007038303583139678
-0.001150687679621893
-0.0006439069463138019
-0.0022860287135174654
-0.00111748058828479
0.0008771754246315461
0.0011091102721537936
-0.0005813368747726275
0.0006183203251640176
0.0019807717108047303
0.0001376710087038725
-4.623900415271522e-05
0.0007319749277976995
-0.0007010017010716943
0.002869451088620479
-0.0010156470312471827
-0.0007672100424481287
0.00014619843134780106
0.001524354828167541
-5.443020970220736e-05
-0.0013212238490940991
0.0011608444591076365
-0.002632838729016787
-0.0013203577989001987
-0.0008999843793695689
0.0008855202998149908
-0.0010514952341532343
-0.00014185912260903361
0.001808271195736909
-0.0010694182672437902
-0.0005448306757071124
0.001346597745686688
0.00012312810123418314
-0.0004494700555345197
0.00044951350617869224
-0.0002609263347835661
-0.0007784486079866755
0.0017906387901620324
-0.0008164349325493167
-0.001027934683213182
0.0007037513116441837
0.0008202552570946341
-0.0019875530535324068
-0.00019155858661147162
0.0003499657710806144
0.00017503526899842332
-0.0011663708778664815
-0.0005255359436466743
-0.0006059214585430289
0.0010197652636404805
-0.0017623675078071114
0.0006519860767732561
0.00043572691073147634
-0.0009402014695187678
-0.0012454662013423319
0.0009631819157676955
0.00028770247424351537
-0.00026988129863203606
0.00034793102271831323
0.00022330726374230112
0.0006065645935264169
0.0013299192326810816
0.0028228878778887552
0.0005164428589812801
0.0011205219585941155
0.0010502852523377145
0.0013064161983107009
-0.0007730888215124491
0.0013662257710417248
-0.0024795962657118884
0.00016507499109071855
7.353410460486105e-05
-0.0022880085250684907
0.000343761085558798
-0.0008737558677074262
-0.0025281457017048902
5.945527014920564e-05
0.001644887012990227
-0.00045373292321472324
-3.007920819470013e-05
0.0007750737521437956
-0.0010039961027639628
-0.0020618607497902603
0.0013490671602479187
0.0003852701637893577
0.0006227735025601809
0.001818626951380072
-0.00033335737911219015
-0.0008369160282123704
-0.0005650498826944639
0.0015383638739163465
0.000943543911664123
-0.0010252553368627524
-0.0006375101782793138
-0.0011782436651298156
0.0006249038948849763
0.00090629804736485
-0.0005181876634914977
0.0003059357823338852
0.0016468399305323545
-0.0005080383596705124
0.0007673757356344025
-0.0008059380235749482
-0.0002920638272663598
0.0001954264768194287
-0.0001428535174956007
0.0007123044072481953
-0.0012120056672485981
0.0004274754298728203
-0.0025721294697987744
-0.0008584129887598103
0.0004851844484164986
0.0013185809989779073
0.0005054095593494244
0.0012048083870365006
0.000681401528047796
-0.0007630990238768737
-0.0012218484933415497
-6.255769223630393e-05
-0.003158546515728593
-0.0017067417978487624
-0.0004123459832311062
0.0002283218023104737
0.0011897268439118674
-0.0008469249863267281
0.000287638731120367
0.0032174159573270175
0.0011798719390255154
-0.0005401540353298961
0.00022889863098464138
-0.0001888575269815107
-0.0011203338149913503
-0.0019744361646905385
0.00012174695294626748
-2.7740330955049057e-06
-0.001237721010498103
-0.0002551599819215834
3.581848143775977e-05
0.0002730792539785071
-0.0005869917942249476
-0.0005033659512018868
-0.0003406111110669185
-0.000937686311366652
-0.00037360811041569204
0.0011640209820202219
-0.002665859556052637
0.00028323291123845754
6.683598720316045e-05
-0.0007850760769093704
1.141257339108822e-05
0.000587502112860795
-0.0005973785924820519
-0.0009118097479115337
-0.0017345787140742954
-0.0006625301251700984
-0.001058656426252187
-0.0020177796276910362
-0.0010096042818553649
0.0008188424013111488
-0.0022036895344405586
0.0010770445872404235
-9.399133788944075e-05
0.002418086623580393
0.00010795709717056055
-0.0005939267749886772
-0.0006761309782337777
-0.0005402498558428799
0.00027496162976739356
-0.0002866961669496777
-0.0005649978577509509
0.00023615002646268658
-0.00032184410764179473
-0.0002695478301127342
-0.0006416536423669555
0.0005718973629146217
-0.0007186065590252255
0.000741177012613704
-0.0006242057143758678
0.0007010123016138174
0.00039442061896701136
0.00032831202530235893
0.00040914224569040013
0.0007640640543734848
-0.002631959232260366
-0.000418409550113116
-1.6099130646831667e-05
0.0008222878053152343
0.002379247806089494
0.0009305989858710113
-0.002329964171077998
-0.001016962720844996
-0.0005052811713477513
-0.0007454283291632948
0.0025858393833363205
0.0006370025828077035
-0.00036389736198657176
-0.00088210351223665
-0.0007079890631943804
-0.001041952534610967
-0.0009326811949379025
0.0005716177754390915
-0.0027825043689064673
0.0002782862650613699
0.0011485072561146128
-0.0005854397574377473
-0.0009324922593990268
0.0006527836105728425
0.0010679807980241193
0.00014299967522664754
0.0005947842608266328
-0.0012843650110871052
-0.0016485513594873763
-0.0018763790933197715
-0.0011131941452587602
0.0010426223207634687
0.001445623409056921
9.342042465099156e-05
0.0031651202591663954
0.0005239336007973802
-0.0004983947742292677
-0.0008460745512391503
0.0009832761654453525
0.002103971655492943
-0.0007724650944878772
-0.0002306505492200666
0.0006481093747293181
0.0008616954185435374
-0.00023530001164923876
0.0018094471954501852
0.00016833866652807782
0.002247184084002148
-0.001713563799999364
-0.002240872510969552
-0.0016387384921783934
-0.0010088557915277686
-0.0004229375153128272
0.0003074334789134637
0.003143436502456593
-0.00029365397376923745
0.00218500730839477
-0.0009430155643287231
0.0008356450421264048
-0.0015193345283967428
-0.0012066814535987309
1.1944026821886083e-05
0.0013439062356925605
0.0019371390265054648
0.0013144071792543857
-0.0005278906178462801
0.0008394478627624216
0.0024360118190277493
-0.0004401877058724537
-0.0008673037567292479
-0.0012954249309530706
-0.001050645166529315
-0.00029970716394597715
-0.00035780179107488023
-0.0008896564627996851
0.001387162129429583
-0.0011139249884921786
0.0004109821516957155
-0.0006155905956349472
-0.0001599645137936532
0.001011283688882596
0.0003736871391873673
-0.0001073210379065169
-0.00023176278724919226
0.001085603167620702
0.0017009393120178775
-9.64933307666116e-05
8.709889673400428e-06
-0.0005309709028442879
-0.001038858465858892
0.00010260681392966116
0.0027216295207973386
0.00045539295343910636
-0.0007772448542713819
0.000461952671608843
-0.0013200921869757618
-0.000776411613743061
-0.0002790509078805065
0.0012596242919419437
5.054417081107361e-05
0.0007611193453463677
-0.0017114753553194597
-0.0026868719118027114
-0.0006516717795599879
-0.00014925315939199108
-0.00012399540517961594
0.0005350349534613794
0.0004929102290922678
-0.000142865673405548
-0.001464837507702816
-0.00036768083830149506
0.00021606120300575116
-5.812859464750162e-05
2.2306557230995575e-05
-0.0011778323703266489
0.002177183511041675
0.0006095716374710936
-0.0025189558996323506
0.002813514165447827
-0.00027661556115567544
0.002316211341187996
0.0009070381551901336
-0.00039395393371282624
-0.001200900565262076
0.0010182871380913846
-0.001789197873899023
0.00040808897928097155
-0.0001258216498450949
0.0006948051388610475
0.001129557190161184
0.0006294033689457098
0.00015613418243733194
-0.0005584414217851722
-0.0006138733215108583
0.0016329326909989034
-0.00043906831721707995
-9.785061733894595e-05
-0.0022517611932126136
0.002192193761134392
-0.0008287359663352911
-0.0011035821859982163
-0.0010207929337644433
-0.00039564694219856313
-0.0020693381718773583
-0.00046171286897947364
0.0009481477146898138
-0.0014358223677581597
0.0004659527974701176
-0.0006446550205655905
1.5095777203977876e-05
0.000864452083843761
0.0005563483408319784
-0.00036139110935930614
0.0003900983300047268
0.0013440942261670542
0.0003301067575837602
-0.0010706495524500344
0.0005971736938180547
0.0007949896847228099
0.00011998204068324294
-0.0002868495460155539
-0.0008184782569786715
-0.0015094948369035863
-0.0026041088562144534
0.0006414975728395608
-0.0015863758327703164
0.00216886036283755
-0.0002324335701717266
-0.0008036887765329532
-0.00036298915909289373
0.0002476545968002243
-0.0006119534264229478
0.0013555890086692254
-0.00028335683774961427
-0.000430552206841338
-0.0017728672681050204
-0.0013499080929860272
0.002291278154831288
-0.0010282899547235276
-0.0014798317206473652
-0.00017886216877890877
0.0025131992572682235
-0.0013230484466915634
-0.0002488712135112788
-0.0026880479285302412
-0.0017163291063301506
0.0018183152440895578
-0.0002437803973981366
-1.74895757874016e-05
1.1932294058900201e-08
-0.000762629048464015
0.0003343568745180766
-0.000799424672336434
-0.00044188998646284224
-0.0008018529950475706
0.0018299466711460548
-0.0020642994978188165
-0.00026344412484165686
-0.0006677965785266525
-0.00017070155861158049
0.0022599267218246623
0.0007505356946198902
-0.00014344234585794442
0.0006101835265533704
-0.0002828185414958612
-0.0009924442566689687
0.0009433168922623956
0.002076919710361741
-0.001316013334842961
6.827614688434987e-05
-0.0007448694233467718
-0.001026893191992182
-0.00014236666460727896
0.00032758712313651954
0.0004950004757361735
0.00016078704904276493
-0.00044986433232891803
-0.0014857431160334891
0.0015784817362828004
0.0020461351392128224
0.0002952862747396069
0.0010019251927073996
0.000684308939182135
0.0026145008946403246
0.00018456189073509015
-4.205544233343913e-05
-0.0005845442166832656
0.0008542938714044243
0.0010024873630507358
-0.0006011113230158906
-0.0011496421639777962
-0.00023668161048339553
0.0009188972366998041
-0.0013052761837411987
-0.0006954147155517515
-3.782392352371951e-05
0.0019698861863627188
-0.0001485943891945265
-0.0008513326605411826
-5.88394532052379e-05
0.000615631151425609
0.00014543939859169733
0.0008929949377517002
4.3314365535435585e-05
-0.001036909638808192
-0.0010600526754624606
-0.000224338864821456
0.0008207629648161169
0.00234810114447142
0.0009055010310636944
-0.0005092344328871267
0.00017366895559182911
0.0012760560381858159
-0.0013037432561690586
-0.0008036389393571383
0.0012072519810334833
0.0002009191461514555
-0.0006348544344533223
-0.0009282298433698861
0.0008912892565204802
-2.7963160431406823e-05
-3.492680402338916e-05
0.0005011401204114106
0.0001937600987321596
0.00027857371135378274
-0.000849382859037847
-0.0013656342774077948
-0.00011797332103357535
-0.0013408131652572677
0.0013848991611664229
-0.0003370093259757521
-0.0004129838636830473
-0.0010234375038668754
0.0013896301534623689
-0.0007172382116420971
0.0005842299658725033
-0.00043145008849178914
-0.00021847603429861172
0.00032597161965253104
-0.001740040710465683
-0.00019703293954840536
0.0012915892719261126
0.0006566523369097731
-0.0012154133126493056
-0.0012920359340568238
-0.0010435108176174673
0.0021052546452444416
-0.0016913847667995635
0.000965008926958389
0.0009338595028444291
-0.00018760515890693018
0.0008343620004482924
0.0003055568974718504
-0.002160921125991732
0.00029612091198337226
-0.002413715751193826
-0.00043892278989722804
-0.0005568006384366189
-0.00048319237489265546
0.0008801055842632395
0.000637462837116419
-0.0010523790805922269
0.0004113245555700506
0.0011537603121836895
0.0008938414383486579
0.0014365800022520683
0.00138248508071031
-0.0021618273956686045
-0.00045155512896184605
-0.0010540743504267795
-0.00038550643916534193
0.0001617912063538021
0.000883606695139245
0.00013870220011518415
-0.0020337812452382183
0.0009391699897490238
-5.7556914220945023e-05
1.385939788637898e-05
0.001265041587473056
0.0012329272687555397
0.0005511813057294105
-0.0008632518520787088
-0.0005290045888985404
0.0005313949552432356
0.0010637688911232799
0.0008729821149714459
0.0008264953068504941
-0.0010225676650188029
0.0010038669667980788
0.000926806288715158
0.0003332711709889054
0.0010628352983248076
-0.000702776520269852
-0.000441759473226372
-0.0003904399359769148
0.0006445613277180113
0.001192970081475731
0.002166294078624761
0.0011448395494131009
0.0003755300991405022
0.001604654929307328
0.0008327550860682528
-0.0030453384475082473
0.002230466880365676
0.0024311988737183623
0.001527220695579759
0.0007128357462194776
-0.0007174783949929838
-0.0007818582462645537
0.0013641354309299133
0.00026258692426863454
0.0010651121161894014
-0.0005863240915449862
0.0008421551644133609
-0.00030128785671153474
0.0020167392116824012
0.0002108619583766867
-0.0004487640878009665
0.0016668193603012321
0.0003567681659625855
-0.0015838462527191868
0.0013209965309486156
-0.0007791454127719492
0.00044062145241789794
0.0008131251725731312
-0.0018419833684136281
-0.00025901227006011287
-0.0009090653065782668
0.0006687399600443483
0.0005725275142557337
0.0007584903656022551
-0.0006516152162303772
0.0009733619411414693
0.00034564638536848513
0.0003082175915614254
-0.002957439171617151
0.0008004549889500162
0.0007424467747783197
0.0011991656458115241
0.000745149370331245
-0.0011583001478074507
-0.0005237130905624904
0.0019322793143194419
-0.000624396612077874
0.0010437200904910746
4.571864644507288e-05
3.148928468901093e-05
-0.0009018559625983425
0.0012674542161936085
0.00048638160833562285
-0.0019547067578135633
0.00028786497118095
0.00014905882569486167
-0.0009857172713841312
-0.0007492354460085183
-0.0006958354731517746
-0.0002733878114226886
-0.0010115536688296424
0.00034570122694414096
0.0002673998525637693
-0.0009956072216530181
-0.00015689049070341206
1.831255738443319e-05
0.00019693165812330248
0.0021085259231800753
0.0015584322031538852
-0.0006395941543978437
-0.0011799132087518842
-0.000977357782504647
-9.86551842117639e-05
-0.0018345395247269677
0.0004831939410877312
-0.0004624127230723162
0.0016704029299779986
-0.001333209857810346
-0.0011523506511022933
0.00023802398329014833
0.001533892323337261
-0.001341893261595942
-0.0011483110904023349
-0.0029026166667285368
-0.001426923617452787
-0.0007325570426012126
-0.0005768509403003911
0.0007065886030671258
-0.0012181986445341734
-0.0015755241633760662
-0.0007987528506606479
0.0010545274941037878
-0.00010121279049294848
0.0013947584647894242
-0.0005245728695681226
-5.337216295075518e-06
-0.0003704858707019344
-0.0012707904713380998
0.0010015540066840825
0.0018419380541564098
-0.0020345925311939742
-0.00023133713374280632
0.0004582478970384061
-0.000700694080074286
-0.0016317470497286383
0.0017043936902667168
-0.0003335064122518878
0.0003046918858102371
-0.0011035624689103207
0.0002971147162323219
-0.001061314347018626
0.0002670351003584568
-0.00036186431040925775
0.000799681489439143
-0.001095644476015826
0.001095538667252841
-0.0009306999007163132
-0.0016699935330373474
-0.002139084997592373
0.00018885704130194308
0.002314633855719493
0.00010338194769262013
0.0009104470348975133
0.000939351562756871
0.0007929472551989368
0.0005267457433875982
0.0012797018190401242
0.000569157659056302
0.00018400662685243228
0.0015951788575773614
0.0014793868165087563
0.0007450164828331938
0.0010817876581088075
-0.0015988364818980728
0.0013273973360011678
0.0008556103027794487
0.0010435423657977646
0.0009370998619061404
0.0015522838478443251
0.0005178849428197381
0.0007505723377953981
-0.0014142771046320838
0.0010199392575722707
0.0014566490661959597
0.0008286854927822447
-0.0019988904192877453
-0.0022010742421100715
-0.00069669999913382
0.0006462592177474298
0.0009817912048070523
-0.00018410190268837575
-0.00016507451999479573
0.0005956442431194366
-0.002226528346981857
-0.0012080728738548302
0.0012476032632540584
0.00034383378524955346
-0.0002515537547847613
0.0025271214817177657
-0.002324165644264774
0.0017795925859931253
-0.0014402000350184248
0.002659727399858088
-0.00011277331297279712
-0.001227210529674447
0.00023885139875715544
0.0005800365698153549
-0.0015107606119880742
0.00019346467717466936
-0.00047096790369561945
-0.0005887574948886536
0.0015138746519370086
0.0026595595759129095
0.00048625698048372455
6.679782799147648e-05
-0.0007111130191379843
-0.0005948073701587155
0.0015406301444912183
0.0005110162984163754
0.0011307697649929587
0.00043103171796927763
0.0025091764622357845
3.258316964296764e-05
0.00017634029065999746
0.001782265112942817
-0.000678347112668114
-0.0005043007166579872
-0.0007579296741730897
-0.0009598572698674317
0.000597472254394627
-8.202844999542194e-05
0.0012257672197049966
0.0013362344514039367
0.00026371571782821454
0.00031235058392914145
-0.000163958641136626
0.000301869714091619
0.0011995785715523113
-0.00023928839347805276
0.001542889495568516
0.0019204280083231068
-0.001084511916119471
0.0009314229662267532
0.0006265058154714618
0.0016398652802658358
0.0010093448114131425
0.00027230979833559033
-9.831088755709256e-05
-0.0004933047361314844
-0.0003026125384522101
-0.0001760439836984905
-0.0025679555256723414
1.8228973212407675e-05
0.0009677697192091525
-0.0006870019022376086
0.0007123890284057581
0.001047080866266739
0.000887164850163213
-0.00024381934456857286
1.2653108163624374e-05
0.0007793897752209552
0.000685608920647648
0.001985677317279303
-0.000308415306454527
0.0012696932012108135
0.0012310245896604258
-2.5025399848189195e-05
0.0012211375645171608
0.0003117584477309795
0.00021949055461513136
-0.0003632166588710455
-0.0009464376059965825
-0.0008729346361477823
-0.00037536547763116347
-0.0012462207487437737
0.0009738348894082433
0.0015191218115732977
0.0013637335472179528
-0.0005505826886478439
0.0007119972931429293
0.001532389817911262
-0.0010746445419957708
0.0006165833617935368
-0.0007608750816684113
-0.00035058000812971925
-0.0002878941537172738
0.001957450152217898
-0.0007086764582142338
0.0010934370376321676
0.00016797479199303115
0.003056408872238785
-0.0012479398254947574
0.00034036083760148004
-0.0002622125596736236
-0.0007602210785551127
0.0012503160328879756
0.0009764715821327899
0.00043077350039473044
0.00197100601716769
-0.00012684476942992272
-0.0018463625329281023
0.0005517983854844475
-0.0008575939226504687
0.0005308426277553809
4.4969938909553644e-05
-0.0003041610387055238
0.0006281740505428475
0.00013511129950528758
0.0003046625037431357
0.002100224227075659
0.0019369537914559994
-0.0007893308124398314
-0.001327193296446434
-0.0004378483707947401
0.0006137395068465353
0.00028696324674006924
-0.0015873868932275677
0.001195050550227664
0.00021612698783918445
0.001237444271252613
0.00027381469592128115
-0.0008454951527499803
-0.00018824839045172568
0.001066438939295269
-5.1328599658972625e-05
0.0007504703026610114
-0.0004910983541782234
0.0010501270246518397
0.0007048166195040429
-0.001613095952030945
-0.0009098431688086064
-0.0012067277100477954
-0.002021235402434355
-0.0010188233292180936
0.0002975420159228651
0.00039031024406481057
-0.0005630777699821565
8.997223738037401e-05
-0.0007462571552664989
0.0007661576636523596
-0.0007104162932369718
-0.0015114570163860064
-0.0009516561542893061
0.0002507991455133106
0.0022256584277027735
-0.0010834785855526104
0.0003791839213282181
0.0010994704623298265
-0.001053453659672881
-0.001854066808472726
-0.0008737374907681106
-0.0013896417593921326
0.0013852194343596331
-0.0021073817880679973
0.00044587386128249097
0.000511135646325929
-0.00042247201995148666
0.0011035465862162105
0.0010573641696991812
0.0011867872210413889
-0.001974659455761353
-0.0005845301328596561
0.0016755906955108182
0.001040873838081238
-0.0012760012995795315
6.72628266250334e-05
0.00020711142607364775
0.0004661448704813239
-0.00015870423696425428
0.0024690536580023906
-1.2450198620404826e-05
0.0010989046697184493
-0.0008116664686826392
-0.00191913472229735
-0.00046913104655594407
6.161315286558902e-05
-0.001111795835777199
0.0009166715342895957
0.0014301620121417243
0.00011349507611955553
0.0001981272867597117
0.0003379802210862891
0.0013822789174675295
-7.641326125300403e-07
0.0004716611704002566
-0.001214306745006471
-0.00034760578070051673
-0.0006198050142371727
-0.001198566935262051
-0.00031901223603160813
-0.0004959169831317608
0.0010363317293975527
0.001861064048805184
-0.001862734053579781
-0.001373920246818909
0.00036218063695880957
0.002444681393319666
-0.0008628950192345017
-0.001263642261997567
-0.00028911944813896795
0.0021132997425588936
-0.0009073098471687044
-0.0013293653367885082
-0.0019062591792996383
-7.459740500390517e-05
9.60671902548725e-05
0.000503847210157571
2.7125047639906406e-05
-0.0012467254215203687
-0.00047482356374961945
0.0009160283268299116
0.0005137128989864278
-0.0004719289367267796
0.002345318052943758
-0.0016707428568423456
0.0003898281746120133
-0.00070061504202211
0.00044980462158358245
0.00011911425812910033
-0.0003602012708718474
0.00013593673115466076
0.0011778472794519803
-0.0006937480581655862
-0.003307895796366003
0.0004661572027207956
0.00016450568492574382
0.000718616517003116
-5.647737692199164e-05
0.0007948840812356749
0.0013264967398040881
0.000849499686628406
0.0014527799262138278
0.00031848121591183454
0.0013700777977794676
-0.0011984830024083346
0.0024317116167746917
-0.000944555380463431
-0.0016437267600780054
-0.0008538284047684454
-0.0012701397791541208
-7.48109029362093e-05
-0.0009198851120342116
-0.0029880221194561385
0.0003801765005509965
-0.0016544117507851304
-0.0012960854467686353
-0.0002918821150509932
-0.00015031259114778103
0.0001378045009812584
-0.0009355841187289005
-0.0016976610630999845
0.0020237433768155754
-0.0003166151335897229
0.0006211531687962324
-0.0021275740561906955
-0.001101469585057297
-0.0027514562065517863
-0.0018713233762834936
-0.00047807206556736074
-0.0010068608936380308
-0.0003544052380828639
0.002385665575014557
-0.00019503465029833706
0.0008278224039521146
0.001423792374768916
0.002630797335815558
-0.002443500111675366
0.0006833714050431485
0.00037027763083650735
-0.0008157838558874261
-0.0014008268771979325
0.0009048935579532837
0.0011408087097327885
-0.0011577117253565568
-0.00018997869506252594
0.00107256208566981
-0.0009671959144316565
0.001117735287002596
0.0003566936791124374
0.0007332613630457864
-0.0010788489403081693
-0.0012459680661043918
-0.0018813974231936868
0.0006356990553068385
0.0007086446439928992
-0.00010925374406357264
-0.0008678744982784232
0.0013738010683889861
0.0016857235078810014
-0.00024762421332284035
0.0001214457248884655
0.0010267414480622488
0.0003775680437516418
-0.0009363197244062335
0.00015326776968518119
0.00047129952230166383
4.05427500105179e-05
0.0005616425846496619
-0.0009338135575131231
-0.0010235547815617475
0.0005758731807123964
0.000943953095374209
-0.0002332818296446435
-0.0007525978273109064
-0.00010854758851035052
0.00056843237793666
-0.0002972376340413735
-0.0012081986383471724
-0.0008217868036397949
-0.0013046775591468445
0.00016453633687477277
0.0005228295119322497
0.0023885167197953265
-9.101864328970284e-05
0.00044336563257134224
0.0009765474858061364
-0.00081179787063759
-0.0006315301140334968
0.0008150117924236459
-0.00046331441348469195
-0.001030511931896323
0.0009982187723947332
-0.00038141459499362
0.0017545876156217883
-0.0003562517224168481
-0.000913260421074905
0.0007344515338635767
-0.0005836900285167712
0.00016727718289764456
-0.0003210350574029937
0.000542276090891992
0.0005940644843700443
0.001247758151064288
-0.0009360693729403914
-0.0008027675924276059
0.001011274197360378
0.0008974360063033164
0.00022231688797568765
0.00019052376298872434
0.001728782267640112
-0.00036752430872639334
-0.0012392798152013544
-0.0006592850432170848
-0.00022485079671777814
0.0004396597343973562
-0.0008807157005488043
0.0005117664660840989
0.002079041683946076
-0.0006284339379447346
0.002751489931230601
0.0002134542805826105
-0.0021576192714559002
0.0013132745738393807
-0.00014849924549524486
-0.0003526376391147141
0.0001273208545061338
-0.0005108311168402738
-0.0013822407730604545
-0.0006671692435967194
-0.0020868680210630254
-0.00027849906982861287
0.0005471346368283519
0.00028947739795779455
0.0012426387101287565
0.0007757117649533619
0.0005318715522937686
0.0021245242901211984
0.001725775099734454
0.0011599896173286937
5.715642037453579e-05
0.0009485547234481322
-0.0002785122335568077
0.0005539714968405639
-0.0006440908255262216
-0.0010876754379335982
0.0017136106238847932
0.0002798513535478559
-8.250416009518809e-05
5.7975615748002824e-05
-0.00023376761991556646
-0.0006773529473634714
0.0011344404763672475
-0.0018459926950080805
0.002599661614361761
0.0007426021087155043
-0.001627806730732177
0.0004121731917871273
0.000999515293338085
0.0014980580217382926
-0.0002230576003593411
-0.0023068895255312777
0.0005682877468480769
-0.0005450984815862488
0.0016218876586037673
-0.0015653779236672585
-0.0020915872138644685
0.0015513166717842002
-0.0010877766294262244
0.0019797758202107045
-0.001007411203500711
0.0002470677328106556
0.0014734740047413638
-0.0009167987436676047
0.0001696696002331267
-0.0019647678869288464
-0.0010086344794133734
0.0017371639236598334
-0.0012906911754983449
0.00017177023706112558
0.0006256867586426214
0.0008097990360475881
-0.00029272917667635
-0.00020309208206190486
0.0014141206223433457
-0.0007432772565671475
0.00021047912134688535
0.0006301969043959881
0.0015650191766091771
0.0010938374517104584
3.4347358689784426e-05
-0.0006145704040482787
-0.0010379043291240514
0.00016254143986889222
-0.0007365915363684283
0.0004795779197075773
-0.0004896938285285085
-0.002293042714435263
-0.00039980935927949363
0.00166679643834689
0.0004814238067750139
0.0008505103208454909
-0.0005867573130792133
0.0005776084945842526
3.0807887745531415e-05
-0.001826648859594324
0.0005215613561782152
-0.0024290345516598663
-0.0003082626762367195
0.0004940567917183277
0.00029225310927728397
0.0003891553939510931
3.844305272279287e-05
-0.0006318394123710319
-0.0024730244674229657
-0.0020999800360949634
-0.0012219877348894881
-0.0002793127170090554
0.00018791057556431646
-0.0006283588516183955
-0.0009763150408465799
0.00158897158367954
4.5520976407728384e-05
0.0013095543766225414
-0.0009019333968915097
0.0002981386772492664
-0.00033548179943440186
-0.0024725434049045593
0.00020065846703442214
-0.00032154968528494285
0.001078932834493131
0.0014160048431842757
-0.0001604717186003519
-0.0009767846249316339
-0.0014212348827262829
0.0015942571376335458
-0.0001723246603955225
-0.00046343926097512053
-0.0006516463346350782
-0.000299241288746977
0.0005918649012678404
-0.0014485513462295177
0.00011640960694513763
-0.00014076946426052413
0.000406141708923882
0.0011988923396886206
-0.00056272361898186
-0.0007068943452049507
0.0006168540121463202
0.0004754891003163857
0.0005571469418892131
-0.00011092966957703223
0.0014358641693456384
0.0014528779492991185
0.001700973161099603
0.0012077882517073468
0.00034940547031636095
0.0008177818209828422
-0.001386665102902198
7.133991325294449e-05
-5.45204186054077e-05
-0.0021605524426102636
0.0010011628669200857
-0.0006685177702596877
-0.00010715777378097493
0.0009102808969100703
-0.0012954771105716043
-0.0007273089089542166
-0.00011661705995663419
0.0009890781987413168
0.0002646691006328067
0.0012097561053324522
-0.00032627541310604774
0.0007220275265855427
0.0015986590943963097
-0.00038766228878904817
-0.0003525103687505543
-0.001445466813192524
-0.0012658628289760941
0.0005161385062670785
0.001147009248638241
0.0018781545886687376
0.001366677761505966
-0.001634542263137743
-0.001429527545809438
0.0011382546786542459
-0.0016691334477751724
0.000565489132577176
0.00036290086263585325
-0.0014100652744058622
0.002189426417954535
-0.0015307352331314953
-0.001015815905435757
-0.0019208789578244523
-0.0014254702290798942
0.0015567289704282573
-0.0008325510157994791
0.0005811870055039564
0.0005116220027074314
0.0016279268374331936
-7.707961582967131e-05
-0.0016485524483995284
0.0001321472203042514
0.001160813922281016
-0.0005456788918710235
-0.0003524756782367119
-0.00032090312027246873
0.0009125072851935169
0.00043260935060001563
-0.000692024484127868
0.0005714580416604352
0.0007697603641986896
-0.0008758297983461967
-0.0012769513902367716
0.0012954179977557097
-0.0008549101236480961
-0.0012663537204292289
-0.0003632961092426366
0.0018446137926014785
-0.00018115808436841853
0.001213819104159397
-0.00038423419402470083
-0.0007310364642827978
0.0015111933224318378
-0.00032634321490176255
0.0009857062198538385
9.05180764720324e-07
0.0006075027547621346
-0.0009089644089681818
-0.0032853596240654532
0.002627339248680666
-0.001340930410470385
0.0010305502966048215
-0.00031029142475493286
-0.00040871335505677717
0.0004379130627386636
0.0018148667072533922
-0.0011031505182850627
0.0009131004391533208
-2.653359819884053e-05
-0.0013831246557375948
0.0015996960976110757
0.0008426072757450826
0.0005819931200108465
-0.002391538851846431
-3.2444163863955557e-05
0.0011436999573273712
2.3741074367396717e-05
0.0007094856251221933
0.00026237628473072965
-0.0009193695074899833
-0.0006093252286715522
-0.0003524157485157383
-0.0006068550769733613
0.0011818529950475712
-0.0007198724998329504
-0.000793175229166512
0.0015247622419534519
0.0007471923761300559
0.00012985529997054963
-0.00036434116704867
-0.0015714171557490845
-0.00042516217432953256
0.0015868818551969571
-0.0019491318833478107
-0.0013688733950919761
-0.0011096108336683154
0.00058127254764079
-0.00026774228450057307
0.00033549885854253366
0.00031261525918584014
0.0016294796685871115
0.0009030943557847216
-0.0011702585841543475
0.001588972707945983
-8.512311822368693e-05
-0.001967765911110121
-0.002512056035401665
0.00048039782570228674
-0.0005929132498954391
-0.0003211877201025558
0.0006570026601452143
0.0001371193958146175
0.00021280793078937973
-7.291343462160797e-05
-0.00017756870288819767
-0.0004424832007459044
0.0010857926560122974
-0.00021721584651783268
-0.0006728209166413
-0.0005768849354395294
-0.0004015984697867537
-0.0010644187776713613
0.0015852691150927117
-0.0004089705387392866
-0.0008909634667321428
0.00044185207163769205
-0.0002471793942554933
-0.001368059067562403
-0.0020691558270411535
0.0013740750201696231
0.0003291534317879617
-0.001040237412900286
-0.0002681951822442974
-0.0016858909893314891
-0.001522025495702509
-0.0017182900543784342
-0.003083369927896692
0.00041635355647370653
0.0002259953978436005
-0.002685566897211996
-0.0009996224236886475
-2.4835122613983096e-05
-0.0004415741038306021
0.000700536513513647
-0.001029843571626555
-0.0006704838404817941
-0.002562236579157726
0.0008502200128442135
-0.00012487842145567045
-0.0013524097919806566
0.0008333628769253507
0.0025237627845534276
-0.0006224860003637956
-0.001037120723589196
0.000488917083714718
-0.00035527332534679846
-6.263313873447888e-05
-0.0021533026944211987
-0.0017051170264584439
0.00013069651642684074
-0.0011143644310557747
0.0010288487476272851
-0.0016895909139561412
-0.00014100199716387906
-0.00026010393388075926
0.0008635342648039904
-0.0007184321814993821
-0.000533985845379424
0.0014178562775608793
-0.0007912741407935128
0.0005721776015719935
-0.0006663947216839529
0.0003356295783806394
-0.0005518406444680613
0.0003248931133730789
-0.00023222602104075262
-0.00026888661914342883
0.0006372911670663469
0.00033090130681832274
-0.0009109971527422033
0.00019811543025641414
-0.0016518646785358092
0.0027153879196510104
0.00043070119048502903
-2.6547265283748597e-05
0.0008165818861938315
0.000690950161586785
-0.0014376250277973114
-0.0014703086113594752
-0.00016088533816909295
0.002275335712853865
-0.0006693945942317353
0.0011320821507323107
0.002314363261712611
-0.00032054099533288
7.292055608056678e-05
-0.0015663895685751265
0.0010675060787283487
6.503532865878908e-05
0.0003697410748977109
-0.002049583439175241
0.0004476280245153721
2.225641424056838e-06
7.256401137382882e-05
-0.0011628517827047514
-0.00023996097924844557
0.001066206810093721
0.0005273824191420858
0.00017138925149133235
-0.00024304300986455427
0.0007257242302133525
0.0014981938235347147
0.0002632789727969947
-0.0008964944313898726
-0.00031538325001210875
-0.0006420232142459407
0.0019605492470243175
-0.0016439160915849367
0.0005972840250577071
0.0009838585191112921
-0.0023273250702843303
7.192280850242393e-05
-0.001131245034931807
0.00041261013568623216
0.0023974656071250916
0.00028400882699413223
0.0009898167518616685
-0.0009253947399356058
0.0025970600074562197
-0.0018760521010436234
0.0008800204582022133
-0.0010112845040199595
-0.00036379369724035004
-0.0023014866744375394
0.0014044611431597758
0.0005233075582877351
-0.001585570714591529
-0.0009264231147147736
0.0006220568151847384
-0.00027671782388330804
-9.21087417991306e-05
0.001030834750156531
0.0019114459546913547
-0.00042023245888030825
0.0025492405765789846
0.002130202083799568
4.457632103074796e-05
-0.0015324558332104775
0.00016363002322600145
-0.001468645061615457
5.520601784826013e-05
-0.0005567928660167834
-0.0006953572151124748
0.0010155695536450094
-0.00046072493155409344
-8.915041341539531e-06
0.00024340770727071585
-0.0006135554420240899
-0.0014160296227856278
-0.0014191365483464623
0.0011272600015962456
0.000192376123868707
0.00019853382221246416
0.0006076422159486034
-0.0014818708664205303
-0.001492313547879078
0.0007297630827226765
-0.0010485752861664665
0.0006250468702879361
0.001959822092790164
-0.00020472819577155668
0.000441175936296518
-0.0003396319083609716
0.0002478101574467978
-0.0009215675725673329
-0.001844759496692783
-0.0009929725461117176
0.00034351567816953796
0.0009637696313537403
0.000968426547351239
-0.003733086295669347
0.0011842200280023658
-9.908742201285402e-05
0.002688020304234277
-0.001488843958225724
0.0005561609876185741
-0.0021180882615888714
-0.0013207971409250308
-0.0006963351238513832
-0.002205973523039153
0.00042752726854341393
0.0011019903411636017
0.000247997887183398
-0.001353323090753403
-0.0012051132685183122
-0.0007795982696372753
-0.000644892448933379
0.0014147201170951781
0.0004949678786382659
0.0013466604063056499
0.00014429698037235863
0.0015690761755920346
-0.0023592905969342173
0.00022671309392114757
0.000436771602178673
-0.00110639935729435
-0.0008903622953030758
0.00032247945606363214
0.0001346065306092147
0.0010955986131042095
0.001059964984668612
-0.00014560718386811997
0.0023861953988335207
-0.00018737863579105756
-0.0021813221289399263
-0.0004500231919727377
-0.0008717533876481302
0.0018963040781439422
-0.0024600555539646125
-0.0005496281742849861
0.0005588680696309821
-0.0012639185864930349
0.0009905582484476816
