Turn-of-the-month after publication (Lakonishok-Smidt 1988) · sign-flip|0.002111188504944691
-1.6253387707226213e-05
0.0009035154975926082
-0.0013777343149285446
-0.0007006364271520821
0.00023990232898132846
-0.0011778557284139993
0.001379801425664386
-0.0007709152403539496
8.379126363482102e-06
-0.00048711375457151975
-0.0012075689292893237
0.0009174176426141097
0.001806658941810102
-0.0002547169861625185
0.0019223120827490548
-0.001157473940700311
-0.00019898037821946152
-0.0007683378432267038
-0.0012130442213628184
-0.0023379967672856887
4.536973428864863e-05
-0.0018096200834344135
-0.0014817934859222195
-0.0021106341278276024
-0.001636511534031493
0.0008253056485929084
4.5759758937046414e-05
0.0016354812126953497
0.0004853705767733416
0.002499915489771022
0.000714680088106564
-0.00022790870856665473
-0.0008837977126297888
0.0008706391390513706
-0.0013682704548522858
-0.0006577019857052192
0.0012693370217521222
0.00034118659045889906
-0.001609055039004961
0.0006326176190106706
0.00022705416906150703
0.0002967294574322297
-7.747548560228324e-05
0.0008153066588811374
0.001012634262070431
-0.0012117498459085097
0.0005935072634315112
-0.0010266035208787469
-0.0012190336787243215
-0.0013498041486581225
6.16789717970101e-05
0.0013084832297354518
-0.003102149504005339
-0.0005334327128970953
-0.0019640619192966232
-0.0019944730608411933
0.000972097919673002
-0.0008150908524398811
-0.0022935309812824865
0.0010313441538184285
0.0011415191576512134
0.0009485812727648551
-0.0014967613976564502
-0.0006240045339544563
-0.0018441791834582879
-0.0011585988387440617
0.0005375824561958233
0.00025038844819658715
0.0007124485451606814
0.0003277932326914284
-0.0004403558104089087
0.0009519729101993836
-6.74537051194013e-05
-0.0005086117935930529
0.003546850196236527
-0.0019672425819222752
-0.00285906611819873
0.0003240543792319688
0.001073700626496581
0.0005024029102264255
-0.0012711473965454799
0.0010600053832344988
0.0015434103991872764
-0.001140987522073619
0.0010682477556103762
0.00048352419633374184
-0.0009756914628980487
-0.0005694498314926606
0.0008086249474487169
-0.0005866952255109637
0.00012908962594858386
0.0015055138428555946
-0.000254433733794391
-0.0003558456362101169
-0.0006870843924198011
0.00028229173691706193
0.001118206071686641
0.0004895938485304049
0.0001353320166303011
0.0004732901027741182
-0.0017763076492686989
-0.002442018179016833
-0.0011023174795049134
-0.0018023453959112935
-0.0002424960106789619
0.00011031612071231603
8.218177220919644e-05
0.0004372581571413546
-0.0007543377307567312
-0.0004608040594171517
-6.915230403615394e-05
-0.0002979425778381314
0.0006287747003164064
-0.0005946434306614642
-0.0014145205908459564
0.0014019987325285842
0.0018270306418963686
-0.000852687181203619
-0.0008054344107637784
-0.0013698529718595548
-0.0005500926979320708
-9.437134138887402e-05
0.00026773656502140843
-1.1764444816108526e-05
0.0008313583983970737
0.0004597598901289015
0.000838818516454489
0.00047385887701852233
-0.0007834299330443097
-0.0008903185309812828
-0.0009593422423836092
0.0003971962334762922
-0.00018963767229592042
-0.00046035939530262443
-0.0008750803494640371
0.0009455959105723641
-0.0019210431184359434
0.001560277792859294
0.0023934148002163697
-0.0008258499152002756
-0.002806086312244797
-0.0003925280729421168
0.0003726071042469755
-0.0007638913657245469
0.001582582299833438
0.0006758519330031214
4.997930503957708e-05
-0.001449008343857458
-0.0014238641662969096
-0.001453988055231216
-0.0008524532589145454
-0.0004589934668952398
-0.00010246917736812894
0.0002426199564723174
0.0016880655320651407
-0.00011509210333896482
0.0012673722254084089
-0.0021966530499644733
-0.0024831894858326317
-8.595112014753898e-05
0.00010491164173085284
-0.0012580375282899773
0.0008983528997803094
0.0006698398908112104
0.00027007948721735793
-0.0007519407487795932
0.0008737079072284982
-0.0013257874583082752
-0.0023638340074250983
0.0006152894402968546
0.0008495909653605659
-0.0005234484330374097
-0.0012012029242609037
-0.0004144671572077131
-0.001004137602158203
-0.0014907564371897846
0.0017232345445489614
-0.0019260242824890698
0.0009096160942867271
-2.286843571810607e-06
-0.0005121704378431089
0.0003239901257326933
0.0023356362631622636
-0.0012588802945049126
0.002618013795184136
0.00033284046210597425
0.0004029466359794214
-0.00045125326532158934
-0.0005820932745660386
-0.00014705759724613623
-6.238399072448654e-05
0.0011737350414762497
0.0023775040309252206
-0.00017463651257933647
-0.0017780332569272523
-0.00033302729608802086
0.0009158665887697693
-0.00026593298557784083
0.0030751692811774984
-0.0010065923966137802
0.001476501801426427
-0.00046614604267604485
-0.0015347212686196922
-0.0010120564188076696
-0.0007396043709215329
-0.0005630984253718394
-0.00031038076321069757
-0.0013187294696361232
-0.0012092976066431335
0.0015400179414569522
0.0008762922571080226
-0.0007117429465482639
0.0017550966187795593
-0.0007622710929217626
-0.0004522949210238207
0.00011124424622825126
0.002385456755676735
0.0006570915774620994
0.002462011268562139
0.0009462410999119589
0.0004321938727856434
-0.0004781082228100894
0.0013899606102002228
0.0004131144582369243
-0.0023283634561481865
-0.0011936956575703973
0.00023905036754868163
-0.002480447530295992
0.0006733756063029509
3.141884580706492e-05
0.0008095656998340063
0.0013757334595465545
-0.0008382262615029494
-0.0003802738765189253
-0.00016057851204999285
-0.00012052542511326935
-0.0010353751150962373
0.0029080870566823005
-0.0010157595529963442
0.0005938338091118293
-0.0008154369659539796
0.0026000524555932557
0.00016572700673786657
0.00035955116541288955
-7.195222043948338e-05
0.00030845119451501527
0.00012224165518911302
0.0013461229925721973
0.0004532705883323705
-0.0007309134479070911
-0.0006375634410042639
-0.0011945451782243433
0.0016000606016921672
-0.0008672476881422601
0.0007357440200748501
0.0017942573112589863
-0.0015393412050526618
-0.0005321264656893434
-0.0010299494699869858
-0.0009057659108088154
-0.00022101189519046656
0.0005118693254928864
-0.0005451364492369691
-0.0009733406268932074
-0.00026734955251581576
0.0008732781013543064
-0.00016547617512226647
0.000737653254032988
-0.0014322383254677159
-0.0006312020512664765
0.0001953698792098838
0.0017372452820337122
-0.001863509334626391
0.001086660501966942
0.0005849643015313044
5.289797642110686e-05
0.0003678993836825765
0.0015849884541459854
-0.0002298246130620357
0.0003799763989874371
-0.001143773483740774
0.0001212439868955142
7.207100246040185e-05
-0.0007986586946812585
9.13334871994682e-05
-0.0015145196263223284
-0.0009018771893767603
0.00011958478713948146
0.002426613985717423
0.0007351268386708378
0.0008798266225440446
0.0010621586111608627
0.001768908909168154
-3.29747084014861e-05
-0.0003954104072307517
-0.0011293139411385415
-0.0005706185526085235
-0.0012865052032617404
0.0007578634702589385
-0.0007470487265410485
-0.0003603733340905294
-0.000705220495926014
-0.001224989830551019
-0.001250843115343366
-0.0012125411116928764
-9.516271395730878e-05
0.00027199080415822737
2.4421751096461467e-05
0.0011083423545068805
-0.0006705646571638554
0.0022392743852687356
-0.0005260511234273357
0.0008454420042204669
-0.000775872824543306
0.0007502449109937458
0.0009844403349913292
-0.0008492748886793422
-0.0010767967965750326
-0.00026147532279124946
0.0004255234610491591
0.00017773907444700927
0.00069642325411689
0.0006347179354312797
-0.0018820856776423354
0.0007953325200409078
0.002015280595941082
0.0007692653883642945
-3.6480700478524756e-05
-0.0003153948743092582
0.00037953582664424765
0.00037425377212987144
-0.0017924038026361382
-7.017880056112971e-05
0.0011117150759064843
0.00013804842789235882
0.0007684844993564176
0.0004426666862899726
-0.0013402993632410545
0.0003226652370776193
-0.0001383593560560123
0.000983375770639471
0.0006730690750079725
0.0016110283170546569
-0.0003784755371221288
-0.0013817904848738632
-0.0027497301889030964
0.0010592628560563936
-0.001460643578217631
-0.0007942054599664794
0.00015985820774590847
-0.001229707009132881
0.0014115648688598032
-0.0013586467237711804
0.00024922452473635597
0.0005119998079966979
0.0003012527279342339
-0.00047278169273134014
-0.00013870704914223597
-0.0025026490093662803
-0.00041607621768334464
-0.00021733994957711728
0.000107759580455104
-0.0007865723822284404
0.0009399588101259309
-0.00023371969508017356
0.0016451890438575337
-0.00013504092326060039
-0.001683673934639968
0.0013534944112061696
-0.0009059803332176042
0.00043458690028524516
0.0014001238331153622
0.0005429185746518062
4.542906393293896e-05
-0.0010126829895822434
0.0008714590805184466
-0.0011720309473404076
-0.00023915598808650385
0.00022166518486437103
0.0015959041081148474
-0.0005432066475578657
4.1461425607526396e-05
4.996828686527527e-05
-0.0003921550380549991
-0.0006415302673547169
-0.0015754655764568034
0.0011619570451378335
-0.002874539979781754
0.0012267976619420265
-0.00016317346822241312
0.0013195109577442267
0.001090438346866134
-0.0034398002586670698
0.00014335870807087182
-0.001128685444090324
-0.00045176738137798166
1.7463864860739803e-05
3.076904533725646e-05
0.0010267332371721994
0.00017222861990536884
-0.00117376556299785
1.7145492322052588e-05
-0.001582841159669432
-0.0015634703390262422
8.46687807831945e-05
-0.001291793935940792
0.0004970127784472583
-0.0024495788301139667
0.0010495585716507577
0.00191459422608836
-0.00021037150350650444
0.00034715225785551075
-0.0007883715904592459
0.000627212552716833
9.99894148558965e-05
-0.0024218561265660246
-9.495472910234057e-05
0.0003283064750599914
-0.002298418846569808
-0.0010758217512490096
-0.00036684423505059434
-0.0005813395468486322
0.0007468144083188398
0.00121486399315417
-0.0007641653355061811
0.0018724186116448579
-0.001127507249702131
-0.0004690819832602801
-0.0001923978802807757
0.0016207897995836392
-0.0016451092151391793
0.0014686196651043605
-0.0003065858862526399
-0.0011895510891385558
-0.0007289005418736732
0.0019367288895351404
0.0005349503093513656
0.0008393636144521002
0.0006611498414845975
0.0004041474380803224
0.001411773353658363
-0.0011707036934875648
-0.0001702377412063144
0.002507672052189396
0.0006537581907367315
-0.0007484810254071886
3.83559583811174e-05
0.0016398649656519343
-0.001752327108792926
0.00010602693683590597
-0.001684286993069506
0.0014660130583740653
0.00010461216997222296
0.0008582133863953074
0.0019969475146597534
-6.720604998312622e-05
-0.0007378284409241759
-0.0017878390888212547
-0.0003809438584842054
0.001249185853648829
-0.0025373850852611845
0.0013441555460420656
3.292111042672258e-05
0.001054031672362626
0.0001597762052090237
-0.001028751196726971
-0.00035441811281071146
-0.0011913042054825021
0.0012646518707632641
-0.0015938964878928017
0.0007661165134141938
0.00021268533536472666
0.0008269718420120006
-0.001187144816947491
0.0010787228871610675
0.0016331577404546653
0.0016567370890260855
0.0001932601269607101
0.0012003893974653482
-0.00031793320788285514
-0.0005600176634023331
0.0020480036964622647
0.001273287494191883
0.0005870689087299234
-0.0007817751114350691
0.0006994672220408974
0.001213588377719102
-0.0004809785827216306
0.00019085109017172568
0.0005244008248861242
8.63153148393039e-05
0.0008967433774982527
0.0015405811171652131
-0.0025074682014033507
0.001104608695329591
0.00010646442700258447
-0.0009493503697606385
0.0013405116236191656
0.0028108643619059077
-0.00036989176082559904
6.0770403020408214e-05
0.001292693149323582
0.0005339744478899643
-0.00102473352243821
0.0012461896757557246
0.00022173105953995342
-0.0015270172328683863
-0.000764963398027144
0.00032246238132493574
0.000570535676383809
0.0010749123587095962
-0.0021133321833243916
0.001859563915014582
-0.00021196802864198352
-0.00020009127576243657
0.0015844562992095136
-0.0013426782571064966
0.0004174488083071346
-6.693320559462533e-05
0.00017448656902581107
-0.0010760907437836246
0.0020000219611143737
-0.0015015695215942005
0.001833153980129981
0.0003242682032339348
0.0005316038602995355
-0.0005163878288489918
-0.001663829987767677
-0.0009238028382650583
0.0003468663206308136
0.001247748619833255
0.00227117745279364
0.0010181899320374878
4.661709008283214e-05
0.00018419357226476615
-0.0015449385436885866
-0.0015607171177704153
0.0013330485724668928
0.0002795068770673374
-0.0004480012251738312
0.0005294690602523561
0.0006742488524353042
0.001229387106947087
0.0005212507753112741
0.00029352016558187224
-0.0013743633325837648
0.0008915695292216338
0.001818699894609672
-0.0016360249419153604
-0.0019292280291953192
-0.00016647407223886737
0.0009970661018344185
-0.0009435915812411455
-0.001896553790012736
-0.0004824367344267049
0.0010225786691751217
5.9594386611163994e-05
-0.0005028069319085838
-0.0007507400881329128
-0.0004367242368007439
0.00016926399254397597
-0.0009957937433134275
0.0007448801140814414
0.0008959330084601411
0.0006449044074569397
0.0001443473302284132
0.0016674907328417241
0.0012267855114405611
-0.0007151851767487815
-0.0008153690817963884
0.0009844838994241083
0.001270871737634041
-0.0014131278409155923
-0.0007385654687227728
0.0005144329058711612
-0.0019742752052178303
-0.0004797141331557113
-0.0008312237090170199
-0.0017022814475093548
0.002325441874554098
0.001940951520587795
-0.0016072745367079594
0.0009651121024694368
0.0002516360556960736
-0.0030221834842213023
-0.00047636773056188454
-0.0015207918742455341
-0.0007844801120567046
-0.001110524155492303
0.00021774649940675897
-0.0019461917462572015
0.00024109760119298614
2.2967954655878863e-05
-4.345620192506719e-05
0.0027319042057459956
-0.0012996958883349293
0.0008812120965963133
0.0011989131118839784
-0.0019918804809609895
0.00015503422221362412
-0.0005774079252639109
-0.003044932373094936
0.000926073639610843
-0.0011109668135918364
-0.000513097041339372
-0.001381877860590903
-0.0016335002961177679
-0.00047603415585495304
-0.0024905270310347093
-0.000949709739754051
-0.001115504278054064
5.162098388760157e-05
0.0005753151218652375
0.0010478515180707417
-0.0007409636593014087
0.0005822982507452174
0.0010271115807529902
0.0013021486615206453
-0.00010153582012625883
-0.0008297896489071587
0.0011154462943050738
-4.0082103427026777e-05
-0.0005814072632026885
-0.0005857217514362281
0.00018297029974495948
0.0013150579019274322
-0.0010996152400141812
-0.0008453529310527865
2.5908543814091957e-05
-0.002596387546633955
-0.002644155721473035
0.0007416547623232799
0.0009990768382097247
-0.0013642790875814496
0.0006754927987667411
0.0007931674536444468
0.0012004649284716629
-0.001297886577221835
0.0009100417619315771
-0.0012948446347281063
0.0010237980745861756
0.0005813468463024314
0.0009663486883276072
-0.0018088429928883887
0.0021553898589250714
-0.0015335569679482076
-0.0005133107426089997
-0.001347383174242407
0.00014435466365896144
0.0011834842133276642
-0.001248554031039633
-0.0002530127124352889
-0.0020784367973877014
-0.0008024201828961459
0.0003726119823373603
0.001665519018415883
0.0005720917456123364
-0.0010548515264609188
0.00033144615548578484
0.00034516690904569917
0.0008724017661114102
0.0013922280097106937
-0.00014899699839692184
-0.0009882598527198078
-0.0013484415340238654
-0.0009278988005306198
0.000532767177725509
-0.0005654048468317754
-6.576170393257266e-05
0.00015571229341876638
-0.0008577876688254388
-0.0003856941519150368
-0.0007728597061205371
0.002161836524062091
-9.683389641127156e-05
-0.002104126653324206
0.0006056658770192849
-0.000759439450555752
0.001748926002246487
0.0001093478866843528
-0.003033348345855845
-0.0026100052764504314
-8.295343965004748e-05
0.0006456748926456082
-0.002046722165605864
-0.0003933264592822984
-0.0006739229932239959
0.00017907104552072992
-0.00012781312919825212
0.0005688105034889616
-0.0006988968918000723
0.0011406691835116802
0.0019069278587637854
-0.0008392815398013
0.0013601070756441005
0.0014316765005085762
0.00029033275267762755
0.00011941844460406579
-0.0030573592892813
-0.0006493422347561755
0.0005100807651591601
-0.002021211161889016
0.0007131598262110096
0.0005427443335623639
0.0011898653816937573
0.0003794440991297304
-0.0003121001697658662
-0.0006821200815275557
-0.0010512685812079318
0.0006279096196982486
0.0008023399839005682
0.0005620323923923426
-0.00019513827219356071
8.84860324705389e-05
-0.0006007074385573832
0.0005815083766207515
0.0009229957566507578
0.00046666756497030473
3.216411054037123e-05
-0.0006180404149268316
0.000440233035079884
-8.76235451797498e-05
0.000746853136265416
-7.547942059518679e-06
0.0012121997576972415
-0.000379091887135897
-0.0014216120334411646
-0.000246885465488741
0.0009442958603075786
-0.00024400293635385245
0.0008954391820700953
0.0004160118074749821
0.00208644624320127
0.0006862427245552804
0.0003226244760733312
-0.0014567787500675202
-0.002424509786933194
-0.00043230818513056844
-0.00033754484185452875
0.0004203501355984315
0.0016295783613735123
-0.00017679612120047195
0.0004801473332377826
0.000494571999747324
-0.0003331899774553871
0.0017484838739068758
0.0017050488363760897
-0.0011284292656438836
-0.00031334150820847044
0.00047715640717930076
0.0009350704871926032
-0.0006290126193806014
-0.0024669227483833825
9.578645495407702e-05
-0.0018309587590221268
0.0011918422217548684
0.0013725449711741954
9.815061261811868e-05
-0.001191330466735826
2.948497073180996e-06
-0.0013854112656637148
-0.0018041262754195486
-0.0005152644486644956
-0.0013664025421680924
-0.0002576135303596465
-0.00012215561773994019
0.0011361846756264042
-0.0010073126627806975
0.001549630490720638
-0.0005818758434814602
-0.0008613830689838257
3.1254192401453564e-05
0.00044060262652750637
-0.0012166144017592467
-0.000559192649692022
-0.00117956450995439
-5.651333410578433e-05
0.00027612393074651005
-6.360410895386496e-05
0.0010849232624723965
0.00027663446953662057
0.0021830264494429093
-0.001764741099946629
0.0005095177385325528
7.749082021050744e-05
-0.001421658564252147
-0.0011253488198661639
-0.0008026747408596826
0.0013183945947984933
0.000588909088066138
0.0014328518574915298
-6.451384819479828e-05
0.0006590519998194374
-9.654412258755543e-05
0.0020622184906737635
0.002009845675872771
-0.0002487057753608523
0.0022938686706430555
0.0008845040469428311
0.0018891627231102288
0.0009237759931663744
0.0005902705544249625
4.1490078407935686e-05
0.001128749747514618
-0.00021247225538422278
-0.0014219412064255998
-0.0009715278723406171
-0.00030935753954806894
0.0014224256247232028
0.00027981696274629784
0.0003309237678245318
0.00033778966305258063
0.0011974493422274757
-0.0007009557309310522
0.0007059163085413322
0.0011050928508274415
-0.0006410703823500635
0.0006090015672295512
7.457927250511231e-06
-0.0014277348564763184
0.0013861106936824809
-0.0018588391368740854
0.0010487870109939746
0.0024829835562242735
0.001441900213131292
0.002173257014967867
-0.0023820839309600782
-0.0015060934210127611
-0.0005301324791578649
0.00021080316284702164
-0.0015334658430009318
0.0013260376610073187
-0.00020552558563607297
-0.0010716181312274958
0.00019431464251571604
-0.0001284466596591356
-0.00011563790722087034
-0.0008752551321012527
-0.0011543833012045038
0.001507305610871783
0.00040998684857124673
-0.0007610433812356956
-0.00014014999521205207
-1.170253640591308e-05
0.0016945999161537043
-0.0017730914046660614
-0.0012024520655679139
0.0016223909961753965
-9.455036071866222e-05
0.0015460150948987934
0.001400057295546473
0.00022788331684074216
-0.0003384165846890926
-0.00022988815304958302
0.000881162022495797
0.0003984966997829024
-0.0002857659794557161
0.001477262085269575
0.0008841306348444596
0.0009544062251089978
-0.001355736159657992
-0.0008177186786899978
-0.001185338167808667
0.0006522758260909117
0.0005231511884893431
-0.0004931722859702307
0.002040966961980087
0.0009028716964459006
0.00032173626491657277
0.0002302140351431914
0.00043378838011827697
0.0020984597178251804
0.00031483644286459475
-0.0015894519214094225
0.0028505064293369944
-0.0016871993648844197
0.0007467502234664646
-0.00035727807999749267
-0.0025936798306460153
0.0014057168740392468
-0.00031988494606052423
-4.453688720419695e-05
0.0003602510053130617
0.0010807910962473237
-0.0008950242878282732
-0.0007222583440134735
-0.0007588715229564594
0.00024361734255087862
0.0020213927558242906
-0.0006132130622293863
-0.0005990961051065873
0.00034276489712291113
0.0007873111601763104
0.0004635624860495975
0.00032390821472501005
-3.507126865782963e-05
-0.0005068084547603401
0.00013006277967111482
0.0022299102386298024
-0.002292350677562247
-0.0003312962611638756
0.0004286355683030772
0.0012819587266402052
-0.0003901639915524093
-7.183770250056185e-06
0.0007326096060451431
0.0008584362371180447
-1.989965140548756e-06
-0.0005148032219249601
6.138597156894961e-05
-0.0003979294739074869
-0.0002313092243337043
-0.0008035905134004647
-0.0006753312233772241
-0.0015784475825785817
0.0006054022687592737
0.002403314850328607
-0.0004154371531728004
0.0003880913550877444
-0.00197985211758701
-0.0012563922104628002
-0.0004801163582305934
-0.001113078845750206
0.00010690746647378902
-0.0008332051144437447
-0.00011165883537273582
0.001441450736106266
3.1295864537337056e-05
-0.0008967738837649872
-0.000604223258235704
2.733231867666514e-05
0.002687382263110813
6.06505458780804e-06
-0.0002330589457763675
0.0008864904102012902
-0.0011813967602268458
-0.0008886860771672985
0.0007624250526656943
-0.0008931116742237192
-0.0009742852352928002
-0.0009183274699172292
-0.0006289546543534933
-0.0014865090246058926
-0.0008945965982201587
-0.0004892823864464114
-0.00010309295650206467
0.0009804760069720287
0.0018261638984977213
0.0003826467329241007
0.0007372713297189009
-0.0007264674668815102
0.002071912206923671
-0.00046238082533961016
-0.0007053397848245553
0.0006559917057208602
0.0011699048917989628
-0.0018714570287388516
0.0014674471073894781
0.00024432144618634225
-0.0003248666974260252
0.0008461479037698031
0.001157128151005431
-0.000837199581919571
0.00010950394397247935
0.0006887951841356044
0.0006845714013405006
-0.0008567812248229694
0.0007233805641346845
0.0011665947035656935
-0.00019426861095492176
0.00021019568007132612
0.000996652405099646
-0.00037776448489480405
-0.0011904582087028043
-0.0013408446332026198
-0.0009834035726343498
-0.0003710552571495572
-0.0005093305113909825
-0.0015185603202052024
3.2542583787529556e-05
-0.0007314875495670493
-1.1176495204043481e-05
0.0011058359230203363
-0.001606415302864233
0.001504562808690032
-0.0006605168518780855
-5.782857821797757e-05
0.0010800146082685402
-0.002356560853016098
0.00026972612764149305
0.0017600508919694013
-0.0014616760463295856
0.00209922553155757
-0.0017358858140624493
0.0006749225302387865
0.00015157578787747047
-0.0006322653307425021
0.0008175657063519949
-0.0014717849965888042
-0.0010472892347721935
-0.0005688142069545967
0.0013937200043379293
0.0008335709795434313
0.00018248762812961394
0.0017934954679524023
-0.00011168125586662275
0.0003193392142925341
7.98650613415533e-05
-0.002410916079371627
0.0014046616415054971
0.0005731232720829626
0.0012439225619273052
0.0003120041556337577
0.0006591434180761989
0.0017088371197646424
2.811824525762594e-05
0.001532719231678922
0.0002418682347699049
-0.00021449442874926672
-0.0001766248742253561
-0.0005255337469898503
-0.0006876570982594408
-0.0009465453811140726
0.0006383814568910987
0.0008273935822220337
8.474724003054589e-05
-0.000702822060576106
0.0005559332795807297
-0.0008113347686082853
-0.0010835623640106627
0.0008363300205309705
-0.0014787600216674577
0.00011204057316140568
0.0007316535301460785
-0.0019046437281313683
0.001469468316230894
-0.0008106889309368496
-0.0013735272701894182
0.00019647592570519237
0.0017692107724738683
0.0021833099763986412
-0.0006729246266735372
0.0019727456836180824
0.00015043111605923562
-0.0017788293169002357
-0.0008955261882033145
0.00026313876686728923
0.00036236303053740034
-0.0006393448662207113
9.849115845251166e-06
0.00038202244275212477
-0.001150771936134529
-0.0007669270613502898
0.001592676269813385
-0.0004036109778043766
-0.0004650262362908146
-0.00010609490073484724
-0.00022413540961779125
0.0018036393171866115
0.0012058979146388961
0.0005299061080278947
0.0006525776623539075
-0.0005009506011353643
0.0009204627165159655
-0.0006299864477842891
0.001915390179277276
-0.0008058977357409119
0.00028985354738407813
-0.0010814749074428292
-0.0010410890050755021
0.0006941171876793097
-0.00010662860404030684
-0.00032088638577325605
0.0013425626210551691
0.0012747587005959868
0.0009562021084722274
0.0003331367608522948
0.00028952220058111336
-0.000563338678430665
0.002068847199071228
0.0004753773499342343
0.00017731965297674117
-0.00010220475713315851
0.0002865104627237968
0.00024544768665837755
0.0008737556320795149
0.0008612665030790215
-0.0007675276801292946
0.0017074063006205886
0.002473670464157754
-0.0016283002129371393
0.0025272298399480167
0.0002903241371448592
0.0007445405865094141
0.00021730416165943012
-0.0007300181626525215
-0.0018864445006794306
-0.0008772858176820134
0.000477716741321905
-0.0012401420931910112
-0.001233994412350285
0.000840019227026188
0.002714377431547772
0.00048322298552028853
-0.0004939946834708735
-0.0004712395588237025
0.0006343239098473424
-0.0013990190569344227
0.0016526621666889598
-0.0009216913816312126
-0.002009064336846321
-0.0006339195379966494
-0.0006693999210352622
-0.0005013978932474121
-0.0007486406634286133
0.0022102899475211777
0.00015469805487272658
0.0003418417294387104
-0.0021162754420843083
0.0004333523197486662
9.527948233580019e-05
-0.0016458899668532548
0.0013655741037401675
-0.0017851872708259614
-0.0006846216890091528
0.0013828129915577484
-0.0014262873942725047
0.00045358300037852883
0.0009696912661102663
-0.00028759877543636385
0.0008248302993136629
-0.0015734357298937214
0.00020328992734314894
-3.4727763379258774e-06
0.0007189467259831363
-0.001385355649886105
-0.0016915202026095953
0.0007784804838594146
-0.00017016164646332908
-0.0031856005251695934
0.0013647659847949196
0.0023180290347961435
0.0008289301973348774
0.0018486369148917807
-0.0006490232707446947
0.0026402068119637263
-0.0027722887199204357
0.0008074983602751616
-0.0002230869308296491
0.001712596818999687
0.0017670610871436349
-0.001344507021641872
0.0008421757805135306
0.0013338968727314882
-0.0009141040948431131
-4.399770393451438e-05
-0.0006494163276445853
-0.000776320287925904
-0.00036058787853825353
0.0006020123627521361
0.0004929153440870437
-0.0016865547094651666
-0.0007010000386918892
0.0012123222924154118
0.0004400869586351115
0.001282450581685409
-0.0010959178680047677
-0.0005139425152931772
-0.0021867793526347615
-0.0009079345960757405
0.0007263379759440456
-0.0009148320189532016
0.0001798950371549618
0.002124497967878381
-0.0014937063054674762
-0.0014211141638179935
0.00031290092477083187
-0.0005660255181332871
0.0006206580509258769
0.00017232500778171562
0.0013468106785038886
-4.117366577294101e-06
0.0019761152278449587
-0.0002779025261851525
0.0004483913572996997
-0.0021766904049730315
-0.00034922205691493766
-0.0015678355462251242
0.0002822538743374797
-0.0009933205480213846
0.002073796915216293
0.00015213058797041432
0.0008512062803316155
0.0013374932956593591
0.0021929716498006783
-5.2368899500729114e-05
-0.0006241297958267813
-0.00022052491060821342
-0.0006628557738318986
-0.0003428886369755649
-0.001637305294679997
-0.000377513221982513
8.022388632017676e-05
0.000305562197316572
-0.0004353021281856759
0.0007300164159702646
0.001518308595486487
0.0012471077476209859
-0.0011872445421726686
-0.0003472702695056529
-0.0006883489335149217
0.0015361320886332728
-0.0015013178738432216
0.0011572072058859933
0.00046799667159606867
0.001611976800190436
-0.00019016356857655468
0.00012335307139756132
0.0013474527745725225
7.217955609308151e-05
-0.0019285613117715496
0.0005082922006650149
-0.0006580313348140268
-0.0011354493952034676
-9.103949540506098e-05
-0.0006778366369481061
0.0013102284170156391
0.0016214169881803217
0.000566674933071005
-0.0013118533689021356
-0.0016286661161739931
-3.3079780457502986e-05
-0.0016438606881872622
0.0010326853617140422
-0.000512555981721064
-0.0003200404805227596
-0.0005439325885352602
0.0011828726803848136
-0.001545618590398989
-0.0008050926982787724
-4.027420449856274e-05
-0.0007108638737501672
-0.0003988486524439993
0.0010676710911327828
0.0006701786057148754
-0.0003216713062264059
0.0009215699487304726
-0.0009796689905376135
0.00023693351831939656
0.0003576401729846429
-0.00011627831762671437
0.0008007864476733453
-0.0006357471549499927
0.0009387721680085053
-0.0011733571021494318
3.5766978649496304e-05
0.00021493520703315933
0.0013816718588686287
0.0004317836278112033
1.6601789451356394e-05
-0.0016758028580963853
0.0008271491569571171
0.000520818505776082
-0.0009431267120554428
-0.0005183401349237502
0.001033055136220067
0.002059639041073521
-0.0007259840706599885
-0.0008656189260060602
-0.001331587018926505
0.0003899576313407634
0.0005460548532422866
0.00013791797589828144
0.00017443057603694774
0.001136669990494138
-0.00022908718863689926
0.0010877209745474626
0.0006306263284302108
-0.0014455919061698102
-0.0004835195096225965
0.0003466361399445432
-0.0006756070806019322
0.0004933620752360324
-0.0009209484044345346
-4.240282667135962e-06
0.001255978266183143
0.00047614541375948775
-3.18613090603437e-05
0.0014150540577009794
0.0006612704540895419
-0.0013442726195178952
-0.00045269617394764165
-0.00030991496001110013
-0.0014920209359873201
-0.0003419787528133959
-0.001531411561608132
-0.002748557905775819
0.0005374109041233698
0.0017889354408486635
0.0007731940241555268
0.0007255497874823694
-0.00046096465086775554
-0.00022440608781519573
-0.0015184858306902542
0.0003891163711972305
-0.0011265397631626446
-0.0007901323800012301
0.0004489761026963187
0.0018224516460590748
0.0008620485972213815
0.0007175256588594341
0.0014343101041928213
0.0009342281550479706
0.0018393267018346825
-0.0019544811417602187
-0.001071652759775301
0.002602958832245488
-0.00037604573429891083
0.00010025869792638522
-0.00153376824785442
0.0018023357014433946
0.0004054532428969352
0.0014629567880933268
-0.00046766084748967615
-5.003395906717061e-05
0.00022799690457949012
0.0005376384991097053
0.0004714326015365672
-0.0025571376700423607
-0.00020738133256393348
0.0011432853474160718
0.00016229815158858265
1.0784490889966465e-05
-0.0005836817298769413
0.0006721502820035496
0.0012837466656848084
-0.0011554364777982403
-0.00021956140905599658
0.0007672128002617182
0.0003968704124021513
-0.001038447521559114
-0.0008283372136167438
-0.00010169130535687814
-0.0014593904096257657
0.001595597641999755
9.329979724201698e-05
-0.0013247961852709128
-0.0015802348046444407
-0.0020074684947128368
-0.0018164157334675205
-0.0005856983504704428
-0.000803031372604492
0.0008134700228344554
-0.0010353555014978545
-0.0009239857018212994
-0.0001018880966065758
0.0006119474040619686
-0.0015922540227257297
0.00020055058454916338
-0.0007416074646085355
-0.0001603166054010409
0.0026191515835903957
0.0005907449273927274
-0.0009514867757292572
-0.0007011412183243958
0.0001185241966804441
0.0004657501067667326
0.0021821319761632994
-0.000813369302575916
0.0001847915595792347
-0.0008520745915145361
-0.0009589205867687468
0.0008009173073884107
-5.571624096227138e-05
0.0013077982938402167
-1.8542959819993774e-06
-0.0015706633367372491
0.00017546571791102384
0.0007373160909653261
0.0011169221076789747
0.00038969657480393826
0.0004585321749758193
0.0012177898537384167
-0.0008364529061110788
0.0017821650528751021
-0.0006238763549355428
-0.0013874760652872245
0.00134059224143018
-0.0003709841160778874
0.0009676045757527912
-9.464577991096311e-05
0.0011615805127257832
-0.0012517760343545151
-0.00041422859397209513
-0.00019030054965365591
0.0004950735839305788
-0.0004944858520470678
0.0004035608045472262
5.297980768744039e-05
-0.0017345776024438853
0.0015901517689370277
0.0002567777162035878
0.0027757404275537013
0.0026397630367918958
0.0006782745161138897
0.0005831594143296038
0.0009527961085805366
0.0004824355674293887
0.00029910331303118555
-5.141158795744792e-05
0.0011523767405023026
-0.00040254532619655206
0.0012782184738934104
-0.0012532069907923704
0.00043432075208989934
-0.0009151228190134162
-0.0006042959476763609
-0.0011962951208625767
-0.0006538722021447369
0.000791546440980619
0.0016128544508188986
0.0005158796739785323
-0.00014647337051499067
0.0001358109050386619
0.0024375649630239368
9.76014297831996e-05
-0.00029008785451183826
-0.0009809963886182882
0.0005280053710306056
-0.0015408201914388717
-0.0001291578152035132
0.0007568756295666221
0.0005962453026277823
0.0007249160427599468
-0.0006026641498216531
0.00040661586622646657
-0.0004910036346800539
0.00035006247804079217
0.0003298818264402486
-4.1152732281870905e-05
0.0001156488331725683
-0.00187906815056304
0.00028030610589221304
0.0006791557481690522
1.055075998013244e-05
0.0009658328144945089
0.00022117475614921936
-0.0008234221641566518
-0.0003478239830360334
0.0003020787519327745
-0.00043273352132876535
0.0009618602606349475
-7.391829056458034e-05
-0.00024700913669449374
1.664202832315656e-05
0.0014422406518349142
-0.0010107764709904091
0.000522314237845702
0.001924452157513157
0.0003830719394559294
-0.0003565039641505082
0.001177417352771639
-0.0003861190491891105
-0.000728246413182091
-8.599993918855306e-05
-0.000497634502334584
-0.0005982034131793863
0.0003542608046235008
-0.0021071530511085883
-0.0016189034555532465
0.0012782051258848949
0.0024420194715200996
-0.0003779689958005428
-0.00010270123440302625
-0.0011171170572501982
-0.0008873620233694858
0.0005364090136986629
-0.001288147325194307
-0.00023073616763212614
0.001151308686252945
-0.001105782076807284
-0.0002891211688528623
-0.0011633383310357427
0.0016248433422248402
0.0009658387105005555
0.002541599036294587
0.0013649290059297747
-0.00037544295764964657
-0.00044088540946177554
0.001096902047529034
-0.00024588851764090154
-0.0007894088645476687
0.0016580240582425273
1.8087598230075196e-05
-8.941927980803672e-07
0.0011509146835513083
0.0001107037773893331
-0.0002030206983580977
0.0007722306106654954
-0.0001408476425718122
0.0013469781159227044
-0.000465338721144293
-0.00024677265921521906
0.0012511032489607443
8.720992887973029e-05
-0.0004337234325225582
-0.000831423262091025
-0.0003288289202736974
0.00030843307936060163
-0.0017703676821623526
-0.0012272363503091572
0.0012472957527607672
-0.000194530300568722
0.00013283111850001392
-0.001176419650501292
8.449811279961701e-05
-3.5414110696386583e-05
-0.0008461805457178999
-0.00021392335171336766
0.0014230691284000069
-0.0002990714574021365
-0.0009746346972501781
-0.0006274042793507275
4.1722318501233835e-05
0.00045394550178006957
0.0002780620886256458
0.00043661141180533907
-2.2167924257089574e-05
-7.647162729974896e-05
-0.0006539384956357559
0.001348508323991461
-0.00025422105806785874
-0.001292581617524847
0.0007036707768825251
0.0010916883341248527
-0.00226145650591296
0.0009096071507743198
0.000682426791720518
0.0004824495637697463
0.00026848225342397203
0.0009240898239151517
-0.0015948001785790187
-0.00021481044094400734
-0.0018493699188725378
-0.0006541428269501074
0.0005299652095425845
0.00022452840549821396
0.001077361783452034
0.0012359921134418466
0.00023345611802329927
-0.0016763718798856744
0.0010672612420914783
-0.0005862804193313278
-0.0007606459350945634
-5.541947278209317e-05
-0.0010088380003865026
4.454332475801814e-05
-0.0004809936274873838
-0.0013204012165201604
0.0007342747780815578
-0.0007122472155880885
-0.00114240686886438
0.0012716894137533856
9.446853361274674e-05
-0.0007198546152247595
0.0001218772011646124
-0.0016681522102187226
-0.00041777803121658904
-0.0015977849340438495
-0.002809351319029399
-0.0007816758937809169
0.0012161310894394928
-0.002057690640244683
0.000371275995073233
0.001954214841709607
0.00033213677035191666
-0.0005292165727902959
-0.000997993353662524
0.000834813423270481
0.0003662196092715475
-0.0016403341179882132
-0.0018209361929136015
0.0010602109883302347
-0.0004888028649610756
-0.001850677218666105
-0.001491448756440588
-0.0005725840999077288
0.00028861172910657045
-0.002027376466261401
-0.0011715066867975436
-0.00136638796960981
0.0002616085553315172
0.0005039017355670067
-0.00047313006812615537
-0.0005486844871941287
-0.0008533440939084056
0.0019619298152004625
-0.0009426917077386622
0.00010053659583623953
0.0019011754315237806
-0.00048533603628772234
-2.82773042875118e-05
1.823763747321972e-05
0.0011212512898163291
0.0007387864236815994
-0.000246279183687111
0.00032874186421545946
-0.00033071662198724214
-0.00014256253715340126
-0.001121805415228116
0.0014851440343728204
0.00043882898476017997
0.0003936372695674352
0.0013873397283815482
-0.0021179344088569207
7.539298270576556e-05
0.00037268128519757186
-0.0003748447914371934
-0.00045664917869530275
0.0011800946886921981
-0.0009295635260154768
9.338128874086136e-05
0.0018248390556072484
-0.000712569554392164
-0.0015610720832677197
0.0011634702246147394
-0.0003195309034826653
0.00030506909483929943
0.0006214279564296045
-5.369532543034153e-05
0.0001961917004926006
-0.0008931696621331285
-0.0006957055778103261
0.0007406656325947133
-0.0008476502411967798
-0.0003874316465819009
0.0020921208824080666
0.0013468217687921068
0.0008692208635683061
0.0016696565959582787
0.0016389956407137697
0.0003538387974532972
-0.0006775785856200557
-0.0006012816816715614
0.0007412571137084601
-0.00023290956665291635
-0.0003195779682139888
0.0010513352415091584
0.002519934547260167
5.2551378218282355e-05
-0.00011971901471311084
0.0029585891172334436
0.00021823367883526602
0.000498135319614077
5.4924635410415146e-05
0.0019218592649081828
-0.0005211000495991194
-0.00033111583838633506
0.0015037050393135248
-0.0022148915399767305
0.001396902081505783
0.0018430147753093328
-0.0004415779159313993
-0.00034405506223396257
0.0001396107738052025
-0.0019297425800154171
-0.001166391223056871
-0.0006717479390501502
-0.0005705345593115122
-0.0023387412658086356
-0.0009326147739779987
-0.0013531101757797506
-0.0002597788332065444
-0.002596375132639334
-0.0011171125910412188
-0.0006347495019112615
0.0013305467590445927
0.0008487783275077074
-0.00024137457202297614
-0.002068787091428727
-0.00015107210268300542
-0.0006556673796236722
0.0010625488077732146
0.001099156605908612
-0.0018806915242642174
-0.00021619024018579877
-0.0033597751755055105
-0.0002369903156557855
0.003111718759956834
-0.0004558646250523608
0.0020764292992045902
0.00042265752574241434
-0.000781243735190211
-0.0006930021636948456
9.450841780889244e-06
-3.8719500580621245e-05
0.0002583514921721386
-0.00018137916373790557
-0.0015632489070061231
-0.0008053557566701734
1.9952536215226604e-05
0.0007424488883951861
0.0012242668760605172
-0.0002206222214040065
0.0018245944438169146
-0.001934662476362757
-0.0003990112464425826
0.0004876159635109133
-0.0002533255211079859
0.0011923217848443873
0.0005893043534547105
-0.002643620477426021
-1.2943821456483567e-05
0.00023940778491913565
0.0013530302021401606
0.002081641948235106
-0.0009224231229250355
0.0004073439234699384
-0.0014363755902853407
-0.000753430561960866
0.0018879619515190617
-0.0011703012971421324
0.0006008992837631983
-8.935396228178721e-05
-0.0006189964984533297
-0.000507743765318573
0.0002877300470328345
-0.001468623532213113
-0.0003620199062838054
-0.0009317139165366015
0.0016708340581128602
-0.0016573496405780017
0.00028175698865322204
-0.00042733811552607767
-0.0018650338789791192
-1.7154950339514638e-05
0.00046882448873487035
-0.0024873026971922096
-0.000758243270679515
0.0012964383834778146
-0.0006963457060011332
-0.0009889513974394152
-0.0009979216752034983
-0.00040813185675929686
-0.000753510688149125
-0.000282374143707919
0.00204465853297967
0.000391448974169142
-0.000586773231272727
-0.002422023930101645
0.0006809685068820594
0.0013646691011353995
-5.951684196242221e-05
-0.0004028206002693037
0.00022707496907249083
-0.0010864197226152085
-0.0003026318975660654
0.0009784602635333722
0.0003140482849126524
0.0004235589434534675
-0.0011734404394871673
-0.00010206108332991859
-8.403126464163854e-05
-0.0003794373530115569
-0.000996768155562476
0.000568243922478372
-0.001893505101400833
-0.0005653942370718641
-0.001202840785925194
-0.00014010832307616877
0.0011593001354840203
-0.0009125499213784964
0.0015466308236234375
0.0009686503773117971
0.0004620679175102783
-0.0005790011858578787
0.0006859633503903552
0.0010735049259698645
0.0013194595869800263
0.0005017126351277841
-0.0009903926238696923
-0.0011411186986738737
-0.0011438974295341295
0.0021138269139120017
-0.0002621905777343984
-0.00035474860534113095
-0.0004744167322452594
-0.00029468501958898244
-0.0009236520133962693
0.0006280875413710256
0.0016226474117656767
0.001716040620451493
0.0006139317529845968
-0.002076909037725078
-0.00029299705331444235
0.00019978347415308985
-0.0015663072942463424
-0.0007647648060097519
-0.0010837719963912532
0.0028118717052521185
0.0015445225892335172
-0.0011819221225871392
0.0010306865664324834
0.0010318346095762984
-9.299334603509226e-06
-0.0003760132490599014
-0.00020066362311270446
-0.0005088229285780309
0.0015761690740580103
-0.0014863513655567434
-0.0014010333400662767
-0.0015196526560422063
0.0008212639742381355
0.0004932111096064264
-0.0013473680608297523
0.0011802378098532153
-0.0005299199060549822
9.699498017803424e-05
0.00026948231673166984
-0.0007217387327379911
0.00039736772868969694
0.0002986078578373989
-0.0009639185193875839
0.00015250041933548823
0.0003414557625849011
0.0006272304771854103
0.0016851215681143326
-0.0010551717295836315
0.00040590014947689294
0.0007158185400995328
3.993545492474606e-05
-0.0014715281580226695
8.726463283234262e-05
-0.0014360566456891443
-0.0004746946641318623
-0.00010537757529022186
-0.00037715806233235705
0.0016740031762713043
-0.0011180066177692708
0.0012923284054566107
-0.00021920805294714684
0.0008384686495497354
-0.00033468588911639475
0.0009809698604047934
-0.0003265112864866078
-0.0001668440138550246
-0.0020841403480342407
-0.001070973727513546
-0.0021870342496723844
0.000721643809328864
-0.0007581277719219893
0.0007493094749295621
-0.0004098601721567197
-0.0005765059507502165
-0.0015980098864712003
-0.00036458213660636225
1.1877212259060983e-05
0.0017315202067700126
-0.0005039960030168582
0.0018537904395253054
0.000719535327394059
-0.002786440412375109
0.0022124586022783705
-0.00016665835103071218
0.00035547063344517276
0.0003420447682497957
0.0009210409522448471
0.0020050956806052463
0.0008262260433583539
-0.0007102721756012687
0.00039376736307214125
2.5332241292885755e-05
-0.000763491177174392
-0.00031831964001010395
-0.0012192521055356654
-0.0008452544151225102
0.0008300423762866702
-0.0029400035831602077
-0.0007282338584266536
-0.002440703884173402
0.001656044185929923
-0.0002588468447422751
-5.8631731704058435e-05
0.0008811454286676533
-0.0015607122708831676
0.00020342854069100522
-0.001540940201476574
0.0010367921896052368
0.0001469517666071934
0.0016305190867160829
-0.0013350171027859752
-0.0012206267749817687
0.0014752994246072237
0.0005811536552013168
-4.914008142077166e-05
0.0027795047143432563
-0.0010947236906765098
-0.001174474254187825
0.0016813273623704176
-0.0007413296616948978
-0.002745850083003811
0.00045584472091810436
-0.000711523871405078
0.00032656504810448975
9.535923477982058e-05
-0.0019858742432459246
-0.00015037398242237162
-0.0001687609251716194
-0.0007852671910735173
-0.0002063472543701201
-0.0016604023259650246
0.0010384111352346027
0.0015884492495194893
0.0015044745939553144
-0.0005005626206391272
0.0011723846771934962
-0.0010410839134169809
0.0026350702354873
-0.00026063596950607584
0.00058544036016186
-0.0019725047593451136
0.0015724983828107606
0.0019880981469705184
-0.0003991188043484969
0.0010951462768382513
-0.0004237221476467253
-0.0019806034350354504
0.0005697351085976641
-0.0010064816726295864
-0.0012812388113352256
0.0022017542316827357
0.0012424391065585046
0.0014536356026265279
-0.0001867190002209875
0.0001897621478491987
-0.0007981917737159613
-0.0002323651967284966
0.001101278928168091
-0.00047772611127718087
-0.0006206247765942084
0.0008160573203703023
-0.0022192692901431997
-0.0007321952498840806
-0.0019655145674617714
-0.0012718403336183914
-0.0025100519903198163
-0.0026167915794105615
0.000547061994808214
0.0008691638179936287
0.002368965626763194
-0.001486192070769824
-0.0010835103830517873
0.0008561000610402696
0.00043864051087994405
-0.00033157315641293387
0.0007350177892549852
-0.0021401471238300645
0.0002457915577070465
-0.0013559906149978776
0.0009424409100998106
0.000469410187560668
-0.0017510353876854531
-0.00017601258963361106
-0.0007195237219073831
-0.0005832549860705728
-0.00014388433323091762
-0.0005764987241037367
0.0005443290396430306
-0.0010889266505783289
-0.00023143503884825176
0.00028352382674992225
0.0022538862137399616
-0.00045500331585333605
-0.0019624279628782525
-0.0022295772436078123
-0.0005359950465367048
0.0010494708984638142
0.0009930071444088798
-0.0011142467125935236
0.00038395867782463095
0.0006287861872311634
-0.00044918870977594965
-0.0004530672028197651
0.0013078626541235601
0.0020783947854843285
-0.00014028351759478994
0.0007495750163972484
0.00028576862964213443
-0.0003265369562671396
0.0006947449483334995
-0.0008077264392568187
0.00042153595325964235
0.00144001946694364
-9.788422034490272e-05
-0.0012726143620965932
0.0011906527117224706
0.0014425225617747568
0.0015950361637421353
-6.120309622485723e-05
-0.0011616611846222344
7.15394389967233e-05
0.0007619085880532068
0.0006640327630856078
-0.0013971439439530641
0.0015206584170426817
0.00014788519665638307
8.578555491693114e-05
0.0018299235748504656
-0.0001595457769778682
-4.7587040283318954e-05
0.00044431069566561366
0.0028061497953732963
-0.0001733642948191627
0.00039982403337709434
-0.0003771876110094934
-0.002239800197647602
-0.00017831647878564563
0.0005300637636100281
-0.00037053633234308435
0.0012356766122851462
-0.00047996931310177363
-0.0005912699465185167
-0.0005048422778511745
-0.0007715709978492722
0.0004666091769673422
0.0008250362171341697
0.0009173102025867121
-0.00010832928108596918
-0.0015267191645575078
-0.0009238446671100291
-0.0009510633879936017
-4.526288920105852e-05
0.0007638161363485551
0.0017666492702245037
0.0025717261814495692
0.0009712581052748068
-0.00243859632931846
-0.000982188286037352
0.0007885196888672826
-0.000198233152542359
-0.0012408695520276596
0.0014642032098736157
0.001287157097115325
0.001439298270229843
0.0010269479452630415
0.001131934376405658
-0.0015840293765051613
0.00018945152478288358
0.00028326835696138876
0.0016736544957791516
-0.0015443904515766492
1.3743611244417798e-05
0.0004477520216685676
-0.0012662191176487925
-0.0010942419988396591
-0.0004932472483860524
-0.00046722913475712565
0.0004648368589064189
-0.001058831021284908
-0.00038269412563506154
0.0006824628965233956
0.00038039751721494403
0.0022195171893573448
-0.001966970923252973
0.0011706691564689613
-0.0015178584014827177
0.0006732246517677927
-0.0014492243874425536
-0.0014989833224087687
-0.0007478871111421751
-0.00058866795854587
-0.0013466262013987742
-0.002165094803450401
0.001145916278031598
-0.000672358911723344
-0.001219156732107965
-0.0009245742616280393
0.0007233427396922693
0.0004738256630129182
-0.0003546967276993084
0.00027453197097664463
0.0009545251257018364
-0.0007185873934334871
-0.00015673356515183792
-0.0010802290611870633
0.0012543821605565028
0.00014121546792189287
0.0002481004504554167
0.0006683554660649593
-0.0003740966047034773
-0.0021403017700430058
-0.0019005462979315717
-0.0008145544108858174
-0.0017118897365047648
0.0007641993885294638
-0.0007640163030842494
0.0001449937628396573
-0.0008006716201299617
0.0025766213732334084
0.0001678781225585719
0.00040019777761552143
0.00016893392714982853
-0.0007769214094221132
-0.0007223185168358599
-0.0006351234215806576
0.0014776107387190086
-0.002142212262527661
0.001361903793864589
-0.0004551365407661704
0.001926215746323213
0.0005627805978479405
-0.0008059651393701971
-0.0015059516804171954
-0.001398408270786646
0.0015104573315479588
0.0026414579745405982
0.00025279323650514605
-0.0004345403992905931
-0.0008449144791360917
-0.0016882164755058495
-0.00015384728678671274
0.0004219050412966581
0.0005680909355789053
-0.001736245867057857
-0.002427833818264749
-0.0026873211673689797
-0.0011786141012383692
0.0007747394447935726
-0.0003947231643836027
0.00034993919583414557
-0.0007254349675664191
-0.00021073538963391593
-0.0004781293584281441
0.00040084695194238517
-0.0009342629250499957
-0.0005350423572180862
0.0012568862164442332
-0.0008647610498454853
-0.002130368460160563
4.2249824170324186e-05
0.0010779386725922118
0.0027700194329668905
0.0008054042484249523
0.00031724320321139935
0.0010477522352367041
-0.0007981628927859529
0.000262638056371864
-0.000807439560390794
-0.0014432002973728275
-0.001750497584981223
0.0007616851347632272
0.000524533183738562
-0.0009915242451493157
0.000939676755264853
0.0011260600204817388
0.0013883732802824538
-0.0014802268533917844
-0.0012528269268786388
-0.000668894500946391
-0.0006351420859102789
-0.0024552182229508504
0.00047012753242057863
0.001821958303664351
1.184997122724112e-05
-0.00010225836689577392
-0.0006677919401881632
-0.0010871640651224717
0.0013182423207173503
0.0016130760769918677
0.0004450962526627545
5.964147838520586e-05
0.00014190462525483406
0.0009533050109394731
0.000675134023713136
6.088778922100825e-05
0.0006413940067233746
-0.0010369374651694988
-0.0023077841296963233
-0.0008978763301117137
-0.001781638610886275
-0.000176817256818527
-9.256758304732148e-05
0.00044593939262192815
0.0007825436405337621
0.001188937359494875
0.00031111823340043395
0.001094166712604618
0.0016541258177735422
-0.0021140933977144183
2.608700634124032e-05
-0.0002459058894672562
-0.001974433207501484
0.00020796140997128841
-0.0005351311516377455
-0.0008232659432254072
0.0003695368605081798
-0.0003851439123338854
-0.0006045801652615199
-0.0006497326525640972
0.0009904216004893206
0.0015802565546175894
-0.0010862313784013413
0.0009972484474185888
-0.0004897926464884993
0.00045787341989915573
-0.0027133560495636168
0.0014204554891760828
-0.0008373212852474964
-0.0007649675508179487
-0.0008491034087208054
-0.0019946819228510073
0.001444559792386809
0.0003754574379853257
-0.001135202434163635
-0.0014873055158755658
0.0017762637305069667
-0.0010318206284908075
0.00021664788965905136
0.0007917206744426267
-0.0008269855984349063
-0.0004403106560029601
-0.0011058634920317932
-0.0004026978020579786
-0.0007918635744080743
-0.0005296631361357497
0.002708770253522713
0.001333558813787099
-0.0003076162152162167
0.00041112945335502007
0.00037428251576607805
0.0005943692549391272
-0.0005067293201384284
-0.00011260246676744542
-0.0011080848142168704
0.0003077803388619054
-0.00024017163424071386
0.0013804548560991075
0.0015166562340712324
-0.0005326290906705605
-0.00040280993295694034
0.00035118258605634463
0.0008217097637457963
-0.0006329474292324995
-0.001554883824481107
-0.002227194879953559
-0.0018152618823798455
0.0017647323360256092
-0.00023079688546930212
-0.0013025953885092158
0.001960823650133234
0.0013323743877857888
9.540227638670716e-05
-0.0011292802583924822
-0.0009840671094183758
-0.0008662405888739187
0.0006537444044974953
0.00031472934260468635
0.0019329565169727378
0.0013216076206242196
0.00022350011652638117
0.00020403433433689545
-0.002324313212718649
-0.00042429197794395876
-0.003096747061548604
0.0004035042658501706
0.0005337614934154103
0.00016281826627467184
-0.0007133661635403553
-2.002243817566518e-05
-4.88836165988761e-05
0.00039422357512089304
0.0008169207916000046
-0.00019570738897906588
-0.0005253699631116517
0.00014628908756272738
0.001370088438357198
0.000273079971143339
-0.0009303491551265336
0.0007344078116151528
0.0010780257244900314
0.001033379420019669
-1.503777659760584e-05
-0.0001619729212938316
0.00011804178023741748
-0.00010044493696862364
0.000548104268332554
0.0008883411459053819
-0.000999288160413523
-0.001074412807584054
0.0006009458873815003
0.0015589251666958243
-0.0014568859994090817
0.00013979875952969774
-0.0013898637189132682
-0.0005610233938930742
-0.0006311281143937507
-9.131097864339442e-05
0.0012502885170307064
0.0005109058357285205
0.0013898054869259898
7.983366682552482e-05
-0.0006385895942947353
0.001776672416017971
0.001146588155760789
-0.0011547380184635198
0.00036771073437137126
0.0012862757589694972
-0.0015677600533559768
0.000947884956738931
0.00020346594562458214
0.001243979287149779
0.0004005917914116075
-0.0011935086557848156
-9.435659756003974e-05
-0.0005035763069589858
0.0024632989505969055
0.00047855120542224494
-0.0015914139219520794
0.001734893332423589
0.0011463609116363913
0.0001277347607866991
0.0009339936496069411
-0.00024213508468912668
0.0003115062444064044
-0.00025338793223538496
0.0016064473568065515
0.00021149289293087396
-0.00011614687059927444
0.0014099188839789023
-0.0016181302397434074
-0.0009090566754361345
0.000736086095209646
0.0010281013393981136
0.00027579746896796
-0.002536844349462096
0.0005939341521591149
0.001286616380731522
0.0003549012531665115
-0.0017197766517605816
-0.001502587814467813
-6.796885434632285e-05
0.0011220596646272986
0.0015230895206900018
0.001699474715647548
0.0006954561912466602
0.0005902052864770391
0.0005068419620754302
0.0010288667218338128
0.0003441317484497414
-0.001010331867895349
-0.00035960038177384595
0.00022693501329634996
0.0017714948642757156
0.0009004546314365223
-0.00023272841510878103
0.0002872137044592819
-0.002190652902408307
0.0009859504031687972
-4.095454105143577e-05
-0.00044699892702813605
0.0007358207368003619
0.0011407444510248392
-0.0016745213917264674
0.0011717669084771087
0.0007756009862826156
0.0015133119976685015
0.002475712102732929
-0.0008234803004543109
0.00018196392854980917
0.00331345809352856
0.0005235456869741535
-2.1726300021488496e-05
-0.0015552028113748884
-0.001268672740946635
0.0014660940429952875
0.00022567565122853336
0.0014344445952596055
-0.0013975126117878381
-0.0018372100509186657
0.0006075431180545718
0.0005676289835397903
0.001019038868846074
0.0011862017423554224
0.0006972831480803103
0.000657641633984848
7.842231323830215e-06
-0.001161850810244919
-0.0006633048313480856
-0.0010624366810346713
0.001405559718400705
9.694164500302201e-05
-0.0018872569748891713
-0.00013716604825516588
3.7056876800377887e-05
0.0016556030727323625
0.00015060702755659945
0.002392129596404067
-2.9379456631349372e-05
-0.0006240536546257925
0.0006847608362773493
-0.0015961097971123508
0.001146416786053335
0.0009144060801877622
0.0016051262437310298
-0.00036650836101918344
-0.0013860802255529145
0.00021959020261722194
0.0027781853021853907
0.0009544877360231264
0.0003255557632297657
0.0007668562676735435
0.0012872621192463237
0.0005050545077195518
-0.002315324392663879
0.00014226563583983983
0.0005406666622982275
-5.3847268064830934e-05
-0.000657388799821268
-0.003049988080055045
0.00033758420703849836
0.001004999437650135
0.0009113018902097526
-8.308489846533913e-05
0.00015311654815368598
0.0008821895293090029
0.000702978217020867
0.0006006192619598329
0.0008671570936483104
-0.0023515948259513293
-0.0010355135419186751
0.0008685265688122433
-0.00019081233518243113
-0.0015399055435978198
-0.0006853037417345487
0.0023280129943036246
-0.000198234983126384
-0.0014418356697895461
0.000626191952197904
-0.0012434066041924394
0.0015570756742633819
-0.0010939282748749504
-0.0006434537535189339
-0.001861815983383844
0.00024242276859608153
4.1095618060292635e-05
0.001064789694325058
-0.00048208707762307265
0.0010599097428466288
-0.001037447069252311
0.00027766175099383695
0.0025429161643828403
-0.0012245434426365349
0.0017371716773010425
0.001176863368814074
0.001189960705196438
-0.0009347024517414021
0.0013992074011482897
0.0006652727168023415
-0.0017020489862204868
0.0006510093323728314
0.0007036813367174178
0.0001855477849343908
-0.0017079359995234935
0.0017233795496860377
0.0009714208934262407
0.0009417463067793943
-0.0007913586424749446
-0.0008328133424196864
-0.00019358405296434285
-0.00047436867178717105
0.002570066429051313
0.0016220853919602833
0.0023173256370449735
-0.0012932343809058439
-0.0017770394862521406
0.0003543734160507689
0.00071392363739542
0.00036323872438248444
-0.001079136374488121
-0.0010241301314338528
-0.0008967495862290714
0.0007977771277124278
0.0017150210156593288
-0.0008656560300027173
0.0001736333643215154
-0.0013222286691369843
0.0014944247257955012
-0.0006669527658009739
0.00010756910818730811
-0.0004814861995113313
0.0007082230656083395
-0.0002855183472017411
0.000698207429369793
0.0015453994389814684
0.0005187949740344828
-0.0016897371222400908
0.00014908097227864787
-0.0012596241793661701
4.688414594275658e-05
-0.0004487784530136577
-0.00022863082819989724
0.0006750110618586933
0.0004329187154126229
-5.3538578206189716e-05
0.0016521894987992683
-0.0008088655201663442
-0.0013960652376462102
-0.0009609903400635725
0.00175084013717731
0.0009222029494314338
-5.052376996021319e-05
-0.0006790822425930169
-0.0008158780798449443
0.0011657655939236262
0.00115334246163765
-0.000999821279873623
-0.0009651666920105478
-5.7153756299480155e-05
0.0011851842274800204
0.0003620383417904235
0.0007628238682778304
0.0004320034351879994
0.001328091469499246
0.00016868328552666068
0.0016681230047760906
0.0008796960374165831
-0.0013957661243769516
-0.0014890598747977605
0.0008495580724005692
-0.0007523790516146339
0.0004570919477393223
0.0006620274574429087
-0.0010722369719449822
1.682261890423321e-05
5.557522843989794e-05
-0.0002427992240403939
0.00023925394374712375
-0.00014024558636830664
-0.0003753412458247605
-0.0004978345810080926
-0.0012191461334425024
-0.0003637253511687684
0.00032292022564444386
-0.0028966769501804473
-0.0012215870383417901
-0.0003189048395857135
0.000570012747174781
-0.0007260779414833014
-0.00013110617026775145
0.0021819955671437074
0.0006904387968847069
-0.001196935779506709
0.002262195344880297
0.0013458526839586126
0.0009883481437288593
0.001280638997597151
-0.002134003374584573
0.00026312951895094804
-0.0016542763340779791
-0.0006946425763889193
-0.001212806309926058
0.0007263349783627048
-0.0018555098578683252
-0.0015988499033430831
-0.002487459562988281
0.0013385738852488699
0.0003612222826869672
5.323103246256427e-05
0.0014902567258881399
0.00034373563294904237
-0.0002973824919338153
-0.0006309944512501952
-0.0006788382749741069
9.754719873146045e-05
0.000911109950007721
-0.002170548254021547
0.000525741213179345
0.0007910253957476504
-0.0001557017183290068
-0.0007088269523958703
-0.0020892059248932174
0.0003051287718785127
-0.0006749559612795422
-0.0013499002730413148
-0.0021208017136346686
0.00047929074195304035
0.00047021823785901526
0.00021659033304633342
0.000614452988903402
0.0012202425236070803
0.0008169266688841697
-0.0001223080020721657
0.000930096015865616
3.8543383142553986e-05
-0.00031302614781258714
0.0006008779498318738
0.0003005258335276592
-0.0003552376458633971
-0.0006156033812967146
-0.0011600891934731084
0.001301841866732512
0.0016846630102830976
-0.0008460489038442056
0.0007559865149057038
0.0001476867689755116
4.78825769796987e-05
-0.0004889575222684653
-0.0017893072289971166
0.0005517702187832205
-0.0006242277736762988
-0.00021745516611960643
0.0008410588614585585
0.0016897482888026435
-0.00018056256724709348
-0.0005290634062994417
0.0018995738383054842
0.0011798868563858984
0.0013266318873037
0.0006435822182198996
-0.0019773462498371367
-0.0002907629017863241
-0.0004806229494771976
-0.0005195212929165341
0.00015378587832010944
0.0013131264527227059
0.0007801610515235208
0.002375448899420295
0.00046147966696129353
0.0009644208545263309
-0.0003866498006778293
-0.001013305872839451
0.0001976377016962093
0.0014489862132060413
-0.00017201303812669673
-0.0006778364004976693
-0.0013680573325741958
-0.0005970429872440883
-0.0007337166482672173
-2.9080312852356796e-05
0.0011167998475484075
-0.0005739584302797457
-0.0013597338542315652
0.0015756755562323168
0.0011242808495185736
-0.00033656344287645194
0.0004000066646433165
-0.0008180853828073626
-0.0003246340073141541
-0.0006247708316821673
0.0017884149260690215
0.0010467896989015176
-0.0006255329689916403
-0.0005977086333601612
0.0005862756216756957
0.0009233134579753034
-0.0006794737358690524
-0.001092360360935697
-0.0007201162556069434
3.670250208246276e-05
0.0008237968465693917
-0.0005208488324514286
0.0006623976396699212
-0.0021739737232837875
-0.00042958842195821555
-0.000313899077059752
-0.0016479891814564335
-0.00021018277792096557
-0.0008672754748822721
0.0006340539028640806
-0.0018023181313037704
-0.0009602288288970447
-5.7820832906023596e-05
0.000492047448945948
7.512633872724619e-05
0.0007003493728550876
-0.0005493823016640218
-0.0009736482530715848
-0.0006202355216231842
-0.0009466974374666605
-0.0007842750450417278
4.390372979414872e-05
-0.0004583433959982464
5.46155752745509e-05
0.00028113613845372665
-0.00025138955992968045
-0.0015308104394185203
-0.0001195881855077798
-0.001475925831045276
0.00021389236145131187
-0.0005565615131357927
0.0002682846377180609
0.0006931496553752219
0.001317483662210928
-0.003141702833875817
0.00047599138536865484
-0.0007018395174830137
-0.00027278014782936754
-0.0011756874550284788
-0.000709786582678917
0.00038742967870407423
-0.0016774804926656334
-0.0010319796986151422
0.003196118366880519
0.0012406782677849032
0.0009266856301996993
0.0010954041035037168
0.0008452454223784874
-0.0023172752654745544
0.00041425610612450334
0.00036136784462668426
0.0008312775704849388
0.0013279470211648105
0.0004746725182255787
-0.001258168773537133
0.0012506562661064528
0.0008283674071587067
0.0011143901464793118
0.0009740423549298561
-0.0023110358647467446
0.0005637132616867706
0.00020571299930306078
-0.0013062656408323419
-0.00040969527051282076
-0.0018208202482979208
0.00010207407284906197
0.0018855286095667292
-2.2117453530035025e-05
-0.0009421839536551598
-0.0013791438341180227
-0.0010455512401617375
0.0004088012784549205
0.0003816765726224927
-0.002958654232632698
-0.0011237290733562863
-5.8141425027841824e-05
0.0008393515936170032
0.0004632805913646221
0.002200183659236229
-0.0010169874900383985
0.001616995906564495
-0.0012163466788455977
8.754283930655006e-05
0.0013491444935443137
0.0007795133028333072
0.001862524076166996
0.0013817377945636788
-0.0014865717297361805
0.0011470619490436132
-0.00020404394906344513
0.0016666607841819797
-0.0011563538902372116
0.0006807313963258097
0.00010598005446958252
-0.0017029969389029409
-0.001637360425768882
-0.0004019450243027363
-0.0005982614392259626
0.0015119888473748488
-6.36753987604887e-06
-0.0006199932327330337
0.001161424749440545
-0.0009904214292187701
-0.0027331651501595485
0.0015231154650581376
-0.0008289509515812606
-0.0026897002741091552
0.0007280444269568195
-0.002584367897255975
-0.0008792710326650386
-0.0012185651442101503
-0.000123090886000588
-0.00012110469817309822
-0.0006562923486372244
0.00022191789352200007
0.0014277136445839294
0.00150882851948674
-0.0010678380896274738
0.0004049283610649476
0.0010682705387540532
-0.0010876123827776166
-0.0004179021066763132
7.881651806692807e-05
0.00029023615470015956
-9.14736107791443e-05
0.0014630359761072733
-0.0008294991733595665
-0.0018343335509232069
0.0003377190406463846
0.002020958080180551
0.0009252079793077438
-9.82563513811568e-06
0.001143223828004982
-0.001017099868482246
-0.0010819681888180857
-0.00018080137802759736
0.0007634202115336915
0.00039100540077759626
0.0019611764841095947
-0.0016623298969665491
0.0007770435703960448
-0.0016713422698423686
-0.000546612311842485
0.0011766221893687863
0.0009693333716785215
-0.00022153507263778207
0.0010569914597708013
0.00043734763803002257
-0.0006080839218071583
-0.0007072665202754168
-0.000584145988867969
0.00033735169998502925
0.0010048557978236433
-0.0015552592890524769
-0.0003557972248900902
0.0013166755162229622
0.000985072016146306
-0.00014869825817849787
-0.0015073426191788211
0.0023955896214067937
-0.0001350020496993855
-0.00027028452441600387
-0.0003766184671812689
-0.0014948049533523506
0.0011407224992714066
0.00025099465372388274
-0.0009725928943384818
-0.0009648881187261328
-0.0011794418108996992
-0.0005974912362523313
0.0006027205435974735
-0.0023184451417998814
0.000636235623414751
0.0005309942605643594
-0.0007313781645441253
-0.00042647262649352926
-0.002525725557525513
-0.0009492934919894959
-0.00016547249453893157
-0.0019016778353094282
0.0003554508291609541
-0.0011498773949014213
-0.0007713913676314052
-0.0012935629589504707
-0.0006736446224132688
-0.0030556852201904824
0.0018601328605295368
-0.00011563454698973931
0.0009905679827248342
0.0007498130228302252
6.669862734627641e-05
0.0006352104082985921
-0.0006194621532646769
-0.0005438979405721695
-0.0012269345403954767
-4.461024751229225e-06
-0.002182434464918556
0.0006374503532091069
-0.0012366610969067498
0.0012978153106442151
-0.0008402071059666151
0.00141424438275931
0.0011624816294999172
-0.0013464484288076516
-0.0008249737637091849
-0.0009857406140791186
0.0006291532845080518
0.0011157852234702783
0.0003413367246982602
-0.002184577178774628
-1.8736887661842754e-05
0.00016706462973976467
0.0006709971818713658
-0.0021895987571305237
0.0004053480377075345
0.0009977486087388062
0.0008704757746820104
-0.002052285787518981
0.00041824751915993917
-0.00026625440978330674
-0.0007828862454284802
-0.0007830872324599712
-0.0002636283454703137
-0.00102928253899508
0.00012121846897024892
-0.001367476301737661
-0.0011672564444358466
-0.0012191904301088912
0.00019958597355208255
0.0018548734858417847
9.62683679864969e-05
0.000874994765500453
1.974130588733155e-06
-0.0004018675025362954
-0.0001702465779346533
0.0013188711381177728
-0.0010935067107892887
0.0001292846441667089
0.0004018628726841987
-0.0003990610154457605
-0.0003664037091654085
0.0005928600951196419
-0.0005013858758793305
-0.0001420020164853801
-0.001221511252163158
5.616891388190863e-05
-0.0017329794908022512
-0.0015705941371940905
-0.00032552545596970444
-0.001223740140762204
0.0012243175561952894
0.0002433671592671198
0.0013055822227963597
-0.0006309519969556834
0.0004713391162453445
-0.0026841809183526934
0.0002095494644952334
-0.0005215860010108433
-0.0007060524200910201
0.00119851974988675
-0.0008338336149589783
0.0009340530978231508
-0.0012935406181979324
-0.001981238151908935
-0.001794800807495576
-0.0006495566190277979
0.0034186577377850647
-0.0004792505301239585
-0.0006624014041550236
0.0011927292804757748
0.001524738747230115
0.0012810299229760967
0.0002499963294710085
-0.0005784116615275098
0.00021205538910415564
-0.0012018374885857195
-0.0014084932293006887
-0.0019073245615768596
-0.0002166053251134563
-0.0005018017353381835
-0.0005827620139530721
-5.1738453989969626e-05
0.00048703048934769946
0.0013750778053682846
0.00013034764905513088
0.0006711245218726016
0.0003973119797787034
-5.684620708883969e-05
-0.0002267346822241349
-0.0010226714152987038
-0.00012096936115460446
-0.0009024195498191707
0.0009983904114979536
-0.002392498493755247
-0.0016840833787338974
-8.643794455369001e-05
-0.0018601086968204072
-6.327880307818274e-05
-0.001291652698755834
0.001127056476013421
0.001552545249922218
-0.0019776532810757068
2.5126605687416556e-05
-0.0017623086427765741
0.0015634499966612645
-0.000831297351886857
0.00021732165552472004
0.00018347195604213074
0.0004172123315212632
-0.0006373287372499646
0.0015061893554035198
-0.0011709522223116715
0.0007228649343794567
-0.0012661092597249946
8.92469036260611e-05
0.00042789615381121716
-0.0012523256789958577
-0.00040338799325485267
0.0010280117891691414
6.380443239864685e-05
-3.535011999686323e-05
-4.4031214716619754e-05
0.0018323724691395773
-0.0021659110608671264
-0.0018728797738979106
-9.801219758353216e-05
-0.0010492934614797621
0.0010027956238918118
3.065489316843402e-05
-0.00011058278757313611
-0.0002091346007631455
-0.0003814069317560353
-0.0022842032708930834
-0.0021677653509552005
-0.000806051245466271
2.9751511739972192e-05
-0.00022401671912607404
0.00014633743023585366
-0.00036126192245854107
-0.0007650803418366036
-0.0013446801609138827
-0.001852356832901031
4.96890354326873e-05
-0.0001387394615739266
-0.00043126307836140816
0.0011147733563626348
-0.0008899280334320114
-0.0011811959874568941
-0.0013217664584585357
-0.0026249708424021787
0.0009026734324081462
-0.0007625386903294611
-6.037640447918956e-05
-0.0004880344468068685
-0.0012330045281992107
-0.0018136755169857052
-0.0030544524931202287
-0.0012946382863043122
0.00030557326472248976
0.00047157846094618856
3.656256156118868e-05
-0.0012335421589394872
0.0011759502998517433
0.00012324893751585768
0.0004470688477104563
0.001261365968278059
-0.0016462938970062111
0.0004758394240122836
-0.0003771398937859095
0.0008793313850788122
-0.0006500095401857219
-0.0018320050445764541
-0.00019731925288318783
-0.00023161785663989242
0.0006425292018022655
0.001779544209193595
0.001662231857404161
0.0004006901436987658
-0.0006782733914141588
0.0013611199301576725
-0.00024016300414648095
9.408623139400263e-05
0.0013166070412859796
0.00028650862797935346
-0.001008201216478557
-0.0005262489943055665
0.0010127766509978383
-0.0019422827899376403
0.0013283942023323719
0.0001563083620870235
-0.0005256152842532954
-0.0003140134927217299
-9.526917801993219e-06
-0.0011512926422934107
2.6567302357771864e-05
0.0012877668764418881
0.0013521805060552462
-0.0007449016463260349
0.001552876913610371
0.0014669269011741881
0.0012541132096260707
-0.0009979065271206917
2.2288975786158164e-05
0.0017881389613668417
0.00017202116897074079
0.0009678965123005884
0.0002997728262560111
-0.0006174861487542287
0.0028671379945549827
0.0008458245234743622
0.00046979968660956214
0.00019465398702934146
-0.002049094713446687
-0.0005269872078233613
0.000997130759587667
0.0016051641326599278
0.0009827251124301026
-0.002782232170128932
-0.00013866702383857234
0.0010666579772864735
-0.0009273140010485643
-0.0007545450561854078
0.00219231192673337
-0.0016956228201575314
0.001353139499100899
0.0007130691131451399
0.0008158089981803025
-0.0024905030808937165
-0.0006686352139741235
-0.0007706795602881697
0.0009716577862539365
0.0014250648768686083
-0.0003662466027584823
0.0006833499933814678
-0.0003958712761743183
0.00085778629588742
-0.0014618137215031285
-0.001360036781217542
0.002189795461011438
0.0012268991144341762
0.001801094713862729
0.0016898157957489818
-0.001242348252038414
-0.0014956634549624672
-0.0006239328589624462
0.00047333318251817255
0.0006737772669477585
0.0010247396091300934
5.1346297127224435e-05
0.0004342245854091217
0.0008308496062892209
-0.0019286722181207435
0.0006870406490890383
-0.00045783141978363425
-0.0007031147141026464
-0.0010740337699068215
-0.00045049393144060634
0.0002316843602320316
-0.001533429635574405
-0.00035159553876965515
0.0008862396049350047
-0.0010862642567998743
0.0020409048289073066
5.077686761694754e-05
0.00018977634250282553
0.0005296648717235575
-0.0021613186705633143
0.00026684592071338437
-0.0004960131464362516
-0.00012495982076086146
0.0009496928907535883
0.00022343885298101236
0.00015623053175622972
0.00034677019555421886
0.0007682236792700296
0.0010711594444232956
0.00020504344378064962
-0.0007670265577524646
-0.001968814176444863
0.002409772494809358
0.001090469577045641
-0.0016944161830700515
-0.0016092134191932712
-0.0010726913111121234
-0.0009856275491662628
0.00045239477175494804
0.0010015189940080964
-0.0020846566455365954
0.0006419599206802392
0.0002565244854134695
0.0009397303151024498
0.0010341346926390483
-0.0006739221729282002
0.0024650192842319385
0.0002538735522004557
-0.0005274216130399156
0.00047920370947050593
-0.0020200734962150945
0.0012689303075859608
-0.001134544384971266
-0.0014250212479493473
0.0015867896760192175
-0.00017360563860097032
-0.0005963364962219585
0.0006638785363815053
0.0005636860275889818
-0.0016086654907244515
-0.0019342998799650004
0.0005151122432302543
0.00016219762964331282
0.0029451275819988966
0.0015875979551405674
0.0012454468323858324
0.0009722710131804127
-2.1455533761897688e-05
0.002435029813557097
0.001535767291374267
0.002965530890169327
0.0020413447529186554
-3.357824848749744e-05
0.0026374433013001933
0.00231015978536957
0.0017416858898791378
-0.0009012432088973041
-0.0002675580636636906
0.0006004166731673201
-0.00185628543818253
-0.0001385101164383188
2.229805624566868e-06
0.0027106447909795474
-0.0005275703403645092
0.0002496119408025182
-0.00039714147266463025
-0.000936150153862668
0.0014577495469131191
6.904502418485887e-05
-0.00010836228499045218
-0.00015860456278615463
-0.0003000993032894273
7.113354928677561e-05
0.0011452167203464634
-0.0005156925196442817
0.0018978649652358918
0.0003836705667814039
0.000769609400867183
0.0007441442498131457
0.0014511148579144364
-0.00020232519430713304
-0.0005007913902502127
-0.0009840117536669057
-0.0006232686696861595
-0.0003726486092727262
0.00019541142583981677
-0.0003976040459928687
-0.0015793423567951109
-7.3766257094293e-05
-0.001055889333776279
-0.0005088718398416495
-0.002348684670252531
0.0011919579909395795
0.0002533349181059805
-0.0002283429799564221
-0.001877486621655102
-0.0010478510985619032
-0.0009473021826871548
0.0010156883550656245
-0.00034301013436278726
-0.001328606530663981
-0.00032483162232666235
-0.000936568762664573
-0.0008424165141006627
-0.0004861702979143756
0.0003593644305874783
-0.002179533786652505
0.0007360933905030273
0.0005576920055552678
-0.0010069459891730668
-0.0016095366927046442
-0.00012932657216831346
0.00045134271223350923
0.0007105416486641905
-0.0012546687461130431
-0.0012965320559878576
-0.0005709747877267942
0.0015719112763767917
-0.00017009429622607747
-0.002143135853187716
-0.00046530623590528334
-0.001463492183995606
0.0006547589904384576
-0.000231113847626208
-0.002240707274914266
0.0013166638843869695
-0.0009890801603036881
0.0002938787541100599
1.7230736518147414e-05
-0.000973455134084386
-0.00010670351306409448
-0.0012701209194357888
-0.0005599306683635628
0.003639743308088609
0.001236016647428199
0.0007595535645874079
0.0006688451091544662
-0.0006582892030836745
-0.0017079877322440805
0.0007773897608778815
-0.0011480010310209797
0.0008705831266472223
-0.0007020121380895513
0.001537077844614897
-0.0017536370941364666
0.0011576446807978042
-8.940641614153493e-05
-0.000780076455659268
-0.0017216663899988537
-0.00011525296591015739
-0.0008142072253706186
-0.0017282112160437928
0.002216648087972321
-0.0003807935141437235
-7.576962883591427e-05
0.00031164930870837234
-0.0015360609704439037
0.0009698866962097963
0.00010256867723731867
0.0008268233511378433
-0.0007396074981692426
0.001799373255527965
-0.0006048821845829182
-1.4139894548652612e-05
-0.0004779049787517039
-0.00013030087000585988
0.0009027178393256184
0.0013955915629353054
0.000284277798545199
0.0013029952379852842
0.0001674287176474612
0.0008346217840053689
-0.001025029627031679
0.0005396393808410107
0.0004037632629799676
8.369956628333264e-05
0.0007927126755531815
0.0013115650748005065
0.001518668015404919
5.756896326607274e-05
0.00014513934766167486
-0.0024866808900965197
-0.0007293881713207536
-0.0015709759970216953
0.00038205772309878803
-0.0015368215094593695
0.0001486638626141139
0.0002664008793876031
9.890114444091534e-05
0.00014050872103404144
-0.00030423066447357166
0.0032858091770782867
-0.002411703650011195
-0.0010433376674490328
0.00030873200194402484
-0.0017845069952925562
-0.0014923743267663216
0.0006018682957893721
0.0007383790847592994
0.0011207699606292686
0.0022294620464806086
-0.0010534476973367841
0.0003305881149886902
0.00011556997729867789
0.0006528425020977178
0.000613817127914902
-0.0003974822546027575
0.00022192979994559546
3.53372753989549e-05
9.41325299149672e-05
-0.002820853111441587
8.051220330410729e-05
-0.0002994267390912274
0.0003761250138420582
-0.00046643264348745106
0.0012307520056509575
-0.000397918543795371
-0.00016135019890612943
0.0016813880954624604
0.00021679000399885554
0.0002121697971386998
-0.0006656696865755854
0.0007154497800421551
-6.478656326363194e-06
0.0007058998062423888
-0.001471050383219591
-0.0025908489010983303
0.00011215432454327098
0.0006126392885490659
-0.0008389789934935911
0.0002341713840608972
5.174147861402912e-05
-0.00013398866126547286
-0.0017601791014980489
5.905613388836091e-05
0.00021510332676056594
-0.0007750290549741718
-0.0010904257040485093
0.0014733043168430303
-0.0005168619501114543
-0.00015636822981207323
0.00018752668093551447
0.00035235419380906177
0.0007075276114823938
-0.0007008170295210099
-0.0011119001784611405
-0.00011948277021725745
-0.0012426431327755179
-7.712921884611218e-05
-0.0011712899532764231
0.0004304743483519579
-5.9265380736861e-05
-0.00040023212394828966
0.000394733060631786
-0.002336255892972409
0.0010864262669530976
0.0021918507145553
0.0003820462361840311
0.000791012425643792
-0.000954959847110177
0.0012642020733860339
-2.3649431163349297e-05
0.0016924910986118279
0.00045790438727891084
0.00012522536222854766
0.0015937340422824693
-0.0003895025675674457
0.0016548969131568857
0.0026045350413653047
0.0006524525079590538
0.0004618747451310452
0.0010898715980520088
-0.0007743970264242721
-0.0011182295981583773
-1.515236006311924e-05
0.001165474603870978
-0.0023477329225752405
-0.0003787789529572495
-0.0011667974560013242
0.0009057422921144746
0.0015683004077833935
0.00037638223377986415
-0.0003005226528879161
-0.00032014309238479133
-6.967211015788984e-05
-0.0020194464601670814
0.0008148995258995397
-0.0014064001201112748
0.002201730769697483
0.0011010856753541057
-0.0011380184631733996
0.0011655926460308538
0.0017889669310543115
-0.00023412199296237522
0.00011734279877020825
0.00014740339456844898
-8.852008514711852e-06
-0.0002415855010672512
-0.0006663539935542637
0.003324009446021589
0.00016901090667509284
-0.0014179641294980098
0.0032681849665783204
7.449917717328274e-05
-0.0006923092495042342
0.00097797096367837
0.001041571669063414
-0.001784194064580924
0.0018417545402470887
0.0011116880560702342
0.00010547297160022245
0.0002732906561097438
0.0030499178390205207
0.00025605301087041005
-0.0012594835676307534
-0.0016773260184166467
-0.0005595477254404098
0.0015540261466338021
0.0004508165607805553
-0.0001164002844477947
-0.0010491598974928418
-0.0012316033457944792
0.00270658775913425
-0.0021858422191199365
-0.00034664797772123704
0.0006783256885648197
0.0011208601439352164
-0.000720838462608969
2.7892160503111215e-05
0.0013002237601208247
0.0009394343055051969
0.001328037215565206
0.0012217126240333354
-0.0008800123047836418
2.044748037097378e-05
0.0005852090887526073
-0.0008054978405002432
1.120670746788828e-05
-0.0002074415969155214
-0.0017057861651116066
-3.7217010951673993e-06
-0.0025362603397661027
0.00030947494100353563
-0.0002342335476434112
-6.785517507837334e-05
3.6071781984099565e-05
-0.00041366576565875695
-0.0004246011635857729
-0.0015552374669654126
-0.0026564214887127508
0.0008561600924084363
-0.0012162373090775405
-0.001364903243926639
0.0021264957223619775
0.0005162474383091449
4.913872720463514e-05
-0.0011454533233316876
-0.0023864012912690087
-0.001578425688377601
0.0004620540237935707
-0.0005149290475339575
0.0003621482801489738
0.000372413024203164
0.0004414966913927251
-8.605354479075102e-05
4.973162286058284e-05
0.0002436717947981876
-0.001071249410000688
-0.0003392652281881929
-0.0012040737071482986
-0.00048393645911102873
0.0009055638448421941
0.0008885825312913724
-0.0007916695976813153
0.0004185917604858314
0.0010975362797137937
-0.0003525162809300226
0.000756821867948741
-0.0006759311515268011
-4.620683748095842e-05
-0.0008365195199543019
-7.661245260330177e-05
-0.0005481558679197568
0.00015604153574350527
-0.0011871637787470167
0.0010018376258795214
0.001820754156587187
0.0002563853686550069
-0.0017816692620742443
-0.0005569856670818073
-0.00041074920291587065
0.0008514686259046918
0.0010436692361409706
0.0004981686896353652
0.0003772621996810761
0.0018202383174242402
0.001353446522712035
-1.397739970670437e-05
-0.00046009063505802767
-0.00042759852719807557
0.0013519848200899938
-0.0007971935791294562
0.002113887879987466
0.0005860007629513646
-0.00043743280595178336
0.0005017688721945171
0.0021382219249603393
0.0013063382352767826
0.002472821763106201
0.0007836735761505966
1.5198593750898983e-06
-0.000880445809963051
-0.00013119534675248512
-0.00019721997420956775
-0.00021917414137808452
0.0013645645671601409
0.0011623784109102248
-0.00012450968777655936
-0.0005819990265314727
0.0004381747492845297
-0.0001359852376573051
-0.0015006138499491077
-0.00031941000866268397
0.00246307865506437
0.0020657617115600064
-0.0007634656634095445
-0.0021064769248989733
0.001697476274694943
0.0013069496614355645
-4.421624099694171e-05
-3.505986564484037e-05
-0.00044433206773410465
0.0004054376337011071
0.0008221923056947737
0.0013959414256796408
0.0004510639142865088
0.0026038700317932233
-0.0005750308356331781
-0.0008384300360146601
0.0007755434872223504
0.0015248327172100622
-0.00103783251813405
-0.001123851425016054
0.0008799114548587338
-0.00019036152335655355
0.0002724023423293361
0.0006938920521935558
-0.000978067728765971
-0.0014865968815446413
-0.0021186799828479823
-0.0013681100457666809
0.000695689758513377
1.647997587234747e-05
0.0002990288276766553
0.0001637824993670961
0.0010472142841442228
-0.00027982442584321434
-0.0010592645188368828
-0.0004261238392173091
0.0014063342877332773
0.000995831163501871
-0.00030856739083599946
0.0009225834786186053
-0.0004722708793536262
0.0001315874502231959
-0.00017251331385841537
0.0005655074552267924
-0.001170962545696127
-0.0008246588803745929
-0.00031691690160895187
0.0021883510005493833
-0.00013762250022136892
-0.00014160587394196233
0.0007225289653518288
-0.001391568339342017
0.0010645617789865182
0.0005580456168364361
-0.0006767035817109953
0.0005934139036462396
-0.0007502599751747848
8.871407747544681e-05
-0.0003609854169019906
-0.0018808788845391718
0.00043095518522285985
-0.0003521699420599353
0.0010290695082461917
9.118087751125443e-05
0.000824988625416536
-0.0013325503069105868
-9.681406855135018e-05
-0.0009691396653789478
0.000788483321264654
0.0012976836763979546
0.0006289326457410107
-0.001589570055098499
-0.0009446199457939111
-0.001558832211164524
-0.0014958177163367206
-4.5166054773153895e-05
0.001082773401711194
-0.0017263048839773764
0.0031336208629581114
-3.368295026629084e-05
0.0008356969317678234
-0.0003711710228672536
0.0009626986528635082
0.00047909191001819726
0.0003741260660118309
0.0007366964916649138
3.7668165665358065e-05
0.0009439381142640838
-0.0002511761672244055
-0.0003461391821463692
0.00036570950940556187
-0.001246766736859856
-0.0003106595840399981
-0.0006487106603852672
0.0005433334841484945
0.0019237025070056241
-0.0005104868802250952
-0.000321220196930624
-0.002194937769850794
0.0009715112979277578
0.0010842314847693676
0.00026016920108944705
7.611865672298942e-05
0.0005104465727063943
-0.0003587174030364255
-0.0007270961005301273
-8.59853097712208e-05
0.0004341775664423996
0.0010052262927754269
0.00025331469361952014
0.0018517106825048243
-0.0008916138903745048
0.0009546727623034486
0.0006346893672260417
0.0002069742293986663
0.00010604138666185214
-0.0016535069430793075
0.0005031925707827558
-0.0009224902824764504
0.000737786558687172
0.0004910677280032271
0.0004896967620227595
-0.0004912344983683191
0.00027110974406701813
-0.0009254680401178034
0.0009502831133408176
-0.0017105958186964616
0.0008876766931359411
-0.0006829687513759719
-0.0019421954787070827
0.001431821330214684
0.0009156746104305712
-5.553372410755054e-05
-0.0013058333102776822
-0.0011420433606416252
0.0008659384697024827
-0.00039291959256746833
-0.0012031190693671387
3.975125587425032e-05
-0.0007147853889855841
0.0005069551649754913
0.0015302155377475788
-0.0008292226636425973
-0.000329893225292819
0.0008777584821046884
0.00015788646697075152
0.0014767241452715426
0.0008057674362955025
0.0005805454055218593
0.001346280251527792
-0.002155478108329941
0.0007672470855750187
0.0016097411571523795
-0.0007978405380336072
0.0016820050404160363
-1.0351676339985587e-05
0.0004988341298107352
0.0012087049821077743
-0.0027544999551714928
-0.0014791621434252875
0.0007396989968607566
-0.0008250769400012911
-0.0005128849681800814
0.0009036100243751972
0.0017546918572363575
0.0006269103038790282
-0.0006641806250432075
-0.0014899574635372276
-0.002042682829406141
-0.0008902600403546702
0.0005930803788643263
-0.00024782481789329335
0.0013979989029670509
0.0006503321230676676
0.00027638899168588936
0.0010660209569280912
0.0009283605195863126
-0.0003138590330342063
0.0002418794436300422
0.0017797202774000466
0.00038636535426966753
-0.0009435057074350907
-0.0014196890583149874
0.000925511196136192
-0.0026882030664778667
0.0019916002754058193
0.0013332825710303008
-0.00029273190431287666
-0.00021530982079899855
0.0007260051487255914
0.00022604177219394175
0.00017490731697609438
0.0016201251873314984
0.0014207696596923495
0.00010104682120817573
0.0021980057600297113
-0.0011044047758966447
-0.0009366793569823991
0.0008371714824547884
0.0013540253721026068
0.00025750522843227033
0.0019632656991475372
0.0015070082747945153
0.0006549842666850281
-0.0011259413417778728
-0.000536269645234896
0.00026944995353159553
0.0008282602646012136
-0.001540927936563607
0.00016822877855598404
-0.000532268240261657
-0.0005638898554927265
-0.0004989025361008162
0.001427483780089445
-0.0008605882106783091
-0.0003381363264352908
0.0013230320895832345
0.0005951466699977749
-0.0010514280860959722
4.7470859217202e-05
-0.0006474730711728988
0.000553113413278543
-0.00021581894782051953
0.0009040158953632626
-0.0016471638362994686
-0.0004003878796060941
0.0005782996561344983
0.001299347051827093
-0.0016048534943387453
-0.0007477737411319818
-0.001681038705618999
0.00016385348789009764
0.000710263129465212
0.001310744855278811
-0.0006744970186096204
0.002271944890475949
0.0025266258200271024
0.0008823448807128348
0.0002586140284310502
-0.0004337725573543123
0.0006575070097846794
-0.0016683752100231136
-0.001136531072048944
-0.0017376927870204936
0.0010981179935523225
-0.002685576593750483
0.0020052770304626513
-0.00021471226062080222
-0.001216728607320103
5.819640356805802e-05
0.0004386509417418714
-0.0008146413372776872
-0.0008304057125454705
0.0017020960627396622
0.0010812066124716723
0.0001409421346842487
0.0002909926400814552
-0.0012511935882823769
-0.000286455365611661
-0.000569761229090171
0.000985393115839149
-0.0003130552963961696
-0.0006615704063764786
0.0026988536595073495
0.000136620957191585
-0.00048341756897470707
-0.00020598598098536317
-0.0005854294799747632
-0.0007692117903895306
-0.0009837556549618155
0.0009188223988181085
-0.001527697367640974
-0.0035908210873155993
-0.00016905380752116233
-5.737254576061394e-05
-0.0012442938577595997
-0.000870682661186564
0.0022877868256473426
-0.00017918387814356868
0.0012749090636583514
0.0002259426384415573
-0.0008700582219329342
-0.0010473210182873264
0.0011143736372463385
0.0009253494376882716
-0.001300158664136855
-0.000443915861573732
-0.00027884225649436124
0.00021296871323880454
-0.0003127455310694139
-0.0014189401435080798
-0.0002407168965748458
0.0007687454948737752
0.00012788410246638633
-0.00015519072189289042
-0.0009329013401192529
0.001064536455907506
-0.0009278943155997583
0.0009157550645984673
0.0006749793164807271
0.001735087229408998
0.0009001173726792402
0.0025106745032998016
0.002114476191555918
-0.001723679403509743
-0.00028846761637920575
-7.283384496076603e-05
-0.0008974183062008199
-0.0006103681821059444
-0.0008341669906592372
0.003441146458371167
-0.0014480990393802315
0.0011312364815010123
0.0014668789475001673
0.00038025200103982706
0.0011895680678053867
0.0020662217449529093
-0.00023077239794095384
-0.0007875196636967523
-2.699133010443293e-05
7.053855955364794e-05
-0.0005084586423570659
0.0005942276821470976
0.0007093309537821217
0.0005602948783101937
-0.0006308153785283728
0.0012757187843646216
0.0014211454210402196
0.0011565640454436932
0.0007301658949437538
-0.0004059249004983977
-0.0008347318631247364
-0.0009299297149343829
0.00033043764860927246
0.0010703671101048447
-0.0013126681618516412
0.0005941616362009645
-0.00132599163291354
-0.0007666203927615104
0.000718620504122038
0.00010059129978885138
0.0008808824423901685
-0.0007808594879759402
0.0011559830257016077
-0.0009419032259675001
-0.0010896466837618253
-0.000722461763502828
-0.00010569153570536775
-0.00023495378746101226
4.757422619514401e-05
-9.581316622597413e-05
-0.0012600915122128733
-0.0013102313189073604
-0.0004562461069753088
-0.0005179478407672033
-0.00019788992982553192
-0.0011031688570921996
-0.00046738026472325193
0.00020637221133232734
0.0007547762166501741
0.0006000857763829283
-0.00032740013765437156
0.0007064579173348468
0.0008505012919138738
-0.0015746006788970482
-0.0016744607078660403
0.0022958535229762917
0.00025674235958259077
-0.0016573613140181754
-0.00016551144437448021
0.0011244957372008025
-0.002229135016804969
-0.0007693832856029352
-0.0011905147203571413
-0.000519235302299803
-0.001029117149195441
-0.0002921984686609905
0.00028683785851624097
0.00013478924083946972
-0.0007089354984011168
0.0012031888562226715
-0.0010294705552293096
-0.00026303488122387354
0.0011571701518143553
0.001001913968860795
0.0007905127025542956
-0.0006378948377322474
-0.0012585397677391046
6.547042750446947e-05
-0.001299920200057871
0.0014216407736103564
-0.0006492647934244863
0.00010735770277514482
-0.00027919396161057297
0.00034362833784288
0.00039494099209472
-0.0012592860739637768
-0.0005543100397063382
-1.7515807682447966e-05
0.0007129471733667777
-0.00042056165958251427
-0.0022624140462792442
-0.0008092955132593575
-0.00016501785027445192
-0.0018018670525177223
-0.0019762401423223607
0.00032321078509380403
0.001231548027486774
0.0004931540945414829
0.0011461337548807774
-0.0011781239810875702
-6.771719896791097e-05
-0.00014645293246039412
-0.0021352693302218954
0.0012070427355387852
0.0017401017211858276
0.0022541484601564027
-0.0003271073433670141
-0.0002889407079381543
0.00015018526446426613
0.0016782109033190223
-0.0007126793478294788
0.0008650966416618596
-0.0011650990401429742
-0.001770885424716642
-8.008502889445138e-05
-0.00045453779486877576
0.0006471934647179546
4.146090347503764e-05
-0.0009989144272695447
8.676733942709856e-05
0.0015469216805427015
4.5354631970442936e-05
0.0009398592221945549
-0.0022992045866253507
-0.000500780902529236
0.0008856075306205043
-0.00040692966993252525
0.0010358504033560153
0.000424611753930399
-0.000593677141629027
-0.00023663488904545937
-0.0011407104631814427
0.0011925787038452736
2.6742481621525636e-05
2.3200522728815408e-05
0.00013372225789780868
0.0002555154522440498
0.000985895790745385
0.0007952461698669645
-0.001352589977191894
-0.00018508170714718938
-0.0018120205053840316
0.0009198566101453044
-0.0007105564881826437
0.00033926185339559826
0.0011235494278835528
-0.000493368249990102
0.0014976283123256482
-0.001325498999870126
0.00264125262461718
0.0007344352440262112
0.0015443647852631328
2.0645854659810493e-05
-0.0023506563999332397
0.0006540348419079206
0.0009396923034412137
-0.00030405735809142765
-0.0010687573555327704
0.0007788256058071676
0.00014029662499245052
2.381778768789841e-06
-7.197922918128479e-05
0.0009965568257312436
0.0009362500240090807
-0.0024495521840219555
-0.0023401652805886603
0.00015032728380785305
0.001808467734257723
-0.0010356557665095625
0.0010534232167424662
0.0009771839075438575
-0.002524039403113116
0.00012137913738859036
0.0004872140435333685
-0.00016533933896640087
2.7060133367755286e-06
-0.0005045146033107077
0.0008765625580941735
0.0010422459570615715
-9.383807700753924e-05
-0.0006677736454423622
-0.001976484346391707
0.001199035871264733
-0.001434503337591521
-0.0007553213493179376
0.0002719241708997184
-0.0009653882765793348
-0.00020343318995838687
-0.001634550090291477
-0.0002700188456545157
-0.0007724424432139314
-0.00011062027640848016
0.0006950940899386735
-0.0006770517054005072
0.000470128104478087
0.0005986967063424954
0.0010842675549020927
-3.954948009680392e-06
-0.0011650580579431152
0.0017268589982947136
-0.00012809355178857403
0.0005778160463448401
0.0006879975411234807
-0.0006070678713989759
-0.0002097984773146606
-0.0017651072014967515
0.0007995945883914485
0.0004074134211764038
-0.00023353155333999384
-0.0010839887222849408
0.0002566469709000244
-0.00024134229272466986
0.0005180658142801779
0.0010459080133607673
-0.0008396229776987021
-0.0026513090412753015
0.00121627762769069
0.0003097501422689691
0.0016315608075981995
-0.00033847994577865573
-0.0005036608494312051
-0.0005600244060534913
0.000766135516817901
-0.002093070093617038
0.0011512620562853279
0.00012548863834850252
0.0002776686385662309
0.0011020473116521456
-0.0002748923332298086
-0.001394827850907529
-0.0018426909262734363
0.002007926732191867
0.0003480030141536739
0.00027394818663663994
0.0005137538930246915
0.000924742705868069
0.0006844953787114313
0.00011180757379177818
-0.000630638765307132
-0.0031502264754871283
0.0013069990913646568
-0.0013129310378780425
0.0009032557606017687
0.000546442940522592
-0.0014925950757844451
-0.00018484858989904513
0.0016423971057495798
0.0008162165014391239
-0.00036207863405425766
-0.0008908590032872158
0.00043621029270830554
0.0008184980304233354
0.001421974961978978
-0.0008021961804309593
0.0005063745071897918
-0.0002022223307397977
0.0013389615232040043
0.0003560682276001175
0.00045326629408734597
0.001883401292031752
-0.001622528289977268
-0.00023876573045468477
-0.0008621138804241712
0.0019734591766241076
-0.0002093111834746521
0.0008893008829724966
-0.0005408743919808767
-0.000501577374383625
-0.001549552862863531
-0.0011013642139683687
0.00012083023676870868
-0.00042498498366377125
0.0011411878143152644
0.0004186146691354586
9.525213035949412e-05
-0.00026413013143385263
0.0011588417877539058
-0.0010161163338228067
0.0012794949401340088
0.0002845608865768059
0.00043286263505497655
-8.626102276809686e-05
-0.00035380787237112736
0.0001736240130881212
0.0012475304370997808
-4.121434252875896e-05
0.0001671557394321738
-0.002658869730509602
-0.0009495061600885946
-0.0015131509783882218
-0.0016479737400641413
-0.002466631479582712
-0.00015963433910750854
-0.000617774664051427
-0.00028884481584498035
0.00019053006259279882
0.001158140460504214
0.00037967672059470133
0.002161170362747559
0.00047628154056404297
-0.0007466830715424825
-0.0006025184166113851
0.0004882860716755468
-0.0010715861188893598
0.00031882526673308105
-0.0004920562551645524
0.0006789550891171984
-0.0009380611539183475
0.0005980012480561312
0.002682203891766164
-0.0017546857747048924
-0.0014774720185870846
0.0006119896711376602
-0.00011737442973667225
-0.0007295292365417576
-0.0002822144668559238
3.353818504666642e-05
0.0016247700918211236
-0.0006325007778248598
0.00015634546955069646
-0.0014058562383425948
0.0007026991826234304
-0.0006959256632417415
0.0005606636993870381
-0.0020173392325983745
0.001117115314034956
0.001991515134526777
0.0027762046213648433
0.001372036423837615
-0.0013074550246653866
-0.001199352131697762
-0.001059142682375574
-0.0009741171495421428
0.0018472908899252489
0.001780858484621742
0.0004346332556652587
-0.0010773322576571977
-0.0007649987165109737
8.335845983258332e-05
-0.000354797303036613
-0.0009321253673389274
0.0005808241154066739
-0.00014654017504405015
-0.0006445667597005524
-0.00014427445356893565
0.0014798473123039447
0.0005167285081634686
-0.0006041994606433796
0.0004669437349197842
-0.00036338147179926363
0.0011976288580338407
-0.002213881530495831
-0.0008256370224385915
0.001636579593620054
-0.00018889847483921198
-0.0008892225221883771
-0.0003090054801029038
0.00029902692844572973
-0.0013628694387256032
-0.00016472476961163933
0.0002472422005506038
-0.0005993783624413527
0.0005306232282252204
0.00022774481374396963
0.0005417142410492241
-0.002477544860576411
-0.0008579086205044687
-0.0002767555203722856
0.00031613681348158587
0.0016207807076829821
-0.0017611484643861612
-0.0004167123414715968
-0.000631141607323501
-0.0017506046283820823
-0.0007401487977050028
0.0001427791410081537
0.002468934872951575
-0.0009679271399128547
0.0019013381399338647
0.0016159520125572516
0.000937640607748349
-0.0004689223639607376
0.0005362937139478094
-0.0008001519859721793
0.0020699670630089095
0.0005606896056180067
-0.0008120310728463577
3.982029558800895e-06
4.859352242295592e-05
-0.001602274723580079
0.001368772881520234
-0.000241192402563178
-0.0005921662004571325
0.0007639121012490473
-0.0017994476611411455
-0.001929055996594559
-2.3402802263572805e-05
3.8257297529605747e-05
0.0003597393952152557
-0.00020936971639885015
-0.0022689954611223827
0.0010920788815991427
0.00041520847855793213
0.0008289887108437899
0.0005835692252337412
0.0011342093575849655
-0.00015006271449122914
0.000603465934530133
-0.000515278449165271
-0.0011573105458212172
-0.001331978928244365
-0.0003190073446636772
-0.00066143722376123
-0.00014713951588125228
-0.0005174003054579071
0.00012784796368676008
-0.00038758151802151036
-0.0009144092760823726
-0.0009917346825708362
0.002199863882556386
-9.977911126116363e-05
0.0012192287156643283
-0.002842391564765889
0.000615756540160136
0.002959241259325318
0.00010817866978531631
-0.0020620671963711167
0.00030780470851173724
-0.0020562517630639044
0.00030352198853846393
0.0010530058893493776
0.0005286374793218547
0.0006351745101298215
0.002141037500484515
0.00037878682030813814
-0.002273727116572908
0.0007243743542250812
0.0016146558633779672
0.0006528022978960701
0.0007728694040554512
8.509946381223139e-05
-2.126057656324089e-05
3.260520917646837e-05
0.0001972213124774342
0.001816297848016732
0.0001913116990891529
0.001365753313755792
0.00023456596298045937
0.0005363427313020922
-0.0007089597265967286
0.0017214192764103521
0.001260745053592081
0.002269196532055641
0.0005540661982867814
0.0002360925098811671
-0.0003269406804793939
-0.0005751749296386601
-0.0004435151085935031
-0.001320826865443129
-0.0006322865121251581
0.0011413833095946797
0.00014377711855950788
-3.893689768845056e-05
0.0006798374992641261
-0.0014217549063638936
0.0010634619869866275
-0.0010985055587001385
0.0015401984412022308
-0.0020253520996625415
-0.0005253197551843487
-0.001044264778516321
0.0003373389503833373
-4.4171551864432415e-05
0.0003050551941885613
-0.0015569790041719976
-0.0006088014615133232
-0.0011722059206634586
0.0006591643519139696
0.00039181106368927715
-0.0002743941169051177
-0.0009062430636293672
-0.0006835992468117504
0.0005493757725809997
-7.2431848708887e-05
-0.0015070318088936845
-0.0019086262780891507
-0.0009758154433615568
-0.0011111008123424631
-0.0012645159193896776
0.0005740630058591862
-0.0017926112459433325
5.0526268291365704e-05
0.0009060141796067807
-0.0010835170875657788
0.00012202714887855574
0.001550407127781075
-0.0011095211632501665
-0.0017574787459833765
-0.0008519493448970775
-0.00012676696152244174
-0.003908740674335843
0.0003614120379760204
-0.001766166583354292
-0.0003288563256420374
0.001423592217785136
4.527900943492667e-05
0.0007045700928889651
0.00033649963939574905
0.0007946417602535417
0.0009930552963961694
-0.001832373437823624
0.0004950389817320887
0.0001881262887328869
-0.0005464587674469742
-4.288099775427524e-05
0.0005656550460638041
-0.000792768329467958
0.0017100403050917907
-0.0001791247350246959
-0.0004327212453213496
6.14566546479071e-06
0.00032325825477250234
-0.001311003623585605
0.000626434168974139
-0.00035043082968377984
-7.666461280686082e-06
-0.0014551512117876855
-0.0007479161335264047
-0.0008872866761149764
-3.093628097578733e-05
0.0007658771298827792
7.650583287170021e-05
0.0016233604928902958
-0.00016971825613018522
-0.0015478373615542824
0.002180244831252396
-0.0002786920875848472
0.000966788154692948
0.00017954463632986777
-0.0014964421285476321
-0.0008760447087558148
-0.0016482653444718821
-0.0008770099105322861
-6.798406760901557e-05
-0.0024110133943278382
-0.0004466269260049512
-0.0014821698962953346
-0.0015651085557128886
0.0010973372765083996
0.0001416526647790852
-0.000973590402455978
-0.0005737206297874714
0.0002967858817177841
-0.0008774848063259436
-0.0009597404672163546
0.0008217221430702655
-0.0006925285645648718
-0.0006816600744839682
-0.0017137413798734365
0.0017297691311112123
0.0006872099517620303
-0.0001828658004398535
0.001018511809728542
-0.001193039373782168
-0.0007103536747275467
-0.0003278042508657314
-0.0004688059616990506
-0.0001262135378345314
-0.0018560695207967871
0.0009570173819500391
0.0009178253178368846
0.0012537745176047054
0.00241819233467902
0.0015663634210619924
-0.0014833991105857888
-0.0008777371828435168
-0.0005845034256537074
-2.1464163856130548e-05
0.0004119921958181279
0.0009990069480371388
-0.0019775682199380143
-0.0008987598954681051
0.0004155304706604883
-0.0005024279510904006
0.00033150906655677605
0.0015488016556661746
-0.0017752854358942995
0.0001712485210579916
0.0008872001352551967
-0.000649781609592316
0.0008692410187144626
0.0017182195070639397
0.00084826125616756
-0.0005480929984529486
0.0007594951842118788
0.0011649032709693564
0.0014840538910762288
-0.0011842716279515482
-0.000395058500334255
0.0006750097152699904
0.0019297583188776135
0.0003886885907533182
-0.0010872591868448683
-0.0005149369537154162
-0.0013595977919134922
-7.850618068266468e-05
-7.43192037209116e-05
0.00015808558458764742
5.898082789137388e-07
0.0004118022768859578
0.0013679245389580526
0.0009939846381410364
-0.0016083217604366002
-0.000534657838883227
0.0006207865315751124
-0.0004917809963466673
0.0002032051331656267
-0.0010178115960841312
0.0004283303073224682
-0.0015328478607164087
-0.0004473705168633192
0.00031935015965951693
-0.0011953009729762114
-0.0012354015635683824
-0.0012571990063950484
0.0005880561960866132
0.0010206100209775224
0.000920370237352554
-0.0007097811290640093
0.0015194531071286207
-0.00039069705415346005
0.0010188073686138188
-2.7883144876788606e-05
0.0013774451776488192
0.0018221909285963366
0.0017851560094433174
0.0006503098280797305
-0.001496931718245105
0.001240466487935099
-0.0002816963505573952
0.0008621544888797914
0.002301798397989353
-0.00021625150719818223
0.001005126388652265
0.0013320868751493854
1.6915693007453174e-05
0.0014814656935032368
-0.0011978694002417341
0.0010900502207552587
-0.00012404171769246313
0.0007694470779891895
-0.0010998114404844892
0.0005241008760662023
0.0010376033553634414
0.00042500224038522166
0.0029975989813770666
3.185665285893146e-05
0.0014161198542300393
0.00021226557482037226
-0.0009683177178968782
0.0013037302327261688
-0.0008770269696338704
0.000512249247952398
-0.00044020950444773006
0.001285430825870063
-0.0018590794315370936
-0.0010346188058393134
0.000827168927264587
0.0016928678598468812
0.000527946052480764
7.053633650350277e-05
-0.0016734947586010925
0.000374061426980465
0.0019641493178959627
-0.0009480524170400463
-0.0006437460596505516
0.00045994770458284643
-0.002153588282029483
-0.00021935982015066667
0.00032354742949599214
0.0003899826306005559
0.0012342600037429895
0.00040766774615651923
0.00032920312215813086
-0.00013856412629448828
-0.00023908818436366413
-0.0014370993498167717
7.428474297664175e-05
0.0011303167808320105
-0.002072001215604869
0.0022734105475755266
0.00010204114105849538
0.0004954700808029498
-8.782192362900504e-05
0.0008233675441058073
-0.0014181865759667755
-0.0008401325630596328
-0.0005543436038804777
-0.0010573222657193947
0.00019705797515079257
0.0017553489377446804
7.32922689652144e-05
0.00032132016970068617
0.0004989655886260265
-0.0014459861224395834
-8.29268119332093e-06
-0.000948857900360341
0.0007199856281818966
-0.0009421315261447272
-0.0001692906774665578
-0.00034969552221812407
2.8818520268204032e-06
-0.00013863741067495397
0.0020331162853539342
0.002412121004447002
0.0018252929066186496
0.000308147897251815
-0.0011814166414788009
0.001772788316810579
0.00018741934353176692
-0.001821173562802588
0.0006810346096872426
0.00043586902954846884
0.0016416815727518126
0.00029037308654564437
-0.0009403293314270299
-0.00020666725224553376
0.0002581179977127407
0.0016506875122342295
0.001286710892259244
0.0015872934035112678
8.999769824860932e-05
0.00043950471850367513
-0.00014106039041226034
0.00024549180720039455
0.0010427590773911986
-0.00010939293430623299
0.000632384352680873
0.001680947928066646
0.0007066808214496185
-0.00020883753927348103
0.001362427024703939
-0.00114542276367292
0.0009651591637337454
-0.0017708976327705606
-0.0007977579294624666
-0.0006939643110309259
-0.0007781551204312802
4.0456134040910296e-05
0.0012118723196072115
-0.0011845100081287637
-0.00025781025712286106
3.657668756791493e-05
0.0008906210925438582
-0.0015369127717004471
0.0014930324140958573
-2.4591255549737833e-05
-0.0008432792759790556
6.831885091744536e-05
-0.002409972638662753
-0.0010044331194392973
-0.0011130250383677234
0.0011363995251714662
0.001183167511196899
-0.0012714350769854194
0.0004033208642131708
-0.0016509370437191317
-0.00034194278946473894
0.00242867687085514
0.00023223967968385282
0.00040248548135380274
0.0008941703203806339
0.0003889565272351031
0.0003255554699202801
0.00047965714860050146
-0.000980425444715773
0.0015907411899503433
-0.0004737473258045017
0.0012964582910790854
0.0009422128269577349
-0.00019730790326223248
0.0007949955587535304
0.0009426335603465547
-0.0006700895519624795
0.0007090634291817418
0.00012290532926694092
0.0006327029852457004
0.0005196545705279993
0.0012680820988505662
0.001176089859001346
0.00011618093471700493
-0.00027619003008467786
0.001976439042904105
0.0002840041068181836
0.0007949028167903664
-0.0009874913811735663
0.0024954163413739654
-7.342499809487497e-05
-0.0007913454886192799
-0.0008526342274002788
-0.002091065939716788
0.0007361846340222223
-0.0014051318457341873
-0.001213984020318928
0.0008821001586714174
0.0019478005321452289
0.0013327279955999414
0.0007512364010662597
0.0005099068478889382
-0.0006456255084811165
-0.0011002993826563397
-0.001258238739984053
-0.00010273220178278074
0.00011744251220753403
-0.001209605426974363
0.00013152650703003222
0.0008993433677767426
4.703244613107807e-05
0.000950437698534292
-0.0005159076548713957
-0.001960673218423968
-0.00014181152133528352
-0.0006031141989041876
0.00035884281329700196
0.0012537626950828778
0.00042075784826497043
-0.0006981242293258592
-0.00013218001373908834
-0.0004891922073008827
-0.001221154494218995
0.0020301125597687415
-0.0004052226732115594
0.00019470769941560683
-0.0008307153523662761
0.0002758051615812834
0.0005423424628164358
-0.0009671443176973028
-0.0010287231998858386
0.0014636030529010355
-0.00042540180001881866
-0.0017267623053210293
0.00037914605370115324
-0.0005184236705747555
-0.002109287782508867
0.001391637474398693
-0.0002798982483044387
-0.0014912478082396664
6.176115739229675e-05
0.0012500129038838681
0.0003081628470213517
0.0015078644729197336
0.0006295533739015714
0.0015361908996120895
0.0013831382065976326
-0.0008553185271675659
0.0003701468374546088
-0.0015063841101284894
-0.00030552598989004516
0.001178140143619024
-0.0007392332768695241
-0.0007598267639982647
0.0007723203474198856
0.0018313973780489535
-0.0020564427956013564
-0.001098725274547733
0.001274321442719327
0.000696635346691465
-0.0002256964706548019
0.0020926230497432777
0.00034006156690919825
0.0007325394835825386
-0.0022370029085483907
-0.00018401712684706112
-0.00021803200186775053
-0.0023073386224037
-0.0012852561999419343
0.0001312657971947266
0.001814143429517349
-0.0015068766939402884
0.000741631628317665
-0.00012550486536643926
-0.0003300595532667712
-0.0015774865717300829
4.749818103047365e-06
5.5065948869708035e-05
0.00048104891112493806
-0.0006804122610437785
0.00041945011370769726
-0.00046929598199981187
0.001409309990128021
-0.001061908977052312
-0.0006434720746140504
-0.0002714347295904967
0.000503856729549308
-0.0016630894707649836
-0.00011964489131496747
-0.0018173715347789812
0.00017740780322497625
0.0001206059631829333
0.002037290966199583
0.0009257300805935416
-0.0004096558942344022
0.00044860333476937124
-0.0007736193069616907
0.0009814151312469803
0.0010638998703128293
0.001263672775270086
-0.0001709606922298015
-0.0014381449606899416
-0.001388015896888749
0.0021010558063247644
-0.00202201058209313
-0.0002009410099845184
-0.001689423051573862
0.001180635130488398
0.0007098902547541967
0.0010719490058229905
0.0009435126560269516
-0.0016747005185337273
0.00012980800813944198
7.074605278586127e-05
-0.0005907981710385378
0.001049853783834515
0.0010296200411368283
0.0015918657787363383
-0.0013538442323463224
0.0010649042549082705
-0.0005491452715425243
0.0015915867179895858
0.0005044231697990807
0.0008764317628655909
-0.0005996195113769064
-0.001102006085374417
-0.0015510637811531254
0.0009751840707709328
-8.83516599756742e-05
-9.066117470657073e-05
0.0002607393975034858
0.001019031909159764
-0.0018382483734324848
0.0010701182158573369
-0.0006739191295822588
-0.001054704797523885
-0.0011498215503008087
1.57193148179468e-05
-0.0016358501939482968
0.0002622664596026506
0.0013044155000680577
0.0003734215123577938
-0.0004669053883448795
0.0006905872877588636
-0.0004183798433422251
-0.0006276632577586424
0.0010577676163029313
0.0002815110115523027
-0.0012586790675559697
-0.00023406260923264772
0.000602826725098354
0.0005955169548484369
-0.0006827661057244096
0.000265942920656594
0.000796054891379454
0.00037978393942652953
0.0004438775753248921
0.0009168698861092441
-0.0015987213048153305
-0.00026533999492567626
0.0007408791972639424
0.0001699946666905198
-0.0006319851674849169
-0.002844215920644737
0.0009974491210319057
0.000283483359055119
0.0009966735067409528
0.0008739101902302703
-0.00020760376377783216
-0.0001828978620096054
0.0008314877901779041
1.8974592464498016e-05
0.0003790279082242242
-0.0004761654815368607
0.00021959178912337685
-7.708253895347615e-05
-0.0005755428388905082
-0.0006608476994308619
-0.0016312609919116616
-0.0011726283313942317
0.0005044411552871254
-0.0015843461632310974
-0.0007571925154491932
0.0009147233356541528
0.001048859841888852
-0.00013305982293121274
-5.327578608155654e-05
-0.000670350463578069
0.0005208165642475702
-0.0004293126555693059
-0.002033031174291223
-0.0012128551483823562
-0.0005730957557701361
-0.0006781583697179245
0.0003418329044982232
0.0014010306205395552
0.000387396343352938
-4.728746520763597e-05
-7.578757271977723e-05
-0.0009902755427664298
-0.00016733828332961316
-0.0021435310499293876
-2.538608750593782e-05
3.010507725654044e-05
0.0009201467382979741
-0.0008116738461617401
0.0005779892847734863
0.00034747798740045107
0.00021582165555938986
-0.0005274635868061211
0.0008555164514378303
-8.198982021931355e-05
-0.0019940469729941013
0.0009868609127805068
-0.0013451034564269345
-0.0004628324720227472
-0.0005423083723493893
0.0013617922620658544
0.0015588520272365942
-0.0007142393063556561
0.0014164408395113807
-0.00019129727977294106
-0.0013258986357780574
-0.0007257427726427812
0.00014104782456237443
0.0004285616889828032
0.0025422613298069635
0.0020237924268184165
-0.00023974912435330604
0.00044752923959273086
0.00019736499044109264
0.0019732475839931234
-0.0001395063161042785
-0.001565372159812482
0.002500011137786326
0.0008436691099416175
-0.0005538657340811826
-0.0008866732474082154
0.0003325175047863875
0.0003211842370489819
-1.815968163647539e-05
-0.0020142591189607107
-0.0005333084280296531
8.252314908713143e-05
-0.0009269111962887406
-0.00010515579587518045
-0.0006719943772640913
-0.0004529695675113497
-0.0005220847665107412
0.0009852409298201925
-0.000752107507356833
0.00031523234895757603
-0.0008177380710928108
0.0006280411818305936
-0.0013965345959231926
0.001741913599276975
0.0017119081338742158
0.00044000541721124807
0.0011044296607449354
0.0004373537781139395
9.746333510081766e-05
0.0014768240951593058
0.0009830952412650806
-0.000549835371210197
0.00048029679695640474
0.0021923436721113373
-0.001568297272908251
0.000713512595007484
-0.0007955686307099749
0.001349053197326487
2.1667782352157902e-05
-0.0006177362481362195
0.00038864108293745216
-0.0003076648401043792
-0.001296168303687233
0.0017100444967131654
0.0003577567167005501
-0.0008655505536927281
-0.0013754504360014303
-0.0013403341179882133
-0.001368032105184803
-0.0019237983990987976
0.0012117408531644868
-0.001247247684675245
0.0003735744500256453
0.0007926499933051938
0.0010777247730093147
-0.00012743741292157933
-0.000424790674796956
-0.0001805408824538309
0.0011932794319947399
0.00041121441117565984
-0.001514309699938849
-0.00018957870460801685
-0.000534123472684462
0.0013609490798090953
0.0016594297484604198
-0.000691473080325819
0.0008251974076849996
2.4148925429842404e-05
0.0017702156597865137
-0.0007709900883582692
0.00018713767420277863
-0.0010977165388482174
0.002012803888562643
-9.47001406290705e-05
-5.8605543258052434e-05
0.001450971843537487
-0.0007885449204170933
-0.0014165648081870374
-0.00011606777411452968
-0.0005203037302933994
-0.0003305314473186698
0.0008494168123333106
0.0017784229841057463
9.639906405844533e-05
0.002224718885393444
-0.0009175714421819394
-0.0008483017349568116
-0.001097564955396503
0.0007282780399881378
-0.0009500670128966725
-0.00037827416525195145
0.0009741168250295201
-0.00033344429550147145
-0.0009557931407461865
-0.0007788496093401943
0.00012703610313870975
0.0003150393859860614
-0.0009049185258362318
-0.0005095716221893688
-0.00030555870395205744
0.0021577625440596963
-0.00022481750394737
0.0013840305781726292
0.0006531397508062021
-0.0011617602913319
-0.0007851995815035295
0.0018187882771479253
-0.0020153577363358514
0.0003328476929128728
-0.0006808918546430302
0.0013225557528980614
-0.0013762585514796631
0.00016139097100486616
-0.0006383164136057599
0.0014243103829408425
-0.00033481756149982255
-0.001535686227011696
0.0009457948756405916
0.0005366358840788216
0.00023125826129049112
-0.001017649047850149
0.001642632942524446
-0.00025867500976138114
9.752400717339341e-05
-0.00035773922699567794
0.0002502250761997937
-0.00041773624813621984
-0.0004205551838915261
0.000976846630064694
0.000501721315147036
-0.001460591704042824
0.00221075013346275
-0.00011348978135407347
0.001670069121535316
-0.002625498172640299
0.002661720643932894
-0.0013600037925679258
-0.0013235746178291814
-0.0006592862341398786
-0.0004184615178994714
0.0008050717415587017
-0.0017153504479765008
-0.000726579040977831
-0.00028262828216261575
-0.0008721918633036339
-0.0007416100232657521
-0.0009558392028167138
-0.0006530846925246371
0.001291361487507616
0.00036937527333081026
0.0008554690927036184
0.0008338532133024938
-0.0014943839148661938
-0.0004866514821802008
-0.0020947927189491175
0.0018158208394240124
-0.0008762855865707799
2.3178159093977606e-05
-0.0007619986451598008
-0.0013258760467872313
-0.0005842996774913123
-0.001367671834460841
0.0006223093445004506
0.0011939196066435502
-0.0018820213977937441
-0.000647903933793323
-0.00037006205853195337
0.0005756615293822261
-0.0006731488087301106
-0.00026785142654154074
-0.0014563773868926165
-0.000956539843597397
0.0003515239781891462
0.00012986799790342643
0.001712178133923447
-0.0007815738005843582
-0.0003436514142960426
-0.0007268693826986373
-0.0008951583815751165
0.0005176290521866917
-0.0004662584065584275
0.0007721436613913259
-0.001427986542364464
0.002134789267188785
-0.00032684203072233113
0.0003316050425517173
0.00016477231556467233
-0.00018766572141964323
0.0002814448969592682
-0.0007289144272695446
0.0018061542269121227
-0.0030036862300626688
4.440495167431374e-06
0.0002518634412746909
0.0010305439868192401
0.001696424047369967
-0.0006938304266918009
0.0001948089958920722
0.0001739322986927898
-0.0007070446916287598
0.00014356763456716725
0.00099150250696402
0.0006736188264333841
0.00044142379601136547
-0.0006462032830969765
-0.0006815360260669617
-0.001361456540583112
-0.0012525134317369322
-4.341258791397127e-06
0.0011612646572401293
0.0006879048490853355
0.00043031515965570355
0.0013415872858866756
-0.0014312433267758208
-0.0008452971745143594
-0.0001251833198154413
-0.00078630110493081
0.0009727335747207999
0.0027920920084120874
-0.0002288259989666909
-0.0008129050165421696
-0.0007490155441546228
-0.0003299009560433092
-0.0001667684682872468
0.00047987746354832204
-0.00010770510532549476
-0.002604257192687067
0.0017340314400726075
-3.333123405563026e-05
0.00011654335568379357
-0.002287833730895966
0.0010796606156156998
0.0021804390444295917
0.0035920319042366026
0.0003212323585265384
-2.8482783183894435e-05
0.00011940697641119158
-0.0011505475294153703
-0.0003003394953287864
0.0009603197208608991
2.8796808778926132e-05
0.001707533495700589
0.0004442661625487887
-0.0018550370443639957
0.0001920375027727453
4.656828629668515e-05
-0.0001145593000706508
-0.0013717527172904971
-0.002153784185029886
-0.00013910140270581104
-0.0018521499658117626
-0.00027160717060564635
0.0002218034362558399
-0.0015961015213470716
0.0005396557111759996
-7.984668685440288e-05
0.0036431435381736057
-0.00035558547624342247
-0.0004039886841477733
0.00012500990248881047
0.00039452294425587386
-0.0018017312155556378
0.00032075786005282217
-0.0018477776574723503
0.0007532778191392693
-0.0010159286954932341
-0.002131910216163544
0.0008697657979228002
0.00040836101536948616
-0.00040189891646760784
-0.00016163747093167775
0.002331685267896611
-0.0004401907603767594
-0.001647601002646927
-0.0028980497814150926
-0.0013941491389979788
-0.0002861767888602305
-0.001282029017599748
-0.0006557183190911813
9.281207279872051e-05
-0.0016056074432517224
-0.0006343385205427929
0.001418131124525686
0.0008623821559800428
-9.594361475303713e-05
-0.0006564252566648686
0.0006859622333180577
-0.0018123862560722168
0.0008793876256125607
0.0014039856484292657
0.0006528695947412868
0.001070066894324752
0.00019388549260079997
0.0002305722804368746
0.00041937454872463385
0.00033308195427603275
-0.0016494410710386563
-0.0007480494458080217
0.0020608591981334697
-0.0015145664053715987
0.000627809120635279
-0.0005478248067988445
0.0008203888448231256
-2.3659267085468273e-05
0.00046898068678381393
-0.0009431392515560137
-0.00021153855421444476
-0.0003869530598038627
0.000755501399044643
-0.0014491552024608599
0.0016471288069647059
-0.0004752310446664581
0.00011798904832304996
-0.0009591401576951058
-0.0022996669422250347
0.0004709052678314312
0.0018634828251347783
-0.00023743289401396926
-0.000508273376159292
0.0007792351344962671
-0.0017270951054967655
-0.00015376890728071102
0.0006138033950676995
-0.00021002604595168027
0.0002719749273088256
0.0003748000260303499
-0.0005883335753309941
-0.0001672598275492771
-0.00020595870944380972
0.00010969364240248365
0.0011650571086743542
-8.935408016030373e-05
-0.0008331224940847518
0.001026102848520489
0.0009750477498135265
-0.0006330307700372499
-0.0008207208441183509
-0.00012653473321699423
-8.585027785006499e-05
-0.0006007987507234792
-0.0007842588672554073
-0.0005304469845877999
0.0008417241872224268
-8.682750808906659e-05
0.00190241701751127
-0.0007885561285838275
-0.00043296345447015126
0.0014187042498741646
0.0007900538590410081
6.696699096433409e-05
-0.00035125304828643805
0.0013198276335256761
-0.0003265396792608766
0.0007541293797849575
0.0011845546549636877
-0.0006479450990515841
0.0016613847588070336
0.0008182470004944658
-0.0007644156186399774
0.0005101049898877567
0.00039987218883139844
-0.0007038435493443281
-0.0007836866301562226
0.0007019697829516736
-1.9034887325819925e-05
-0.002604954565459223
0.00039095187907716637
-0.0005865318347922882
-0.001214975407074389
-0.0022374525152397853
-0.0004539665569633722
0.0003475788789295408
0.0007597076082331073
0.00018909737888797126
0.0008130069994876445
-0.00011691626853197627
-0.00013774411202009337
-0.0006555710791161083
0.0004233503789135584
0.0007391141557745184
0.0006581110220781612
-0.0008781645250567079
0.0016474591552672947
-0.001974414340698175
-0.0016288723696015715
0.0005908177506601718
-0.00010353452041160144
0.00027918145261973573
-0.0017960903436900703
0.00028119990795768044
-0.0005677870392154786
0.0005665336424940128
0.0009930572143489773
-0.0009699763913600039
0.00010645546892871392
-0.0008603309484429185
0.0009197438537968009
0.0009060643147267636
0.0008593807456676004
0.0005540588606958148
0.001748990454059032
-0.00034093535042890757
-0.0007905260886999783
-0.000950173331691355
-0.0013022822941544663
0.0015342384978477117
-0.002151114351036814
0.0008446286833656148
0.0005212840309210604
0.0004567741278428569
0.000941465323226013
0.0015394236194709518
-0.0003127312067494186
-0.0014468006595233674
0.0008657494008824383
-0.00221007173427797
-0.0015624466272078728
-0.00016801108744526544
-0.001395604487274563
-0.0005331437136045748
0.0002201046695355525
-0.00024372180025180237
3.521855439750295e-05
-1.4675485297185561e-05
0.0016092596220246159
0.00018507217632240787
0.0006721265495911101
0.0014781551391531622
-0.0006791734438146266
0.0016358602697878679
0.0010125333358711882
-0.0013868718005950367
-0.0015197133745727856
-2.0549783668652485e-05
-0.0009987388250299357
-0.0013212734440434498
-0.001916850775921468
0.0008956201997874447
-0.0008259474208423224
-7.967190005676926e-05
1.804176498255038e-05
0.0016278214084305465
-0.00019776424497735233
-0.0018303799318204526
-0.0001777598626701411
0.0013981429352596625
-0.0014471670432885276
-0.0013838314106307144
-0.0011441130459829535
-0.0012963535241204056
0.003044605827414618
0.002736555731541247
0.00029317225130007885
-0.0001836379178992774
0.0013784008721762111
0.00027840904878485644
-0.001372027896367033
-0.0006671485661777274
-0.0011367004010712518
-0.00010917046495516789
-0.000558980195161059
0.0019775232368026154
0.0010221318083597642
0.00012832198925960325
0.0005903123908973653
0.0008783017349568117
0.0011545458071409002
0.002747430914348291
-0.0016513064285326477
-0.0020300006195556157
-1.627443942351313e-05
4.450695299497034e-05
0.0005071191853041271
-0.0010427071574517911
-0.0004891287699369844
0.0007895599868863619
-0.0005212862047395898
5.275485526008957e-05
-0.0006880413607285784
0.0014334138960188055
0.0012383278817986348
-0.00010290956665291639
0.00016823408724965606
0.0013532566869882295
0.00035027752589912364
0.00045142490961664743
-0.0011491270232547267
-0.0005963666703486365
-0.0016493186659868543
0.0005378554004343618
0.0020528583026727843
5.067330232573635e-05
-0.002219457527572998
-0.0012019386741176983
0.002669915337222354
-0.0011198705149564607
0.0013135556823789714
0.0007581964035680579
-0.0016000601364187272
-0.0023313982746190837
-0.0011387959468789478
-0.00047805080349117344
0.0019374976509238522
0.00047345372647621527
-0.000768448482615727
-0.000300276492728594
0.00032495889021398177
0.0017973346679261639
-0.0013461101327194216
-0.00048103961328357784
-0.00016220556564110233
0.0010705810062207268
-6.586203172499199e-05
-7.096785092278432e-05
0.0003390054419657365
-0.001527896645433972
0.0004418450667875406
8.379987466046645e-05
-0.0008526051786667341
0.00140476154146824
-0.0003891288233290183
0.0007283983669110289
4.042837365021335e-05
0.0018823375202395684
-0.0001774993171713567
0.0014908164845062212
-0.0005379923010767093
0.00018093471319151458
0.0019953438502465773
-0.0008909324630986502
0.00013125143473756467
-0.0004443781374320665
-0.0005516594719167264
-0.0015049955171493482
-6.438646242896164e-05
0.00012853722017633638
9.139282863160987e-05
-0.0015835155662395092
-0.00029273612228356764
-0.0003656822794681907
0.0005192746064643054
0.0010892428874356552
-0.000379603809958474
-0.0014951913362479838
-0.0017718556994297523
0.0011199561973832773
0.0009878023169646536
0.00032569750798574896
-0.002143995175093628
-0.0012177126682724494
-0.0009629508768324127
0.0010233658626034353
8.039247548144138e-05
-0.0004329672147948353
-0.0012856467356283726
0.0004194916145730298
-0.0005605348262716822
0.0001229106913526472
-0.0007116518486437073
-0.00034961798589021916
-0.0005306017646275275
-0.0004927571857877063
-0.0014735564645376004
-0.0016818508560095197
0.0017173727288190162
0.0017110194616044364
-0.00022273347972458324
-0.0012044255724406128
-0.00018679136930944103
-0.002588796728344174
-0.0008241104408677328
-0.0005720362865438138
-0.0002150747162577427
0.0002820238919644781
0.001060849427391237
-0.0020302467644600706
-0.0010502848295133411
-0.0011853509708023924
0.0007224248051208089
-0.0007025920629482372
-0.0010459230283101897
-0.001197067158580651
-0.00040579407129306554
0.0008033549477461876
-0.0009827291660642731
-0.0017603759086960162
0.00023045737315214167
2.626670520600784e-05
0.0001649212217872505
-0.001032253237100086
-0.0009844280971210808
-0.00015593920193609256
-0.0016632327028704877
0.0010197974670264319
0.0005104178172823351
8.50126289495632e-05
-0.00030886150050892316
0.0007714686453199768
-0.0006418202353312838
0.0009884927030077816
0.0007432569615758335
0.0009192797015898414
0.00046562077947238543
-0.000493071637825607
6.28031792113328e-05
0.0003507768405742292
0.0004127712694968465
-0.0003007812644856226
-0.00015349242807347592
0.0007283704921088304
0.0018110474314028508
0.00018153130052524596
0.0009003058049552938
2.99437192488748e-06
-0.0012454788558184176
-0.0010891600916456932
0.0004500535615711046
-0.0004533110061021552
0.00033481885053607334
-0.001995337035481504
0.0020259780373601396
8.415988605169113e-05
-0.0016394344733087324
0.0002452633655689474
0.0012300112369429607
-0.0009913586195926434
-0.0012809072925683072
-0.0003174408910312272
0.0013718918229545113
0.0007112570755712928
0.0018830758065646823
5.651746054727359e-05
0.0010336655139534538
-0.0015859393163475935
-0.0013552050385854518
0.0010137979754295408
-0.0011759858208092609
-0.0005406636723443203
-0.0009888173418297393
-0.0010102365513266983
-0.0004833750536607278
0.000996957845671643
0.0005299269121992959
0.00021612668424998116
0.0009596493117593466
-0.0003031410668851716
-0.0007816034754608476
-0.000801407896279664
0.0010127677151128647
-0.0007419942704800232
-0.0016107713869593218
0.0011036993568756146
-0.00039828446991452493
0.00030062562670633467
0.0024238025213798695
-0.0006880802148745075
8.403838103703538e-05
-0.0004153611381711647
-0.0005544243062866626
0.0010467564321972826
0.0014869533073487474
0.0016263684891448097
-0.0006419566062137093
-0.0006659548229197718
-0.0006044317811714308
0.0013871768216581943
0.00037962040725363365
0.0008180242523953779
0.0009827376630251216
0.0011821827672425585
-0.000628599200700448
0.00044259952673855713
-0.001592489722206794
0.0034082216274904354
-0.001468332160788793
0.00042890050720352144
8.71733477089656e-05
-0.0016112992282354827
-0.0007591128743657008
5.862458895934555e-05
0.0007845356016349611
-0.000945163019054646
-0.0014278189752792803
5.0024482327826314e-05
-0.0007327722992003605
0.0002259033647867888
-0.0006250483600082014
-0.0012072806656974282
-0.0002074534041824821
0.00027528092045370477
0.001911804557488555
-0.002143906929849177
0.0001227809071056966
0.0019236321626540476
-0.001520493950855892
-0.0004611739365468269
-0.0021619942593855738
0.0015165144213617509
0.0010758957526082183
-0.0015481486752500254
0.0006853128183803395
0.00039051161599173236
0.0012794239016859887
0.0006250648463588746
-0.0009240446660421878
0.0003029583628116302
0.00043655462140298025
-0.0007399672724166284
-0.0018308213008837346
0.0009659151450110307
0.0014925198505688717
-0.0009752256555380333
0.00017645186461971292
0.00044180108700634177
-0.00047859496400787525
0.0015078215686066489
-0.0011123756574067546
0.0012917561191258102
0.0018847495705581624
0.00013610423324635968
-0.0006855308062675595
-0.00153084408818783
0.0005566244276737986
0.0006363865169304403
-0.0011266242903799964
0.00014102129981589468
-0.0001222973354532048
0.0024348043542521246
0.0008323510970710864
0.0005041530705932139
0.0007303497576937748
0.0015791568922840671
0.0005494430125671674
0.002230056410764195
0.00026213929849939924
-0.0006089722660972996
0.00011072708335890285
-0.0006553964947921616
0.0010812188392474722
-0.0011496710915488244
-2.9883351580233096e-06
-0.0022113393942999634
-0.0003055847474768273
-0.0012167856563617965
-0.0017043788426229574
0.0012270592066345913
-0.00039729617226960624
4.871164848459886e-05
0.00034232939355594233
0.002794229150774736
-0.0007778279451410026
-0.0007475035961615153
-0.0011285206117867283
0.0008396672896199577
-0.0026620907803953046
0.0013139498833938783
-0.0012187138944170443
-9.796446857209665e-05
-0.000480076420989116
0.0004402729459720462
0.0004894465440688489
-0.001987551309918084
0.00023003895156905652
-0.0008399993381467986
-0.00013246886464335768
-1.870137017134089e-05
-0.00031441631620343527
-0.00030703082911518945
-0.0008374716143331121
-0.002945594289396057
-0.0018720635241086187
0.001740881332945305
0.0007093847195604214
-0.0012912694930329286
0.0008666783196514513
0.0009331287256978705
-0.0014151632978026685
0.0006581367799208788
0.0013227572773169079
0.00041865022823014324
-2.8306147080353247e-05
-0.0009130183719908992
-0.0008366326542074618
-0.0015804117042411369
-0.0006561691614267931
0.0006710880974109233
0.0004491861469583145
0.0009188350409423293
-0.0010311732382899657
-0.00188619509470048
0.0007687650634009604
-0.001290591875313375
-0.0004991751676145832
-0.0013455363437842344
-0.0008492126141523427
-0.0007502572826907816
0.0007399982439568021
8.257006543020385e-05
0.0009862006516324405
-0.0002710487662037022
-0.0001359347287930823
0.0014992523988451509
-0.0008432410777924015
0.0004662756674402965
0.0002502806989114335
-0.0018117805234457941
-0.001473870241894344
-9.254140153534667e-05
-0.0015661936420211114
-0.0005763620786337078
-0.002004066411854918
-0.0009284516292787219
-0.0003394074916096494
-0.001783051833541389
-0.00018065612118521704
0.0003450935678061845
0.0010470693740033629
0.0010469077563162602
-0.0006124736969691422
-0.00058844844447856
0.0001563586802654097
1.8576330187987608e-05
0.0006435130720687754
-0.0008678910163880952
0.001361355309286532
0.0016511016014351225
-0.0018927032633003196
0.00226594604027687
0.00036609340575789414
-0.0007948287204349409
-0.00117517092870312
0.0014761499902195504
-0.0002999275716255871
-0.0005933394030368421
-0.001402115195809738
-0.0016509977615563071
-0.0008302105646609781
0.0004923153361961172
-0.00041258382532012534
0.0006907365184940644
-0.0005882944278755784
0.0012203433548101058
-0.0021997647682192862
0.001140969437428939
-0.0002020821995326881
0.00016998942248333039
-0.0010205073827661741
-0.0009336521007650521
-0.0008488311356964093
0.0003359321465601624
0.0007358213428346191
-0.00019257294513302825
-0.0012774030326120622
-0.0002363715366511701
-8.845845167122936e-05
-0.00029535106233159405
0.0007894682704662938
0.0002887957714479788
0.0009600456824323637
-0.0005721885911346895
0.0013648312908800095
0.0013749954214597286
0.0007731077578833511
0.00018163903802254766
0.0012728603925895464
-0.00025044674050992994
0.0012072676262532649
-0.0009375425418366457
8.306337731519492e-05
0.001971884340442309
-0.00024962709651275806
-0.0011203695203738115
0.0003185794040436631
-0.00014813899187657477
0.0005503047142323124
8.546688837535423e-05
0.0015385095478478263
-0.0018173363646834025
-0.0016517652685789199
0.0002781677625555014
0.0021386088265214465
0.0013819024132991373
-0.0006426252693264077
0.000205925960711645
0.002548578115007412
0.0017266270972755013
-0.0005934959977123247
-0.0008319423810503491
-0.0001812654844699562
0.001136777250930149
0.0026054519309783837
0.0008559825604281681
0.0008226580138981544
-0.0003008758522876791
0.0020952731328441653
0.001038413579480318
-0.0007850134603398076
-5.802531676904409e-05
0.0017234564154932034
0.0002967650928012491
0.0009692397373056452
0.0030169610415662533
-0.0003050461896566869
-0.0005424687925294423
-0.0010783452036999708
-0.0005217599751401142
-0.0011872737399878667
-5.158296529233511e-05
0.00018767361581325078
0.0004216532403036079
0.001228372921793082
0.0011636784077829775
-0.002887072646172308
0.00020074863085836275
-2.8948823527332185e-05
-0.001778264638587588
0.00024636949249900834
0.0014183666139056294
0.00225095203509285
0.000518512156430062
0.000786501870073328
0.0002544059928189791
0.00041812106394098253
1.3698067839363989e-05
-0.000566797063535203
0.0009263724824529158
4.7503008849139685e-05
-3.93055967263613e-05
-2.8843347217342187e-05
0.0019876234806932673
0.00018985627037781532
-0.0008549984308289209
0.0004906845451626223
-0.00028228683247736246
0.0006087458304808466
-0.00037332654665108155
-0.0025086092349358366
0.0011691538447777077
-0.00010470504922918908
0.0011495977731916106
0.0009462317826553133
0.0006097751339013274
-0.0010971703535946394
1.4266292215157096e-05
-7.136251339741307e-06
-0.000989796208499915
-0.0010716036619862655
-0.0004270318511912702
0.00018433173212703373
-0.0023724436407209807
0.00027692524255411684
-0.00013300007724509892
0.0003932217991076878
-0.00017020013449245332
-0.000622245926551838
0.0004443313313400774
-0.000849139322144443
0.0011728874242136476
-0.0014897310508030749
0.0008103278101007605
-0.0005073284016428937
0.000158132752636024
-0.0006921643740335262
0.00038259686060386976
0.00040977043886934543
-0.0013948059102485454
0.002515398416905388
0.0016084515682592536
0.0015972314340816057
-9.379123693880038e-05
-6.184630589877272e-05
0.00040741774593116306
-0.0012950054480676835
0.0006722739116051193
-0.0012272146079634425
-0.000550076333620333
0.0015615968201784722
-0.0014436711201170297
-0.0006426690431669045
-0.0014350653996945
-0.0022323854052666873
-0.0006731136954935807
0.0023995228641678227
-0.0008534972562388418
-0.00208268192590198
0.0003571663914896706
0.00158885073057291
0.003534708980824424
-0.0020896236530732622
0.0021471751817600053
0.0009417936960233408
-0.0011768566372573638
-0.0010475968380682706
0.000295625775441287
-0.001940333389221618
-0.002082541172712344
-0.00013404828907307074
0.0014571575741766168
0.0014914550456061578
0.0011954958539005342
0.0013043967483696536
0.0013659730372308203
-0.001681786915235015
-0.0009868977456565754
-0.0008500044561546351
-0.0005617324893370215
0.0003993145360783495
0.0006325103655086907
-0.0006877511979057564
-0.0019671211185118016
4.2695025672207236e-05
0.002722124028377658
0.0014069580134751785
-0.001795396544717181
0.0011162949801017598
0.0014398639782460048
-0.00037793359688196085
0.0010400863671623177
0.0008432330877091745
-0.0013470331631098213
-0.00024406845184666052
-0.00097762405621779
0.0011197288159650782
0.0015009453805038776
-0.0007241525026961242
0.0006447754962044158
-0.0008040590701035322
-0.000988155917151373
-0.0003737637129985405
0.0004668939853318905
0.0006374458564903947
0.0017157889761675292
0.00026652600743314194
0.0011921499353020298
0.002569440384569646
0.0001601612609312388
-0.00024617185391079667
-0.000700019997396965
0.0007528207944221549
-0.0006292074961445059
-0.0020265303966743834
8.826101971712377e-05
-0.0016457015845022203
-0.0013464961723805501
0.0012974814273729305
-0.0020229133685817835
0.0003100008026140183
-0.00027664956769440756
0.0002299904903240112
0.0008371075763504357
0.0009058245158469291
0.0016025739325389568
0.0008922159202286953
-0.0005152866368683643
0.0013734137968621708
0.0016912403943743655
0.0006788189318029092
0.0009605797518546281
0.0017878182430456704
-0.0001262329343977627
5.888708708109026e-05
0.0007578818523735224
0.0005677561481100574
-0.0021064245701958597
0.0027140459585454535
-0.000594121909060607
0.0005241635167100079
-0.0015063439711067274
-0.0008486932206054143
0.002751648587569211
0.0009461313217295107
-0.00013490523121975067
-0.0007941353596927722
0.0004810636133495895
0.0006622952989284777
0.00020839435488104055
9.143510333473485e-05
-0.0001680272007451031
0.00020538509177917347
-9.624607646557495e-05
0.002638606435667765
0.0004241100671234946
0.0008510786546483277
-0.0014974803629992648
-0.0010468977609114426
0.000709680053783113
-0.0010947893434631194
0.0003625460279204282
-0.0012387100196808584
-0.0007050887659901343
0.0016999546871514562
0.000577000437259957
0.003238794634960396
0.0008373978230750245
-0.001058660487128117
-0.0009411627928665751
0.0013018869143543925
-0.0006107292342951319
1.078036826219712e-06
-0.002118736425855418
-0.0009964517162314626
0.0002873978723066405
0.0008914788965905163
0.0008203274169412369
0.0016427585434708582
0.00035811260095688213
0.0022064235176100454
-0.0001118906178200285
-0.0008121860893365221
-0.0010344886013901207
-0.00015141611865290944
0.0005267938295034257
0.00023895660697645263
0.00014863717006409862
0.0003321899640727082
-0.001218346252125367
0.0016087965875833565
-0.0009140997166963202
-0.0017107883427438526
-0.0013422442138463293
-0.00038684690881271604
0.00045250245586021576
-0.0012460262233241783
0.0006854102817248017
0.0013782879826943245
-0.0011464641336930983
-0.0003182248504277638
-0.002844922968469507
5.985747204528319e-05
0.0006978800522992307
-0.0013720996247510767
-0.0018315876332815988
0.0008983353143858177
-0.0006256287619281792
-0.0004673729153444336
0.0016380873388973382
-0.0007069838399647973
0.0007293934723869924
-1.5649534896444427e-05
0.0009030063393679507
0.0003544281657679815
0.0001341818946641735
0.00029560492619868777
0.0011121199858379362
0.0006278580811305128
0.00035410516268379435
3.9816417038105146e-05
-2.5621210769076187e-05
-0.0012794546749128931
0.0023637777668913495
0.0009164891932789545
-0.0003260810534761435
-0.0007098274310519887
0.00026241645654821077
-0.0007684141404433771
0.0008635323771028052
-0.00021906047736500197
-0.0002936128007609684
-0.0004207380169380335
0.0019010098434108717
-0.00041703751421389503
0.00044691205056128535
0.0002486171709336261
0.0001950243828244898
-0.0008017543495612525
-0.0006714535506292044
0.0006319196630865579
0.0009894995013392035
-0.0015387458575235656
0.0005955853576715025
0.0005933890992327012
-0.0004705048123211061
-6.994405104222948e-05
3.343481460170922e-05
0.0016417089628652853
1.1325886115346202e-05
-0.0009293283985919201
0.0008847644551478133
0.0009361916665158517
0.0001281930322424786
0.0007506265995507993
-0.0003919653777621623
-0.0005415604948734282
0.00023498388878037115
0.0006233812200939603
-0.0018397471183383123
-0.0008298821239101524
-0.00063707880567151
0.0003920514457210688
0.0004998829816497124
-0.0010359951304384728
-0.00028427720360539073
-0.0010556257906961534
0.0005765965840747372
0.0004695145384775237
0.0019471556250206723
-0.0005725344647313372
0.0005630314606666777
0.002194752232532432
-0.0005991637604411763
0.0006698971346991568
-0.0005945174483433806
-0.0003727199867948324
-0.00046180645671948134
-0.002868544676339223
0.0007034244218769491
0.0010187663143000438
-8.008616156831986e-06
9.940511913114982e-06
0.002181540587272157
-0.0007905666631788497
-0.0012964543019313973
-0.00195886773628246
0.0009543346874107897
0.003098462315312967
-0.0007458433140033368
-0.00029331713439822033
-0.0005655674865949593
0.0002197696837534346
-0.0003156057991931148
0.00039798254212232735
-0.0005349334104258834
0.0004924658407127017
-0.0007415813898806284
-0.003215081806303824
0.0011575450096580643
-0.000739135375294341
-9.070690498374452e-06
-4.3098985988193503e-07
0.002782878938347248
0.0009149338188402738
-0.002265042372472953
0.0007508546403952895
-0.000363645568215015
-0.0009123734953760763
0.0004645678088193518
0.00029814034609271185
0.0010493793158705327
-0.00045658613795794334
-0.0012532884365266134
0.0005761754235496455
0.0014109436795862215
-0.0011834544323605096
-0.0008578908638394267
-0.002151222889414627
-0.0014616304613203493
-0.0013467286759670043
0.000746899560985734
-0.00016121737061983345
-0.0006148012575141487
0.00014608447403333913
0.00032314770621927775
-0.001430385278651292
-0.0003590478005706287
-0.0026102630150537107
0.0033682869030657913
0.00037435043459382227
2.2148398027490367e-05
0.0012895660846726931
-0.000718792845980554
-0.0003629648655453365
0.0021719251430507808
0.00026073907368426584
-8.67231727737723e-06
-0.0014396920288536103
-0.0023857066567454562
-0.0005530194661808964
0.0005665779766041653
4.633841070775228e-05
-0.0017627793240665565
-0.0006846921852159953
-0.0009820418088056224
-0.00045485551907562184
0.002371611487732972
0.0024346521030532823
0.0008026346011445175
0.0004137356634587762
-0.0004812711745353
0.0009646711071503926
-0.0013698253029980597
0.0010510812666975785
0.00042024777890871834
0.0002940629067025519
-0.00014135554157654998
0.0010791162456912804
0.0006441535171447713
0.0014225537850202342
0.0002927985569866702
0.0028721942506902995
-0.0006567853096602762
-0.0005865822826370423
0.0013691583220811353
0.0008859284396275123
0.0006877165201263352
-0.0003608289969640738
-0.001121598093959856
-4.957572228154256e-05
0.0015835624326575634
0.0017675448605764107
0.0014781648412484946
0.0004187725687954625
-0.0014129773135167067
0.0020145865036587064
0.0008683324811409974
-0.0005201302401594497
-0.0013658659556927942
-0.0007552233714684204
0.001150727208864853
0.0009618306925425267
-0.0002898591916848219
0.0023700163209740485
-0.0017537452469821885
-0.0003268334727420148
-0.002185687931396367
0.0005200492562316308
0.00016707655141822784
0.0016845768431675567
0.0003167711337285318
0.0009486030906915011
0.00033009239699515196
0.0007955178209088335
-0.0013716525690894656
0.001427767703671715
-0.0010968855570179425
0.0006330150422695025
0.00011637656312980475
-0.0005782473624508525
0.0008616783158377345
-0.0024000059129944207
-0.00047981932725066334
0.0013455281061561222
-0.0009370215007640957
0.0008158794832926964
-0.0007871136706697518
-0.00013197541199755025
0.0011045733844731941
0.0001447185802961065
-0.000192639658132886
-0.0011614493132432282
1.0383543756886604e-05
0.000126982543301113
-0.002864631436869086
0.001520337374902291
0.0020617074942376476
-0.0002974851530274636
0.0009926066660162541
-0.0007637412391126186
-1.5869887981432237e-05
-0.0011673455751559792
0.0003880737544383863
-0.0022081308499380826
-0.0012135723448540164
0.002170171207104441
0.0008756327281935664
-6.437199734814943e-05
0.0010260053588267122
0.0017214670740686884
-0.0015106139532661607
0.0004985236169955023
-0.0011559979220791107
0.0020766374366082275
0.0007658258201380467
-0.0004648520943580084
0.001439746626022154
0.0009697243767988174
-0.0020355606295322987
0.001802571461250523
-0.0006463756360499407
0.00103003088174448
0.00043607449735040267
5.006944188752099e-05
0.0007608547776890912
0.00021305213447830849
-0.0015029139635215915
-0.0010901812448068447
0.00029098265923810135
-0.000735208063209512
-0.0008482494870377663
0.0014755617625528661
0.0005660992331170403
0.0007590385942584702
-0.0005479926637264992
-0.001597776654811555
-0.0009888239776968302
9.456055096973455e-05
-0.00048237521501561523
0.0014237352668322375
0.0016343840674148623
-0.00019282675560808752
-0.0012963376021998074
0.0003281833606568801
-0.00013660416574357354
-0.0002844684725932796
-0.0011620178434097624
-0.001227109944321816
-0.00064566843983692
-0.0009325679755134423
-0.0027476626399365344
-0.0006956750562887254
0.0022895080364372204
-0.0012860114760283288
-0.000759915337222354
-0.0020273914694229713
-0.0017451579620662773
0.001393463295438164
-0.0011338127615559605
0.0004085063061886155
-0.00164836381047714
2.2724479353127024e-05
-0.002237670702133677
0.000210862077142891
0.0007287720154598368
-0.0004510716179942804
-0.0024651039064455065
0.001152277572773169
-0.0025299125497421334
0.00012879494352474946
0.0018799405687721642
0.0006177562548941251
-0.00025122499805327103
-2.6994289548606394e-05
0.000601311787151339
-0.00042601657878129875
-7.881776133857821e-05
0.0013695175859838836
-7.130664210078336e-05
-0.0007222449273580576
0.0010180755240029435
-0.0020707799449396383
-0.0006323594948753008
0.0002566002071056199
-0.0005048110130015147
-0.0009293177929924274
0.001817537317044741
0.0010528529059169256
0.00128677948230113
-0.0009621730006607437
-0.00017363607968781905
-0.00038540433232672034
-0.000866072109963737
0.0005083550694384206
-0.0002636573484392573
-0.00013537708713448173
-0.001748462509465818
-0.001111130208470931
-0.00010597380760159748
-0.0020567652300950505
0.0005102066788303427
-0.0010102540604468556
0.003126243090672086
-0.00036443313122714905
-0.0008283303107894833
0.0009556028168666405
-0.0009922822594843146
0.0016527815055125197
0.0009447011321954174
-0.0008960929023472871
0.00045845606844498226
-0.00048415959620922084
0.0015313990754995952
-0.0003997551576531553
-0.0003224770031148358
-0.00038736751928197837
-0.0014865448777034655
0.0006268975050457208
0.0004385428838923652
-0.0008824055035537945
-0.002074774958123657
0.001305319492384597
-0.0007029919616559216
0.0016973394274446291
0.0006707608652615962
-9.490705764335738e-05
-0.0006323296258459606
0.0015098854799808646
0.0013299151125597689
0.0005838259604828222
-0.0007609998480060534
-0.00019623847191443754
-0.000775841311455358
-0.0005490620181065563
0.0007061621823251978
-0.00015114166834296843
-0.00030035901739796793
-0.00015820873366091063
-0.0003812526592873331
-0.000335448193536
-0.00010198625404748034
0.001773692457515369
0.0025461827881833304
-0.0010592287960990805
-0.0005709548038511881
-0.0012025531671981254
-0.0010763552749630814
-0.0005954630635641871
9.095304954149765e-05
0.000759592334831569
0.0005507478105625667
0.0010839109342517315
-0.00013820499968554187
2.7452202515014362e-05
-0.00042397800990137967
-0.0005317333970016003
0.000514887474554709
0.0001332351970412214
-0.000563158083689171
-0.0012121740761288583
-0.002076677915397479
0.0005837260563596603
0.0005364854066049557
-8.960224633461903e-05
-0.00039704130158129883
0.0003264867261509397
-4.941284606792273e-05
0.0007844046843674432
0.0005887777284074811
-0.0026365114196199918
-0.0008437609366127693
0.0008009040932066819
0.00010353330764968463
0.00041384737068848046
8.108840597527567e-05
-0.0007202582021432113
-0.0007776553744594835
-0.0012182153924103019
0.0006426044235508241
5.5611127302072556e-05
-0.0015049348027791874
-0.0015854580142032515
0.0028626654201360222
-0.0013996632470802356
-0.001943089810532473
-0.0009422472419374043
0.0005989747720558854
-0.0003126316264454768
-0.0022836907413428457
0.003450414846743713
0.0005413973704215202
-0.0008790848088776671
0.0015397412452145657
0.0006442617809349809
-5.9729376928137435e-05
-0.0001380957789991378
0.00044496680748989015
-0.0007803525001027971
-0.00022337275017582993
-0.0007515263655758123
-0.0005675734787066675
-0.0002822309268572817
0.00013509822816801448
0.0017686363768110213
0.0013518657447595891
-0.00043115681295875997
0.001112874305028136
-6.377233199832426e-05
0.00027713000100474105
0.0012173078193604653
0.002045608758637289
-0.00101655191366411
-8.113696984397134e-05
0.001393578404503181
-0.0027149825733948046
-2.8238915415022515e-05
3.901540720751724e-06
0.00290290396048934
0.0003066405673229525
0.001526606907459193
0.0005360556693776642
-0.0017364119162837873
4.113290095493349e-05
0.0011433903237824691
-0.0004854134658315596
8.301421850669156e-05
-0.0013066282913155361
0.00044976257151845613
0.0011871653881354715
-1.4026177143535744e-05
-0.000521627284147621
-0.0010724289045195802
0.001415887453960639
-0.0006387289509706494
0.0006998042630696246
-0.0005167422070339221
0.0010083435443864967
0.0009357445006031567
-0.00034754520034390005
0.0014306355083930544
-0.0013701214117519472
0.0003613254971162409
0.0032810424624766673
0.00014273394499802276
-0.0004999930573020644
0.00019920983013913755
0.0016001837160952788
0.002187201447173748
-0.00034939794969042004
-0.0018159937457126025
-0.0004468759270365268
0.0007816043332004075
0.0004692279799637031
0.00018369039810834102
0.000601997935808491
-0.001707173335921113
0.00027183335451679566
0.0015065725576594096
-0.0007406636383675714
-0.0017286329215836739
-0.0002042594774500826
0.0005421266487477457
0.0004545298394557009
-0.0023899060317535605
0.0020151579662266955
-0.0012638634493181665
-0.0027272733814984957
9.794999170343265e-05
0.0008053235730614864
-0.0022699900174231384
-0.00015712725512870382
-0.0007718856405730092
0.002787902904089809
-4.245406742248959e-05
0.0003179188988177265
6.724664318387945e-05
-0.0005937773355946591
0.0010003814115425397
0.0022772242379448587
-0.00025534817153432165
-0.00035934315420860626
-0.00046135910774838356
0.0012848845872244514
0.0007578993191960941
0.0006054782879213278
-0.0023864625659088257
-0.0005694325172187578
0.0004398915971824813
0.001762576934280716
-0.002166950065689537
0.0005574124712142399
-0.0015701618482436134
-0.0003967042452977048
0.0018575427935419494
-0.0012660778991857163
-0.001085613926570144
-0.001759529831481566
0.0002503187521768522
-0.0006901055806671468
-1.3397375344681414e-06
0.0005270549734090335
-0.0008776522132350255
0.002434076636082739
-0.0017567437588699249
-6.584770740499699e-05
0.0020969137327570596
0.0004031204305173059
-0.0012336787704327673
0.0036758879303285274
-0.003162854679641902
-0.0007434142087435768
0.0004785178236131055
0.001584308552356818
-0.000666928975836083
-0.0014203190538071744
-0.0004534271982627206
0.0010757584130417462
0.00037694314760740945
0.0019193952606734322
1.4212656103225969e-05
0.00022539169713652968
-0.0006595736781293819
0.002687601322999132
-0.00039866302706345163
0.001114842392262676
0.0010431863890946564
-0.0014283703243052953
0.0013558419826695004
-0.000391784405809414
-0.0006331108927584941
-0.00010255309439080627
-4.5846891269619246e-05
-0.00038166125673615034
0.0009526266381040087
-0.001306010675147818
-0.00031559748945108614
-0.0019810387174068506
-0.0008462966505096828
-0.0014316048289835814
0.0005626409208198213
-0.0014236106075271537
-0.0011436969542340818
-0.001111439306050559
-0.0010736785221944788
-0.0009589338314602092
-0.00018961716975484072
0.0006947553979173085
0.0001244532142593896
0.00017114793809325408
-0.0008163005515951841
-7.558338251293956e-06
-1.081945157782818e-05
0.0012848370301769701
-0.00012475847177298384
-0.0006937736667991757
-0.00013357890444677306
-0.00030688603754624907
-0.00019606166037992816
-0.000931303381719691
0.0009263355122830457
-0.0006320158145124684
-0.0010241519493604983
-0.0005702065068663891
6.971575779903312e-05
-0.0006289835013067528
-0.0014792195398619027
-0.0010920456606595083
0.0018213648130685942
0.0008144916447360623
-0.00010970420223737597
-8.287157024654696e-05
-0.00014274473781633674
0.0013309778081904353
0.0014254475680864581
-0.0004956783097357878
0.001872405576361114
0.00012447121084188312
-2.4588433399365823e-05
-0.0013315920800752925
0.0009204892405690423
0.0007514902649333537
0.0004162075315774009
-0.0006326796258840978
0.0007751107371588516
0.0009894287679885216
0.0003206229113400313
0.0014326025319473317
-0.00035075701687472573
0.0018378970080837624
3.715607157222942e-05
-0.0007449976029056918
4.184555494328067e-05
0.00035075599133162986
-0.0006851133797178366
-0.0011724385303405781
-0.0008212958874196368
-0.0007112795113200473
0.0003304959755927678
-0.0003796961095304986
0.002543061039853548
-0.001383661044277459
-0.00038974814804182656
0.0006728774322758451
-3.5176710297666364e-05
0.0009235113406413856
0.0008252354990875853
-0.0008039245873575848
0.0011812688710504022
-9.227472774049694e-05
0.0019240767470272253
-0.0003293273425390904
-0.00027776515264193156
-6.546556536235506e-05
0.0006182498489941532
0.001056949608043531
0.0013059400069770212
0.0015738262773680118
0.0024989146408376807
-0.0008318757020272397
-0.00019003051146725664
0.0014593256263665676
0.0004474847071693089
-0.0014829153745967774
-0.0023247191100560292
0.0014279189404219096
1.1949326175195266e-05
-0.0014552027087512387
-0.0009082511879554226
-0.002282139058581948
-0.000330100131212657
0.00042114535239331895
-0.0009865733238697684
0.0009967922506247044
0.0009207711199991513
-0.000421761191369046
-0.00011719197390141884
-0.0009885869815520816
-0.0008058051345385651
-0.0002545029028278154
0.0007363592904600846
-0.001684545567223448
0.0010413131524619243
-0.001673333316344959
0.0011081185697702485
-0.00032953535374337427
-0.0008757909059081892
-0.0010151460098780807
0.0012635127017915527
-0.0006099504996904994
-0.0015623224713133962
0.00264645654023641
-0.0009043470209706575
-0.0014411542882782923
-0.0008527429640913612
-0.0008473758213965734
0.00011950698731842098
0.002566812291359359
-0.0008797949118362304
-0.00047406506526621444
0.0006279030677329264
-0.0006435831945313798
0.00021600531306211152
0.0015791506225337824
-0.0010244924268946911
0.0002567970517473511
-0.0023373970485438293
0.002898712910478132
0.00026434869900601374
-0.0022081848445393852
-0.0012898985000097424
-9.64603733684139e-05
0.002334424695285768
0.0007518668694593196
-0.0007964287576568163
0.0017846731131653866
-0.0007880090321986557
0.00046856350847238016
-0.0004816719961624303
-0.0006105815061643187
-0.0007290427553701119
-0.0011371109130058632
0.0007580196267036995
-0.0002569724945042608
0.0006922132506269923
0.0003331060340833946
0.0018904466150039799
0.0011352105455923937
0.0008716256865470173
0.00045492482609625097
-0.002155976466108851
0.0005604276185343026
-0.0005187058169650345
-0.0012338933835273924
-0.0006087298128706284
-5.7022301644606256e-05
4.660517256478767e-05
0.00012952478974806385
0.0020925135156387
-0.0021323066027848308
0.0001922466241152959
0.00026697856594127693
-0.0009356513696408871
0.000691953425573966
-0.0007600125717438117
0.0005580550901087649
0.0015325284848235225
-0.0015190483081416548
-0.0006407120496875979
-0.0007355588488732934
0.001298231482134436
-0.0005753903817509633
-0.00020042375142555015
-0.0016543659446330156
0.0007317397395592051
0.002596113965851425
9.266265900511754e-05
-0.000536164394280895
-0.000662361611834781
-0.00040292963026987167
0.0003785255502031775
-0.0011535470675396054
0.0011667987755473082
0.0007360851376200479
0.001156255023444997
0.0009515555710184433
-0.0011061420271790416
-0.0012643842927708502
-0.00214690885119966
-0.0006145359490298842
0.0025221438063125607
-0.001379340614273272
-0.000543815686329982
0.0008698460877541765
0.0009745598228965425
0.0009737241571287344
-0.0008679148978821878
-0.0016924753555892136
0.0010421149711471527
0.0003089463293565973
-0.0005306229612650501
-0.0006285232966432982
0.00018363460759316552
-0.00046844708679540776
-5.809977161384099e-05
-0.00018535481849586024
0.0002204485253293542
-0.0003186486417239885
-0.0008759039139619962
-0.0009106475708323341
0.0008937127887858979
-0.0026807625849011355
-0.0004993645907635803
0.0006051954356467547
0.001001318796762668
0.0018266664243223039
0.002317511593872176
0.00015640133287319135
0.0005660575914908908
-0.00022875020516062466
0.0007788770070811011
-3.4361368172952796e-05
-0.0008461330989215016
-0.0015323641170999634
0.0006136228537182382
-0.0021987177122941817
0.0008796132298387696
-0.00023786282955452946
-0.0003452707607123661
0.00018193590535936082
7.619425221578687e-05
0.0008307036823931166
0.0009450880150346419
-9.10900458734648e-05
-0.0007182183476940568
0.0006935344933688827
0.0008260059995311208
0.0006326747408596825
0.00021565433671249422
-0.0005697263259547625
0.0001555026194339933
0.0021363615523408005
-0.0004139934935912571
-0.0007963267060644403
-0.0012229466817440223
0.0002911892711550506
0.0009744622832777468
0.0015900498165012866
-0.0004277422356714677
0.0001393648653511845
-0.0001496318255214894
0.0004103191834735428
-0.0002736772789228294
-0.0015077494359686326
0.0010093710706149867
-2.7086604375497986e-05
0.0011105120431280048
-0.001139526902547126
-0.0015954706833701908
-6.650585575400064e-05
0.0018391980422874622
-0.000556844784225802
0.0009415027891790572
-0.0005704664768406509
-4.913539401622293e-05
-0.0006421135066799333
0.0014640391014827936
0.0012337551134140412
0.000433237976894008
-0.000862238897525224
-0.0002486590344487485
-0.00034954693218733243
-0.0005018657142498557
-0.0008142312483189314
0.000592788877773638
-0.0003301590531359604
6.531676939085988e-05
0.0002461926199450312
-0.001715228454806105
-0.0010607350235171107
0.0008766230013437454
-0.00020702487208967515
-0.00010343188150685135
-0.001452291031032768
0.0013960473936123847
-0.0011649875998734401
-0.0007732844508459412
-0.0010778405193117252
0.000971448997051442
0.00017293401604409823
0.0025857177241513734
0.001271494635452713
0.00021033283241897726
-0.0006807050019391021
9.099866575387066e-05
-0.0009749690652101873
-0.00044860919263825077
-4.006787826366578e-05
-0.00026403306471593004
0.00023674907935144893
-0.0015342962874438512
0.0007467961212004723
-0.0011163528452788306
0.0004959612986107599
0.002406918095648986
-0.0010489871395925024
-0.001045030904280079
0.0005359212358633324
-0.0029518049728369765
0.0004304925855453067
0.0010832134741107923
0.0008219197657102078
-0.00027219259553724445
0.0013896403876622243
-0.0025991797399142276
-0.00013351682823304205
-0.0017384235256535203
0.0010315845823082232
0.0011443595036121788
-0.000545458593888193
0.0005622308852530993
0.0006797566297478087
-1.7702580645027208e-05
0.00032778895023425546
-0.00047134732683073874
-0.0013632537885635233
-0.0017596222378376586
-0.00025887161864607944
0.001375002057326819
0.0011188361926847779
6.28680352778506e-05
4.1192619598329906e-05
-0.0006474315744679849
0.0007825129130714586
0.0002880380885596334
-0.001807162150636679
-0.001145924637698645
-0.0013012078786256225
0.00022421757233077793
0.0011801713749079769
-0.0008803793181587627
0.00046603439993282307
-0.0008370820549581544
-0.0007290476175122266
0.00020484274312461423
-0.0012990709422036778
-0.00032309405485247966
-0.0014914201993297984
-0.0005854203880741055
-0.0005042677185452097
0.0013633006938121473
0.0008957122934187662
0.0018965534162684974
0.000557532389722741
8.006424760535028e-05
3.5985477574755995e-05
-0.0019314171296345405
0.00031262669149604324
-0.000228761516644412
-9.616379587407119e-05
-0.0014288601351983385
-0.0003809253432362381
-0.0002790075277220802
4.776451956495625e-05
-0.0006183444825608095
-0.0014518677466141647
0.0002198740845953095
-0.00021911509741584634
0.0030043602434732227
0.000922902827468773
-0.00022958166405219032
0.001330907910390416
-0.0004380179868055111
0.00031961298229388435
0.0006529540228020043
-0.0006002165334743438
-0.0015245711531022125
-0.0002524445449185448
-0.0003324063848690583
0.0008223871214392106
-0.0012514652206023636
-0.0002198663919819865
0.0007105351424634684
-0.000285815008597851
0.0001113571474979905
-0.0003923483435676156
-0.0006084428577302688
-0.0006783309709091772
0.0005015567761529264
0.0003872557544998219
-0.0003146843213321214
-0.0016612625021434823
-0.0005060150609220446
-0.0012351945779071941
-0.0006474374094545645
-0.0006395321959859315
0.0005426807817869652
-0.001547747510388391
0.0016921356643740686
0.0007557971867529231
-0.0003423330353087067
-0.0021234229802920297
-0.002727967366996803
-0.0013615868934205547
0.0028302491941443225
0.0005726463439249952
-0.0008740307570706136
0.0007745011256358244
-0.00116672111302005
0.0027563332046377296
-4.533414052381208e-05
0.0012323283028329605
0.0009493397253305747
0.00018949404009686283
0.0006102962325263301
-0.000609073901647852
0.0012376925318481752
-0.0004984337464143267
-0.0014134639132602723
-0.00012746317492471588
-0.0010888544451329938
0.0010807744268382477
0.0010430373566727247
-0.001016636475551614
-4.636323800359022e-05
-0.0009480850090631242
-0.0007318123485651102
0.00027543727521173585
-0.000498487409568976
6.356938540984331e-05
-0.0006785707850438788
-0.0008102153012971418
0.0008106903378516169
0.0005657002649562357
-0.001360587779381619
-0.0006646787761880124
-0.000558053042489589
0.0014191546421912032
0.001201263615748764
0.0011207941472206977
-0.0016965902796542997
-0.0002822433519463508
-0.0003842126221264767
0.00042142172134947045
0.0005080446634072564
0.0008267833681317649
-0.0016813243377463579
0.0007210832005986567
0.001764020132055835
-0.0005664604912469309
-0.0008732769267295567
-0.0007619109255148535
-3.189588421611478e-05
-0.0006749450880264756
0.0014449103187178537
-0.0005315748573305909
-0.001656994469139994
-0.00028159756766694895
-0.0003722901504109071
0.0005293696096147816
0.003088511809728542
0.0011818115781943325
0.000607899520976378
-0.00014478119736420847
-0.0006291582534342346
-0.0018247580633585937
0.00044007731339882814
-0.00036748326558438943
0.0001972539696803971
2.7005784090796356e-05
0.00028990950986320746
-0.0005303916669734978
-0.0008348380980176507
0.0004526564156041479
0.00018485408927855352
0.0005856794919879708
0.0019346285842089805
0.0007373316550899563
0.0016002027125649554
-0.0014842360002099621
-0.001136003447807935
-1.0306125307497894e-05
-0.00016282358606279306
-0.0004634465643162165
-0.0002864390657864052
-0.0007863133122913248
-0.0004951403163457218
0.0008899667960487398
-0.0012717981691663504
-0.0008088285347416072
0.0010567510354414246
-0.001524515011725099
-0.0005353662485515675
-0.0004114110235273736
0.001422937536451331
0.0021130395762558552
-0.0011720045335384141
-0.000123149617238055
-0.0016529256182398835
-0.0001782765297563169
0.0020409017397967654
-0.00013398650686222878
0.0004538807102000349
-0.0022097774027160736
0.00028637843185099697
0.0007324702375813774
-0.001057838562528347
0.0003977478154857283
-0.00077385808723246
0.0008120248030960717
-0.0014225293467235007
-0.0005718470422928012
-0.0015168030968350519
-0.000189666397210245
-0.0005137052376267948
0.002242243279832435
-0.0003004992214123968
-0.0024865830488474015
-0.00010164018213756334
0.0013927344636634966
0.0011757889609126625
-0.00022558204736539117
-0.001194540002664054
-0.0004548676432277719
0.000924674405668653
-0.0007289066472874379
-0.0008233196514512543
4.182526180991935e-05
0.0012667618400475902
0.0004206795221510026
0.001341308545492128
-0.0009062055408172743
0.001844185140483802
-0.0011542962832834325
-0.0015072096348768414
-0.001053819511834552
0.000992262969705152
0.0010871152419210399
0.0024075722395954357
0.0010695989284010745
-1.605129469788674e-05
8.712948615298376e-06
-0.00046893673751234854
-0.002373255844503536
0.0002052618823798448
0.002023804695198399
-0.0007818184851820115
-0.0007607229985215958
-0.0013307883926688717
0.001004175712976074
2.0596848399976138e-05
-0.0009274703558065951
0.0009320175799166073
-0.0006057356409925174
0.0010025560614624132
-0.0012254619000338866
-0.0015083982524995271
0.0022765046159493652
-0.0003721060699323312
0.0013082113533375943
0.0007482780594034223
0.00027330152520239215
0.00013178150738470782
-0.0015858311288317194
-0.0007142775045423101
-0.0002600065502318149
0.0017566508990282442
1.7987248248758622e-05
0.0004003806335443293
0.0005841232473284741
0.001452704762437692
-0.0010989449716734458
-0.002973257636950394
8.662969060287018e-05
0.0007395712373506821
-0.0014295437057829877
0.0011868461266540875
0.0005782005757741483
0.00014778689845466108
0.0006732333740846303
0.0019654484722840216
-6.479674623397195e-05
0.0008156334146625758
-0.001968276224658979
0.00020797931918499913
-0.0006267020596913229
-0.0015382159221702238
-0.0007938320014101048
0.0009119051286654412
-0.00034914000861345235
-0.0012030253774418106
0.0006423645823734036
-0.0006702260143741061
-0.00020731748331862942
0.00013520515299695365
-0.0003712143009245768
-0.0009153733115549302
-0.0016308109317346791
-0.0006186801014199026
0.0006537744947224057
0.00042863624714465276
-0.00026371032859191264
5.953231039743298e-05
-0.00038422828471433893
-0.0012223405254483419
0.0004420348407984758
-0.0007496464244290883
-0.001162339716940398
-9.895507039531632e-05
-1.3224160145037502e-05
0.0014042230717102864
0.00011293556441308607
-0.0014990172603271466
-5.3826074894323784e-05
0.0017629953447693518
0.0010247310851265257
-0.0005951147568162731
-0.0020265553231268566
-0.0006860113574564089
-0.00040707782936003013
-0.0004354669611826741
-0.0010228613917833266
-0.001537141392229878
-0.0012301958402474284
0.0010617784598783478
0.0010516173913664524
-0.00193395333515421
0.0004931533276377206
0.0009436802120176872
-0.003158500211869298
-0.0012715602847723079
0.0004190935769591044
0.00040430896007780527
0.0011047632541737492
0.0006751629656626122
0.0021387527984879934
-0.0010162789701189752
8.356139185960098e-05
-0.0019344336075950376
-0.0012902764351761418
-0.001300729249549999
-0.0011993425974059651
0.00123602916404647
-3.992490618430203e-05
0.0010722890936646745
-0.0004295044286612044
-0.0027768770482692415
-0.0015927740916472188
-0.0008611067693679777
-0.0009303938865566279
-0.0007278779776373359
0.0015217421227854526
0.00028546923415783836
0.0005690297159259491
0.0009373389316614555
-0.0001954709385425098
-0.0015009035821686415
-0.0012060327981718011
-0.0008702201523448082
-0.00044851770157417034
-0.0006013992890677313
-0.0006492693393748154
-0.0005396695965718705
0.0008358871641181676
0.0019506925803170474
-0.0003342757696479046
0.00033665523903786995
0.0013392943649839233
7.439098584368994e-06
-0.00039183331637962867
-0.0010467025478470631
0.0005646574651389889
-0.0009266477142280827
-0.00035842735462510535
-7.503979786746643e-05
0.0002182125355897777
-0.0014032903815221407
-0.0009762912960514096
-0.0019947679297904466
-0.0006253947252276045
-0.00028108628208176495
-0.0002477676502796805
0.0005260030435539628
-0.001107873122429251
-0.0006868050113208446
0.001094843025339651
0.00039633255283887174
-0.00021596712596990656
-0.000544099548892784
-0.00035265493241504555
0.0020739772658799173
-0.0023480850624551584
0.00013417508336611379
-0.0007261346930550902
0.001962163008722941
-0.0010213078971602855
-0.0013397989391210855
-0.00011386164924387524
-0.00030826975312840893
-0.0009220759984293031
0.0006507832060141343
-0.0001691128972480011
-0.0007644876444939252
-0.0010226543256873861
0.0021303177224733377
0.00038361483728569613
-0.0004203144655592602
-0.0010938911715716961
-0.0002952726141786912
-0.0009505587264876562
-0.0009933927527733175
0.002490735644806235
7.333208832817513e-05
0.0007670841178321974
-0.0014565651853982902
0.001775077263820511
-0.00030170204825017327
0.0010289353839896152
-0.002653169959603033
-0.00013622624167162296
-0.0019570256688097674
-0.0016451829384437691
-0.000949339496507572
5.039523279862881e-06
-0.0016113423918813043
-8.43696935165444e-06
-6.194824654666238e-05
-0.0006224102096802255
-0.0005517283136639158
0.0004391700835834957
0.00025692455608510733
0.0005697812434755107
-0.0017333052508569247
-0.001713191533451808
-0.0002779312663543439
-0.00019206426743667717
-0.0007871978199824473
-0.0007714160805157421
0.00047875292052692827
0.00157261020514537
-0.00042252504485104224
0.0019004480489614663
-0.0002608823092567852
0.0012361357532683379
0.0011172159240424122
0.001222768802368832
0.0007303943594575009
9.25342317479155e-05
0.0006691752286340508
0.0014456724213571738
-0.0019301268882491551
0.001357868217989552
0.000888881236839644
-0.00012296430111526224
0.0002873211708359948
0.0005103343696935165
0.00034094947227521547
-0.0014792069164595643
-0.0009959513829472912
-0.00016440598865856122
-0.001203384008267583
0.0023645815111568206
0.0006047076002589721
0.0020546873993482154
0.0012737085860700737
-0.00015260183022345513
-0.0010634990791954341
-1.7139886158475463e-05
-0.0007122882740622813
-0.0012931208236768292
-0.001095079353737272
-0.0021014499047160217
0.00013414010811678876
0.00024771765245349916
-0.0007578530622793115
0.0011594785335246847
-0.0011345475045915418
-0.000670618476334189
0.0026771376894576464
-0.0005002010074868806
0.000505055995069072
-0.0003466748949338384
0.0010239584226523124
0.001622782893705405
-0.0003715569820936293
0.0013903701423563374
-0.00013732411918572032
-0.0009004888633577891
0.0015575532888903588
0.0003446744098290715
-0.0009291832450665931
-0.0010422581034026193
0.002003536587446063
0.00037649983354860056
-0.0006225687805543716
-0.0003291665825915479
-0.0015169041298183623
-0.0015344012749046968
-0.0006380147028487146
-0.0003584989422483331
4.602792840225367e-05
-0.0017618395251104472
0.0006829328074425999
0.0006607340049080454
0.0008250892277965585
0.001325332454861022
-0.0004636279828205236
0.0011667367381641477
-0.0012746048552635563
0.00025760052974605434
0.0007467475996293621
-0.00026164900707805063
0.002797143699875194
0.0006159957787703152
0.0010960231002368872
0.0007527069931152704
-0.001170119249027866
0.0022108907833353337
0.000347773451289511
0.0003468898512629673
0.0007689345831091044
0.0006670851364412627
0.0001115235815626073
0.0008914163093387452
0.0002354163302795172
-0.0014821105548631925
-0.0007563521019507711
-0.0015492280257283038
-0.0006164726535362482
-0.0014643155730625955
-0.0008780784605648172
-9.0209409104813e-06
0.0005427126679257476
-0.000473447949042088
0.0008901951419905675
-0.000546913362479837
-0.002059469304330226
0.0019131997710799202
-0.0018708290621439587
9.431214834498228e-05
0.00043828574022889403
-0.0007936676683566974
-0.0006184114895635562
0.0007178241966041697
0.00021624956636307393
0.0001937761685973432
0.00035208164273004683
0.00010122277084270721
-9.750561396436055e-05
-0.00039276186140440363
-0.0009166056260503756
-0.00036097957428797735
-0.0016562275230804402
-0.0011993490765639689
0.0014126967570995978
0.000813975019947472
-0.0022632339190994193
-0.001251377760290153
0.0009146783871889076
-0.0007282389570192041
-0.002504752507120036
0.0011613960474085208
-0.0007566250607507739
-0.0007184006586080753
0.0007631083985877597
-0.00016520986675081818
0.0009323031094203172
0.0005772826904343042
-9.699216912211091e-05
0.001589217442317708
-0.00029273492130950254
0.002816478255539406
0.0008898886377383079
0.0013256327240331483
-0.0015868202890700202
-0.0006975640206892055
0.0007266051226397686
-0.00019489573853213635
-0.000438199321408049
0.0005517205218939584
0.0004932158802193398
-0.0002706471173467461
-0.0007335561365579626
-0.0013648629447287738
0.000279397930275135
-4.448594704328464e-05
0.0003196261243616963
0.00023691361071812435
-0.0015687759359606234
-0.00010579308735415205
0.0009202132002859312
-0.00018943192227894963
0.000820995958015
-0.0005454557564829545
-0.0024904048090413095
-2.029432948168907e-06
-0.00041724639910600933
0.00046605609651393667
0.001752446596698139
4.381035856772553e-06
0.0027099209704286482
-0.00010943574362310131
0.0001458743458695748
-0.001133963456758381
-0.0005631013390514122
-0.0012093772828128204
0.0015164343714478264
0.0004844412696986268
-0.00203203955455234
-0.0012021593399274577
8.085505990412873e-05
-0.0030644422536375403
-0.002241021136172777
0.0009950264997839696
0.0011026573121742786
-2.9390386743465145e-05
0.0017117822319908844
0.0008014821493441755
2.077481167693487e-05
-0.0011350727983049345
-0.0008831254764112267
-0.00046245729382683406
0.00037740093506786755
-0.0017816026856747856
0.0014465762451767756
0.00023525978067523204
-0.0003049567850423532
0.0020554098961927105
-0.0028094238600818063
-0.0013408002796771823
-0.0024183046902405674
-0.0017818458940173669
-0.0003753621068552115
-0.00026267045424209045
0.0002487498390438194
-0.00031639061286219643
-8.540111701682476e-05
0.00043203660273559945
-0.0010609105571098192
0.0014555262797325158
-0.0006238582321536953
-0.001058430672558651
-0.0012693254467751802
0.0011402433057657085
0.002587215245200836
0.0002754038136612468
-0.0011323153590784174
0.0008297674073112551
0.0018336832588306436
0.0008743344433329191
-0.0004967472140972721
-0.0015718106095102856
0.0005982956864020957
-9.889952742502609e-05
-0.00024929512009983385
2.3474259527028763e-05
-0.00027688305521977554
-0.0009326488186804443
0.0015256458355912272
-0.00020186783051593253
0.0012834191249711281
-4.445282526028449e-05
0.0010525072576762662
0.0001958949135905401
-0.0005827085456446768
0.0005498172983533686
-0.0012283162652175098
-0.000992812556794043
-0.0008438355828368049
-2.051799252608603e-05
0.0003441627844763977
0.0010626063914286512
-0.000967510514243643
-0.001818108703338396
-0.000380166344962326
0.0007724025406426059
0.0008826555079395682
-0.0009132039432860106
-0.00010792090483272078
-0.0013774833682080392
0.0011865951424898178
-0.0012535144866109766
-0.0003893366514748992
0.0015211932908124723
-0.0006568360736968171
0.0004965243557471014
-0.00017479203248010777
-0.003282970627724598
0.0015070403287368338
-0.0012480413225914107
-0.0008904873947301509
-0.0003914567118536629
-0.000602869159977581
-0.002430825465462392
0.000931478286395842
0.00040083907696406273
0.0007051326237323987
-0.00029625877267523286
-0.0003328120915206029
0.000602926530064881
-0.0012720154407682292
0.0005269424992755675
0.0014025215057219273
0.00017707188758938234
-0.0005144567838982386
-0.002097940286141085
-0.00037701206146851536
-0.0013100713529062987
0.00010471778288261104
-0.0003615928580735031
0.0006252070446004465
-0.0009361454935008376
0.0021314650715207103
0.0029377409313803495
-0.0013438356057191053
0.0006537926209712679
0.0009430173651696858
-0.0010580281957784654
0.00034375798479602927
0.00217308543238568
-0.00024174627973667635
-0.001353728878510032
0.0019677406456982977
7.912874705468397e-05
0.00028853909652496167
-0.0004073821216565924
0.0004355866127310045
-0.0002531909461394335
-0.001725337885593629
-0.0012773947984509656
9.718016663445835e-05
-0.001297811207085026
0.000517442268129664
-0.0010030366889255975
-0.0014654929665702766
0.0010515178533600958
0.0017394051763368996
-0.0003923489003702564
0.0027691772270216114
-0.001701487408806232
-0.00016270226410653932
-0.0007258951729232769
-0.001693762229809438
-0.0004512028597744208
5.903979176552019e-05
-2.7316853708669418e-05
-0.0014985637712721317
-0.0018455583336748347
-0.0018511807478448856
-0.00015105576056016445
-0.0014807518607297219
-0.0022118585368349915
0.002246732253233286
-0.0009288759281459711
0.0004035204325420427
0.00018101237225175772
-1.3393622300729426e-05
0.00035939990578039464
-0.00218216638004852
0.0015082445673431993
0.0020119345136994597
0.0004415243027017688
0.0019357090254102398
-0.00036116288439577563
-0.0011707154473624929
0.001985792854370731
-0.0017435186130524659
-0.0010488465431119523
0.00038849058258128553
-0.00044967845202209165
-0.0010624775141528755
0.0019136292683897592
0.0008171076332094842
0.0005697558399617464
0.000987440895191645
0.0005648453135696826
-1.6572362813154848e-05
-0.0010775476903542162
0.00016329475966893333
-0.0010484859409413377
9.645406132054338e-05
-0.0010437433519116805
-0.0027512456954406047
0.00048548221951656397
-0.0009177629746629836
-0.0014349268508331275
0.0009144380315064306
-3.8614131748103136e-05
-0.0015546006865244817
0.0029517334503936345
-0.00019218537998521237
0.003011611308834988
0.00017146362993579033
-0.0017618969409623482
-0.000525130004055714
-0.0007541416412309098
0.0008927244717256938
-0.0012731190388574046
-0.0022005654275346325
0.0008410410132643147
-0.0004957735306148188
-0.00040408485498896903
0.0006777091977902357
0.0007172580919614685
8.20542831263076e-05
0.0014024273485231588
-0.0013154288926623882
0.0012304701643580163
-0.00012094275666677551
0.002959649471935448
-0.0002724201447589789
-0.00017906717425155986
0.00023289151598498525
0.000718990190565877
0.001323235555530593
0.0010562545089399414
-0.0010322600331432786
-0.00032978411901791647
-0.0015320173434661708
-6.578154288694349e-05
-0.0005405422630192833
-0.0018268178940559206
-0.0018899494318498186
-0.0005716780828543136
-0.0008024832347279544
0.0017838227687486294
-0.000270685002808629
-0.0018325283093925534
-6.574710502497426e-05
-0.0005064143071374681
-0.001674305570030344
0.0010006740990458288
-0.0009135422123315212
0.00019565217398841332
-0.0011599134379914281
0.0014378413084043845
0.0009301280587134864
0.0007748895187068697
-0.00016429806463584174
-0.00070539589222492
-0.00014451282611871772
-0.00024532650199592603
-0.0010404546238090891
0.0012133937790098166
-0.0011574444225329085
0.0007890257420331285
-0.0007233985080185472
-0.0018096516915185785
0.0013156398674712634
-0.0008643336805895757
-0.0013389982375081532
0.0009599334031451515
-0.00036790439143932963
-0.0009287429168012735
-0.0001067295302395494
-0.0013377492834199633
0.0005584841984194985
0.00025791953536171753
0.0006718173750437449
-0.0010889520915358577
0.0003279325824333131
0.00010011554625563364
-0.0009923015839336294
-0.0005001938342324343
0.00040204247585934696
0.00271459440151933
-0.0002591492530627785
-0.0007906761168486745
-0.0005801946690896938
0.0007067428054407459
0.0007333127486239937
0.001618697205592684
-0.00036207550264612986
-0.0009758536907798266
-0.0006056830158622186
0.0017624826058113966
-0.002701679242224196
-0.0002596941416526719
0.0005211241786380967
-0.0016481611461036957
-0.0011906500615360529
-0.0006714893420139077
0.0012743425055300624
0.0004105263327778481
0.001185501905922265
-0.00017050365295122422
-0.0008721827901248589
0.00022998539173146033
-0.00034543172590720896
0.0011323758023279896
1.8194115684734105e-06
0.00020491650803338633
-0.0010011982146674577
-0.001662012271222935
0.0001617688382177686
8.974329283374175e-05
0.00019103560125359
-0.0013772288906792553
-0.0007029735261493031
-0.0010884286173120416
0.0007717557953065905
-0.001363690970165849
-0.0008119350705021011
-0.00019569791223972166
-0.00159746435301648
-0.0006850776951172015
-0.001274725944236389
-0.002345492638590638
0.0015105502489420922
0.0004301946046032118
-0.0005760772855240261
-0.0011749711509665309
-0.0017429613222558035
0.0008529573601508346
-0.0016758018512751714
-0.0001690427435822602
0.0002838484766663285
0.00018756460800157938
0.00014716982730173225
0.0006968100183841946
-0.00023114639735169996
0.0011096033370576008
0.00021558207787512437
0.0013211230997029666
0.0011347629338215445
0.0006906877944492672
-0.0004878874051450642
-0.00020413724366883163
0.0005454953539569426
-0.000912565382186074
0.00036856450003872656
0.00043691124968077454
-0.002578080123345307
-0.0001449704610305064
-0.0006160849164244785
0.0019313867911713426
-0.0010050483066161673
-0.0006323963506336696
0.000480058561700424
0.000699841488411814
-0.003440193059701239
0.0011144047190375954
0.001579002177424225
-0.002048274958505028
0.0008050531611308488
0.0002519139425114795
0.0004132326876156207
-0.0008153952938180971
-0.0002332813693628327
-0.00017213942469875346
0.0008549509729380742
-0.0008012251547623582
-0.00014823819080884586
-0.0022334359087917057
-1.4239397884857078e-05
-0.0003373670040835201
0.00012754336975987526
-0.0005099428077705797
0.0015343409952982415
0.0017445997330953022
-0.0008827288193627526
-0.0008811907508771378
0.0008035772798034506
-0.000603232729219803
-0.0005958481421687023
-0.00017774239584757013
-0.0003219651336842928
0.0025890292048879092
0.0010508417313108982
0.00011683770596757199
-0.00037808490227905637
-0.00026718319056511446
2.3095119226145786e-05
-0.0014692570820892818
0.0007500836940935997
0.0006685363242996095
-0.00017959876059753856
-0.0020313204706376054
0.0007827962153646053
-0.0012169031229971486
-0.0008415215263159979
0.000732006359962021
8.638313034999483e-05
0.0003265661811250561
0.0004278503587008596
-0.001263497401160077
0.0001881448344905884
0.0018604666862483688
-0.0005428500802995393
-0.0015888619886646632
0.0006873591859642471
-0.0002833535553928832
-0.002117902591365038
0.00020390512561446777
0.0001189345068347696
-0.0008275183899153687
0.0010218590589674797
-0.0014292259739487087
-0.0020369626356998415
-0.00015227317521109116
-0.00017014223048481282
-3.097496731818119e-05
0.001015489851110419
-0.0004140270085337806
0.0016382730974112698
0.0002529961719991785
-0.0006730827281138255
-0.0007482816553915864
0.0012024676900186087
-0.0014528343178616392
-0.0009239283892864517
0.00030423108051539537
0.0021548686271666852
0.0016929540040801223
0.0003148816243132624
0.0006649354088134436
0.0005572399504577398
-0.0009001182082299033
-0.000854852490984547
0.00042732936269950693
-0.0007842539933254408
-0.0003722310072920348
0.0021729328303249002
0.0012264492449430293
0.0020098640697752065
-3.500769053311375e-05
0.00010547883709653542
0.00024135674324401822
-0.0006030953591435972
0.0005041131985316217
0.0011376413365149442
0.0018171279263428462
-0.0009591168101213543
-0.0006289762704998539
0.0012228541873257435
-0.0011913198604429306
0.0014430298928824051
0.0007167498268399262
0.0009205568653938979
-0.0001605254327407029
0.0002691731498117377
-3.0608560670720336e-05
-0.00015088016941500445
0.000881709382374125
0.0018509533511718204
-0.0017693735037662532
8.014522459913843e-05
-0.00011189544945240933
0.0007430119115547784
0.0027320249251350077
0.0019974350331623475
-0.0011291895910912136
-0.0006768837909204002
-0.00024123982231685808
0.0012784152270059403
0.0004935242157490271
0.0003536997417143016
-0.0004619632691235187
-0.0015029042995634264
-0.0013559136881712444
-0.0003980340959449302
-0.002277810981729038
6.13393069311806e-05
-0.00017447198884009335
-0.0002660274589683952
-0.0013654619194491716
0.00037712019212534064
-0.0002682071471547557
-0.0018268833637841275
-0.0007186488899622768
-0.00012444089595438877
0.0017294135741411148
-8.240841376635248e-05
-0.0009638506276025583
0.0003327306762960933
-0.00045002286877895265
0.0015973409640257649
-0.001152361367756911
0.001609564757499275
0.0009352072775838676
0.0006635520787633738
-0.00040867259602539983
-2.0848698624642018e-05
-0.0001866337220481429
0.0008680249201425054
0.0003307981516232533
0.0007793532300481769
-0.0002267213612583381
-0.0002583979051046042
0.0005986488670799766
0.001519719201931932
0.0017417174674535679
-0.00209163594544499
-0.00042522558689113177
0.0002705532083862665
0.0016120117754397619
0.0004682901107482534
-0.0009298860555053881
-0.002234846622021219
0.0010143607427234116
-0.001834172501826597
-0.0008167106252990735
-0.0006139115902110076
-0.0012233413327775013
0.0017639748750262363
0.0004871296154726508
-0.002137619941564152
-0.0009672531188748675
-0.0019725806412133665
0.0011393273383786724
-0.0016894299544011225
-0.0004813340703514245
0.00044233687606814407
0.0004962119742106768
-0.0015800824355670826
-0.0002755722121366751
0.0014096873573973309
0.001972546130544078
-0.00022294952261627608
-0.0010566004699053718
-0.0019211940958534018
-0.0014524735631423554
-0.0007625390294035479
-0.0011334914025303796
8.112149794194528e-05
-0.0003105790119935843
0.0006172706508773249
-7.451229635879533e-05
-0.001732103808051616
0.0009540670331440414
-0.0007613117795239055
-0.0005545314141740043
-0.0008071148182517821
-0.00020435074315817484
9.208930830065126e-05
-0.00047702527634364703
0.0016148051551326354
-0.000963242313436619
-9.012941639663769e-05
-0.0015742720245780864
-0.0017429625391781381
-0.0002028734237128723
0.0006135229301797916
-0.0001403981502919193
-0.0004938120445772174
-0.0008952341871690345
-0.00034458305952580814
0.0005363095977312407
-0.000792292869244226
-0.00043688029755588564
-0.0013428009783500847
0.000764983171801628
-0.0006256741604119978
-0.00031236371700640967
0.0012492860171047276
0.00043463286666615357
0.000295542808380774
0.0026388582401278304
-0.00038633167915104157
0.001390688278444589
-0.0023715320445467074
-0.0007910429277501076
0.0002493193261065479
3.79603043401388e-06
-0.00044143799829242576
-0.0012842932780746585
-0.0008614948185111152
0.0006935180943869929
0.0006390187553040997
0.0007067635978242958
-0.0012747709537211025
-0.0002002743681416809
-0.001313172441985915
-0.0007683030316204966
-0.00010387596593643703
0.0010960115446752294
-0.0015513386849486535
-0.0011644362203376915
0.0008030440840690166
-0.0008028215689533505
0.0003601495112167303
-0.0006721225334007042
0.00021847059870568018
-0.0012575393348475867
-0.0009046316462768037
-0.001715625794856572
0.0009170058035060815
0.00130762568502153
0.00037999640921235867
-0.0010114138574655969
0.00012114331586859085
0.0008682197171650608
0.0022596946450632797
-0.0018819684100136551
0.0005765312814566619
0.0008584220195821181
0.00048826302157169957
-6.336053449447841e-05
-0.0003809321850440314
0.0017360552151986736
-0.0009056773216364556
0.0002534498635278808
0.001165083896220586
0.0016498199637946535
-0.0022199348371026366
-0.0012155111011399754
-0.0009391000679049597
-8.039495439730907e-05
0.000652578291963868
0.000564676095491861
-0.00018583698670059884
-0.002078913946741238
-0.0012091796754277447
-0.0005292442451188068
-0.0017892533446468972
0.001504335396762099
-0.0005119352875372521
0.0007890931227801134
0.001339137171208214
-0.000270359886925379
0.0009489135542751176
-0.00010004796719537984
-0.002672390187667452
-0.0024885402753101293
0.0009499012035881943
-0.0005713970729516166
-0.0013706360228981096
-0.0009721050513232661
-0.0011557424446631435
0.0009208407508389998
-0.0011863866805735582
-0.0002649861354062198
0.00034123363230792155
-0.00014948942549963348
-0.0011151212893663112
-0.0009765734764184374
-0.0023795852447854875
2.9466062671015132e-05
0.0005421229952071289
0.00015317665232917195
-0.0008320128398134278
3.596861747984477e-05
-0.0006284066579311751
1.0471186780801294e-06
0.0002452453266888679
-0.0019482444182615456
-0.0016064276780282836
-0.000639833346473321
-0.00027792758646441243
0.0001903895160372681
-0.0006112804383999105
-3.382267721942872e-05
0.0008614338794783695
-0.00046333256885648216
5.873766149963538e-05
0.0004429493437182919
0.0004814309006189112
0.0009450168510806718
0.0003450937966291878
5.2665637171173636e-05
0.0010909214414573333
0.00038536870805214976
6.424908472532262e-05
0.0002046687731557611
0.0011274566874458754
0.0015521183806098992
0.0015846354523660884
-0.0001675025858732862
0.0008699534133700722
0.00028281230924915766
2.4585016309186057e-05
-0.00016109334092470932
0.0006012619605957079
-0.0007600766768548375
-0.0006626302500404429
0.0022143555179315066
-6.457448282360905e-05
-0.002270861116086278
4.24046187715159e-05
-0.0007261464926946177
-0.0008386668712899044
0.0008520378501676683
-0.0008927086864054935
-0.0006050120492646216
-0.0001318607335358211
-0.00047288490716061374
0.00037063822722637336
0.00042114244634117935
-0.0007679784038929863
0.0028625044202710277
0.0004291638332484957
-0.00013611893893802703
-0.0004940220999336624
-0.0013494037576342805
0.00013599351342258423
0.000805847676895263
0.001136183459397473
-0.0011879342791905514
0.000931734049493861
-0.001150923421123012
0.0015236041013264314
9.33594975102352e-06
0.0006561060943401189
-0.0006418695314335894
-0.0005045846501923811
-0.0018451784646073568
-0.00015596157319836348
0.00019637729120299655
3.231117924489376e-05
0.0017728956237045932
0.0018353539836386003
-0.0008201204236526156
-0.00044016355678870334
-0.00044407775384843867
-0.0022240893433868457
0.0015526465228229802
0.0019563221219769445
0.0007906509310634641
7.343280858671443e-05
0.0015182040157466286
0.00038324602799670213
-0.001152602981965904
0.0013557553807902537
-0.002097047365390881
0.002934637450753649
-0.0017342954484261732
0.0009104381332979974
-0.0010591838358459838
-0.0012391393415597282
-0.001198308088608865
-0.0029532571335397872
0.0015327578833511644
-0.0008694142190059412
-0.0012347372751354611
0.0007771496298579905
-0.0008930200001012366
-0.0004554292435243262
-0.0012973477260922086
0.0018306687903521567
-0.0008377195329625429
-0.00019305559733308862
-0.000278951755928787
0.0021915841094073507
0.0032588692347264286
0.0005526181224212771
0.0011355884051778625
-0.0009951093753152816
-0.0003502217582662482
-0.0006037489351929569
-0.0010742217979289024
0.0014241127942776495
-0.00030254208453734104
-0.001989344706044609
0.00018615252252745113
0.0010266657648960135
-0.001515210461690626
0.0005777300359383864
-8.929723705931343e-05
-0.00040995893563188103
0.0010864418234502941
-1.135935945368744e-05
-0.0011675688488545712
0.002096662000410911
-0.0015074840512100335
-0.00039854744856457564
-0.0016008110267308954
0.0013107517733609393
0.0029025868229014666
-0.0021269037255643897
0.0013682593909133832
8.027388761337417e-05
-0.0003075143050780611
-0.0006777547751720382
-0.0007198620519723603
0.0005550126289495632
0.0012485352599259435
-0.000550220175227108
-0.0003472791970697897
0.0007013360576445363
0.0004626021845524085
-0.0007670757963023178
-0.001012559848829817
0.0009999571584398904
0.0017845928531503412
0.0007204159222118279
-0.0011648052050576537
-0.0011986641940607676
-0.0014287606928816005
-0.00015803000001317447
-0.0005717792683862922
0.0018999616627860367
-0.0005888867667288856
-0.001640668199572767
0.0010883781271697013
-0.0005577909791315502
0.0011841771351457087
6.628753572672493e-05
-0.0007181124865453807
1.7253344230855476e-05
-0.0007278551029644573
-0.0019254254450624744
2.4882733758125857e-05
8.467091993157165e-05
-0.0004034525636393175
0.0011180011454324814
-0.001194638560891916
0.0003362914902042606
-0.0014238202593230295
-0.0020233418514429753
0.00012412716782926096
-0.0024040874289010536
0.00035785137661652173
0.0010008417042681797
0.0013030237756807884
-0.0001113155322211563
0.0021009529545452815
-0.0006410570918940008
-0.0001015629086094093
-0.00015806467432558048
-0.0007561672739837185
-0.0005844101608646513
0.00019201015079643903
0.00033101778772949813
-0.0009122693386120724
-0.0016380357011729673
-0.0009327144263958568
-0.00190794343973811
-0.0018748205056891294
0.0004650120152878727
-0.0005919670710523855
-0.0007395993402824797
-8.706406184267556e-05
-0.00028293344051957554
0.001846528478721576
-0.0010412434106775886
-0.0004984678604570758
0.00044302422985977973
-0.0020389484532501085
0.000980153717399569
0.00043442209779798044
-0.00031450375363334534
8.981488045696925e-05
-0.0015477936827100025
0.00023203563821197148
-0.0005217578581806342
0.00010482239729262201
-2.7664771457478507e-05
0.002161487114803344
0.001778696401245158
0.0017535065963777865
0.000767055702175628
-0.000734156934234952
-0.0005311941873826023
-0.0007501486146466001
-7.142093156340824e-05
-0.0016480524357619288
0.0024097243462890845
-0.0015671365224603298
0.002219940721320833
0.000515915423759053
0.0010062449628602931
0.0029490660495518294
-0.00023733914106917298
-0.0002747710376228702
-0.0004833932145797421
-0.0010777511979057563
0.001302671979728778
0.0017357928127665484
4.747649242349676e-05
-0.0008158264303327217
-0.002245146654742908
-0.00040164390848549883
0.0011885632449792245
0.0011283894157711888
-0.002481433593102914
-0.0012509825982186342
0.0003791608661768885
-0.0017106324192825125
-0.0005102855464920842
-0.000779765564939379
-4.091792521051882e-05
9.843775844431388e-05
0.0002877251349657013
0.000489406660219405
0.0008176487767295601
0.001375885318279276
-0.00017846770790840735
0.0017496250107564147
-0.00025838666642813646
0.0003801083307036026
-0.0008083336862754801
0.002289536875763047
-0.0010536004061816324
0.0022074104499443786
-0.0010299567049543025
-0.0015522178347144886
-0.00021591438989512036
0.0022289881353192674
-0.00177401431648454
-0.0005886812566293662
-0.002660546641166076
0.0017744548312752784
-0.0003408062027259474
-0.002195687855122033
-0.00045102399992733114
0.00021119994609484761
0.0003900837169759
2.6887456248867905e-05
0.0028139188702495225
-0.001283067454525068
-0.0006224985277319962
-0.001495599887932201
0.0018974082990081494
-0.0014330276088127915
-0.0012132256662164404
-0.002468903245452126
-0.0005899563880691127
-0.000622609064497369
-0.000734689794362314
0.0005876334760980851
-0.001532426643332268
0.001376930028421897
7.789515461743653e-05
-0.00016540374848136052
0.0004959503913809448
-0.0027650087736286622
-0.002168469008039107
0.00019639438081431475
1.290104264934882e-05
0.0027304967459635446
0.0012779644914543966
-0.0010461200601707423
-0.0003855951207863026
-0.0005118622624895234
0.0007682153043481153
0.0008231025178365795
0.0008133927874434695
0.000772355589629381
-0.0010594425965253435
-0.0017671038007708837
-0.0006423543997497648
-0.0013607216068616942
-0.00036636799752205474
0.00012771838122009377
-0.00021468107967291078
-0.00013555688862289993
0.0010082807248447071
-0.0004868842679816916
-0.0004921662580095853
0.0007292206576276032
0.00113899749764711
-0.0010482253420505188
-0.0003089040920972374
-0.0002535604460578548
-0.001657419923216708
-0.00020781703028375354
-0.0009501062789240073
0.0008845936769131524
0.0001770552292747555
-0.00035839527364006835
0.0008682570305694359
-0.00016702700014360378
-0.00038775832192858707
-0.0006443623521118662
0.00016457905928367146
0.00021141426518658395
2.3015214233456884e-05
0.0011378787632629805
0.0010783684673719544
-0.0009766361323171099
0.0004342843047459204
0.0011312676125238852
0.0008071690569309548
0.00023756659876170722
0.0005825406276975548
-0.0024287658871637715
0.0015265790638601313
-0.0027457780765651474
-0.0014886721688891274
-0.0019157883354631205
0.0009597465116106521
-0.000170402768356164
0.00020146322568181759
0.0007436369145450784
0.0003954640204603819
0.000949479326777762
-0.0029155674560852256
-0.0019998097811710146
0.0018506302683462832
-0.0005092802313497636
0.00011928929274068701
-0.0006417083332553252
0.0008778011159905885
-0.000565053188173567
-0.0003555714341384645
0.00042512219703088987
-3.814798115358245e-05
0.0007658539501125639
-0.0009272175292704493
-0.00017652570580281975
0.0007032321952994617
0.0010997040233393914
0.0001227098499357945
0.001347558395803747
-0.0001043153976316265
-0.00021160418827917318
0.0011048854532848481
-0.0007783909149085611
0.0012430046765874612
0.001474922960842074
0.001958783491280144
0.0010055074628542255
-0.00121827260925553
0.0012920780807186318
-0.0009290671437418262
-0.00017393605485705612
-0.00114565800134756
6.467669805910254e-05
0.0015017401167704586
-0.0003744315024234088
-0.0004599497716173079
-0.0008052553872735717
0.0011621002044360184
-0.001828993604189042
0.0001048542758039713
-9.190581166743531e-05
-4.5978330669625375e-05
0.000984134898579751
0.0007659181238704899
0.0005455527545539767
-0.0019257649955168026
-3.0254411308793325e-05
-0.000858268772656511
-0.00035474137869465067
0.0016278978963330556
0.0003305863225418323
-0.00035708270328999617
-0.00013890691424760896
-0.0001250949060740514
-9.649958184329701e-05
-0.000705289695469173
-0.0007953643909248242
0.00031722467617558
0.0006087675575716941
0.000499992320908036
0.0006980037269719983
-8.921250390125888e-05
-0.0015060560008243178
-0.0007646117504633839
-4.272579473869317e-05
-0.0012073805164285554
0.0006328350466282344
-0.0010220591036642396
0.0005303655125042411
0.002054283290297274
-0.0017331440339567788
-0.0016008883120469002
0.00024017768695584803
-0.0015832552072661426
-0.001925433629298553
0.00023818101556779956
0.00010572755591307416
-0.0008159567907975989
0.00025669286516701625
0.0004718273898638485
-0.00033389514893153156
-0.0013292135259773393
0.0007497122339247855
0.00012962878217554825
-0.0014880800283490901
-0.0006246628195972612
-0.00024907911881232286
0.00028924118305098293
-0.000709931221699188
-0.0008461583609810457
-0.0004838172159770879
0.0009226472515895747
0.0003527615826563817
0.0015707384135645723
-1.0224862284956955e-06
-0.0002426575215819962
-0.0005404929592895447
-0.0018541196742226098
0.00228044088264105
-0.00023453087678664794
0.0006965908517118076
-0.0016267254648175277
-0.0014692348370263632
3.166792727339253e-05
0.0003879230862786843
0.0007172669286898076
-0.0002454494062979163
-0.0003734435480129948
-0.001566340702404798
6.725226876274085e-05
0.001663708639462108
-0.0011543995857748919
-0.0009641269695159915
0.0020308228187429895
-0.0006865558688350487
0.00019135492028742653
-0.00010646817207240236
-0.001614944233753931
0.0004863122825878103
0.000786794432070667
-0.0001283762854912283
0.000711814339325237
0.0008477492071456292
0.0004661552947528039
-0.000690287403425425
-0.001299199563613731
-0.0013419382698637262
-0.0009811866209686326
0.0007854036534851438
0.000624852922281237
-0.0024117429923128644
-0.0013962576625369662
0.0005039861560002904
-0.00042207795521268155
-0.001293317130931205
0.0015241893085294748
-0.0003912185604994501
0.0002674556008833124
0.0018947672128117026
0.0003024395066520582
-0.0003982815562349519
-0.00046858190930884586
-0.0008261428204321194
0.0004617869228624478
0.00038587522718483875
0.00028327851323571183
0.0002929183340409513
-0.0006991587838875599
-0.0019631228712960057
-0.0006279095357964812
0.0008638731098093167
0.001213017334659952
-0.001221343383447651
-0.00045663964440350593
0.0017815942996584227
-0.0013367502616036318
-0.0006290917692573797
-0.0007834854718541815
-0.0003939515427073522
0.00046172584237548237
-0.0008281797112766817
0.0002894563564152644
0.00039105216041158194
-0.001525403321345089
-0.0014438265706774968
0.0001519021886365525
0.0027481886998602864
-0.00030234102123151516
-0.0013050169308220219
0.0005870821922519566
0.0022085732258225787
-0.0018790253911711902
-0.0030639768082339116
-0.0006357541909106373
0.0003913816731635065
0.00013709007901812966
0.0023061909953017087
0.0005237733124702225
0.00046326562634021817
0.0004907721767453838
0.0002771226287436222
0.0008714978618570566
0.0013551405715180405
-0.0017557749756667539
0.0009792124768585409
-0.0019613211342243146
-0.0006275443876755377
0.0005994928536842619
0.0013022182882000764
-2.707681491138257e-05
-0.0006958429173767978
0.0006646402007901052
-0.0005330279215375632
-5.918346972917842e-05
-0.001164303369169096
0.0012446894393399579
6.29682022007643e-05
0.0005988929830871372
-0.0024142354052701545
0.000588521164428951
-0.0006261008009013131
0.0007076329463381627
-0.0007761690088781245
0.0020290833180611314
4.713919206203288e-05
0.0007730695555362787
-0.00042190508290084025
8.878200739763977e-05
0.00018549387076784068
0.00032100866531910744
-0.00042982446398038204
-0.0008761798322061722
0.0003317171928659643
-0.0012173531797071162
-0.0012940848813382845
-0.0017344998976190412
-0.0019126337586598237
-0.0001903866481222955
-0.00043183293500795756
-0.0011610134893240548
0.0007678431618707099
-0.0009376273325471528
0.0006806748541617393
0.00077089161056516
-0.0005495091001174835
0.00017624127534292768
0.0008203554019945182
0.0015888382791345251
0.0006741986181586863
-0.000948392730237719
0.0010667078031487013
-0.00047358354955373625
-0.000840437946079177
-0.0007841364275334537
-0.0008168982830439312
-0.0015567828917638763
0.0013146109606773215
-0.0016396790587497512
-0.0005661088097064221
0.00086257381466044
0.0016191663308862448
-0.0008111952857330177
-0.0002522706505306232
0.001467762627961463
0.0007329736218389228
-0.0008869715029379138
0.001224804015178038
0.0018227540314972785
0.0003403886160001227
0.0001421041970507214
-0.0005816940283506155
-0.00064300472651248
-0.0006390888937149735
0.0005698395434162868
-0.0018750026827763604
-0.0006516830483134809
-0.0011460842264884542
-0.0010683181491935685
-0.0004934589783108378
-5.5661067575801225e-05
0.0013023490300366246
-0.0002687739223181957
0.0014329882817659895
-0.0001702568978520941
0.0032335831716490794
-0.0019738348922073773
-0.001526620671509532
0.0004109626032485795
-0.001173949818907395
-0.0014028276632726665
-0.0002843799527612247
0.000559573167091341
0.00014427729513459225
-0.0018310089780438784
0.0007910363452750514
-0.0019591990338538082
-0.00030442853535180177
0.0006169208415250235
-0.000942561293881751
0.0015294946884287053
-0.0005010335612618467
-0.0012571447372061416
-0.0007869128708570816
-0.0011705891065550372
0.000282678901277921
-0.0010909610049545724
0.0008822599381470625
-0.0009708150886859017
-0.0005349089610347013
0.0007476326065706728
0.00026132593604036514
0.0014684335557284898
-0.0015575282480263845
-0.0020310038863853574
-0.0007217324477328391
-0.0007922163626198351
0.00023616973001728585
-0.0006156098264779693
-0.0004489532703210256
-0.0006619835886061954
0.0007827567773733156
0.0010454055256733515
-9.676677083660492e-05
0.0005932701078040635
-0.0006604387850968547
0.00041663802392060204
0.002524714914967638
-0.0010448827379185442
-0.00017465083689933146
-0.002089421224456852
-0.0012725679526311418
0.0012465376850337342
-0.0004475836578632912
0.000882429984148113
-0.0006410940655308861
0.0013071575436668832
-0.0008188917703252205
0.0008194260491552026
-0.00011547592688397782
-0.0007736220791870432
0.00044006367208082695
0.0010016801464217595
0.002296955893048683
-0.0016644801772365905
0.0016807159278907986
0.001335702385382731
-0.0010379617608332267
-0.0007076252384699727
-0.001100186553500517
-0.00038848133050452683
-0.00046109143406635025
-0.00047232277294371886
0.0012945259265823477
0.0024578477882557914
-0.0024784130344655286
-0.0011997362721279646
0.0021185690993810896
-0.00043495768091908064
8.877602020909242e-06
0.0004558012944725308
-0.00039686574441288744
0.0007667489684069626
-5.423865802381362e-05
0.0006984851705705603
0.0002431203355210892
0.00016300688507614336
0.0008249529290280496
-6.369270922067229e-05
-0.0005562665332420535
0.00037934635010321635
-0.0017077620441161038
0.0016878938884634866
0.0022031921131367496
-0.0006851769203987875
0.001007168687347135
-0.00010403709962821813
-0.0006706463656978508
-0.00011100194901726408
-0.001679169462294372
0.0012124517299608424
0.0007259531296295486
0.0008653256934879817
-0.00046095944895815195
-0.0005343516355678868
0.0016178382081993936
-0.0002422390999989115
0.002583799993232386
0.00010370445962858394
0.0001767459098061549
-0.0006866905159175174
0.0008440628838202516
0.0017274120822151342
0.0012648526892978164
0.0008574238208351941
-0.0030128507133765138
1.2512379151118484e-05
0.0018440954071964283
-0.0012057476313178813
-6.578244292408906e-05
0.00022076185266752487
0.0006268084776426402
0.0010380967435227662
-3.650151921139038e-05
0.0006119371638858777
-0.0010556270610105228
0.0010475574687238826
0.0011457002344465019
0.0017073496974370505
0.0008303162011470693
0.00014702707641793804
-0.0013375280920107002
-0.0002571108714016805
-0.0013874205833364019
-0.0012626129205116734
-0.0004930857943420666
0.0004849585927440784
0.0001212776086221062
-0.001004141179424485
0.0010892169354400857
-0.00012232326456647412
0.0007300978124728921
-0.001990469413402524
0.0002290554508863669
0.0005866635335250316
0.0006093692053608096
7.69894998671112e-06
-0.0013310216583052661
0.0006225722087390002
0.0011195118730362393
-0.001977468239540518
-0.001664654029326927
0.0013901892577723718
0.0004307917029749837
-1.1274153394759035e-05
-0.0020795847379078652
0.0001811237098976415
-0.00013955775204836445
0.00044511775439761396
0.0012645258308927284
-0.0016102767749436322
0.0001896404410542582
-0.00035813528494392494
-0.0012193445652837916
-0.0007848163716202062
-0.00106652109120559
-0.001680669976764757
-0.00035018001332304575
0.002095943854670489
-0.0006902602234130727
7.43840216502613e-05
0.0003272202030325709
0.0028824318833790387
-0.0018700764175221005
-0.0015434119170465305
0.0014547455086031552
0.00045815446793901935
0.00014736225981992204
-0.000699136980522378
0.001051326046291448
-0.001410222066830601
0.0018359194926480904
0.0009823982463975807
-0.0011368671062564578
0.0007617671830647122
0.0008798838588045577
-0.00013681924757865383
0.0008377079122209992
-0.0032097926880926817
0.0002574042453739791
0.0021946206856549547
-0.0011383182975818196
-0.0008098686386078355
-0.0017498234155549853
0.0004595647387773932
-0.0015137568219591316
0.0009732655500658838
-0.0001156734052960877
0.00041466382641847544
-0.0010821630655819903
0.001026288820602557
-0.0027777706859981894
-0.0015535690040381714
0.0004420565373795896
1.6148514311181362e-06
-0.0025386555792214016
-0.0007459370357449962
0.0012604044311366538
0.002083706095366355
-1.4800632064607065e-05
0.00025192465142802556
0.00025100901618104555
0.0016725439685134004
-0.0007281922771265681
-7.070735118859998e-05
-0.00023796587201984896
0.0002597689633076768
-0.0017483923980976626
0.0005293973089860113
0.0004988186495878726
0.0008543248327667885
-0.00035881093478565187
-0.0006360175017007442
0.0003996979442749421
0.0008252025104379694
0.0004536248368509321
-0.00039957407822293554
-0.0005263655948805221
0.0010701827515716496
0.0011708720732411116
0.0008220230945509819
0.0015459684912804911
0.00024920885798807566
0.0010785141055860061
-0.0018228647859912057
-0.00046732901599798706
-0.0022053007060160407
-0.0006017536173276425
-0.00027689651347937377
0.0009419557713564494
-0.00034834879968813527
0.000606447772848375
-0.0005233481745852947
-0.0003468014909136122
0.0009541670024470887
0.0022508470053344194
-0.00017258091164055206
-0.0013099009366280235
-0.0008671549919436966
-0.002212320843203059
0.00035612460958808604
-0.002671512182710037
-0.0019034987935133809
-0.0002774084328349362
0.00024159704553445994
-0.00035969408826063846
-0.0006504723194546633
0.0016032068493381502
-0.002007254560459787
-1.0717010986347344e-05
0.00039624220935682196
-0.00015319658281274392
0.0008304689481290839
-0.00032942668985961167
-0.001215057978201766
-0.00152169937864847
-0.00018075190649432277
-0.0010038433662859262
0.0003492591414963096
-0.0014315866451822667
3.647604358370919e-05
-0.00193990346546891
0.00029860423896693506
-0.000555156753464779
-0.0011391194339584567
-0.0006809407048871807
-0.0007248026762167683
-8.762970467895211e-05
0.00020220729360147778
-0.0005682773500521131
0.001279382450745675
0.0006588200495686095
-0.0022189506041863376
-0.001603633104988778
0.00011590874212736226
-0.00012307995172805428
0.0010527177824665689
-0.0012941570216037338
0.0012840871127092661
-2.975164903377389e-05
-0.0011848421939494066
-0.0002349180910725259
-0.0015650172740565263
0.002367900626954227
0.0016164285822258474
-0.0005674793450836023
-0.0023189808892575023
-0.0008171558233339412
-0.00021151095816026843
-0.0009620518347201744
-9.429141732760222e-06
-0.0014570582150682445
0.0002420202266360095
0.00042087367084171556
-0.0010847372522531614
-0.0004464745298848738
-0.0008985632754889583
0.0016732560844209881
0.0014674353077499505
0.00010242224230317458
-0.0011897900032361121
-0.0019665742433221996
-0.0006108399998835084
0.0016118217115863556
0.0009431901799290747
-0.0007773735255391087
-0.00017759579310988957
-0.001077088423865074
0.0019776480791661027
0.000573975420041026
0.000192923047794816
0.00026458944022057974
0.00027012913418160135
-0.0026254985235022376
0.001763257164049521
-0.0003046971090709807
0.002187719772879995
0.002443273627517894
-0.0007971176750723063
-0.0004719426327556525
0.0012943092845904278
2.300651895933765e-05
-0.0022246898435939306
-0.0006072495873731864
-9.23053747680479e-05
9.942872985135459e-05
-0.00043718865180745586
-0.0006392075308146578
0.0010878881255908229
-0.001163214423379553
0.002184555608392867
-0.0005237416967586252
-0.0012904929897992786
-0.00031941592755103146
-0.0002710640515803108
-0.0009051294659749555
-0.0016770760216583054
0.0004755729707196
-0.0007764090899729969
0.0005888129747773947
-0.0027640191481169214
0.0010327337501517685
0.000951208015919424
0.0010696331069303066
-9.050739039360788e-05
0.0008641594741702861
0.0005895605319011507
-0.00031081892875193645
0.002180048969856175
0.000299647393113135
-0.0025304403868578766
-0.0006136006044949018
0.001275042990295062
-0.001406131913202304
-8.937342749191894e-05
0.001259890555691116
-0.00016223626606068836
5.5681948021537437e-05
0.000650497234119285
-0.0004537836400150969
0.0009354613050940783
-0.002497682230652616
0.0006376725819493184
-0.0009473600749069433
0.0008197295828688398
0.0003298171035071145
-0.00043424520652212177
0.0007707579550490385
0.00027705418431637466
-0.0004659924795586521
0.0013582746957052766
0.0007033473355676166
0.0019006513429448706
-0.0012087327418050682
0.0009802567411430069
-0.0007141601793611775
-0.0003762735393863672
-0.0005364830802377572
0.001854929459415363
-0.0002920691836642286
-0.00011223753984207201
-0.001979755172908022
0.0006593984988656273
0.0011690954720296124
0.0003732136190320274
0.00042656663877106276
-0.0012673749178924126
0.0018819469082787955
-0.0006243285362324238
0.0021465664744345424
0.0018628647325991715
-0.0010849984571782365
0.0007370763420105097
-0.00011244164996085413
0.0008359802680377187
0.0009184293148754992
-5.4455243156683935e-05
-0.00016615270558585358
-0.0002371638855310846
-0.0006920110397391357
-0.00022825668317451284
0.001733173124987909
0.00046408035064282274
0.0021323805354971394
-0.0026902605819024436
0.0008582879521845904
-0.00015924728499773318
-0.00021184982977302035
-0.0012011643107258288
-0.001854347394714896
-8.329583097663003e-05
0.0017896232640741577
-0.0010654001864699454
-0.0016771294781788488
-0.0007451264989033489
0.0012331097139733262
0.0017035016919380878
3.9549617043902075e-05
-0.0008007266562226299
0.00026153579308354054
0.0006643255726278314
0.0015881767552995236
-0.0019492041629560935
-0.0033049130299237384
0.001136050520860094
-0.00013642520673984993
-0.00031615487940438375
-0.002803620664644842
-0.0006527091059143325
0.0021221622841167643
-0.0007328287955998305
0.0003218142595838875
0.00030505915629353047
0.0007369218025816366
0.000957467751384778
-0.0017109693764094716
0.0009401613947580254
0.0025402679687250274
0.000162678695337218
0.00154613288188635
0.00219314398403176
-0.0019287580842993653
0.0011374408036624436
-0.0011901565818475263
0.0006653359371310877
9.815059320283378e-05
0.001301588056257453
-0.0006691069478499199
-0.0008183874555207954
0.0008471388945921292
0.0038449493288794665
0.0013410746994773892
0.0002496962433572855
0.00012124723202174031
0.0010173636216634918
0.001032205146132264
-0.00034979361863956106
-0.0015808899595725228
0.0010437406247575257
-0.000328623620275299
-0.0032182488650552396
-0.0007948429261830166
-0.0017657926102928603
-0.00035058265027933385
0.0018053604898393225
-0.0005049931297626818
-0.0018882248996593797
0.002423530828733818
0.0003370412100520978
1.5936879729312026e-05
0.0005328473267960678
-0.000564154516338552
0.001978214770427775
-0.00023790561182867895
0.0012846069028827332
-6.265349845755951e-05
-0.00024408284481355674
0.000711081495520582
0.0011754102512150676
-0.0010020504811974404
0.0008522531226885843
0.0007211188664774089
-0.00045097990226761463
0.0026168614467008476
0.0012689509210715275
-0.00021465474214525128
-0.0006278207261219559
0.000262972454841607
0.0006007062375833184
0.0012376237857906042
-0.0002041519417330652
-0.0013978737631336604
-0.001010666021593819
-0.0008160814195929488
0.0010787073271968553
-0.00038571992501262186
-0.0009164570630623022
0.00014207711619500354
0.00041372122472727935
0.00029898687263233206
-0.0016953495139626058
0.0008736694191993732
0.0011808998481932726
-0.0009553644866144433
0.00010109010342591716
0.0010630643459992415
-0.0006148867915527145
0.001592714582411541
-0.0007387832548297081
0.0007184741413018099
-0.0004867818884096781
0.0009785411295826748
0.0012833398378005478
0.0017648880542396497
0.0009602664203560387
-0.0005363051017059309
0.0034322179338711232
-0.0004969096597076045
-0.0014214738583240296
-0.0009177078283192319
0.0010595654973603185
0.00039693817868122607
-0.00024510220206083554
-0.000948708044175598
-0.0013639086799984497
-2.9666362540093544e-05
0.0016356116418071273
0.0016122562651911603
0.0003306872452740595
0.0009311044312129278
0.0008196863887132847
-0.0012653435264273578
-0.0005288092220801441
-0.001445068145570538
-0.0001431221966148478
-0.0003903502458495152
0.0020690803163193727
-0.00363323181392779
0.0012232224245572292
-0.0002842068100221976
5.6246915483252896e-05
-0.0009536607960391708
0.0020729129532333626
-4.447745770986867e-05
-0.0007851588773582899
-0.0011236084760062092
0.0007866102295531566
-0.0015210316121059015
-0.0020893273231238053
0.0009814773863586956
-0.0012064074348199407
-3.8321810361618535e-05
0.0002579159012363862
0.003668856313854186
4.8464896852484404e-05
9.036877704575215e-05
0.0012441583640320198
-0.001074842907461135
0.00047504924825749563
0.0013992775770029276
0.0004890070742364921
-0.0011755832906370411
0.0010407360795699403
0.0007277438526873563
0.0012850617995459185
-0.0005231706003074411
-1.0495266241458105e-05
-0.00033095084521323425
0.0020037753795046844
-0.0017534333002094697
-0.0002570449890986638
0.0014129629586869775
-0.0010492441840993388
0.001327226808389927
0.0003717027998990681
-0.0012502233523998365
0.0007926661142324649
-0.0011453086954058653
0.0012823626110285617
-0.00013258609066785638
0.0004627117602611683
0.00030548525939548966
-0.0008144724811562521
-0.00038755590926044605
-0.0007637260910298123
0.0005098455503668208
6.2413363623952716e-06
-0.0006124116207554109
-0.001102457919276376
-0.00012166328979386296
0.0016934896288054043
-0.0010509305028482568
0.0012856449355540813
0.00041886003257468824
0.000340763523075448
-0.00021916387901309566
-0.0007515885444131927
0.0009910513789463556
-0.0005804336518341515
-7.099551146344258e-05
0.0016419063532152097
0.000491233323743569
0.00032495046190003375
0.00028232135424109873
-0.0009820393028470362
0.0013569863535508166
0.0008985917986229985
-0.00030963888505783707
-0.0006354515114695449
-0.00026655393146695597
0.0016977605110019831
0.0007511515881668548
-5.5136022100696404e-05
-0.000532978438216437
-0.0003667657834306762
-0.0002829695522564828
-0.0016558313042626886
0.0012758768670830278
0.0010166781705697977
-0.0004969875697797484
0.0006908100351645486
-0.0005515204314325974
0.002110891892780197
-0.0005571824430766376
0.0007595332943363466
-0.00023750080868129505
0.0010453084936255807
-0.0011692470943118968
0.0016158308278948002
0.0006545530150654985
-0.0006884933700615057
0.0011801787582635436
0.00020494127847017516
-0.0016373153816140165
0.0015064098755986405
0.0011427063829205957
-0.001905864197916088
0.00040057396609966407
-0.0007913414044753756
-0.002100673313420185
0.0002353182907171294
-0.0010656792056125152
-5.5683893017063856e-05
0.0003766954543339664
-4.257909665809847e-06
-0.0004787282305248916
0.0005901406134689242
0.0010372443091892474
0.002089473224831013
-0.0003786948910133369
-0.00018811960710119662
-0.00011234795872892848
0.00018889309749863854
0.0004583639935355418
-0.0019242466210643218
0.0026341577233276107
1.0142860094773212e-05
0.0003203223523254349
0.0008236454725253955
0.00041865016721067614
0.0017739045272076445
-0.00033638433132405956
0.0018945685715626953
-9.52513828710173e-05
0.00025082990462865236
-0.0005611046218987638
-2.3017460165901955e-05
-0.000254783505009525
0.0012180194623671802
0.0002959468293695291
0.001887565302098023
0.0007162283503102664
0.0012328919965132919
0.0009284848197086224
0.0010511560613098649
0.0006161644324180622
-0.0012715374295147143
-0.00035375772546329193
0.0002631462459124757
0.0005155187819654466
0.0005535289863619412
-0.0004278570632148511
0.0020122396339192516
-7.917629231431378e-05
-0.001546785469836379
0.000693859281272494
-0.0012515043985675128
-0.0011762753886922744
0.0008195203242324883
-0.0011583326031799322
0.0012467838639149385
0.000981314777105246
0.00017691930841090263
0.0001800039298617278
-0.0016455508476956174
-0.0012329136279145207
-0.0013221988271503624
0.000560328618608705
0.000587071910471683
0.001822222971444207
-0.0007717037339129631
-0.0028706324803019797
9.90427969742943e-05
-0.002409603394610054
-0.0003434007920881605
-0.00014987135397413897
-0.0005492580965379288
-0.0015227285329872978
-0.00014133486776492026
-0.001132087737049363
0.0018095847871394818
0.0021548283196479844
-0.001843884173054816
-0.0008881807902118117
-0.0008322440959678126
0.0010796981079180595
-0.00025696450095401816
0.0017222811840162003
-0.0013062131072312437
-0.0003265466202253045
0.000571902821713528
0.001508875989165439
0.0010021276285262402
0.0008185817033681429
-9.517856792440979e-05
-0.0005955982140572626
-0.0015915977888625186
-0.001441337125485218
-0.0024825443498850725
0.0031343242114776648
-0.001557529010769728
-0.000669420092129688
2.0876832759576793e-05
-0.0018691539557221947
0.0005263421405227024
0.00010323630648608494
0.0011136029190742486
-0.0011120917913769366
0.0017630630645904238
0.0012874347814570435
-0.0002441224658632488
0.0007563793811197586
0.0005074990086070038
0.0003523054815521166
-7.140146288626112e-05
-5.880969498101708e-05
0.0004084765286884763
5.433809687353597e-05
6.749685732409172e-07
-8.880043180980913e-05
0.0003778454466337254
-0.0033561055833020775
-0.0008793803871782291
0.0004361483503213614
7.752150537522579e-05
0.00011546230428785892
-0.0015995335231593494
0.0024199636535461636
-0.0007102574276120167
-0.0005349997843516549
0.0021957088839560193
-0.001040672371778857
0.00029558078537185873
-0.002265168998962461
-0.0018376103802296368
-0.0003504125772355641
0.0005188474549369498
-8.222688847797878e-05
0.001010981621907154
-0.0012142377198495014
0.002117511032909116
-0.00018798048271529983
7.397932528694539e-05
0.002706353528280824
-0.0006828595799211833
0.0001232817125973376
-0.0006047965285054177
4.366620804989584e-05
0.00028045116858174175
-7.295832502116805e-06
-0.0006741067609778012
6.150046697227669e-05
-0.001049942350124573
0.0009461457798762926
0.0013033530180055273
-0.00024619926343955495
0.0003096281490985724
0.0020129208510939853
-0.003360502035935335
7.310139660386458e-05
-0.001423492687406213
0.0014450612503707104
-0.00013196632772432634
0.0003878498282475339
0.0010796194122202714
-9.322179564067229e-05
-0.000904792730043566
0.0002041638481566607
0.0009651185129805395
-0.0005770767844016489
-0.0010697758737623709
0.0009195120866043758
0.0009306035681688343
0.0003164260533849615
0.0007715695368490671
0.0008176603288242026
-0.0003233801182765299
0.0005605643326512327
0.001585064838731441
0.0008517349529980218
-0.0010873877049378687
-0.0008892319802058395
0.001908695802144931
0.0002072075414930645
-0.0017421046699515944
0.0012333684635582381
0.0008802943943148719
-0.001177708011377634
0.0012997539178485197
0.0003899219502071435
-0.0005182370924584305
0.0015968885927364503
0.0016532067883186826
-0.0017108047458861608
-0.0004585120232966782
-0.0017571924731516074
0.0009718114145512151
-0.0005888110415697197
-0.00023229513459195695
0.0006615708681829035
-0.0008448909526643564
7.157952878687015e-05
-0.00028863908871031024
-9.006401531533186e-05
-0.0014542533526210322
-0.0007977449933353569
0.0016982480565472947
0.0016830097488306967
0.0009468055757509197
-0.001059321835532149
-0.0008695265059205875
-0.0010968324506659339
-0.0007410208920949071
-0.002086497423279634
0.0014399138498728337
-0.0006031665536073008
0.0005822196958082466
-0.0028332708968967233
-0.0006374457344514599
0.0013097217876318664
-0.0005208656849189067
-0.002626905312070545
0.0025232177378460836
-0.0005644421503204875
-0.00012252782123681316
0.00039021414608767776
0.0009016882807328187
0.00084518286563645
0.0010717146529306298
0.000840540565568642
0.0008546223865726107
0.0011876185720931481
0.000410668035236246
-0.0019310004540403108
-0.0007423589422330782
0.0014831150989413331
0.0011988180054164485
0.0014331485986289895
-0.0016294272542896858
0.00039932199917526624
0.00044233213943197945
2.7290619498063557e-05
-0.0006996820521706741
0.0007777769599088924
-0.00010688461884363
-0.0022055604811440483
0.00012907222014548066
-0.000850480297750039
-4.1125604968149927e-05
-0.0003762150175566183
0.00043680854628954134
0.00025280865917555657
-0.001474634495469894
-0.00038428164277165127
0.001473607098907772
-0.0017392836865771115
-0.001554404139352654
0.0019858290964674097
2.1042470104101005e-05
0.0001361092520975614
0.00017087100540043104
-0.0010184716166213427
-0.0006767468174707338
-0.00020026363634283387
0.0006224699747816247
-0.000862130020073325
0.00046734910665766104
-0.00029651128232618967
8.71262212647713e-05
-0.001776666649678292
0.00018712904757556086
0.000596771282810185
0.0024736338635717036
0.0008672275177412369
7.53242782523777e-05
0.0010679468568282895
0.00023986751737511974
0.0011545641587457503
0.0004794253508983415
-0.0013115167244999468
-0.0001820264048570941
-0.0018099691529256715
0.0017790208570087126
0.0006934364850096315
0.0003614166796159685
0.0011388423216742464
-0.0005884943082358182
-0.001707068409479735
0.0012560363144186156
0.0013859909734872495
-0.0008417409370662549
-0.0008619334229764784
0.0010967165136776874
-0.00021006045330391625
0.0007984954218411001
-0.0014389538000809479
-0.0009431293774967278
-0.002022990649737371
0.0020245661460388626
-0.0007305736956724784
-0.00033540293997341643
0.001555246348764949
0.0006349404775896648
0.0001540882797065824
0.0014496537585530396
-0.0008201245313722232
1.7939404825822115e-05
0.0010117617863088539
-0.0016783407603732923
0.0017597105371675468
-0.0011858964848418289
0.0011570254899117836
-0.001104178176637074
-0.00026771807958977164
-0.0016577839882421037
0.0008061774829566733
-0.0008588430920450236
0.002503338025938405
-0.0005496672362279233
0.0013922466241152957
0.0019791183813726424
0.0017949393521965312
-0.0015722139599783022
0.0021709740749084683
-0.0008586746207622761
-0.000381306794649452
0.0003312736687060345
-0.0013746977955399898
-0.0014949408055693022
0.0013104104491816356
-0.0019822171787552125
0.0006850190359936505
0.0009462055061471218
0.001468844987115532
0.001650248495887461
0.00042597648483073383
0.0010788892643666351
0.00018033679105693154
0.0019358951042763755
-0.0014922334251884345
0.0003326305551377804
0.0013053810721217513
0.0012743163170840575
-0.0009042727145141112
0.00023723910381262794
0.0018807694343363618
-0.0008979838616683129
-0.0005939544674813735
0.0012460987449612998
-0.0008410757139260363
0.0006125218371685801
0.0009915177965010462
-0.00053391716586485
0.00037563823104009024
-0.0013963605642414684
0.0007593066416847415
-0.0016672485847123908
0.0010404093889683876
-0.0002591011357456407
7.24546471074314e-05
-4.377786570127989e-06
-0.0017369061011632044
0.0004911843819702175
-0.0005003473515852271
0.0007092505190295104
-0.0009807460909230284
-0.0014281073532826777
0.0005262036415863481
0.00015533926269206664
-0.0009782477056853572
0.000847460348613925
-0.001774210394915913
0.0009676526438383131
-0.0007775380263960505
0.00020463584552561228
0.0013218720942512242
-0.0011932234466333102
0.0010080512424152975
-0.0020702799361680896
-0.0005635695455859454
0.0013213521016040698
0.0005607654188393583
-0.0022725136647203537
-0.0005193874578090249
-0.0008370879051996005
0.00025392195936006377
0.0012392448858232156
9.724313109748326e-05
-0.0015993468916509902
0.00016540429418955292
0.0006580192259167429
-0.0007512441318167496
0.001003916242945404
0.00046358248171305506
0.0010518508941466864
0.0005410376454057507
0.0006557849294673897
0.0014599404314783622
-0.0006207850019280071
0.0011293211525301547
0.00032471931599673155
-0.00043170848580399425
9.524063235028879e-05
-7.751511358600557e-05
-0.0013673844785335244
0.0004966323602045735
-4.750573184287742e-05
-0.0005979079187805925
-0.0002657661396318177
0.000562964186703761
-0.000918429891093425
0.0001596524847716554
0.0005168198272635953
-0.0002015270485778061
-0.0017173374859161166
-0.0010224742308894829
-0.0003882961516755356
-0.0003095321654761977
-0.0011159250190703172
-0.0009055052543655442
0.00022007027743818362
0.00015843535580278167
0.0007204803816518064
0.0008953877766357425
-0.0011591324955915164
-0.0021577125309786473
0.0007978861389911134
0.001899314913289603
-0.0009318773953174632
0.0008283399442379142
-0.000746435549539591
-0.0002058379096200449
-1.6059608600333493e-05
0.00040493994366932383
-0.0012370863984347952
0.00037602395034901385
-0.0011422743997608592
0.0020729953634912343
-0.0023114818712895568
0.0015752388357430124
-0.0005720856360381532
0.0010594679043494887
-0.0009094236846508373
0.00013785554535559699
-0.0011811353035964668
0.0024835024470539974
0.0017924549522047686
-0.0002614812305851485
0.0005610438007445347
-0.000524138517450216
-0.0006419672769930883
-7.993508118050787e-05
0.0005705573119454548
-0.0011325322146384733
-0.000767100127814982
0.0001550059514782901
-0.0009238413068788975
0.0018636201612342352
0.001686204427211992
0.001456299785384825
9.189080053173118e-06
-0.0007017715570510875
0.0013021960542316062
-0.0014649188877926184
-0.0011180256939802976
-0.0006535282125241487
0.0002587127731843295
-0.0016098034469342467
-0.0017143755593595645
-0.0011217854889049622
0.00015226135684968134
-0.0006087477109898904
0.0001837569856022493
0.0005653615840293193
-0.00025484063448597043
-0.0013564065541980805
0.0007445757448171413
-0.0012120226063952423
0.0015420238690821778
-0.000398649404467332
-0.00237057725005646
-0.0006497165475850955
0.00010875555199146404
0.0007820342957836867
0.0007135665362167529
-6.09207015962899e-05
0.001300489976963071
0.002798049335556938
0.00016528660289161557
-0.00046605720249178536
-0.00024369935271519657
0.0003930985397833409
0.0009561225272987574
7.918716140696158e-05
-0.001173339444641024
0.0017039572937921639
0.0003319197698706258
0.0007599260842760672
-8.687975254109699e-05
-0.00038350926944650556
-0.0019248629676110747
0.0004368998660830712
0.00020576744392293607
0.001144716673437747
-0.0005226846371078657
-0.0007184316641249979
-0.0006024688646433581
-0.0004382802977084346
0.001105926674223373
-0.0006490117914573714
-0.0008210535638593344
-0.0009355755605799538
0.0013660041308099292
0.0003789953085737137
0.00041212779632977613
0.0024957534247002787
0.0013399091132366688
-0.0007660805500655365
0.0007759075480873271
0.0011944918853469164
0.0009698342617653336
-0.0010058209385806467
-0.00042200496414170193
0.0009026653091915357
-0.0001367775102628854
0.0009080287602085394
0.00046305522358885005
-0.001047601437410633
-0.000521736101273456
-0.0016431992600418803
7.207669252574628e-05
3.9753815224870523e-05
-0.0004620134839848513
-0.003120060403378897
0.0004998182441551155
-0.001786294331769917
-0.0008313753423937534
6.522269609385951e-05
0.0011810418633764414
-0.0002560392170037404
0.0005259618595738194
0.0007152367423592358
-0.00044509664166185995
0.0004086325291175537
0.0006750576231794102
0.0010785671959897456
0.002133423075981649
0.0009888869650421554
0.0011655828711282022
-0.0001311947594401098
-0.0012909537630532257
-0.00017321420634440178
0.001701893329025914
0.0006392187618636926
0.00038031038141535673
0.0007617756723981285
0.0017430907105696193
-0.0009199184152384469
-0.0003602457312895416
0.0005229085445768361
-0.0007050949823483858
-0.0003212078210731703
-0.0009276355202502462
-0.0015944016146721863
-0.001964916912287358
0.0005041621285171222
0.0014466583357758455
0.0005825136723477873
0.0017116984862387585
0.0011145754820173896
0.000695783670940872
0.0010886998751943868
0.0020250324720643515
-0.0014322359346140342
-0.0002201434890113299
5.236631380079372e-05
-0.00043790477281100104
0.0016827956738168308
0.0011814276818420003
-0.0011599968592309311
-0.0004847153538917627
0.0006341489975437584
-0.0010680528518037526
-0.0012048220006660832
-0.000984786929727138
-0.00304936839338585
-0.0008930791778902621
-0.0017677617889437852
1.5318752523553692e-05
0.001202335689655543
0.002080638234853807
0.0010046914266330698
0.0008106787559406436
0.0002458185054293802
0.0026364031142256006
-0.0011125230728127973
-0.00014325881157514338
-0.0001875968415352858
-0.00030444069348070125
0.0003786037660660618
0.0010719983206471777
0.00266564108023318
-0.0010198676733908039
0.00033998946478091554
-0.0012311543832745084
-0.001441923865802381
0.00014772247299143156
-0.00019994135093079254
-0.0012156941595424704
-0.0002913806018558102
-0.0013047633151932162
-0.000183980568558596
-0.001421476497415999
-0.0004540853126349752
0.0005343540153271194
0.0005217906755596988
0.0003582703328133503
0.0008820718872426808
0.0015468536396760226
-0.001399962799273619
-0.0009661752176089429
-0.0007672727595159684
0.0005027068904916208
0.0019684164550227237
0.00023382985810130842
-0.0017648447110024407
-0.0019628819477164397
-0.0006464243108631224
-0.000622538980171932
0.00033784218209221444
