Halloween / Sell in May after publication (Bouman-Jacobsen 2002) · sign-flip|0.0015265017667844523
0.0022756183745583033
0.0009031802120141345
-0.0010275618374558308
-0.0021540636042402823
0.00016395759717314487
-0.0019851590106007067
-0.0005816254416961127
-0.0013250883392226151
-0.005754063604240283
-0.0007858657243816259
0.002697526501766785
0.003068551236749117
0.0009653710247349825
-0.0004855123674911665
-0.00031872791519434613
-0.002969611307420495
-0.002892579505300354
0.001778091872791519
-0.004595759717314489
0.0016544169611307428
0.0037363957597173142
0.0007505300353356882
-0.005638162544169611
-0.005057950530035335
0.00043250883392226134
0.003064310954063604
-0.0026289752650176675
-0.0012431095406360425
-0.0015844522968197876
-0.0016339222614840995
0.001143462897526502
2.5441696113074443e-05
0.006664310954063605
0.0030869257950530034
-0.0002869257950530035
-0.006096819787985866
0.00043321554770318015
0.0034939929328621907
-0.0034000000000000007
0.0017766784452296824
0.004445229681978798
0.0021689045936395756
0.0008190812720848057
-0.00015265017667844528
0.0042819787985865715
-0.0030021201413427566
0.0016537102473498239
-0.0019272084805653715
-0.0010911660777385161
0.0010996466431095412
0.0030466431095406365
-0.0006763250883392226
0.0005780918727915189
-0.0026798586572438165
0.006904593639575971
0.008289045936395758
0.006446643109540636
-0.0012650176678445234
0.0018204946996466431
-0.0004120141342756189
0.004043109540636042
0.004710954063604241
-0.0037385159010600707
-0.0009915194346289756
0.000971024734982332
-0.0011879858657243812
-0.0018466431095406366
0.0025901060070671372
-0.002265017667844523
0.0006961130742049475
0.001294699646643109
0.0008784452296819787
-0.003810600706713781
-0.0011257950530035336
-0.0006946996466431093
-0.003064310954063604
0.0022325088339222613
-0.004978091872791519
-0.0011780918727915196
-0.00017879858657243828
-0.001650883392226148
-0.0025731448763250887
-0.0032621908127208484
-0.002175265017667845
7.349823321554745e-05
-0.004128621908127208
-0.00046996466431095397
0.0012742049469964662
-0.0013731448763250882
0.000651590106007068
0.002386572438162545
0.003978091872791521
1.9787985865724555e-05
-0.00021342756183745606
-0.0016650176678445234
-0.0021010600706713794
-0.0008487632508833915
-0.0042614840989399294
-0.0012325088339222615
-0.0033491166077738526
-0.0005314487632508833
0.0016777385159010602
0.000517314487632509
0.004609893992932861
0.004881272084805654
8.056537102473543e-05
0.001808480565371024
-0.0007166077738515892
-0.003417667844522968
-0.003607067137809187
-0.0022777385159010602
0.0014416961130742053
-0.00155547703180212
-0.001012014134275618
-6.431095406360421e-05
0.002311660777385159
0.00010954063604240292
0.00044098939929328613
-0.002243816254416961
-0.0018911660777385156
0.00444946996466431
0.0020127208480565373
0.0007307420494699654
-0.0031399293286219084
-0.00037102473498233207
0.0012296819787985863
0.00037597173144876306
0.005091872791519435
-7.13780918727917e-05
0.0032325088339222622
-0.0018106007067137805
0.00133356890459364
-0.0032402826855123675
0.002650883392226149
-0.0010770318021201407
0.000673498233215548
0.0036840989399293295
0.0033745583038869253
-0.0004480565371024738
-0.0034706713780918723
0.00310035335689046
-0.0033533568904593634
0.003504593639575972
-0.0039399293286219075
-0.003604946996466431
-0.0044579505300353355
0.0015180212014134276
-0.0031455830388692585
-0.0015837455830388695
0.0017038869257950532
0.00120565371024735
-0.0009342756183745586
0.0010819787985865722
0.000523674911660777
0.0031710247349823317
-0.0010063604240282686
0.00323957597173145
-0.002682685512367491
-0.0036784452296819785
-0.007713780918727916
0.001154770318021201
-0.00012650176678445112
-0.0010091872791519432
-0.0028113074204947
-0.0014374558303886927
0.0005943462897526497
0.004146996466431095
0.002658657243816254
0.0011173144876325087
0.0016770318021201416
0.0018190812720848054
-0.0010091872791519435
-0.00043886925795052996
-0.003698939929328622
0.0018798586572438163
0.00025088339222614845
-0.006770318021201413
9.807623892448379e-20
-0.001268551236749117
-0.0008127208480565364
0.0016183745583038863
0.000848763250883392
0.003932862190812721
0.0019363957597173138
0.006973144876325088
0.004760424028268552
0.000560424028268551
-0.0006628975265017667
0.0006614840989399302
0.0008028268551236748
0.0020353356890459363
-0.0037371024734982336
0.0001441696113074207
0.001424734982332156
-0.0028819787985865726
-0.003922968197879859
0.0018021201413427554
-0.0008303886925795058
-0.004679858657243816
-0.0010812720848056528
-0.005641696113074205
0.004061484098939928
-0.0034989399293286227
0.001445936395759717
-0.0009017667844522963
-0.0005498233215547705
2.402826855123631e-05
0.004184452296819788
0.001295406360424029
-0.00011448763250883406
-0.002752650176678445
-0.0013321554770318019
0.004914487632508834
-0.0006438162544169611
-0.0013194346289752653
-0.0007088339222614837
-0.0005971731448763247
0.002136395759717315
0.004942756183745583
-0.0025802120141342755
0.0035992932862190805
0.006936395759717314
-0.0005293286219081273
0.005492579505300354
-0.003125088339222615
-0.001834628975265018
0.0005957597173144874
-0.0015385159010600704
-0.0033554770318021203
0.0008890459363957601
-6.855123674911612e-05
0.00026713780918727857
-0.00626077738515901
5.8657243816254334e-05
0.0029328621908127203
0.00016537102473498217
0.0008932862190812722
-0.0034424028268551237
0.001546289752650177
-0.0007731448763250887
0.003036042402826856
1.9081272084805514e-05
-0.0010282685512367495
-0.0015420494699646648
0.004792932862190812
-0.0008826855123674917
0.004433922261484099
-0.004291166077738516
-0.0033399293286219076
-0.00011448763250883582
-0.00031943462897526554
0.0014918727915194355
0.0009116607773851582
-0.004759010600706714
-0.005943462897526502
0.002019081272084806
-0.003489752650176678
-0.005047349823321555
0.0010063604240282686
0.0005427561837455835
0.004072791519434629
0.0017604240282685516
-0.0020113074204946993
-0.0012332155477031807
-0.001157597173144875
-0.002328621908127208
-0.0038671378091872785
-0.0035971731448763244
-0.002533568904593639
0.002985159010600707
-0.0016268551236749114
-0.0033957597173144873
-0.0004932862190812717
0.0010190812720848057
-0.0007342756183745583
6.643109540636056e-05
-0.0008014134275618371
0.0017851590106007062
0.002163957597173145
-0.00010954063604240224
0.0025194346289752643
0.00191660777385159
-0.0008127208480565366
0.0016508833922261488
0.00017809187279151865
-0.001108127208480565
0.001665724381625442
0.0008954063604240284
-0.0022579505300353363
-0.0035314487632508835
0.0005597173144876325
0.0020621908127208483
-0.003428268551236749
-0.0012466431095406352
4.8056537102473305e-05
-0.0008805653710247347
0.0013844522968197873
-0.001963250883392226
0.0019116607773851588
0.0017915194346289744
0.0028925795053003534
0.0032678445229681985
-0.0028374558303886927
-0.0029802120141342752
-0.0010876325088339227
-0.0009208480565371025
0.0010855123674911667
0.0018876325088339218
0.001533568904593639
0.0017455830388692578
0.002325795053003534
-0.00048127208480565326
-0.0014169611307420498
-0.0027519434628975256
0.0024968197879858653
-5.371024734982378e-05
-0.0008593639575971736
0.0037893992932862192
-0.0004466431095406356
0.005617667844522968
0.0012480565371024736
-0.001120848056537102
9.045936395759682e-05
-0.002842402826855124
-0.0073222614840989415
0.002541342756183745
-0.005604946996466431
-0.0008515901060070673
0.002190812720848057
-0.0017696113074204957
-0.002371731448763251
0.00523321554770318
-0.0037314487632508836
0.00665017667844523
-0.0029420494699646635
-0.002715194346289753
0.003487632508833922
-0.0007505300353356889
0.00024664310954063557
-0.0015349823321554768
-0.0004106007067137806
-0.0026855123674911652
0.005220494699646643
-0.0026883392226148407
0.000795053003533569
-0.002719434628975265
0.0006226148409893991
-0.0026939929328621917
-0.0011851590106007064
0.0006197879858657252
-0.0011632508833922261
-0.0014565371024734984
-0.002269257950530035
0.003960424028268551
4.8763250883392546e-05
0.0014360424028268548
-8.127208480565418e-05
-0.0032749116607773848
0.004197879858657243
-0.0018134275618374557
-0.002531448763250883
-0.0015265017667844517
0.0004607773851590106
-0.0012636042402826857
0.005454416961130742
-0.002443816254416961
-0.0019187279151943464
0.0011441696113074205
-0.00021060070671378067
-0.0008028268551236752
-0.0004424028268551234
0.0011554770318021209
0.0010395759717314488
9.752650176678455e-05
0.0016600706713780927
-0.0003208480565371026
-0.0006395759717314491
-0.0011173144876325087
0.0014162544169611312
-0.001258657243816254
-0.0003385159010600706
0.0013279151943462895
-0.0032530035335689043
-0.0014141342756183745
-0.0018572438162544169
-0.003816961130742049
0.0007547703180212015
0.0021738515901060075
-0.002563957597173145
0.00018374558303886903
0.005401413427561839
-0.0009349823321554784
-0.0011583038869257952
0.0017462897526501766
0.0017703180212014131
-0.0008318021201413431
0.0007017667844522965
0.005017667844522967
-0.0025611307420494696
-0.002925795053003533
0.0014911660777385165
-0.001351943462897527
-0.0009505300353356887
0.0008282685512367497
0.001145583038869258
-0.003386572438162545
0.0012791519434628975
-0.004660070671378091
0.00243321554770318
8.127208480565339e-05
0.002589399293286219
0.0006508833922261481
-0.0007837455830388685
-0.0007462897526501773
0.0008162544169611315
0.000948409893992933
-0.0009349823321554768
-0.002548409893992932
-0.002807773851590106
-0.006843109540636043
0.0007922261484098944
-0.004269257950530035
0.001243109540636043
0.0007858657243816256
-0.004299646643109541
-0.0037363957597173142
0.0013222614840989403
-0.00033144876325088337
0.004434628975265018
0.001807773851590107
-6.855123674911642e-05
-0.0030593639575971737
-0.0029307420494699647
0.0011992932862190814
0.003458657243816253
-0.004417667844522968
-0.0006155477031802119
-0.0038282685512367486
0.003481978798586572
0.0010925795053003534
-0.0014734982332155475
-0.003175265017667844
-0.0038247349823321546
0.001570318021201413
0.002306007067137809
-0.0047915194346289745
0.0007406360424028266
-0.0028664310954063603
0.000583745583038869
-0.0004770318021201417
-0.005544876325088339
-0.0044812720848056535
0.0026918727915194347
0.0009434628975265022
0.0017300353356890466
0.0032007067137809187
0.0003717314487632516
-0.0029879858657243814
8.480565371025173e-06
-0.002367491166077738
0.0011060070671378081
-0.0013780918727915189
-0.0014558303886925794
-0.0030544169611307417
0.0016805653710247348
-0.003089752650176679
0.003043816254416961
-0.0006925795053003532
-0.004741342756183745
-0.0008042402826855124
-0.0030339222614840992
-0.0021653710247349816
0.0005116607773851582
-6.713780918727894e-05
0.0017992932862190808
0.00668904593639576
-0.0026932862190812727
0.006732155477031801
-0.003675618374558304
-0.0015222614840989396
0.0019780918727915187
0.002167491166077739
-0.00329469964664311
0.0017851590106007066
0.002267137809187279
-0.0012098939929328619
-0.0031561837455830397
-0.0006035335689045941
-0.0012473498233215544
0.004065724381625442
2.5441696113075327e-05
-0.0004685512367491164
0.0023667844522968196
0.003408480565371024
0.0031151943462897525
0.002518727915194346
-0.0032445229681978796
0.003326501766784452
-0.0012098939929328619
-0.0004968197879858656
0.00015547703180212008
-0.0036007067137809193
0.0045265017667844515
0.00040777385159010583
-0.002224028268551237
-0.0021477031802120137
0.002527915194346289
-0.0014678445229681979
-0.00014487632508833906
0.0008537102473498235
-0.00209964664310954
-0.001313780918727915
-0.0003144876325088337
-0.003436042402826855
0.002580918727915194
0.00012720848056537094
-0.0016756183745583037
0.0003208480565371014
0.0032077738515901063
-0.004461484098939929
0.0018515901060070668
-0.0031773851590106007
-0.0005484098939929331
-0.004495406360424028
-0.0013498233215547702
0.0005597173144876328
0.00026077738515901093
0.0026431095406360423
-0.0006459363957597169
-0.0006077738515901062
0.0036975265017667853
0.0027215547703180218
-0.00029540636042402793
0.0033731448763250882
0.0005413427561837458
0.0016183745583038874
0.002419787985865725
-0.000891166077738516
0.0018339222614840987
0.0034855123674911673
0.002631802120141342
-0.0036332155477031797
0.0021844522968197883
-0.00231731448763251
0.004631802120141343
0.0002833922261484095
0.0006911660777385155
-0.0034346289752650175
-0.0033512367491166078
-0.0017137809187279158
0.0008134275618374557
-0.0010685512367491165
0.004167491166077738
0.0018091872791519438
-0.0020134275618374563
0.0024261484098939924
0.006009187279151943
0.0005024734982332157
-0.00035123674911660793
0.0003201413427561839
-0.00019434628975265026
0.0015434628975265023
0.0021144876325088335
-0.0013455830388692574
0.0032120141342756184
-0.001741342756183746
-0.0034855123674911656
0.0022148409893992934
-0.0012770318021201414
-0.0003335689045936397
-0.000877031802120141
0.003226855123674912
0.00015547703180211975
-0.0066996466431095405
0.005804240282685512
0.0024508833922261483
-0.0018275618374558307
0.00507773851590106
-0.0030106007067137812
-0.0016424028268551237
-0.003373144876325088
-0.0013950530035335687
-0.0008982332155477025
-5.795053003533558e-05
-0.002875618374558304
0.004612720848056536
0.000532155477031802
0.0011272084805653711
0.0008226148409893999
0.005178798586572437
0.0019003533568904588
-0.000345583038869258
-0.0031385159010600704
0.002711660777385159
-0.0016014134275618385
0.0009371024734982338
-0.004536395759717315
0.00427773851590106
-0.00037102473498233207
-0.0005745583038869262
-6.572438162544152e-05
-0.0024084805653710245
-0.002496113074204947
0.0005363957597173145
0.0009512367491166078
-0.000648763250883392
-0.00011519434628975193
-0.0021653710247349824
-0.001739222614840989
-0.0009491166077738506
-0.00138303886925795
0.004014840989399293
0.0031469964664310947
-0.0021809187279151943
-0.00037738515901060085
-0.003292579505300353
0.0038141342756183735
-0.00028268551236749155
-0.0036989399293286223
-0.0020176678445229675
-0.00018586572438162582
0.0028833922261484097
-0.002758303886925795
-0.00516113074204947
-0.0013957597173144868
0.0007943462897526507
0.0011053003533568902
0.000390812720848057
-0.00189964664310954
0.0023074204946996464
0.005609187279151943
-8.621908127208502e-05
-0.00038657243816254397
-0.0032530035335689047
0.004132155477031802
0.0038812720848056545
0.0016155477031802121
-0.0007837455830388694
0.0014805653710247351
-0.004269257950530035
-0.0010056537102473494
0.0016473498233215544
-0.003925088339222615
-0.0012303886925795055
-6.925795053003517e-05
-0.0037837455830388683
-0.000696113074204947
-0.0018699646643109541
-0.003928621908127209
0.0007540636042402821
-0.003886925795053003
0.0009837455830388688
-0.003827561837455831
0.0001279151943462896
0.0008607773851590105
0.0025413427561837456
0.002659363957597173
0.001440282685512368
-0.00013286219081272112
0.0010784452296819795
-0.0033441696113074206
0.0017215547703180215
-0.004687632508833922
0.0010932862190812726
-0.0054318021201413425
0.001067844522968197
-0.0029999999999999996
-0.0021915194346289755
0.003663604240282686
0.004413427561837455
-0.0009590106007067133
0.001023321554770318
-0.0015215547703180212
0.009404240282685513
0.003373144876325088
-0.0004204946996466431
0.0024438162544169603
-0.0008621908127208484
0.0040968197879858665
0.0020579505300353357
-0.0018869257950530028
0.002219081272084805
-0.0028438162544169605
0.0017554770318021196
0.0008855123674911663
-0.0018409893992932867
0.00325017667844523
0.0008671378091872796
0.0005950530035335695
0.0008466431095406359
0.0010176678445229688
-0.0028784452296819795
0.001580918727915194
-0.004062190812720848
-1.0600706713780536e-05
0.00023250883392226146
0.004596466431095406
-0.0026819787985865717
-0.0013978798586572435
-0.0016862190812720844
0.009672084805653711
-0.0016876325088339222
0.0016664310954063598
-0.002319434628975265
-0.0007667844522968191
-0.0019413427561837452
-0.0002113074204947001
-0.003612014134275619
-0.003379505300353356
-0.004136395759717315
-0.0022254416961130746
0.0006169611307420492
0.0021816254416961132
0.001597173144876325
-0.0016537102473498239
0.004743462897526502
0.0008763250883392239
-0.000985865724381625
-0.002799293286219081
-0.0010416961130742045
-0.001912367491166077
-0.0011696113074204947
1.9081272084805514e-05
0.003219081272084805
-0.0016840989399293286
-0.0007130742049469964
-0.00199434628975265
0.003409893992932862
-0.002995759717314487
-0.0014749116607773855
0.0032862190812720845
-0.002993639575971732
-0.00048692579505300366
0.005085512367491165
0.0018233215547703182
0.0009441696113074205
0.0002826855123674914
-0.002575971731448763
0.001602120141342756
0.0022522968197879853
-0.004207773851590106
-0.0020869257950530034
-0.0020628975265017673
0.000725088339222615
0.00011166077738515946
0.001118727915194346
0.0028749116607773855
0.0016664310954063598
-0.0016268551236749103
0.003233922261484099
-0.0010416961130742045
-0.0003795053003533567
-0.0006056537102473496
-0.0036212014134275614
0.0028374558303886927
0.001374558303886926
0.0002833922261484099
0.004775971731448763
-0.0010939929328621912
0.0012551236749116605
0.0027328621908127198
0.006097526501766783
0.005686925795053003
0.004840282685512368
5.229681978798678e-05
-0.0003144876325088344
-0.0020805653710247347
-0.0022452296819787994
0.000285512367491166
0.0035830388692579514
-0.004870671378091874
0.004363957597173144
0.0020593639575971737
-0.0003159010600706713
0.002686925795053004
-0.003571731448763251
-0.0016374558303886926
0.00712862190812721
-0.0009420494699646641
0.0008685512367491164
0.0008056537102473498
0.005974558303886926
-0.0021194346289752654
0.000227561837455831
0.0035462897526501768
0.0007759717314487636
0.001927208480565371
0.0014848056537102477
-0.004284805653710247
-0.0018621908127208482
-0.0029703180212014135
-0.0037646643109540633
-0.0017243816254416966
0.004300353356890459
0.0005908127208480567
0.002049469964664311
0.000637455830388693
0.006432508833922262
0.001376678445229682
0.0019038869257950524
-0.0019851590106007067
0.0016954063604240283
0.0012459363957597173
0.0031159010600706714
-0.0025342756183745576
-0.003845229681978798
-0.00038233215547703206
0.001247349823321555
0.0027879858657243813
-0.0029512367491166076
0.0017575971731448757
-0.0017971731448763253
-0.005315901060070671
0.0012720848056537101
0.0014897526501766794
0.0030671378091872794
0.0014424028268551234
-0.001742049469964665
-0.0030487632508833917
-0.0033646643109540636
0.004655830388692579
-0.0010508833922261483
-0.002807067137809188
0.004340636042402826
0.0015653710247349822
0.00016113074204947045
-0.0016416961130742045
-0.0005166077738515902
-0.0035908127208480567
0.0008367491166077739
-0.0005519434628975262
4.52296819787989e-05
0.0013363957597173149
0.0010756183745583038
-0.00330035335689046
-0.003285512367491166
0.0035286219081272097
0.002735689045936395
-0.0013385159010600705
-0.00592791519434629
-0.0016
-0.005583038869257951
0.0009851590106007063
-0.0010021201413427563
-0.0003915194346289751
-0.0009060070671378094
-0.0013151943462897525
-0.0012261484098939927
0.001981625441696113
-0.00033992932862190805
-0.003202826855123675
0.0002749116607773851
0.0014593639575971732
0.0025017667844522973
0.00022756183745583082
-0.003437455830388692
-0.005520848056537102
-0.0003250883392226149
0.002212014134275619
-0.0019024734982332155
0.00037243816254416937
0.002850883392226148
-0.0010367491166077734
0.0004120141342756185
-0.0005886925795052995
-0.005542049469964665
-0.0026176678445229687
-0.002257950530035335
-0.0017491166077738514
-0.005186572438162543
0.005508833922261483
-0.0018918727915194346
5.724381625441732e-05
-0.000786572438162544
0.0014134275618374566
0.0010636042402826856
-3.6749116607773333e-05
0.00314416961130742
-0.0002939929328621914
0.0033314487632508825
-0.0013349823321554771
-0.0013590106007067132
-0.00011024734982332118
0.0014593639575971732
0.003176678445229682
0.0019314487632508825
-0.0018621908127208482
-0.0024699646643109537
-0.0008233215547703179
-0.004952650176678446
-0.00228339222614841
-0.0024678445229681972
-0.0014586572438162542
0.004638162544169612
0.003479858657243816
0.0009017667844522972
0.0005639575971731452
-0.00013286219081272112
-0.0004226148409893996
-0.0028325088339222616
0.003663604240282686
0.0007731448763250885
0.0019710247349823324
-0.0033568904593639574
-0.0019250883392226148
0.003536395759717316
-0.0009837455830388696
0.005449469964664311
-2.261484098939945e-05
-0.0032084805653710244
-0.0003724381625441696
0.0021597173144876324
0.0035526501766784445
-0.0021816254416961132
0.002002120141342757
0.0016643109540636037
-0.0010544169611307421
-0.004532862190812721
0.0004968197879858652
0.00046925795053003505
0.0011865724381625441
0.00239434628975265
-0.0030600706713780914
0.0012784452296819785
0.0037540636042402826
-0.002896819787985866
0.0029173144876325084
-0.0031752650176678446
-0.000968904593639576
0.00020636042402826898
-0.0026325088339222615
0.0007215547703180205
0.0025554770318021195
-0.0011166077738515908
-0.001135689045936396
0.0036869257950530032
-0.0026275618374558296
0.0011045936395759717
0.0019922261484098948
0.0013229681978798584
-0.00011660777385158972
-0.0034727915194346284
-0.005837455830388693
-0.0004325088339222612
-0.00431024734982332
0.002724381625441697
-0.0013116607773851587
-0.0012996466431095407
0.0044593639575971735
0.00401060070671378
-0.0014409893992932859
-8.056537102473513e-05
0.0008141342756183749
0.0010162544169611306
0.007154770318021201
0.002245229681978799
-0.00028621908127208465
0.0015766784452296819
0.0036169611307420497
-0.001951943462897527
-0.0030296819787985867
0.004069964664310954
-0.005148409893992932
-0.0010021201413427556
-0.0009038869257950532
-0.0034699646643109538
-0.001818374558303887
-0.0013505300353356892
-0.0038409893992932868
0.0017908127208480563
-0.0008833922261484091
0.0024042402826855128
0.0028000000000000004
0.005201413427561838
0.00503886925795053
0.0039123674911660765
0.0018939929328621913
0.0004876325088339235
0.0011448763250883388
-0.0005639575971731455
-0.0020353356890459367
-0.00047844522968197865
0.0019561837455830382
0.00015053003533568895
-0.0016805653710247354
0.001368197879858657
-0.0007356890459363962
0.00014770318021201494
-0.001278445229681979
0.002736395759717314
-0.0028848056537102472
0.0026155477031802117
-0.0016636042402826854
-0.0023759717314487633
-0.0006134275618374557
0.00021272084805653652
-0.003629681978798587
-0.003698233215547703
0.004318021201413428
-0.00018515901060070644
-0.0010692579505300356
0.0015957597173144877
-0.0020699646643109544
0.00464946996466431
0.0008855123674911665
-0.0033335689045936403
-0.00295547703180212
0.0012219081272084812
0.0029031802120141337
-0.00393851590106007
-0.0006226148409893999
0.0006459363957597164
-0.005180212014134275
-0.005824028268551236
0.001467137809187279
0.000646643109540636
-0.002527915194346289
0.002231095406360424
0.0012982332155477027
0.004145583038869258
-0.0023314487632508834
-0.0005625441696113075
-0.00393356890459364
-0.0030968197879858656
-0.0010982332155477026
0.0006416961130742044
-0.0006487632508833925
-0.0012586572438162548
0.0019590106007067124
-0.00040565371024734966
-0.0005413427561837456
-0.0010932862190812713
-0.00028904593639575996
-0.005154063604240282
0.00150035335689046
0.0006840989399293282
5.1590106007067245e-05
0.002618374558303887
-0.0014848056537102466
-0.00010600706713780948
0.001336395759717315
0.004824734982332156
0.002206360424028268
-0.001067844522968198
-0.0033017667844522968
0.0014240282685512367
0.002221201413427562
0.0003392226148409893
-0.00035335689045936465
0.0009166077738515896
-0.0016212014134275622
7.349823321554755e-05
0.00019999999999999985
0.0004042402826855123
-0.0030106007067137812
2.942287167734514e-19
0.0022607773851590113
0.0024678445229681985
0.0005533568904593642
0.0023328621908127213
0.0011109540636042403
0.001651590106007067
0.00368339222614841
-0.006407773851590106
0.0023787985865724383
0.002068551236749117
0.002113074204946997
0.0030982332155477027
-0.004782332155477032
-0.000585865724381625
-0.0007123674911660775
0.0009342756183745586
0.0029342756183745587
0.002347703180212014
0.0001717314487632508
-0.0008042402826855126
0.004733568904593639
0.002443109540636042
-0.0059236749116607776
0.0013738515901060065
-0.001106007067137809
-0.00035265017667844594
-8.127208480565418e-05
0.000753356890459364
-0.0018636042402826855
0.0006643109540636048
-0.005050883392226147
0.002554770318021202
0.00297243816254417
0.00023462897526501752
-0.0019583038869257947
0.0004727915194346277
-0.00013568904593639622
0.0021844522968197874
-0.001331448763250884
-0.0011724381625441696
-0.002275618374558304
-0.0018296819787985868
-7.632508833922264e-05
0.004633922261484098
-0.0025406360424028262
0.001673498233215547
0.001542049469964665
-0.0005639575971731444
-0.0031335689045936398
-0.0010551236749116609
-0.005035335689045936
2.75618374558301e-05
0.0034551236749116613
-0.0010106007067137805
-0.002033922261484099
-0.0003159010600706719
-0.003206360424028269
0.001749116607773852
-0.0028798586572438166
-0.0035837455830388686
-0.0020494699646643106
-0.006524381625441696
0.0026904593639575976
0.0006120141342756181
0.00253356890459364
-0.0035455830388692574
0.0013279151943462902
-0.00041413427561837434
0.004320141342756183
5.159010600706773e-05
-0.003408480565371025
-0.0017547703180212013
0.0010996466431095412
-0.0020113074204947006
-0.0008628975265017673
-0.0009978798586572442
0.0020572438162544163
0.002336395759717315
0.0029618374558303888
0.000462897526501767
0.0012777385159010606
-0.001099646643109541
-0.0019074204946996469
-0.0035915194346289744
2.3321554770318198e-05
0.0011943462897526505
0.0023992932862190812
-0.0030240282685512366
-0.0005745583038869256
0.004502473498233217
0.0007696113074204957
0.0018360424028268554
0.0013081272084805656
-0.0010734982332155467
0.0005512367491166067
-0.0005766784452296817
0.005502473498233217
0.0018720848056537095
0.00041978798586572437
-0.0005102473498233222
0.001001413427561837
0.002874204946996467
0.0002183745583038878
0.001113780918727915
0.0040007067137809195
0.0004939929328621906
-0.003637455830388693
0.0005215547703180207
-0.00064381625441696
-8.62190812720855e-05
0.001265017667844523
-8.197879858657283e-05
-0.0027717314487632505
0.0018339222614840987
-0.004920848056537102
0.006375265017667844
-0.00022473498233215603
-0.0012148409893992932
-0.0015759717314487633
0.0022318021201413432
-0.0026261484098939933
0.0016932862190812718
-0.002308833922261484
-0.0026805653710247346
0.0009088339222614845
-0.0024544169611307415
0.0016650176678445234
0.00043533568904593643
0.002526501766784452
0.0018586572438162544
0.001547703180212014
0.0025399293286219086
-0.0023180212014134284
0.0037696113074204944
0.0013667844522968198
-0.002667844522968198
0.00044240282685512397
0.0018233215547703177
0.0027321554770318025
0.0004438162544169613
-0.0012890459363957595
-0.0008289752650176678
0.0021858657243816245
-0.005049469964664312
-0.0034713780918727913
4.8056537102474484e-05
-0.0027667844522968194
-0.0003943462897526497
1.9081272084807083e-05
-0.0001992932862190813
-0.004366784452296819
-0.004370318021201414
-0.005403533568904593
0.0027681978798586573
0.0003554770318021205
-0.00048480565371024733
-0.00048551236749116614
-0.004364664310954063
-0.0036515901060070674
-0.0009597173144876323
0.0019957597173144866
-0.00027844522968197894
-0.003980918727915193
-0.003243816254416961
-0.0015328621908127207
0.006009893992932862
0.0035321554770318024
-0.0033406360424028266
1.978798586572397e-05
-0.0017809187279151937
3.250883392226168e-05
-0.004804946996466431
0.0016289752650176681
-0.007195053003533569
0.0009187279151943471
0.0028621908127208482
-0.00031448763250883395
-8.339222614841013e-05
0.005257243816254417
-0.0029915194346289754
-0.003107420494699646
0.0045236749116607765
-0.0027689045936395754
0.0004070671378091878
0.00018586572438162577
-0.0008268551236749112
0.0018805653710247342
-0.0020204946996466417
0.0037696113074204944
-0.0011583038869257952
-0.005987985865724381
0.0012438162544169613
0.004265724381625442
0.00303321554770318
0.00022332155477031813
0.003967491166077739
0.002456537102473499
0.005099646643109541
-0.003232508833922262
-0.002891166077738516
-0.0024183745583038867
-0.0036614840989399287
0.00011519434628975247
0.0018904593639575977
0.0019053003533568902
-0.002231095406360424
-0.0016416961130742047
0.0014763250883392223
-0.001622614840989399
0.0024254416961130747
-0.0038833922261484097
0.00496678445229682
0.0013229681978798587
-0.0015547703180212012
-0.0013477031802120142
0.0006897526501766778
0.0017074204946996468
0.001980918727915194
0.0035561837455830394
0.0069371024734982325
0.0029625441696113078
0.0010325088339222614
-0.003806360424028268
0.0009166077738515904
0.0006487632508833922
0.0002113074204947005
0.001161837455830389
0.0012070671378091873
-0.0005901060070671383
0.0019597173144876323
0.004076325088339223
-0.000353356890459364
0.0013554770318021196
-0.0016862190812720842
-0.00016678445229681985
-0.004708833922261484
-0.000680565371024735
-0.003134275618374558
0.0007123674911660777
-0.0011413427561837452
0.0010551236749116607
0.0004939929328621906
-0.004257243816254418
-0.001031095406360424
0.002175265017667844
-0.003286925795053003
-0.00221696113074205
-0.0028007067137809185
-0.0019279151943462896
-0.0032600706713780915
-0.0014487632508833922
-0.001857243816254417
-0.0006056537102473498
2.049469964664301e-05
7.985865724381629e-05
0.0008035335689045939
-0.0019371024734982333
-0.000293992932862191
0.0010833922261484095
6.3604240282690274e-06
-0.0026473498233215553
-0.0005639575971731447
0.00011802120141342732
-0.0006084805653710261
0.0014784452296819784
0.0032501766784452297
-0.0020911660777385155
0.0009575971731448764
0.0009809187279151942
0.0031144876325088344
0.0018989399293286222
-0.00209399293286219
-0.0013802120141342751
-0.0010791519434628978
0.00051660777385159
0.00043816254416961136
0.005282685512367492
-0.002057950530035336
-0.0023208480565371026
-0.002432508833922261
0.0005427561837455827
0.0008247349823321557
-0.0011731448763250894
-0.002686925795053003
-0.005756183745583039
-0.0025243816254416967
0.001792932862190813
0.0008904593639575969
-5.653710247349765e-06
-0.0017929328621908121
0.0027123674911660777
6.360424028268517e-05
0.0018742049469964665
-0.001365371024734983
-0.0006954063604240282
-0.0026770318021201414
-0.0014706713780918725
0.0007844522968197885
-0.0008007067137809185
-0.0005321554770318024
0.0030402826855123683
0.0037010600706713784
0.001828975265017667
-0.0008756183745583047
-6.996466431095382e-05
0.0028381625441696117
0.00027420494699646644
-0.0005519434628975262
0.001848763250883393
-0.003980212014134275
-0.0038537102473498236
-0.0032000000000000006
-0.0011314487632508835
-0.004161837455830389
-0.0010932862190812717
0.002097526501766784
0.0008975265017667844
-0.0025964664310954067
-0.0020127208480565373
-0.0020593639575971733
0.0010742049469964665
0.00043674911660777373
0.0017809187279151952
0.0036537102473498243
-0.0008459363957597175
-0.001120141342756183
-0.00419434628975265
0.003985865724381626
-0.0014734982332155477
-0.0024360424028268554
-0.002879858657243817
-0.0010028268551236744
0.0005265017667844527
-0.000971024734982332
0.0010353356890459365
0.0007314487632508828
0.0006720848056537112
0.0019363957597173143
0.0066049469964664315
-0.0016084805653710252
-0.0022734982332155477
-0.005743462897526501
-0.002556890459363958
0.0003462897526501768
-0.000900353356890459
0.004585159010600707
0.002732862190812721
-0.0008084805653710249
0.0004657243816254412
0.0017392226148409892
-0.001081272084805653
-0.0013547703180212015
0.0011045936395759723
0.0028692579505300354
-0.00013498233215547667
-0.001707420494699647
-0.0010056537102473494
0.0027992932862190806
0.0011646643109540636
0.000884098939929329
0.0002692579505300351
0.0022226148409893987
-0.0015173144876325085
0.004265724381625441
-0.0025116607773851586
-0.003936395759717314
0.000590106007067138
0.002799293286219082
0.0043081272084805645
0.0012558303886925804
0.007425441696113074
-0.002841696113074205
0.003057950530035336
0.0011950530035335684
0.0015491166077738516
-0.002318021201413427
-0.003787985865724381
0.0017455830388692578
0.0017632508833922262
0.0019561837455830387
-0.0014890459363957598
0.0032763250883392227
-0.0035335689045936395
0.0016664310954063604
-0.0035109540636042397
0.00041766784452296847
-0.0016855123674911663
0.0029653710247349815
0.0020756183745583036
-0.0038212014134275615
-0.0008508833922261482
0.002666431095406361
0.0028000000000000004
0.0009710247349823325
0.0020939929328621905
-0.002118727915194346
-0.0030671378091872794
-0.004927208480565371
-0.0020897526501766784
-0.0024388692579505296
0.001435335689045936
0.0022296819787985867
-0.002653710247349823
0.0033929328621908135
-0.0042339222614840985
-4.805653710247291e-05
0.0013653710247349825
-0.00585512367491166
-0.00025653710247349804
-0.0036289752650176684
-0.0002614840989399296
0.004279151943462898
0.0015999999999999996
-0.005127208480565372
0.0020120141342756187
0.0029031802120141337
0.0003173144876325088
-6.219081272084749e-05
-0.0012636042402826857
0.006803533568904594
0.000265017667844523
0.002638162544169612
0.0017229681978798593
-0.0007901060070671378
-0.004807773851590105
-0.0008353356890459359
-0.0034049469964664313
0.002082685512367491
0.00041413427561837456
-0.0012148409893992925
-0.0005865724381625452
-0.0014360424028268556
-0.0017434628975265022
-0.003725088339222615
0.003071378091872791
0.0005166077738515901
0.0027455830388692574
0.001460777385159011
0.002214134275618375
0.0010466431095406358
-0.0017229681978798593
0.0017469964664310956
0.00037597173144876333
-0.0032459363957597167
0.005267137809187278
-0.0024296819787985864
0.0017491166077738514
0.003523674911660777
-0.0014367491166077738
-0.0020798586572438158
-9.116607773851606e-05
0.0004848056537102481
0.0021484098939929326
-0.0015533568904593639
0.0014049469964664309
0.0037632508833922254
-0.005277031802120142
0.0005067137809187289
0.006669257950530036
0.0014890459363957598
-0.007102473498233217
-0.0016798586572438164
0.0029745583038869256
-0.0037279151943462904
0.00019717314487632494
0.00014628975265017666
0.0011469964664310955
0.0035639575971731455
0.0013844522968197877
0.0012621908127208486
-0.00014487632508833944
0.006236749116607774
-0.0038650176678445224
-0.003279858657243816
0.0027371024734982336
-0.001103180212014134
0.004587985865724381
-0.0033498233215547707
0.0006204946996466437
0.0021752650176678446
-0.0041477031802120146
-0.0004657243816254422
-0.0033660777385159015
0.0021363957597173144
-0.002532155477031802
-0.005241696113074204
-0.00041978798586572426
-0.0010466431095406362
0.0015222614840989402
0.0010028268551236744
0.0019469964664310948
-0.0018310954063604236
-0.002787279151943463
-0.0014939929328621907
0.0022289752650176678
-0.004032508833922262
0.0030381625441696118
-0.0020028268551236746
0.0015166077738515901
0.003346289752650177
0.002850176678445229
0.0022713780918727907
-0.0016028268551236751
-0.0007717314487632511
-0.0035674911660777396
0.0011780918727915186
-0.005568197879858657
0.00016678445229682045
0.0011632508833922268
-0.00018657243816254382
-0.0005943462897526501
-0.0022169611307420495
0.004581625441696113
0.0008600706713780929
-0.0004515901060070675
0.004749116607773852
0.001310954063604241
0.005098939929328621
0.0016325088339222615
0.004331448763250883
0.0008530035335689059
-0.0011752650176678446
0.0010706713780918736
0.0004219081272084808
0.004162544169611307
-0.0034190812720848057
-0.00025653710247349745
-0.0024473498233215543
-0.003648763250883392
0.0054579505300353355
0.003667844522968198
-0.0012445229681978805
-0.0025674911660777387
0.0008424028268551234
-0.001975265017667844
-0.0006219081272084798
0.0034021201413427567
0.0032275618374558294
0.0013724381625441699
-0.004724381625441696
0.002475618374558304
0.0038233215547703184
0.001334275618374558
0.001562544169611308
0.003977385159010601
-0.0021858657243816254
0.0029060070671378096
-0.0031328621908127204
-0.0020819787985865727
-0.0001265017667844527
-0.0002911660777385152
0.00047844522968197887
0.001074204946996467
-0.00032508833922261475
-0.002008480565371024
-0.006160424028268552
-0.0019272084805653706
0.003536395759717314
-0.0014996466431095405
0.00073922261484099
0.0025286219081272093
-0.0004819787985865725
-0.004686925795053003
-0.0006939929328621905
0.0019597173144876323
0.0016240282685512364
-0.0009766784452296823
0.0004480565371024738
0.002592226148409895
-0.002356890459363958
0.004460070671378092
-0.004108833922261485
-0.0038424028268551234
-1.7667844522968212e-05
-0.0033590106007067135
-0.006842402826855124
0.002463604240282686
-0.0015159010600706718
-0.0016303886925795054
-0.001779505300353357
-0.0011017667844522966
-0.003927208480565372
0.0021173144876325085
-0.0006127208480565371
-0.0038035335689045944
0.0015710247349823322
0.0022558303886925793
-0.0037540636042402826
-0.0030706713780918726
0.0016678445229681984
0.005286925795053003
0.0037999999999999996
-0.00045088339222614887
-0.0010381625441696109
-0.00016325088339222584
-0.0035300353356890464
0.0002537102473498232
0.002183745583038869
0.00014275618374558316
2.3321554770318e-05
-0.0034204946996466428
0.0011858657243816254
0.0005908127208480564
0.0035265017667844524
0.003416961130742049
8.692579505300352e-05
-0.002677031802120141
-4.6643109540636395e-05
-0.0010402826855123674
-3.250883392226163e-05
-0.0001936395759717315
-8.409893992932878e-05
-0.0001646643109540639
-0.0008091872791519434
-0.0016636042402826854
0.0005335689045936393
0.0016848056537102473
-0.0037922261484098947
-0.00032226148409893944
0.0004494699646643113
-0.003824028268551237
-0.0013809187279151941
0.0049236749116607775
-2.685512367491184e-05
0.0018678445229681985
-0.001182332155477032
-0.0005399293286219084
-0.00013215547703180217
-0.003544876325088339
-0.0023901060070671376
-0.0013102473498233214
-0.0024169611307420483
-0.0013787985865724383
-0.0026678445229681978
-0.0002530035335689045
0.0030197879858657245
-0.004896113074204947
-0.00010812720848056523
0.0028720848056537117
0.0022982332155477027
0.002973144876325088
0.0017590106007067138
0.00123321554770318
0.0009738515901060069
0.000857950530035335
0.003180918727915194
0.00018021201413427607
0.0019180212014134274
-0.001067137809187279
0.0032897526501766785
-0.0020946996466431104
-0.000946289752650176
0.002225441696113074
-0.0043773851590106
-0.0038742049469964656
-0.005351236749116608
0.0010339222614840992
-0.004365371024734983
-0.005375971731448765
0.0008339222614840989
-0.0030049469964664303
-0.0009151943462897524
0.0028636042402826857
0.0024763250883392224
0.0001674911660777385
-0.0033759717314487633
-0.0002954063604240287
-0.00029469964664310917
0.001334275618374558
0.003110247349823321
0.0012713780918727907
0.0006614840989399297
0.0027441696113074203
-0.0010042402826855126
0.0003915194346289749
-0.004849469964664311
0.002603533568904594
0.0029067137809187277
-0.0027625441696113077
0.0018558303886925783
0.00134487632508834
0.0024162544169611306
0.0006572438162544166
0.0020579505300353357
0.0003689045936395767
8.621908127208492e-05
-0.00705441696113074
-0.004062190812720848
0.003502473498233215
0.000491872791519435
-0.0033187279151943457
-0.0053886925795053
0.000987985865724382
-0.00191095406360424
0.00029045936395759775
0.0018028268551236748
0.0014148409893992929
0.0005653710247349817
-0.0007992932862190813
0.001442402826855124
-0.0020240282685512366
0.0014805653710247351
-0.001342756183745583
-0.0021187279151943465
0.00043886925795053034
0.0022014134275618377
-0.00023604240282685532
0.0008904593639575972
-0.004390812720848057
0.0012494699646643111
0.002862897526501766
0.0013166077738515894
-0.0030106007067137817
0.0024388692579505305
0.0009597173144876329
0.00096678445229682
-0.0003067137809187281
0.004742049469964664
0.0032395759717314485
0.00013356890459363967
-0.0010466431095406362
-0.0004424028268551236
0.004695406360424029
-0.0015286219081272084
0.002313074204946997
0.0007575971731448768
-0.002571731448763251
-0.005971024734982332
-0.002104593639575972
0.0026939929328621904
0.0059660777385159005
-0.0009575971731448762
-0.0009123674911660777
0.002421201413427562
-8.409893992932814e-05
0.0019484098939929336
-0.0014869257950530046
0.0019844522968197878
-0.0022848056537102474
-0.001374558303886925
-0.0004226148409893989
0.002217667844522968
-0.00018233215547703213
0.001663604240282685
-0.003507420494699647
-0.003862897526501766
0.0013752650176678438
0.0012643109540636046
-0.002520141342756184
-0.0025639575971731455
0.00031024734982332134
-0.001993639575971732
0.0021533568904593637
0.001602120141342756
-0.0026014134275618374
-0.0016226148409893995
-0.003395053003533569
-0.0015703180212014128
0.0005780918727915194
-0.00029187279151943386
0.004293286219081272
0.0005194346289752655
0.003383745583038869
-0.003332155477031802
-0.002563250883392226
-0.00010388692579505333
0.0009265017667844523
-0.0009752650176678442
0.000707420494699647
0.0025307420494699645
7.773851590105887e-06
0.0038416961130742057
0.007167491166077737
0.004185159010600706
-0.003998586572438163
0.0006600706713780921
-0.0020091872791519433
0.0002692579505300353
0.003327208480565371
0.001123674911660778
-0.0027392226148409892
-0.0024395759717314486
0.005372438162544169
0.0014996466431095408
0.0025378091872791525
0.001510247349823322
-0.0005915194346289755
0.0012261484098939931
0.0029342756183745582
0.0022282685512367492
0.002886219081272086
-0.005186572438162544
0.0015674911660777384
-0.004089752650176678
-0.001891872791519435
-0.003361837455830389
-0.001379505300353357
-0.0011547703180212014
-0.0005095406360424034
0.0036056537102473513
-0.0009279151943462903
0.002156183745583038
0.0005102473498233208
-0.0019293286219081265
-0.0011787985865724378
9.823321554770335e-05
0.0001363957597173136
-0.002862190812720848
0.0020699646643109544
0.003322968197879859
0.004592932862190812
-0.0012282685512367494
-0.001007773851590106
0.0004876325088339227
-0.0013674911660777381
-0.0005265017667844532
-0.0002678445229681976
0.0009010600706713781
0.003838869257950531
0.001446643109540636
-7.632508833922255e-05
-0.0003406360424028272
-0.002725795053003533
-0.002070671378091872
1.413427561837467e-05
-0.00043321554770318075
-0.00028056537102473446
0.0010657243816254416
-0.0006600706713780923
0.0012565371024734978
0.001345583038869258
0.000949116607773852
0.000534275618374558
0.0012975265017667835
0.0013646643109540642
0.00232226148409894
0.0006657243816254415
0.0024035335689045942
0.00257173144876325
0.0016042402826855124
-0.00456113074204947
-0.0029441696113074204
0.0053300353356890455
0.003139929328621908
-0.00040989399293286135
-0.003014840989399293
-0.0003865724381625436
0.0031575971731448767
0.003698233215547704
-0.00036042402826855213
0.0016416961130742054
-0.0005385159010600706
-0.001024028268551237
0.005104593639575971
-0.0030021201413427574
-0.004289045936395759
0.005142049469964664
0.0008996466431095408
-0.00019575971731448764
0.0009971731448763252
0.001964664310954063
-0.0009936395759717314
0.0012452296819787983
0.00168339222614841
-0.002404240282685512
0.0005180212014134274
0.0016932862190812722
-0.0005519434628975268
0.0033922261484098937
0.0047519434628975265
-0.0011102473498233213
0.0027229681978798593
-0.0009802120141342756
-0.003873498233215548
0.005445936395759717
-0.002501766784452297
0.001112367491166079
0.0042614840989399294
0.004611307420494699
0.0008261484098939937
-0.0010077738515901062
0.005697526501766785
0.004614134275618375
0.005593639575971732
-0.0006600706713780921
-0.004925795053003533
0.0020084805653710247
0.0039279151943462905
0.00018162544169611307
0.005342756183745583
-0.0021512367491166072
0.002948409893992933
-0.00023321554770318003
0.0012318021201413428
0.0023526501766784457
-0.0004508833922261483
0.0015950530035335681
-0.0012091872791519427
-0.0032784452296819792
0.0017710247349823317
2.826855123675385e-06
0.0006989399293286219
0.002834628975265018
-0.001111660777385159
-0.004384452296819787
0.00376042402826855
0.0026515901060070665
-0.00387208480565371
0.001438162544169612
0.0014310954063604245
-0.0002593639575971736
-0.0017307420494699645
-0.0027780918727915195
-0.001971731448763251
-0.0008833922261484103
0.003686219081272085
-0.0006190812720848061
-0.0007328621908127212
-0.004120141342756184
0.0031646643109540643
0.0023893992932862195
0.005780918727915194
-0.0035477031802120147
0.004168197879858657
0.0025236749116607773
0.0010473498233215547
-0.0019689045936395755
6.713780918727951e-05
0.004214134275618375
0.002826148409893993
-0.0012628975265017678
-0.00185017667844523
0.006282685512367491
-0.001863604240282685
0.0026409893992932866
0.0040692579505300355
-0.002233922261484098
0.0018127208480565368
5.512367491166177e-05
0.0014204946996466436
-0.0007999999999999999
-0.000987985865724382
0.0001787985865724382
0.002287632508833923
-0.0023597173144876333
-0.002287632508833922
0.0028636042402826857
-0.0005420494699646641
0.002600706713780919
-0.0006332155477031798
-0.0003759717314487632
0.0008671378091872797
-0.00219434628975265
-0.00013639575971731432
-0.0030522968197879857
0.0006014134275618376
-0.001446643109540636
-0.002297526501766785
0.0025908127208480575
-0.0012480565371024734
0.0024544169611307423
-0.0048303886925795065
0.0017583038869257953
-0.0010939929328621903
0.0005215547703180219
-0.002159717314487633
-0.0023653710247349825
-0.002330742049469964
0.003185865724381626
-0.0015017667844522986
0.0016939929328621906
0.0005802120141342755
0.0005505300353356893
-0.0019229681978798576
-0.000715901060070672
0.0026014134275618374
-0.0006946996466431102
-0.0029639575971731453
-0.003966077738515901
0.00010035335689045929
0.004392932862190813
-0.00023180212014134273
0.0049773851590106
-0.0003759717314487642
-0.005909540636042402
0.0037696113074204944
-0.002457243816254418
-0.0009526501766784454
0.0017123674911660779
0.0014883392226148421
-0.0006551236749116608
0.0015017667844522975
0.00012932862190812738
-0.0011915194346289754
0.001201413427561837
0.007601413427561837
-0.004184452296819788
0.002242402826855123
-0.003669964664310954
-0.002311660777385159
-0.0030056537102473497
-0.001739222614840989
-0.0024614840989399295
-0.0006438162544169616
-0.0025448763250883392
0.0019017667844522968
0.0020113074204946993
-0.0023257950530035333
-0.0017123674911660785
-0.00041978798586572404
0.00031802120141342764
-0.0008579505300353357
-0.0017031802120141346
0.004748409893992933
0.0029893992932862193
0.005122261484098941
0.00027844522968197894
-0.003217667844522968
0.0028445229681978794
0.0006176678445229672
-0.0029653710247349824
-0.0012989399293286221
0.001867844522968198
-0.0019512367491166074
0.0006530035335689046
-0.0014296819787985868
-0.0010805653710247345
-0.00011519434628975262
0.0029632508833922263
-0.0015674911660777384
0.0015279151943462894
-6.784452296819805e-05
-0.003531448763250883
-0.0003045936395759723
-0.0025038869257950525
-0.002212014134275618
0.002151943462897526
-0.001404240282685512
-0.00012791519434629008
0.001502473498233215
-0.00038303886925795017
0.001351943462897526
-0.00048339222614841
-0.0020113074204946993
-0.0009420494699646645
0.004174558303886925
0.0022275618374558307
0.0009568904593639577
0.0005731448763250878
0.0031434628975265015
-0.002584452296819787
0.001098939929328622
-0.0010289752650176698
0.0007915194346289756
0.0054770318021201405
9.187279151943472e-05
-3.5335689045934467e-06
-0.000474911660777385
-0.003867844522968197
-9.893992932862081e-06
-0.0008028268551236741
-0.0027399293286219074
0.0030063604240282682
-0.001289752650176679
0.00011307420494699696
-0.00026431095406360397
-0.0006770318021201419
0.0003314487632508842
-0.002938515901060071
0.003946996466431096
-0.0021335689045936398
0.005763957597173144
-0.0014876325088339225
-0.004860070671378091
-0.001689752650176678
-0.004017667844522968
0.000706713780918727
-0.005151943462897526
-0.0005045936395759718
-0.0006826855123674915
-0.0008318021201413424
-0.0009837455830388685
0.005054416961130742
-0.0034141342756183746
0.002553356890459364
-0.0009625441696113075
0.000614134275618375
0.001987279151943463
-0.0032932862190812717
0.001007067137809187
0.0007625441696113076
-0.0021243816254416965
0.004151236749116609
0.0033144876325088344
0.0007971731448763252
0.0011590106007067136
-0.00029045936395759715
-0.0031554770318021202
-0.0033660777385159015
-0.0062657243816254425
0.0026049469964664297
-0.0030897526501766784
0.0032190812720848064
-0.0008310954063604235
0.0005498233215547706
-0.002817667844522967
-0.002402120141342756
-0.00246643109540636
-0.00019575971731448786
-0.0021102473498233205
-0.003543462897526502
-0.0015462897526501772
0.0003519434628975266
-0.00215547703180212
0.00697243816254417
0.0007597173144876326
0.0007314487632508836
-0.005793639575971732
-0.0016007067137809193
0.003495406360424028
0.003380918727915195
7.349823321554766e-05
0.00279434628975265
0.000300353356890459
0.0010756183745583034
0.0030084805653710243
0.0028473498233215545
7.2791519434629e-05
-0.004263604240282687
-0.0018204946996466438
-0.0006544169611307417
0.0009448763250883392
0.002449469964664311
-5.017667844523004e-05
0.0011851590106007072
-0.0019356890459363949
0.000908833922261484
0.003144169611307421
0.0008077738515901057
-0.006974558303886926
-0.0008537102473498236
-0.000820494699646643
-4.734982332155505e-05
0.003821201413427563
-0.002457950530035335
0.0012664310954063594
-0.0038763250883392226
0.0040763250883392235
-0.0016692579505300364
0.0010833922261484098
-0.0009123674911660785
-1.9787985865724555e-05
0.0015060070671378092
0.0019462897526501765
0.0028869257950530037
0.0015992932862190818
-0.002860070671378092
0.00133851590106007
0.002758303886925795
-0.00022190812720848123
-0.00043462897526501745
-0.00022261484098939988
-0.0021293286219081276
-0.0006409893992932865
0.002002826855123674
-0.0032176678445229685
0.0068614840989399285
-0.00046925795053003554
-0.0033123674911660784
0.0001703180212014139
0.002542756183745584
0.0016890459363957595
0.0008395759717314485
-0.0031837455830388698
-0.0029689045936395755
-0.0009809187279151942
0.00012791519434628989
-0.0012749116607773852
0.0007392226148409888
0.001779505300353357
-0.003171731448763251
-0.00022473498233215543
-0.0020254416961130745
-0.002067844522968198
-0.0033526501766784457
-0.004185159010600706
0.001009187279151943
0.004503180212014134
-0.0006212014134275621
-0.0018805653710247353
-0.006531448763250883
0.0007724381625441698
-0.00018374558303886884
-0.001992932862190812
0.0
-0.0018812720848056536
0.0013413427561837455
0.003596466431095406
-0.0030226148409893995
-4.66431095406362e-05
-0.004624734982332155
-0.0005180212014134275
-0.0003625441696113075
0.000885512367491166
-0.0018833922261484103
0.00024169611307420485
0.005838869257950531
0.0033010600706713782
-0.0021512367491166085
0.0008487632508833928
0.0022028268551236743
-0.0026042402826855124
-0.0007703180212014133
-0.0006310954063604235
-0.0009759717314487628
0.00028692579505300325
0.0038848056537102477
0.002835335689045936
0.002163957597173145
0.0037243816254416964
-0.002584452296819789
0.0027731448763250884
-0.0009886925795052999
-0.004869257950530036
-0.006171024734982333
-0.0012007067137809187
-0.006212720848056539
-0.001662190812720848
-0.001069257950530036
-0.002428268551236749
-0.00018091872791519458
-0.00031660777385159023
0.00032226148409893955
0.0021484098939929326
-0.0005858657243816251
0.002249469964664312
0.0026416961130742043
-0.002248056537102474
-0.001108833922261484
-0.0008848056537102472
0.0006035335689045939
-0.004232508833922262
-0.004360424028268551
0.002095406360424028
0.0036219081272084804
-0.001847349823321555
1.1307420494699284e-05
0.0001469964664310951
0.006091872791519435
-0.00027561837455830374
-0.0007342756183745577
0.000809893992932862
0.004219081272084806
-0.0032367491166077735
-0.00041342756183745504
0.005903886925795054
-0.0009328621908127203
-0.0010381625441696113
-0.002136395759717314
0.0016233215547703178
-0.0006014134275618371
-0.0033978798586572437
-0.0008749116607773848
-0.003995759717314487
-0.00431166077738516
0.0004897526501766775
-0.0018848056537102476
-0.0005469964664310956
-0.003452296819787986
-0.0036021201413427564
0.0007660777385159007
-0.0008261484098939931
0.0011462897526501768
0.0007540636042402834
-0.0010805653710247352
-0.0008113074204947001
0.0010000000000000002
0.0004932862190812717
0.004224734982332156
-0.0035462897526501776
0.002306713780918728
0.0016106007067137804
0.004498939929328622
0.002363957597173145
0.003863604240282686
-0.0032190812720848064
-0.005178091872791519
-0.004725088339222616
0.0008579505300353352
0.0017547703180212015
-0.003892579505300354
-0.0006798586572438163
0.0006607773851590104
0.003580918727915194
0.002560424028268551
-0.0018473498233215553
-0.0038586572438162547
0.0024021201413427554
-0.002390106007067138
0.0017886925795053002
-0.0005477031802120135
-0.00010530035335689043
0.0004565371024734977
0.001656537102473498
-0.0019427561837455825
-5.371024734982368e-05
-1.554770318021207e-05
0.005384452296819788
-0.0005568904593639577
-0.0011978798586572425
5.088339222614867e-05
-0.00042685512367491093
-1.7667844522968754e-05
0.0027406360424028276
-0.0016869257950530034
0.0006848056537102476
0.004997173144876326
-0.0030600706713780922
-0.0018438162544169609
0.0002240282685512362
0.002741342756183746
0.003433922261484099
0.0009957597173144872
-0.004068551236749116
-0.003973851590106007
-0.00027279151943462876
-0.0025858657243816256
-0.004751236749116608
0.0012939929328621908
0.004340636042402826
0.00019787985865724408
0.0020261484098939935
0.0010593639575971734
-0.005093286219081272
-0.0013286219081272085
0.0026544169611307424
-0.0017992932862190808
0.0025399293286219086
-0.0025363957597173145
7.27915194346288e-05
-0.00047561837455830367
0.004978798586572438
0.002138515901060071
0.0004106007067137812
0.00536113074204947
0.00046360424028268524
0.001215547703180212
0.002624734982332156
0.0014346289752650181
0.000274911660777385
0.0029116607773851592
0.0013024734982332157
0.001404240282685512
0.0010141342756183746
0.002291166077738516
-0.003669964664310953
0.0004056537102473499
0.0021074204946996467
-0.002911660777385159
-0.0011441696113074205
-0.0023279151943462893
0.0010106007067137805
-0.001045229681978799
0.003091166077738516
0.003437455830388692
0.0005413427561837456
0.003222614840989399
0.0016127208480565369
0.007047349823321555
-0.002766077738515901
-0.00019293286219081236
3.392226148409795e-05
0.0018353356890459362
0.0025137809187279147
-0.000850176678445229
-0.002095406360424029
0.0004480565371024732
-0.00011660777385158981
0.0008261484098939928
-0.0010445229681978801
-0.003589399293286219
-0.0011830388692579503
-0.0017943462897526503
-0.004549823321554771
-0.00325017667844523
-0.004151943462897526
-0.0008367491166077741
0.0027950530035335693
0.002366077738515902
-0.0018530035335689052
0.0007017667844522965
-0.0009872791519434623
0.0032544169611307423
0.002782332155477031
0.0031201413427561836
-0.001404240282685512
-0.0004409893992932865
-0.002708833922261484
-0.0004706713780918731
-0.0014727915194346292
0.002067844522968198
-0.0016826855123674917
0.0005858657243816254
0.0031307420494699647
0.0018975265017667842
0.00030035335689045925
-0.0027696113074204935
-0.003004240282685512
-0.002855830388692579
0.001293992932862191
-0.000893286219081272
-0.001320848056537103
-0.0008805653710247344
-0.00016113074204946958
0.002723674911660778
-0.0032332155477031803
-0.003004240282685512
0.00168339222614841
-0.0021745583038869252
0.0005187279151943456
0.001566077738515901
-0.0037356890459363957
-0.0004120141342756186
-0.003894699646643109
-0.00017526501766784445
-0.004542756183745583
0.0018035335689045944
0.0032445229681978805
0.0010113074204946995
-0.0003802120141342757
0.0006091872791519435
-0.0007696113074204952
0.0007844522968197888
-0.001017667844522968
-0.0008784452296819783
-0.0003144876325088342
-0.0020628975265017673
0.0027893992932862192
-0.0016381625441696122
0.00022826855123674874
0.00288339222614841
0.0011293286219081283
0.007233215547703179
-0.001089045936395759
-0.0005484098939929323
-0.0008692579505300349
0.0026459363957597173
0.0011222614840989402
0.0021441696113074205
0.003433922261484098
-0.0031088339222614847
0.0015215547703180204
-0.0007236749116607783
-0.0031349823321554777
0.004467844522968197
0.0016671378091872792
-0.0035759717314487634
0.00037738515901060074
0.0013731448763250893
0.004346289752650177
-0.0015759717314487631
-8.480565371025173e-06
0.005674204946996468
0.00356113074204947
0.005592932862190813
-0.0005406360424028272
0.0038021201413427565
0.0011724381625441687
0.0023265017667844527
-0.0002982332155477029
-0.00098303886925795
-0.0015335689045936401
-0.0022989399293286213
0.0015660777385159007
0.001884805653710247
-0.0005908127208480562
0.0014325088339222612
0.002234628975265018
-0.001255123674911661
-0.001506713780918728
-0.00027985865724381603
0.00276678445229682
-0.0037088339222614846
0.002160424028268551
0.0012819787985865723
0.002614134275618374
0.0010593639575971732
0.0019123674911660773
-0.004901766784452297
0.0041901060070671375
0.0022162544169611305
-0.006497526501766784
0.0025455830388692586
-0.0016353356890459365
-0.0020734982332155484
-0.003706007067137808
-0.0014784452296819793
-0.0004261484098939935
-0.004772438162544169
-0.0009681978798586571
-0.00017102473498233214
-0.0015300353356890461
0.004615547703180213
0.0019660777385159013
-0.002065724381625441
-0.0001554770318021203
0.003703886925795053
2.120141342756048e-06
0.004027561837455831
0.0033795053003533573
-0.0028876325088339227
-0.0012770318021201419
0.003637455830388692
0.002650883392226148
0.003852296819787985
0.0015130742049469965
0.004848763250883392
-0.005065724381625441
0.001957597173144876
-0.0029166077738515903
0.005221201413427562
-0.002932862190812721
0.0009674911660777388
-0.0010848056537102473
-0.002180918727915195
0.0013681978798586569
0.0005498233215547709
0.0009703180212014133
-0.004925088339222614
0.0008734982332155479
0.000313780918727915
-0.0032833922261484103
-0.0012911660777385162
0.002699646643109541
-0.00020848056537102453
0.001754063604240283
-0.0021286219081272087
0.0022784452296819796
0.003430388692579506
-0.002849469964664311
0.003545583038869259
-0.004879858657243817
0.002321554770318021
0.0017787985865724376
-0.0027689045936395763
0.0016544169611307424
-0.0007837455830388693
-0.006013427561837456
0.004183038869257951
-0.0015787985865724384
-0.003918021201413427
-0.0003872791519434634
0.000820494699646643
0.0016473498233215552
0.0007279151943462893
0.0008763250883392222
-0.0004657243816254418
0.001920141342756184
-4.381625441696062e-05
0.004058657243816255
0.004940636042402827
-0.002436749116607773
0.0032098939929328624
0.0002692579505300349
0.0036183745583038864
0.0031250883392226142
-0.002678445229681979
0.001004240282685512
0.0013208480565371024
-8.127208480565369e-05
0.00462756183745583
-0.0033971731448763243
-0.0008621908127208485
-0.0025130742049469966
0.0013441696113074208
-0.0003173144876325084
0.003125795053003534
-0.002614840989399293
-0.00220565371024735
-0.0015653710247349817
-0.0009102473498233213
-0.0012734982332155472
0.00022473498233215524
0.002518021201413427
0.0011003533568904591
0.0036212014134275614
0.003190106007067138
0.00015830388692579468
0.0017088339222614845
0.0021300353356890453
0.0018282685512367486
0.00022544169611307408
-5.300353356890484e-05
0.0032077738515901063
0.0008791519434628974
0.00259505300353357
0.0023151943462897525
-0.0014713780918727915
0.0046734982332155475
0.0007067137809187281
0.0018558303886925791
0.0006798586572438161
0.002869964664310955
-0.002891872791519435
-0.003383745583038869
0.002081272084805654
-0.0009533568904593637
0.002406360424028269
0.0011060070671378094
0.0023272084805653704
0.0023597173144876333
0.004674911660777385
-0.0012275618374558302
-0.00398374558303887
-0.00021837455830388714
-0.003917314487632509
0.0005151943462897528
-0.002647349823321555
-0.0005681978798586574
-1.2720848056537074e-05
0.003721554770318021
-0.0007427561837455828
-0.0036190812720848058
-0.000860777385159011
0.0012593639575971733
-0.0023250883392226156
0.0006091872791519435
-0.0015222614840989396
0.0022431095406360425
0.0005893992932862189
-0.00026148409893992936
0.003653003533568905
0.002076325088339224
0.0007427561837455828
0.0014544169611307414
0.00041696113074204906
-0.003867844522968197
-0.002300353356890459
-0.006903886925795053
-0.0033660777385159024
3.886925795053007e-05
-0.0023929328621908126
-0.000423321554770318
-0.0024169611307420487
0.0009441696113074201
-0.002571024734982333
0.0016438162544169614
-0.0024339222614840977
0.0005703180212014132
-3.392226148409972e-05
-0.0005328621908127208
0.001691166077738516
0.000414840989399293
-0.0013151943462897523
0.001214840989399293
-0.005416961130742049
0.005678445229681979
0.0014254416961130732
0.0006261484098939924
-0.003156890459363957
-0.0016402826855123676
-0.0007992932862190815
0.00456678445229682
-0.0030975265017667846
-0.0009985865724381627
0.0008805653710247355
-0.003896113074204946
-0.0028826855123674916
-0.0003526501766784454
1.4134275618374963e-05
0.002414134275618374
-0.00014770318021201461
-0.001017667844522969
0.0026162544169611307
-0.00017031802120141408
-0.0017392226148409881
-0.003806360424028268
0.0011053003533568909
-0.0024713780918727926
-0.003293992932862191
-0.006939929328621909
0.001159717314487633
-0.007106713780918728
-0.00024593639575971806
-0.0018600706713780926
-0.001619081272084805
0.00014770318021201356
-0.00012155477031802066
0.0036911660777385158
0.0005462897526501771
0.0075109540636042384
0.0022042402826855127
0.0011943462897526498
-1.9081272084806006e-05
0.003896113074204946
-0.0034664310954063597
0.0011371024734982335
0.00037385159010600716
0.0011957597173144867
0.0008381625441696112
0.0011554770318021193
-0.004173144876325087
-0.000546996466431096
-0.0011908127208480565
-0.0068303886925795065
-0.0010056537102473492
-0.0018918727915194355
0.003973851590106007
-0.0024084805653710245
0.006931448763250884
0.004973851590106007
0.00016749116607773856
-0.0007385159010600698
0.002223321554770318
0.0024459363957597176
0.005800706713780918
0.0011823321554770318
-0.000846643109540636
-0.007369611307420493
-0.002311660777385159
-0.0058339222614841
0.0027731448763250884
-0.00046219081272084794
-0.0002459363957597171
0.0007356890459363958
-0.0003681978798586575
-0.0023512367491166078
0.0036091872791519436
-0.003589399293286219
-0.0041187279151943465
0.0027901060070671373
-0.004496113074204947
-0.0005950530035335692
0.0019780918727915196
-0.0018855123674911664
0.001372438162544169
-0.003016961130742049
9.893992932861886e-06
-0.0008233215547703172
-0.0001462897526501751
-0.0035568904593639575
-0.002183745583038868
0.001439575971731449
-0.00267208480565371
0.0007985865724381623
-0.0014819787985865735
-0.0015611307420494702
0.0015929328621908127
-0.0027194346289752644
0.004602826855123675
0.0022685512367491166
-0.0015201413427561835
-0.0028346289752650177
-5.795053003533588e-05
0.0026106007067137806
-0.000653710247349824
-0.001477031802120141
-0.0012084805653710244
-0.001088339222614841
-0.0012671378091872797
-0.0011116607773851584
-0.003534275618374559
-0.00113356890459364
0.006375971731448764
-3.392226148409893e-05
0.0022819787985865737
0.0005342756183745583
-0.004715194346289752
-0.0022989399293286213
0.0012664310954063598
0.0032289752650176686
-0.0030084805653710247
0.002525795053003533
-0.00023604240282685423
-0.0025915194346289748
0.0008883392226148414
0.00032367491166077804
-0.0005378091872791521
0.0015632508833922259
-0.0010650176678445242
-0.0003893992932862195
-0.002425441696113074
0.004376678445229681
0.002766077738515901
-0.0006113074204946996
0.0008671378091872792
0.00044593639575971723
-0.0011526501766784454
0.00035901060070671375
0.0007696113074204939
0.0071462897526501775
0.001615547703180212
0.002082685512367491
0.0026035335689045935
-0.0012402826855123675
0.0013604240282685514
-0.0025802120141342755
-0.002049469964664311
-0.0015342756183745585
-0.001330742049469965
-0.0013356890459363946
-0.0004678445229681981
0.0023780918727915193
-6.219081272084749e-05
-0.0014530035335689037
-0.0027038869257950526
-0.0019335689045936388
-0.0028628975265017668
-0.003984452296819789
0.0006212014134275615
-0.0027314487632508827
0.0029816254416961136
-0.0015321554770318015
0.0021766784452296817
-0.0009349823321554773
-0.0032127208480565374
0.000748409893992933
0.00250530035335689
-0.0028395759717314475
-8.975265017667846e-05
0.0003816254416961128
0.003945583038869258
-2.402826855123626e-05
0.0023335689045936394
-0.0012826855123674913
-0.0052946996466431105
0.004253710247349824
0.006024028268551237
-0.00043038869257950576
0.0025625441696113084
-0.0034325088339222615
-0.001669257950530036
0.006492579505300353
0.001303180212014134
-0.003963957597173145
-0.0014572438162544163
0.0019265017667844523
0.0026226148409893998
-2.4028268551236652e-05
-0.001643109540636042
0.0005583038869257954
-0.0050530035335689056
0.0010840989399293285
-0.0014840989399293287
9.823321554770363e-05
0.0009646643109540637
-0.0014636042402826849
-0.0077575971731448775
-0.0023173144876325086
0.0007802120141342752
-0.0031823321554770322
-0.0011710247349823323
-0.0021144876325088335
0.003392932862190812
-0.00498303886925795
-0.0018325088339222614
0.0012113074204946996
0.00307773851590106
0.0046473498233215544
-0.0007943462897526503
0.00036537102473498193
0.0017060070671378095
0.001851590106007068
-0.0060692579505300355
0.0009681978798586571
0.00018303886925795018
0.0017830388692579504
-0.00677173144876325
0.0012332155477031805
-0.0010791519434628976
0.0017583038869257957
0.0009491166077738508
-0.0048
0.0035738515901060064
-0.004742049469964664
-0.0040897526501766784
-0.004484098939929329
-0.0025498233215547703
0.0004120141342756186
-0.0017660777385159014
0.00038657243816254467
-0.002710247349823322
0.0018042402826855114
-0.002837455830388693
-0.0011526501766784454
0.0007674911660777384
-0.0018374558303886918
0.0005137809187279155
0.0010000000000000005
-0.0017250883392226145
-0.0021363957597173144
-0.0015583038869257948
-0.0005696113074204951
-0.0016614840989399291
0.0034946996466431084
0.002792932862190813
0.00041696113074204944
-0.0033865724381625445
0.0009045936395759717
0.0022007067137809187
0.0022113074204946994
0.004685512367491165
0.0022840989399293297
0.002566077738515901
0.0016226148409893993
0.002305300353356891
-0.0011399293286219092
0.0015187279151943462
0.005067844522968197
-0.0006805653710247359
0.007611307420494699
-0.0010247349823321557
0.0019540636042402826
0.0019681978798586574
0.0024296819787985873
-0.002845936395759718
-0.0010183745583038865
0.004009187279151944
0.00037667844522968247
0.004297526501766785
0.0009130742049469955
-0.002103180212014135
0.0028699646643109526
0.002130742049469965
0.002161837455830388
0.00394416961130742
0.005251590106007067
0.0016989399293286219
-0.0006381625441696117
0.0026614840989399296
0.0019434628975265014
-0.0009074204946996463
0.0036310954063604245
-0.0032996466431095407
-0.0008240282685512368
-0.0006254416961130743
-0.004119434628975265
0.0044070671378091866
0.00028127208480565355
0.0008197879858657248
-0.0016643109540636042
-0.0021392226148409903
-0.0020028268551236746
-0.0022946996466431096
0.0005166077738515897
-0.002842402826855124
-0.0030360424028268553
-0.002712367491166078
-0.0006388692579505302
0.00012014134275618376
0.001597879858657244
-0.0004169611307420498
-0.009580918727915196
-0.005510247349823322
-0.0022579505300353367
0.0014784452296819788
0.0043385159010600706
0.0021045936395759717
0.0016212014134275618
0.0007957597173144877
0.0008098939929328625
0.0017653710247349822
0.0006268551236749114
0.0016120141342756186
-0.0014621908127208474
-0.000404240282685512
-0.0003915194346289755
0.001779505300353357
0.004583745583038869
0.000630388692579505
0.003110247349823322
0.0028678445229681974
0.00014982332155477068
0.00010883392226148309
-0.002624734982332156
-0.0037660777385159004
-0.0033427561837455827
0.0015929328621908123
-0.000663604240282686
0.000996466431095406
0.0005003533568904592
0.0006473498233215554
-0.0011526501766784447
0.0027639575971731447
0.0027484098939929325
0.002539929328621908
-0.0018424028268551236
-0.0010360424028268552
-0.0036155477031802126
-0.004669964664310955
0.0009477031802120147
0.00032720848056537146
0.0031067137809187278
-0.001410600706713781
-0.0008600706713780923
-0.0012812720848056538
-0.00294982332155477
-0.0006268551236749118
-0.004178798586572437
-0.007023321554770316
0.0021484098939929326
-0.004496819787985866
0.0034904593639575963
0.003284805653710248
-0.0006798586572438171
-0.0024840989399293285
0.0007886925795052999
0.0001950530035335686
-0.0034310954063604244
-0.0024572438162544174
0.0006968197879858655
-0.0011279151943462899
-0.002901060070671378
-0.003240282685512367
-0.003359717314487633
0.0010954063604240287
-0.0035830388692579505
-0.0012742049469964658
0.00044734982332155475
0.0023229681978798595
0.0020911660777385164
-0.0017561837455830392
-0.0062572438162544165
-0.0035568904593639584
-0.0024494699646643112
-0.0008904593639575969
0.002484805653710246
-0.00211095406360424
0.004397879858657244
-0.000439575971731448
0.006583745583038869
-0.00038233215547703195
-0.0011399293286219086
0.0005696113074204956
-0.0021512367491166077
-0.00135547703180212
-0.0036466431095406346
0.0038197879858657244
0.0005766784452296821
0.0012742049469964668
0.0038798586572438166
0.005759717314487632
-0.00035618374558303866
-0.002091166077738516
-0.003645229681978799
0.0008883392226148416
-0.0001427561837455828
0.002561837455830388
0.003953356890459363
-0.0006932862190812719
0.0011851590106007068
-0.0006014134275618375
-0.0028233215547703184
0.00036466431095406307
0.004151943462897527
0.00010954063604240277
-0.0025554770318021213
0.00376678445229682
-0.0036289752650176684
0.0008706713780918729
0.0031399293286219084
-0.0037929328621908124
0.0010134275618374562
0.0006713780918727917
-0.004797173144876325
-0.0012303886925795055
-7.561837455830419e-05
-0.0027024734982332155
0.0013003533568904603
-0.00038798586572438186
0.0037279151943462895
0.0012989399293286221
0.0005427561837455829
-0.002761837455830389
-0.005178798586572438
-0.0016204946996466432
0.0005038869257950532
0.0015964664310954067
0.0041639575971731445
0.004069964664310955
-0.0042409893992932865
0.00021201413427561803
0.0019985865724381625
-0.00283886925795053
0.0014120141342756178
-0.0010961130742049476
0.0014614840989399295
-0.005045229681978797
-0.002638162544169612
-0.0025681978798586568
-0.0016360424028268553
-9.187279151943451e-05
-3.321554770318048e-05
0.004696113074204947
0.004891872791519434
0.002481978798586572
0.0026756183745583043
0.007397879858657245
-0.0010508833922261481
0.0035971731448763253
-0.00045017667844522876
0.003571024734982332
0.000804240282685513
0.0034042402826855124
-0.004167491166077738
-0.0021780918727915192
0.0010438162544169605
0.0011448763250883392
-0.001221908127208481
-0.00022120141342756142
-0.0017653710247349825
-0.0027886925795053
-0.0030007067137809186
-0.0034303886925795063
-0.0069936395759717315
-0.002284098939929328
0.0034770318021201414
-0.00871166077738516
-0.0018657243816254422
-0.00035123674911660815
0.0001307420494699639
-0.0022148409893992943
0.0014607773851590107
-0.0016240282685512375
-0.0013929328621908128
-0.0017999999999999995
-0.00026855123674911604
-0.0018197879858657244
0.0010727915194346288
0.0013243816254416962
-0.0014734982332155475
-0.0032840989399293284
-0.005342756183745583
0.003354770318021201
-0.0011498233215547701
-0.0008148409893992932
-0.0021081272084805653
0.0007236749116607775
0.0008946996466431107
-0.00014204946996466397
-0.002976678445229681
-0.0007512367491166082
0.0018537102473498229
0.0010699646643109542
0.00265512367491166
4.0989399293285824e-05
0.0026268551236749114
-0.001653710247349823
-0.0023526501766784457
0.002360424028268551
0.0005208480565371026
0.0017243816254416961
-0.0004063604240282689
-0.004143462897526502
-0.001360424028268552
0.003018374558303886
-0.002448763250883392
0.0028148409893992933
-0.0018678445229681974
-0.003061484098939929
-0.003101766784452297
0.0017696113074204952
-0.005130742049469964
0.0020558303886925792
0.0044551236749116605
-2.261484098939896e-05
-0.0021561837455830383
0.0027816254416961127
-0.002946996466431095
-0.0021858657243816254
0.0019095406360424036
0.0008148409893992932
-0.0020628975265017664
-0.0011886925795053004
-0.0012989399293286221
0.0006586572438162541
6.784452296819766e-05
-0.0027116607773851587
-0.001037455830388693
0.0014876325088339216
-0.00220565371024735
0.003272791519434628
-4.38162544169616e-05
0.004760424028268551
0.0013017667844522972
0.005686925795053004
0.0010014134275618373
-0.00045724381625441684
-0.0039731448763250885
-0.001424734982332155
0.002217667844522969
-0.0003307420494699654
0.0009371024734982338
-0.004091872791519434
0.00040918727915194373
-0.0013540636042402834
-0.00456113074204947
0.0002798586572438167
0.00040494699646643107
-0.0011830388692579512
0.0024261484098939924
0.0012734982332155479
0.0001590106007067143
-0.0012975265017667848
-0.000721554770318021
0.0023208480565371026
-0.0008607773851590103
-0.003910247349823322
-0.001841696113074205
0.003954063604240283
0.0026056537102473495
0.0004367491166077738
-0.0055293286219081274
0.0013222614840989401
-0.002140636042402827
0.00120565371024735
-0.0007590106007067136
-0.0008289752650176676
-0.004680565371024735
-0.004725088339222616
0.004005653710247349
0.0012671378091872786
-0.002990812720848057
-0.0006113074204946995
0.0008749116607773849
0.00043745583038869303
-8.480565371024762e-05
0.004115194346289752
-0.0014028268551236746
-0.0019300353356890452
-0.0016989399293286219
-0.004590812720848058
-0.001397173144876325
-0.0020869257950530042
-0.004387985865724381
0.0033964664310954062
0.0016155477031802113
-0.003891166077738515
-0.00466713780918728
-0.0005759717314487635
0.0031038869257950523
-0.0024636042402826856
-0.005720141342756184
-0.001130035335689046
0.005889752650176679
0.0016501766784452294
-0.0057067137809187285
0.001903180212014134
-0.00039929328621908164
-0.004240282685512366
0.00027703180212014104
-0.0012028268551236758
0.006038162544169612
0.0011632508833922263
0.0017038869257950534
0.0008530035335689053
0.0004148409893992932
-0.002279858657243817
0.00022402826855123675
-0.0028339222614840996
0.0017038869257950532
0.002029681978798586
2.7561837455830295e-05
0.001454416961130741
0.0002035335689045939
0.001308127208480565
0.0028522968197879865
-0.007093992932862191
-0.0008063604240282688
0.0024833922261484104
-0.000738515901060071
-0.00012791519434629
-0.00038374558303886985
0.0037795053003533566
0.003125088339222615
0.004873498233215548
-0.0043908127208480575
-0.0005116607773851591
0.0022869257950530034
0.0015604240282685513
0.0016812720848056538
-0.004253003533568904
5.51236749116602e-05
-0.004352650176678445
0.0016968197879858656
-0.0005420494699646646
0.0032515901060070672
0.0013229681978798584
-0.00024805653710247325
0.002858657243816254
-0.0005427561837455828
0.003662190812720848
-0.0013399293286219085
0.0033540636042402824
-0.00012296819787985767
-0.004407773851590105
0.001685512367491166
0.00030954063604240247
-0.0019236749116607777
0.0005406360424028268
0.003484805653710247
-0.0008296819787985869
-0.00564946996466431
-0.0022247349823321543
0.0018219081272084804
0.00013003533568904614
0.0010508833922261488
0.0007879858657243816
0.0018946996466431088
0.0012996466431095413
0.0053766784452296814
0.004841696113074205
0.0006833922261484103
-0.0002607773851590107
0.004246643109540636
0.004013427561837456
0.0023413427561837464
-0.0014848056537102468
0.006889045936395759
0.0007766784452296824
0.0005187279151943468
-0.002400000000000001
0.00024876325088339234
0.002768904593639576
-0.00047773851590106044
-0.00022049469964664374
-0.0009399293286219079
-0.003426148409893993
-0.0012593639575971738
0.002146996466431096
0.00045441696113074164
0.0016431095406360422
-0.0014254416961130738
0.0008445229681978796
-9.8939929328622e-05
-0.00196678445229682
0.001116607773851591
0.00486148409893993
-0.00425017667844523
0.002514487632508834
-0.0013363957597173144
-0.0013773851590106008
0.0007201413427561832
0.002169611307420495
0.0032162544169611305
-0.003958303886925796
-0.002118021201413427
0.001202826855123675
-2.6148409893993192e-05
-0.0027802120141342756
0.0016
0.004362544169611306
-0.006223321554770319
0.002358303886925795
0.0026954063604240287
0.002637455830388693
0.0009901060070671374
-0.0006798586572438159
0.003267844522968198
-0.002223321554770318
0.0011045936395759715
-0.0014939929328621911
0.00022332155477031813
-0.0018282685512367495
0.0014204946996466436
-0.00014770318021201434
-0.002260777385159011
0.0011632508833922255
0.002951943462897527
-0.0063674911660777395
-0.00033003533568904585
-0.0058247349823321555
0.0024035335689045934
-0.004074204946996466
-0.0041392226148409894
-0.0007653710247349823
-0.0012742049469964668
0.0001717314487632504
-0.0013279151943462902
0.001250883392226148
0.0022968197879858652
0.00226643109540636
0.0002869257950530041
0.003347703180212014
-0.002720141342756184
-0.0007194346289752654
0.0008621908127208482
-0.0011088339222614842
0.00200565371024735
-0.001979505300353358
0.0014650176678445224
0.0026961130742049464
0.0017385159010600707
0.0012537102473498232
0.004256537102473498
0.0031533568904593638
-0.0004056537102473495
-0.0003561837455830385
-0.004329328621908128
-0.0008310954063604231
0.0024770318021201413
0.00068904593639576
-6.855123674911685e-05
0.0019116607773851592
-0.00039222614840989393
-0.000174558303886926
0.0025689045936395758
0.003956890459363958
-0.0032077738515901067
0.005658657243816255
0.0026982332155477034
-0.00012720848056537034
0.0030014134275618367
0.0002169611307420497
0.00118303886925795
0.0013448763250883385
0.0005462897526501767
-0.00041837455830388674
-0.0009053003533568903
-0.0030756183745583037
0.004786572438162544
0.00444946996466431
-0.0015639575971731455
-0.002547703180212014
0.0027385159010600703
0.001954063604240283
-0.0033505300353356897
-0.0007999999999999998
-0.0017455830388692578
0.001975971731448764
-0.0013491166077738515
-0.002908833922261484
-0.00145583038869258
0.002084098939929329
-0.0011985865724381632
-0.00028480565371024745
-0.0032070671378091873
-0.0024091872791519443
-0.0026219081272084803
-0.0028183745583038864
0.0018318021201413422
-0.0017038869257950528
0.0015314487632508834
-0.00128339222614841
0.0009363957597173149
-0.004522261484098939
-0.0016586572438162545
0.0007469964664310957
0.0025653710247349813
-0.0018409893992932867
-0.0015385159010600708
-0.00013568904593639573
0.004093286219081272
-0.0023809187279151944
-0.0007901060070671378
0.004057243816254417
-0.002150530035335689
0.0007067137809187278
0.0002904593639575975
0.0015759717314487622
-0.002383745583038869
0.0016431095406360427
0.0016424028268551241
0.0033561837455830384
-0.0008727915194346294
0.0011342756183745578
0.0017568904593639571
0.001493286219081272
0.00024240282685512366
0.0015116607773851586
-0.003852296819787985
0.0012954063604240288
-0.0018869257950530041
0.00016183745583038853
0.0011427561837455823
-0.0034989399293286223
-0.0007434628975265017
0.0009187279151943467
-0.003043109540636043
-0.0024621908127208485
0.001127915194346289
0.002334982332155477
-0.0004318021201413433
0.0019484098939929332
0.00010954063604240312
0.00377243816254417
-0.004237455830388692
0.0005908127208480569
0.0008346289752650177
0.004901060070671378
-0.003884098939929329
-0.0039208480565371025
-0.003026148409893993
3.6042402826855075e-05
-0.0008946996466431095
-8.056537102473533e-05
-0.0012374558303886933
-0.006215547703180212
-0.004703886925795053
-0.0021222614840989396
0.002409187279151944
0.0007936395759717311
0.00021201413427561797
0.0015448763250883394
-0.0003738515901060074
0.0057286219081272086
0.0023985865724381627
-0.0008954063604240287
0.0021335689045936398
-0.0012742049469964666
-0.0004848056537102486
0.0034063604240282684
0.0042367491166077735
0.0024183745583038867
0.0032975265017667846
0.0033236749116607772
-0.0012169611307420488
0.0038614840989399293
0.0007088339222614843
0.0029985865724381612
0.0011335689045936397
-0.007052296819787986
-0.0016840989399293284
0.0018113074204946995
0.0018000000000000002
0.001654416961130742
0.0018091872791519434
0.0015257950530035333
-0.0030515901060070663
0.0023738515901060068
0.00102826855123675
-0.004362544169611307
-0.0001208480565371025
0.0013971731448763254
-0.002549116607773851
0.0006098939929328625
0.00253851590106007
-0.0023356890459363963
0.00301696113074205
0.0010212014134275615
-0.0031159010600706714
-0.0009420494699646641
-0.0013858657243816257
0.004539222614840989
-0.00039505300353356854
0.002123674911660777
0.0028734982332155475
5.865724381625384e-05
0.0001455830388692584
0.002153356890459364
-0.00252296819787986
0.00108339222614841
-0.005809893992932862
-0.0021095406360424037
0.0006339222614840993
-0.0006713780918727919
0.0025971731448763257
0.002845936395759717
-0.0027194346289752653
-0.0027554770318021205
-0.0010897526501766782
0.0010975265017667847
0.003493286219081272
-0.0029130742049469967
-0.003554063604240282
-0.0019858657243816253
0.0004416961130742053
-0.0001823321554770322
-0.003640282685512368
-0.0006204946996466428
0.0011809187279151938
0.0010318021201413425
-0.001267137809187279
0.00107773851590106
-0.003024734982332156
-0.002297526501766785
-0.0006883392226148407
0.002626855123674912
-0.00017102473498233225
0.0021830388692579508
-0.00033144876325088277
0.0019519434628975266
0.0006134275618374562
-0.0021123674911660774
-0.0016763250883392229
-0.0033236749116607777
0.008335689045936396
0.0009335689045936398
0.003359717314487633
-0.0028628975265017668
-0.0013625441696113072
0.0010459363957597166
0.0016579505300353358
-0.0019872791519434624
-0.002004946996466431
0.0012106007067137804
0.002639575971731449
-0.002491166077738516
0.0022289752650176686
0.0024946996466431092
0.0014989399293286224
0.0025060070671378103
0.0047985865724381625
-0.0065498233215547695
-0.0021455830388692576
-0.00480565371024735
-0.00034699646643109614
0.001803533568904593
-0.0008734982332155476
-0.0034098939929328633
0.0014091872791519432
-0.0008530035335689039
-0.002867844522968197
0.0009067137809187281
0.0012918727915194345
5.72438162544173e-05
-0.002143462897526502
-8.692579505300288e-05
-0.0022890459363957595
0.0007646643109540639
0.0012862190812720845
0.0006636042402826858
-0.0075929328621908146
0.0017038869257950528
-0.004506713780918729
-0.001530742049469965
-0.0008339222614840993
-0.004047349823321555
0.00265512367491166
0.00552226148409894
-0.006004240282685511
-0.002150530035335689
0.004616254416961131
-0.003380918727915195
0.0017992932862190812
-0.0049886925795053
0.0007045936395759716
-0.00558303886925795
-0.0025420494699646646
0.0001703180212014133
0.004428975265017668
-0.0014855123674911656
0.0021957597173144876
0.0037300353356890465
-0.005469257950530035
0.000992932862190813
0.004721554770318021
0.0012289752650176677
-0.00016395759717314506
-0.00027137809187279156
0.002991519434628975
0.0006869257950530036
0.0013462897526501764
0.002792226148409894
0.0006586572438162548
-6.007067137809193e-05
0.0009674911660777387
-0.003829681978798586
-0.0003130742049469959
-0.0019787985865724386
0.0024678445229681972
-0.005681272084805654
0.0003505300353356893
-0.0003816254416961138
0.00014487632508833966
0.0034791519434628974
0.0015646643109540638
-0.002430388692579505
-0.005286925795053003
0.0011399293286219088
-0.0019908127208480564
-0.0033243816254416953
-0.003575265017667845
-0.0013010600706713782
0.0031257950530035328
-0.003787279151943463
-0.0013484098939929331
-0.0029929328621908125
-0.000985865724381625
-0.0005646643109540636
-0.0013045936395759724
0.003214840989399294
-0.0005929328621908126
0.0038671378091872785
-0.0005505300353356895
-0.0013363957597173149
-0.0015823321554770315
0.0002445229681978797
0.002723674911660777
0.0010862190812720844
0.0004438162544169613
-0.00011024734982332108
0.002785159010600707
0.0023363957597173136
0.002149116607773852
0.003036749116607774
0.004101060070671379
0.0005745583038869256
0.0013222614840989403
-0.0011413427561837454
0.004431095406360424
0.00016890459363957572
0.0013929328621908124
-0.002349116607773851
0.00037879858657243804
0.0004084805653710256
-0.0010106007067137816
0.003890459363957597
0.0010862190812720844
-0.0018113074204946999
-0.0012402826855123677
0.002196466431095406
-0.00533286219081272
0.0010671378091872794
-0.008838162544169612
-0.002874204946996467
0.0018007067137809185
0.0036727915194346285
0.00045300353356890493
0.000602120141342756
5.653710247349985e-06
0.000841696113074205
-0.002358303886925794
0.0032106007067137813
-0.0009378091872791517
0.0009533568904593633
0.00014487632508833857
0.0036000000000000003
-0.0010409893992932857
-0.0016593639575971733
0.0021187279151943456
-0.000293992932862191
0.0041901060070671375
-0.0008727915194346296
0.0007130742049469966
-5.512367491166113e-05
-0.004127208480565371
6.572438162544152e-05
-0.0006593639575971725
0.0021597173144876332
0.001913780918727914
-0.0035710247349823327
-0.0027434628975265022
-0.0010275618374558301
0.0005978798586572432
0.0031505300353356896
0.0028699646643109544
-0.001792932862190813
-0.003527208480565371
0.0016833922261484105
0.002241696113074205
-0.000400706713780919
-0.002573851590106006
0.0003992932862190808
-0.00037526501766784495
-0.002696113074204947
0.001938515901060072
-0.00016395759717314525
-0.004450176678445231
-0.0006558303886925787
-0.0015448763250883394
0.0010692579505300354
-0.004106007067137808
0.0008120141342756184
0.0014742049469964658
-0.005128621908127208
0.0003787985865724376
-0.0001893992932862194
-0.0008155477031802119
-0.0024212014134275617
-0.00224452296819788
0.0020204946996466426
-0.0009865724381625438
0.00040494699646643123
-0.001626148409893993
0.0007116607773851587
0.0028954063604240284
-0.0018961130742049474
-0.0005484098939929324
0.0019250883392226143
0.004096113074204948
-0.0017477031802120143
-0.0013385159010600711
-0.0022120141342756184
0.002954063604240283
0.004455123674911661
-0.0009837455830388685
0.0006070671378091874
0.0013660777385159004
0.003372438162544169
0.002192932862190813
0.0010247349823321555
0.0023674911660777386
-0.0021038869257950527
-0.005098939929328622
0.0010826855123674914
-0.006655123674911661
-0.0018699646643109537
0.0010876325088339217
0.0015406360424028262
0.0013236749116607776
0.0010007067137809183
0.0009243816254416961
-0.001128621908127208
-0.0014353356890459362
-0.0037455830388692583
-0.0006621908127208483
-0.002237455830388692
0.0003109540636042399
-0.0042614840989399294
-0.003775971731448763
0.00019293286219081325
0.0034120141342756185
-0.003075618374558304
-0.001832508833922261
-0.0035512367491166083
0.00018021201413427577
0.003532862190812722
-0.0019060070671378096
0.0011561837455830394
-0.0027929328621908132
0.0027441696113074203
-0.0004318021201413426
-0.00030247349823321536
0.00021272084805653682
0.000766077738515901
-0.00771166077738516
0.0005929328621908121
-0.004764664310954065
0.0016459363957597175
-0.00036113074204947003
0.0008876325088339225
-0.00023250883392226217
-0.0035441696113074203
-0.0006134275618374564
-0.0007632508833922258
-0.00507208480565371
-0.0001879858657243813
0.0011625441696113072
0.0017342756183745588
-0.0012819787985865732
0.0031095406360424024
0.0012961130742049469
-0.0037915194346289753
0.0028148409893992933
-0.0003738515901060069
0.0024876325088339225
-0.00013568904593639494
0.0036636042402826852
-0.0026685512367491167
0.0014381625441696115
0.0012261484098939925
0.003506007067137808
0.0015038869257950529
0.000802826855123675
0.0010869257950530038
-0.003065017667844523
-0.0016268551236749119
0.0056473498233215545
0.00047491166077738486
-0.001131448763250884
-0.001576678445229682
0.0017660777385159014
0.0028636042402826853
0.0015978798586572442
0.0008812720848056544
0.003384452296819789
-0.0008261484098939926
0.0008183745583038872
-0.0034134275618374556
0.0011151943462897524
-0.0017321554770318025
-0.0018169611307420495
-0.00273286219081272
0.003371024734982332
0.0007943462897526512
-0.0013477031802120144
0.0027151943462897527
-7.773851590106039e-05
-1.6961130742048778e-05
-0.0016876325088339224
-0.00026360424028268553
0.0007469964664310951
0.003928621908127209
0.002939929328621909
-0.0013915194346289753
0.002872791519434629
0.0012353356890459366
-0.004867137809187279
-0.0009915194346289753
0.002625441696113074
-0.0026522968197879855
-0.0034508833922261483
-0.004634628975265019
-0.00167844522968198
-0.0005074204946996461
-0.0021738515901060075
0.00023745583038869194
0.0016989399293286219
-0.00015689045936395757
-0.0009491166077738518
0.0021053003533568907
0.004016254416961131
-0.0021250883392226146
-0.0017561837455830388
0.004662897526501767
-0.003363250883392227
0.0007420494699646648
0.003899646643109541
-0.0011766784452296815
-0.0003215547703180211
0.006131448763250883
0.0007908127208480566
0.0002911660777385156
0.003971024734982333
-0.0023342756183745584
-0.004308833922261483
0.002233922261484098
0.005059363957597173
0.0010240282685512365
0.002561837455830389
0.0019922261484098926
-0.0008551236749116606
0.0028982332155477026
-0.0021031802120141333
0.003262190812720849
0.0008833922261484094
0.0008077738515901053
-0.00012791519434629018
-0.0025568904593639575
0.003799293286219082
0.001137809187279152
-0.002585865724381624
0.00032226148409893976
0.00042332155477031806
-0.004901060070671378
0.002123674911660777
-0.0024268551236749114
0.002182332155477032
0.0033413427561837464
-0.001460070671378092
-0.0003787985865724376
-0.002142049469964664
0.003064310954063604
0.0027759717314487634
-0.0010438162544169607
-0.0003985865724381624
-0.0005342756183745586
0.003378091872791521
-0.00038162544169611324
0.0037420494699646643
0.002315901060070672
0.0006883392226148414
0.0015427561837455836
-0.0014515901060070675
-0.004445936395759718
-0.004879151943462897
0.0027130742049469967
-0.0005017667844522975
0.0006141342756183742
-0.0050416961130742045
-0.00014063604240282696
-0.000714487632508834
-0.0007307420494699642
5.0176678445229645e-05
0.0028353356890459362
0.00033286219081272105
-0.0027060070671378086
0.0015321554770318026
0.0032183745583038866
0.0015950530035335685
-0.0011462897526501763
0.001179505300353357
0.002735689045936396
-0.003324381625441696
0.0014056537102473494
0.0011752650176678446
-0.0025964664310954063
0.0054374558303886935
0.003022614840989399
-0.002809187279151943
-0.0006544169611307426
0.001572438162544169
-0.0028869257950530037
-0.0017491166077738516
0.0009144876325088332
0.0027201413427561834
0.0013081272084805654
0.0014339222614840994
0.0006968197879858661
0.0008395759717314481
0.0018869257950530037
0.0035081272084805655
-0.0011964664310954063
0.0007837455830388693
-0.00021272084805653692
0.007169611307420495
0.0031491166077738516
0.001850883392226149
-0.004010600706713781
-0.003517314487632509
0.005192226148409893
0.0019003533568904593
-0.0007724381625441697
0.0013915194346289753
0.0005060070671378088
0.000860777385159011
-0.0001484098939929322
-0.002098233215547703
-0.004620494699646644
0.0033505300353356897
-0.0002643109540636033
0.0021844522968197883
-0.0012713780918727916
0.0004939929328621906
0.006711660777385158
0.0031639575971731445
-0.0018487632508833926
0.0003901060070671376
0.0027950530035335684
-0.000542049469964664
-0.0028028268551236746
0.0026685512367491167
0.0007717314487632514
0.002967491166077739
0.001537102473498233
0.0011017667844522966
0.00015477031802120086
0.003110247349823321
-0.0004494699646643099
-0.0018685512367491173
-0.0012275618374558304
9.187279151944609e-06
0.00017243816254416944
-0.0022212014134275625
-0.002673498233215548
-0.0007936395759717311
0.0028784452296819795
0.001934275618374558
-0.001869257950530035
-9.964664310954006e-05
0.003047349823321555
0.0010904593639575963
-0.0021526501766784456
-0.0006091872791519423
0.0027795053003533566
0.0020515901060070667
-0.0012176678445229685
-0.003728621908127208
-0.0030798586572438167
-0.007274911660777384
0.002633922261484099
-0.006658657243816254
-0.004720141342756184
-0.003715901060070671
0.0008692579505300351
-0.0054098939929328625
0.0009978798586572442
-0.004875618374558304
-0.00033992932862190827
0.0019590106007067137
0.0005901060070671387
0.0019667844522968194
-0.00012014134275618307
0.0013681978798586575
0.0024593639575971726
0.0014261484098939932
-0.004471378091872792
0.0016289752650176677
0.0003611307420494699
-0.0014565371024734977
-0.0021173144876325085
-0.0014565371024734984
0.0003886925795053003
0.005090459363957598
0.00413356890459364
0.0024416961130742047
-0.0037031802120141345
0.00020918727915194356
-0.0008282685512367493
-0.0009618374558303885
-0.000537809187279152
-0.002235335689045936
0.0030798586572438158
0.0014183745583038873
-0.00591095406360424
0.001176678445229682
0.0024155477031802125
0.002316607773851591
-0.0018431095406360426
-0.00043604240282685557
0.0030204946996466434
8.339222614841013e-05
-0.001134982332155478
-0.0003159010600706715
-0.0073547703180212014
0.005167491166077739
0.003053710247349824
0.0018572438162544169
-0.004104593639575971
0.0006522968197879855
-0.0005780918727915193
0.0022042402826855127
0.0002925795053003535
0.0021307420494699647
-0.0008021201413427564
-0.0029095406360424023
0.0022537102473498233
0.0015385159010600704
0.0004586572438162547
-0.0034325088339222615
0.0013434628975265014
-0.0016925795053003528
-0.002870671378091873
-0.0009653710247349819
0.0030014134275618376
0.0007159010600706712
-0.00045795053003533647
-0.0014862190812720852
0.003744876325088339
0.0007519434628975269
-0.0010395759717314488
0.0025484098939929315
-0.000740636042402827
0.0015575971731448754
0.0036678445229681974
0.0007802120141342756
-0.00046219081272084794
0.0016077738515901056
-0.003562544169611307
0.006632508833922261
3.180212014134298e-05
-0.0013703180212014132
-0.0016961130742049466
-0.001801413427561838
0.0025837455830388695
-0.0014777385159010599
-0.0004685512367491166
0.001787279151943463
-0.0012155477031802122
0.001973851590106006
0.0021752650176678455
0.0045378091872791525
0.006828975265017668
-0.0017809187279151939
-0.0025660777385159016
0.001352650176678445
0.0025272084805653718
0.0005604240282685515
0.003296113074204947
0.001575971731448763
-0.002001413427561838
0.0002473498233215546
-0.004149823321554771
-0.00026996466431095377
-0.00036749116607773843
0.002289752650176678
-0.003773144876325087
0.00048551236749116636
-0.0010742049469964667
-1.4840989399293417e-05
-0.0012487632508833926
0.0013696113074204953
-0.00011024734982332138
5.653710247349593e-06
0.005393639575971732
-0.0016452296819787983
0.0004289752650176677
-0.004187279151943463
0.0005123674911660778
0.0030303886925795056
0.0009194346289752653
-0.00018445229681978795
-0.0029307420494699642
0.0010890459363957598
-0.001048763250883392
0.0009469964664310954
-0.00021766784452296775
-0.005330742049469964
0.0008204946996466426
0.004795759717314487
-0.001778798586572438
-0.001368197879858657
-0.001424028268551237
0.0021604240282685518
0.0021660777385159014
-0.002343462897526502
-0.00018091872791519401
0.0007116607773851583
-0.0031074204946996468
0.0022007067137809187
0.004035335689045937
-0.0009385159010600701
0.0001469964664310953
-0.0035971731448763244
0.0013667844522968202
0.0019095406360424025
-0.004799293286219082
-3.745583038869297e-05
0.007580918727915192
-0.001992932862190812
0.005662897526501766
-0.002024734982332155
0.002751236749116607
-0.0033512367491166073
-0.0023434628975265016
0.0009215547703180212
-0.0010240282685512374
0.0010897526501766784
0.0009420494699646649
0.0006713780918727913
-0.002307420494699647
-0.0006855123674911667
0.0017858657243816254
-0.001389399293286219
-0.001870671378091873
-0.0004989399293286217
-0.002470671378091873
0.0014558303886925794
0.0003010600706713783
0.0017349823321554769
0.0017780918727915197
-0.0011689045936395764
0.002932862190812721
-0.0028346289752650172
-4.098939929328622e-05
0.0013455830388692585
0.0012176678445229685
0.0027738515901060074
-0.0018515901060070672
-0.00217809187279152
-0.0003519434628975262
-0.004698939929328622
-0.002684098939929329
0.0018720848056537108
-0.002935689045936396
-0.0028862190812720856
0.0010530035335689048
-0.0029477031802120136
-0.0020664310954063604
-0.0008537102473498243
-0.002492579505300353
0.0022848056537102474
0.002976678445229682
-0.001384452296819788
0.00033003533568904547
-0.001057243816254417
-0.004941342756183746
-0.0008282685512367494
-0.0004614840989399295
0.001260777385159011
-0.0012855123674911653
0.000282685512367491
-0.00018374558303886922
0.006881272084805654
0.0015116607773851588
0.001737102473498233
0.0008049469964664312
0.0058508833922261486
0.002371024734982332
0.0013816254416961135
0.0016544169611307415
-0.0040098939929328605
-0.000715901060070672
-0.00357809187279152
0.0022113074204946994
0.003069964664310954
0.00029328621908127187
0.006693992932862191
0.001343462897526502
-0.002881978798586572
0.002023321554770318
-0.000779505300353357
0.0023300353356890467
0.0017639575971731452
-0.0030742049469964666
-0.002315194346289753
0.0012332155477031803
0.0009406360424028275
0.0036904593639575972
0.004808480565371024
-0.004414840989399293
-0.0021816254416961132
-0.0009583038869257955
-0.001202826855123675
0.001782332155477031
0.0008042402826855125
0.0026508833922261484
0.0007335689045936398
-0.00034840989399293235
-0.0010904593639575978
-4.7349823321554654e-05
0.0007554770318021207
0.003963957597173146
0.0019060070671378091
0.005575265017667844
-0.0020169611307420494
0.0012176678445229682
-0.000824734982332155
0.0033378091872791524
0.003361837455830389
0.0017936395759717324
0.006229681978798587
0.0007540636042402834
-0.0007908127208480565
-0.0005590106007067138
-0.0011533568904593641
-0.0048084805653710256
-0.002256537102473498
0.001308127208480566
0.0017809187279151943
-0.0004325088339222611
-0.003455830388692579
-0.0006445229681978799
0.0018614840989399294
0.0009010600706713781
0.0014480565371024737
-0.004517314487632508
0.0016869257950530038
0.00026148409893992936
0.0015328621908127203
0.0020416961130742045
-0.0013752650176678445
-0.004250883392226147
0.0018395759717314485
-8.692579505300337e-05
0.005112367491166078
0.0010007067137809203
-0.00014487632508833857
-0.0035759717314487634
-0.0010742049469964663
0.004586572438162544
-0.00273851590106007
0.0017462897526501766
-0.00018515901060070682
-0.002753356890459365
-0.0035526501766784445
-0.0018219081272084808
-0.0017250883392226145
-0.00032084805653710225
9.823321554770335e-05
0.0027243816254416964
0.0005625441696113074
0.004239575971731449
-0.00433356890459364
-0.0010098939929328618
0.0014650176678445228
-0.0014289752650176685
-0.0006353356890459367
-0.0020360424028268553
-0.0016749116607773845
-0.0015717314487632512
0.004216961130742049
-0.002997879858657245
-0.0020643109540636035
-0.0031265017667844526
-0.0005222614840989391
-0.0010579505300353357
0.0027095406360424026
-0.0027844522968197873
0.002999293286219081
0.0035392226148409887
-0.0019943462897526504
0.0013724381625441699
0.003599293286219081
0.0006968197879858659
-0.0005787985865724374
0.00082756183745583
0.0013632508833922264
-0.003310247349823321
-0.0040664310954063605
0.0005060070671378089
-0.0024784452296819784
-0.00037597173144876344
-0.0014530035335689041
0.00015547703180212048
0.0031045936395759717
-0.0013342756183745582
0.0011003533568904596
0.002746289752650177
0.0007491166077738515
0.0008374558303886928
-0.00043180212014134247
0.0045335689045936396
-0.0019724381625441695
0.0006671378091872782
0.001784452296819788
0.00011448763250883357
0.004930742049469964
-0.0018727915194346287
-0.0030805653710247356
-0.0040254416961130746
-0.0014643109540636039
5.724381625441674e-05
0.0027017667844522965
-0.00010671378091872715
0.0007759717314487633
0.0009378091872791524
-0.0003943462897526501
0.0005787985865724388
2.614840989399221e-05
-0.004019081272084805
-0.00015689045936395762
0.001954770318021201
0.00019434628975265026
0.003440282685512367
0.0007611307420494697
-0.0032954063604240286
-0.003151236749116608
0.0044275618374558295
-0.0004190812720848054
-0.001325088339222615
-0.002575971731448764
0.0036360424028268547
0.003140636042402827
0.00041766784452296847
9.893992932861493e-06
-0.0008954063604240287
0.0011272084805653713
-0.001035335689045937
0.00047279151943462847
-0.0022466431095406365
-0.001525088339222615
-0.0018946996466431096
-4.381625441696072e-05
-0.0005406360424028265
-5.9363957597173276e-05
-0.001447349823321555
0.0017611307420494697
-0.0026014134275618383
0.0006240282685512367
-0.0003710247349823315
-0.0021279151943462897
0.0002169611307420495
-0.006201413427561837
0.001437455830388692
-0.004034628975265018
-0.0015123674911660782
-0.004262190812720848
-0.0009745583038869248
-0.002611307420494699
2.0494699646643207e-05
-0.0016303886925795054
0.0018254416961130744
-0.00561696113074205
0.0016318021201413419
-0.0006756183745583046
0.005454416961130743
0.003110247349823321
0.0032070671378091864
0.002070671378091873
0.0022968197879858657
-0.00035194346289752675
0.001178798586572438
0.00020565371024734963
0.00196749116607774
-0.0020438162544169614
0.003014840989399293
0.0018586572438162548
0.0032303886925795053
-0.002381625441696113
-0.0014756183745583042
-0.0003809187279151939
-0.0022021201413427566
-0.00040000000000000045
0.0012127208480565374
-0.0002501766784452303
-0.0016176678445229678
0.004684805653710247
-0.003747703180212014
0.00264452296819788
0.0003802120141342757
-0.0008925795053003538
-0.0009872791519434628
0.001445229681978798
0.0008289752650176678
-0.004011307420494699
0.0015519434628975262
0.0014579505300353352
-0.0027851590106007067
0.0017116607773851585
-0.00419434628975265
-0.0015773851590106009
0.003173144876325088
-0.0010409893992932855
-0.0014296819787985864
0.003780212014134275
0.0015710247349823322
0.0027300353356890456
0.0005568904593639575
-0.0014183745583038864
-0.0011067137809187284
0.0016954063604240283
0.0002183745583038871
0.001759010600706714
0.0022282685512367492
-0.00247773851590106
0.0028515901060070675
-0.0040212014134275624
0.00291095406360424
-0.0039434628975265
-0.003721554770318021
-0.0028932862190812728
-0.0001936395759717321
0.00037314487632508845
-0.000532862190812721
0.0005356890459363956
-0.0029194346289752654
0.0005724381625441692
0.0021724381625441687
-0.000519434628975265
-0.0017936395759717315
0.0012848056537102474
0.006138515901060069
-0.0010756183745583038
0.00010954063604240273
-0.0016374558303886926
-0.0007406360424028269
0.004249469964664311
0.002004240282685513
-0.005201413427561838
-0.001983745583038869
-0.00583321554770318
0.00024805653710247363
0.00011448763250883465
0.005115194346289752
0.0024028268551236753
0.002044522968197879
-0.002340636042402826
0.0028494699646643105
-0.006058657243816254
0.003464310954063604
0.00018586572438162552
-0.0005583038869257955
0.0011441696113074205
0.0031024734982332152
0.0015151943462897517
-0.003241696113074205
-0.002421908127208481
0.0016282685512367492
0.0004480565371024744
0.0003519434628975265
0.0030558303886925797
-0.001590812720848056
0.00010671378091872754
0.0033837455830388694
-0.003125795053003533
0.0010522968197879854
0.0018515901060070672
9.681978798586599e-05
-0.0018303886925795057
-0.005276325088339222
0.0015060070671378096
0.0035222614840989402
-0.0004727915194346284
0.002801413427561837
-0.002711660777385159
-0.0026798586572438165
-0.004293286219081272
0.0014975265017667838
-0.0031045936395759717
-0.0023257950530035333
0.001023321554770318
-0.001953356890459363
-0.0004501766784452301
0.0010515901060070677
0.0016169611307420494
0.0020325088339222613
-0.00016607773851590142
-0.0046035335689045935
-0.0007265017667844522
-0.0012388692579505297
0.0002204946996466431
-0.0030176678445229693
-0.004106713780918728
0.0001385159010600707
-0.0025031802120141344
0.0017710247349823325
0.0013356890459363957
-0.0024084805653710236
0.0032339222614840984
-0.00047561837455830367
0.004262897526501767
-7.773851590105975e-05
0.0038247349823321546
0.0014409893992932863
0.0002911660777385159
0.0010628975265017668
0.003479858657243816
-0.002306007067137809
0.004130035335689046
0.0023901060070671376
-0.006108127208480565
0.0044070671378091866
-0.005721554770318021
-0.0015611307420494694
-0.0021865724381625435
-0.00453922261484099
0.0011787985865724384
-0.001399999999999999
-0.0021477031802120145
-0.004532155477031802
0.0045187279151943475
0.00041837455830388696
0.0014848056537102472
0.004398586572438163
0.0010431095406360426
0.0010084805653710243
0.0023964664310954066
-0.002678445229681979
0.0022904593639575966
0.004132155477031802
-0.0019378091872791516
-0.005047349823321555
-0.0013067137809187276
-0.005192932862190812
-0.0006459363957597179
0.0010664310954063602
-0.000245936395759718
0.0014028268551236752
0.0030572438162544176
0.006609893992932862
6.360424028268243e-06
0.0006466431095406359
-0.0024565371024734975
0.0004989399293286225
0.0019922261484098943
0.0028544169611307425
0.000131448763250884
-0.0018537102473498248
0.000641696113074205
-0.00020494699646643206
-0.0001717314487632504
-0.0018699646643109533
-8.551236749116667e-05
0.000859363957597173
-0.0017554770318021194
-0.0022996466431095407
0.0036381625441696108
0.006551236749116608
0.003706007067137809
0.0005067137809187281
0.003871378091872792
0.004205653710247351
-0.0009279151943462899
0.002577385159010601
0.0008162544169611303
0.0005272084805653712
-0.002797879858657243
0.0008282685512367487
-0.003255123674911661
-0.0021992932862190816
-0.00405017667844523
-0.0013787985865724378
0.0010021201413427559
0.0014508833922261479
0.0027342756183745586
-0.003648763250883392
-0.0007561837455830393
0.0009597173144876326
-0.00813992932862191
0.00131660777385159
-0.0010077738515901062
-0.001998586572438162
-0.0005088339222614845
0.002805653710247349
-0.0008056537102473499
0.002634628975265018
0.00040565371024734966
-0.002091166077738516
-0.0030197879858657245
0.0035703180212014133
-0.0038056537102473496
0.0012325088339222613
-0.000416254416961131
0.0021300353356890457
-0.004454416961130741
0.0003371024734982328
0.0011554770318021202
1.4840989399292436e-05
0.004666431095406359
-0.00046643109540636066
-0.0005512367491166082
-0.002449469964664312
0.001718727915194346
-0.002673498233215548
-0.0007024734982332159
-0.003614134275618375
-0.0028219081272084804
0.002896819787985865
-0.0032558303886925798
-0.001024028268551237
-0.003602826855123675
0.002231095406360424
0.003595759717314487
-0.0017265017667844533
-0.0013625441696113075
-0.00041130742049469974
-0.003002826855123676
-0.0029208480565371025
-0.0022148409893992943
-0.006248763250883392
-0.004570318021201413
-0.0017858657243816254
-0.0030918727915194345
-0.0029929328621908125
0.0007844522968197877
-3.957597173144852e-05
0.0023109540636042404
0.00010954063604240292
-0.003233922261484098
-0.0016537102473498232
-0.002559010600706714
0.0040141342756183735
-0.00054982332155477
0.0024141342756183745
0.0022091872791519434
0.0010742049469964663
-0.0016459363957597175
0.0022261484098939927
-0.0015074204946996462
-0.0017901060070671375
0.001197173144876325
-0.00527208480565371
0.002628975265017668
0.0025689045936395758
0.0031660777385159014
0.0014826855123674912
0.0015667844522968205
0.0017759717314487634
0.0015491166077738513
0.0008551236749116609
-0.001460070671378092
-0.0034056537102473503
0.00026007067137809157
0.0024982332155477033
0.0060402826855123675
-0.0033484098939929336
-0.0017003533568904594
-0.0006395759717314485
0.0009243816254416961
-0.004492579505300354
0.003024734982332155
0.002118727915194346
-0.0005681978798586573
-0.0015625441696113071
-0.003539929328621909
0.002178798586572437
0.0008014134275618369
-0.0007250883392226154
0.001131448763250884
0.005509540636042402
0.004226148409893993
-0.0013689045936395763
0.002729328621908127
0.004671378091872792
0.0032763250883392227
0.0035491166077738514
-0.0009540636042402822
0.00016537102473498255
-0.0025745583038869254
0.0019024734982332155
-0.0025201413427561833
0.0014183745583038864
-0.00698303886925795
-0.00015053003533568914
-0.00025017667844522997
-0.0029590106007067133
-0.0006204946996466426
-0.0025886925795053
-0.0001992932862190811
0.001174558303886927
-0.0014197879858657244
0.0027293286219081275
-0.005515194346289752
-0.003373144876325088
0.003753356890459363
-0.0008190812720848051
-0.002277031802120141
-0.0013526501766784453
0.004383745583038869
0.0005243816254416969
-0.0012756183745583041
0.0017795053003533566
0.00037950530035335745
-0.0026883392226148425
2.8975265017668183e-05
-0.00297243816254417
0.0007674911660777392
-0.005308833922261485
-0.0019787985865724386
-0.00337243816254417
-0.0016777385159010602
-0.0016537102473498232
-0.0036989399293286223
-0.0008127208480565375
0.002750530035335689
0.00048409893992932835
-0.0022904593639575966
-0.00046572438162544103
-0.0015752650176678452
-0.0005724381625441702
-0.0005745583038869253
0.004151943462897527
0.00323321554770318
0.005457950530035336
0.002932155477031803
0.001532155477031802
-0.0036007067137809193
0.0039717314487632506
0.0028268551236749115
-0.0016240282685512373
-0.0005738515901060068
-0.0019045936395759714
0.00015335689045936334
-0.005665017667844523
0.0005512367491166078
-0.002013427561837456
0.0034219081272084803
0.00010812720848056483
0.004524381625441697
0.0033505300353356892
0.0028537102473498227
0.00016537102473498247
0.0022381625441696114
-0.0006480565371024739
0.0021908127208480565
-0.0007809187279151947
0.0025957597173144886
-0.0011766784452296817
-0.0012982332155477027
0.0003929328621908134
-0.0032826855123674913
-0.00012084805653710211
0.00133922261484099
-0.0014798586572438161
0.0029300353356890457
-0.0009936395759717312
-0.0006197879858657245
-0.0019625441696113086
-0.003119434628975265
-0.003999293286219081
-0.004793639575971731
-0.0020932862190812724
0.0015031802120141343
0.000498233215547703
0.0022169611307420486
-0.0030883392226148413
0.0015385159010600702
-0.0003109540636042404
-7.420494699646562e-05
0.0004367491166077744
-0.0007385159010600711
-0.0065547703180212
-0.00020989399293286167
-0.0016134275618374554
0.0011477031802120143
-0.001122968197879859
-0.0002042402826855123
-0.0003434628975265016
0.0006134275618374556
0.000982332155477032
-0.004189399293286219
0.00010883392226148408
0.0013618374558303887
-0.0025929328621908127
-0.0015992932862190804
0.002445936395759717
0.00405583038869258
0.0021512367491166072
-0.001691166077738516
0.0014494699646643114
0.0017003533568904598
-0.0012939929328621904
0.001566077738515901
0.004206360424028269
0.0006515901060070671
0.0014360424028268548
0.0003611307420494697
0.0009597173144876331
-0.0026805653710247346
0.007181625441696113
-0.0009420494699646641
9.469964664310891e-05
-0.000813427561837455
0.001067137809187279
-0.0002141342756183743
0.0022226148409893987
0.0011342756183745578
-0.0016452296819787987
-0.004402826855123675
-0.0017554770318021207
0.0030706713780918726
-0.0014664310954063606
-0.0018233215547703182
-0.005257243816254417
-0.0038091872791519445
-0.002975265017667844
-0.0008409893992932861
-0.0007053003533568907
0.0007243816254416963
0.0011780918727915192
-0.0008190812720848055
-0.000622614840989399
0.0028346289752650177
0.00118939929328622
0.00604946996466431
-0.0027427561837455824
-0.000713780918727916
0.0006530035335689046
0.002503180212014135
0.003726501766784453
-0.003265724381625442
3.109540636042414e-05
-0.002989399293286218
-0.006795053003533567
-0.0018565371024734986
0.0023045936395759714
0.0023229681978798587
-0.0031681978798586575
0.004621201413427561
-0.003824028268551236
-0.0028848056537102472
0.0007802120141342752
0.0018134275618374553
-0.0009950530035335687
0.0026310954063604244
0.0037314487632508836
0.001559010600706714
-0.00017031802120141292
0.0007349823321554773
-0.0004883392226148408
0.001651590106007067
-0.000878445229681979
-0.0063371024734982335
0.000971024734982332
0.0023137809187279146
-0.00030812720848056566
0.0012713780918727916
0.00037102473498233207
9.18727915194402e-06
-0.0029017667844522966
-0.0005731448763250882
0.0011561837455830383
0.00248339222614841
-0.0013371024734982334
-0.004368904593639577
0.0014473498233215551
8.197879858657243e-05
0.003033922261484099
0.0009045936395759726
-3.038869257950519e-05
-0.0011406360424028267
0.002569611307420495
-0.002641696113074205
0.0026219081272084803
0.0024070671378091883
-0.0012586572438162548
-0.006208480565371025
-0.0010678445229681983
-4.66431095406362e-05
0.001308127208480565
-0.004982332155477031
0.001062897526501767
-0.0053342756183745585
-0.002042402826855123
-0.0030840989399293288
-0.0006593639575971732
0.0036007067137809184
-0.0006501766784452298
-0.00012014134275618365
-0.0006614840989399294
0.00013922261484098955
0.003953356890459364
0.001742756183745583
-4.593639575971716e-05
-0.0019689045936395755
0.004223321554770319
0.0025929328621908123
0.0005194346289752647
0.003873498233215548
0.0015427561837455831
0.00040989399293286195
-0.001167491166077739
-0.003309540636042403
0.0019865724381625443
0.00015123674911660828
-0.0016890459363957597
0.005585159010600708
0.001446643109540637
-0.003985865724381626
0.002086925795053004
-0.0006621908127208485
-0.00028339222614841064
0.004338515901060071
-0.0028805653710247355
-0.004474911660777385
0.0001512367491166072
-0.006602826855123676
-0.0028353356890459362
-0.001831095406360424
0.001161837455830389
-0.0025766784452296823
-0.0003300353356890457
0.0008367491166077732
0.0005893992932862193
-0.0010522968197879858
-0.002438162544169612
-0.0010197879858657242
-0.0010077738515901062
-0.0017703180212014127
0.004187985865724381
0.0015554770318021197
0.0036042402826855125
0.00151095406360424
0.002178798586572438
-0.0038946996466431107
-0.00032367491166077745
2.544169611307395e-05
0.0040720848056537105
0.0001399293286219082
0.0003095406360424028
0.001240989399293286
-0.002436042402826854
-0.002345583038869258
0.001471378091872792
-0.0018544169611307423
0.000926501766784452
0.0018565371024734981
0.005841696113074205
-0.0016007067137809186
0.0009830388692579504
-0.0016911660777385157
0.0023575971731448755
-0.0029540636042402844
0.0017356890459363965
0.0007378091872791523
-0.003587985865724382
-0.0005879858657243822
0.00271095406360424
-0.001621201413427561
0.0008742049469964667
0.003908127208480565
-0.0012325088339222615
0.0013802120141342767
0.003607067137809187
0.0010367491166077742
0.0006749116607773862
-0.000548409893992933
-0.001462897526501767
0.0019116607773851596
0.0010876325088339219
0.002653710247349823
0.004368197879858656
0.001580918727915194
-0.002766077738515901
2.544169611307454e-05
-0.003511660777385159
0.0032876325088339224
0.0014339222614840983
0.0007116607773851606
-0.002583038869257951
0.0015561837455830394
-0.002146996466431096
-0.004566784452296819
-0.004913074204946996
-0.0023717314487632507
-0.0010812720848056543
-0.0012784452296819787
0.0004056537102473495
-0.0017985865724381622
0.0033060070671378098
-0.0036388692579505293
0.0011908127208480562
0.003375971731448763
-0.002923674911660777
0.003019081272084805
0.0025724381625441693
-7.561837455830419e-05
-8.692579505300372e-05
-0.00190035335689046
0.002805653710247349
-0.004375265017667844
0.0006325088339222617
-0.0018508833922261483
0.0022106007067137813
-0.0034862190812720837
0.00021130742049469903
0.0014431095406360424
-0.0007420494699646643
0.0006113074204946995
-0.0005151943462897536
-0.0020480565371024735
-0.0018197879858657241
-0.004870671378091873
-0.0005045936395759718
0.0017166077738515904
0.003722261484098941
0.0020812720848056537
-0.004606360424028268
-0.007475618374558304
0.0032530035335689047
-0.0051074204946996455
-0.005445229681978798
-0.0005547703180212012
0.001035335689045937
0.0016480565371024731
0.0013766784452296824
0.002098939929328622
-0.006974558303886925
-0.0004261484098939932
-0.001985159010600707
0.0007130742049469949
0.00039505300353356854
0.0007780918727915195
-0.001878445229681979
-0.001986572438162544
-0.0027166077738515902
-0.0006685512367491167
9.823321554770315e-05
-0.0006014134275618377
0.008363250883392227
-0.006908127208480565
0.002415547703180212
0.00045865724381625414
0.0005194346289752643
-0.0026699646643109534
0.000917314487632509
-0.0037180212014134278
-0.0008388692579505299
-0.003173851590106007
-0.00021060070671378108
0.0019173144876325086
-0.00038939929328621933
-0.005151236749116607
-0.0006530035335689051
0.003458657243816254
-0.0009667844522968192
-0.0021780918727915197
-0.003484098939929329
-0.0012438162544169608
0.0005363957597173146
-0.0015830388692579503
0.00017385159010600734
0.0016113074204946998
0.000619787985865725
-0.002139222614840989
-0.00014487632508833865
-0.0036819787985865726
-0.0034049469964664313
0.004067844522968198
-0.00021342756183745587
-0.004800706713780919
0.0017992932862190812
0.0018614840989399294
0.0031886925795053013
0.001569611307420495
0.0015816254416961134
0.0003568904593639581
-0.0027568904593639576
-0.003224028268551237
-0.00019363957597173142
0.0018155477031802124
-0.00020141342756183723
0.0006233215547703184
0.0011222614840989396
0.0022876325088339224
-0.003220494699646643
0.0018233215547703184
-0.001202826855123675
0.0015314487632508834
-0.0021533568904593637
-0.0006742049469964671
-0.0017554770318021198
0.0007957597173144877
0.00014770318021201415
0.00028480565371024735
-0.0015385159010600697
0.0034063604240282684
-0.0001250883392226152
0.0014657243816254418
-0.0011413427561837459
-0.003992226148409893
0.0012989399293286217
0.0008084805653710247
-0.0011653710247349822
-0.00020282685512367532
0.0010607773851590103
-0.002174558303886926
0.0032275618374558303
-0.0034282685512367506
0.002703886925795053
3.462897526501836e-05
-0.005932155477031802
0.0005314487632508833
-0.0009512367491166078
0.0009696113074204942
-0.006501060070671378
-0.0021024734982332156
0.0001166077738515909
2.4028268551237045e-05
-0.0006911660777385152
0.003351943462897526
0.0019469964664310952
-4.169611307420487e-05
0.002398586572438163
0.0012487632508833917
-0.0021681978798586575
0.0029356890459363953
-0.004337809187279153
0.0006353356890459364
0.0006077738515901058
0.0008932862190812718
-0.003566077738515902
-0.0014558303886925796
0.0004692579505300353
0.001999293286219081
0.0009144876325088337
0.001
0.002413427561837456
0.003898233215547702
0.0036586572438162546
-0.002156183745583039
0.0031724381625441705
0.002489752650176678
0.0006353356890459359
5.0883392226149184e-05
0.0021335689045936398
0.007310247349823321
0.0031681978798586575
0.00366643109540636
0.00016819787985865677
-0.0004445229681978803
0.00022544169611307408
-0.0016869257950530034
-0.0010975265017667843
-0.005373144876325088
-0.0033992932862190817
-0.005653003533568905
-0.003159717314487632
-0.005718021201413427
-0.0030162544169611305
0.0020084805653710247
-0.0011116607773851586
-0.00442756183745583
-0.0010579505300353353
0.0015201413427561835
-0.00111660777385159
-0.0021681978798586583
-0.002765371024734983
0.002069964664310955
0.0025681978798586576
-0.001114487632508834
0.0021102473498233218
0.0033448763250883387
-0.0009681978798586569
-0.0009773851590106006
-0.0018438162544169613
0.0008558303886925798
0.00377809187279152
-0.0024996466431095408
0.001207067137809187
0.0054374558303886935
0.0011985865724381613
-0.0013978798586572435
0.002898233215547703
-0.000536395759717315
0.000967491166077738
-0.0011074204946996463
0.00037173144876325034
0.003954063604240281
0.004137102473498234
0.00030176678445229774
0.0008628975265017669
0.0005604240282685511
-0.0021477031802120132
0.0021024734982332156
0.0029872791519434624
-0.0008777385159010602
-0.00018091872791519423
0.003927208480565371
0.0017392226148409897
0.0019434628975265019
-0.0008678445229681978
0.001966077738515901
0.001831802120141343
-0.0008155477031802117
-0.0015392226148409887
-0.002240282685512366
-0.0017222614840989392
0.002537809187279151
-0.0004360424028268548
0.0041010600706713795
-0.001995053003533569
0.0008791519434628982
0.001781625441696113
0.0007130742049469964
-0.0006918727915194347
0.0021314487632508837
2.8268551236749924e-06
0.00022614840989399273
0.003136395759717314
-0.0028586572438162538
-0.0024042402826855123
0.0011738515901060073
0.00034275618374558336
0.002334982332155478
0.0028402826855123678
0.0018183745583038875
0.0017420494699646636
-0.006596466431095406
0.0015604240282685506
0.004587985865724381
-0.00024593639575971757
0.002975265017667845
0.004112367491166078
-0.0011533568904593641
-0.0007081272084805654
0.004901766784452297
-0.002815547703180212
0.0016416961130742054
0.005032508833922261
-0.0008289752650176679
-0.0027095406360424035
-0.0005886925795053
-0.003390106007067138
-6.431095406360417e-05
-0.001561837455830389
0.0015335689045936395
-0.0022876325088339224
-0.0007667844522968196
0.0065060070671378095
0.0013095406360424033
0.002713074204946997
0.0015752650176678448
0.0006120141342756182
-0.0019590106007067137
0.0022148409893992926
0.0037116607773851583
-0.0010692579505300348
0.00437809187279152
0.00012932862190812708
-0.0011236749116607775
0.0008007067137809188
0.0005095406360424028
-0.0038897526501766783
-0.0019519434628975266
-4.310954063604281e-05
0.000840989399293286
-0.0015081272084805644
-0.0009667844522968194
-0.0009710247349823321
-0.0015738515901060068
0.004510247349823322
0.0020946996466431095
0.00041130742049470007
0.0009363957597173141
0.0021109540636042403
0.0013851590106007071
0.0019823321554770317
-0.003864310954063604
0.002429681978798586
-0.004368904593639577
-0.0018628975265017663
0.00262826855123675
0.0011731448763250881
-0.002508833922261485
0.001434628975265018
-0.0002466431095406361
0.0028445229681978794
0.0007074204946996475
-0.002534982332155477
-0.0023809187279151944
0.0026381625441696103
-0.0029448763250883403
0.001434628975265017
-0.005321554770318021
0.0018600706713780917
0.0023978798586572433
-0.001471378091872792
-0.0007378091872791522
0.0015378091872791516
0.001386572438162544
-0.0031908127208480574
0.0012883392226148414
0.0019787985865724386
-0.002853710247349823
0.0015215547703180214
0.0025173144876325087
-0.00015053003533568854
-0.0006763250883392225
0.001212720848056537
-0.003449469964664311
0.0013710247349823315
0.0017618374558303889
-0.002432508833922261
-0.0024162544169611297
0.001643816254416961
-0.0011724381625441696
0.001034628975265018
-0.00017243816254416917
0.00272791519434629
-1.4134275618373001e-06
0.0009611307420494696
-0.0037144876325088338
0.0013519434628975265
-0.0018742049469964671
0.001363957597173145
-0.0001893992932862188
0.0030819787985865723
0.001113074204946997
-0.0023752650176678447
-0.004663604240282686
-0.0012812720848056542
-0.0016777385159010597
-0.00040636042402826853
0.0002692579505300359
-0.0013872791519434627
0.0017356890459363954
-0.0011307420494699643
-0.0028176678445229687
-0.0013243816254416962
0.0008021201413427568
0.0005604240282685511
0.0005074204946996464
0.0003038869257950529
-0.004520848056537103
0.0066381625441696126
-0.004543462897526501
-0.0021971731448763247
0.002478445229681978
6.077738515901048e-05
-0.00027208480565371027
0.0013533568904593638
-0.0009540636042402831
-0.0010918727915194342
-0.0008791519434628968
0.0026388692579505297
-0.0014961130742049474
0.0063999999999999994
-0.002858657243816254
0.00046925795053003494
-0.002012014134275618
0.001471378091872791
-0.001178091872791519
0.0010155477031802119
-0.003711660777385159
0.007534275618374559
0.0034614840989399295
9.89399293286169e-06
0.0007618374558303896
0.002383745583038869
-0.003908833922261484
-0.002685512367491166
0.0026643109540636033
-0.00214416961130742
-0.003982332155477031
0.0055017667844522965
0.0007356890459363954
0.0019999999999999996
0.0029583038869257948
-0.002255123674911661
-0.003538515901060071
-0.002790106007067138
-0.004714487632508834
0.0003696113074204947
0.001694699646643109
0.0009491166077738518
-0.003555477031802121
0.0027533568904593644
-0.001395759717314488
0.0010268551236749118
-0.001062190812720848
0.003790106007067138
0.005296819787985864
-0.0007137809187279144
0.0014162544169611308
-0.004725088339222615
0.00022897526501766813
-0.0016240282685512368
0.0030360424028268557
0.001296113074204948
0.005125795053003534
-0.0030374558303886932
0.003327208480565371
0.0012763250883392216
-0.0009639575971731452
0.0020897526501766784
0.0035583038869257937
-0.0005038869257950532
0.0022042402826855123
-0.0023045936395759714
-0.00029964664310954027
-0.004865017667844523
-0.00033286219081272105
0.002739929328621908
0.000969611307420495
0.00028409893992932853
0.0019081272084805654
-0.0020946996466431086
-0.00034628975265017656
-0.0006763250883392226
-0.0008240282685512371
-0.002809187279151943
0.0038459363957597174
0.00061625441696113
-0.000282685512367491
0.00454416961130742
-0.001187279151943463
-0.002474911660777384
0.0025583038869257954
0.0036643109540636038
-0.004779505300353356
-0.0018240282685512363
-5.0883392226148296e-05
0.0027879858657243813
0.002045229681978798
-3.957597173144862e-05
0.003624028268551237
-0.003175971731448763
0.0010374558303886925
-0.004624028268551237
0.0034445229681978793
0.001108127208480566
-0.0012381625441696107
-0.0002621908127208478
0.004674911660777385
0.0014473498233215547
0.001373851590106008
0.002804240282685513
-0.0012678445229681987
-0.000263604240282686
-0.0027893992932862192
0.006721554770318021
-0.0012353356890459366
0.001924381625441697
0.0015321554770318026
-0.009635335689045937
0.0005929328621908131
0.00012438162544169674
-0.0023519434628975254
0.0008848056537102476
-0.0002049469964664309
-0.0001222614840989401
0.0021031802120141337
-0.0024826855123674914
0.0012169611307420493
0.0006939929328621905
-0.001074911660777386
0.000677031802120141
0.0015653710247349822
-0.0004522968197879856
-0.0013957597173144872
0.0005067137809187283
-0.0031229681978798586
-0.0035738515901060073
-0.0011681978798586574
-0.0008855123674911656
0.003167491166077737
0.0013547703180212013
0.0014339222614840991
0.0007724381625441685
0.0028098939929328626
-2.8268551236749437e-05
-0.0015272084805653713
-0.0011222614840989396
0.003559010600706714
-0.0021229681978798586
-0.002406360424028269
0.0015477031802120138
0.0015512367491166076
0.0025385159010600706
-0.0037738515901060074
0.0023745583038869257
-0.0016749116607773853
-0.002630388692579504
0.0014459363957597174
9.681978798586556e-05
-0.0016614840989399285
-0.0032077738515901063
-0.001920848056537102
0.0011455830388692578
-0.0014522968197879854
-0.0009159010600706721
0.00024381625441696116
0.0019455830388692575
8.197879858657243e-05
0.002720141342756183
0.0028077738515901057
0.0021194346289752646
-0.003219787985865725
0.0021349823321554773
-0.0009773851590106006
0.007743462897526501
0.0011710247349823318
0.0035830388692579514
-0.00023957597173144895
0.001306713780918728
0.0002544169611307419
0.002223321554770318
0.0008657243816254421
0.003363250883392226
-0.001930035335689046
0.003446643109540636
0.00041130742049469947
0.0005780918727915201
-0.0018480565371024732
0.003765371024734982
-0.0032671378091872795
-0.006946289752650176
-0.00023250883392226108
0.0006515901060070668
-0.0011526501766784454
0.0025625441696113076
-0.00046219081272084816
-0.0019992932862190815
-0.0010713780918727917
0.0016819787985865723
0.002215547703180212
-0.0014798586572438166
-0.001028268551236749
0.0015929328621908125
0.0023434628975265016
0.004838869257950531
-0.0022028268551236747
-0.002291166077738516
0.0019159010600706713
-0.0001236749116607767
0.0004395759717314487
-0.002939222614840989
-0.0015851590106007072
6.713780918727921e-05
0.002845229681978799
0.0001674911660777383
-0.0006261484098939928
0.0008339222614840983
-0.0025703180212014133
0.0013166077738515907
0.0024628975265017666
-0.003413427561837455
-0.0011434628975265022
-6.289752650176614e-05
-0.0018233215547703182
-0.0007201413427561843
-0.0009328621908127205
-0.003836749116607774
0.0038954063604240284
-0.003913074204946996
0.0019123674911660782
-0.002537102473498233
0.004732155477031802
0.004139222614840989
0.00019575971731448745
-0.001195759717314488
0.002002120141342756
-0.0015865724381625443
-0.0015752650176678446
-0.001544876325088339
0.0008558303886925788
0.0013109540636042406
-0.0010438162544169616
-0.0026954063604240274
0.00048409893992932906
0.0008628975265017673
0.0059689045936395764
-0.0016607773851590097
-0.0016734982332155478
0.0010876325088339212
-0.002135689045936396
-0.004952650176678446
0.0013971731448763254
0.002816254416961131
-0.004455123674911661
0.004273498233215548
-0.0026968197879858654
0.0056544169611307425
-0.0032310954063604234
-0.0038346289752650173
-0.006399293286219081
0.002065017667844523
-0.004508127208480566
-0.00039081272084805647
-0.0047547703180212016
0.0006848056537102469
0.00203321554770318
-0.007562544169611308
-0.001589399293286219
-0.0009243816254416965
0.0013717314487632511
0.0022219081272084806
-0.0026233215547703183
0.005566784452296819
-0.004804240282685512
-0.00094982332155477
-0.0024932862190812726
-0.0008212014134275616
-0.0014946996466431092
0.003506713780918728
-0.0014537102473498238
-0.0017067137809187274
0.003221908127208481
0.0031265017667844526
-0.0018127208480565368
0.004937102473498234
4.240282685511999e-06
-0.0023547703180212018
-0.002504593639575972
0.0030148409893992934
-0.0022254416961130737
-0.002543462897526503
0.0014833922261484097
-0.0021618374558303884
0.001509540636042403
-0.002007773851590106
-0.002291872791519434
-0.006833215547703181
0.003428975265017668
0.002737102473498233
-0.0041639575971731445
-0.0038579505300353352
-0.0022395759717314494
4.94699646643112e-05
0.002193639575971731
-0.004903886925795053
0.001456537102473498
-0.0007067137809187278
0.003906713780918727
0.001291872791519435
0.0030678445229681984
-0.002051590106007067
-0.0012473498233215553
-0.0015166077738515901
0.0011547703180212014
0.001650176678445229
0.003452296819787986
-0.005836042402826855
0.000349116607773852
-0.0037243816254416964
-0.00013215547703180198
-0.0010593639575971737
-0.0004077738515901056
-0.002803533568904594
0.0006805653710247354
0.00025724381625441653
0.0004904593639575975
0.0022848056537102474
0.0008353356890459366
-0.0006692579505300354
-0.001144876325088339
0.000870671378091873
-0.0010480565371024735
0.00032650176678445167
-0.00266713780918728
0.003883392226148409
-0.004519434628975264
-0.002132155477031803
-8.692579505300376e-05
-0.0006360424028268563
0.0008883392226148407
9.681978798586545e-05
-8.127208480565418e-05
-0.00046784452296819737
-0.0004091872791519435
0.00048127208480565326
-0.0034409893992932857
0.0010155477031802116
0.0010197879858657255
0.003104593639575972
-0.0023625441696113075
-0.0013992932862190817
-0.0008275618374558303
0.00013568904593639565
0.005935689045936396
0.0009307420494699657
-0.0036148409893992936
0.0005957597173144877
0.0022544169611307427
-0.0012318021201413426
-0.0019484098939929332
-0.003812720848056537
-0.002226148409893993
0.0027611307420494706
-0.0019660777385159004
-0.0009802120141342758
0.0018388692579505306
-0.0032720848056537106
0.0012325088339222615
-0.0014862190812720854
-3.5335689045931524e-06
-0.0017279151943462906
0.0006367491166077741
0.00024522968197879843
-0.0015922261484098935
0.003983038869257951
0.00488339222614841
-0.001560424028268551
-0.00022049469964664277
-0.003726501766784453
0.0014784452296819782
-0.0019257950530035333
-0.002910247349823322
0.002121554770318021
-0.00032014134275618424
-0.0032106007067137818
-0.005084805653710248
-0.0021307420494699656
-0.0022643109540636044
-0.00010883392226148438
-0.001743462897526502
-0.0010063604240282689
-0.0005590106007067142
0.0007371024734982332
-0.0035674911660777396
0.0023540636042402832
0.0010530035335689046
-0.0011978798586572432
0.0007307420494699655
-0.0009017667844522968
-0.002931448763250883
0.0015519434628975264
-0.00012791519434629
-0.0022939929328621906
-0.004195053003533569
0.0027469964664310954
-0.002153356890459364
-0.0003851590106007063
-0.0008551236749116606
-0.0024282685512367484
0.0008409893992932864
0.000828975265017668
-0.0008395759717314485
-0.0032268551236749113
0.0016445229681978795
-0.006225441696113074
-0.00253427561837456
0.004385865724381626
0.00019151943462897554
0.002417667844522968
-0.0033844522968197875
-0.001612720848056537
-0.0019639575971731453
0.0017462897526501775
-0.0023787985865724383
0.0009208480565371026
-0.003282685512367491
-0.0010303886925795052
-0.0009003533568904595
0.00017526501766784502
0.0010501766784452291
0.004498233215547702
0.0008982332155477028
-0.0015802120141342757
0.0005484098939929326
0.003130035335689046
0.0009660777385159008
-0.00016113074204946988
-0.00317173144876325
0.0008565371024734979
-0.00025229681978798614
0.002354063604240283
0.002367491166077738
-0.00043321554770318075
-0.0016077738515901058
-0.006829681978798586
-0.006567491166077739
0.0030572438162544163
0.0021236749116607776
-0.0007038869257950523
-0.0033081272084805654
0.0020565371024734986
0.0030826855123674913
0.0003583038869257953
-0.0011257950530035334
-0.0008134275618374561
-0.0042339222614840985
-0.005012720848056537
0.000519434628975265
0.0007038869257950534
-4.80565371024735e-05
-0.0019392226148409889
0.0027229681978798593
-0.005725795053003533
0.0009865724381625438
0.00026431095406360397
-0.001193639575971731
5.0176678445230234e-05
-0.005704593639575972
0.00025936395759717254
-0.0006777385159010603
-0.0034862190812720846
-0.0013971731448763254
-0.001597879858657244
0.0002367491166077733
0.0008445229681978798
0.0015872791519434624
-0.0005293286219081273
0.0017950530035335697
-0.0003243816254416959
0.005192932862190812
-0.0025272084805653705
0.0017795053003533564
0.0005738515901060076
0.0005618374558303892
-0.0022628975265017665
0.0038268551236749116
-0.0006770318021201405
0.0009356890459363963
-0.0009265017667844523
-0.0031957597173144885
0.00028127208480565414
-0.00021837455830388738
-0.002196466431095406
0.0021971731448763247
0.0033067137809187283
-0.0032706713780918726
-0.005146289752650177
-0.004547703180212014
0.0019081272084805654
-0.0003420494699646649
-0.0010332155477031798
0.0006021201413427557
-0.002063604240282686
-0.0035547703180212015
0.0016621908127208485
0.003414840989399293
0.0031130742049469964
-0.0028989399293286224
0.002742756183745583
0.0017144876325088342
0.0022749116607773848
-0.002258657243816254
0.005912367491166077
0.0019236749116607777
-0.002580918727915194
0.0012346289752650167
-0.0023738515901060076
-0.0024063604240282693
-0.0020296819787985866
0.001025441696113074
0.0007448763250883396
-0.0015802120141342748
0.0019922261484098935
-0.002375265017667845
-0.0032466431095406357
0.0032946996466431096
0.00030600706713780905
0.0015265017667844525
-0.004684098939929329
0.0013385159010600707
0.0031908127208480574
-0.00020424028268551262
-0.0006946996466431102
0.0029222614840989395
-0.0057957597173144875
0.0024883392226148415
0.0012473498233215557
-0.0018204946996466427
-0.0008692579505300353
-0.0002141342756183753
0.00023392226148409947
0.0007837455830388692
0.002436042402826855
0.0013936395759717305
-0.004528621908127209
-0.0007187279151943466
0.0014190812720848052
0.002992226148409895
-0.003841696113074205
0.0020141342756183752
-0.00021625441696113145
-0.001330035335689046
0.000551236749116608
0.0009250883392226143
0.0009491166077738516
0.0010657243816254418
0.000297526501766785
-0.0019265017667844523
0.0008070671378091872
0.0019024734982332162
-0.001860777385159011
0.0012770318021201408
0.0014961130742049467
0.004079151943462897
-0.004231802120141343
-0.002544169611307421
0.0020056537102473506
-0.0010084805653710251
-0.0010692579505300352
-0.0030360424028268557
0.00012932862190812673
0.0020402826855123674
0.0029703180212014117
0.0024777385159010603
0.0007286219081272082
0.0014339222614840991
-0.0017441696113074205
0.0007236749116607767
-0.0034911660777385157
0.0004932862190812727
-0.0006438162544169616
-0.006857950530035335
0.0013915194346289742
-0.0008466431095406358
0.006087632508833923
0.0004996466431095407
-5.371024734982251e-05
-0.0017335689045936398
-0.002061484098939929
0.0002155477031802122
0.004862190812720848
-0.004370318021201413
-0.002761130742049471
0.0008685512367491163
0.0021505300353356883
0.0018664310954063612
-0.0038416961130742057
0.0013837455830388702
-0.0025102473498233215
-0.002247349823321555
0.0021547703180212017
-0.0005759717314487637
0.0018325088339222614
-0.0018890459363957591
0.002112367491166078
-0.0004212014134275623
-0.0021201413427561835
-0.004324381625441696
0.0024409893992932865
0.0024303886925795054
0.0008360424028268552
0.0018367491166077735
0.0036749116607773854
-0.0035547703180212006
0.0010756183745583043
0.0005081272084805655
-0.0021879858657243806
0.004389399293286219
-0.0027017667844522974
-0.004090459363957597
0.0013653710247349818
-0.00017385159010600704
-0.0017321554770318025
-0.0020197879858657244
0.005301060070671378
0.0011936395759717313
0.00017243816254417015
-0.0002671378091872788
0.00033215547703180283
0.0007985865724381624
-0.002284098939929328
-0.00017031802120141351
-0.002746996466431095
-0.003129328621908127
0.002269257950530035
-0.0018869257950530028
0.002066431095406361
0.0015102473498233217
-0.0002706713780918724
-0.004662897526501767
0.0033236749116607772
-6.572438162544152e-05
-0.005852296819787985
0.00022685512367491158
-0.001957597173144876
-0.00406077738515901
-0.001953356890459363
0.0033985865724381623
0.0023236749116607772
0.0003554770318021196
0.0032388692579505304
-0.0008756183745583044
-0.0006544169611307424
-0.0033696113074204942
0.0037356890459363957
0.0005681978798586566
0.0011045936395759712
0.0040197879858657245
0.0026353356890459357
-0.0005738515901060068
0.0036607773851590106
0.0021413427561837455
-0.0006077738515901055
0.001601413427561837
-0.0020473498233215554
0.00040918727915194314
0.0036120141342756177
0.00037031802120141363
0.0012961130742049467
-0.002919434628975265
0.0032586572438162544
-0.0011067137809187284
0.0033780918727915193
0.001513780918727916
0.00020282685512367415
0.003953356890459363
-0.0008607773851590103
-0.004545583038869258
0.0023349823321554774
0.0011681978798586568
-0.0012855123674911663
-0.0026049469964664305
-0.0003130742049469964
-0.0010579505300353357
-8.480565371024586e-06
0.004357597173144875
-0.0025031802120141344
0.0030911660777385155
0.001387279151943463
-0.0008643109540636036
-0.0038763250883392234
0.0015505300353356893
-0.0013469964664310952
-0.00043957597173144866
-0.00030812720848056484
-0.000146996466431096
-0.004061484098939929
-0.0006367491166077739
-0.0014070671378091874
-0.0037314487632508836
-0.002612014134275618
0.0019356890459363953
0.0012233215547703179
0.002831802120141342
-6.501766784452247e-05
0.0010876325088339217
0.0034247349823321557
0.00015689045936395738
-0.0017547703180212015
0.0015724381625441698
0.0014219081272084809
0.00030035335689045925
-0.0001674911660777389
0.0005901060070671371
0.00307279151943463
0.0021180212014134275
-0.005039575971731449
0.001092579505300353
-0.0014720848056537102
0.0019561837455830387
0.0018381625441696112
-0.00048409893992932846
0.0010664310954063606
0.0021908127208480565
-0.002893286219081271
-0.0014848056537102466
0.0038247349823321564
-0.0018318021201413426
0.0006487632508833925
-0.0009802120141342748
0.0034169611307420496
0.003447349823321554
7.632508833922225e-05
-0.002044522968197881
0.0001413427561837457
0.0012621908127208477
0.00017879858657243768
-0.00038657243816254386
0.0005710247349823318
-0.0018508833922261483
-0.007060070671378092
0.0009632508833922261
0.004286925795053003
0.0008650176678445235
0.0030056537102473493
0.005847349823321554
-0.0015427561837455838
0.002113074204946996
-0.0027901060070671378
0.0016600706713780916
0.0060692579505300355
0.00013074204946996457
0.0017166077738515902
-0.0002445229681978796
0.001771731448763252
0.0030961130742049466
0.00043038869257950495
-0.00047491166077738524
0.0003378091872791513
0.0011434628975265015
0.002542049469964665
-0.0012932862190812718
0.004079858657243816
-0.004161837455830389
8.197879858657243e-05
-0.004248763250883392
-0.0004268551236749125
0.002539929328621908
-0.004734275618374558
-0.0005102473498233215
0.0016636042402826858
-0.0029971731448763255
-0.0015038869257950533
0.000925795053003534
0.0006395759717314488
0.0014120141342756185
-0.000382332155477032
-0.0017957597173144876
0.0036586572438162546
-0.003190106007067138
0.003741342756183746
-0.00394982332155477
-8.056537102473552e-05
0.0037067137809187285
0.005739929328621909
0.0013667844522968196
0.003125795053003534
-0.0007674911660777393
0.0015455830388692584
-0.0026367491166077745
0.0009166077738515904
-0.0029060070671378087
-0.0011717314487632512
0.0037392226148409897
-0.0009851590106007065
-0.0016098939929328625
-0.0014254416961130742
-2.8268551236757772e-06
0.0029533568904593637
0.007339222614840989
0.001828975265017668
0.002915901060070672
0.00516678445229682
-0.002269964664310954
0.0019625441696113077
-0.0032713780918727916
-0.0007936395759717312
0.0021427561837455826
0.00036466431095406263
0.0013385159010600707
-0.0020840989399293283
0.0006770318021201413
-0.002778798586572438
0.0021053003533568902
0.00021342756183745558
-0.0019102473498233206
-0.0031618374558303893
0.0018586572438162553
0.002789399293286219
0.003453003533568904
-0.002049469964664311
-0.004657950530035336
0.0024021201413427567
0.0018028268551236756
0.0007639575971731449
0.001985865724381626
-0.006532155477031803
-0.00034346289752650114
-0.0024197879858657246
-0.001425441696113074
-0.0032692579505300356
-0.0011872791519434629
0.0008918727915194342
-7.13780918727915e-05
-0.0038445229681978803
0.004556183745583037
0.001942756183745583
-0.00189469964664311
0.0026636042402826856
0.0003611307420494698
-0.0021180212014134266
0.004666431095406361
-0.006891872791519435
-0.001189399293286219
0.001708127208480565
-0.0007978798586572429
0.0014289752650176683
-0.0011335689045936395
-0.0002155477031802122
0.0015477031802120142
0.0007455830388692578
-0.001402120141342756
-0.0008409893992932861
0.000506713780918728
0.0005575971731448775
-0.0012551236749116608
-0.0007752650176678446
0.001274204946996467
0.001478445229681978
-0.0032070671378091877
0.0015215547703180214
0.0011646643109540628
7.773851590105543e-06
0.0012028268551236738
-0.0025024734982332163
-0.0020614840989399293
0.0009166077738515896
0.003947703180212013
-0.0003554770318021204
-0.0015667844522968203
0.0015342756183745585
0.0039936395759717315
-0.001513780918727915
2.3321554770317415e-05
0.0005922261484098937
-0.0042339222614840985
-0.001503886925795053
-0.003036042402826855
0.0015696113074204943
0.0014678445229681972
-0.0051074204946996455
0.001192932862190813
0.0010749116607773853
-0.001255123674911661
0.004442402826855123
-0.003672084805653711
-0.0028791519434628976
-0.0036911660777385158
-0.003040282685512367
0.0023929328621908126
-0.0016035335689045937
0.004040989399293287
0.00454416961130742
-0.0017095406360424033
0.001280565371024735
-0.005201413427561838
0.003078445229681979
-0.002257950530035336
-0.0061130742049469965
-0.0004226148409893996
-0.0019349823321554774
0.0011420494699646644
-0.003373851590106007
0.0013187279151943463
-0.002517314487632509
0.0002508833922261486
-0.0037950530035335693
-0.002320141342756183
0.005476325088339223
0.005498233215547703
-0.0010240282685512365
-0.003050883392226148
-0.0006791519434628981
-0.004348409893992934
-0.003816254416961131
-0.0005406360424028274
-0.002740636042402827
0.0002077738515901055
-0.0008544169611307423
0.002485512367491166
0.003702473498233216
0.0019618374558303883
-0.00012014134275618425
-0.002391519434628975
-0.003407773851590106
0.0008756183745583037
0.0027780918727915195
0.0019583038869257947
0.0014636042402826858
-0.0005731448763250889
-0.0007660777385159009
0.0024833922261484104
-0.0011992932862190814
0.004000706713780919
-0.0008113074204946998
0.0015201413427561841
-0.0010855123674911665
-0.0034572438162544165
0.0013024734982332157
-0.0010388692579505305
-0.002602826855123675
0.0021554770318021202
-0.0018310954063604252
0.005711660777385159
0.0038876325088339223
-0.0014869257950530033
0.0006756183745583038
0.0015060070671378092
-0.003576678445229682
0.000719434628975265
-0.003200706713780919
0.0032671378091872786
0.0024975265017667847
-0.0037208480565371024
0.006568197879858657
-0.0022332155477031803
-0.004262190812720848
-0.0009462897526501762
0.0010127208480565364
0.0037314487632508836
0.004429681978798587
0.001407067137809187
7.067137809187384e-06
0.00369469964664311
0.0010261484098939926
-0.0002791519434628966
0.0014325088339222614
0.0026607773851590106
0.0015625441696113071
0.0037879858657243817
0.0005554770318021206
0.00014487632508833955
0.0018890459363957595
0.0005441696113074206
-0.005101766784452296
0.00047703180212014135
0.0025823321554770315
0.00029893992932862156
0.0004643109540636043
0.005213427561837456
0.0012424028268551233
0.003318021201413427
-0.0022091872791519434
0.0007752650176678446
0.0015787985865724384
0.0016176678445229684
-0.002651590106007067
3.180212014134264e-05
0.0009766784452296816
0.0011434628975265013
0.0032544169611307427
0.0009045936395759717
-0.00163886925795053
0.0028275618374558305
0.0008614840989399296
-0.004270671378091873
-0.0021144876325088335
0.001992226148409894
-0.0012501766784452294
0.0001074204946996462
7.632508833922206e-05
-0.003400706713780918
0.001173144876325089
-0.0014961130742049463
-0.004758303886925795
-0.00440565371024735
-0.0009328621908127207
-0.0026303886925795046
0.0027971731448763254
-0.0024636042402826856
-0.0009554770318021199
0.0040530035335689055
-0.0037681978798586573
-0.00033286219081272067
0.00781766784452297
-0.0029703180212014135
-0.0026049469964664314
-0.005181625441696113
-0.0021922261484098944
-0.0024833922261484095
-0.0010438162544169612
-0.001063604240282685
-0.0003611307420494702
0.0028862190812720847
0.004926501766784452
0.0034763250883392224
0.00243886925795053
0.0014212014134275623
0.0007547703180212014
0.004170318021201414
0.0008932862190812722
-0.0023455830388692572
-0.003002120141342756
-0.0028925795053003525
-0.005233215547703181
0.003930742049469965
0.001549116607773852
0.003732862190812721
0.0014996466431095414
0.002368904593639576
0.0024932862190812735
-0.00420565371024735
-0.00030883392226148414
-0.002653710247349823
-0.0012332155477031796
0.002060070671378092
8.551236749116569e-05
0.00552155477031802
0.0016678445229681975
-0.004638162544169612
-0.0028388692579505302
-0.0006544169611307414
-0.001365371024734983
-7.985865724381629e-05
0.0005265017667844524
-0.0036310954063604245
0.0032883392226148414
-0.0014049469964664313
0.0003816254416961134
0.0010240282685512372
0.0027151943462897527
-0.001409893992932863
0.0017583038869257936
-0.006340636042402827
0.0025540636042402825
-0.0012254416961130748
0.0013604240282685516
-0.0034713780918727904
0.0015102473498233215
-0.0047462897526501764
-0.002410600706713781
-0.005809893992932863
-0.004324381625441696
-0.002093992932862192
-0.0015031802120141346
-0.0035689045936395753
-0.001995053003533569
-0.0031201413427561844
0.0006459363957597174
0.00469964664310954
-0.0022056537102473493
0.0018113074204946999
-0.0001745583038869254
0.002137809187279152
0.0016657243816254421
0.003086219081272085
0.0009865724381625445
0.0012671378091872786
0.0008855123674911663
-0.0019696113074204945
-0.0017851590106007062
0.00116113074204947
0.0017533568904593638
-0.001597173144876325
-0.0017590106007067136
0.0002749116607773848
0.0025738515901060073
0.0013109540636042402
-0.002021201413427561
0.0018671378091872795
-0.0057929328621908124
-0.002893286219081273
-0.001344169611307421
0.00418303886925795
-0.0011901060070671375
-0.002281272084805654
-0.005379505300353357
0.003401413427561837
-0.0025166077738515897
-0.0006706713780918727
-0.0006848056537102471
0.00034063604240282627
0.00028339222614841004
0.002961837455830388
-0.0014049469964664304
-0.003088339222614841
-0.002772438162544169
-0.0003978798586572441
-0.00039717314487632487
-0.0016522968197879855
0.001773144876325088
-0.0006791519434628977
0.005380212014134276
-0.0012098939929328623
0.0007886925795053008
-0.0033759717314487633
-0.0026713780918727914
-0.004012014134275618
0.0034770318021201414
0.003199293286219081
0.0011406360424028271
-1.9615247784896758e-19
-0.0009879858657243813
0.00188904593639576
-0.002177385159010601
0.0014084805653710245
0.0011053003533568907
-0.0020643109540636044
0.001892579505300353
0.0024452296819787987
-0.004078445229681979
-0.0022819787985865723
-0.0017639575971731445
-0.004799293286219082
0.0006141342756183748
0.004534275618374559
0.0003731448763250885
-0.0004763250883392227
0.0007752650176678452
-0.0010106007067137808
0.0007286219081272092
0.0011759717314487638
0.0027413427561837457
0.00313356890459364
-0.0006466431095406356
-0.0032318021201413433
-0.005034628975265017
-0.0014063604240282695
-0.00032650176678445254
-0.0035886925795053006
0.0015491166077738516
0.0034007067137809197
-0.0050911660777385155
-0.005486219081272085
-0.0009809187279151942
-0.0001731448763250885
-0.0027745583038869264
0.0014720848056537102
-0.004190106007067138
-0.0026855123674911665
-0.0014035335689045936
-0.0030381625441696118
-0.0045088339222614845
-0.0020671378091872794
0.003934275618374558
-0.00021130742049469962
-0.0005611307420494706
0.0021081272084805653
-0.0017625441696113079
-0.0021971731448763247
-2.1201413427567347e-06
-0.0004508833922261484
-0.0023053003533568903
-0.00042968197879858635
0.0010141342756183743
-0.0003639575971731442
-0.0018855123674911664
0.0018876325088339222
-0.0019512367491166071
0.00390530035335689
-0.001232508833922262
0.0018565371024734986
0.0018077738515901063
0.0028247349823321563
0.0015830388692579511
-0.0008388692579505302
-0.0018812720848056536
0.002904593639575971
0.0006826855123674915
-0.0019462897526501765
-0.0007568904593639578
-0.0015696113074204954
-0.0023067137809187274
-0.000988692579505301
0.001252296819787986
0.0021265017667844526
9.611307420494734e-05
0.008048056537102473
0.0004961130742049472
0.0004091872791519435
-0.0005392226148409892
-0.004649469964664312
-0.001828975265017668
-0.001814134275618375
-0.0009477031802120138
0.004256537102473499
0.0007540636042402824
0.004432508833922262
-0.005408480565371025
9.823321554770335e-05
-0.001513074204946997
-0.004205653710247351
-0.0013752650176678445
-1.696113074204922e-05
0.0030056537102473497
0.002920141342756184
0.0019095406360424027
0.0028932862190812723
-0.0019159010600706713
0.001350530035335689
-0.0012685512367491165
0.0010876325088339227
0.0017250883392226147
0.0007681978798586574
0.00011872791519434616
0.0013010600706713778
-0.0001646643109540643
0.0012671378091872788
0.003645936395759718
0.0015031802120141348
-0.004158303886925795
-0.003983038869257951
-0.0007795053003533567
-0.001219081272084806
-0.004861484098939929
0.004617667844522967
-0.003285512367491166
0.002248056537102474
0.0009865724381625434
0.0012318021201413423
-0.0001660777385159012
-0.002712367491166078
-9.89399293286213e-06
-0.00327773851590106
-0.0004127208480565364
-0.002190106007067138
0.00029469964664311014
-0.0004204946996466429
-0.003161837455830389
-0.006751236749116608
0.004384452296819788
0.002985159010600707
-0.004264310954063604
-0.0015321554770318024
-0.0030240282685512366
0.00016466431095406363
-0.0018332155477031808
-0.0009441696113074203
-0.0035109540636042397
0.0005696113074204956
-0.0028134275618374558
0.0030508833922261477
-0.00015971731448763242
0.0035505300353356893
-0.0036431095406360423
-0.0018501766784452295
0.002210600706713781
0.0014339222614840991
0.0006212014134275628
-0.0020756183745583036
-0.001573851590106008
0.0006127208480565373
0.0032636042402826855
-0.0017554770318021213
0.0022035335689045937
0.00013568904593639513
-0.0014833922261484102
0.0012084805653710244
0.0005363957597173145
0.002746996466431097
-0.001334275618374558
0.005183745583038869
-0.003009893992932863
-0.0036537102473498235
0.003424028268551237
-0.0026310954063604236
0.0002968197879858656
0.0030480565371024727
-0.0031363957597173153
0.0023307420494699652
4.240282685512332e-05
-0.005862897526501766
0.001503886925795053
-0.0005505300353356892
0.0002749116607773851
0.0006579505300353359
0.00010530035335689103
0.0053865724381625445
-0.003681272084805655
0.0036855123674911657
0.0012650176678445225
0.0037257950530035343
0.00014558303886925741
-0.0029045936395759716
-0.0017526501766784457
0.001765371024734982
0.0007936395759717311
-0.00020141342756183802
-0.0033773851590106012
-0.0027696113074204953
-0.0010014134275618373
0.003425441696113074
-0.0015151943462897535
0.0009568904593639575
-0.0007074204946996465
-0.0018798586572438163
-0.0013745583038869255
-0.0011583038869257946
-0.00017102473498233214
0.003163957597173144
-0.0020628975265017664
0.0012176678445229685
-0.002969611307420495
-0.0017653710247349822
0.0013568904593639587
-0.002106713780918728
0.0032508833922261482
0.0034946996466431093
-0.00413851590106007
-0.001641696113074205
-0.0011441696113074205
0.00090530035335689
-0.00013992932862190842
-0.0007328621908127204
0.0007681978798586581
-0.003313074204946997
0.00014770318021201356
0.00407279151943463
0.0010791519434628972
-0.0021130742049469964
0.002067844522968197
-0.0022508833922261487
-0.0013491166077738521
0.002946996466431095
0.0034565371024734984
5.4416961130742135e-05
-0.0012961130742049462
0.0010982332155477035
0.007303180212014133
0.001378798586572438
0.0033795053003533564
9.681978798586584e-05
-0.0010098939929328622
0.0005399293286219083
0.005419081272084805
0.005961837455830389
-0.001767491166077738
-0.0018734982332155481
-0.0005773851590106009
0.00433922261484099
0.0015363957597173143
0.0023512367491166078
-0.002540636042402827
0.003265724381625442
0.0003745583038869261
-0.0029950530035335694
-0.0029844522968197874
-0.0018706713780918735
-0.0023999999999999994
0.0018014134275618375
-0.004828268551236749
-0.0019901060070671365
-0.0014325088339222614
0.0004310954063604232
0.000780918727915194
0.001806360424028269
0.002628975265017667
0.001067137809187279
-6.007067137809173e-05
-0.00021766784452296816
-0.004378798586572438
-0.00014063604240282707
-0.0014226148409893999
-0.0004028268551236753
0.0005575971731448763
-0.0008226148409893992
0.0016643109540636042
0.0007314487632508834
-0.0007194346289752643
0.0008989399293286222
-0.004901060070671379
-0.002629681978798587
0.000299646643109541
-0.0011632508833922255
-0.0004480565371024739
-0.005032508833922261
-0.005912367491166077
-0.0001265017667844521
-0.001968904593639576
0.001310247349823322
0.0014303886925795053
0.0016219081272084803
0.000918021201413428
-0.002503180212014134
-0.002194346289752651
0.0012904593639575968
-0.001424028268551237
0.00014770318021201396
0.0012890459363957593
-0.00021342756183745547
-0.0003561837455830385
0.0012508833922261478
-5.583038869257944e-05
0.003675618374558304
0.0012494699646643111
-0.0026692579505300357
-0.0033957597173144873
0.0022042402826855127
0.0015201413427561844
0.0006784452296819788
-0.002436749116607774
0.002255830388692579
-0.00031095406360424075
0.0009922261484098939
0.0025554770318021204
-0.0044537102473498225
-0.0022197879858657245
-0.0004381625441696115
-0.0028855123674911653
-0.00038939929328621884
0.002097526501766784
-0.004912367491166078
-0.0027915194346289753
-0.004965371024734982
0.004227561837455829
-0.00454416961130742
-0.0013031802120141345
0.0028310954063604232
-0.0006374558303886924
-0.0017597173144876326
-0.0015999999999999996
-0.005435335689045935
0.002468551236749117
0.0027236749116607796
-0.001386572438162544
0.004219081272084806
-0.0001512367491166078
0.0019123674911660773
0.00166148409893993
-0.0015773851590106009
-0.000491166077738516
-0.00036042402826855186
-0.0041102473498233205
0.0002954063604240283
-0.00014134275618374532
0.002086219081272084
-0.0001321554770318015
0.0014296819787985872
2.190812720847992e-05
-0.001003533568904594
0.002504593639575972
0.0021462897526501757
0.0020946996466431095
0.004535689045936395
0.0051710247349823334
0.0011547703180212017
-0.0037505300353356886
-0.0003802120141342755
0.0022049469964664317
-0.0015250883392226148
0.0012247349823321552
-0.0044925795053003545
-0.0009427561837455834
0.002202120141342757
0.002117314487632509
-0.0008487632508833927
-0.0008473498233215544
-0.0026254416961130744
0.0017568904593639573
0.0011498233215547701
-0.0005964664310954061
-0.000445229681978798
0.005137809187279152
-0.0008275618374558308
-0.002129328621908127
0.0037830388692579506
0.0003710247349823324
-0.0006918727915194347
-0.0032749116607773848
0.004698939929328621
0.001374558303886926
-0.002289752650176679
0.00034275618374558255
0.0004070671378091872
0.0003031802120141346
-0.002384452296819789
0.0002098939929328619
0.0034113074204947
0.0026388692579505297
0.0013448763250883387
0.003995759717314487
-0.0015893992932862191
-0.001529328621908127
0.0014968197879858653
-0.0009469964664310954
-0.002903180212014134
0.0004628975265017672
-0.0036445229681978794
-0.001768197879858657
0.00028904593639576007
0.0021851590106007064
0.003306713780918728
-0.002360424028268551
0.005739929328621909
-0.0027738515901060074
-0.001063604240282686
0.00021696113074204975
0.00027349823321554757
-0.0008586572438162546
-0.0008742049469964655
-0.0019484098939929332
0.006
0.0011568904593639573
0.0015590106007067135
0.0005992932862190814
-0.0007130742049469966
-0.0006961130742049466
0.002178798586572438
0.001448763250883392
-0.00015477031802120118
-0.0038586572438162547
0.001296819787985866
-0.0013469964664310954
0.002231802120141342
-0.004880565371024735
-0.0011448763250883397
-0.0011215547703180206
0.0029802120141342752
0.0014954063604240286
-0.0034127208480565375
0.003426855123674912
-0.0004367491166077743
0.005785865724381627
0.00028127208480565393
-0.0004848056537102469
-0.004729328621908126
0.006063604240282684
0.0007363957597173142
0.002678445229681979
-0.00010742049469964659
0.0006056537102473493
-0.0028862190812720856
0.004954063604240282
0.00033356890459363894
0.003233922261484099
0.0009816254416961138
8.339222614840974e-05
-0.0011081272084805655
-1.7667844522968605e-05
-0.00154982332155477
0.0013434628975265012
-0.002556183745583038
0.0007533568904593642
-0.0005307420494699651
-0.0013646643109540635
0.003952650176678445
0.0015780918727915198
0.0028558303886925796
-0.0003215547703180209
-0.0021844522968197883
0.0004932862190812719
0.004225441696113074
0.002560424028268551
0.0002339222614840985
-0.0019787985865724377
0.0029568904593639577
0.0035512367491166074
-0.002099646643109541
-0.0019547703180212016
0.006202120141342757
0.0005922261484098936
0.00022685512367491158
-0.004167491166077738
-0.0009717314487632509
-0.0014996466431095405
-0.00018727915194346315
-0.004265017667844522
0.001875618374558304
-0.0005540636042402826
-0.002115901060070671
-0.002393639575971732
0.00075547703180212
-0.0009773851590106008
-0.002575265017667844
0.0006713780918727917
0.001643816254416961
0.000587985865724382
-0.0035830388692579497
0.0023929328621908135
0.0018961130742049476
-0.0015448763250883396
-0.00017526501766784405
-0.004736395759717314
0.004973851590106007
-0.004253003533568904
0.005904593639575971
-0.004891872791519435
0.003144876325088339
0.002025441696113074
1.1307420494699578e-05
0.003464310954063604
-0.002699646643109541
-0.003612014134275619
-0.0007681978798586562
0.004740636042402827
-0.0025074204946996474
-0.00032084805653710235
-0.0003971731448763251
-0.0012918727915194343
-0.0002226148409893989
-0.004896819787985865
0.0018692579505300347
0.001706713780918728
0.0003533568904593635
-0.0005462897526501763
0.0010501766784452294
0.0014296819787985866
-0.003413427561837456
0.005085512367491166
0.0018607773851590113
-0.0013462897526501764
0.00021484098939929318
-0.002095406360424028
0.0003915194346289755
-0.002202120141342757
0.00011236749116607713
0.0007971731448763252
0.0016155477031802115
0.00012932862190812816
-0.005007067137809186
0.004123674911660776
0.0053123674911660776
0.0035335689045936404
0.0036501766784452295
-0.0034473498233215548
0.0020833922261484093
0.0050226148409893995
0.0010558303886925796
-0.0025010600706713774
-0.002654416961130742
0.0010664310954063604
0.0005922261484098938
-0.0014664310954063606
-0.002050176678445229
0.0008805653710247345
0.0011371024734982329
0.0022727915194346283
0.003115194346289752
-0.001112367491166077
0.0021144876325088335
0.0013872791519434634
-0.0013667844522968202
-0.00010318021201413488
0.00028692579505300373
-0.000752650176678445
0.003648763250883392
-0.0011272084805653713
-0.0034254416961130734
0.005005653710247349
0.0008091872791519436
-0.0024954063604240282
-0.00013568904593639573
0.0022996466431095407
-0.0017272084805653707
-0.0002445229681978802
0.002546996466431095
0.0036473498233215557
-4.52296819787991e-05
0.003179505300353357
0.004208480565371025
0.00032932862190812704
-0.0009674911660777392
0.00484452296819788
-0.0016070671378091872
0.005423321554770317
0.0011335689045936387
0.00304452296819788
0.0005328621908127214
0.004291166077738517
-0.001482685512367491
0.0023130742049469965
-0.0032579505300353363
-0.003103180212014134
0.008402826855123674
-0.0007689045936395765
0.0006876325088339217
-0.004873498233215548
-0.001021908127208481
-0.001013427561837456
-0.002042402826855124
-0.0008268551236749119
-0.000515194346289752
-0.002359717314487633
1.0600706713781124e-05
0.0037349823321554767
-0.001265724381625441
-0.00016254416961130718
-0.0022565371024734983
0.001443109540636042
-0.00528975265017668
-0.0007978798586572432
0.0013625441696113081
-0.00019010600706713805
-0.004182332155477033
-0.005014840989399293
0.002418374558303887
0.0017208480565371021
0.0008791519434628972
0.00042120141342756135
0.0006063604240282684
-0.0025660777385159007
0.0016975265017667844
0.0045045936395759715
-0.003308127208480565
-0.0010770318021201416
0.0027469964664310954
0.0011222614840989396
-0.001144169611307421
0.0023088339222614843
0.001836042402826855
-0.00038374558303886974
-0.0010961130742049463
0.003216254416961131
-0.0010339222614840996
0.0014508833922261483
0.001352650176678445
0.003264310954063605
0.0024565371024734975
0.0009498233215547705
-0.0030098939929328623
-0.00622190812720848
-0.0032268551236749113
0.005544169611307422
0.0027851590106007067
-0.0006077738515901061
-0.0016961130742049473
-0.001928621908127208
0.0011752650176678448
0.0022388692579505304
0.0001526501766784449
0.002262897526501767
-0.003624734982332155
-0.003688339222614841
0.0011180212014134281
0.004662897526501768
-0.0022169611307420495
-0.0006932862190812728
-0.0031745583038869265
-0.003484805653710248
-0.00046148409893993027
-0.003293992932862192
0.0008515901060070681
0.002773851590106007
0.0027215547703180218
0.0014742049469964663
-0.0012098939929328619
0.001068551236749117
-0.00518939929328622
-0.0007597173144876321
-0.00023392226148409839
0.00039646643109540633
0.00245583038869258
-0.0013053003533568899
-0.0023088339222614843
0.0010565371024734988
-0.003491166077738516
-0.0007031802120141342
0.0010360424028268555
-0.0035300353356890455
0.0008438162544169602
-0.001369611307420495
0.005843109540636044
0.0026113074204946996
0.004228268551236749
-0.003
-0.0018197879858657241
0.0015660777385159011
-0.0016247349823321558
0.0004091872791519436
-0.002923674911660778
0.004081978798586574
0.0035660777385159016
-0.0018395759717314485
0.002241696113074205
-0.0007519434628975259
0.004489045936395759
0.006144876325088339
0.003951943462897528
-0.001339929328621908
0.0002706713780918728
-0.0022395759717314494
-0.0006219081272084812
-0.0016339222614840992
-0.0028862190812720847
-0.0014310954063604241
-0.0005872791519434622
-0.0012840989399293277
0.0003625441696113065
0.005072791519434629
-0.0007540636042402838
-0.000980212014134275
-0.0026494699646643105
-0.0007759717314487635
0.0018212014134275614
-0.0018212014134275614
0.0020558303886925797
-0.004445229681978797
0.0005893992932862189
0.0009795053003533577
-0.000746996466431096
0.00046219081272084816
-0.006450883392226148
0.00044452296819788014
0.0011575971731448767
0.000669964664310955
0.0006148409893992936
0.002008480565371025
0.0033371024734982335
-0.00029681978798586637
0.0004671378091872793
-0.0019971731448763254
-0.0032028268551236743
0.0011229681978798588
0.00453922261484099
-0.002508833922261485
-0.00046077738515901086
0.002379505300353356
-0.0034614840989399295
-0.0028862190812720847
-0.004557597173144877
-0.002543462897526501
-8.904593639575991e-05
0.0037943462897526503
0.00044098939929328667
0.0010014134275618375
-6.148409893992923e-05
-0.001043816254416961
-0.006510247349823322
0.0013215547703180211
-0.0012240282685512362
-0.0020544169611307417
0.0036925795053003533
0.0011583038869257944
0.0023399293286219085
0.0003116607773851588
0.0011137809187279147
0.002390106007067138
0.004777385159010601
0.002053710247349823
0.00683886925795053
-0.003393639575971732
-0.0019201413427561837
-0.004323674911660778
-0.005501060070671379
0.00036042402826855154
-0.0008226148409893999
-0.00021201413427561779
-0.0026671378091872797
-0.001539929328621908
-0.0013484098939929327
-0.0007992932862190807
-0.0032416961130742046
-0.0032176678445229676
0.0022530035335689043
-0.001737809187279152
-0.0014798586572438155
0.0013010600706713773
0.0019109540636042394
0.0012720848056537103
-0.001924381625441696
-0.0018240282685512371
0.0024289752650176683
-0.001447349823321555
-0.003002826855123675
0.004050883392226149
0.0037540636042402826
-0.001638162544169611
0.005361837455830389
-0.0006855123674911665
0.0005957597173144875
0.0033180212014134276
-0.0033491166077738517
-0.0003286219081272078
-0.0035109540636042405
0.00019999999999999996
5.441696113074174e-05
-0.0017547703180212015
-0.0007222614840989398
-0.0003583038869257962
-0.0026120141342756186
-1.2720848056536486e-05
-0.0014360424028268554
-0.0011286219081272086
-0.0008070671378091875
0.002662190812720848
0.004091166077738517
0.003721554770318022
-0.00023745583038869232
-0.0032840989399293284
0.000800706713780919
-0.0022628975265017665
-0.0012056537102473498
0.001197173144876325
-0.002118021201413428
0.002666431095406361
-0.00257173144876325
3.392226148409795e-05
0.0016713780918727922
0.001240282685512368
-0.0029759717314487627
0.00456042402826855
0.002685512367491166
-0.0008134275618374563
0.002638162544169611
0.0013780918727915195
0.001609893992932862
-0.0008968197879858658
-0.0023787985865724383
-0.0010812720848056541
0.0007646643109540637
-0.0033971731448763256
-0.0008247349823321549
-0.003363957597173145
-0.0039759717314487636
-0.0023060070671378084
-0.0024685512367491167
-0.0003780918727915194
-0.004414840989399293
0.00039363957597173145
0.00012438162544169517
-0.0010063604240282695
-0.003587985865724382
-0.00113356890459364
0.0021773851590106007
-0.0020487632508833908
0.002607773851590106
0.0006445229681978797
0.0004855123674911653
0.0026770318021201414
-0.004055830388692579
-0.0013865724381625444
-0.0034487632508833923
0.0010862190812720852
0.002758303886925795
-0.0029074204946996467
0.0024056537102473494
-0.004990106007067138
-0.0003102473498233215
0.0050197879858657245
0.001624028268551236
0.006158303886925794
0.0005575971731448765
-0.0023484098939929323
-0.0012261484098939931
0.003193639575971731
0.000511660777385159
-0.00032226148409893976
-0.0022049469964664312
0.001930035335689046
0.00044028268551236764
-0.0026685512367491167
-0.0038586572438162555
-0.001850176678445229
0.001836749116607774
-0.001123674911660777
-0.0016692579505300348
-0.0013653710247349825
0.001159010600706714
0.0010968197879858653
-0.0025893992932862187
0.005250883392226149
-0.0049886925795053
0.00036607773851590156
0.0034692579505300352
-0.006035335689045937
-0.001604946996466431
0.0009208480565371028
0.0027067137809187276
-0.004580918727915194
-0.002612014134275618
0.003297526501766784
-0.0029816254416961136
0.002163250883392226
-0.0015604240282685515
0.0009950530035335687
0.0019187279151943472
-0.0035166077738515906
0.0018685512367491173
0.005972438162544169
0.0004756183745583045
0.0007710247349823319
0.0027660777385159004
-0.0015611307420494694
-0.0031547703180212017
-0.0017745583038869253
0.0012169611307420495
-0.003107420494699647
-0.0007257950530035331
0.00010812720848056489
0.0036127208480565363
-0.0026197879858657247
-0.002497526501766784
0.0008890459363957596
-0.0012438162544169613
0.00010812720848056567
-0.0006424028268551236
0.002143462897526503
-0.0016805653710247348
-0.0013109540636042406
-0.0016515901060070674
0.00022190812720848045
-0.0018197879858657248
0.003474204946996466
-0.002234628975265017
0.002063604240282686
0.001691872791519435
0.003209187279151944
-4.240282685513077e-06
-0.001267844522968198
0.002219081272084806
-0.0022353356890459364
-0.003891166077738516
0.00391660777385159
-0.004021908127208481
0.00039787985865724396
-0.0031738515901060076
-0.0009752650176678442
-0.0025166077738515897
-0.0005978798586572437
-0.0023455830388692577
0.0002706713780918726
0.0022607773851590104
-0.0005088339222614842
-0.0015081272084805667
-0.00396113074204947
0.0007759717314487633
0.0013943462897526495
0.0002911660777385168
-0.001374558303886926
0.0006515901060070673
0.0032134275618374564
0.0021477031802120145
0.002799293286219082
0.00496113074204947
0.0018685512367491168
-0.002082685512367491
-0.0031116607773851598
-0.0021017667844522967
0.004054416961130742
0.0028431095406360424
-0.00012438162544169576
-0.003866431095406361
0.0036247349823321563
0.003408480565371024
-0.002975265017667844
0.003828975265017668
4.3109540636042557e-05
-0.002703180212014135
0.003453003533568904
-0.0005462897526501765
0.0022028268551236747
-0.00044664310954063675
0.005324381625441695
0.0002961130742049466
-0.0017957597173144883
0.003658657243816254
-0.0002925795053003541
-0.004175971731448764
-0.0031385159010600717
-0.0008091872791519436
0.002198586572438163
0.0031031802120141346
-0.002429681978798586
-0.005732155477031801
-0.0003116607773851588
0.00022261484098939948
0.0015441696113074213
-0.00040706713780918794
-0.002074204946996466
-0.0006791519434628975
0.00125017667844523
-0.0010565371024734984
0.00017950530035335698
-0.0021922261484098944
0.0036480565371024734
-0.0027929328621908137
-0.001398586572438163
-0.001467137809187279
0.004402826855123675
0.0043590106007067135
0.0011568904593639582
0.00153851590106007
0.00026572438162544203
-0.0008106007067137814
0.001975265017667844
-0.0034918727915194347
0.0035533568904593635
-0.001298233215547703
-0.0004091872791519433
0.0008636042402826852
-0.0009886925795053
-0.001867137809187279
-0.00243321554770318
-0.001582332155477031
0.0017703180212014133
0.0022628975265017665
0.001740636042402827
-0.00033427561837455835
0.004636749116607774
-0.0030197879858657245
-0.0009462897526501768
-0.002269257950530036
0.00017526501766784405
0.0035561837455830385
-0.000170318021201414
0.0006805653710247354
-0.003196466431095406
-0.001134982332155477
-0.0029872791519434633
-0.0035851590106007066
-9.187279151943897e-06
0.001582332155477032
-0.0004614840989399295
0.0035639575971731447
3.6749116607773333e-05
-0.0004862190812720848
0.002942049469964664
0.002909540636042403
-0.0029137809187279144
0.0012579505300353358
0.0026197879858657247
-0.00177243816254417
0.0011109540636042403
0.0008021201413427565
0.00043533568904593643
0.0004219081272084808
-0.001896113074204946
-0.0037356890459363957
0.0026734982332155483
-0.0007809187279151944
-0.0004021201413427572
-0.001048763250883392
-0.001329328621908127
-0.001019787985865724
0.004690459363957596
0.00152791519434629
0.003786572438162543
0.0006113074204946998
7.420494699646591e-05
0.0033342756183745584
0.0026014134275618374
-0.0013469964664310954
-0.00017385159010600666
-0.00515053003533569
0.003348409893992933
-0.003228268551236749
0.0009314487632508834
-0.0008275618374558307
-0.0024091872791519443
-0.0008833922261484101
0.0009851590106007065
0.0009787985865724379
-0.00163321554770318
0.0023378091872791524
-0.0010233215547703178
0.005093286219081271
0.003582332155477031
-0.0030508833922261486
-0.0034586572438162545
-0.001956183745583039
0.0009816254416961136
-0.00032155477031802187
0.001537102473498233
-0.0018346289752650177
-0.0012219081272084806
0.0005533568904593638
0.0012318021201413434
0.0020593639575971737
0.0035088339222614836
0.004349116607773851
0.001208480565371025
0.003971731448763251
0.002279858657243816
0.0026918727915194343
0.0009681978798586569
-0.0015484098939929334
0.0004636042402826856
-0.003608480565371025
-0.0026190812720848057
-0.003308833922261484
-0.0005053003533568911
0.0034169611307420487
0.003158303886925795
0.0010932862190812722
-0.0030155477031802128
0.0003625441696113082
-0.0034650176678445222
0.003838162544169611
0.0023639575971731454
0.00316113074204947
1.3427561837455136e-05
0.003717314487632509
0.0001441696113074207
0.0049936395759717315
-0.0024763250883392224
-0.0014282685512367484
0.0009279151943462899
0.0009392226148409895
-0.001215547703180212
-0.0016522968197879855
-0.0006572438162544166
1.6254416961130913e-05
-0.0008261484098939939
-0.002221201413427562
0.00205017667844523
-0.001888339222614841
-0.0030155477031802115
-0.0021081272084805653
0.00922190812720848
0.00028056537102473587
0.0009448763250883387
-0.0012091872791519446
0.0010501766784452298
-0.006569611307420495
0.002863604240282686
0.0024537102473498234
-0.0002402826855123685
3.109540636042414e-05
-0.002274204946996467
-0.000598586572438162
-0.0014756183745583031
0.001589399293286219
0.0016282685512367494
-0.00041413427561837483
0.002252296819787985
-0.0014367491166077742
-0.0008141342756183739
0.002024734982332155
-0.0009024734982332159
-0.0010077738515901055
-0.0003639575971731453
0.005004946996466431
0.002932862190812721
0.0004614840989399297
-0.0010946996466431097
-0.003358303886925796
0.002091872791519435
-0.0009371024734982336
-0.0008586572438162548
-0.0025151943462897526
-0.00183321554770318
0.003274911660777385
-0.00043462897526501783
0.002065017667844523
-0.00025088339222614824
-3.0388692579505093e-05
-0.005627561837455831
-0.001835335689045936
-0.0021123674911660774
0.0010975265017667852
-0.0010600706713780929
-0.001186572438162545
0.0030713780918727915
-0.0027031802120141345
-0.002879858657243816
0.0018544169611307425
0.0010466431095406369
0.0016897526501766776
0.0007257950530035336
-0.0011371024734982335
0.0022664310954063605
-0.001252296819787986
0.0023908127208480566
0.0008346289752650175
-0.0018332155477031804
-0.0013420494699646645
-0.0015908127208480562
-0.0033356890459363955
0.002802120141342756
0.0026204946996466433
0.003232508833922261
0.0015618374558303892
-0.0010183745583038865
-0.0005392226148409888
-0.001437455830388692
-0.007751943462897527
0.00039505300353356854
0.0017674911660777385
-0.0017957597173144876
-0.001178798586572439
0.0051159010600706715
-0.0018445229681978796
-0.00033356890459363943
0.002975971731448763
0.0009929328621908124
0.0034459363957597172
0.00458303886925795
-0.0013300353356890465
0.00014911660777385165
0.003775971731448763
0.0020911660777385155
0.0014840989399293287
-0.003909540636042402
0.0008106007067137811
0.002491166077738516
0.003953356890459364
-0.0019618374558303883
0.004662897526501767
0.0026805653710247354
-0.0034614840989399295
-0.0010925795053003538
0.0004883392226148413
-0.0042176678445229685
-0.0005356890459363955
-0.0012883392226148416
0.000869964664310954
0.005402120141342756
0.005862190812720848
-0.0009385159010600713
0.001331448763250883
-0.0020148409893992925
-0.004373851590106008
0.005881272084805654
-0.0011837455830388686
0.003117314487632509
-0.00407208480565371
0.0007971731448763245
0.0019978798586572444
0.0019095406360424036
0.0031265017667844526
-0.004583745583038868
-0.002882685512367491
0.001806360424028269
0.003354063604240283
0.0029830388692579503
-0.0027441696113074195
0.0015017667844522968
-0.0010954063604240276
-0.0005088339222614843
0.0023166077738515905
-0.0017901060070671375
-0.002655830388692579
0.004968197879858658
-0.0038989399293286224
-6.219081272084846e-05
-0.0013406360424028274
-0.0020911660777385146
8.268551236749069e-05
-0.0009844522968197877
-0.0021102473498233213
0.003354063604240283
0.0019003533568904595
0.0006848056537102474
-0.004923674911660777
-0.0021752650176678438
0.0006155477031802124
0.0015173144876325085
-0.000698233215547704
0.0019307420494699646
-0.0005526501766784446
9.681978798586545e-05
-0.0007505300353356889
-0.0007639575971731445
-0.0018000000000000002
0.0014021201413427556
0.0022996466431095407
0.0028261484098939926
0.0011010600706713785
-0.004451590106007067
0.00444452296819788
0.0044522968197879854
7.491166077738495e-05
0.0038289752650176676
0.002470671378091873
0.0004176678445229687
-0.003721554770318021
0.0032014134275618372
-0.00213922261484099
-0.0035660777385159016
0.0007420494699646643
-0.0020720848056537105
0.0019279151943462894
-0.0007342756183745578
-0.001048763250883392
0.0035208480565371023
0.0010883392226148404
0.003850883392226149
0.0017293286219081275
-0.002240282685512367
-4.240282685512352e-05
0.0066240282685512365
0.0027674911660777383
0.0012070671378091868
-0.00024381625441696018
0.0014063604240282682
0.0003886925795052999
0.0007646643109540645
-0.006731448763250883
0.002186572438162544
-0.0007180212014134279
-0.001505300353356891
0.0019985865724381625
0.00374416961130742
-0.001326501766784452
0.0038742049469964665
-0.0014134275618374562
0.0011837455830388693
0.003279151943462898
0.0022657243816254415
0.0030219081272084805
0.0024219081272084807
0.00037031802120141325
-0.00034487632508833937
0.0012904593639575974
0.0012636042402826857
-0.0030826855123674913
-0.003224028268551237
0.0021505300353356887
0.0017137809187279147
0.0015611307420494702
-7.13780918727915e-05
7.985865724381629e-05
0.0008664310954063603
-0.0017427561837455828
-0.0011342756183745578
0.002143462897526502
-0.0009448763250883395
-0.0020275618374558306
-0.001512367491166078
0.00024805653710247374
-0.0040911660777385155
-0.005668551236749117
0.003279858657243816
-0.0001950530035335696
0.0018487632508833918
0.0005872791519434623
-0.0005265017667844522
0.0038388692579505303
0.0016084805653710248
-0.0029632508833922263
-0.0034932862190812726
0.0006530035335689043
0.005455830388692579
-0.0026204946996466437
-0.0006438162544169606
0.002510247349823322
-0.0023243816254416966
-0.0011236749116607775
0.000957597173144876
-0.003042402826855123
-0.0018162544169611308
-0.0004791519434628975
-0.0011194346289752645
0.0006904593639575973
0.0015286219081272086
0.002216254416961131
0.0032855123674911655
0.003169611307420495
-0.0005604240282685513
0.0010473498233215547
0.0045335689045936396
0.0009038869257950541
-0.0033519434628975263
-0.0036763250883392225
-0.0035936395759717313
0.0005208480565371028
0.00012791519434628978
0.002601413427561837
-0.00024522968197879876
-0.005855830388692579
0.00292226148409894
0.004891872791519435
-0.0030925795053003535
-0.006425441696113074
-0.002021201413427561
-4.098939929328656e-05
-0.004433922261484099
0.0015293286219081267
0.0028169611307420498
0.00470035335689046
-0.0014021201413427556
0.0032791519434628978
-0.0005886925795053002
0.003368197879858658
0.003506713780918728
0.003960424028268551
0.0032544169611307414
-0.0045378091872791525
0.0035618374558303886
-0.0012982332155477034
0.003952650176678446
-0.0008876325088339228
0.00040706713780918805
-0.0013568904593639576
-0.0039689045936395755
0.001101060070671378
0.0023003533568904592
0.0003851590106007069
0.0019731448763250893
-0.0016388692579505297
0.004542756183745584
-0.0017038869257950532
-0.0005943462897526499
0.00029045936395759694
-0.0018120141342756173
-0.006045229681978799
-0.00010600706713780968
0.004068551236749117
0.0025003533568904593
-0.002676325088339222
-0.002084098939929329
0.0007123674911660781
-0.0005102473498233214
-0.0012586572438162541
-0.00016254416961130775
0.0010763250883392222
0.0004134275618374558
-0.003019081272084807
0.00039222614840989415
-0.0013992932862190817
0.0044332155477031805
-0.002224734982332155
-0.0012720848056537101
0.0001229681978798586
0.0001674911660777383
0.002713780918727915
-8.409893992932887e-05
8.551236749116646e-05
-0.003961837455830388
0.0019448763250883392
0.0022028268551236743
0.001542756183745582
-6.289752650176702e-05
0.0007971731448763252
-0.0007950530035335684
0.00044310954063604224
0.0011229681978798586
-0.0017738515901060071
0.0011159010600706712
0.0005618374558303888
-0.0032056537102473507
0.006930742049469965
0.004618374558303886
0.0031116607773851584
0.005668551236749115
0.005998586572438163
0.0017420494699646636
-0.0013144876325088338
-0.002905300353356891
0.0010134275618374552
0.0008798586572438163
0.0017519434628975265
-0.004927208480565371
-0.003775971731448763
-0.0008155477031802114
0.0008353356890459369
0.0013773851590106005
-0.0019978798586572435
-0.002483392226148409
-0.0002431095406360427
0.0014113074204946988
-0.006717314487632509
0.001593639575971732
0.001880565371024735
-0.0014487632508833922
-0.0016183745583038867
-0.0018812720848056545
-0.0026904593639575968
-0.0015173144876325082
-0.0016487632508833923
-0.0019159010600706707
-0.0014360424028268548
-0.000756183745583039
-0.001130742049469964
0.0009201413427561836
-0.005456537102473497
-0.00015547703180212008
0.0020091872791519433
0.00010318021201413449
-0.001204240282685512
0.0003385159010600701
-0.00043321554770318
0.0005229681978798585
-8.480565371024665e-05
-0.0017484098939929337
0.0010162544169611306
0.0006770318021201421
0.001017667844522969
-0.0016148409893992934
0.005426148409893993
-0.0023886925795052996
-0.003790106007067138
-5.300353356890405e-05
-0.004318021201413428
-0.008030388692579504
0.0008572438162544169
-0.004065724381625443
0.0006212014134275612
0.0022791519434628977
0.0015349823321554768
0.0026812720848056536
0.0024487632508833923
-0.0009484098939929332
0.0036289752650176684
-0.00404946996466431
-0.0008862190812720855
0.003929328621908127
0.0006275618374558309
0.0018197879858657241
0.0013293286219081268
0.0031512367491166077
-0.0003363957597173147
0.0007745583038869257
0.003513780918727916
0.0022282685512367484
-0.002269964664310955
-0.00011448763250883387
-0.0020876325088339223
0.0051363957597173136
-0.0005787985865724386
-0.003937809187279152
-0.002117314487632508
-0.0032318021201413437
-0.001123674911660778
0.00016678445229681947
-0.0023279151943462893
-1.413427561837104e-06
0.00233922261484099
-0.0025307420494699645
0.0007279151943462895
-0.0025583038869257946
0.000535689045936396
-0.0007272084805653709
-0.002331448763250883
0.002026148409893993
9.469964664311088e-05
-0.0004756183745583033
-0.004185159010600707
0.00011519434628975311
-0.002269964664310954
0.0016692579505300355
0.004850883392226148
-0.0008954063604240277
-0.004197879858657243
-0.0012042402826855122
0.0035568904593639575
-0.002296819787985866
0.003679151943462897
-0.0012565371024734978
-0.00032014134275618457
0.002445936395759717
0.0008028268551236743
0.0015328621908127203
0.0036459363957597173
-0.0024494699646643112
0.0015137809187279149
-0.0051088339222614835
-0.003813427561837455
0.0021604240282685518
-0.005123674911660777
0.0034911660777385157
-0.0005342756183745579
-0.002446643109540636
0.0014961130742049467
0.0021533568904593637
0.0029300353356890465
0.003942049469964665
-0.0017575971731448765
-0.002260777385159011
-0.0007696113074204942
-0.0006339222614840993
0.0007795053003533568
-0.0019568904593639564
-0.00227208480565371
0.0003667844522968202
0.002255123674911661
-0.0006084805653710244
-0.0027780918727915195
0.0029272084805653706
8.621908127208532e-05
0.002686219081272085
0.004553356890459364
0.0011745583038869256
-0.003149116607773852
-0.002454416961130742
-0.0024586572438162545
-0.0038742049469964656
-0.0008466431095406361
0.004903180212014134
0.0029477031802120136
-0.00041130742049470007
0.00038233215547703146
-0.005881272084805654
0.0012996466431095407
0.0004770318021201406
-0.0022487632508833917
-0.004243109540636042
0.002681978798586572
-0.0025335689045936395
-0.0020939929328621905
-0.003869964664310955
0.0007180212014134279
-0.002840282685512367
-0.003934982332155478
-0.001818374558303887
0.0008134275618374559
-0.00022049469964664296
-0.003443109540636043
-0.002831095406360424
-0.0004162544169611313
-0.0023533568904593643
-0.0031604240282685513
-0.00470530035335689
-0.0008777385159010605
-0.0004508833922261478
-0.0023194346289752655
-0.005489752650176678
0.0001879858657243813
0.0017243816254416961
-6.643109540636037e-05
-0.0033689045936395766
0.004046643109540636
0.0012169611307420497
0.0017547703180212015
-0.00038515901060070764
0.0002593639575971717
-0.0018607773851590105
0.0028162544169611312
0.0003074204946996466
-0.0019971731448763254
0.00128339222614841
-0.0022939929328621906
-0.00018869257950529958
0.0012233215547703179
0.00014770318021201375
-0.0018727915194346292
-0.0015879858657243814
0.0010296819787985868
-0.003891166077738516
-0.00042756183745583094
-0.00393851590106007
0.0013604240282685503
0.0032049469964664313
-0.0018282685512367482
-0.0005243816254416966
-0.003797879858657244
-0.0026650176678445227
-0.0015038869257950533
0.003073498233215547
0.0029922261484098944
-0.005925795053003534
-0.002007773851590106
-0.00027561837455830315
-0.001440989399293286
-0.004153356890459363
-0.0016204946996466439
3.604240282685488e-05
-0.0009710247349823329
-0.0023208480565371017
0.0032826855123674913
0.0018961130742049476
-0.003197879858657244
0.00016819787985865683
0.003313780918727915
-0.00037314487632508894
0.001602826855123675
0.002076325088339222
-0.0017950530035335689
0.0007752650176678441
-0.0033024734982332157
-0.0023568904593639574
-0.004200000000000001
0.0032395759717314485
-0.004163957597173145
0.0065088339222614845
-0.0017286219081272085
-0.002172438162544169
0.0007752650176678443
-0.003
0.0019604240282685512
0.0027208480565371032
-0.0006572438162544173
-0.00020565371024735052
-0.0016084805653710252
0.00436678445229682
-0.007757597173144876
0.0017872791519434638
0.0002077738515901066
0.002350530035335689
-0.0035886925795053006
0.0019074204946996464
-0.0005279151943462898
0.003529328621908128
0.005218374558303886
-0.0055554770318021205
0.001497526501766784
-0.0009123674911660773
-0.00010247349823321545
0.004090459363957597
0.0024035335689045942
-0.00040212014134275614
-0.003711660777385159
-0.003266431095406361
0.0020699646643109536
0.0006840989399293286
-0.0016431095406360427
-0.0031985865724381635
0.0023879858657243824
-0.0031038869257950523
0.0013180212014134276
0.0026339222614840986
-0.0016515901060070667
-0.0011321554770318022
-6.996466431095406e-05
0.0010282685512367493
0.003358303886925795
0.0012268551236749115
-0.0022303886925795053
0.0007053003533568905
0.0009462897526501772
0.000353356890459364
0.004984452296819787
0.0010784452296819793
-0.0016289752650176677
0.004086925795053003
-0.0002607773851590107
0.0008650176678445235
0.0029780918727915196
-0.0020530035335689046
0.0021265017667844517
0.002748409893992933
0.005676325088339223
-0.00020565371024734914
-0.0008282685512367494
0.0008275618374558297
-0.004327208480565371
0.0032742049469964667
0.004675618374558304
-0.0006530035335689053
0.004248056537102474
-0.00437243816254417
0.0012791519434628973
-0.003291166077738516
-0.0014226148409893992
-0.0013950530035335687
0.001817667844522968
0.0036763250883392225
-0.0016197879858657247
-0.002952650176678446
-0.003542049469964664
-0.00011095406360423983
0.0007314487632508837
0.00032791519434628973
-0.0013780918727915195
-0.0022466431095406365
0.0016530035335689042
-0.0041752650176678455
-0.0002586572438162546
0.003183038869257951
-0.00014063604240282667
0.004655123674911661
0.0024558303886925794
-0.00014063604240282696
-0.0020918727915194353
-0.0009611307420494702
0.0006346289752650182
0.0029067137809187273
0.0018819787985865724
0.0015293286219081274
0.0026183745583038863
-6.572438162544073e-05
-0.002120141342756184
-0.0019293286219081265
-0.0007201413427561843
0.003108833922261484
-0.00013427561837455802
-0.0008240282685512368
-0.0012438162544169615
0.0033010600706713782
0.0004466431095406353
-0.0013342756183745584
0.0015363957597173139
0.0011632508833922255
0.0006904593639575971
-0.0010869257950530038
-0.002975971731448763
0.002842402826855124
-0.00028197879858657274
0.0020494699646643106
-0.004288339222614841
0.0018
-3.1802120141342395e-05
0.0010819787985865722
0.0023081272084805654
0.003284098939929329
0.004727915194346289
-0.0004756183745583039
6.148409893992962e-05
0.00014346289752650165
-0.0048113074204947
0.005052296819787986
-0.0012890459363957597
0.004062897526501767
0.0011844522968197883
-0.0023929328621908126
0.00032932862190812644
0.0054784452296819785
0.0012296819787985858
0.0015180212014134279
0.001491872791519434
-0.0016141342756183742
-0.0012247349823321547
-0.0005689045936395763
-0.0007653710247349827
0.005583745583038868
0.0030120141342756183
-0.003667844522968198
-0.0033865724381625445
0.00013922261484098936
0.0001674911660777387
-0.002557597173144877
0.001910247349823322
4.734982332155554e-05
-0.004445936395759718
-0.0039441696113074205
0.0034593639575971726
-0.006346289752650177
-0.005407773851590105
0.002325795053003533
0.0028014134275618366
-0.004454416961130742
-0.004279151943462897
-0.005318021201413427
0.002163250883392227
0.0003349823321554771
0.0016233215547703183
0.0004522968197879858
0.000397173144876325
-0.0009102473498233225
0.00020989399293286232
0.000688339222614841
-0.003107420494699647
0.002366077738515901
-0.004674204946996465
-0.001693286219081272
0.003993639575971731
0.001988692579505301
0.00031872791519434613
0.0025886925795053
0.0003674911660777379
-0.0006734982332155485
0.005496113074204947
0.00034982332155477063
0.0005759717314487631
0.0024042402826855128
-0.0022515901060070668
-0.003108833922261484
0.0031908127208480574
-0.0021257950530035336
0.0038657243816254427
0.0023830388692579504
0.0008190812720848059
-0.0029342756183745582
-0.003589399293286219
-0.0005957597173144885
-0.004291166077738516
-0.0031081272084805657
-0.0003872791519434636
1.6254416961130913e-05
-8.975265017667813e-05
-0.0019823321554770326
0.003728621908127208
-0.002932155477031802
0.0005074204946996461
-0.0009759717314487628
0.003998586572438162
0.0036212014134275614
0.0001441696113074204
-0.0007886925795053002
0.002265017667844523
0.0006989399293286221
-0.0014226148409893996
9.469964664310902e-05
-0.0027632508833922258
-0.005418374558303887
-0.0015816254416961132
-0.004545583038869258
0.0005851590106007062
0.0012565371024734978
-0.0012600706713780919
-0.004785159010600707
-0.001565371024734983
0.0006148409893992938
-0.00045229681978798596
0.0005632508833922265
0.0013484098939929331
0.0012607773851590102
-0.0027618374558303887
0.0021653710247349824
0.0014607773851590103
-0.0019618374558303888
0.004800706713780918
-0.00015053003533568854
9.46996466431097e-05
-0.0033222614840989397
0.005376678445229683
6.996466431095342e-05
-0.002859363957597174
0.0010558303886925794
0.0010989399293286212
0.0023957597173144872
0.0018968197879858648
0.0008855123674911658
0.0005717314487632511
0.00018869257950529918
-0.00042897526501766727
0.00028268551236749123
0.002157597173144876
-0.0013653710247349825
-0.0022466431095406357
0.0017293286219081275
-0.0010501766784452302
0.0021505300353356896
-0.004301060070671378
-0.006305300353356892
-0.0025936395759717313
1.837455830388706e-05
-0.0023632508833922256
0.0011024734982332163
0.003964664310954063
-0.001834628975265018
-0.00410530035335689
-0.0025194346289752643
-0.0017908127208480567
0.0018614840989399294
0.0021441696113074205
0.00038374558303886974
0.0009279151943462896
0.0077010600706713785
-0.00413356890459364
0.0005759717314487626
-0.0006537102473498241
-0.0043427561837455836
-0.001958303886925795
0.0019060070671378091
-0.0011512367491166076
-0.0006473498233215545
0.0037773851590106023
-0.002621201413427562
-0.004221908127208481
-0.003907420494699647
0.005051590106007066
0.00042544169611307363
0.003460777385159011
0.003557597173144877
0.0043886925795053
0.0029434628975265015
0.0017639575971731452
-0.0014558303886925792
-0.003313780918727915
-0.0011356890459363962
0.0031321554770318023
-0.0013943462897526503
-0.003361837455830388
-0.0038918727915194344
0.0015088339222614838
-0.00026148409893992974
-0.0005660777385159014
-0.0021342756183745596
-0.0005802120141342758
-0.0057985865724381625
-0.0006819787985865723
-0.001556890459363958
0.0016212014134275611
0.0013851590106007073
-0.002720848056537103
-0.0017547703180212015
-0.001159717314487633
-0.0009674911660777383
0.004391519434628975
0.003756890459363957
-0.004744876325088339
-0.004018374558303887
0.0032579505300353363
0.004929328621908128
0.003809893992932862
-0.00026855123674911647
0.0007865724381625446
0.0033279151943462902
0.0008565371024734981
0.0008035335689045934
-0.0010473498233215552
0.003929328621908128
-0.00530530035335689
-0.0024339222614841
-0.0023045936395759714
0.0024586572438162545
-0.003128621908127208
0.0005681978798586574
-0.001459363957597173
-0.0006007067137809188
-0.0011180212014134281
0.0023844522968197875
-0.00013639575971731497
0.001953356890459363
-0.00021060070671378197
-0.0015250883392226144
0.005055830388692579
-0.0061229681978798595
-0.001796466431095406
1.978798586572436e-05
-0.001891872791519435
-0.002845936395759717
-0.0006424028268551236
0.0018388692579505296
-0.002396466431095406
-0.004453710247349824
-0.0067434628975265015
-0.003584452296819788
0.00128904593639576
0.005859363957597174
-0.00319434628975265
-0.0029936395759717314
0.0002007067137809182
-0.0014162544169611312
0.0017045936395759713
-0.0032367491166077735
-0.0009787985865724379
-0.00303886925795053
0.0022607773851590113
0.0029660777385159
0.00013992932862190815
-0.001445936395759717
0.0021173144876325085
0.0008855123674911651
0.0017469964664310954
0.0010855123674911667
0.0058657243816254406
0.00011802120141342693
-0.0010424028268551239
-0.0030586572438162547
0.0006367491166077741
0.00800494699646643
-0.001146996466431095
0.0012742049469964666
-0.003616254416961131
0.0019321554770318024
-0.000139929328621908
0.00013286219081272093
0.0014692579505300352
-0.0017243816254416966
-0.0007547703180212015
0.002573144876325088
0.0016374558303886926
-0.001272791519434629
0.0006367491166077737
0.0020473498233215554
-0.0022565371024734974
0.0002954063604240281
0.0010431095406360418
-0.00037173144876325175
-5.3710247349823484e-05
-9.257950530035326e-05
-0.0014530035335689041
0.000340636042402827
-0.0003667844522968194
0.0035010600706713783
0.0013540636042402823
0.0013590106007067128
-0.00171166077738516
-2.8268551236749536e-05
-0.0002946996466431093
0.0021307420494699647
-0.00317243816254417
0.0017696113074204952
-0.0023802120141342754
0.0047773851590106
-0.0006989399293286222
-0.0018607773851590105
-0.0016374558303886926
0.0017681978798586575
0.003255123674911661
0.001154063604240283
0.0038954063604240284
-0.0009053003533568903
-0.0017964664310954062
-0.004432508833922261
0.001696113074204947
-0.0029491166077738515
-0.0005787985865724372
0.007296819787985867
0.0018579505300353359
-0.0014685512367491162
0.0035356890459363956
0.0021844522968197874
-0.000751236749116607
-0.0019915194346289754
0.0029413427561837463
-0.0015978798586572436
0.0048275618374558306
0.0028890459363957594
-0.00038233215547703206
0.002792226148409894
-0.0008303886925795063
-0.0025703180212014137
-0.0016551236749116616
-0.002152650176678445
-0.001553356890459364
0.003390106007067138
0.0002607773851590107
0.0017349823321554767
-0.004944169611307421
-0.0019519434628975266
-0.004638162544169612
0.003696819787985866
0.0024035335689045942
-0.0018508833922261485
-6.784452296819805e-05
-0.003967491166077738
0.00042473498233215536
0.0023194346289752647
-0.0023844522968197884
0.00020918727915194426
0.0009462897526501766
-0.0003759717314487638
0.0034515901060070673
-0.0011632508833922261
-7.420494699646659e-05
-0.004009187279151945
-0.0019653710247349815
0.0007512367491166078
0.00021060070671378135
0.0011646643109540636
0.002192932862190812
-0.005067844522968198
-9.045936395759721e-05
-0.001547703180212014
-1.413427561836908e-06
-0.0015816254416961134
0.0068438162544169606
-0.0033038869257950524
-0.008017667844522968
-0.0019660777385159013
-0.0029568904593639585
-0.00041978798586572426
0.0006289752650176676
0.0003858657243816254
0.0038855123674911667
-0.00025512367491166025
0.0035901060070671377
-0.00333922261484099
0.00016537102473498217
0.002554770318021202
0.0002777385159010605
0.002710247349823322
0.002556890459363957
-0.002453710247349823
-0.002503180212014135
-0.001824028268551236
0.001259363957597173
-0.002140636042402828
0.0007618374558303888
0.0031074204946996468
0.0013194346289752649
0.00048551236749116576
0.0013802120141342767
-0.0009335689045936391
-0.000539222614840989
0.0017738515901060063
-0.0050374558303886915
-0.0034226148409893984
-0.006097526501766784
0.002013427561837456
0.0017081272084805649
-0.002930035335689045
-0.0025625441696113076
-0.005957597173144876
-0.00031943462897526505
0.0007696113074204947
-0.002288339222614841
0.004780212014134276
0.0014289752650176683
-0.0006148409893992932
0.0025434628975265017
0.0025971731448763253
0.0018742049469964665
0.00045583038869257905
-0.005723674911660777
0.002096113074204947
-0.002462897526501767
0.0013505300353356898
-0.0016530035335689047
-0.0038763250883392226
0.0016713780918727922
0.0007689045936395765
0.0020826855123674912
6.643109540636017e-05
-0.008463604240282686
-0.0031653710247349824
-0.002580918727915195
-0.0013462897526501764
-4.805653710247321e-05
-0.0010833922261484104
0.0011872791519434633
0.001160424028268551
0.0021540636042402823
0.002284805653710247
-0.0017462897526501766
0.005224734982332156
-0.0002098939929328622
0.0009095406360424031
-0.0015378091872791514
0.00021060070671378108
-0.002441696113074205
-0.0016862190812720844
0.0017816254416961126
0.0009802120141342765
0.0029978798586572436
0.0008699646643109532
-0.0015929328621908131
-0.0013625441696113072
0.0025590106007067127
-0.0065469964664310945
-0.0008911660777385156
-0.0008162544169611315
0.0019455830388692575
-0.0011625441696113074
0.00031024734982332134
0.0034544169611307424
-0.0032777385159010602
0.0027915194346289753
-0.002918021201413428
0.0021667844522968195
-0.004128621908127209
-0.0002501766784452295
-0.00019929328621908158
0.0028530035335689033
-0.0008607773851590103
-0.0017703180212014133
0.004318021201413428
-0.0032833922261484095
0.0009265017667844526
-0.001564664310954063
0.00020282685512367475
-0.0005547703180212013
-0.0008183745583038863
0.0027074204946996466
-0.0026664310954063603
0.0006310954063604239
-0.0009356890459363951
-0.001976678445229682
-0.0013978798586572437
-0.0012056537102473495
-0.0012233215547703185
-0.0009674911660777378
0.001002826855123675
-0.005773144876325088
0.0025307420494699645
-0.0033583038869257954
-0.0004798586572438162
-0.0015151943462897533
-0.0020155477031802128
-0.006462190812720847
0.000813427561837455
-0.0025194346289752647
-0.003020494699646643
0.0003130742049469965
-0.0015491166077738513
-0.0007378091872791523
-0.0008000000000000001
0.0015074204946996462
0.00024664310954063573
0.0005660777385159007
0.002611307420494701
0.0001469964664310958
-0.0040911660777385155
0.0032501766784452297
0.00019717314487632437
-0.002999293286219081
-0.0010946996466431093
-0.003936395759717315
0.0018416961130742053
-0.0013342756183745584
0.00045371024734982277
-0.0007448763250883384
-0.0015166077738515906
-0.004977385159010601
0.0016353356890459359
-0.0010883392226148417
0.0010833922261484102
-3.462897526501778e-05
0.0024946996466431092
-9.540636042402796e-05
0.0012007067137809189
-0.0008063604240282692
-0.004585159010600707
-0.0042091872791519425
-0.001090459363957596
1.4134275618374962e-06
-0.00040353356890459333
0.00047067137809187235
-0.002257950530035336
0.0012494699646643116
-0.006987279151943463
-0.0031116607773851598
-0.00023462897526501763
-0.0009151943462897533
0.0047773851590106
0.0017293286219081275
-0.0025773851590106
-0.00569399293286219
-0.0014233215547703193
-0.0017597173144876322
-0.0015611307420494698
0.001087632508833923
0.0013823321554770316
0.004202120141342755
-0.001980918727915194
0.00526077738515901
-2.3321554770317317e-05
5.865724381625482e-05
-0.0036197879858657243
0.002587279151943463
-0.0011929328621908125
-0.0008296819787985868
-0.005559717314487633
-0.0006303886925795057
-0.0025999999999999994
0.0009406360424028272
-0.001652296819787986
0.0013950530035335689
0.003753356890459364
0.00013427561837455813
-0.001400706713780919
-0.0031300353356890458
0.0021385159010600704
0.0029597173144876327
-0.0016572438162544168
-0.0003144876325088342
-0.004588692579505301
-0.001869257950530035
-0.0007109540636042404
0.00292226148409894
-0.002388692579505301
0.00042968197879858733
-0.002329328621908127
0.0013519434628975267
3.321554770318048e-05
0.0004819787985865725
0.004850176678445229
-0.002454416961130742
-0.0003081272084805654
0.0028508833922261485
0.0019795053003533567
-4.946996466431041e-05
-0.00024805653710247445
-0.003967491166077739
-0.0039307420494699655
0.002007773851590106
0.0005399293286219081
0.0056007067137809185
-0.002138515901060071
0.006310954063604241
0.00042544169611307374
-0.00019010600706713824
-0.0006339222614840986
-0.0022862190812720853
-0.004168904593639575
-0.0008395759717314487
0.002143462897526502
0.0038819787985865726
0.0005349823321554766
0.005272791519434629
0.0008190812720848058
0.0024091872791519434
0.0041187279151943465
-0.0005335689045936395
-0.0019151943462897528
0.001159010600706714
0.0009222614840989401
0.0021484098939929326
0.0013901060070671378
0.001470671378091873
0.0005109540636042405
-0.0020303886925795056
-0.0023363957597173145
-0.006708127208480566
0.0026275618374558304
-0.0008833922261484103
0.00013498233215547786
0.0048452296819787985
-0.0027773851590106
-0.00042685512367491153
-0.0037717314487632505
0.0028120141342756187
0.0014452296819787982
0.0013660777385159013
-0.002023321554770318
-0.0013759717314487632
0.00011236749116607831
0.0017024734982332152
-0.0024325088339222614
0.0038819787985865726
0.0003102473498233215
-0.0031455830388692576
0.0043689045936395774
-0.00037738515901060014
-0.00018515901060070687
0.0012918727915194347
0.0024480565371024737
-0.0028353356890459362
-0.003487632508833922
0.0029978798586572444
-0.001621201413427561
0.001615547703180211
-0.002927915194346289
-0.0015392226148409891
-0.0011067137809187277
-0.003822614840989399
-0.0019505300353356893
-7.06713780918454e-07
0.002843109540636043
-0.0035060070671378094
0.0023809187279151944
0.0005929328621908128
-0.000800706713780918
-0.002289752650176679
-0.0028120141342756187
-0.0016374558303886922
-0.0038664310954063612
-0.0015886925795053008
-0.0005844522968197883
-0.0004049469964664309
-0.0005074204946996464
-0.0001922261484098944
0.0016339222614840986
0.002013427561837455
0.0011484098939929326
0.0049180212014134275
-0.0019477031802120146
-0.0003427561837455829
0.0037999999999999996
-0.002095406360424029
-0.001373851590106007
0.001035335689045936
0.00031943462897526456
0.001339929328621908
0.002676325088339223
0.0017307420494699652
0.0018508833922261478
-0.002379505300353356
-0.002368197879858657
0.003948409893992933
-0.003981625441696114
-0.0002155477031802118
-0.002698939929328622
0.00048409893992932944
2.544169611307405e-05
-0.0003279151943462895
0.00014275618374558292
-0.003190106007067137
-0.0008063604240282689
0.0005356890459363956
-0.0012204946996466437
-0.005017667844522968
0.003050883392226149
-0.007231095406360425
-0.0012473498233215546
0.002590106007067138
0.0004310954063604241
0.0003929328621908123
0.000843109540636042
0.0011399293286219084
-0.00021978798586572411
0.0019180212014134285
0.0025385159010600706
-0.0035759717314487634
0.002453710247349823
0.001000706713780919
-0.002445229681978798
0.0006727915194346292
-0.0025766784452296823
-0.0008657243816254417
-0.0011095406360424026
-0.0011893992932862192
0.0029378091872791522
0.0015689045936395757
-0.0026558303886925795
-0.00027703180212014066
0.001492579505300353
-0.0028848056537102472
-6.219081272084822e-05
7.844522968197865e-05
0.002652296819787986
-0.0021703180212014135
-0.00812155477031802
0.00018869257950530094
-0.00500565371024735
0.0021519434628975266
0.0005024734982332157
-0.002773144876325088
0.0010049469964664313
0.000687632508833922
-0.0013356890459363957
-0.0025950530035335688
-0.003410600706713781
0.001024028268551237
-0.001624028268551237
-0.00019717314487632592
0.001733568904593639
0.002289752650176679
-0.005848056537102474
-0.002074204946996466
0.0008176678445229686
-0.005652296819787986
0.0019243816254416969
-0.004884805653710246
-0.00333286219081272
-0.002217667844522969
-0.0027625441696113072
-0.0019561837455830382
0.004351943462897526
-0.0020565371024734986
0.000973144876325088
-0.0037561837455830395
-0.00040989399293286135
0.0027674911660777383
0.0034614840989399295
0.0011590106007067131
0.002438162544169611
-0.0020063604240282687
-0.0007109540636042404
-0.0020565371024734986
0.0002784452296819785
0.00323816254416961
0.002826148409893993
0.003000706713780919
0.004074204946996466
0.001662190812720848
0.0006473498233215549
0.002093992932862191
-0.003629681978798587
0.0017257950530035337
-0.0009830388692579504
-0.0010720848056537103
-0.003909540636042403
-0.0022487632508833917
-0.0010961130742049468
0.0024551236749116604
-0.0018544169611307425
-0.003416961130742049
0.0041462897526501775
0.0029236749116607766
-0.0025441696113074203
0.0014367491166077744
0.00012508833922261558
0.0005272084805653712
0.0010473498233215547
0.0005505300353356894
-5.0176678445229455e-05
0.002303180212014134
-0.004187985865724382
-0.00030247349823321607
-0.0033378091872791524
0.004681272084805653
-0.0008579505300353356
0.00044310954063604246
0.003292579505300353
0.003911660777385158
-0.0019519434628975272
-0.0009109540636042398
-0.00037526501766784457
0.0012628975265017667
0.00016395759717314408
-0.0006805653710247343
-0.0035038869257950525
-0.005725088339222615
-0.0004275618374558301
-0.003103886925795053
-0.003734275618374558
0.003130035335689046
0.00033851590106007086
0.00032226148409894004
0.0019328621908127207
-0.003936395759717315
-0.0017159010600706708
0.001180212014134276
-0.0021646643109540643
-0.0014084805653710245
0.00012155477031802066
-0.0013236749116607776
-7.491166077738554e-05
0.0010339222614840987
0.00044169611307420494
0.000583038869257951
0.0004572438162544164
-0.0012572438162544175
-0.007336395759717313
0.0005081272084805652
-0.0002911660777385156
-0.00033710247349823377
-0.0012480565371024738
-0.0005081272084805653
-0.004619787985865725
0.0012784452296819787
1.3427561837456313e-05
0.003636749116607775
0.00260565371024735
0.002057243816254417
0.0016692579505300348
0.0017088339222614843
-0.001793639575971732
0.0054289752650176675
0.002555477031802121
-0.0013236749116607776
-0.001477031802120141
-0.0032961130742049467
0.0016742049469964653
0.002718021201413427
-0.0027660777385159017
0.0009498233215547705
0.005573144876325088
0.0022190812720848056
-0.0018713780918727919
0.0026325088339222615
-0.00029257950530035283
-0.002197173144876325
0.002932862190812721
-0.002210600706713781
-0.003350530035335688
0.0011321554770318029
0.0010918727915194353
-0.0012127208480565378
0.0030240282685512366
-0.0022968197879858657
-0.00091095406360424
-0.0015632508833922259
-0.0018911660777385158
-0.0008600706713780921
-0.0008480565371024731
-0.0004261484098939931
-0.005118727915194346
-0.0013512367491166077
-0.003262897526501767
-0.0019703180212014126
-0.0016798586572438169
-0.0039978798586572445
-0.00029752650176678453
-0.0053837455830388695
-0.0019971731448763254
-0.0053660777385159016
0.0031201413427561836
-0.0009547703180212014
-0.0011858657243816258
-0.0014339222614840987
-0.00348904593639576
6.572438162544133e-05
0.005074911660777385
0.003291166077738516
0.00460565371024735
0.0015427561837455827
0.0003745583038869259
-0.001884805653710247
-0.0032007067137809183
-0.003585865724381626
-0.001055830388692579
0.0037773851590106014
-0.0011823321554770313
-0.0005024734982332151
-0.0010904593639575967
0.00026996466431095404
-0.0013752650176678443
-0.001542049469964664
0.003800706713780919
0.0039250883392226155
-0.0028643109540636043
0.002256537102473498
0.00026572438162544105
-0.0025533568904593635
-0.006549116607773851
0.006197173144876326
-0.0054339222614841
0.005323674911660778
0.003419787985865725
-7.773851590106426e-06
-0.0003724381625441692
0.0042833922261484095
0.0002459363957597173
0.003361837455830389
0.0031024734982332152
0.0031816254416961133
0.0015448763250883396
0.0040113074204947
-0.0008607773851590105
-0.0048466431095406355
0.002098233215547704
0.0024522968197879863
0.0017985865724381633
0.0002402826855123674
0.0006431095406360422
3.4628975265016994e-05
-0.003728621908127208
-0.00070530035335689
0.003165371024734983
0.00045795053003533603
-0.0019151943462897528
8.268551236749099e-05
-0.00017809187279151992
-0.0007321554770318016
-0.0006558303886925799
-0.004588692579505301
-0.0013024734982332148
-0.0032310954063604243
0.005065724381625442
-0.0016212014134275618
0.004433922261484099
-0.0008077738515901068
0.0003378091872791524
0.0025575971731448756
0.00038374558303886914
-0.0017371024734982323
0.0007780918727915197
0.00035547703180211984
0.0006727915194346293
-0.0007328621908127208
0.002462897526501767
0.0055703180212014125
-0.00264452296819788
0.0024007067137809196
-0.003501766784452296
0.0027738515901060074
-0.0013639575971731448
0.0028289752650176676
-0.0032869257950530026
0.0013420494699646643
0.0024558303886925794
0.0018487632508833926
-0.0025950530035335688
0.0009802120141342756
0.004171024734982331
-0.005496113074204946
0.003221201413427561
0.0007074204946996468
0.002050176678445229
-0.0010911660777385157
3.886925795053085e-05
-0.0024374558303886934
-0.0017773851590106012
-0.004686925795053003
-0.002605653710247349
0.0010021201413427567
-0.0031385159010600704
-0.0021307420494699647
0.0013378091872791526
-0.003694699646643109
0.0008989399293286224
0.0006897526501766786
0.0009498233215547707
0.00039081272084805625
-0.000773144876325088
-0.0017795053003533564
-0.0012961130742049477
-0.000783745583038869
0.0011166077738515908
-0.0010501766784452294
-0.0014925795053003536
-0.0014021201413427567
0.002554063604240283
-0.0016007067137809197
-0.0003166077738515902
-0.002119434628975264
-0.00042968197879858624
0.0015144876325088332
0.0002989399293286223
-0.0015689045936395762
0.00013144876325088303
0.0006007067137809187
0.0013406360424028272
-0.0017356890459363956
-0.005425441696113076
0.0014551236749116606
-0.005700353356890459
0.001632508833922261
-0.0020268551236749116
0.0018692579505300358
-0.004583038869257951
1.342756183745592e-05
0.0005639575971731449
0.0008374558303886927
-0.0009710247349823323
0.0024678445229681972
0.0014685512367491162
0.004550530035335689
-0.003963250883392226
0.0024777385159010603
0.00018374558303886965
-0.0012904593639575966
0.0006402826855123674
0.0006226148409893992
0.002929328621908127
0.0058247349823321555
0.0017660777385159014
0.003216961130742049
-0.0031738515901060076
-0.0054
-0.0025250883392226144
0.001999999999999999
-0.002012014134275618
0.002089045936395759
-0.0006812720848056538
-0.0015060070671378092
0.0006028268551236754
-0.002667844522968198
-0.0024734982332155478
-0.0006791519434628986
-0.0032233215547703173
-0.0023547703180212013
-0.0028607773851590094
-0.00023109540636042367
-0.0018459363957597172
-0.00014840989399293318
0.000809187279151944
-0.0017144876325088346
-0.0019639575971731444
0.0008833922261484103
0.0004240282685512375
0.0025674911660777387
0.0009745583038869263
0.00027703180212014066
-0.0015215547703180214
-0.003557597173144876
-0.0038918727915194344
0.004670671378091874
-0.0013922261484098934
-0.0009081272084805658
0.0018961130742049476
0.004841696113074205
-0.0010070671378091863
-0.0024431095406360426
-0.004542756183745583
-0.0002522968197879859
-0.00036042402826855116
0.0016197879858657234
0.0051406360424028266
-0.0019166077738515905
-0.005641696113074205
-0.0060332155477031794
-0.005426855123674912
0.003795759717314488
-0.0016098939929328623
-0.0018084805653710253
-0.004160424028268551
-0.00341625441696113
0.0002989399293286214
-0.0005102473498233215
-0.003068551236749117
-0.0016784452296819787
-0.0024070671378091874
-0.0025561837455830394
0.0020077738515901057
0.0017886925795053002
0.003886219081272085
0.005664310954063604
0.0022607773851590113
-0.0010664310954063602
0.0002833922261484105
-0.0024388692579505305
-0.0037222614840989403
0.000730035335689046
-0.00020141342756183764
-0.002091166077738516
-0.0030240282685512366
0.0006946996466431095
0.0006487632508833922
-0.0036530035335689054
0.0013399293286219072
0.0011180212014134272
-0.0036254416961130744
0.00132791519434629
0.0024014134275618373
0.00023674911660777445
0.00041554770318021214
0.001999293286219081
0.005479858657243817
0.0025250883392226144
-0.005479858657243817
0.0009936395759717318
0.0014742049469964658
-0.0021321554770318022
-0.003767491166077738
-0.0015879858657243816
-0.002238162544169611
0.0005392226148409897
-0.0031971731448763247
-0.0009342756183745577
0.00044381625441696117
0.0006600706713780918
0.00025088339222614894
0.0006056537102473494
-0.002436749116607774
-0.0012671378091872788
0.002850883392226148
-0.0005420494699646643
-0.0014784452296819782
-0.0036473498233215557
-0.002582332155477032
-0.0010607773851590099
-0.002801413427561837
-0.005741342756183746
-0.000811307420494699
-0.0003936395759717316
0.0016360424028268547
0.007339222614840989
-0.0014961130742049463
0.0028084805653710247
0.0011116607773851586
0.0003992932862190811
-0.0012494699646643116
-0.0006183745583038867
-0.0017328621908127206
-0.00012862190812720903
-4.028268551236805e-05
0.00024028268551236766
-0.0011872791519434629
-0.0006169611307420496
-0.0025236749116607773
-0.003359010600706714
0.003820494699646643
0.00466643109540636
0.0003978798586572442
0.000954770318021201
-0.0005363957597173154
-0.0007441696113074202
0.001275618374558304
-0.005218374558303887
-0.0022890459363957595
0.002149116607773851
0.0015752650176678441
-0.0028000000000000004
0.0007201413427561829
0.004565371024734982
0.002295406360424028
-0.0003342756183745584
-0.003909540636042402
-0.004534275618374558
0.0016240282685512362
-0.0012501766784452292
0.0005159010600706715
-0.0003795053003533571
0.0007759717314487638
0.00024805653710247347
-0.003322968197879859
-0.0033653710247349834
0.0015710247349823322
-0.0007342756183745591
-6.431095406360481e-05
0.0027441696113074203
0.0021830388692579503
-5.3003533568905036e-05
-0.002242402826855123
-0.0017498233215547695
0.0004431095406360415
-0.0027795053003533566
0.0013929328621908128
-0.0015413427561837454
-8.339222614841091e-05
-0.00010035335689045865
0.0067053003533568915
0.0014975265017667845
-0.007004240282685512
-0.0031604240282685513
-0.0011943462897526505
0.000694699646643109
0.000694699646643109
0.001255123674911661
0.00095547703180212
0.0006438162544169609
-0.00018727915194346345
-0.003280565371024736
-0.003885512367491166
0.003519434628975265
-0.0045293286219081266
0.0010890459363957594
0.003044522968197879
0.0003130742049469965
-0.004160424028268551
-3.957597173144948e-05
-0.0006770318021201412
-0.0017512367491166077
-0.0030713780918727924
0.0020254416961130745
-0.0007109540636042399
-0.0012409893992932858
-0.0015512367491166083
0.000646643109540636
-0.0025328621908127214
-0.00028763250883392195
-0.0012254416961130742
-0.0030452296819788
0.0012212014134275616
0.0005109540636042407
-0.0015611307420494698
0.004111660777385159
-0.00154416961130742
-0.001310247349823322
0.00036890459363957557
-0.0007243816254416963
0.0008551236749116608
-0.0029865724381625447
-0.0010791519434628974
-0.00038657243816254397
-0.0008551236749116614
-0.003501060070671378
0.0022586572438162544
-0.001507420494699647
-0.005681978798586573
-0.001996466431095406
-0.0013067137809187276
-0.001318727915194347
0.004981625441696113
-0.000532862190812721
0.0008155477031802119
-0.0011123674911660776
0.0015929328621908127
-0.0018904593639575977
0.00031943462897526435
-0.002057950530035336
-0.006129328621908127
-0.004284805653710247
0.00027773851590106
-0.003609187279151943
0.0003427561837455827
-0.007163250883392227
0.004703180212014134
0.00013144876325088382
-0.0024374558303886934
-0.005310247349823322
-0.0023526501766784444
-2.8268551236746003e-06
-0.0028777385159010596
0.0018501766784452304
0.0008332155477031803
0.001422614840989399
-0.0003943462897526499
-0.002731448763250884
-0.0027477031802120144
-0.00140565371024735
-0.0027173144876325083
0.00023462897526501734
-0.0008254416961130744
0.003637455830388692
0.002236749116607774
-0.0024522968197879854
-7.067137809187315e-05
0.002500353356890459
-0.0003533568904593641
-0.0005215547703180214
-0.004443816254416961
0.0001943462897526504
-2.1201413427563425e-06
-0.005031095406360425
0.006767491166077739
0.0008805653710247351
0.0008706713780918726
-0.001412014134275619
0.00507773851590106
0.001201413427561837
0.00028551236749116643
-0.0019116607773851583
0.0035717314487632513
-0.0016826855123674898
0.0017229681978798593
0.0017321554770318025
-0.0028240282685512365
0.005414840989399292
0.0019328621908127198
0.001585159010600707
-0.002744876325088339
-0.003469257950530035
0.004839575971731449
0.0028749116607773855
-0.0013696113074204948
0.0029575971731448754
0.00023745583038869292
0.002667137809187279
-0.0005469964664310951
-0.000534982332155477
-8.904593639575972e-05
0.0027908127208480567
0.007925088339222614
-0.004496819787985866
0.00119434628975265
-0.0014607773851590103
0.002217667844522968
0.0029936395759717314
-0.002523674911660777
0.001850176678445229
0.0005540636042402828
0.0012318021201413432
4.593639575971657e-05
0.0015554770318021202
0.0029632508833922254
0.00013074204946996511
0.0014452296819787982
-0.005315194346289752
-0.006187279151943464
0.00243886925795053
0.0004395759717314479
-0.002774558303886927
-0.002896819787985866
-0.0008869257950530031
0.0023858657243816255
-0.0011971731448763244
0.0005583038869257948
0.001137809187279152
-0.0007215547703180208
-0.003180212014134276
-0.0024883392226148415
-0.001281272084805653
-0.002348409893992933
-0.0007095406360424029
-0.0009187279151943459
0.00030318021201413445
0.0015229681978798583
0.0043922261484098946
-0.0006268551236749113
-0.00764381625441696
0.00045936395759717355
-0.002773144876325088
-0.0024784452296819797
-0.0030925795053003535
0.004296819787985866
-7.985865724381629e-05
0.002671378091872791
0.000954770318021202
0.001853710247349823
0.002478445229681979
-0.002980212014134275
-6.0070671378091535e-05
-0.005681978798586572
0.002434628975265018
0.002995759717314487
-0.002212014134275618
0.0005229681978798588
0.0010282685512367489
-9.045936395759712e-05
9.893992932861886e-06
-0.00028127208480565366
0.0012120141342756184
0.0015872791519434628
0.002728621908127208
-0.00031590106007067114
0.0031908127208480574
-0.0006833922261484099
0.0007568904593639574
0.0007498233215547705
-0.0007505300353356891
0.0009540636042402827
0.0018840989399293278
-0.0003724381625441698
-0.0044402826855123685
-0.004046643109540636
-0.0012678445229681978
-0.0007526501766784449
0.0007455830388692583
0.0029681978798586574
-0.003693286219081272
-0.0014007067137809194
-0.001995053003533569
-0.0061696113074204955
-0.0004282685512367491
-0.0002664310954063603
0.0012021201413427564
-0.00020565371024734954
-0.0034904593639575976
-0.0005929328621908124
0.0001922261484098937
0.0020106007067137804
0.0019250883392226154
0.0013999999999999996
-0.0027795053003533566
-0.002713780918727915
-0.004491166077738517
0.00012014134275618337
-0.004081272084805654
-0.002151943462897526
-0.0003378091872791522
0.0012798586572438165
0.0003420494699646643
0.003066431095406361
-0.0032784452296819792
0.0004628975265017665
-0.00022473498233215584
0.0004946996466431104
-0.0008070671378091871
-0.006062897526501766
0.002297526501766785
-0.0007349823321554775
-0.0004897526501766784
0.0004522968197879863
-0.005277031802120141
-0.00223886925795053
0.0006734982332155482
0.00515547703180212
-0.0012593639575971735
0.002386572438162545
-0.0023929328621908126
-0.004228268551236749
0.0012134275618374555
0.005200706713780918
-0.0004530035335689047
-0.0022643109540636044
-0.0012120141342756184
-0.0022353356890459364
0.0015038869257950533
0.0024275618374558303
0.004223321554770318
0.005022614840989399
-0.002732862190812721
0.00019010600706713805
0.001301060070671378
0.0023681978798586576
-0.002514487632508834
-0.0023773851590105995
0.0014148409893992933
0.0002007067137809185
-0.004884805653710247
-0.00040000000000000067
0.0014480565371024726
0.0014332155477031795
-0.004416254416961132
0.001721554770318021
0.0008325088339222623
0.00013144876325088339
-0.004983038869257952
1.0600706713781124e-05
0.0006339222614840988
0.0032996466431095407
0.0001583038869257951
-0.00012014134275618346
-0.0012621908127208481
-0.002597173144876325
0.0005300353356890468
0.004304593639575972
-0.002637455830388692
0.005618374558303886
0.0001321554770318015
-0.002035335689045937
-0.004878445229681979
0.0014162544169611306
0.000584452296819788
0.0009215547703180213
0.001268551236749117
0.002817667844522967
-0.0026614840989399287
0.0034113074204947
0.0018911660777385156
0.0020544169611307417
0.001441696113074205
0.0013802120141342758
-0.002368197879858657
0.004809893992932862
0.0008833922261484094
-0.0015759717314487638
-0.004604946996466431
0.004277031802120141
0.0010360424028268557
0.0007985865724381626
0.0021893992932862194
-0.001001413427561837
0.0042558303886925785
-0.0004388692579505302
-0.0005031802120141338
-0.0004148409893992937
0.0008077738515901068
0.00042473498233215596
-0.0006664310954063615
0.0011893992932862192
0.00045653710247349776
0.00399434628975265
0.0022014134275618377
0.0034734982332155478
-0.0033886925795053005
0.003026855123674911
-0.0005123674911660778
-0.0011660777385159014
0.00468904593639576
-0.0005378091872791519
-0.002670671378091872
0.00335547703180212
0.0028098939929328617
0.005096113074204947
-0.005963250883392226
-0.0006996466431095403
-0.0016968197879858662
-0.001975265017667844
-0.0020183745583038865
-0.0035922261484098938
0.0003816254416961138
-0.004231802120141342
-4.6643109540636e-05
-0.0024621908127208476
-0.001105300353356891
-0.0005017667844522969
0.0008961130742049466
0.0028607773851590116
0.0010212014134275628
-0.0016713780918727915
0.004150530035335689
0.0010713780918727917
0.0009038869257950523
-0.00196678445229682
0.00018233215547703202
-0.002950530035335689
-0.0010275618374558306
0.0013816254416961133
0.001993639575971731
-0.0015031802120141343
-0.0006113074204946998
-0.0025957597173144873
0.0043166077738515905
0.0009978798586572435
-0.003174558303886926
0.0020593639575971737
-0.0018155477031802122
0.0002113074204946997
0.002703180212014135
-0.00022049469964664255
-0.00309964664310954
-0.0036445229681978802
0.0026070671378091875
-0.0035618374558303886
0.0012515901060070672
0.0013420494699646647
-0.0009992932862190815
-0.00011236749116607753
-0.004681272084805654
-0.0012494699646643111
0.0033434628975265025
0.003797879858657243
0.001585865724381625
0.0030162544169611313
-0.0013957597173144872
-0.0006572438162544169
-0.003685512367491165
0.0004332155477031799
0.0036310954063604245
0.00169469964664311
0.0007045936395759721
0.004033922261484099
0.002159010600706714
0.004744876325088339
-0.003820494699646644
0.0033922261484098937
0.0014077738515901068
0.00032579505300353427
-0.0008650176678445227
-0.001386572438162544
0.0016155477031802121
-0.0018565371024734977
0.001734982332155477
-0.0014742049469964663
-0.0031102473498233214
-0.003243109540636043
0.00346643109540636
-0.0022501766784452297
0.0002826855123674918
0.0007469964664310959
0.0011123674911660772
-0.0020664310954063604
0.0007766784452296816
0.0010862190812720848
0.0010332155477031804
-0.0012586572438162543
-0.0012968197879858656
0.005956890459363958
-0.0010954063604240276
-0.0015265017667844523
0.002276325088339223
-0.0016558303886925797
-0.003248763250883392
-7.632508833922225e-05
-0.004062897526501767
0.0005349823321554767
0.0007780918727915192
0.0016424028268551233
0.0010219081272084803
0.0011879858657243808
-0.00166643109540636
0.00043957597173144823
0.0013533568904593638
-0.0023187279151943465
0.002247349823321554
0.00383321554770318
0.0013166077738515898
-0.00268339222614841
-0.0019074204946996469
-0.0007462897526501763
0.0035886925795052997
0.004136395759717314
-0.0021879858657243814
0.003306713780918728
5.795053003533558e-05
0.0037448763250883393
