"Size (SMB) after publication, net of costs · sign-flip|-0.00025110294117647043"
-0.0006272058823529409
0.0003198529411764707
0.0024897058823529408
0.0002249999999999999
0.0016147058823529408
1.4705882352939301e-06
0.00029779411764705886
0.00124375
0.00039522058823529413
-0.0008551470588235291
0.0014165441176470588
-0.0005279411764705882
-0.0003944852941176472
-0.0030511029411764705
-0.0002106617647058823
-0.001083455882352941
-0.0014169117647058827
-0.0016529411764705884
0.0013808823529411769
-0.001567647058823529
-0.0012863970588235295
-0.00032683823529411745
0.0014430147058823533
0.0021507352941176473
0.0003183823529411766
-0.0005944852941176469
-0.00016286764705882354
-0.0006349264705882351
-0.0019029411764705881
-0.0006709558823529411
0.001068014705882353
0.0003375000000000002
0.0019018382352941172
9.375000000000003e-05
0.001768382352941176
-0.0010698529411764712
-0.0010463235294117645
-0.0019011029411764705
-0.00011875000000000024
0.0016047794117647059
-0.0008952205882352937
-0.0005231617647058823
0.0016794117647058822
-0.000190073529411765
-0.0013382352941176475
0.0023599264705882355
0.0008591911764705884
0.000913970588235294
0.0001933823529411767
-0.0009308823529411762
0.002190441176470588
-0.0001363970588235295
0.0010272058823529411
0.0010051470588235297
0.0017624999999999997
0.0006977941176470591
0.0014926470588235295
0.00017426470588235263
0.0009783088235294118
0.0003477941176470586
-0.0005742647058823528
0.0009389705882352942
-0.0012698529411764704
-0.002920955882352941
0.00024191176470588223
-0.0005205882352941175
-0.0004018382352941178
-0.0008705882352941176
-0.001530147058823529
-0.000965073529411765
-4.9264705882353025e-05
0.0011547794117647055
-0.0002481617647058824
-0.001072794117647059
-0.0003772058823529413
0.002029779411764706
0.0015246323529411762
-0.0011400735294117643
-0.00043455882352941186
-0.0013036764705882354
-0.00014227941176470573
0.0003367647058823528
0.0013547794117647056
-0.0006264705882352942
-0.0009499999999999997
-0.00020661764705882384
0.0003360294117647058
-0.0002286764705882352
0.0009238970588235295
-0.00011691176470588274
-0.0009415441176470588
-0.0004676470588235289
0.0006382352941176469
-0.0015257352941176472
0.0013088235294117646
0.00034154411764705854
-0.0006536764705882349
0.0027426470588235293
-0.0022213235294117647
-0.0013382352941176472
0.0004371323529411763
-0.0008852941176470587
-0.0002356617647058821
0.0006731617647058827
-0.0005463235294117646
-0.0009797794117647062
-0.0013121323529411762
-0.00022352941176470565
0.0015250000000000003
-0.00042500000000000014
0.0004871323529411766
-0.0024974264705882356
0.0008838235294117647
-0.0009121323529411768
0.0012371323529411764
-0.0012139705882352942
0.0003261029411764707
0.0005966911764705882
0.00026176470588235257
0.0010617647058823532
0.0006165441176470586
0.0029209558823529414
-0.000329779411764706
-0.0029529411764705883
0.0008044117647058823
0.0012654411764705885
-0.0018128676470588242
-0.001465808823529412
-0.0009253676470588239
0.0017720588235294117
0.0008658088235294119
0.0019290441176470594
0.0003547794117647056
-3.492647058823522e-05
0.0013294117647058826
-0.0009253676470588233
0.0015433823529411763
-0.0005672794117647061
-0.001384558823529412
0.002114338235294118
-0.0004933823529411766
0.0033753676470588234
0.0013886029411764704
-0.001108455882352941
0.002394485294117647
-0.00048529411764705886
0.00012058823529411784
-8.529411764705913e-05
0.001983823529411765
-0.001077205882352941
-0.0018191176470588235
-0.0012555147058823527
-0.0014518382352941175
-0.0001250000000000001
1.2500000000000051e-05
0.001498529411764706
-0.0001477941176470591
-0.0006687500000000001
-0.0006419117647058822
0.0014897058823529412
0.0015713235294117645
-0.0017812499999999998
-0.0011169117647058825
0.0008169117647058824
-0.0016658088235294115
-0.0027941176470588232
-0.002377573529411765
0.00042389705882352945
0.0006768382352941174
-0.00022242647058823528
0.0003551470588235295
0.0014650735294117648
-0.00014852941176470575
-2.7205882352940988e-05
0.0023121323529411764
-0.0014286764705882355
-0.0003389705882352945
-0.0013433823529411762
-5.955882352941174e-05
0.00027867647058823553
-0.0019363970588235292
0.0019889705882352947
0.0027308823529411767
4.411764705882224e-06
0.0008194852941176471
-0.0011827205882352942
-3.2720588235293576e-05
-0.0007761029411764709
-0.000629779411764706
0.000997058823529412
6.727941176470602e-05
-7.169117647058809e-05
0.000661764705882353
0.00037279411764705895
0.0003720588235294119
0.0013470588235294117
-0.0017066176470588235
-0.0007106617647058821
0.00010735294117647101
-0.0008088235294117645
0.0006595588235294121
-0.0008698529411764709
0.0016441176470588237
-0.0010584558823529416
0.0011066176470588232
-0.0014455882352941176
-0.00032058823529411775
0.00033455882352941214
0.0013463235294117646
4.816176470588235e-05
-0.000555514705882353
0.0002871323529411765
-9.154411764705914e-05
-1.948529411764716e-05
0.0003463235294117649
-0.001020220588235294
0.0007602941176470588
0.002936029411764706
-0.0009716911764705877
-0.0006499999999999999
-3.2720588235294186e-05
-0.00021029411764705874
-0.002944485294117647
-0.00015073529411764708
0.0006029411764705878
-0.0020448529411764703
-0.0006143382352941175
-0.0007797794117647055
0.0007551470588235291
0.0021996323529411763
0.0016158088235294114
-0.0005610294117647058
0.0004066176470588235
-0.0016577205882352944
-0.0014908088235294115
0.0025272058823529414
0.0007974264705882354
-0.00048124999999999985
-0.0013841911764705885
-0.0005937499999999997
0.0009867647058823532
0.0014154411764705878
0.0002878676470588236
-0.0015459558823529406
0.0003937499999999997
0.002034191176470588
0.0010452205882352942
-0.00025772058823529415
-0.002274264705882353
0.0007088235294117646
-0.0005941176470588232
4.044117647058735e-06
-0.00045294117647058874
0.0025305147058823536
-0.00021727941176470593
-0.0006066176470588231
-0.0005095588235294122
0.0008919117647058826
-0.0004724264705882355
0.003955514705882353
3.382352941176463e-05
0.000494117647058823
-0.0017930147058823533
0.0001143382352941175
-0.001229411764705882
-2.3897058823529433e-05
0.00238125
-0.0003444852941176472
0.0010044117647058824
0.0033264705882352936
0.0011926470588235294
-0.0003720588235294117
-0.002870955882352941
0.0003698529411764707
0.0003084558823529411
-0.001988235294117647
0.0016683823529411764
-0.0007011029411764712
-0.00048125000000000007
0.001717279411764706
0.0013246323529411764
1.1029411764705892e-05
0.0009900735294117646
0.0007275735294117646
-0.0013683823529411767
0.0015518382352941176
0.0004106617647058822
-0.0010308823529411766
-0.0011224264705882352
-0.0018680147058823524
-0.0008661764705882351
-0.0012371323529411762
-0.00045992647058823547
-0.0009944852941176472
0.0004764705882352937
0.0008250000000000003
0.0005470588235294119
-0.0006194852941176469
-0.0005437500000000002
-0.0006591911764705883
-0.0006191176470588234
-0.00014852941176470586
-0.0025948529411764704
0.0004338235294117645
8.08823529411747e-06
-0.0004636029411764709
0.001929779411764706
0.0009323529411764708
-9.852941176470564e-05
0.00106875
-0.0010959558823529416
-0.0005742647058823531
0.0003713235294117647
-0.000938235294117647
0.0005124999999999998
-0.0006393382352941172
0.00012647058823529427
0.0008492647058823524
-0.0001786764705882351
-0.0005805147058823528
-0.0014308823529411764
0.00021544117647058839
1.1029411764705942e-05
0.0005029411764705882
-0.000621691176470588
0.0013095588235294115
-0.0012680147058823533
-0.0006397058823529413
0.0025066176470588232
-0.0008419117647058822
-0.000728308823529412
-0.0008610294117647058
-0.000729044117647059
-0.00022867647058823573
-0.000664338235294118
-0.000632720588235294
-0.002179779411764706
0.0014977941176470592
-0.0011323529411764702
-6.691176470588294e-05
-0.0022246323529411765
0.000492279411764706
-0.0006801470588235296
0.002147794117647058
0.0013735294117647057
-0.002022794117647059
0.002400735294117647
0.0019352941176470591
-0.00032610294117647046
-0.0005308823529411768
-0.0009757352941176469
-0.0004132352941176476
-0.00037463235294117635
-0.0005426470588235293
0.000254044117647059
0.0005584558823529412
-8.566176470588231e-05
0.0013084558823529412
-0.0018775735294117644
0.0007676470588235298
0.0024136029411764705
-0.001513970588235294
0.00012205882352941205
-0.0007235294117647058
0.0005952205882352943
-0.0022511029411764706
-0.0002514705882352944
0.0011437500000000002
0.001625735294117647
-0.0005121323529411762
0.0006349264705882351
-0.0009588235294117646
0.001118382352941176
-0.0014007352941176475
0.0013147058823529418
-0.0001544117647058825
-0.0013713235294117647
-0.00043529411764705884
0.0029036764705882355
-0.0010113970588235294
0.0006683823529411765
-0.0014319852941176473
0.0017036764705882354
0.00020220588235294131
-0.00035625000000000034
-0.0014933823529411762
0.0008625000000000002
-4.485294117647024e-05
-7.647058823529422e-05
0.0003430147058823531
-0.0008676470588235292
-0.0006599264705882354
0.002650735294117647
0.0014047794117647058
0.0013227941176470587
0.0016772058823529411
0.0027272058823529406
0.0013341911764705883
-0.001154779411764706
0.00023823529411764744
-0.0005963235294117647
-0.000848529411764706
0.00029264705882352905
0.0006580882352941177
0.000899632352941177
-0.0025599264705882356
0.0003055147058823528
8.639705882352954e-05
0.00039522058823529457
0.0014558823529411764
-0.0005569852941176468
0.000765808823529412
0.00023860294117647023
0.0012183823529411766
0.002943014705882353
-0.0020238970588235296
0.0006595588235294118
-0.002534558823529412
0.0010709558823529413
-0.0001499999999999998
-0.002681617647058824
-0.0009963235294117648
-0.0007845588235294119
-6.9852941176469015e-06
-0.0010095588235294118
-0.00025992647058823565
-0.0022886029411764704
0.00024963235294117635
0.0012926470588235286
0.0010823529411764705
0.00013051470588235266
0.0003463235294117644
9.448529411764711e-05
-0.002570220588235295
0.0005794117647058827
-0.0003511029411764705
-0.0005573529411764706
-0.0008797794117647059
-0.0007066176470588235
0.0012341911764705883
0.0010158088235294118
-0.001466544117647059
0.0015463235294117647
0.0003371323529411764
0.00028161764705882374
0.0002687499999999999
-0.0015272058823529412
-0.001008823529411765
-0.0021283088235294115
-0.0009720588235294118
-0.0011727941176470586
-0.00047169117647058824
0.002390441176470588
-0.0003658088235294117
0.0016430147058823527
-0.001272794117647059
0.0005205882352941173
-0.002247794117647059
-0.001922426470588235
-0.0014488970588235292
0.0013441176470588233
-0.00013272058823529388
0.002537867647058824
0.0016720588235294121
0.002667279411764706
-0.0015952205882352939
-0.0011029411764705884
0.0008022058823529414
-7.2794117647059e-05
0.0006165441176470589
-0.0006731617647058825
0.0002147058823529411
-0.0007110294117647061
-0.0006312499999999998
-0.00033786764705882356
0.0016374999999999998
0.0006419117647058824
-0.0013051470588235292
0.0014128676470588233
0.0007852941176470588
0.0015790441176470591
-0.0014444852941176468
-0.002808088235294118
-7.500000000000001e-05
-0.0004029411764705881
-0.0016268382352941178
0.0006128676470588232
-0.0007816176470588237
0.0003661764705882355
-0.001252573529411765
-0.0005047794117647063
0.0019922794117647057
-0.00016764705882352942
-0.0011926470588235294
-0.00015514705882352928
6.544117647058797e-05
-0.000991544117647059
0.0007823529411764702
-0.0006720588235294117
0.0028830882352941173
-0.001506617647058824
-0.0007356617647058821
0.0014625000000000003
7.352941176470594e-06
0.001543014705882353
-0.0012150735294117643
-0.00017242647058823558
6.617647058823311e-06
0.0003051470588235293
0.0002136029411764706
-0.0011551470588235292
-0.0005988970588235294
-0.0012841911764705889
0.00046764705882352934
0.0014988970588235297
0.000748897058823529
-0.0012375
0.001558088235294118
0.003500367647058824
1.8014705882353177e-05
0.0005485294117647057
0.0015533088235294118
0.0008757352941176469
-0.0007944852941176471
0.00047904411764705874
0.001445220588235294
-5.9558823529411787e-05
-0.001435294117647059
0.0004352941176470587
0.0010716911764705882
-0.0034536764705882348
0.0012238970588235294
-0.001235294117647059
0.0013871323529411762
0.001719852941176471
-0.0009562499999999996
-0.0012169117647058824
-0.0013367647058823526
-0.0008713235294117644
0.00040624999999999933
0.0015330882352941175
-0.0014966911764705882
-0.0005371323529411766
-0.00046323529411764684
0.0001220588235294123
0.0017613970588235296
-0.0024823529411764707
0.00025919117647058823
-0.0017893382352941176
-0.0009716911764705879
-0.0010029411764705884
0.0007088235294117646
0.0013680147058823529
-0.00019779411764705879
-0.002916911764705882
-0.0013639705882352937
-0.0006930147058823529
0.001986397058823529
0.0019319852941176473
0.0016588235294117647
-0.0015511029411764705
0.0009555147058823528
-0.0009948529411764706
-0.0016687500000000003
0.00045367647058823534
-0.002432352941176471
0.003488970588235294
-0.0008345588235294119
0.0007202205882352938
0.0010143382352941178
-0.0013066176470588236
-0.000495955882352941
0.0013525735294117648
-0.00013492647058823524
-0.0005492647058823529
0.0008602941176470591
-0.0012977941176470589
-0.0014349264705882357
-0.00015772058823529413
0.0004415441176470587
-0.001273161764705882
-0.001829044117647059
0.0005003676470588236
0.00020147058823529398
0.0019628676470588237
-0.00013897058823529392
-1.691176470588235e-05
0.00040772058823529395
-0.0008779411764705883
-0.0018352941176470584
0.000928308823529412
-0.0020533088235294115
0.0011444852941176467
0.001967279411764706
0.00045992647058823503
-0.001641911764705882
-0.000889338235294118
-0.00059375
0.00028455882352941206
-0.001288235294117647
0.0002437500000000001
-0.00042242647058823553
-0.00030000000000000014
0.000785294117647059
0.0019117647058823526
-0.0005220588235294117
-0.0019996323529411766
-0.0008893382352941171
0.0005764705882352937
0.0008404411764705886
-0.0006238970588235295
-0.001288970588235294
-0.00045845588235294074
0.0020540441176470593
0.0006691176470588232
0.0015091911764705884
-0.0010694852941176471
-0.0005518382352941173
-0.0005724264705882353
0.0010165441176470584
-9.705882352941189e-05
0.00185625
0.0018191176470588233
-0.0008187499999999998
0.0014257352941176471
0.0015540441176470588
-0.00034117647058823516
2.5735294117646265e-06
0.0005029411764705882
-0.0006055147058823528
0.00016654411764705892
0.0005499999999999996
-0.0002341911764705887
-0.0026257352941176466
0.0001397058823529415
-0.00016286764705882376
-0.0008257352941176471
0.0010963235294117648
0.00019191176470588223
-0.0008268382352941174
0.0002816176470588233
-1.43382352941177e-05
-0.0017948529411764703
-0.0006981617647058823
0.001541176470588235
-0.0006805147058823529
-0.0015393382352941179
0.0020419117647058824
0.001135661764705882
-0.0016738970588235293
0.003020220588235294
-0.0009566176470588239
-0.0015062499999999998
-0.002617279411764706
-0.000725
-0.0009176470588235291
-0.00010992647058823513
0.0009808823529411767
0.0021371323529411766
-0.0006944852941176469
0.001000735294117647
0.001029411764705882
-0.0009610294117647062
0.0017073529411764706
0.002396323529411765
0.0012202205882352944
0.00028235294117647067
0.0005345588235294116
-0.0007955882352941176
-0.0001393382352941177
-0.0018988970588235292
0.0006661764705882354
-0.00037573529411764694
-0.0009459558823529413
0.000253308823529412
-0.0010128676470588234
0.0005121323529411762
-0.0023801470588235294
0.0005496323529411765
0.0009095588235294114
-0.0005286764705882354
-0.0006088235294117648
0.0024875
-0.0017713235294117646
-0.0003099264705882354
0.0011566176470588236
-0.002275367647058824
-0.0010397058823529409
0.0014481617647058825
0.002204411764705882
-0.0017470588235294117
0.00010882352941176466
0.0013753676470588234
0.0005555147058823532
5.147058823529508e-06
0.00019816176470588217
-0.0013562500000000003
0.0012536764705882355
0.0006055147058823524
-0.0019830882352941176
0.0013411764705882354
-0.0011080882352941177
-0.0005996323529411765
-0.0016080882352941177
-0.0012709558823529414
0.0005338235294117643
-0.00021801470588235267
0.0008823529411764703
0.0012496323529411764
-0.001892279411764706
-0.001961764705882353
-0.0013599264705882346
-0.0005628676470588238
8.014705882352947e-05
0.0017125
-0.0014823529411764711
0.0015224264705882352
0.001981985294117647
0.0019382352941176466
0.002052205882352941
0.00027683823529411753
0.0004893382352941176
0.0012000000000000003
-0.0014698529411764705
-0.001348529411764706
-0.0022095588235294117
-0.0017654411764705881
0.0018654411764705882
0.0018639705882352942
0.0005768382352941176
-0.0001573529411764708
-0.00214375
0.001593382352941176
-0.0002757352941176469
0.0005691176470588232
0.00014779411764705852
-0.00027352941176470556
0.0007566176470588235
-0.0014742647058823527
0.0016963235294117647
-7.941176470588218e-05
-0.0002658088235294111
-0.00024926470588235324
0.0009036764705882357
0.0008496323529411767
-6.61764705882377e-06
0.001627573529411765
0.0007518382352941177
-0.00011360294117647053
3.1985294117647466e-05
-0.00173125
-0.0006088235294117645
0.00040036764705882384
-0.00019191176470588234
0.0006397058823529411
0.0005937499999999998
0.0016066176470588237
-0.0001937500000000001
0.000495220588235294
0.0005080882352941179
0.0011812499999999998
-0.001173529411764706
0.0020393382352941174
-0.0002867647058823529
-0.000422058823529412
-0.00015514705882352926
-0.0035290441176470586
0.0009099264705882352
0.0016261029411764702
0.0011466911764705884
-0.00029264705882352954
-0.0010540441176470588
-0.0014874999999999999
-0.001134191176470588
0.0008801470588235291
-0.0011466911764705882
0.002920220588235294
-0.00016874999999999998
-0.0009915441176470586
-0.0012518382352941176
0.0004209558823529411
0.001454044117647059
0.0022599264705882353
0.00012169117647058825
0.0021227941176470587
9.044117647058813e-05
-0.0017139705882352942
0.002792647058823529
-0.00036948529411764687
0.0021044117647058824
-0.001614705882352941
-0.0003713235294117646
-0.0005889705882352941
0.00019154411764705896
0.0013952205882352942
-0.0028080882352941173
-0.0014415441176470593
-0.002783088235294117
0.001614338235294118
0.0007944852941176471
-0.0015216911764705883
0.0009180147058823534
0.0006933823529411765
0.0021636029411764702
-0.0003911764705882353
0.0021801470588235293
0.0012643382352941176
-0.00120625
-0.0002169117647058826
-0.0015569852941176472
0.002745220588235294
0.001332720588235294
-0.0006591911764705881
0.0031415441176470583
1.727941176470602e-05
0.00029558823529411774
-0.0006323529411764703
0.0011808823529411766
0.0009139705882352937
-0.00041764705882352943
-0.00044411764705882346
-0.00032794117647058836
-0.002898529411764706
-0.0010643382352941175
-6.544117647058837e-05
0.0002481617647058824
0.0021599264705882354
0.002685661764705883
0.0007709558823529412
-0.001086397058823529
-0.00034779411764705866
0.00014595588235294163
0.0001573529411764707
-4.632352941176471e-05
-0.0006058823529411765
0.0008687500000000002
-0.0017952205882352944
0.00010367647058823516
0.001390808823529412
0.0007790441176470588
-0.001160661764705882
0.002832720588235294
-0.0009286764705882355
-0.002125735294117647
-1.3602941176470468e-05
0.0005470588235294118
0.004376470588235294
-0.0012253676470588232
0.0037172794117647056
-0.0009253676470588237
-0.0008294117647058827
0.0007591911764705883
0.0015613970588235296
0.0009665441176470591
0.0005393382352941181
-0.0018819852941176472
0.0016713235294117646
-0.0004220588235294117
0.001516176470588235
-0.0009172794117647061
-0.0014205882352941175
0.0025419117647058824
0.0012786764705882356
2.610294117647057e-05
0.00055735294117647
0.00014558823529411773
0.0007382352941176475
3.529411764705884e-05
0.00027463235294117593
0.0003944852941176472
0.0016878676470588234
-0.0002849264705882355
0.0003683823529411767
-0.0009411764705882353
-0.0001801470588235298
-0.0003128676470588233
-0.00016727941176470623
0.0005889705882352942
0.0009400735294117649
-0.0010797794117647058
-0.002147058823529412
0.0007819852941176472
-0.0008062500000000001
0.0012051470588235293
-0.0009062499999999999
0.0010286764705882353
0.0004878676470588236
-0.00015992647058823544
-0.002694117647058823
0.0021095588235294114
0.002016176470588235
0.0011290441176470595
-0.0009955882352941175
-0.0020132352941176473
-0.0009150735294117649
-0.002465441176470588
-0.002218382352941177
0.0003165441176470586
-0.0014283088235294114
-0.0013952205882352942
-0.003058823529411765
-0.0007547794117647059
-0.0011790441176470587
0.001961764705882353
0.002302573529411765
0.00018382352941176487
0.0005261029411764708
-0.000264705882352941
-0.0010911764705882352
3.823529411764708e-05
-0.0017849264705882353
-0.0006051470588235293
0.0004330882352941179
7.058823529411774e-05
0.0028588235294117643
-0.0007183823529411761
0.0001525735294117649
-0.0015672794117647054
0.0012036764705882351
-0.0023121323529411764
-0.0018621323529411768
0.0001433823529411764
0.0008066176470588233
-0.0002533088235294116
-0.0009121323529411767
0.0004919117647058824
0.0010602941176470584
-0.0010066176470588234
0.0007051470588235294
0.0015470588235294116
0.00044117647058823547
-0.0008375000000000004
-0.00011397058823529391
0.0004897058823529409
0.0006246323529411765
0.000993014705882353
0.001074264705882353
0.0011536764705882357
0.0009132352941176473
-0.001611764705882353
-0.000891544117647059
-0.0007091911764705885
0.0018852941176470586
-0.001580514705882353
0.0011783088235294119
0.0012158088235294118
-0.0005827205882352945
-0.00043051470588235295
0.0005231617647058822
-0.0006654411764705884
-0.0012132352941176473
0.0010889705882352941
-0.000980514705882353
-0.0014356617647058824
-0.002019852941176471
-0.002986764705882353
-0.000697426470588235
0.0014599264705882358
-0.0006066176470588235
-0.0026077205882352942
0.0027485294117647057
0.00021727941176470604
0.0010757352941176469
-0.00043602941176470604
-0.0037966911764705873
0.0004419117647058824
0.00109375
-0.00012647058823529386
0.001973529411764706
-0.0008033088235294117
0.0026069852941176474
0.00022647058823529377
7.279411764705861e-05
0.0008992647058823524
-0.0008113970588235292
0.0008327205882352944
0.0008518382352941177
-0.0015121323529411765
-0.00033198529411764704
0.0005481617647058824
0.0007551470588235292
0.0005235294117647057
0.0005154411764705882
-0.0006988970588235297
-0.0008319852941176472
-0.0003544117647058826
0.0006051470588235295
-0.0005669117647058824
-0.0004658088235294115
0.0015246323529411762
0.0010033088235294118
0.002185294117647059
-0.0008591911764705885
-0.001246691176470588
-0.002365441176470588
-0.000347426470588235
4.3014705882353103e-05
-0.0012658088235294122
0.0007981617647058824
-0.0006176470588235292
0.0015029411764705875
-0.00031176470588235297
0.0012900735294117645
-0.0003459558823529409
-0.00136875
-0.00036139705882352923
-0.0012533088235294116
-0.00211875
-0.0014393382352941174
-0.0014727941176470587
0.0015187500000000001
0.00033529411764705885
-0.0008007352941176472
-0.0026507352941176473
0.0003492647058823532
-0.0007393382352941177
-0.0006691176470588235
-0.001415808823529412
0.0012551470588235292
0.0006555147058823531
0.0002294117647058824
0.00015000000000000001
0.002691176470588235
-0.0002647058823529411
0.00044705882352941205
-9.338235294117637e-05
0.001324264705882353
-0.00020955882352941164
0.0017227941176470591
-0.0010797794117647058
0.001383823529411765
0.001948529411764706
-0.0003790441176470586
-0.00017389705882352912
0.0011926470588235294
-0.0016305147058823526
0.0018606617647058828
0.0004904411764705879
-0.0030566176470588234
-0.0011246323529411765
-0.0005691176470588237
-0.001423529411764706
0.0004411764705882351
0.00036544117647058797
-0.00027022058823529397
0.0015845588235294116
0.0020911764705882356
-0.0007974264705882352
0.0007915441176470588
0.00012941176470588226
0.0005
-0.0004375000000000003
-0.0008220588235294115
0.0010345588235294119
0.0018080882352941173
0.0014430147058823528
-9.632352941176502e-05
0.0008724264705882353
-0.0013375000000000004
-0.0006610294117647063
-0.0006849264705882355
-0.00016029411764705871
-0.0015297794117647059
-0.0031716911764705885
-0.0014183823529411762
-0.001245955882352941
0.001283823529411765
-0.0008584558823529413
-0.0006687499999999999
0.0017617647058823529
-0.0004591911764705879
-0.0011000000000000003
0.0012941176470588234
0.0012058823529411764
-0.0005297794117647059
-0.0017345588235294117
0.002201470588235294
0.00025441176470588196
-0.0012128676470588233
0.0006113970588235292
-0.0017150735294117648
0.0009966911764705882
0.0012761029411764706
0.00038823529411764697
0.00019448529411764738
7.610294117647058e-05
0.0008636029411764707
-0.0003643382352941176
-0.0006481617647058822
0.00044705882352941194
0.00021029411764705863
0.00028272058823529444
-0.0013029411764705885
0.0005713235294117649
-0.0019242647058823525
-0.0002165441176470583
6.617647058823565e-05
-0.002078308823529412
0.00034595588235294104
0.00013308823529411748
0.00012095588235294112
-0.0014441176470588236
3.492647058823553e-05
0.0002996323529411766
0.0008794117647058822
0.0014841911764705885
0.0001573529411764703
0.001377941176470588
-0.0027433823529411762
0.0005121323529411761
-0.0007488970588235294
-0.0004503676470588234
-0.0015952205882352943
0.0015988970588235293
-0.001
-0.0029106617647058825
-0.00079375
-0.00018198529411764703
5.919117647058825e-05
0.0004702205882352946
0.0007632352941176469
-0.0005029411764705881
0.0007544117647058828
0.0006275735294117645
0.00046029411764705874
-0.0022378676470588233
0.0011474264705882355
0.0015636029411764708
0.0015183823529411767
-0.0015161764705882354
-0.002144485294117647
-0.0002871323529411765
-0.0003051470588235297
0.0011125
0.0001849264705882351
-0.0018705882352941174
-4.044117647058827e-05
-0.0008569852941176469
0.0009672794117647061
-0.0006764705882352943
-0.000490073529411765
-0.0006327205882352944
-0.00038124999999999975
-0.0015360294117647063
-8.014705882352915e-05
-0.0016628676470588236
-0.0015948529411764706
-0.00030588235294117644
-0.0002496323529411765
0.001948529411764706
0.00016213235294117636
0.00010147058823529427
-0.00048308823529411753
-0.0013378676470588236
0.00046360294117647033
0.0011963235294117646
-0.0006297794117647055
0.0006654411764705884
-0.0014613970588235297
-0.0010654411764705884
-2.7573529411764117e-05
-0.001175735294117647
-0.0002176470588235288
-6.507352941176458e-05
0.0027838235294117652
-0.00019264705882352963
0.001959191176470588
-0.000465441176470588
-0.0021735294117647065
0.0011878676470588236
-0.0009452205882352941
-0.002019852941176471
-0.0018893382352941177
0.00030404411764705877
0.0014999999999999996
-0.0013470588235294115
0.0006183823529411767
-0.00022794117647058845
0.002643382352941176
-0.0004941176470588238
0.0005702205882352938
0.0004319852941176468
-0.001077941176470588
0.0015113970588235299
-0.00035919117647058817
0.0004132352941176473
-0.0014503676470588238
-0.00048124999999999974
0.0005672794117647058
0.0013746323529411765
-0.0017963235294117651
0.00029448529411764705
0.0015018382352941177
-0.0012113970588235295
-0.0016628676470588234
-0.001119852941176471
-0.0010713235294117652
0.0009220588235294119
0.002075
0.0009676470588235294
0.002028676470588235
-0.00019889705882352918
1.3970588235293957e-05
0.0010625
-0.001086029411764706
-0.0014371323529411765
0.002816176470588235
-0.0008900735294117647
0.0007257352941176469
0.0011698529411764708
-6.10294117647062e-05
0.000129044117647059
-0.0003323529411764707
-0.0010992647058823532
0.0007716911764705883
-0.0007198529411764704
-0.00026029411764705903
0.0020091911764705877
0.0018536764705882353
0.001566911764705882
0.001070955882352941
-0.0013415441176470588
0.0008602941176470589
0.002494852941176471
-0.0010312499999999998
0.0002110294117647061
-0.0012253676470588232
0.00023125000000000015
-0.00169375
-0.0013988970588235292
0.0033874999999999995
-0.0005838235294117649
0.0006775735294117648
0.0002466911764705885
-0.00031985294117647045
-0.0009661764705882354
5.661764705882357e-05
0.0014514705882352943
0.00013308823529411748
-0.00045992647058823503
-7.977941176470649e-05
0.0009485294117647059
0.0014058823529411767
-0.00047757352941176455
-0.0027297794117647056
0.003111397058823529
-0.0008033088235294117
-0.0001352941176470585
-0.0012819852941176467
0.0014827205882352943
0.0006246323529411762
0.0006606617647058824
-0.002754411764705882
-0.0005279411764705887
0.0002702205882352941
0.0009198529411764707
-5.955882352941153e-05
-0.0013919117647058824
-0.0011959558823529412
-0.001002573529411765
-0.0021044117647058824
-0.0005095588235294117
0.0004150735294117646
-0.0014871323529411767
-0.0004253676470588234
-0.0014150735294117648
-0.0007437499999999997
0.0009569852941176472
0.0007753676470588234
0.0008613970588235297
-0.0008202205882352943
-0.0006448529411764705
0.00023676470588235288
-0.0019213235294117646
0.002979779411764706
-0.001642647058823529
0.0021000000000000003
0.00039191176470588254
-0.001101470588235294
-0.0009966911764705884
-0.0015845588235294118
0.001050735294117647
-0.00265
0.0002463235294117647
-0.0005680147058823528
-0.0022040441176470584
-0.00013345588235294127
0.0016415441176470588
5.51470588235315e-06
-0.0007680147058823532
-0.0021727941176470592
-0.0017257352941176475
-0.0013069852941176472
0.0004577205882352939
0.0008408088235294118
-0.00011360294117647042
0.0013753676470588234
-0.0006139705882352941
0.0004080882352941175
-0.000164705882352941
0.000566544117647059
0.0006198529411764705
0.0018433823529411771
-0.0024889705882352934
-0.00018198529411764708
-0.0012625000000000002
-0.0019180147058823532
0.0005992647058823531
-4.4852941176470754e-05
-0.0017702205882352943
0.0013158088235294112
0.00016323529411764643
0.0021297794117647057
0.002079779411764706
0.001388970588235294
-5.441176470588263e-05
-3.161764705882372e-05
0.0010650735294117644
-0.0010242647058823528
0.0005202205882352941
0.0016959558823529408
0.0003547794117647057
0.0005261029411764702
-0.001556617647058824
-0.0002816176470588233
0.000477573529411765
-0.0016705882352941177
0.0006889705882352937
0.0006680147058823532
0.0014213235294117646
-0.0010261029411764704
0.0005466911764705882
-0.00031360294117647027
0.0032220588235294116
0.0005312499999999998
0.0007386029411764705
-0.000249264705882353
0.00039889705882352895
8.713235294117641e-05
0.0005341911764705875
0.00024117647058823552
0.0017525735294117648
-0.001115441176470588
0.00043125
0.000908455882352941
0.00021213235294117658
0.0009709558823529412
-0.0006808823529411766
8.74999999999997e-05
0.00028566176470588194
0.0011588235294117647
-3.7867647058823645e-05
-0.0008757352941176474
0.00022720588235294103
0.0005860294117647058
-0.0013261029411764703
-0.0002573529411764708
0.000581985294117647
-0.0009860294117647061
0.003959191176470589
0.002651470588235294
0.0018080882352941178
-0.0006790441176470585
-0.0005047794117647056
-0.0003823529411764709
0.0006430147058823526
-0.0010911764705882356
0.0004363970588235294
0.00016544117647058863
0.0013014705882352941
7.941176470588228e-05
-0.0007224264705882353
-0.0007525735294117647
0.00023786764705882387
-0.0033830882352941173
0.0001852941176470587
0.0011875000000000002
0.0005121323529411767
-4.926470588235323e-05
0.0010944852941176465
0.000733455882352941
-0.0006029411764705884
-0.0010775735294117645
-0.0012588235294117645
0.00029154411764705857
-0.00011838235294117655
-0.001138235294117647
0.0009077205882352938
-0.0003375000000000001
0.0005191176470588236
-0.0019051470588235299
-0.00023749999999999986
-0.0006908088235294118
-0.0004209558823529414
-0.0026871323529411768
0.0005025735294117645
-0.0010422794117647058
0.0009761029411764706
-0.0013481617647058824
-0.0011555147058823526
0.0002264705882352939
0.00010992647058823538
-0.0009286764705882355
0.00015698529411764764
-0.001479779411764706
-0.0003389705882352938
-0.001958455882352941
0.0003996323529411767
0.00039191176470588243
-0.0035227941176470584
-0.0016625
-0.0006713235294117649
0.0014161764705882354
0.0009084558823529413
0.001181985294117647
0.0009775735294117649
0.0023533088235294123
-0.00189375
-0.0018977941176470587
0.00020882352941176504
-0.0004154411764705883
0.0005180147058823529
0.0012352941176470586
-0.001482352941176471
0.0011488970588235295
-0.0010433823529411765
-0.0006845588235294117
-0.001489338235294118
-0.001046323529411765
0.0017540441176470587
0.0011455882352941179
0.00044963235294117644
0.00029816176470588246
-3.419117647058804e-05
-9.191176470588243e-06
-0.0014191176470588237
-0.001110294117647059
-0.002000735294117647
0.0005448529411764706
0.0010584558823529412
0.002673161764705882
0.001495588235294118
-0.0017761029411764708
-0.000347058823529412
0.002392279411764706
0.00042904411764705904
-6.691176470588203e-05
0.0017691176470588238
0.0003441176470588237
0.0019029411764705881
0.001922058823529412
0.0014430147058823533
-0.001471323529411765
-0.00031433823529411785
-0.0012941176470588236
0.0004316176470588232
-0.002000735294117647
-0.0013709558823529412
0.0014374999999999995
0.00246985294117647
-0.0016926470588235292
0.002342647058823529
0.0008124999999999999
-0.0006584558823529409
0.0012047794117647055
-0.0018106617647058823
-0.0007455882352941176
-0.0016393382352941175
0.001059926470588235
0.0010356617647058822
0.00015183823529411756
-0.00023786764705882346
-0.0015143382352941178
-4.816176470588235e-05
-0.0004426470588235294
-0.0017867647058823527
-0.001080514705882353
0.0026588235294117647
0.0012904411764705884
-0.0016408088235294114
0.0011632352941176472
-0.0013088235294117648
-0.0009676470588235296
0.002661029411764706
-0.0005253676470588238
-9.154411764705885e-05
-0.00011102941176470589
0.0014238970588235293
-0.0014933823529411766
0.0005025735294117647
-0.0004400735294117647
-0.002520955882352941
3.0147058823529358e-05
-0.0008533088235294121
0.00031654411764705853
0.001125735294117647
0.0005356617647058823
0.0008555147058823529
-0.00029448529411764743
0.0011555147058823529
-0.002738970588235294
-0.0018871323529411769
0.001488235294117647
0.00012941176470588248
0.0005875
0.0025860294117647058
-0.002504779411764706
-0.0007930147058823532
1.948529411764675e-05
0.00032683823529411766
0.0007977941176470589
-0.00018088235294117666
0.001332352941176471
-0.0005040441176470593
0.0005676470588235297
-0.0009231617647058825
0.0001724264705882354
-0.002890441176470588
0.0009856617647058825
0.0001466911764705885
-0.00021360294117647063
0.002588970588235294
0.0007790441176470587
0.00034301470588235294
-0.0010819852941176473
-0.0023878676470588237
-0.0002485294117647068
-0.0010231617647058822
0.00029669117647058844
0.00010073529411764711
-0.0006970588235294115
0.00037757352941176494
0.0006827205882352942
0.0002915441176470587
0.000596691176470588
0.0010834558823529415
-4.30147058823529e-05
-0.0010397058823529409
-5.8088235294117066e-05
0.0012238970588235292
0.0007988970588235294
-0.0009308823529411763
0.000191544117647059
-0.0002393382352941178
-0.0016128676470588239
-0.002157720588235294
-0.0007768382352941176
0.0010720588235294116
-0.0004110294117647055
0.0014246323529411766
-0.0012566176470588234
-0.000458455882352941
0.0003014705882352941
0.0006525735294117647
0.0024261029411764704
0.00191875
-0.0006180147058823528
-0.00025955882352941134
0.0008463235294117646
0.0015363970588235293
0.00037499999999999974
0.00016948529411764675
0.00020551470588235337
-0.0006988970588235292
-0.0011856617647058823
-0.0011613970588235296
0.0013525735294117648
-0.0011981617647058827
0.00064375
0.000955514705882353
0.001140441176470588
0.0011628676470588236
0.0017904411764705882
-0.0006628676470588233
0.0002665441176470589
-0.0006613970588235294
0.001206985294117647
-0.0006268382352941174
0.0015606617647058827
0.0013183823529411762
-0.0003731617647058826
-0.00019227941176470602
-0.001963970588235294
-0.0010305147058823534
-0.0014011029411764707
0.0012941176470588234
-0.001283823529411765
0.002628676470588235
0.0013738970588235294
0.0002897058823529408
0.0005529411764705882
-0.0006411764705882352
-0.0007312500000000001
0.00039227941176470625
-0.0015433823529411763
-0.0002246323529411763
4.227941176470592e-05
0.0017764705882352945
0.0019955882352941175
0.0013474264705882351
-4.227941176470592e-05
0.000739705882352941
-0.0005242647058823523
0.00018455882352941174
0.0006426470588235294
-0.0012577205882352944
-0.002007352941176471
0.001489705882352941
-0.00017316176470588246
0.00040698529411764675
-0.0003834558823529412
-0.0001540441176470587
0.000118014705882353
0.0011966911764705887
0.00043419117647058836
-0.0005382352941176474
-0.0005437500000000002
-0.0015113970588235294
0.0022485294117647056
-0.0005124999999999999
-0.0005915441176470586
0.0015503676470588234
0.0007176470588235292
0.002061029411764706
0.0021367647058823528
-0.0011518382352941178
-0.0006680147058823532
0.002054779411764706
0.0019525735294117653
-0.0004985294117647055
-0.0022371323529411765
-0.002041176470588235
0.0001433823529411765
-0.00028897058823529423
-0.0002448529411764708
0.0009996323529411761
0.0009863970588235296
-0.0018919117647058822
-0.0007066176470588233
-0.001038235294117647
-5.367647058823558e-05
-0.00014669117647058823
0.00021580882352941196
-0.0008658088235294117
-0.0014452205882352941
-0.0011606617647058823
-0.0008095588235294118
0.0026878676470588232
-0.0014176470588235293
0.0020580882352941175
-0.002268014705882353
-0.0009272058823529415
0.0015455882352941176
0.0004694852941176468
-0.00040808823529411733
-0.0006110294117647057
8.492647058823503e-05
-0.0010830882352941178
0.0004400735294117645
-0.0021466911764705886
0.001163970588235294
-0.0017514705882352942
0.002016176470588235
0.00018639705882352904
-0.0005051470588235292
0.000531985294117647
0.00014779411764705917
0.00033823529411764716
-0.00047794117647058804
-0.0022529411764705886
-0.0016805147058823538
0.0018253676470588237
4.632352941176491e-05
-0.0017569852941176475
-0.0005238970588235294
1.2132352941176461e-05
8.382352941176466e-05
0.000684926470588235
-0.0019444852941176477
0.0001533088235294113
0.002838970588235294
0.0013875000000000005
-0.0009062499999999996
7.683823529411786e-05
0.0010408088235294116
0.0020448529411764707
0.0009761029411764706
0.00048492647058823526
0.002232720588235294
-0.0005875000000000002
0.001963970588235294
-0.0007154411764705883
0.0014724264705882348
-0.00027683823529411715
-0.0011838235294117654
-7.35294117647386e-07
-0.0010628676470588235
0.0008654411764705881
0.0006069852941176469
0.0013639705882352942
6.654411764705909e-05
-0.001211764705882353
-0.0004875000000000001
-0.0008768382352941182
0.0014209558823529414
-0.0004922794117647056
-0.00022022058823529424
0.00045845588235294155
-0.0005536764705882352
-0.0027930147058823525
-0.0013220588235294123
-0.0003827205882352939
-0.0006632352941176467
8.455882352941159e-05
0.00017610294117647058
0.00030845588235294127
0.00020183823529411766
0.0008974264705882355
0.0012558823529411766
0.000702941176470588
0.0003224264705882351
-0.002021691176470588
-0.0019408088235294118
0.001145955882352941
0.0003382352941176469
0.000802573529411765
-0.0005327205882352942
-0.004383455882352941
-0.0005047794117647061
0.0014555147058823526
0.003111764705882353
0.0010533088235294117
0.0005518382352941174
-0.0020448529411764707
0.0002319852941176468
-0.0010044117647058824
0.0007463235294117647
0.0015011029411764706
0.002238970588235294
-0.0014294117647058826
0.0002338235294117644
1.3970588235293957e-05
0.0004220588235294115
-5.110294117647078e-05
-0.0006003676470588236
-0.0015705882352941175
-0.0007224264705882349
0.0010849264705882354
0.0020823529411764714
-0.00042426470588235315
0.0022378676470588238
0.0010334558823529415
-0.0013676470588235292
0.0009981617647058822
-0.002499632352941176
0.00019595588235294114
-0.0006562500000000004
-0.0004433823529411763
0.0009397058823529409
0.0003231617647058823
-0.0004955882352941176
0.000480147058823529
0.0011981617647058823
-0.0006132352941176466
0.0013812499999999997
-0.0009283088235294117
0.0006150735294117644
-0.001166911764705882
0.001558823529411765
-0.0005944852941176463
-0.0022875
0.0022992647058823527
-0.0013801470588235294
-0.0007518382352941173
-0.00038124999999999997
-1.3602941176470646e-05
0.00047500000000000016
-0.001600367647058824
0.0012507352941176473
-0.00011985294117647045
-0.0017790441176470584
-0.0025474264705882353
4.632352941176481e-05
0.0004033088235294117
-0.0006533088235294121
2.3529411764705945e-05
0.002196691176470588
-0.00015514705882352926
0.003051838235294117
-0.0025569852941176472
-0.001436397058823529
-0.0001996323529411766
0.002054779411764706
0.00048235294117647055
-0.0015470588235294118
-0.0011095588235294123
-0.0006051470588235296
0.0005216911764705884
-0.0016121323529411766
0.0005797794117647052
0.0009746323529411767
0.0012213235294117647
2.5735294117647185e-05
0.00015220588235294124
0.00019044117647058843
-2.242647058823507e-05
0.0005786764705882358
-0.0017562499999999998
0.00039779411764705847
-0.00047536764705882344
0.00041875
-0.00041764705882352954
0.001354779411764706
-0.0013588235294117645
-0.0019992647058823527
0.0019235294117647063
-6.323529411764682e-05
0.0008257352941176471
-0.0013352941176470587
0.0016257352941176472
0.0011481617647058824
0.001324264705882353
-0.0017272058823529412
0.001015441176470588
-0.00037279411764705857
0.00016838235294117614
3.41911764705883e-05
-0.0013455882352941175
-0.0014595588235294117
0.0010878676470588236
-3.82352941176467e-05
0.0003944852941176472
-0.0016294117647058825
0.0021125
0.00020698529411764734
-0.0007606617647058824
-0.001131985294117647
0.0004286764705882352
0.0011735294117647056
-7.316176470588253e-05
0.0005992647058823526
-0.0006117647058823529
0.001920588235294118
-0.001229411764705882
-0.0009323529411764708
-0.0015187500000000001
0.0013981617647058826
-0.0006198529411764703
-0.0009588235294117648
0.0010562500000000001
-0.0020378676470588237
-0.0017297794117647057
0.0025970588235294124
-0.0022058823529411764
0.0006856617647058826
-0.001794852941176471
0.001267279411764706
-0.0015536764705882352
0.0011919117647058819
0.0012025735294117648
0.003057720588235294
-0.001467647058823529
-0.0014992647058823532
0.00027022058823529397
0.0008187499999999995
0.0008514705882352941
0.00059375
-5.772058823529409e-05
0.0007830882352941178
0.00016654411764705876
-0.0015742647058823531
0.0025073529411764705
-0.00018088235294117677
0.0003963235294117645
-0.0012705882352941178
-0.0014360294117647058
-0.0010338235294117648
0.0009588235294117646
0.0009125
0.0005573529411764705
0.00034485294117647056
0.0020713235294117648
-5.661764705882339e-05
-0.0005838235294117646
-0.0014555147058823528
0.0013022058823529406
0.00021911764705882347
-0.00011029411764705892
0.0007863970588235296
-0.0024466911764705885
-0.0005430147058823529
-0.0007772058823529415
0.0004893382352941178
-0.0011503676470588239
-0.00033272058823529413
-0.0005323529411764704
-0.0007908088235294118
0.0008161764705882354
0.0012323529411764705
0.0010231617647058822
-0.0003091911764705883
-0.001335661764705882
-0.001331985294117647
0.0009992647058823531
-0.0007650735294117645
-0.000991911764705882
-0.00023308823529411804
0.002116911764705883
0.001386397058823529
-0.000752205882352941
0.0003852941176470587
-0.0008753676470588236
-2.1323529411764653e-05
0.00047058823529411804
0.0005091911764705882
-0.0016327205882352945
-0.000458455882352941
-0.001195588235294118
0.0010687499999999998
-0.001498161764705882
-0.0007893382352941177
-0.001065441176470588
0.0020665441176470588
-0.0005283088235294113
-8.014705882352926e-05
0.0016992647058823528
0.0005713235294117646
0.0006375000000000002
0.004136397058823529
-0.000978308823529412
-0.000975
-0.0005566176470588239
-0.0006088235294117651
0.0016481617647058824
-0.0019768382352941174
0.0005433823529411764
0.0006323529411764705
-0.000115808823529412
-0.0009672794117647057
0.001561029411764706
-0.0006731617647058826
0.0009503676470588233
0.00023088235294117646
0.00031176470588235297
-0.001695220588235294
-0.0006511029411764705
-0.0012889705882352938
0.0016852941176470585
0.0009996323529411764
0.0018617647058823531
0.0006797794117647058
-0.0005349264705882352
-0.0007658088235294121
-0.00034338235294117627
0.0009488970588235294
0.0007742647058823533
0.00046617647058823527
-0.00019522058823529404
-0.0008224264705882354
-0.0018102941176470588
0.001504411764705882
0.0007816176470588236
0.0002966911764705886
0.00019963235294117687
-0.00016727941176470558
-0.0015125
0.0005286764705882351
-0.00011139705882352959
-0.0003080882352941177
0.00016617647058823535
0.0008102941176470589
0.00014448529411764695
0.0002080882352941172
-0.0001724264705882355
0.0005283088235294118
0.00023713235294117648
-0.0004716911764705885
-0.0018433823529411767
0.0009121323529411765
0.0012525735294117645
0.001081985294117647
-0.00029632352941176424
0.00010588235294117685
0.00160625
-0.0008319852941176472
0.0016731617647058822
-0.0012290441176470586
0.0003297794117647064
0.0003477941176470589
-0.0021191176470588234
7.058823529411722e-05
0.00027463235294117614
0.00032977941176470576
0.0007113970588235294
-0.0020779411764705884
0.0002588235294117648
-0.00042463235294117605
-0.00045882352941176456
-0.0006055147058823533
0.0013709558823529415
-0.0006856617647058823
0.0008547794117647058
-0.0012033088235294117
0.0001382352941176471
-0.003081617647058824
0.0007113970588235293
0.0006713235294117647
-0.00016911764705882347
0.000536029411764706
-0.0005691176470588237
-0.0005279411764705886
-0.00010330882352941172
0.0001577205882352943
-0.0005257352941176467
0.0005025735294117645
0.0017808823529411764
-0.001392647058823529
0.0016345588235294117
-0.00017132352941176491
0.0008808823529411764
0.00038713235294117655
0.00037132352941176454
0.00010624999999999993
0.00020919117647058785
0.0015272058823529414
0.0005058823529411765
9.595588235294127e-05
-0.0018227941176470587
0.0002216911764705881
-0.00048382352941176446
-0.0012698529411764707
-0.00249375
0.0003216911764705882
-0.0035400735294117643
-0.0014746323529411765
0.0015011029411764708
0.002125735294117647
0.0012625000000000002
-0.001042279411764706
-0.0010970588235294115
-0.001309191176470588
0.0012253676470588236
-0.00014816176470588266
-0.00012573529411764715
-0.0008106617647058822
-0.0004496323529411764
4.448529411764706e-05
0.0005562500000000001
5.40441176470593e-05
-0.00025661764705882384
0.0017470588235294117
-0.00105625
0.001665441176470588
-0.00010992647058823543
3.4926470588234895e-05
0.00033749999999999996
0.0010724264705882353
5.588235294117654e-05
0.0009470588235294117
0.0005389705882352941
-0.000165441176470588
0.0016117647058823525
0.0011172794117647058
0.0008209558823529414
-0.0005897058823529411
-0.00047352941176470565
0.002791911764705882
-0.0005650735294117646
0.0006569852941176469
0.0028459558823529414
-0.000513970588235294
0.0015301470588235297
0.0011345588235294113
-0.0012025735294117646
0.0031224264705882352
-0.0009566176470588239
0.0001573529411764705
0.0006404411764705883
0.0010261029411764706
-7.279411764705857e-05
0.0008397058823529413
-0.0020231617647058823
0.0009330882352941173
0.0007419117647058824
0.0009113970588235297
0.001025
0.0012636029411764707
0.0005124999999999997
0.0012687500000000001
-0.000489705882352941
0.0012930147058823529
0.0008632352941176473
-0.0012544117647058826
0.001580882352941176
-0.0006319852941176471
0.001629044117647059
0.0002617647058823529
0.0007352941176470588
-0.00034338235294117643
0.0008996323529411763
0.00033198529411764704
-0.00019595588235294092
0.0004908088235294118
-0.0002547794117647059
0.002625367647058823
0.00022499999999999997
-0.0020551470588235296
0.0026529411764705884
-0.00010661764705882373
0.000674264705882353
0.0003044117647058825
1.1029411764705587e-05
-8.970588235294086e-05
0.0035169117647058826
-0.0013709558823529412
-0.000544485294117647
0.00011029411764705902
0.0001963235294117647
0.0009356617647058819
-0.0004128676470588234
0.0010154411764705879
-0.0006713235294117647
0.000946323529411765
-0.0009437499999999997
0.001345220588235294
0.0014091911764705885
0.0007705882352941176
0.0025716911764705882
-0.0007963235294117646
-4.7794117647058663e-05
0.001959191176470588
0.0013110294117647057
0.0014584558823529411
-0.0012246323529411765
6.029411764705882e-05
0.001471323529411765
0.0012345588235294117
0.0011562499999999997
1.3970588235294313e-05
-0.0016422794117647058
0.0006823529411764707
-0.0013209558823529413
0.00037941176470588283
-6.213235294117662e-05
0.0010569852941176468
-0.0014128676470588233
0.0007966911764705878
-0.0007547794117647059
6.1029411764706046e-05
0.0010147058823529412
0.0003382352941176473
-0.0007400735294117644
-0.0008937500000000001
-4.044117647058583e-06
0.002111764705882353
0.002294485294117647
-0.0007948529411764702
0.0009966911764705884
-0.0013231617647058822
-0.0005007352941176468
0.0009746323529411763
0.002034926470588235
0.0002533088235294118
0.0015738970588235293
0.0009533088235294117
-2.0955882352941137e-05
-0.0006522058823529409
-0.001413235294117647
-3.7132352941176566e-05
0.00035698529411764727
-0.0009599264705882353
-0.00011875000000000008
-0.00010073529411764699
0.0009665441176470597
0.0010066176470588234
0.0006636029411764704
-0.0008749999999999995
-0.0015933823529411767
-0.0019959558823529414
-0.0009022058823529408
9.852941176470613e-05
-0.0007051470588235293
-0.0023283088235294116
0.0021411764705882353
0.001311029411764706
0.0002974264705882352
0.00048823529411764745
-0.000907720588235294
-0.0020966911764705885
-0.0014705882352941176
4.6691176470588296e-05
0.0009720588235294117
0.0010875
0.002413235294117647
0.001415441176470589
-0.0011926470588235292
0.002564705882352941
0.0007047794117647058
3.2352941176470396e-05
-0.002861764705882353
-0.00023933823529411727
0.003012867647058823
-0.0012220588235294116
-0.001326102941176471
-0.0009088235294117649
0.002147058823529411
0.001828676470588235
-0.0008794117647058825
-0.0008463235294117649
0.0012069852941176472
0.0006297794117647067
-9.705882352941158e-05
-0.00018786764705882336
-0.001098897058823529
0.001541544117647059
-0.0002713235294117646
0.0007996323529411764
-0.0004904411764705883
0.0012694852941176468
9.375000000000008e-05
-0.0014191176470588235
-0.001921691176470588
-0.00046323529411764695
0.00048419117647058817
-0.0018338235294117653
0.0020588235294117644
0.0017713235294117646
-0.00036360294117647034
0.0025294117647058825
-0.0013345588235294116
0.0009264705882352941
-2.8676470588234993e-05
-0.001194852941176471
0.00027757352941176457
-0.0020194852941176466
0.00033051470588235285
-0.0009150735294117645
-0.00022316176470588196
-0.0023522058823529416
0.00012757352941176434
0.00013014705882352935
0.0018915441176470588
-0.0009522058823529412
0.00158125
8.345588235294096e-05
-0.00012279411764705878
-0.00019632352941176457
0.0007066176470588235
-0.0017930147058823533
0.001135294117647059
0.0007863970588235297
0.0027099264705882356
-0.001557720588235294
0.00026470588235294083
-0.0002613970588235294
0.0012205882352941176
-0.0015654411764705882
0.0008356617647058822
0.00015404411764705864
-0.001911029411764706
0.0018632352941176467
0.002101838235294117
0.0003253676470588233
0.0011044117647058822
-0.0015878676470588234
-0.0002073529411764701
-0.00020698529411764753
0.003384558823529412
0.0008944852941176469
-0.0008628676470588234
0.0010011029411764708
-0.0019911764705882354
0.0009952205882352942
-0.0009338235294117645
-0.00016911764705882347
-0.0003702205882352941
0.00011029411764705913
0.0006246323529411767
0.0004386029411764705
0.00014448529411764687
0.001810294117647059
0.0016022058823529414
-0.0011610294117647057
-0.001000735294117647
0.0006687500000000005
0.0012121323529411764
-0.0014481617647058825
0.00023124999999999963
-0.0013095588235294121
0.00028897058823529423
-0.0004058823529411768
0.0008551470588235295
8.492647058823523e-05
-0.0009716911764705879
-0.0005860294117647061
0.0001577205882352941
-0.0004080882352941176
-0.0009014705882352944
0.0013474264705882356
-0.0011985294117647066
0.0010625
0.0009183823529411764
4.191176470588233e-05
0.00015036764705882386
0.0022757352941176474
-2.4264705882352922e-05
-0.0006540441176470589
0.0009499999999999999
-0.0002621323529411758
-7.941176470588218e-05
0.00189375
0.0007738970588235291
0.0019058823529411763
0.0018915441176470588
-0.000914338235294118
-0.0007095588235294115
-0.0009073529411764706
4.080882352941207e-05
-0.0008091911764705885
-0.0027544117647058824
-0.0028257352941176467
-8.419117647058827e-05
-0.000621691176470588
-7.720588235294083e-06
-0.0017669117647058825
-0.0006158088235294117
0.0011091911764705886
0.0009077205882352941
-0.0009231617647058825
0.0010974264705882351
0.0021757352941176476
0.0009533088235294117
0.001311764705882353
0.0002897058823529416
0.0002735294117647056
0.0007180147058823529
0.0007349264705882349
-0.0006238970588235298
0.000554044117647059
0.0017139705882352942
0.0013268382352941185
0.0005496323529411767
0.0008606617647058821
0.001953308823529412
-0.00014264705882352922
0.0012080882352941177
-0.0011878676470588236
-7.316176470588192e-05
-0.0007977941176470588
1.948529411764685e-05
0.0007397058823529408
0.00027794117647058844
0.00031323529411764683
-0.0016551470588235294
-0.0018378676470588232
0.0009496323529411763
-0.0017746323529411769
-0.0005198529411764704
0.0002801470588235295
0.000664705882352941
0.0018106617647058825
0.0016224264705882352
-0.00041507352941176504
-0.0006977941176470589
0.0014338235294117647
-0.00045220588235294116
0.000386029411764706
0.0015132352941176468
0.00023860294117647064
-2.4264705882352793e-05
0.0007591911764705883
0.0004647058823529414
-0.00010477941176470613
-0.001948529411764706
-0.0021959558823529414
-0.0010073529411764707
-0.0013963235294117647
-0.00048823529411764675
0.00044117647058823526
-0.0010161764705882348
0.0007069852941176472
-0.00103014705882353
0.0009102941176470593
-0.00045992647058823525
0.00027536764705882345
0.0009124999999999999
0.0011937499999999997
-0.0001500000000000002
-0.0003044117647058819
0.0011772058823529415
-0.0010952205882352943
-0.0006871323529411763
0.0003547794117647061
-0.000373529411764706
-0.0008900735294117647
0.0031371323529411762
-0.0014735294117647058
-1.5073529411764474e-05
0.0006716911764705879
0.0005386029411764704
-0.0004775735294117651
-0.001175
0.0015463235294117647
0.0011735294117647056
-0.0015702205882352942
0.002595588235294118
-0.0014882352941176472
0.00037095588235294105
0.0011801470588235288
-0.0009584558823529413
-0.00014448529411764736
-0.0024485294117647066
0.0008433823529411764
-0.0019143382352941173
0.0007242647058823534
0.0031319852941176472
0.0014805147058823528
-0.0012636029411764707
-0.0009106617647058825
0.0003261029411764704
0.00010772058823529408
0.0007930147058823529
-0.0004382352941176471
0.0004764705882352945
-0.0008187500000000003
0.0005014705882352939
-0.0012724264705882354
-0.0006169117647058825
-0.0010033088235294118
0.00033713235294117647
0.001563235294117647
-0.0005514705882352942
-0.0013080882352941177
0.0016132352941176469
-0.00023419117647058835
0.0011180147058823526
-0.0006113970588235298
-0.0009345588235294119
0.0009327205882352939
-0.0008187500000000005
0.002355514705882353
-0.0006875
-0.0022198529411764705
-0.001436764705882353
-0.001557720588235294
0.00044154411764705896
-0.0005507352941176468
-0.0009926470588235293
-0.002762132352941176
-0.0020011029411764704
-0.0022371323529411765
0.001064705882352941
0.002162867647058824
0.0031518382352941168
0.0005738970588235292
0.0007794117647058824
0.00120625
0.0015988970588235295
1.9852941176470444e-05
0.0018397058823529414
-0.0009036764705882355
-0.000738970588235294
0.0008474264705882353
-0.0008452205882352941
-0.0005382352941176466
0.002514705882352941
-0.00048786764705882347
-0.0016654411764705879
-0.0011963235294117649
0.0006713235294117647
-0.00048088235294117647
-0.000991544117647059
0.0004150735294117646
0.0016404411764705882
0.001639338235294118
0.0017176470588235295
-0.0008422794117647061
0.001508455882352941
0.0008014705882352944
0.0005095588235294117
0.0009878676470588235
0.0013371323529411765
-0.001976838235294118
0.00024117647058823557
-0.0025856617647058823
0.000644852941176471
0.001401470588235294
0.00035367647058823513
6.176470588235292e-05
0.0004077205882352939
-0.0014845588235294115
-1.764705882352951e-05
0.0002518382352941177
0.00083125
0.0015514705882352946
0.001882352941176471
0.0007113970588235293
-0.0005900735294117651
-0.0006143382352941175
-0.00010661764705882362
0.0002966911764705881
0.0015783088235294118
-0.0020176470588235294
0.001357720588235294
0.0014091911764705879
0.0017110294117647056
0.000969485294117647
-0.00021654411764705854
0.0015327205882352938
-0.0007775735294117645
-0.00011213235294117626
0.00032794117647058836
-0.0001536764705882356
-0.0015305147058823532
-0.0022128676470588235
0.0007830882352941177
-0.0014738970588235297
0.0015150735294117649
0.0019996323529411766
0.001680514705882353
0.0012073529411764708
-0.00046029411764705896
-5.330882352941181e-05
-0.00017977941176470607
-0.0015312499999999998
0.00212389705882353
-0.000763235294117647
-0.00015808823529411784
0.0010691176470588235
0.0004459558823529411
0.0015389705882352944
-0.0006602941176470587
0.001948529411764706
0.0006341911764705882
0.001088602941176471
-0.0006238970588235297
0.000763970588235294
0.0003613970588235295
0.0012602941176470595
-0.00023750000000000008
-0.0005794117647058821
-0.00021397058823529412
-0.00015183823529411766
-0.00010624999999999978
0.00047830882352941197
-0.0030205882352941182
-0.0009194852941176474
0.0007768382352941177
0.0006426470588235295
-0.0007805147058823527
0.00033345588235294106
0.0020106617647058823
0.000424264705882353
-0.000937132352941177
1.8014705882352896e-05
-0.00028897058823529434
0.0005624999999999998
-0.00021727941176470552
-0.0006404411764705886
-0.0025849264705882346
0.0012264705882352941
-0.0009404411764705883
-0.0011062499999999998
-0.000649264705882353
0.0007338235294117651
-0.0018919117647058818
-0.0005676470588235293
0.0008808823529411768
-0.0007731617647058823
-0.0011875000000000002
0.0019180147058823528
-0.0009216911764705883
0.0005426470588235293
-0.00013970588235294074
0.0007878676470588232
-0.0012834558823529415
-0.0015213235294117646
0.0014433823529411767
-0.0003893382352941176
-0.00038419117647058807
0.0007937500000000002
0.002079044117647059
-0.0016768382352941177
0.00030588235294117666
-0.0009698529411764705
-0.0005062500000000002
0.0017003676470588233
-0.0007235294117647063
0.0006522058823529412
0.0013988970588235295
-0.00029191176470588244
-0.001581985294117647
-0.0008919117647058823
0.0006305147058823533
-0.0007382352941176472
0.0005871323529411765
0.0010981617647058822
-0.00213125
-0.00031102941176470593
5.919117647058825e-05
-0.0009272058823529411
0.00016397058823529418
0.0009911764705882351
-0.002277205882352941
-0.0017143382352941177
-0.00039669117647058843
-0.002838602941176471
-0.0005636029411764706
0.002057720588235294
-8.161764705882383e-05
-0.0005783088235294118
0.000863970588235294
-0.0005786764705882353
0.0010772058823529408
0.0012301470588235294
-0.0014643382352941174
0.00020514705882352917
0.0006202205882352942
-0.0006628676470588235
-0.0008452205882352944
0.0016735294117647059
-0.00036323529411764685
0.0022805147058823534
0.00025514705882352965
0.0013841911764705885
0.0013261029411764705
4.2647058823529666e-05
-0.0006040441176470585
-0.00030661764705882343
-0.00012830882352941187
0.0003496323529411761
1.7279411764705918e-05
0.0008874999999999998
0.0009220588235294119
-7.573529411764677e-05
0.0006205882352941177
0.0009801470588235294
-9.926470588235119e-06
-0.00010367647058823495
0.00031654411764705885
-0.0015731617647058822
0.00030808823529411745
0.001606985294117647
-0.0013952205882352944
0.00226360294117647
0.0008154411764705882
-0.0005250000000000002
0.0005481617647058821
-0.0008106617647058824
2.53676470588239e-05
-0.00040955882352941195
-0.0016757352941176467
0.0017367647058823528
-0.0024172794117647057
0.002664705882352941
0.0008165441176470589
-0.0005882352941176472
-9.338235294117639e-05
-0.0007900735294117648
0.0022930147058823525
-0.0005404411764705883
-0.00014779411764705868
0.003051838235294118
0.0011613970588235296
0.0015867647058823526
0.003463970588235294
-0.0005518382352941179
0.0002180147058823532
9.227941176470572e-05
0.0006926470588235296
0.0035466911764705884
-0.0003617647058823529
-0.0016400735294117648
0.0007044117647058823
0.0032316176470588236
-0.001075367647058823
-4.375000000000018e-05
-0.00021985294117647078
0.0009165441176470591
0.0008360294117647062
0.0007727941176470588
-0.0006727941176470588
-0.002650735294117647
0.0013823529411764706
-0.0003018382352941174
-0.0001327205882352938
-0.000522058823529412
0.0003761029411764704
-0.0011084558823529413
-0.0015555147058823524
0.0005533088235294118
-5.000000000000031e-05
8.823529411764805e-06
-0.0013566176470588235
0.0010727941176470587
-0.0007525735294117648
0.0023783088235294117
0.0033691176470588232
0.00021654411764705886
-0.0010735294117647058
0.0028095588235294115
0.00016764705882352972
0.0013746323529411767
0.00044301470588235277
-0.003417647058823529
0.0018367647058823526
-0.0013466911764705885
0.0003025735294117646
-0.0012323529411764709
0.0007477941176470591
-0.0009110294117647057
-0.0002426470588235295
0.0003011029411764709
0.001997426470588235
6.029411764705912e-05
0.0006176470588235292
-0.0018988970588235297
0.0011224264705882352
-0.00028566176470588237
0.0019036764705882346
0.0014955882352941175
-0.0012106617647058826
0.0027963235294117647
-0.0008316176470588238
0.0011981617647058825
-0.00024338235294117666
-0.001970955882352941
2.022058823529429e-05
-0.00017977941176470559
0.000426838235294118
-0.0015812500000000002
0.001186764705882353
-0.0006246323529411768
-0.00046470588235294124
-0.0008500000000000003
-0.0008908088235294119
-0.00030625
-0.0004591911764705884
-0.0005772058823529414
0.0022955882352941174
-0.00015477941176470614
-0.0020242647058823534
-0.0011985294117647057
0.00023014705882352915
0.0012327205882352943
-0.0017529411764705882
-0.0013279411764705884
0.0004621323529411765
-0.0015647058823529414
0.0014812499999999997
0.0023209558823529407
-0.001428308823529412
0.0011371323529411766
9.044117647058848e-05
-0.0011341911764705882
0.000706985294117647
-0.00020294117647058833
-0.002029779411764706
0.00026985294117647064
0.0015198529411764707
9.779411764705846e-05
0.0016772058823529413
0.0003805147058823531
0.0008055147058823533
0.0019941176470588233
0.0002823529411764706
-0.0012172794117647056
-0.00014154411764705875
-0.0008125000000000001
0.0010878676470588234
-0.0015117647058823529
-0.0017558823529411763
0.0005863970588235292
4.1911764705882356e-05
0.00037536764705882334
-0.0009062499999999998
4.044117647058809e-05
-0.0005176470588235296
-0.001547426470588235
0.0016613970588235294
0.0007580882352941179
0.0015014705882352938
0.003235294117647059
-0.0008330882352941176
1.2132352941176563e-05
0.0009198529411764705
-0.00033492647058823514
0.001042279411764706
0.002261764705882353
0.0012863970588235295
-0.00045698529411764704
-1.8382352941176232e-05
-0.0009944852941176467
0.0018558823529411766
0.0014933823529411762
0.0004724264705882351
-0.0005900735294117645
-0.0014812500000000004
0.0006522058823529412
-0.0011040441176470583
0.0001933823529411766
-0.0009202205882352942
0.0005801470588235295
-0.0003871323529411767
0.0006191176470588236
0.0004948529411764704
-0.0005216911764705884
-0.0017352941176470588
-0.00014926470588235251
0.0014187499999999999
-0.0004011029411764703
0.0007444852941176469
-0.0005525735294117645
-0.0024250000000000005
-6.544117647058848e-05
-0.0011580882352941173
0.0006036764705882352
-0.001275367647058824
0.002895955882352941
0.00020772058823529424
-0.0004915441176470586
0.0014687499999999998
-0.0017499999999999998
-0.0020158088235294118
0.0003705882352941175
0.000790073529411765
0.0018680147058823537
-0.0009816176470588234
-0.0019128676470588236
-0.00025147058823529414
-3.750000000000013e-05
-0.00020294117647058797
0.0014775735294117647
-8.161764705882362e-05
0.0013985294117647058
0.0005628676470588236
0.0006286764705882355
0.0003139705882352938
-0.0012941176470588238
0.0019003676470588237
-0.002064705882352941
0.001194485294117647
-0.0003676470588235294
0.00031102941176470577
0.0021919117647058828
-0.0009176470588235293
-2.2426470588235377e-05
-0.0005860294117647065
-0.0009569852941176469
-0.0010191176470588238
-0.0011761029411764706
-0.00014926470588235292
0.0017444852941176474
0.0017963235294117647
-3.897058823529401e-05
0.0006422794117647057
0.0012386029411764706
0.00013860294117647035
-0.000665441176470588
-0.0019783088235294116
-0.0006775735294117649
-0.0009279411764705881
-0.002189705882352941
-0.0007205882352941177
0.0005411764705882352
0.0008724264705882357
-0.00159485294117647
0.0012477941176470583
-0.0019250000000000003
-0.0015588235294117646
-0.00026727941176470614
3.5661764705882306e-05
0.0008816176470588235
-0.0003691176470588234
0.0013305147058823524
-0.00033088235294117667
-0.0011356617647058822
0.0005805147058823528
-0.0001330882352941177
0.0005073529411764706
-0.0018205882352941172
-0.0008985294117647059
1.580882352941176e-05
-0.0018264705882352938
-0.0008801470588235294
-0.0007305147058823525
-0.0017790441176470584
-0.0009889705882352943
0.0006551470588235293
-0.0010220588235294115
-0.0004841911764705886
-0.0005466911764705884
-0.0007496323529411761
-0.0024613970588235295
-0.0012147058823529413
-0.0008812499999999999
0.00024889705882352937
0.0018878676470588237
-0.0004084558823529411
-0.0007422794117647058
0.0014577205882352945
0.0009198529411764707
-3.8235294117646723e-05
-0.0021426470588235295
-0.0011588235294117649
-0.0008665441176470588
0.0005113970588235292
-0.000426470588235294
-7.279411764705872e-05
-0.00013051470588235285
0.0015834558823529413
-0.001305514705882353
6.6176470588237186e-06
0.0030400735294117648
-0.0011470588235294116
0.0011698529411764704
0.0014970588235294119
-0.00035330882352941186
-0.0007242647058823526
-0.00022022058823529373
0.002759558823529412
-0.0005761029411764711
0.0010106617647058823
-0.0007415441176470583
0.0012125
-0.0011367647058823527
-0.0030676470588235295
0.0001367647058823529
-0.0013886029411764708
-0.00010919117647058805
0.0006540441176470589
0.00014963235294117652
0.0011161764705882357
-0.00047463235294117656
-0.00044926470588235295
-0.0017496323529411762
-0.0013238970588235297
0.000222058823529412
0.00022683823529411735
-0.0006952205882352943
-0.00010845588235294127
-7.27941176470584e-05
0.0009724264705882356
0.0007198529411764707
-0.0014261029411764704
-0.0005224264705882354
0.001959926470588235
0.0012036764705882351
0.0011345588235294117
0.00016176470588235257
0.0018897058823529411
-0.0007029411764705881
0.0016033088235294117
0.0014834558823529408
0.0008150735294117648
-0.000725
-0.0032452205882352947
-0.0022823529411764706
-0.0006566176470588234
0.0013121323529411762
-0.0011301470588235291
0.0016624999999999997
0.0009625000000000004
-3.529411764705861e-05
0.0002558823529411767
-0.0006981617647058826
0.0018150735294117652
0.00022610294117647017
0.00014080882352941206
0.0007073529411764706
0.0011143382352941174
0.0010077205882352942
0.0002213235294117648
-0.001733088235294118
-0.0004492647058823529
-0.00011580882352941145
-0.0007448529411764706
-0.0012562500000000002
-0.0005250000000000003
-0.0014698529411764703
-0.0010327205882352942
0.0011404411764705884
-0.0009647058823529413
0.00020477941176470587
-9.963235294117634e-05
0.0010488970588235292
0.0007044117647058823
-0.0010569852941176474
-0.0003893382352941178
-0.000678308823529412
-0.00018566176470588238
-0.00012610294117647018
-0.0006158088235294118
-0.0033150735294117644
0.001417279411764706
0.0004970588235294115
-0.000322794117647059
0.0007224264705882349
0.0008444852941176473
0.0028183823529411766
-0.0005599264705882357
0.0013944852941176467
0.0010702205882352942
-0.0009238970588235293
0.0019154411764705883
0.0007275735294117648
-0.0006566176470588236
-0.0015507352941176468
-0.0013066176470588233
0.0014165441176470592
-0.00027683823529411775
0.0013113970588235293
0.001357352941176471
-0.0008279411764705881
0.0006279411764705882
0.0005772058823529413
-5.514705882352936e-05
-0.00016433823529411762
0.0018511029411764708
1.3970588235294008e-05
-0.000886029411764706
0.00018419117647058822
0.0007941176470588234
-0.0016136029411764705
-0.00031066176470588233
0.000656617647058824
-0.0007970588235294119
-0.0012621323529411763
0.0013985294117647058
-7.610294117647077e-05
-0.000347058823529412
0.0019933823529411764
0.000207720588235294
-0.0021363970588235293
-0.000379779411764706
0.0010694852941176467
-0.0019496323529411765
-0.0018500000000000003
1.06617647058822e-05
-0.0006625
-0.0018268382352941174
9.742647058823538e-05
0.0001400735294117649
-0.0021720588235294115
-0.0002727941176470589
0.0004562499999999996
0.0015246323529411762
0.00033088235294117694
0.0018055147058823524
0.0011106617647058824
-0.0007279411764705883
-0.00016397058823529423
-0.00012279411764705919
-0.0013551470588235295
-0.00023492647058823523
0.0014113970588235294
-0.0007393382352941177
8.823529411764709e-05
0.0024481617647058823
0.001170220588235294
7.757352941176494e-05
-0.0004437499999999998
-0.0001459558823529411
-0.0008823529411764705
-0.00055
-0.0007220588235294116
-0.00023970588235294152
-0.0008966911764705876
-0.0011058823529411768
0.0008709558823529412
-0.0006628676470588235
0.0014213235294117648
0.0010363970588235293
0.0008386029411764709
0.0005669117647058822
0.0012249999999999997
-0.0022882352941176465
-0.0011694852941176472
0.0012121323529411764
0.0012029411764705883
0.0018014705882352941
0.00034705882352941184
-0.002286029411764706
0.0004077205882352941
0.000479044117647059
0.0019613970588235295
0.0006669117647058823
-0.002947794117647059
-0.00020220588235294134
0.002128676470588235
-0.0012323529411764705
0.0014106617647058823
-0.001875
-0.0001613970588235293
0.000898529411764706
0.0008125000000000001
-0.0003180147058823532
0.00025477941176470627
-0.0021525735294117645
0.0006591911764705881
-0.0013753676470588231
-0.00015294117647058844
-0.0006944852941176477
0.001867647058823529
5.808823529411747e-05
0.001179044117647059
-0.00221764705882353
0.0001569852941176473
-0.00010772058823529407
-0.0002110294117647056
0.0008540441176470595
-0.002280882352941176
-0.0005080882352941173
0.00017279411764705856
-0.00046433823529411775
0.0002602941176470588
-0.00012647058823529397
-8.23529411764707e-05
0.0007727941176470588
-0.001777941176470588
0.001768382352941177
-0.000502941176470588
-0.00019485294117647055
-0.0003375000000000002
-0.002104044117647059
-0.0001790441176470589
0.00032830882352941174
-0.0006066176470588235
-0.0014227941176470586
-0.0021389705882352943
-0.0003371323529411764
-0.0013191176470588237
-0.00023382352941176473
0.0007977941176470589
0.0016650735294117653
0.0010514705882352941
0.0035496323529411763
0.0001797794117647056
-7.573529411764714e-05
-7.095588235294112e-05
0.0002654411764705882
0.0006209558823529412
0.0005102941176470585
0.001291176470588235
0.002269485294117647
0.0007963235294117642
0.000947058823529412
-0.0002360294117647064
-0.0018334558823529408
0.0010125
0.001298529411764706
-0.00016985294117647024
-0.0004529411764705886
-0.002743014705882353
0.0024161764705882354
0.0018562499999999996
-0.002494485294117647
-0.0006753676470588238
-0.0004691176470588234
0.0015382352941176471
0.0006297794117647054
-0.0003349264705882354
-0.000928308823529412
-0.001211764705882353
0.0007922794117647058
-0.0014930147058823534
-0.0011871323529411765
-0.00016911764705882377
0.0013724264705882356
-0.0011492647058823533
-0.0005499999999999998
0.0007441176470588233
0.0002999999999999997
0.0014683823529411768
0.0007871323529411764
0.0004143382352941179
-0.0011345588235294117
-0.0011584558823529414
-0.0006628676470588235
-0.001429779411764706
0.0020268382352941175
-0.0005224264705882355
0.0008613970588235295
0.00024338235294117682
-0.0007077205882352944
0.0003801470588235293
0.0014569852941176467
-0.0004959558823529408
0.0011919117647058823
-0.0026720588235294115
-0.0018124999999999999
0.0010272058823529411
0.0010477941176470589
-0.0014102941176470586
-0.002208455882352942
-0.000712132352941177
-0.0003691176470588236
0.001463970588235294
0.0014194852941176474
-0.00019963235294117652
-0.0005606617647058824
0.0007297794117647062
-0.000696323529411765
0.00224375
-0.0014860294117647064
0.0006577205882352939
-0.0018786764705882358
-0.0021386029411764704
-0.0006988970588235296
-0.0008040441176470589
-0.0003448529411764709
-0.0014650735294117645
0.00035514705882352916
0.000495588235294118
-0.0010606617647058825
-0.002214705882352941
-0.0013665441176470585
0.0007955882352941175
0.00022316176470588248
-0.0017625000000000002
0.0014125000000000003
-0.001855147058823529
-9.080882352941177e-05
0.0031827205882352942
0.0007488970588235299
0.00014044117647058827
0.0003882352941176471
0.00202610294117647
-3.529411764705841e-05
0.0010227941176470588
0.0006926470588235296
-0.0021669117647058825
0.000326470588235294
0.000901470588235294
0.0004121323529411765
0.0005319852941176472
-0.001154411764705882
0.000302941176470588
-0.001148529411764706
0.0011202205882352941
-0.0021724264705882354
0.0021941176470588234
0.0014536764705882354
-0.00022058823529411744
-0.001090808823529412
-0.0011220588235294111
0.0015029411764705882
-0.0013062500000000001
-0.00024117647058823546
-0.0004014705882352942
0.0015639705882352938
-0.0003665441176470587
-0.0012305147058823528
-4.338235294117644e-05
0.0009525735294117643
-0.0010746323529411766
0.0005838235294117643
-0.002504779411764706
-0.00010845588235294148
-0.00016838235294117627
0.0014183823529411762
-0.0015886029411764707
-0.001189338235294118
0.002601470588235294
-0.0004647058823529408
-0.0003514705882352941
-0.002014338235294118
-0.0017551470588235297
0.00033529411764705896
0.00016249999999999986
0.000645220588235294
0.0008323529411764707
0.0013238970588235295
-0.0006257352941176471
0.001098897058823529
-0.0009830882352941178
0.0005224264705882348
0.00010661764705882368
0.0009022058823529413
0.0012176470588235295
-0.001835294117647059
0.0011941176470588232
0.00013455882352941145
-0.00023970588235294125
-0.0017158088235294119
-0.0011011029411764706
0.0018849264705882354
0.0007595588235294123
-0.0004893382352941174
-0.0016830882352941179
0.001065441176470588
-0.0018801470588235298
-0.0009386029411764709
-7.720588235294083e-06
0.00046691176470588236
0.0016702205882352943
0.002375735294117647
0.0008272058823529415
0.0009863970588235293
0.0011941176470588234
-0.0016308823529411767
0.0008209558823529415
0.001561029411764706
0.0010433823529411768
0.00013455882352941185
-0.0018525735294117648
-0.0005106617647058825
-0.00035441176470588217
0.0017930147058823531
0.001627573529411765
-0.0031470588235294112
0.0002746323529411764
-0.0013705882352941178
0.0017610294117647056
4.963235294117636e-05
0.001335661764705882
-0.0012176470588235293
-8.529411764705887e-05
0.0005257352941176473
-0.0020169117647058825
-6.507352941176499e-05
-0.0012499999999999998
0.00043786764705882356
-0.002724264705882353
0.0005341911764705884
-0.002302205882352941
-0.0007834558823529415
-0.0001761029411764707
0.001306617647058824
-0.0008095588235294112
0.0010249999999999999
0.0002727941176470586
0.0016007352941176474
-0.0010569852941176468
-0.0003356617647058823
-0.0005172794117647058
0.0003055147058823528
-0.002844117647058824
-0.0008356617647058826
0.000731985294117647
8.60294117647061e-05
-0.0011636029411764707
-0.0002253676470588237
-0.0005102941176470584
0.0008470588235294116
0.0013698529411764705
-0.00124375
-0.0009584558823529405
-0.0005397058823529413
-0.001281985294117647
0.0011125000000000002
-0.0005113970588235295
0.0019415441176470593
-0.00018713235294117667
-0.00030625000000000015
0.0002580882352941176
-0.0009246323529411763
-0.0023636029411764703
-0.0011636029411764707
0.002529411764705882
0.0018738970588235296
-0.0010650735294117648
0.0011224264705882354
0.0006518382352941175
-0.0005827205882352938
-0.000375
0.00041470588235294155
0.002483455882352941
0.00021029411764705863
-0.0004738970588235297
0.002176838235294118
0.0014705882352941176
0.0018977941176470583
-0.0004055147058823528
0.000248529411764706
0.0019448529411764707
0.0014011029411764703
0.0009275735294117648
-0.0004797794117647061
-0.0010187499999999997
-0.0011808823529411766
-0.0018613970588235293
0.000376470588235294
-0.0022323529411764705
0.0007216911764705884
-0.0003249999999999997
-0.0006191176470588238
0.00019632352941176493
0.0011794117647058824
-0.00016213235294117618
-0.00022720588235294135
0.003060294117647059
-0.00044926470588235273
0.00043308823529411767
-0.00215625
-0.00045698529411764704
0.001990441176470588
0.001385294117647059
-0.00022352941176470554
-0.0017448529411764708
-0.0006400735294117648
-0.000661029411764706
0.0014779411764705886
0.0011867647058823529
0.0015977941176470592
-0.0004588235294117649
0.001002941176470588
0.0009224264705882353
-0.0010735294117647056
-0.0009338235294117647
0.002175
-0.0021297794117647057
0.0020856617647058823
0.0005654411764705881
-0.0009488970588235294
-0.0004904411764705882
0.002428308823529412
0.00023161764705882375
0.0017422794117647057
0.0013033088235294117
-0.0011713235294117648
-0.0004044117647058823
-0.0008547794117647058
0.0005676470588235295
-6.249999999999974e-05
0.00036102941176470595
-0.0006569852941176471
0.0005305147058823529
0.00033014705882352925
0.0016176470588235294
0.0007452205882352941
0.0006044117647058825
-0.00033161764705882355
-0.0006378676470588239
-0.0027676470588235296
0.0016529411764705884
0.0009117647058823527
0.0010091911764705884
0.0026102941176470587
-0.0018080882352941178
0.0008750000000000001
-0.0015650735294117646
-0.0001713235294117648
-0.0022025735294117646
-0.0022386029411764707
0.0006051470588235293
0.0009272058823529413
0.000619852941176471
0.0005952205882352943
-0.0005235294117647062
0.0002588235294117649
0.0011911764705882352
-0.002626838235294118
0.0009400735294117649
-0.0013099264705882351
-0.0012147058823529413
0.000896323529411765
5.147058823529416e-05
0.0008503676470588234
0.00111875
-0.0005338235294117645
-0.0008761029411764708
-0.0010224264705882352
-0.0033272058823529413
0.00047794117647058864
0.0012338235294117646
0.0019058823529411763
0.000641544117647059
-0.0021128676470588237
0.0015283088235294117
-5.772058823529419e-05
0.0007897058823529411
0.0008672794117647057
-6.544117647058817e-05
0.00036286764705882336
0.00030624999999999983
-4.595588235294081e-05
-0.0005191176470588236
0.0019742647058823524
-0.0012886029411764708
0.00042573529411764707
-0.000841544117647059
0.0003055147058823531
0.0010893382352941178
0.00033529411764705885
8.27205882352942e-05
-0.0002062500000000001
0.0024948529411764706
-0.0004816176470588238
0.0019154411764705879
0.00016066176470588242
0.000559926470588235
-0.0014294117647058822
-0.0007003676470588239
0.0015374999999999998
0.0007084558823529409
-0.0006180147058823528
0.001465441176470588
0.0007165441176470587
-0.003738602941176471
1.1029411764707728e-06
0.0006128676470588232
-0.0008610294117647058
-0.0015448529411764703
0.002496323529411765
0.0004617647058823528
-0.0007533088235294116
-0.0024900735294117646
-0.00011911764705882368
0.00016727941176470612
0.001144485294117647
-0.00027720588235294124
0.0003911764705882355
-0.00012683823529411752
-0.0005003676470588236
0.0004147058823529412
-0.00040367647058823527
-0.001338235294117647
0.0008838235294117646
-0.00021617647058823548
0.002830514705882353
0.0010882352941176472
0.0008492647058823529
0.0014051470588235294
-0.0017588235294117645
-0.00023897058823529443
-0.0003363970588235293
-0.0018124999999999999
0.0006261029411764703
-0.0004363970588235291
-0.0017341911764705887
0.0010525735294117649
-0.0012937500000000002
-0.0007569852941176469
-7.794117647058832e-05
0.0015794117647058824
-0.0004613970588235292
-0.00023492647058823515
-0.0013261029411764708
0.0005709558823529413
-0.0009323529411764703
-0.000440808823529412
0.0015992647058823528
0.003154044117647059
0.0016466911764705886
-0.0006257352941176471
-3.6764705882354505e-06
-0.0007062500000000002
5.477941176470597e-05
0.0023536764705882353
-0.0003669117647058823
0.002597426470588236
0.00012757352941176475
0.0010867647058823533
-0.001494117647058823
0.0008897058823529411
-0.0014283088235294116
-0.001938602941176471
-0.0006922794117647063
0.0008606617647058827
0.0005919117647058824
-0.0010974264705882354
-0.000565808823529412
0.0003922794117647055
-0.0005492647058823528
0.00298639705882353
-0.0013500000000000003
-0.0013132352941176474
0.0020547794117647057
-0.0004518382352941175
0.0009897058823529416
-0.00045698529411764726
-0.001889705882352941
0.0002621323529411766
0.001246323529411765
-0.0020426470588235297
-0.00041617647058823557
-0.0004253676470588233
-0.002719485294117647
8.088235294117624e-06
-0.00047463235294117667
0.001438970588235294
-0.0009988970588235295
0.0013823529411764706
-0.0008856617647058823
0.00046139705882352933
-7.132352941176456e-05
-0.0004514705882352942
-0.00010110294117647078
-0.000608088235294118
-0.0004897058823529413
0.000977941176470588
0.0025371323529411764
0.0008775735294117646
0.00021249999999999993
0.0006625000000000004
-0.0013904411764705882
0.0016716911764705885
-0.00037279411764705873
0.0005852941176470584
-0.00033566176470588223
-0.0006827205882352939
0.0009687499999999999
0.0016143382352941174
-0.001304779411764706
0.0012511029411764708
-0.0004143382352941176
0.001120588235294118
0.003156985294117647
0.00015661764705882352
0.0008099264705882354
0.0001290441176470587
0.0013080882352941182
0.0011933823529411765
-0.001075
3.2720588235294186e-05
-0.00012794117647058802
0.0014338235294117652
0.0006433823529411766
-0.0009856617647058825
0.00037867647058823515
-0.0015496323529411767
5.9191176470588505e-05
-0.001136397058823529
-0.00036360294117647067
-0.0013136029411764706
0.0008566176470588236
-0.0001249999999999998
-0.0027783088235294115
-0.001920220588235294
-0.0005227941176470585
0.0002444852941176473
0.0003713235294117648
0.0013176470588235295
0.0007305147058823529
-0.00019227941176470594
-0.0013352941176470587
-0.00010698529411764726
-0.0025819852941176467
0.0008647058823529413
-0.0009577205882352941
-3.750000000000026e-05
0.0006830882352941176
-0.0010036764705882353
0.001647794117647059
0.000516544117647059
-0.0005025735294117647
0.0008716911764705884
-0.0012882352941176471
-0.0015867647058823528
-0.0007474264705882352
0.0003220588235294119
0.0015911764705882354
0.0015058823529411768
-0.00039227941176470576
0.0008213235294117651
-0.0026610294117647058
-0.0005117647058823531
0.0015551470588235296
0.001554411764705882
-0.0005687499999999998
0.0017169117647058824
0.0013345588235294113
0.0006191176470588235
0.00016617647058823535
-0.0018926470588235295
0.0010897058823529412
-3.6764705882328485e-07
0.0010808823529411763
-0.0009363970588235295
-0.0007930147058823533
0.001963235294117647
0.0003816176470588235
0.0002988970588235298
0.0017845588235294119
0.0018775735294117653
-0.00015992647058823536
0.0010709558823529413
0.0010610294117647059
-0.00022022058823529395
-0.001091544117647059
-0.0017981617647058825
0.0005742647058823529
-0.001401470588235294
0.00011139705882352903
-0.003107720588235294
0.0010297794117647059
0.00028602941176470614
-0.0008106617647058821
0.00029632352941176473
0.0009661764705882354
-5.624999999999982e-05
0.0004551470588235295
0.0014812500000000001
0.0013694852941176468
-0.0007051470588235295
0.0008323529411764707
0.001446691176470588
-0.001027941176470588
-0.00048014705882352927
-0.0013117647058823526
0.0007893382352941172
-0.0005863970588235294
0.0007205882352941178
-0.0005062499999999998
-0.000901470588235294
-0.001021691176470588
0.001359926470588235
0.0005569852941176472
0.0011492647058823529
6.323529411764739e-05
-0.0007750000000000002
0.0015485294117647062
-0.0002286764705882351
0.0003599264705882351
-0.00048125000000000007
-0.00033970588235294124
0.0015897058823529412
-0.0004187499999999998
0.0004125
0.0004389705882352942
0.0007922794117647057
-0.0008529411764705882
0.000859191176470588
-0.000770955882352941
0.00037463235294117646
0.001190441176470588
-0.00023492647058823463
0.0006775735294117649
-0.0018757352941176466
7.205882352941158e-05
-0.0002536764705882353
-0.00031727941176470605
-0.0010709558823529409
-0.0013257352941176467
0.001811764705882353
-0.0019238970588235293
-0.00033897058823529415
-0.001931617647058824
-0.000441176470588235
0.0020470588235294122
0.0007389705882352938
-0.0003011029411764705
-0.0009176470588235293
0.0018139705882352936
0.0002830882352941177
-0.0032400735294117644
0.00031948529411764695
-0.0015621323529411764
0.0014610294117647059
0.0009886029411764704
0.002788970588235294
-0.0001294117647058824
-0.0012643382352941176
0.0020981617647058822
-0.0011323529411764704
0.002526470588235294
-0.0018404411764705883
-0.0005
0.00034669117647058786
-0.00018897058823529432
0.0014437500000000002
-9.889705882352914e-05
-1.911764705882357e-05
-6.80147058823533e-05
-0.0016529411764705884
-0.0014680147058823533
-0.001973897058823529
-0.00023051470588235286
0.0006525735294117646
0.00046213235294117637
0.00010294117647058816
-0.0020474264705882357
-0.0005735294117647053
0.0007569852941176472
-0.0010389705882352942
-0.0006507352941176473
-0.001147058823529412
-0.00040257352941176506
-0.002294117647058824
-0.0008731617647058825
-0.0011077205882352938
0.001127941176470588
0.00032683823529411755
0.0016426470588235295
-0.001428308823529412
-0.0025496323529411763
-0.001883823529411765
-0.0009845588235294117
0.0007845588235294119
0.00043933823529411736
0.0007966911764705881
-0.000772794117647059
0.0010393382352941172
0.00035955882352941177
0.000754044117647059
0.0010738970588235295
3.8970588235294216e-05
-0.0006117647058823529
0.0002988970588235292
-0.0029988970588235293
0.002003676470588235
0.0031466911764705886
-0.0029636029411764697
0.00047426470588235274
0.0012080882352941175
0.0005878676470588234
-0.0015128676470588236
0.0010136029411764707
-0.0024613970588235295
-0.0003555147058823533
0.0006205882352941173
-0.0018488970588235296
0.0002871323529411765
-0.0006628676470588235
-8.051470588235326e-05
-0.0004963235294117643
0.00028051470588235305
0.0020558823529411765
0.0006830882352941178
-0.0006283088235294119
0.0006110294117647057
0.00021433823529411783
-0.0006764705882352939
-0.0017058823529411764
-0.0019194852941176472
0.0003419117647058822
-0.0006577205882352939
0.00068125
0.00025919117647058845
-0.000669485294117647
0.001652941176470588
-0.00013345588235294127
0.0014808823529411767
0.001057720588235294
0.00020551470588235307
-0.00022794117647058864
0.0006724264705882353
0.0031139705882352936
-0.0005525735294117649
-0.0012397058823529416
0.0021871323529411763
0.0014062500000000002
-0.001779779411764706
0.0013830882352941177
-0.0004930147058823532
-0.0007996323529411766
-0.0014518382352941177
0.001645955882352941
-0.00042794117647058797
-0.0008654411764705881
0.0005922794117647059
-0.0006658088235294115
-0.0006628676470588233
-0.000828676470588235
-0.0016794117647058824
0.002225367647058824
-0.00014889705882352935
0.0007470588235294122
-0.0008411764705882353
8.088235294117726e-06
7.757352941176474e-05
0.0016128676470588237
0.001777941176470588
-0.00014374999999999978
0.0016992647058823532
0.000854779411764706
0.0001544117647058825
0.0009856617647058825
0.0006444852941176472
0.00019044117647058832
-0.002107720588235294
0.0008558823529411764
7.536764705882298e-05
0.0002863970588235296
0.00028382352941176497
0.0011897058823529412
-0.0017856617647058826
1.3235294117647335e-05
-0.00045404411764705883
0.0006761029411764703
0.00037941176470588246
-0.001904779411764706
-0.002217647058823529
3.823529411764693e-05
-1.4338235294117497e-05
-0.000857720588235294
-0.0003658088235294118
-0.002025
0.0012319852941176468
-0.00013382352941176492
0.0003930147058823528
-0.00038272058823529416
-0.001642279411764706
-0.0018261029411764705
-0.0030650735294117646
0.00023529411764705902
-0.0004573529411764704
0.0006386029411764706
3.8602941176470724e-05
-0.0016970588235294113
-0.00024411764705882337
-0.0010011029411764701
-0.0008863970588235295
-0.0008654411764705887
0.0019617647058823534
7.941176470588221e-05
0.0005926470588235292
-0.0002536764705882354
-0.0004128676470588235
0.0019268382352941177
-0.0006272058823529406
-0.0016022058823529411
-0.0017117647058823525
0.0006227941176470588
-0.001430514705882353
-0.000823529411764706
0.0007452205882352943
9.742647058823518e-05
7.389705882352934e-05
-0.0003187499999999999
-0.001082352941176471
3.602941176470589e-05
0.0023341911764705884
-0.00026580882352941185
-0.00012095588235294112
-0.0015312499999999998
0.0012011029411764706
-0.00025220588235294134
-8.676470588235297e-05
0.0011018382352941175
0.0018110294117647061
0.0008132352941176467
-0.000494485294117647
0.0008117647058823528
0.0003959558823529411
0.0006738970588235296
0.0009088235294117651
0.0006580882352941178
-3.713235294117661e-05
0.0005349264705882352
0.0001533088235294116
0.0020463235294117645
-0.0014694852941176469
0.0013062500000000001
0.001023529411764706
-0.0017470588235294117
0.0007036764705882353
-0.0013132352941176472
-0.0005389705882352941
0.0027595588235294114
0.00042242647058823553
-0.0008676470588235294
0.0007827205882352942
0.0020264705882352936
0.000510294117647059
0.00042904411764705893
0.00019889705882352975
-0.0017963235294117645
0.002355514705882353
-0.0005632352941176472
-0.0025198529411764705
-0.0008176470588235287
0.002089338235294118
-0.001436764705882353
-0.001267647058823529
0.001308823529411765
-0.0001110294117647056
0.002022794117647059
0.001392279411764706
0.000698529411764706
0.0006871323529411766
0.0005238970588235294
-0.0009599264705882355
0.00012977941176470545
-0.0009716911764705881
0.00017941176470588228
-0.0012911764705882355
-0.0006591911764705878
-0.0016477941176470585
-0.00031139705882352937
0.0011647058823529414
-0.0006525735294117647
-0.00024522058823529407
-0.0010841911764705881
0.0002463235294117647
0.0017257352941176468
0.002462132352941177
0.0009176470588235293
-0.00016176470588235287
-0.0015753676470588239
0.0006121323529411764
-0.0019959558823529414
0.0009691176470588235
0.000579779411764706
0.000361764705882353
-0.0008227941176470586
-0.0005613970588235294
-0.0006499999999999999
1.8382352941179548e-06
0.0005709558823529416
-0.0008327205882352941
0.001340808823529412
0.001963970588235294
0.0009121323529411768
-0.000818014705882353
0.00022536764705882392
0.00043750000000000017
-0.0001790441176470589
0.001654044117647059
-0.00016102941176470586
0.0014047794117647058
0.0013849264705882353
-0.002253676470588235
-0.0014709558823529408
0.000844485294117647
-7.647058823529437e-05
-0.0020941176470588236
-0.001767647058823529
-0.0024952205882352945
-0.0005290441176470588
0.0002944852941176469
-0.00013786764705882364
-0.0004647058823529408
-0.00023419117647058795
0.0002867647058823532
-0.001675735294117647
-0.002302205882352941
0.0003062500000000002
-0.0001411764705882355
-0.001540073529411764
0.0009360294117647061
-0.0006533088235294115
-0.0006161764705882354
0.0005040441176470588
-0.0015738970588235297
0.00039558823529411746
0.0012459558823529411
0.0008205882352941175
-0.0008448529411764706
-0.0002257352941176471
0.0004761029411764706
0.0009783088235294118
0.0005198529411764704
0.0005687499999999999
-0.0016893382352941174
0.00013750000000000025
0.0006191176470588235
0.00038419117647058774
0.001561029411764706
-0.0007077205882352941
0.00129375
-0.0005573529411764706
0.001924632352941176
-0.0002823529411764703
0.00223125
0.0008757352941176468
0.0028591911764705887
0.0006698529411764705
-0.0002294117647058824
0.0009507352941176469
0.000347794117647059
-6.875000000000003e-05
-0.00022647058823529407
-0.0007863970588235294
-0.0009147058823529415
-0.0006426470588235297
-0.0012959558823529408
0.0005639705882352944
0.00021764705882352953
0.0003044117647058824
0.0021786764705882355
0.0012709558823529412
-0.0006444852941176473
0.0011555147058823529
0.00108125
0.00027904411764705913
0.000622794117647059
-0.0005466911764705882
0.0016404411764705882
0.0018301470588235294
-4.2279411764706275e-05
0.0031474264705882355
-0.001195955882352941
-0.00111875
-0.0021779411764705882
0.00013713235294117606
0.0017058823529411762
0.00048198529411764743
-0.002016544117647059
-0.0003588235294117647
-0.00020220588235294104
-3.308823529411816e-05
-0.001129044117647059
0.002814705882352941
0.0009665441176470585
-0.00015588235294117635
0.0005981617647058824
-0.001011029411764706
-0.0004819852941176472
-0.00012757352941176442
0.003339338235294118
0.00018455882352941158
0.0012875000000000002
-0.0008077205882352943
-0.0012779411764705882
0.00043823529411764716
-0.0009272058823529411
-0.0009856617647058825
0.0004007352941176468
0.00019007352941176475
-0.0025441176470588234
0.000749264705882353
0.00021323529411764684
-0.00017647058823529397
0.0007599264705882354
-0.0006654411764705884
0.00042352941176470585
-0.0014003676470588234
0.0009893382352941177
-0.001146323529411765
-0.0011154411764705881
-0.0021875
0.0015400735294117645
-0.0007198529411764703
0.00025073529411764753
-0.001129411764705882
0.0010632352941176474
0.0017246323529411765
0.00043897058823529436
-0.000857720588235294
0.00045330882352941174
0.001772794117647059
0.002251470588235294
-0.0029845588235294118
0.0002779411764705882
0.00047794117647058794
0.00042205882352941177
-0.000727205882352941
0.0005441176470588234
-0.0009338235294117645
0.0008874999999999998
1.691176470588238e-05
-0.0009375
-0.0018654411764705886
0.0021125
-0.003044852941176471
0.00028749999999999967
0.001403676470588235
0.0011522058823529417
-0.00045441176470588227
-0.000885294117647059
-0.0002705882352941176
-0.00032205882352941134
0.0019356617647058826
0.000527573529411765
0.0007525735294117648
-0.0010389705882352942
0.0005669117647058824
0.0004437500000000005
0.0005426470588235294
-0.0006617647058823529
0.0007488970588235293
0.0003147058823529411
0.00032977941176470587
0.00027205882352941213
-0.00016544117647058817
0.0018305147058823529
0.00010036764705882339
-0.0004297794117647059
0.0004669117647058819
0.0007312499999999997
-0.0009647058823529414
-0.0008558823529411765
-0.0009183823529411765
0.0006727941176470585
0.0008577205882352939
0.0009047794117647062
0.0009566176470588233
0.0013102941176470588
-0.0015602941176470586
0.000554779411764706
-0.0019235294117647063
0.0012533088235294114
-4.558823529411798e-05
-0.0008948529411764707
-0.0004915441176470589
0.0002459558823529414
-5.6617647058823314e-05
-0.0034264705882352934
0.0005044117647058821
-0.0036165441176470594
-0.0011573529411764707
0.00021066176470588242
-0.000981985294117647
-0.0006187500000000003
-0.0016716911764705885
0.0012514705882352942
-0.0014246323529411768
0.0020165441176470587
-5.8455882352940965e-05
0.0007000000000000002
0.0006676470588235297
0.0012816176470588237
0.0007
0.00021397058823529417
0.0006305147058823531
-0.0003768382352941175
-0.000436764705882353
0.00023786764705882365
0.0007154411764705882
0.0017908088235294116
1.4705882352939557e-06
0.0012305147058823528
-0.0007294117647058823
0.0005816176470588239
0.0010797794117647056
3.566176470588243e-05
-0.0005691176470588236
-0.00201764705882353
0.00019044117647058808
0.0012264705882352937
-0.0003231617647058827
-0.001654779411764706
-0.00016029411764705904
-0.0013183823529411764
-0.001043014705882353
-0.0003841911764705884
-0.0011952205882352943
0.0004908088235294118
-0.0012904411764705888
-0.0010628676470588235
-0.0009268382352941177
0.0015455882352941172
-0.002106985294117647
0.0018073529411764707
-0.001137867647058823
-2.095588235294091e-05
0.0008147058823529415
-0.0009147058823529413
-0.0026937499999999995
0.0014330882352941174
-0.0018205882352941175
-0.0013875000000000003
0.0032345588235294116
0.0005856617647058822
0.0012970588235294118
-0.00047720588235294084
0.0020161764705882348
0.00219889705882353
-0.0002845588235294116
-0.0017319852941176466
0.0006463235294117645
-0.0019786764705882354
-0.0005691176470588241
-0.0005316176470588234
5.1838235294117856e-05
0.0013235294117647058
-0.0014437500000000002
0.0006169117647058829
-0.0012661764705882352
-0.0005507352941176472
0.0008746323529411765
0.0009448529411764706
0.0006080882352941172
-0.0011095588235294118
-0.00015919117647058786
0.00028492647058823544
0.00019816176470588217
0.002147058823529411
-0.000413235294117647
-0.0006474264705882353
-0.00030992647058823513
0.001295955882352941
-0.0008834558823529415
0.0002496323529411765
0.0002448529411764706
0.00031286764705882377
0.00020441176470588178
-0.0019455882352941176
0.0006573529411764709
-0.0008099264705882355
0.0006176470588235296
-0.0016268382352941175
0.000574632352941176
-0.0002680147058823528
-0.0010981617647058827
-0.001510294117647059
0.0023856617647058827
-0.0013698529411764707
-0.0020205882352941178
-0.0014830882352941178
0.0017180147058823527
-0.0022533088235294116
-0.0005680147058823527
-0.001448529411764706
0.0011742647058823534
0.0003121323529411764
-0.0009360294117647057
-0.0038731617647058828
0.001373529411764706
0.002676838235294118
-0.0010136029411764707
-0.0016463235294117645
0.0021584558823529412
0.0004062500000000001
-4.632352941176471e-05
0.00018051470588235317
-0.000288235294117647
0.0005268382352941178
-0.001962132352941177
0.0006812500000000004
-6.029411764705869e-05
-0.0001272058823529415
-0.001258455882352941
6.323529411764713e-05
-0.0007988970588235296
0.0015102941176470591
0.0001499999999999999
-0.00031323529411764726
0.002594485294117647
-0.001548161764705882
-0.0005580882352941176
0.00012683823529411776
-0.00040330882352941183
-0.0009518382352941173
0.0010897058823529412
0.002913970588235294
-0.001630514705882353
0.000605514705882353
-0.0036647058823529415
0.0007154411764705882
-0.0002540441176470589
-0.0005319852941176469
0.00013676470588235308
0.004222426470588235
0.0011338235294117648
-0.0005272058823529412
0.0010264705882352943
-0.00014852941176470632
-0.0012761029411764706
0.0017533088235294116
0.0006499999999999998
0.000732720588235294
0.0022602941176470583
0.0025709558823529413
0.0011029411764705887
0.0009507352941176472
0.0011856617647058823
0.0002672794117647057
0.0001863970588235296
-0.0005617647058823533
0.002424264705882353
-0.0002665441176470588
-0.0001540441176470586
0.0004551470588235293
-0.0008459558823529412
-0.0022900735294117645
0.0003220588235294116
-0.0005180147058823528
-9.926470588235324e-06
0.0031580882352941174
0.0012422794117647059
-0.00047757352941176455
-0.002231985294117647
-5.808823529411778e-05
-0.001227205882352941
0.001229779411764706
0.0004871323529411765
-0.0005900735294117651
-0.0025231617647058823
-0.0028404411764705885
-0.0002577205882352943
0.0020378676470588237
0.00010477941176470597
-0.0010926470588235296
-0.0005356617647058826
0.001510294117647059
0.001563970588235294
0.001704411764705882
-0.001965441176470588
-0.0012716911764705885
-0.0006261029411764708
-0.001978308823529412
0.0003816176470588235
-0.0007371323529411765
-0.002045955882352941
-0.0003529411764705878
0.0014268382352941177
0.001386764705882353
0.001217279411764706
8.786764705882349e-05
-0.0004797794117647061
-0.000240073529411765
-0.0025911764705882348
-0.0014393382352941176
-0.000126102941176471
-0.0006139705882352943
0.0017400735294117648
-0.00017316176470588273
-0.00010551470588235305
-0.0008194852941176471
-0.0006952205882352942
0.00019264705882352906
-0.0012014705882352936
0.0008411764705882354
-0.00031948529411764717
0.0005753676470588234
0.0011051470588235295
-0.002497794117647059
-0.0005117647058823531
0.0012117647058823527
-0.00019558823529411737
0.0006735294117647057
-0.0019360294117647058
-0.001983455882352941
0.00017352941176470592
0.00019816176470588258
-0.0030125
0.00031029411764705916
0.0018566176470588235
-0.0009720588235294115
-0.0018110294117647061
0.0004551470588235293
-0.001066544117647059
0.0015948529411764706
-0.00017095588235294123
0.0007095588235294115
-0.00024117647058823568
-0.0004933823529411762
-0.0012775735294117644
-0.0002455882352941177
-0.0009316176470588235
-0.004201838235294118
0.00036323529411764707
-0.001475735294117647
0.0005830882352941177
-7.095588235294117e-05
-0.0008374999999999997
-0.002718382352941177
-0.00017683823529411787
3.6764705882352924e-05
0.00040919117647058835
0.001880147058823529
0.0008139705882352943
-0.00018088235294117633
-0.0003863970588235294
-7.904411764705849e-05
0.0001897058823529411
0.00017610294117647042
-0.0011397058823529413
-0.0011801470588235293
-0.001839705882352941
0.0012511029411764703
-0.0008496323529411765
-0.00234375
-0.0011922794117647055
-0.00015955882352941195
-0.0009757352941176469
-0.0006209558823529413
-0.0014319852941176473
-0.001506985294117647
0.0020886029411764703
0.0008511029411764706
0.001409558823529412
0.00234375
-0.001278676470588235
5.6250000000000134e-05
-0.000534926470588235
0.0006544117647058825
0.0006746323529411764
0.0001838235294117648
0.002000735294117647
0.0007720588235294117
0.00199485294117647
0.0017437500000000003
-0.0008911764705882349
-0.0020040441176470587
0.00018235294117647044
-0.0014363970588235294
-0.0002588235294117646
0.00012316176470588246
-0.0010382352941176469
-0.0003290441176470591
0.0013018382352941173
0.00022389705882352925
-0.0019272058823529407
-0.0005827205882352942
0.0017926470588235297
0.0013963235294117647
0.0012856617647058828
-0.0005191176470588234
0.001175
-0.00013823529411764694
0.0006580882352941177
0.0008047794117647056
0.0022286764705882357
0.0012283088235294116
0.00047426470588235296
0.0020775735294117645
-0.0014165441176470592
0.00026580882352941185
0.0013283088235294118
0.0013169117647058826
0.0010577205882352939
-0.00171875
0.0004356617647058822
0.0012650735294117647
0.000774264705882353
0.0008856617647058821
-0.0014393382352941178
-0.0006415441176470587
-0.0001363970588235293
-0.0001687500000000004
-0.0009011029411764708
-0.001600735294117647
-0.0003077205882352941
-0.0031713235294117646
-0.00023823529411764652
0.0012720588235294115
-0.0004948529411764706
-0.0007147058823529414
-0.0006316176470588237
0.0011198529411764705
0.00010220588235294135
-0.0016264705882352943
0.000828308823529412
-0.00016433823529411786
0.0014154411764705883
-0.00175625
-0.002013970588235294
-0.0018816176470588235
-0.0016841911764705882
0.0012683823529411765
1.4705882352943638e-06
0.0016665441176470588
-0.001511029411764706
-0.0006213235294117647
-0.0007301470588235299
0.00045845588235294107
-0.0013889705882352942
0.0016448529411764703
-0.0009463235294117645
0.00111875
-0.0022518382352941175
9.374999999999988e-05
-0.0021099264705882357
-0.0025132352941176473
-0.002184558823529412
0.00041691176470588223
0.0015235294117647061
2.2794117647059018e-05
-0.0013974264705882353
0.0012264705882352941
0.0001577205882352944
0.0011047794117647058
0.0006823529411764707
0.000825
-0.0008382352941176472
0.0023874999999999994
0.003438235294117647
0.002467279411764706
0.0013158088235294119
0.0018371323529411763
0.001195588235294118
-0.0006669117647058825
-0.0018713235294117643
-0.0015485294117647055
0.0014966911764705882
0.0004147058823529411
0.00016691176470588233
1.4338235294117395e-05
2.6102941176470674e-05
-0.000209191176470588
0.0010761029411764707
0.002003308823529412
0.0004919117647058822
-0.0010374999999999998
0.0006088235294117648
0.0007003676470588233
-0.0002830882352941175
0.0027625
0.0006794117647058824
-0.00014852941176470615
0.0011779411764705884
-0.0010724264705882355
-0.0010360294117647063
-0.0006886029411764705
0.0003937499999999999
-0.0005459558823529411
-0.00023161764705882334
-0.00031875
-0.00012022058823529404
-0.0008121323529411766
0.0012077205882352943
0.0033110294117647057
0.00035661764705882356
0.0010187500000000001
-0.0017466911764705884
-0.0012731617647058823
0.001024264705882353
0.0004827205882352943
-0.0005551470588235292
0.0015437499999999995
-0.0021999999999999993
-0.0004974264705882356
0.002721691176470588
0.0012011029411764709
-0.00013124999999999994
-0.0003665441176470589
-0.00023014705882352948
0.0003485294117647061
9.852941176470544e-05
-0.0004875000000000004
-1.1029411764702627e-06
-0.00042720588235294147
0.00035147058823529413
0.0011441176470588237
-0.0007165441176470589
-0.00011139705882352936
-0.0022069852941176468
-0.0018742647058823535
0.00019963235294117682
-9.227941176470595e-05
-0.0015555147058823526
0.0009213235294117651
-0.0008750000000000001
-0.0012720588235294117
0.0007915441176470588
9.705882352941178e-05
-0.0008389705882352943
-0.0011433823529411766
0.0006099264705882348
0.0008742647058823528
-0.0004474264705882356
-0.0002647058823529412
-0.0005213235294117644
6.654411764705915e-05
6.985294117647075e-05
0.0021220588235294118
-0.0002503676470588238
-0.0005628676470588238
0.0010937499999999995
0.00011029411764705872
0.0011121323529411763
0.00034816176470588205
0.0021584558823529412
7.279411764705886e-05
-0.0005922794117647058
-0.00014448529411764712
-0.0004327205882352941
0.0006349264705882357
-0.002212132352941176
-0.00017720588235294144
0.0023003676470588234
0.001172426470588235
-0.0012558823529411763
0.0008794117647058824
0.0012073529411764706
-0.0029698529411764708
0.0018492647058823526
0.0013316176470588236
0.001563970588235294
-0.00018124999999999953
-0.002505514705882353
0.00011323529411764724
-0.0007775735294117648
-0.0006525735294117645
-0.0006338235294117647
-0.0003661764705882353
0.0007823529411764706
-0.0002569852941176471
0.0015823529411764705
-0.0004764705882352943
-0.0007687500000000001
-0.00016102941176470594
-0.0028507352941176474
-0.00016764705882352953
-0.003516176470588235
-0.001326838235294118
-0.0012022058823529412
0.0007386029411764708
-5.73529411764707e-05
-0.001468014705882353
-0.0010658088235294119
0.0015147058823529408
-0.002359558823529412
-0.0001474264705882356
-0.00013786764705882388
0.00244375
-0.0009393382352941175
0.0006305147058823529
-0.0018
-0.0017106617647058822
0.0006499999999999994
0.0007084558823529414
0.0005691176470588234
0.0009724264705882356
-0.0016827205882352942
-0.002287132352941176
-7.904411764705915e-05
0.004027573529411764
-0.0019419117647058823
-0.0015363970588235295
0.002188235294117647
0.0005202205882352939
0.0010374999999999998
-0.0011569852941176475
-0.0011007352941176474
0.0007867647058823528
0.0003349264705882353
-0.003056617647058824
0.0006944852941176471
-1.948529411764716e-05
0.0008911764705882353
0.001732352941176471
0.0019444852941176464
-0.001707720588235294
0.0006926470588235295
0.0012588235294117651
-0.0004867647058823528
0.0016845588235294116
-0.00034595588235294115
-1.9852941176470647e-05
-0.0008724264705882351
-0.0005661764705882354
-0.0008147058823529415
0.000543014705882353
0.0005705882352941177
-0.0004301470588235293
-0.0010055147058823529
-0.001101838235294118
-0.0003022058823529416
-0.0010169117647058825
-0.0009073529411764708
0.0005297794117647057
-0.000244485294117647
0.0009639705882352944
-0.0009338235294117645
-0.00043051470588235306
0.001062867647058824
0.0018084558823529408
0.0006077205882352941
0.0011794117647058824
-0.00023455882352941166
-0.0009761029411764708
0.0008415441176470586
0.0015727941176470587
-0.0002643382352941178
-0.001814705882352941
0.0008415441176470588
-0.0011327205882352938
0.000777941176470588
0.001652941176470588
-0.0023106617647058823
0.002540441176470588
-0.0004867647058823532
0.0003323529411764705
-0.000552941176470588
-0.0005856617647058822
-0.0017698529411764707
-0.000645588235294118
0.002322794117647059
-0.00026066176470588263
-0.0012275735294117642
0.0012316176470588234
-0.00017132352941176497
-0.0010573529411764706
0.0003488970588235297
-9.191176470588223e-05
-0.0023250000000000002
-0.0012095588235294117
0.0008187499999999998
0.001077205882352941
-0.0005698529411764705
0.0003227941176470583
0.0010911764705882352
0.0024941176470588233
0.0011904411764705886
4.04411764705899e-06
0.0018606617647058815
0.00022058823529411717
0.0008514705882352942
-0.0012338235294117646
0.001821323529411765
-0.001379411764705882
-0.00015882352941176456
-0.0014610294117647059
-0.000719852941176471
-0.0008496323529411758
-0.0005121323529411766
-0.0008996323529411762
7.683823529411789e-05
-0.0008650735294117652
0.001329779411764706
0.00032022058823529426
-0.0009507352941176472
0.0006863970588235296
0.0010279411764705882
-0.0013632352941176469
0.00022867647058823548
0.002405882352941177
0.0022533088235294116
-0.0005150735294117651
-4.77941176470607e-06
0.0011511029411764707
-0.00030919117647058814
-0.00043124999999999983
-0.00043382352941176476
0.0019371323529411761
0.00010845588235294118
-0.0009625000000000006
0.002110294117647059
7.389705882352944e-05
-0.0002930147058823531
-0.0008485294117647056
0.0018882352941176472
5.551470588235287e-05
6.691176470588223e-05
-0.0003944852941176471
-0.001805514705882353
0.0007253676470588235
-0.0015768382352941179
-0.0009496323529411763
-0.0006930147058823529
-0.001857352941176471
4.595588235294081e-05
-0.0006996323529411768
0.0010040441176470587
0.0009562500000000002
0.0012216911764705884
0.0007926470588235294
6.139705882352931e-05
0.002328308823529412
9.632352941176491e-05
0.0004830882352941173
0.00013161764705882362
-0.0007330882352941173
0.001032720588235294
-0.0001249999999999999
-0.0005933823529411764
0.002727573529411765
0.000724264705882353
-0.0013904411764705884
-0.0016871323529411765
0.0014352941176470591
-0.00288014705882353
0.0018794117647058818
-0.0015676470588235295
-0.0018823529411764702
0.0007481617647058825
-0.0008470588235294116
-0.0010915441176470586
-0.00017647058823529437
0.00011617647058823535
0.00046360294117647077
-0.00016323529411764668
0.0034533088235294113
-0.0008955882352941172
0.001118382352941176
0.0012158088235294118
-7.279411764705877e-05
9.558823529411784e-06
0.0010437500000000004
-0.0005297794117647056
-0.0008849264705882354
0.0022463235294117646
0.0023569852941176476
-0.00017132352941176502
-0.0015404411764705882
0.0009029411764705883
-0.001087132352941176
-5.367647058823535e-05
0.0002297794117647057
0.00031985294117647007
0.0024974264705882356
-0.00015073529411764713
0.0006459558823529411
-0.0005779411764705879
-0.0017566176470588234
-0.0002216911764705881
-0.00014963235294117674
0.0027819852941176463
-0.0007742647058823532
-0.0008786764705882358
-0.00037647058823529365
-0.0010544117647058823
-0.0017621323529411763
3.78676470588237e-05
0.0005683823529411764
0.001867279411764706
0.00048749999999999976
0.0006430147058823527
-0.00305625
-0.00021433823529411786
0.0009731617647058823
0.00035367647058823513
0.0009911764705882356
0.000319485294117647
-0.0003727941176470588
9.33823529411765e-05
-0.000221691176470588
-0.000847426470588235
0.0017933823529411766
-0.00013749999999999993
-0.0007091911764705883
0.0003974264705882354
0.0009852941176470588
-0.00046286764705882335
0.0005731617647058825
-0.00025036764705882393
0.0006661764705882355
0.0011783088235294123
0.0006562499999999999
0.0005915441176470586
-0.0005319852941176468
-0.001258823529411765
0.0006937500000000004
-0.00014852941176470586
0.0008863970588235295
0.0007996323529411767
0.0010180147058823532
0.001031985294117647
0.002556985294117647
-0.00032095588235294136
-0.0014606617647058822
-0.0006389705882352941
0.0012893382352941179
0.0001639705882352939
0.0014088235294117642
0.0006106617647058825
-0.0009312499999999999
8.23529411764707e-05
0.0005919117647058826
0.0009735294117647056
-0.0020488970588235294
0.0012992647058823528
-0.0016345588235294117
0.0005437500000000003
0.002048161764705882
-0.0003316176470588232
-0.001007352941176471
0.0001823529411764707
0.0015448529411764707
0.0013955882352941176
-0.0024871323529411767
0.0012132352941176465
-0.0021437500000000003
-0.0029602941176470584
0.0011198529411764707
0.002942279411764706
-0.0003772058823529411
0.0005356617647058824
0.0010591911764705878
0.003303676470588235
0.0021937499999999995
-0.0021477941176470585
-0.0015992647058823528
0.0011360294117647057
0.0010154411764705877
0.00043014705882352914
-0.0014852941176470586
-0.0020566176470588234
-0.0003654411764705882
0.0007014705882352939
0.0010231617647058827
-0.003117647058823529
-0.0017977941176470589
0.0009007352941176467
0.0013672794117647056
0.0007819852941176474
-0.00039632352941176494
0.001572426470588235
-0.00034963235294117656
0.0011415441176470587
-0.001118014705882353
-0.0012882352941176473
0.0014330882352941179
0.0002900735294117646
-0.0017018382352941175
0.0005198529411764704
-0.00014411764705882398
0.0006161764705882351
-0.0003507352941176469
0.0015783088235294116
-0.0016272058823529412
-0.0006172794117647062
8.125000000000004e-05
0.001125735294117647
-0.0024492647058823526
0.0008625000000000001
-0.0009856617647058825
0.0004238970588235293
0.0031279411764705885
0.00021507352941176506
-0.0002448529411764706
0.003169117647058823
0.0014525735294117648
-0.0018323529411764707
0.0009779411764705883
-0.00047169117647058814
-4.632352941176455e-05
-0.0003213235294117645
-0.001839705882352941
0.00229375
-0.0017816176470588233
0.0012827205882352942
-0.001629044117647059
0.0005069852941176474
-0.0006286764705882354
0.00020955882352941175
-0.00015514705882352947
0.0017974264705882348
0.00029080882352941186
0.0008518382352941176
0.001357720588235294
-0.0023694852941176475
-0.001419485294117647
-0.0017419117647058825
0.00011691176470588243
0.0010378676470588234
0.0029165441176470584
0.0014573529411764706
0.0016441176470588235
0.0014352941176470587
-0.00018161764705882332
0.0007599264705882352
-0.0015165441176470589
0.0009286764705882355
-0.0009522058823529416
-0.00151875
-0.00026102941176470623
0.00011911764705882357
1.911764705882367e-05
-0.0007389705882352938
-0.00017683823529411816
-0.0022297794117647055
0.002910294117647059
0.001921691176470588
-0.0008150735294117647
0.00013749999999999995
0.00040625000000000014
3.0882352941176536e-05
-0.0017499999999999998
-0.0003569852941176468
0.001315808823529412
0.00042095588235294124
-0.000256985294117647
-0.00154375
-0.0023305147058823535
0.0022011029411764704
-0.0010106617647058825
5.147058823529253e-06
0.0006551470588235291
-0.001071323529411765
-0.0008312500000000002
-0.0005080882352941176
0.0017106617647058824
0.000125
-0.00266875
-0.0002511029411764701
0.0001257352941176471
-0.0002147058823529411
-0.0020639705882352943
0.0003220588235294116
0.0012466911764705884
0.0008779411764705883
0.0006055147058823531
-5e-05
0.0003691176470588234
0.0017448529411764706
-0.00037573529411764753
-0.002228308823529412
0.0011338235294117652
0.0026863970588235295
0.001502205882352941
0.0012639705882352948
-0.0009404411764705881
-0.002969117647058824
0.0013411764705882354
-0.000526470588235294
-0.0007441176470588236
0.00040404411764705876
-0.0003400735294117652
0.0005238970588235295
0.0013830882352941175
-0.0014441176470588236
-0.001422058823529412
0.0004194852941176474
0.002291911764705882
-0.002091544117647059
-0.0020356617647058826
0.002410294117647059
-0.0010264705882352945
-0.0007658088235294116
0.0020573529411764707
0.000777941176470588
2.2058823529410357e-06
-0.0001176470588235293
-0.00026580882352941195
-5.5882352941176235e-05
0.0015330882352941175
0.0016415441176470588
0.0012003676470588238
0.0015250000000000003
0.0008606617647058823
0.0008867647058823531
-0.0004378676470588238
-0.001005147058823529
-0.0013702205882352937
-0.0015312500000000003
0.0009477941176470589
0.0012499999999999998
-0.0013397058823529412
-2.279411764705866e-05
0.0015613970588235298
-0.00047499999999999984
5.5882352941176384e-05
-1.948529411764716e-05
-0.0007499999999999999
0.002058088235294118
0.00028713235294117667
0.00023823529411764696
0.00043823529411764716
-0.0013628676470588237
0.0009301470588235295
-0.0017264705882352942
0.00040073529411764684
-0.00039742647058823487
-0.0012845588235294116
-0.0009702205882352937
-0.0010757352941176469
-0.0001709558823529413
-0.0014268382352941172
-0.0001238970588235297
0.0016602941176470586
0.002084926470588236
-0.002617279411764706
-0.0007492647058823529
0.001175735294117647
0.00010845588235294127
-0.000355514705882353
0.0015040441176470587
-0.0009316176470588238
0.0013919117647058822
0.00029889705882352944
-7.242647058823517e-05
0.0005011029411764705
-0.00013639705882352934
-0.0006238970588235298
0.0007970588235294123
-0.00011580882352941151
0.0003602941176470589
-6.838235294117624e-05
-3.161764705882352e-05
-0.001534191176470588
-0.0013849264705882353
-0.00028051470588235294
-0.00020441176470588219
-0.0007150735294117647
-3.088235294117669e-05
-0.0028378676470588236
0.0015911764705882356
-4.7426470588235375e-05
-0.0010999999999999998
0.00037867647058823504
0.0008011029411764707
0.002439705882352941
-0.00017794117647058796
0.0005143382352941178
0.0005856617647058825
0.0007551470588235289
0.0007110294117647061
0.0035477941176470583
0.0005588235294117642
0.0029213235294117644
0.0015492647058823529
1.8014705882352997e-05
-0.0003827205882352939
0.0005180147058823531
0.0006095588235294118
-0.0011419117647058824
-0.0006139705882352946
-0.0005525735294117649
0.0009856617647058827
0.0007220588235294117
0.0011514705882352942
0.001019485294117647
-0.0024007352941176462
-0.002082720588235294
0.0005452205882352945
-0.0004003676470588239
0.001190808823529412
-0.0011691176470588233
0.0015055147058823533
0.0013485294117647057
0.001517279411764706
0.0016547794117647058
0.0004893382352941178
-1.80147058823531e-05
-0.000942279411764706
0.0002448529411764706
-0.0011746323529411762
-4.7794117647058914e-05
-0.0012397058823529414
-0.000576470588235294
0.0020209558823529408
0.0006742647058823527
0.0009772058823529412
-0.0007055147058823532
-0.001467647058823529
-0.0014378676470588236
-0.0009827205882352945
0.0004220588235294116
-0.00032794117647058814
-0.002162867647058824
0.0026408088235294115
-0.0014209558823529414
0.0005808823529411762
0.0015757352941176469
-0.00014595588235294098
-0.0012154411764705884
0.0005761029411764702
-0.0014602941176470592
-0.0012797794117647059
0.0012503676470588235
0.0018503676470588237
-0.0003294117647058827
0.0004371323529411765
0.0011621323529411767
-0.00017757352941176477
-0.0006558823529411767
-0.001030514705882353
0.0003801470588235293
5.0735294117647386e-05
0.0013691176470588234
-0.0009459558823529413
0.00031029411764705884
0.0017503676470588233
0.00014191176470588218
0.0008588235294117648
0.0007345588235294122
0.001385294117647059
0.00040147058823529437
-0.00211875
0.000325367647058823
-0.0008319852941176466
0.002231617647058824
0.00018382352941176487
-0.001479779411764706
-0.0012860294117647063
-0.001990073529411765
-0.0010937500000000003
0.0012878676470588235
-0.0006227941176470591
0.0004400735294117647
0.000616176470588235
0.0008117647058823529
-0.0008180147058823527
-0.00028419117647058824
0.00035294117647058826
0.001029411764705882
0.0007069852941176474
-0.0015470588235294111
1.7647058823529102e-05
0.00010735294117647065
0.0013926470588235295
0.0001580882352941175
0.0006808823529411766
-0.0020643382352941177
0.0007367647058823526
0.0008360294117647056
-0.00040367647058823543
-0.00047095588235294094
5.6250000000000134e-05
0.0005930147058823528
0.00016360294117647063
0.0016000000000000003
0.001747426470588235
-0.0010360294117647063
0.0015349264705882353
0.0017636029411764703
0.0006246323529411765
0.00013308823529411772
6.397058823529427e-05
-0.0010397058823529409
-0.000520220588235294
-0.0019154411764705883
0.0009878676470588235
-0.0032875
-0.000788970588235294
0.0015981617647058829
0.0009856617647058825
-0.0009753676470588235
-0.001577573529411765
-0.00024852941176470615
0.0005970588235294115
0.001581985294117647
0.0012316176470588236
0.00028308823529411717
-0.0019125000000000008
0.0001448529411764705
0.0005849264705882352
0.0014977941176470588
0.0007441176470588236
-0.0018150735294117644
-0.00047058823529411766
6.985294117647208e-06
-0.00034154411764705876
0.0002966911764705882
-0.0014731617647058821
0.0002397058823529413
0.001238970588235294
0.0026959558823529406
0.0005084558823529413
0.001001470588235294
3.23529411764706e-05
0.002288602941176471
0.0010860294117647062
-0.0013860294117647063
0.0014316176470588232
0.0006261029411764708
-0.0011073529411764708
-0.0004216911764705882
-0.001102573529411765
0.0002040441176470584
-0.0002871323529411765
0.0002264705882352943
-0.0005591911764705881
-0.00034191176470588214
-0.0032073529411764706
0.0006720588235294117
-0.00018860294117647032
0.00016213235294117647
0.0005323529411764706
0.0004363970588235294
0.0010209558823529412
0.0001856617647058824
-0.0013113970588235291
-0.0005970588235294119
-0.0005955882352941176
-0.0007750000000000002
1.5808823529412014e-05
0.00051875
-0.0022499999999999994
0.0015845588235294116
-0.0008143382352941176
0.002623529411764706
0.0014650735294117648
-0.0021341911764705883
4.8161764705882406e-05
0.0017165441176470587
-0.00019448529411764687
0.00045551470588235297
-0.0019875
0.00040882352941176464
-0.0010136029411764707
0.0013477941176470586
-0.00042316176470588246
8.970588235294105e-05
0.00028786764705882316
0.002238970588235294
0.00019963235294117652
-0.00031360294117647016
-0.0007709558823529411
0.0010867647058823526
0.0010860294117647062
-0.0009819852941176472
-0.0016246323529411767
-0.0002511029411764705
0.0010091911764705881
0.00029080882352941175
0.0002727941176470589
-0.0004474264705882354
0.0033448529411764707
-0.001913235294117647
-0.0020536764705882354
0.001772058823529412
-0.00030882352941176487
0.0006040441176470588
-0.000477573529411765
-0.00032169117647058796
0.000598529411764706
-8.970588235294109e-05
0.0011158088235294118
-0.0015029411764705882
0.0012099264705882353
0.0021904411764705886
-0.0016433823529411768
-0.0012330882352941178
0.0004893382352941178
-0.001886764705882353
-0.0007437499999999997
0.0011922794117647057
-0.000975
0.0010577205882352945
0.0008452205882352942
0.0027470588235294115
0.0002830882352941179
-0.0014613970588235295
3.1985294117647005e-05
-0.0033128676470588238
-6.28676470588236e-05
-0.0010261029411764708
-0.0012639705882352944
-0.0010033088235294123
0.0013507352941176474
9.99999999999998e-05
0.0001753676470588237
0.0006540441176470588
-0.0012099264705882358
-0.0006352941176470589
0.0019279411764705882
0.0017871323529411766
9.30147058823528e-05
-0.0025250000000000003
-0.001584558823529412
-0.0011297794117647057
-0.00036985294117647063
3.125000000000013e-05
-0.0029466911764705886
-0.0013345588235294111
0.0009661764705882352
-0.0018253676470588232
-0.00011323529411764721
-0.0011522058823529413
-0.0006750000000000001
-0.0008205882352941174
-0.001027205882352942
-0.0005492647058823526
0.0007290441176470586
0.0003007352941176471
0.001127941176470588
-0.002521691176470588
-0.000838970588235294
0.0016227941176470586
0.00047389705882352947
0.003268014705882353
-0.00030514705882352957
-0.0018966911764705884
-0.0006286764705882353
-0.0004150735294117644
0.0008029411764705882
0.0018580882352941179
0.0013661764705882355
0.0006261029411764707
-0.002491176470588235
-0.00037536764705882323
-1.1764705882353279e-05
-0.0030830882352941174
0.0031889705882352944
-4.6323529411764505e-05
0.0016507352941176469
-0.0009790441176470589
0.0012437499999999998
0.00021544117647058839
-0.0012636029411764705
-0.0006944852941176472
0.0006389705882352941
-0.0015595588235294117
0.0014003676470588234
0.0007573529411764706
0.0009165441176470589
-0.0013308823529411765
-0.0014893382352941177
0.0007044117647058821
0.0015246323529411762
-0.00021102941176470643
0.00025110294117647016
0.0006595588235294118
-0.0017022058823529414
-0.00021213235294117647
-0.0006272058823529413
-0.0023687499999999993
0.000498529411764706
-0.0015036764705882355
0.0004911764705882351
0.0008470588235294118
0.00014044117647058832
0.0009823529411764704
-0.0006297794117647059
-0.0005841911764705882
-0.001866544117647059
0.0006066176470588233
0.0014125
0.0014911764705882356
0.0006062500000000002
0.00029227941176470593
-0.001983455882352941
0.0014867647058823528
0.002427205882352941
-0.0002955882352941174
-0.001988602941176471
-0.00015808823529411733
-0.0009257352941176471
-0.001060661764705882
-0.002740808823529412
0.0016349264705882354
-1.9852941176470647e-05
0.0015661764705882353
-0.0012805147058823532
-0.0006058823529411764
-0.00048161764705882324
-0.0017566176470588234
-4.007352941176473e-05
0.0009900735294117644
-0.0009496323529411763
0.0009036764705882351
-0.0014169117647058822
0.0005058823529411763
-0.0008783088235294117
-0.0003224264705882355
-0.0009900735294117646
-0.00033125000000000006
0.00011286764705882345
-0.0020051470588235295
-0.0004955882352941178
-0.0027386029411764707
0.0017536764705882353
0.0008808823529411765
0.0010007352941176471
0.0014974264705882349
-0.0015713235294117648
0.0005029411764705882
-0.00031654411764705896
0.0009566176470588235
-0.0006852941176470589
0.0009371323529411765
2.8676470588234892e-05
0.0005610294117647056
0.00048529411764705886
-0.00011874999999999999
0.0002661764705882354
0.000861029411764706
0.0016878676470588234
-0.00048272058823529393
0.0017544117647058822
-0.0011007352941176472
0.0004007352941176468
0.0013904411764705884
0.002853676470588235
-0.00016985294117647065
0.0004812500000000002
-0.0005610294117647056
0.0006433823529411761
0.00043198529411764725
0.0014294117647058824
-0.0013823529411764704
-0.0007757352941176474
0.00042352941176470633
0.0016922794117647055
-0.0006264705882352944
-0.0020588235294117644
0.00042683823529411776
0.0025492647058823533
-0.0023180147058823523
0.0013808823529411762
0.0008606617647058824
-0.00011176470588235247
0.0003812500000000001
-0.001081985294117647
0.0005852941176470592
-0.003309558823529412
0.0005312499999999999
-0.0008830882352941175
-0.0004261029411764707
-0.0002676470588235295
-0.0009014705882352943
-0.0007352941176470588
-0.00028750000000000005
0.00105625
-4.2647058823529205e-05
-0.0004827205882352944
8.198529411764691e-05
0.002756249999999999
0.0011654411764705885
-0.0008930147058823531
1.5441176470588397e-05
0.0016169117647058823
0.0005257352941176475
-0.0017555147058823527
0.0005102941176470588
-0.0031404411764705885
9.55882352941163e-06
-0.0005397058823529411
0.0013499999999999994
-0.0003312500000000001
0.0010205882352941177
-0.0009874999999999999
-0.0003944852941176473
-2.5735294117646725e-05
0.0007617647058823526
-0.0013029411764705883
-0.00019301470588235317
-0.0007481617647058828
-0.0006091911764705883
0.0032941176470588232
-0.00048455882352941166
-0.00037279411764705895
0.00030955882352941185
-0.00032352941176470585
0.0004444852941176472
0.0037338235294117643
-0.0012341911764705885
-0.0012371323529411767
-0.001184926470588235
-0.0003382352941176474
0.0016125
-6.617647058823566e-06
-0.0011735294117647052
-0.00029705882352941193
0.0012797794117647057
0.00013051470588235285
0.00048198529411764695
0.001983823529411765
0.0007595588235294116
0.0018492647058823526
-0.0004963235294117648
0.002211029411764706
0.001375
-0.00010367647058823551
-0.0017091911764705882
0.0002966911764705883
0.0013819852941176472
-7.720588235294288e-06
0.00248639705882353
-0.001230882352941176
5.698529411764675e-05
2.647058823529406e-05
0.0011886029411764707
-0.0007018382352941177
-0.0008709558823529412
0.00023345588235294077
0.00020735294117647037
-0.001059926470588235
0.00045147058823529406
-0.0009985294117647058
-0.00036397058823529427
-0.0027305147058823524
0.0006125000000000001
0.0021158088235294116
-0.001372426470588235
-0.002270588235294118
-0.0009441176470588236
-0.0027926470588235295
0.001463235294117647
-0.0011533088235294118
0.000838235294117647
0.002263235294117647
-0.00016691176470588255
-0.000753308823529412
-0.0013683823529411763
0.00048124999999999964
-0.0026713235294117646
-0.0005911764705882348
0.001685661764705882
-0.0014441176470588238
0.0013345588235294122
-3.382352941176486e-05
-0.0006308823529411764
0.001016911764705882
0.0009691176470588233
-0.0009613970588235293
0.00018860294117647083
0.00016727941176470582
8.529411764705882e-05
-0.0010080882352941178
-0.001878676470588235
-0.0002713235294117644
0.0011121323529411766
0.00148125
7.3529411764707985e-06
0.0006970588235294115
-8.93382352941174e-05
-0.00014301470588235312
0.0015066176470588232
0.0005772058823529408
-0.0015540441176470588
-0.0007492647058823528
-0.0004312500000000001
-0.002009191176470588
0.00020845588235294128
0.0017544117647058824
0.00012794117647058826
-0.0009047794117647056
-0.0009908088235294117
-0.000261029411764706
0.0028213235294117646
-0.0022161764705882353
-0.0010301470588235295
-0.00020882352941176452
-0.0012981617647058825
0.0009286764705882355
-0.003168014705882353
-0.0011264705882352945
8.639705882352948e-05
-0.0003191176470588234
3.272058823529414e-05
-0.00016764705882352932
0.00024154411764705833
0.0010772058823529408
-0.00023124999999999993
0.0009334558823529414
-0.0013014705882352941
-0.0008459558823529413
-0.0005389705882352942
-0.0005227941176470594
0.00031764705882352955
0.0005128676470588234
0.00036801470588235295
0.00013088235294117636
-0.0005441176470588235
0.002193014705882353
-0.0013761029411764705
-0.001554779411764706
0.00168125
-0.0020915441176470586
-0.0018996323529411763
0.000977573529411765
0.00019154411764705844
-0.0012875
0.0008533088235294118
-0.001041544117647059
0.0004297794117647058
0.0004698529411764709
4.522058823529398e-05
0.0003040441176470589
-0.0008547794117647054
0.0011768382352941179
-0.0005584558823529413
0.0009875
-0.0003356617647058823
0.0013860294117647059
3.382352941176506e-05
-0.0002617647058823531
-0.0003544117647058824
0.00030882352941176454
0.003091176470588235
-0.0018459558823529412
0.0011419117647058826
0.0008801470588235294
0.0011911764705882354
-0.0015716911764705884
0.0013786764705882352
0.001128308823529412
0.0013514705882352943
0.0015036764705882353
0.001227941176470588
-0.0003400735294117648
0.0008088235294117643
-0.002864338235294118
-0.00010882352941176497
0.0015977941176470592
-0.00025624999999999986
-0.0006988970588235296
-0.0026683823529411767
0.0014242647058823532
-9.74264705882353e-05
-0.0006808823529411762
0.0010915441176470586
-0.0010687500000000003
-0.0019393382352941172
-0.000763235294117647
0.0008323529411764707
0.0009411764705882355
0.0005893382352941174
0.000582720588235294
0.0012338235294117644
-0.0007529411764705884
-0.00034632352941176475
0.0003727941176470589
-0.0002801470588235292
0.0010933823529411764
0.00034264705882352923
4.8897058823529384e-05
0.0002845588235294115
0.0010117647058823526
0.00038529411764705887
-4.558823529411752e-05
-0.0004511029411764707
-0.00036102941176470633
-4.4117647058823566e-05
-0.0001294117647058824
0.001711764705882353
0.00033786764705882356
0.00038455882352941167
-0.0008558823529411766
-0.002432720588235294
-0.0007959558823529408
-0.001278308823529412
-0.0007272058823529411
-0.00018492647058823545
-0.00033308823529411757
-0.0018367647058823528
0.001304411764705882
-0.00022536764705882365
-0.0008466911764705883
0.0014459558823529412
-0.0005555147058823533
-0.0021242647058823533
-0.002554044117647059
-0.0016246323529411767
0.00034044117647058806
0.00011727941176470557
-0.0007959558823529415
-0.0018922794117647056
5.772058823529406e-05
0.0003264705882352939
0.0015334558823529413
6.691176470588233e-05
0.0010536764705882356
0.0010845588235294118
0.0003709558823529414
-0.0003404411764705884
0.0003492647058823532
-0.001722794117647059
-0.0010132352941176468
0.0006485294117647055
-0.0010187500000000001
-4.8161764705882664e-05
-0.0018136029411764704
-0.0007470588235294116
0.0008761029411764705
0.002525
-0.0007224264705882352
0.0020613970588235302
0.0024955882352941175
0.000631985294117647
-0.0008382352941176472
0.002628676470588235
-0.001048529411764706
7.316176470588267e-05
-0.0021944852941176473
0.000766911764705882
0.00036507352941176453
-2.2794117647058866e-05
0.001740808823529412
-4.889705882352954e-05
-0.0009558823529411765
2.500000000000008e-05
0.001062867647058824
-0.0006705882352941181
-0.0017139705882352942
-0.001564705882352941
-1.8382352941176486e-06
0.0017452205882352943
-0.0007294117647058824
2.9411764705882174e-05
-0.003090073529411765
-0.0008727941176470588
8.382352941176466e-05
-0.0002319852941176468
-0.0005452205882352938
-0.0002786764705882354
0.00018823529411764683
-0.0002544117647058825
0.001183455882352941
-8.49264705882352e-05
0.0006511029411764708
0.002128676470588235
0.0003382352941176473
0.0019312499999999996
0.0007235294117647059
0.00042279411764705897
6.24999999999998e-05
-0.0006650735294117645
0.0009161764705882353
-0.0011191176470588238
-0.0009437500000000001
-0.0022691176470588234
-0.002364705882352941
0.0009327205882352943
-0.0005367647058823532
0.001914705882352941
-0.0010533088235294122
0.00021544117647058787
-0.0013621323529411766
5.36764705882353e-05
-0.00013051470588235293
4.044117647058888e-06
-0.0001628676470588237
0.0015091911764705881
0.0011970588235294117
0.0018805147058823532
-0.0007985294117647057
-0.0013808823529411762
-0.0008996323529411765
0.002104044117647059
-6.4705882352941e-05
0.0026680147058823524
0.001596691176470588
3.3088235294120126e-06
-0.0004036764705882352
-0.0013349264705882354
3.23529411764705e-05
0.0010169117647058823
-0.0010779411764705882
0.0019143382352941173
-0.0011091911764705884
-0.0023220588235294114
0.0013400735294117644
-0.000510294117647059
-0.0009095588235294117
-0.0002871323529411765
0.0015066176470588236
0.001009926470588235
-0.0006511029411764708
-0.0019816176470588234
0.001661029411764705
0.001967279411764705
0.0025819852941176467
-0.00043124999999999983
-0.0010867647058823528
-0.0008180147058823532
0.00030330882352941184
0.0011794117647058822
0.0012643382352941176
-0.000703676470588235
-0.0019540441176470586
0.00332389705882353
-0.0020338235294117646
0.0006356617647058823
-0.0004492647058823533
-0.0009547794117647057
0.00022352941176470597
0.001808455882352941
0.0015161764705882352
0.0007834558823529411
-0.0016194852941176468
0.0005768382352941172
-0.0021525735294117645
0.001013235294117647
-0.0013110294117647061
-0.0004205882352941175
-0.0011974264705882352
0.0003948529411764709
0.0019514705882352943
0.0009290441176470585
-3.41911764705884e-05
-0.001003308823529412
0.0014533088235294117
0.001145955882352941
3.419117647058876e-05
-0.0005617647058823528
0.001389338235294118
-0.0002485294117647059
0.0003926470588235294
0.000869485294117647
-0.0015691176470588235
-0.0017669117647058823
0.00171875
0.0014852941176470588
-0.000719117647058824
-0.00047022058823529346
0.0027694852941176473
0.0007584558823529409
0.0010477941176470589
0.0016279411764705883
-0.0009150735294117647
3.786764705882334e-05
-0.0009397058823529414
-0.00045036764705882326
0.0015147058823529408
3.823529411764714e-05
0.0014132352941176468
-0.0001077205882352946
-0.0003643382352941178
-6.507352941176488e-05
0.001546323529411765
0.0016966911764705879
0.0011867647058823524
0.0007647058823529413
0.0003805147058823532
0.0004044117647058817
-0.0007102941176470585
0.0020040441176470587
0.00035955882352941166
-0.00024522058823529423
0.00020514705882352917
0.0018658088235294116
0.00012720588235294085
0.0001264705882352938
-0.0003073529411764703
0.0013308823529411765
0.0010062500000000004
0.0009352941176470591
-0.0008569852941176474
-0.0007492647058823525
0.0021459558823529418
0.0023867647058823534
-0.00014742647058823478
0.0007080882352941175
0.0023316176470588234
-0.0021955882352941176
0.0021738970588235295
0.001022058823529412
-0.0006305147058823529
0.0006463235294117642
-0.00011029411764705933
-0.0005724264705882353
0.00021691176470588284
-0.0006827205882352942
-4.632352941176471e-05
0.0020158088235294118
-0.0019187500000000005
-0.0026522058823529415
-0.0010893382352941178
-0.00029522058823529414
-0.0019018382352941176
-0.0005411764705882355
-2.1323529411764524e-05
-0.00043014705882352946
0.0013875
0.002140441176470588
0.002061397058823529
-0.0006816176470588235
-0.0006047794117647058
0.0009761029411764708
0.0005665441176470586
-0.001039705882352941
-0.0003294117647058822
-0.0009408088235294122
-0.0009375
0.0003011029411764705
-0.0016040441176470585
-0.0001036764705882354
-0.0005944852941176473
-0.000955514705882353
0.0016805147058823527
-0.0021874999999999998
0.000780514705882353
2.536764705882359e-05
0.0004716911764705885
-0.0015522058823529412
0.0004808823529411768
-0.00012022058823529414
0.0001536764705882351
0.001723897058823529
-0.0013286764705882355
-0.00018014705882352957
-0.0005963235294117646
-0.0007926470588235294
0.00031066176470588255
-0.0012246323529411763
-0.0011768382352941179
0.0013974264705882348
0.0013029411764705887
-0.00042610294117647067
-0.002793382352941177
0.000605514705882353
-0.0011224264705882352
0.0009647058823529411
-0.0015801470588235292
0.0011680147058823528
0.000776470588235294
0.0021411764705882353
-0.0010283088235294117
0.0007705882352941176
0.0008393382352941177
0.0004411764705882349
0.0006687499999999999
0.001959558823529412
0.00018786764705882344
-0.0012698529411764702
1.617647058823525e-05
-0.0005643382352941177
0.0014599264705882351
-0.002678308823529412
0.001409558823529412
-0.0018264705882352942
-0.0002437500000000004
-0.00046727941176470574
0.0002360294117647059
-0.0006430147058823526
-0.0020988970588235287
0.0010422794117647058
0.0019253676470588237
-0.00019191176470588253
-0.0011768382352941179
0.001098529411764706
0.0015709558823529413
-0.00020992647058823508
3.9338235294117904e-05
-0.002407720588235294
-0.0018036764705882345
-0.0007389705882352938
0.0002742647058823532
-0.002097426470588235
-0.0031238970588235294
-0.0006463235294117647
0.000308455882352941
-0.0015959558823529414
-0.0006246323529411764
0.0019117647058823535
0.0001286764705882354
-0.0011676470588235293
-0.00251764705882353
-0.00017794117647058802
-0.0012286764705882352
0.0005033088235294119
0.0010242647058823532
0.0003621323529411767
0.001657720588235294
0.003569852941176471
9.705882352941169e-05
0.001083823529411765
-0.0013044117647058823
-0.000997794117647059
0.001994485294117647
-0.002130882352941177
0.00016948529411764748
0.0007136029411764709
-1.80147058823532e-05
-0.00037720588235294134
0.0005970588235294121
-0.0020878676470588234
0.0018977941176470583
0.001077205882352941
0.00019080882352941187
-0.0010330882352941172
-0.0004470588235294116
0.000619485294117647
0.0020209558823529408
-3.676470588235297e-05
-0.000256985294117647
0.001159926470588235
0.00037022058823529385
-0.0015547794117647062
0.0009669117647058819
0.00016397058823529383
0.00039338235294117656
-0.0010577205882352943
0.0003801470588235295
-0.0002404411764705888
0.0007926470588235294
0.0021735294117647057
0.0007029411764705884
-0.0011628676470588236
-0.0013834558823529412
0.0004261029411764704
0.0003389705882352943
-0.0006411764705882353
0.002240441176470588
-0.0011941176470588236
-0.0018661764705882355
-0.0014922794117647059
0.00029779411764705886
-0.0003363970588235294
0.0010003676470588232
-0.0009566176470588235
-0.0008988970588235296
0.0007882352941176471
1.6176470588235042e-05
0.0007470588235294118
-0.0004264705882352941
0.0010761029411764707
0.0009599264705882351
-0.0010735294117647058
-0.0011154411764705881
-0.001748897058823529
-0.00024154411764705866
-0.0020286764705882356
0.002389338235294118
-0.0008558823529411763
-0.0006349264705882351
0.002164705882352941
0.0006124999999999999
-0.0012250000000000004
-0.0016886029411764705
0.000420955882352941
-4.080882352941125e-05
-0.0011382352941176471
-0.00153014705882353
0.0004658088235294118
0.0009779411764705883
0.0005205882352941177
0.000954779411764706
-0.0021952205882352946
0.0001400735294117647
-7.573529411764741e-05
0.003411764705882353
0.00015257352941176484
-0.00035992647058823537
0.00012132352941176451
-0.0002474264705882357
-0.0012665441176470589
-0.0006617647058823531
-0.0007121323529411767
0.0009249999999999994
0.00036176470588235315
-0.0014801470588235294
0.0010316176470588235
-0.0019088235294117647
-0.0004966911764705885
-0.0017117647058823527
-0.0007488970588235296
-0.0017268382352941176
-0.0020437499999999996
0.00017426470588235293
0.00021948529411764742
-0.000577941176470588
-0.0015841911764705883
0.002811397058823529
0.0019411764705882354
-0.0005867647058823529
0.001035661764705882
-0.001545955882352941
-0.0008636029411764707
0.0005382352941176469
-0.00030183823529411743
-0.0011588235294117644
0.0014393382352941178
6.911764705882373e-05
-0.00020698529411764717
6.838235294117648e-05
0.0010374999999999998
0.0009334558823529408
-0.0011477941176470583
-0.0010345588235294119
0.0007665441176470587
0.0020066176470588237
0.0013246323529411768
-9.522058823529415e-05
0.0004838235294117649
0.0019408088235294118
0.0007617647058823527
0.0006753676470588237
-0.0003632352941176472
0.0025444852941176473
0.0006768382352941178
0.0021360294117647063
0.001492279411764706
-0.0003889705882352942
0.0011018382352941175
-0.0003319852941176474
-0.0006069852941176469
0.0010588235294117646
0.0010731617647058822
0.0009459558823529411
-0.0016169117647058823
-0.00045367647058823545
-0.0018091911764705883
1.4338235294117598e-05
0.0004948529411764705
-0.0006161764705882354
0.001424632352941177
0.0005599264705882348
9.522058823529398e-05
0.0001323529411764705
-0.0004279411764705884
-0.0007676470588235294
0.00036176470588235267
-0.0017794117647058822
0.0017908088235294118
0.0008705882352941181
0.0008878676470588232
0.0005897058823529413
0.00046102941176470594
0.0010761029411764703
-0.0004433823529411762
-0.0004238970588235294
-0.0012121323529411762
-0.0015294117647058822
0.0008227941176470593
0.0012444852941176472
0.002000735294117647
-0.0007819852941176468
-0.00033970588235294135
0.0005716911764705881
0.0006705882352941177
-0.0008389705882352942
0.001197426470588235
-0.0011455882352941176
-0.0008985294117647058
0.002166176470588235
-0.0031713235294117646
0.00161985294117647
-0.0006801470588235295
-0.0020812500000000006
0.00033860294117647055
-0.0016209558823529415
-0.0017147058823529418
0.0006378676470588235
0.0010926470588235291
0.0001073529411764706
-0.0009139705882352941
-0.001625
4.264705882352915e-05
-0.0006753676470588238
-0.0013779411764705885
-0.0001591911764705882
0.00046691176470588236
0.0024974264705882356
-0.0011389705882352945
-0.0022294117647058825
-0.00029227941176470577
0.00044522058823529405
-0.00021948529411764685
-0.0011272058823529414
-0.00037536764705882345
0.0025220588235294115
0.0007055147058823529
0.0017746323529411764
-0.0004647058823529414
0.0011970588235294117
-0.0020084558823529413
0.001993749999999999
0.0003404411764705882
0.002243014705882353
-0.0027180147058823534
0.000723897058823529
-0.0001823529411764704
-0.00013897058823529406
0.0017419117647058825
-0.0003452205882352945
-0.0007272058823529413
0.0007753676470588236
-2.1691176470588396e-05
0.0010529411764705883
0.0009709558823529412
0.002030514705882353
-0.0019106617647058816
0.0002272058823529414
-0.0012062500000000003
0.0020573529411764702
-0.0030908088235294118
-0.0003672794117647055
0.0018183823529411766
-0.0006867647058823529
0.0007154411764705881
-0.0011183823529411767
0.0006500000000000003
0.0018154411764705882
-0.00210110294117647
0.0007205882352941175
0.0009996323529411766
0.0026617647058823526
-0.0006408088235294117
0.0009378676470588235
0.0001672794117647061
0.0005650735294117648
0.001513235294117647
-9.926470588235324e-05
-0.001204779411764706
-0.0009812499999999997
-0.00034117647058823494
0.0005308823529411764
-0.00013566176470588211
0.0008952205882352939
0.0024845588235294118
-0.0005205882352941173
-0.0008775735294117648
-0.0017981617647058823
-0.00023860294117647075
-0.0009319852941176473
-0.0008136029411764706
0.0012761029411764708
-0.0008757352941176471
-0.0007731617647058822
-0.0012966911764705881
0.0005731617647058819
-0.0026522058823529406
-0.0011514705882352937
0.00024926470588235345
-0.0015691176470588235
0.00013823529411764718
0.001746691176470588
0.00030625000000000004
0.0008102941176470592
0.0006312500000000001
0.0015790441176470587
-0.0009529411764705886
0.00023014705882352948
-0.0003705882352941174
-0.0008772058823529408
-0.000980514705882353
-0.00017205882352941184
0.00033933823529411737
0.003623529411764706
0.0015691176470588233
0.0007547794117647057
-0.00022426470588235263
2.7941176470588118e-05
-0.00016360294117647041
0.0027878676470588235
-0.00023051470588235327
-0.00031801470588235293
0.0005150735294117649
-0.0019121323529411765
-0.0002716911764705882
0.0010974264705882354
0.0015518382352941174
0.0012169117647058824
-0.0007128676470588234
0.00029264705882352954
0.001848161764705882
0.0003547794117647059
0.0008389705882352938
-0.001354411764705883
-0.0017378676470588231
0.00018823529411764734
2.53676470588239e-05
-0.0029268382352941173
0.0007871323529411766
0.002627573529411765
-0.0002647058823529412
0.00047169117647058814
-0.0006974264705882353
-0.0011709558823529416
-0.002797426470588235
0.00046470588235294124
-0.00036470588235294104
-0.0004999999999999998
-0.0005772058823529413
0.0008077205882352942
-0.00016544117647058806
0.0004485294117647057
0.0017783088235294117
0.0001908088235294118
0.002043382352941176
-0.0006705882352941178
0.001246691176470588
-0.001364705882352941
-0.0007128676470588235
0.0006849264705882356
-0.0005444852941176472
-0.002128676470588235
-3.5294117647058814e-05
0.002277573529411765
0.0013768382352941175
-0.0011224264705882352
0.0030095588235294116
-0.001628308823529412
-0.002148161764705882
0.0004507352941176469
-0.0011816176470588232
0.00032757352941176427
0.001553308823529412
-0.0023224264705882353
0.002145220588235294
0.0008908088235294119
0.0011316176470588233
-0.0007268382352941176
-0.0008886029411764707
0.00138125
-0.0003878676470588234
0.0020176470588235303
-0.0005647058823529417
0.0024080882352941176
0.0010514705882352943
0.0018279411764705882
-0.002082720588235294
0.00015441176470588238
-0.001408455882352941
-0.0004886029411764705
0.0011794117647058826
0.00010330882352941152
0.00015992647058823514
0.0012073529411764704
-0.001067279411764706
-0.0009025735294117645
0.0010205882352941175
0.0017301470588235294
0.00013492647058823532
0.0012632352941176475
-0.0008378676470588232
0.0012632352941176464
0.0004150735294117649
-7.941176470588259e-05
0.00022757352941176474
0.0016683823529411764
-0.000822058823529412
0.0014242647058823527
0.0008080882352941176
-0.0002797794117647058
0.0006650735294117644
0.0008382352941176473
0.002270955882352941
-0.0018977941176470587
-0.0013933823529411764
-0.0016889705882352944
-0.0004805147058823532
-0.0007113970588235293
-0.0001430147058823529
-0.0010610294117647057
0.0012764705882352943
0.0009308823529411768
0.0007242647058823527
-0.0001823529411764703
0.0032786764705882345
-0.002139705882352941
-3.1617647058823466e-05
-0.0008948529411764704
-0.000686764705882353
-0.0002830882352941173
0.0020455882352941176
0.0020356617647058818
0.00014889705882352902
-0.002840808823529412
0.0024374999999999996
0.0005224264705882353
0.0017408088235294113
-0.0006683823529411765
0.00022647058823529402
0.0009091911764705883
0.001957720588235294
-0.0002830882352941177
-0.0012544117647058826
-0.0015419117647058826
0.0004503676470588232
-0.002065441176470588
0.00021948529411764718
0.0012514705882352942
-0.00021874999999999998
0.0014386029411764705
0.0010433823529411765
-0.0005422794117647059
-0.0008948529411764708
-0.0002955882352941174
-0.0006849264705882351
6.80147058823528e-05
0.0007496323529411767
0.0015488970588235298
9.374999999999997e-05
-0.0007724264705882353
0.0017051470588235293
-0.00010220588235294115
-0.0006106617647058824
0.0016930147058823535
-0.001967647058823529
0.00020661764705882373
-5.2573529411764806e-05
-0.0008132352941176468
-0.0005022058823529407
0.00028492647058823577
0.001098529411764706
-0.001303308823529412
0.000992647058823529
0.001267279411764706
-0.0003602941176470583
0.0006128676470588236
-0.000157720588235294
-0.00013382352941176465
0.0012669117647058827
0.002799264705882353
0.00042352941176470547
0.00018051470588235306
-0.003131617647058823
0.0010224264705882356
0.0009055147058823526
-0.0011643382352941175
-0.0009408088235294118
0.00015992647058823555
-0.000632720588235294
-0.0009330882352941173
0.0012150735294117652
3.5661764705882204e-05
0.0009555147058823528
-0.0012036764705882354
0.0015676470588235295
-0.0021180147058823527
-0.0028180147058823528
0.0013801470588235296
0.0011948529411764705
-0.0007801470588235294
-0.00014558823529411713
-0.0004507352941176469
-0.001583455882352941
0.0022345588235294124
0.0004797794117647059
-0.0016680147058823532
-0.0015430147058823529
0.001641176470588235
0.0004654411764705881
0.0005610294117647056
-0.0010154411764705885
-0.0015724264705882355
-9.264705882352962e-05
0.0007823529411764707
-0.0008860294117647059
0.00023235294117647051
0.0024588235294117646
-0.0016624999999999993
-0.001995220588235294
0.0007775735294117648
-0.00037058823529411794
0.0009062499999999999
0.0010393382352941176
-0.0002893382352941177
1.1029411764705587e-05
0.001511764705882353
0.002559558823529412
-0.0031411764705882353
0.0008246323529411763
0.0009238970588235293
0.0003250000000000003
0.0004584558823529411
0.0005220588235294118
-0.0017000000000000003
0.00028014705882352896
-0.00013750000000000017
-8.676470588235308e-05
0.00011691176470588202
-0.0008136029411764709
-0.00043051470588235306
0.00040624999999999993
-0.000527205882352941
-0.0015286764705882351
-0.00016580882352941188
-0.0013871323529411764
0.001494117647058824
-0.0012518382352941174
-5.882352941176507e-05
0.0008503676470588234
0.00018419117647058814
0.00015882352941176426
0.0017316176470588236
0.0026610294117647058
-0.00038602941176470553
0.0003636029411764708
2.536764705882349e-05
0.0025624999999999997
-0.0020749999999999996
-0.0012680147058823528
-0.00015147058823529396
-1.3235294117647234e-05
4.0441176470586334e-06
-0.0014066176470588238
-0.0015389705882352944
0.00020477941176470603
-0.0024647058823529413
0.0015121323529411765
-0.0009084558823529409
0.001884191176470588
-0.0004066176470588234
-0.0013227941176470592
0.0015591911764705887
-0.0005033088235294116
0.0016283088235294117
-0.0004882352941176473
0.0004996323529411767
0.00012316176470588216
0.0006617647058823531
0.0005801470588235296
-0.0010610294117647059
0.0006073529411764704
0.00028970588235294133
-0.0013386029411764705
0.0019202205882352945
-0.0011227941176470586
0.0018735294117647057
0.0006481617647058823
0.0009683823529411768
0.000983455882352941
-0.0005525735294117646
-0.00041911764705882367
0.0019680147058823523
0.0008213235294117645
0.002806617647058823
-0.0007003676470588232
0.0003257352941176471
0.000672794117647059
0.0003558823529411767
0.00011029411764705852
0.0017022058823529407
0.0015930147058823532
-0.0002055147058823528
-0.00033088235294117656
-0.001102941176470588
0.0021022058823529414
-0.002125735294117647
-0.00024595588235294105
-0.0003375000000000003
0.0016790441176470583
-0.002395588235294118
-0.0027341911764705885
-0.0005805147058823529
-0.0003055147058823532
-0.0006838235294117649
-5.183823529411791e-05
0.0005738970588235297
-0.0008334558823529413
0.0005422794117647061
0.0014139705882352939
-0.0003577205882352943
0.0011547794117647055
-0.0012143382352941179
0.0005110294117647059
0.003261764705882353
-0.0004941176470588234
-0.0011610294117647062
0.0014705882352941174
0.0011305147058823532
-0.0027308823529411763
0.0017117647058823534
-0.0007694852941176469
-0.002076470588235294
-0.0040080882352941175
-0.0004930147058823532
-0.0002492647058823532
-0.0007584558823529414
0.0031893382352941174
0.0017959558823529408
0.0007029411764705884
-0.0004327205882352943
-0.0014856617647058823
0.0004933823529411762
-0.002480514705882353
-0.003793382352941177
-0.0007077205882352941
0.0005757352941176469
4.558823529411732e-05
-0.0011316176470588233
0.00032058823529411765
7.352941176465824e-07
0.0016007352941176467
-0.0004084558823529415
0.00012647058823529403
0.00037647058823529365
0.0005106617647058825
0.0005036764705882356
-0.0005727941176470588
0.0015727941176470592
-0.001292279411764706
-0.0028389705882352944
-0.0015580882352941177
-0.002075
-0.0005356617647058826
0.000804044117647059
8.382352941176506e-05
0.0021316176470588233
-0.0016290441176470593
0.001967647058823529
-0.002124632352941176
0.0003044117647058824
-0.00048051470588235287
-0.0012386029411764704
0.0009007352941176473
-0.0013558823529411766
8.125000000000004e-05
-0.0010801470588235296
0.0007624999999999995
-0.001963235294117647
-0.0006893382352941177
-0.0007044117647058821
-0.001285294117647059
0.0017753676470588235
0.00037757352941176505
0.0008290441176470589
0.0007911764705882351
-0.0010408088235294116
-0.00033566176470588294
-0.00015661764705882341
-0.0007066176470588237
-0.00010845588235294096
0.0015257352941176472
0.001795220588235294
-0.00020588235294117656
0.0017334558823529412
0.002790073529411765
0.000245955882352941
-0.00016213235294117647
0.0005981617647058825
-0.000975
0.0022430147058823528
0.0005011029411764706
-0.001489338235294118
0.00010808823529411748
0.0007658088235294119
-0.0013066176470588233
0.001802205882352941
-0.0022606617647058826
-0.002297058823529412
0.0009209558823529411
-0.0007808823529411768
0.0007577205882352942
-0.0007900735294117649
0.001563235294117647
-0.0007610294117647062
0.0004948529411764704
0.0016033088235294119
-0.002495220588235294
0.0008496323529411763
0.0012919117647058826
-0.0006209558823529411
0.0014724264705882352
0.0011819852941176465
-0.0016536764705882352
-0.001302941176470588
-0.000236764705882353
-0.0013305147058823529
0.0009397058823529411
7.720588235294115e-05
0.0012084558823529411
0.0004533088235294117
0.00030698529411764725
-0.0007783088235294113
0.0014841911764705885
-0.00040735294117647084
0.0006540441176470591
-0.0011051470588235293
-0.00037610294117647027
-0.0016106617647058822
0.0005400735294117644
-0.00031654411764705853
-0.00019816176470588236
0.0006518382352941179
0.0025231617647058823
0.0015764705882352942
-0.0008606617647058825
-0.0013128676470588235
-0.0004011029411764708
0.0009955882352941172
-0.0008647058823529412
0.0003720588235294118
0.0006643382352941177
-0.0004084558823529409
0.00018124999999999964
0.0008536764705882355
-0.000502205882352941
-0.0021066176470588235
-0.0012371323529411764
0.00141875
-0.001053676470588235
-0.0023341911764705884
0.001884558823529412
0.00013051470588235295
0.001535294117647059
-0.00015919117647058846
-0.0013176470588235293
-0.00043161764705882354
-3.8970588235294216e-05
-0.0009727941176470587
0.0012253676470588234
0.0011941176470588236
0.0007128676470588231
-0.0012238970588235294
0.0015533088235294122
-0.0005334558823529409
0.0004264705882352941
-0.000763970588235294
0.002098529411764706
-0.0023562499999999994
6.985294117647043e-05
0.0003536764705882352
0.0007944852941176468
0.00045882352941176483
-0.00032426470588235306
0.0007224264705882353
0.0011738970588235293
0.0008422794117647061
0.0014955882352941173
-0.0009227941176470589
-0.0009389705882352946
0.0021992647058823533
0.00046102941176470584
0.00018529411764705892
-0.0005698529411764705
0.0010055147058823533
0.0019198529411764706
0.00043566176470588233
9.117647058823526e-05
0.0021566176470588236
-0.0004790441176470584
-0.0008926470588235295
0.000520955882352941
0.002282352941176471
0.0022117647058823536
-4.044117647058786e-06
0.000257720588235294
-0.0016268382352941178
0.0005327205882352941
0.002020955882352941
-0.0008386029411764703
5.330882352941171e-05
-0.00033088235294117656
0.0019180147058823528
-0.0031654411764705883
-0.00013529411764705873
-0.001326470588235294
0.0010249999999999999
-0.0005875000000000003
0.000104044117647059
-0.0010742647058823527
0.001072794117647059
0.0005220588235294117
0.002084191176470588
-0.0016808823529411761
0.0001724264705882352
-0.0009577205882352944
0.0005062499999999995
-0.002087867647058824
-0.00037426470588235275
-0.001244117647058824
-0.0014948529411764704
-0.002189705882352941
-0.001439705882352941
0.002022058823529412
-0.001036397058823529
0.00011838235294117629
-0.0012477941176470585
0.0005488970588235296
-0.0012801470588235293
0.0011727941176470592
-0.0006220588235294116
0.0022573529411764708
-0.0011327205882352938
0.0007503676470588233
-0.0009551470588235295
-0.0004577205882352946
-4.5588235294118036e-05
0.00023970588235294084
-0.0008113970588235292
-0.0002963235294117649
-0.00017536764705882346
-0.002084191176470588
0.0013713235294117647
3.713235294117641e-05
-0.002014338235294118
-0.0006511029411764705
-0.0022816176470588237
0.001730882352941176
0.0009165441176470583
-0.0012183823529411763
6.249999999999995e-05
-0.001308823529411765
0.001316544117647059
-0.001689705882352941
0.0013955882352941179
-0.00037132352941176465
0.0008238970588235297
-0.0006783088235294116
8.088235294117654e-05
0.0011783088235294114
-0.0014753676470588232
-0.0009757352941176469
-0.0006422794117647058
0.001127941176470588
0.00081875
0.0005636029411764706
0.0006838235294117648
-0.0007977941176470589
0.00016911764705882358
-0.0003433823529411765
0.00010294117647058843
-0.00024080882352941202
-0.0027161764705882357
-3.897058823529429e-05
-0.00029007352941176466
-0.001457720588235294
8.897058823529432e-05
0.0011863970588235294
0.0003566176470588237
-0.0016705882352941173
-0.000911764705882353
-0.00178125
0.0003408088235294118
0.0009860294117647063
0.0005988970588235294
-0.0018246323529411764
-0.0006544117647058826
0.0023680147058823533
0.002057352941176471
-0.0013253676470588237
0.0005022058823529413
0.0001643382352941173
-0.0007764705882352946
0.0008294117647058826
0.0031143382352941174
0.0010514705882352941
-0.00041948529411764716
-0.0009562500000000002
0.0010488970588235294
-0.0005007352941176468
-0.0017772058823529416
0.0009113970588235298
-0.0011172794117647058
-0.0030911764705882348
-0.00010257352941176479
0.00027352941176470643
0.00038382352941176447
0.001066176470588235
0.0005158088235294117
-0.002272426470588235
-0.0008941176470588235
0.0016044117647058822
0.00026360294117647073
-0.002775735294117647
-0.00029779411764705864
-0.0005753676470588232
4.816176470588235e-05
-0.00024779411764705927
0.0012772058823529414
-0.00014779411764705898
-0.0005161764705882347
0.0015569852941176472
-0.000322058823529412
-0.0015566176470588238
-0.0006632352941176471
0.0006227941176470591
-0.0015257352941176476
-0.00027720588235294097
-0.002138235294117647
-0.0012886029411764708
-0.0012823529411764706
0.0011525735294117651
0.0005639705882352943
0.0008051470588235295
0.0005091911764705888
-0.0012731617647058825
0.0007110294117647056
-0.00030551470588235317
-0.0009084558823529411
0.0016573529411764705
-0.0004772058823529408
-0.00034080882352941226
0.0005647058823529413
-0.00020110294117647097
-0.0004419117647058821
-0.000611029411764706
0.0012047794117647059
-0.0007547794117647058
0.0018952205882352944
-0.0009448529411764702
8.419117647058815e-05
0.003658823529411765
0.0006139705882352941
-0.0005959558823529415
-0.0008889705882352941
-0.0017459558823529411
-0.001787132352941176
-5.1102941176470214e-05
0.0014823529411764711
-0.0008830882352941177
0.001365073529411764
-0.0011305147058823534
0.001515441176470588
-0.0009113970588235293
0.0002216911764705881
-0.0018102941176470588
-0.0014025735294117645
0.0003257352941176473
-0.00022794117647058812
0.0005738970588235296
0.002135294117647059
-0.0012845588235294114
-0.00047647058823529397
0.0011143382352941176
0.0005878676470588235
-0.0010393382352941176
0.0024830882352941176
0.0007433823529411763
6.580882352941166e-05
0.0002194852941176466
6.250000000000016e-05
0.0009617647058823527
-3.345588235294116e-05
0.000970588235294118
-0.0029948529411764706
0.0023341911764705884
0.0005441176470588236
-0.00030477941176470597
0.00019227941176470584
-0.0010996323529411764
0.004241176470588235
0.00035036764705882327
-1.948529411764726e-05
0.00047426470588235274
0.0014974264705882355
0.00031727941176470605
0.0006231617647058825
0.0006687500000000001
-0.0004981617647058826
0.0006698529411764707
-0.002084191176470588
-0.00080625
0.0014062499999999997
0.0006529411764705879
0.00045000000000000004
-0.0005977941176470585
0.0006558823529411765
0.0016341911764705883
0.00048235294117647044
0.0018301470588235294
-0.00040551470588235305
-0.0004036764705882352
-0.0010356617647058822
0.0004088235294117648
-0.0004588235294117648
-0.00025183823529411725
-0.0014264705882352942
-0.0010091911764705884
0.00040808823529411766
-0.0002408088235294115
-0.001209926470588235
-0.0017088235294117644
-0.002136764705882353
-0.0005974264705882357
0.0015643382352941177
-0.001484558823529412
-9.19117647058822e-05
9.669117647058851e-05
1.691176470588238e-05
0.00045992647058823503
-0.0010735294117647056
-0.0002904411764705882
-0.00016875000000000014
0.0010805147058823533
0.0010029411764705884
0.0015044117647058824
-0.0014551470588235291
-0.0014952205882352943
-0.0006625000000000001
-0.0014268382352941179
-0.0028882352941176468
-0.00012242647058823558
-0.00010147058823529401
-0.0005944852941176471
0.0013522058823529411
-0.0007176470588235295
0.0025558823529411765
0.0002187500000000002
0.0005224264705882355
0.00018272058823529415
0.0008738970588235295
0.003011029411764706
-0.0004882352941176474
0.00015183823529411815
0.0024352941176470585
-0.0014591911764705887
-0.0009121323529411766
0.0004875000000000002
-0.0019683823529411766
-4.338235294117618e-05
-0.0006437500000000001
0.00019264705882352892
-0.0009669117647058824
-0.0028003676470588243
-0.0009147058823529415
-0.0013540441176470592
-0.00030698529411764735
0.0005330882352941178
-0.0015654411764705878
0.0011132352941176466
0.002348529411764706
-0.0018025735294117644
0.0011573529411764705
-0.00039705882352941176
-0.0018742647058823526
0.0013867647058823532
-0.002502573529411765
-0.0019051470588235294
-0.0017724264705882354
-0.00024632352941176503
0.0004786764705882356
-0.0004705882352941179
-0.00013933823529411758
-0.00016580882352941196
-0.0007205882352941177
0.0005650735294117649
-0.0007992647058823527
-0.0006213235294117647
-0.0003474264705882356
0.001021691176470588
-0.0007253676470588234
-0.001294852941176471
-0.0010238970588235293
0.0012452205882352938
0.00016360294117647058
-0.000981985294117647
0.0007448529411764706
-0.0016187499999999997
0.00044411764705882357
0.00014963235294117674
-0.000752941176470588
-0.001417279411764706
-0.0027683823529411765
0.0022183823529411764
-0.001047794117647059
0.0006466911764705883
0.0005025735294117646
-0.00015661764705882382
0.0018540441176470588
0.00015919117647058835
-0.0015367647058823527
-0.0008676470588235292
-0.001325735294117647
0.00047500000000000016
-8.676470588235288e-05
0.001043014705882353
0.0014514705882352947
0.0005375000000000002
-0.0015816176470588234
0.0020514705882352944
8.602941176470621e-05
0.00023676470588235274
0.0010011029411764708
0.0004731617647058821
-9.742647058823487e-05
-0.0011595588235294118
-0.0015308823529411768
0.0010562500000000003
-0.0005687500000000002
0.00032683823529411755
-0.0007970588235294118
-0.00025955882352941167
-0.00021691176470588214
0.0007977941176470588
0.00039485294117647086
-5.992647058823573e-05
-0.0017430147058823532
-0.0003022058823529414
-0.0011562499999999997
-0.0014408088235294122
-0.001929779411764706
0.0009110294117647055
-0.00022058823529411744
-0.00042463235294117643
0.0004323529411764703
0.0003481617647058818
-0.0014356617647058821
-0.001577573529411765
0.0005533088235294123
-0.0005823529411764705
0.0008849264705882356
-6.654411764705843e-05
0.0006602941176470586
-0.0011775735294117643
-0.00037904411764705853
-0.00032426470588235284
-0.00045882352941176456
8.455882352941229e-05
0.0016283088235294117
-0.0002724264705882351
-0.0009312499999999999
-0.0016069852941176467
0.0003772058823529412
-0.00026985294117647075
-0.0001569852941176468
-0.0025154411764705888
-0.0012330882352941173
-0.001839705882352941
-0.0002040441176470589
0.0006330882352941175
4.448529411764706e-05
-0.001982720588235294
-0.00019485294117647058
0.00018713235294117648
-0.0005334558823529411
-0.0015492647058823529
0.0012018382352941175
-0.0010547794117647061
0.0009316176470588235
-0.001480514705882353
-0.0006992647058823527
0.00032720588235294115
0.0015716911764705882
-0.0005786764705882352
-0.0007555147058823531
-0.0003738970588235294
0.00171139705882353
0.0011827205882352938
0.0006040441176470586
-0.0002224264705882352
0.0004764705882352939
-0.0013058823529411762
0.0006632352941176468
0.0017408088235294117
0.0007444852941176471
0.00014632352941176455
-0.0004897058823529411
0.000685661764705882
-0.0026161764705882355
-0.001408823529411765
-0.0017823529411764704
-0.0009198529411764705
0.00022720588235294087
-7.095588235294112e-05
0.0006132352941176467
-0.0017011029411764707
0.0012625000000000002
0.0018136029411764708
-0.0016816176470588232
-0.0009749999999999995
-0.0008750000000000001
-4.7058823529411964e-05
0.002143014705882353
0.0009875000000000003
0.000997794117647059
0.0027525735294117643
0.00020625
-0.0008636029411764706
0.0009216911764705879
-0.0008573529411764707
0.0006944852941176465
-0.0008128676470588235
-0.0015849264705882354
0.0007669117647058822
-0.0007845588235294117
0.00016213235294117647
0.001518014705882353
-0.002681617647058823
0.0001529411764705885
0.0020709558823529413
4.8897058823529946e-05
0.0007408088235294114
-0.002222794117647059
0.0008154411764705888
-0.0007488970588235294
7.683823529411755e-05
0.0016036764705882355
0.0010316176470588235
0.000596691176470588
-0.0004705882352941179
-0.0012327205882352943
-0.000880514705882353
-0.00020294117647058792
-0.0006110294117647061
-0.0004143382352941173
-0.0001044117647058827
-1.102941176470722e-06
0.00014522058823529416
0.0006154411764705882
-0.0017930147058823531
-0.000518014705882353
-0.0013389705882352943
0.0016724264705882351
0.002305514705882353
9.88970588235296e-05
-0.0020477941176470595
0.0022941176470588237
-0.00020551470588235296
-0.0014095588235294118
-0.00045073529411764735
0.0013194852941176471
0.000886029411764706
0.0011801470588235293
-0.0020224264705882354
0.0009886029411764708
0.001078676470588236
-0.00015110294117647057
-0.0005496323529411767
-7.132352941176484e-05
-0.0013172794117647056
-0.001667647058823529
0.0015838235294117647
0.000855514705882353
-0.0030176470588235294
-0.0015617647058823534
0.0002099264705882353
0.0006562500000000004
0.00035
-0.0018316176470588236
-0.00151875
-0.00034889705882352925
0.0008617647058823529
0.000903308823529412
0.00036139705882352966
0.0005926470588235293
0.0009485294117647059
-0.001526470588235294
0.0009279411764705881
0.0014466911764705885
-0.0012602941176470595
-0.00012977941176470597
0.001366544117647059
0.00019264705882352963
0.0009764705882352941
0.001156985294117647
0.0017268382352941176
-0.001872794117647059
-0.0006415441176470586
0.0008863970588235293
0.0022488970588235295
-3.3088235294117576e-05
-0.0014599264705882353
-0.0017095588235294117
0.0005165441176470586
0.0008088235294117644
-8.63970588235293e-05
-0.000245220588235294
-0.0009647058823529416
0.0012584558823529408
3.345588235294122e-05
-0.001016911764705882
0.0005356617647058824
0.00205625
0.0005367647058823527
0.00035183823529411724
-0.00013161764705882394
0.0011246323529411763
-0.0026000000000000003
-0.0015393382352941174
0.0020066176470588237
0.0007926470588235294
-0.0003540441176470584
-0.0014746323529411765
0.00011948529411764681
-0.000525
7.794117647058781e-05
0.000736764705882353
0.0001830882352941177
-0.001130514705882353
-0.0011988970588235294
0.002203308823529412
0.001502941176470588
0.0001544117647058823
0.00018492647058823513
-0.0010474264705882354
0.0029613970588235295
0.0003764705882352943
-5.147058823529442e-05
-0.0001393382352941179
0.0001356617647058824
0.00020588235294117624
0.0007915441176470587
0.0008496323529411767
-0.0008448529411764708
-0.000772794117647059
0.0010507352941176468
-0.001224632352941176
0.000686764705882353
-0.0012437499999999998
-0.0018231617647058824
0.001792647058823529
-0.0014363970588235294
0.0011062500000000002
-0.0001897058823529408
0.0006830882352941176
-0.0016625000000000001
-0.0013599264705882353
-0.0010488970588235294
0.0009555147058823524
0.001321323529411765
-2.8308823529412118e-05
-0.00027683823529411775
0.001090441176470588
-0.0013389705882352943
0.004073897058823529
-0.00035588235294117625
0.0009044117647058825
-0.002024632352941177
0.0013018382352941176
-0.0002110294117647058
0.0012875000000000002
0.0014985294117647058
-0.0013761029411764705
-0.000525735294117647
0.0012180147058823525
-0.0008878676470588234
-0.00020955882352941183
-0.0017919117647058824
0.0005944852941176471
0.001433088235294118
-0.0006919117647058823
-0.00014705882352941148
-0.00036213235294117616
0.00041617647058823535
0.0005849264705882351
-0.0018533088235294117
0.0019253676470588233
0.0001411764705882353
-0.0005290441176470591
-0.0008088235294117648
4.8161764705882765e-05
-0.001010661764705882
0.0004661764705882356
-0.0006349264705882355
-0.0012941176470588232
0.0016889705882352937
0.002151102941176471
0.0009525735294117647
-0.0014363970588235297
-0.00243125
-8.382352941176477e-05
-0.0019411764705882354
-0.0009849264705882352
-0.0027746323529411763
0.0016261029411764709
0.0011319852941176465
-0.0017676470588235296
0.00045588235294117646
-0.0008312499999999998
0.0013669117647058823
-0.000576838235294118
0.00014411764705882344
0.0009757352941176469
-0.002076470588235294
-8.23529411764709e-05
-7.647058823529376e-05
0.00025147058823529376
-0.0003794117647058824
0.0011294117647058825
-0.001677205882352941
-0.000398529411764706
-0.00023051470588235257
-0.0003779411764705883
-0.0021047794117647054
0.0021069852941176474
-0.0011268382352941175
-0.0006205882352941181
-0.0006889705882352938
0.00032536764705882364
-0.0010588235294117648
0.0007441176470588233
7.610294117647088e-05
0.0012246323529411767
0.0002628676470588232
-0.00016874999999999987
-0.0002566176470588234
0.0005514705882352942
-0.0022650735294117647
0.002167647058823529
-0.0007647058823529411
-0.00044558823529411754
0.000654779411764706
0.00023860294117647053
0.0011863970588235297
-0.0020757352941176473
0.00139375
0.0016779411764705884
-0.0030669117647058827
-0.0002753676470588234
0.002490808823529412
-0.0014213235294117648
0.0035150735294117645
-0.002122794117647059
0.0010433823529411763
0.00017683823529411757
-0.0025926470588235294
-0.00018198529411764708
0.0018819852941176472
-0.0020948529411764704
-0.0014220588235294121
-0.0013981617647058824
0.0010783088235294118
0.00010661764705882403
0.0007540441176470587
-0.00037941176470588213
0.0009474264705882353
0.0016257352941176472
0.00040992647058823534
-0.0011305147058823532
-1.4705882352940985e-05
0.0007511029411764705
0.002209926470588235
0.00031654411764705864
0.00044227941176470584
-0.001548529411764706
-0.0024345588235294116
0.0009158088235294121
1.1764705882353074e-05
0.00099264705882353
-0.0014301470588235293
-0.0012669117647058825
-0.0015522058823529412
0.0011290441176470588
0.0012761029411764706
-9.301470588235286e-05
-0.0015242647058823528
-0.0004639705882352944
0.0005066176470588238
-0.0003584558823529411
0.0003676470588235294
0.0001040441176470588
-0.0020441176470588234
-0.00024191176470588245
0.0008323529411764704
0.0011371323529411768
-0.0009669117647058826
-0.0014272058823529411
-0.0008672794117647054
0.0017919117647058824
0.0012025735294117648
0.00030845588235294143
-0.00017977941176470588
-0.0005110294117647061
-0.0017036764705882352
-0.002238235294117647
-0.0009408088235294118
-0.003215808823529412
0.000375
0.0008191176470588236
-0.00020367647058823515
0.0017180147058823527
-0.0017422794117647057
4.044117647058827e-05
0.0008481617647058821
0.0007790441176470592
-0.0005988970588235295
-0.0008147058823529409
0.0005003676470588236
5.0000000000000104e-05
0.00263125
-0.0033503676470588236
-0.0005518382352941177
8.823529411764754e-06
0.0012544117647058821
0.0007158088235294118
0.0009419117647058821
0.00031654411764705853
-0.000374264705882353
-7.132352941176502e-05
0.0003481617647058825
-0.0015900735294117644
-0.0010536764705882356
0.0015658088235294115
-8.051470588235296e-05
-0.0016128676470588234
0.00048088235294117636
-0.0003422794117647055
-0.0008301470588235296
0.0014830882352941173
0.001783455882352941
-0.0020716911764705878
0.0022382352941176476
0.0020981617647058822
-0.0007257352941176472
-9.264705882352951e-05
-0.0004933823529411766
-0.00233014705882353
0.0019606617647058826
8.529411764705852e-05
-0.0018977941176470583
-0.0017595588235294122
0.0003933823529411766
0.003122794117647059
-0.0010974264705882354
-0.001338970588235294
0.000627941176470588
-7.647058823529417e-05
-0.0028511029411764704
-0.0016794117647058824
0.0004805147058823532
0.0004827205882352942
0.0022143382352941172
-0.0021658088235294117
0.00047830882352941164
-0.00029301470588235303
0.001006985294117647
0.00016764705882352953
0.001238970588235294
-4.4852941176470645e-05
-0.0004220588235294117
-0.00013749999999999982
0.0014713235294117652
-0.00032499999999999993
0.002347794117647059
0.0030330882352941173
0.00034080882352941177
0.0006536764705882352
-0.0017533088235294116
0.0007238970588235293
0.00026397058823529384
0.00012720588235294125
-0.00018602941176470595
-0.0015382352941176475
-0.0007933823529411761
0.00022867647058823505
-0.0017540441176470587
-0.00011323529411764663
-0.00033823529411764733
-0.0024349264705882355
-0.0018330882352941178
0.00030036764705882374
0.0005238970588235297
-2.720588235294109e-05
-0.0017408088235294117
0.0017922794117647056
0.00030220588235294103
-0.0009676470588235291
-7.316176470588236e-05
-0.0011205882352941176
-0.0024264705882352943
0.0012393382352941175
0.0002584558823529411
-0.0007665441176470586
0.0006959558823529411
0.0004091911764705883
-0.00010588235294117631
-0.0006452205882352941
0.0004753676470588238
-0.0019323529411764703
0.0002073529411764705
-0.001219485294117647
0.0004588235294117644
0.001025
0.0007955882352941179
0.00035735294117647043
-0.0010044117647058821
-0.00043529411764705906
-0.00011176470588235328
0.0005610294117647059
0.0001952205882352943
0.0007628676470588237
-0.0012455882352941177
0.000754044117647059
0.0019830882352941176
-0.002279779411764706
-0.001990073529411765
1.911764705882367e-05
-0.0016536764705882357
-0.00012794117647058818
0.0017132352941176476
-0.0001319852941176471
0.0026830882352941177
0.0017970588235294118
-0.00024448529411764746
-0.0010224264705882354
0.00017794117647058812
0.0007511029411764707
0.0005753676470588236
-0.0001040441176470588
0.0007875000000000001
0.0016415441176470592
0.0007003676470588233
0.0005205882352941178
0.0003375000000000001
0.0016503676470588236
-0.000499264705882353
-0.0005808823529411763
-0.002042647058823529
0.00040992647058823534
0.000509558823529412
0.0009665441176470585
-0.00014448529411764728
-1.7279411764706223e-05
-6.9852941176469015e-06
0.0027308823529411767
0.0003533088235294116
0.0018558823529411766
6.8014705882353e-05
-0.00017683823529411797
-0.000710294117647059
0.0009220588235294119
0.0007066176470588234
-0.0016441176470588237
0.003965808823529412
0.0013330882352941178
-0.0009308823529411763
0.00037352941176470615
0.0007117647058823533
0.0012764705882352938
0.00022095588235294128
0.0022455882352941177
0.0007161764705882351
-0.00013639705882352959
-0.0009511029411764705
-0.002477941176470588
-0.0011863970588235297
0.0013051470588235294
0.0007238970588235296
0.001338235294117647
-0.0009334558823529413
-0.0005503676470588231
0.0022981617647058828
-0.0008459558823529415
0.0016687499999999999
0.0007341911764705878
-0.0007209558823529412
0.0014569852941176472
9.852941176470564e-05
-0.0023433823529411765
0.001283455882352941
0.00010110294117647043
-8.713235294117636e-05
-0.0016334558823529412
0.00029852941176470595
-0.002619117647058824
0.0012312500000000001
-0.0007963235294117651
0.0016110294117647054
-0.00029669117647058844
-0.0001606617647058826
-0.0008466911764705886
0.0007948529411764704
-0.0005011029411764709
-0.00013308823529411789
0.0006834558823529412
-0.002552941176470588
0.0020481617647058825
-0.00013749999999999976
-0.0012713235294117648
0.0008533088235294117
-0.0013238970588235295
0.00010808823529411778
0.00017426470588235272
-0.0014165441176470588
-0.00034007352941176473
-0.0002544117647058821
-0.0002996323529411763
-0.0012731617647058825
-0.0011433823529411764
-0.0011625
-1.1029411764705178e-06
0.00044227941176470595
0.0008466911764705881
0.0013812499999999997
0.00043529411764705906
-0.001778676470588235
0.0003808823529411765
0.00018529411764705924
-0.0010772058823529408
0.000777941176470588
-0.002975735294117647
-0.001082720588235294
0.001181985294117647
-0.0020404411764705886
0.0008547794117647061
0.0016889705882352942
-0.0002713235294117648
-0.0007367647058823529
0.0019363970588235297
0.0016345588235294121
-0.0014584558823529414
-0.00021544117647058817
0.0005161764705882358
-4.632352941176409e-05
-0.00034595588235294164
-0.00020624999999999962
0.0002132352941176473
-0.0016290441176470588
5.110294117647062e-05
0.0012422794117647063
-0.00131875
0.0008459558823529414
0.0009238970588235291
0.00026875000000000005
0.0007683823529411765
0.0013297794117647058
0.0003014705882352936
-0.00047720588235294117
0.000168014705882353
-1.1397058823529177e-05
-0.0013165441176470588
0.0011680147058823532
-3.49264705882352e-05
-0.0003474264705882356
0.0022253676470588234
-0.0010731617647058824
-0.00035992647058823515
-0.00015294117647058817
2.7941176470588423e-05
0.001249264705882353
0.0003694852941176472
0.001775735294117647
0.00034411764705882363
-0.00013676470588235267
-0.0010437499999999998
-0.0020338235294117646
0.0018522058823529414
0.001895588235294117
0.00013088235294117634
0.0005658088235294115
-0.0016841911764705882
-0.001327205882352941
0.0013757352941176468
-0.001518382352941176
0.0003974264705882354
-0.0003518382352941177
0.0014915441176470592
-0.0004694852941176474
0.0009305147058823533
-0.0020360294117647056
-0.003772794117647058
0.00020110294117647027
0.00046433823529411824
0.0003992647058823529
-9.15441176470587e-05
0.0009937499999999998
-0.00027058823529411817
-0.000947058823529412
-0.0005691176470588236
0.0005496323529411763
0.0010805147058823529
-0.0013161764705882353
0.00028161764705882385
0.0011477941176470585
-0.0005238970588235299
0.0017327205882352943
-0.00016654411764705876
-0.0017860294117647058
0.000986764705882353
0.0007283088235294115
0.0005036764705882354
-0.00017352941176470565
-0.0013566176470588235
0.0008580882352941176
-0.00034632352941176453
0.00015661764705882358
0.0032161764705882353
-0.001219852941176471
-0.00022720588235294116
-0.0005360294117647058
-0.0015897058823529414
-0.00026617647058823545
0.0006025735294117651
-0.0012382352941176468
0.0007334558823529414
-0.0002621323529411763
-0.0016007352941176476
-0.0006470588235294114
0.0006735294117647061
-0.0011797794117647058
-0.00010220588235294135
-0.0003996323529411763
-0.0024922794117647057
0.0014124999999999997
0.0017444852941176472
-0.0022102941176470594
0.0012014705882352943
0.0001966911764705878
-0.0001683823529411766
-0.001798529411764706
0.001738235294117647
0.0010330882352941177
-0.0011878676470588234
-4.448529411764675e-05
0.0009084558823529412
0.000873897058823529
-0.0012518382352941176
-0.0007397058823529414
-0.0009955882352941177
0.0015356617647058817
-7.279411764705866e-05
-0.0016647058823529412
-0.0004764705882352942
-0.0007933823529411762
-0.0006926470588235296
-0.0006220588235294116
-0.00043492647058823524
-0.0018680147058823529
-0.00031029411764705905
-0.00023970588235294111
-0.0004966911764705885
-0.0007621323529411765
-0.0019812500000000004
0.000646691176470588
-0.000726470588235294
-0.0012102941176470585
0.00048419117647058806
-0.0006382352941176471
0.001332720588235294
0.0006209558823529415
-0.0007066176470588236
-1.8382352941176384e-05
-0.0007165441176470587
-0.0029264705882352943
0.0009158088235294117
0.0013661764705882355
-0.0005338235294117651
-6.0661764705882405e-05
-0.0007055147058823528
-0.0006889705882352941
-0.0002856617647058823
-0.00014411764705882398
0.0006202205882352938
0.0011577205882352941
0.0009069852941176469
0.0019555147058823528
0.0006077205882352943
-0.002336029411764706
0.0006955882352941175
-0.0018470588235294117
0.0016617647058823533
-0.00043051470588235295
0.0005621323529411768
0.00022242647058823539
0.0004764705882352943
-0.00025367647058823514
0.001849264705882353
0.0015176470588235296
0.0008356617647058822
0.0008165441176470584
-0.002060294117647059
0.0004908088235294117
-0.0015099264705882355
-0.0020264705882352945
0.0011658088235294117
0.00019852941176470607
-0.0023783088235294117
-0.0011823529411764705
-0.0004547794117647058
-0.0011415441176470583
-0.0019430147058823529
0.002146691176470588
0.0005941176470588234
-0.0004301470588235293
0.0005183823529411766
-0.0009834558823529408
-0.0004981617647058824
-0.002287132352941177
-4.448529411764696e-05
-2.5367647058823388e-05
-0.0005316176470588236
-0.0005886029411764702
0.0030716911764705882
0.0006985294117647057
-0.0012209558823529415
0.0003158088235294117
-0.00028125000000000003
0.0002529411764705883
-0.002247794117647059
-0.0012911764705882348
-0.0005687500000000001
0.0008150735294117647
0.0014488970588235296
-0.00019154411764705885
-0.0022180147058823534
0.001311764705882353
8.970588235294125e-05
4.889705882352964e-05
0.001679044117647059
0.0005371323529411767
-0.0008525735294117647
-0.0005474264705882352
-0.0019169117647058823
-0.0022617647058823537
0.0007062500000000002
0.0007724264705882351
-0.0017492647058823525
0.00011323529411764718
0.0009852941176470586
-0.0022742647058823532
-0.002153308823529412
0.00023713235294117626
-0.00011911764705882368
-0.002016544117647059
0.001822794117647059
-0.001402573529411765
0.0011246323529411767
0.002678676470588235
-0.001259558823529412
-0.0012264705882352941
-0.0026540441176470587
-0.0031761029411764706
-0.0008518382352941179
-0.002202205882352941
0.0006808823529411766
-0.0003867647058823529
0.0009577205882352944
0.0009172794117647057
0.0013297794117647053
-0.0018893382352941177
-0.0026606617647058823
9.117647058823526e-05
-0.002825
0.002430514705882353
-0.0011275735294117646
-0.0006658088235294119
0.00209485294117647
4.81617647058822e-05
-0.0016988970588235294
0.0010981617647058822
-0.0007801470588235294
-0.0014654411764705878
-0.0015477941176470589
0.0002599264705882352
0.0013334558823529412
9.558823529411768e-05
0.000539705882352941
0.0006805147058823531
0.001258823529411765
-0.0008654411764705877
0.0013297794117647056
0.0005408088235294119
0.0017977941176470589
0.0013963235294117652
0.0012661764705882354
-0.00013860294117647062
0.0019455882352941176
0.0007316176470588236
-9.191176470588243e-05
-0.002211764705882353
0.00044117647058823547
-0.0021805147058823527
-0.0004139705882352941
0.0012558823529411763
-0.0018683823529411763
-0.0010066176470588234
0.0006669117647058823
-0.0006632352941176469
-0.0018253676470588232
0.00020220588235294094
-0.00297610294117647
-0.0021077205882352942
0.0007709558823529413
0.0019786764705882354
0.0008805147058823532
0.00026360294117647024
0.00016397058823529423
-0.00034227941176470607
-0.0012720588235294117
-0.0008106617647058823
6.838235294117604e-05
0.001266544117647059
-7.132352941176502e-05
-0.0006433823529411765
0.0001250000000000001
-0.0012139705882352942
-0.000322058823529412
-0.0008073529411764707
-0.0011595588235294118
-0.0007974264705882354
0.0009992647058823527
-0.0016735294117647057
0.00043566176470588255
-0.0005110294117647061
0.0005488970588235292
-0.0001974264705882349
0.0016088235294117648
-0.0009533088235294115
-0.0013463235294117644
-0.0003775735294117648
-0.0005533088235294116
0.001758823529411765
-0.0017845588235294119
0.0016562499999999997
-0.0006378676470588234
0.0010680147058823532
0.001608455882352941
-0.0033452205882352937
-0.0003452205882352936
0.000843382352941177
-9.558823529411732e-06
0.0016022058823529411
-0.0010062500000000002
0.0008886029411764709
0.0003477941176470585
-0.0007474264705882355
-0.0017566176470588239
0.0017977941176470589
0.00012573529411764723
-0.00015551470588235305
0.0015474264705882354
0.0004547794117647057
-0.0014897058823529412
0.0010753676470588232
-0.0007720588235294118
-6.985294117647024e-05
-0.0006713235294117649
-0.0007683823529411769
-0.0005827205882352938
-0.0010893382352941178
0.00010625000000000003
-0.00019044117647058824
0.0009283088235294115
0.001209926470588235
0.00013676470588235297
0.0019698529411764708
0.0002202205882352936
-0.0018952205882352944
0.0007430147058823529
0.0013823529411764706
0.0018235294117647054
-0.0004566176470588234
0.0018051470588235294
0.0012841911764705884
0.0012852941176470583
0.0007025735294117648
-0.001257720588235294
-0.00024889705882352937
0.0010852941176470589
-0.0005694852941176466
0.0007955882352941175
0.001218014705882353
0.0008242647058823525
0.0013735294117647057
-0.0005610294117647059
0.0014551470588235295
0.0006790441176470587
0.0006235294117647058
0.00011764705882352951
-0.0009672794117647059
-0.0011183823529411765
-0.0023772058823529406
-2.352941176470533e-05
0.0003841911764705882
0.00023676470588235274
0.0004794117647058824
-0.00048529411764705886
0.0011830882352941176
-0.001801470588235294
0.0009566176470588235
0.0004297794117647058
-0.0016290441176470588
-0.0003897058823529411
0.000684558823529412
-5.882352941176486e-06
-0.0010911764705882356
0.0007709558823529413
-0.0005786764705882355
-0.0009264705882352939
0.00037058823529411745
0.0005154411764705884
0.0019591911764705885
-0.0007816176470588235
-0.0020474264705882357
-0.00016948529411764707
-0.0009602941176470588
0.0005930147058823528
-0.0036297794117647053
0.001685661764705882
0.001465441176470588
-0.0010014705882352938
0.002978308823529411
0.0011617647058823532
-2.9779411764705815e-05
1.0661764705882608e-05
0.000245220588235294
0.0028238970588235295
0.00043566176470588217
-0.00020625000000000008
0.0007386029411764706
-0.0005356617647058822
-0.001051470588235294
-0.0004246323529411762
-0.0010919117647058825
-0.0006658088235294117
-0.0011496323529411765
0.0012069852941176467
-0.00040257352941176446
0.0006117647058823529
-0.001361397058823529
-0.0007941176470588234
-0.0005863970588235295
-0.001078308823529412
-0.0015823529411764705
-0.0002430147058823531
-0.0006253676470588235
-0.001465808823529412
-0.0005636029411764706
-0.001413970588235294
0.00019448529411764706
0.0010102941176470589
-0.0014694852941176469
0.0022691176470588234
0.0024988970588235293
0.00033713235294117663
-0.0016297794117647057
-0.00028088235294117654
0.00010808823529411748
-0.00116875
-0.0029654411764705882
0.000520220588235294
0.0014724264705882357
0.00017977941176470578
0.0021341911764705883
-0.0011625000000000003
0.0006893382352941177
-0.0003650735294117651
-0.0020176470588235294
-7.683823529411748e-05
0.0011209558823529412
0.0014823529411764705
0.002111764705882353
-0.00024926470588235286
-0.0013665441176470587
-0.000820220588235294
-2.8676470588234993e-05
-0.00251764705882353
0.0006161764705882352
7.68382352941178e-05
-0.0008669117647058821
0.00025808823529411786
0.0014382352941176469
-0.0002735294117647059
0.0010154411764705883
-0.0007062499999999998
0.0023636029411764708
0.0001591911764705878
0.0003301470588235292
-0.0006992647058823531
-0.0011058823529411766
9.374999999999973e-05
-0.0010014705882352938
0.0012852941176470585
-1.838235294117608e-05
0.0005996323529411763
0.0004389705882352939
-0.0011680147058823528
0.0013511029411764708
-0.002205147058823529
0.0012352941176470586
0.0008091911764705882
0.00042463235294117643
0.0006408088235294119
0.0010540441176470588
-0.0009628676470588236
-0.0016062499999999998
-0.0008143382352941176
5.7720588235294116e-05
0.0019176470588235296
0.0008209558823529414
-0.00021764705882352918
-0.0005724264705882353
-0.00042867647058823533
-0.0017841911764705884
-0.0003088235294117643
-0.0004735294117647063
-0.0008051470588235293
0.001561029411764706
-0.001783088235294118
-0.00047757352941176455
-0.0006683823529411767
0.0005430147058823531
0.0005540441176470593
0.0013797794117647057
0.0023841911764705885
-0.0013077205882352943
-0.0006371323529411761
-0.002491176470588236
4.264705882352936e-05
-3.051470588235282e-05
-0.00018014705882352927
0.0016077205882352942
-0.001698529411764706
0.0015805147058823529
0.0009632352941176471
0.00015992647058823503
-0.0026176470588235292
0.0008882352941176469
-0.0006606617647058825
-0.0007349264705882349
-0.0008772058823529415
-0.0010106617647058825
4.595588235294107e-05
0.0016669117647058825
0.0001466911764705884
0.00025183823529411785
-0.00023345588235294088
-0.0005999999999999998
-0.0009139705882352941
0.0018573529411764701
0.0005378676470588233
-0.0003886029411764706
0.0019529411764705883
0.0024944852941176476
0.0039933823529411765
-0.0003294117647058819
-0.0010154411764705879
-0.0007213235294117645
0.003133455882352942
-6.397058823529412e-05
-9.117647058823548e-05
0.0007018382352941177
-0.0004915441176470589
-0.00038419117647058774
-0.0009801470588235294
-0.0018874999999999994
0.002151838235294118
0.0019830882352941176
0.0027838235294117652
0.0022805147058823525
0.0004205882352941175
-0.0014551470588235295
-0.003025
0.0009382352941176472
0.0007378676470588237
-0.0012275735294117651
0.0015588235294117642
-0.0003481617647058826
0.0004183823529411764
0.0004147058823529412
-0.00024411764705882326
-0.0024683823529411775
-0.0007294117647058823
0.002320955882352941
0.0011249999999999997
0.0014661764705882357
0.0022624999999999998
0.000927573529411765
-0.0013577205882352944
-0.0004819852941176473
0.0005393382352941176
0.0002257352941176472
-0.00023419117647058816
-0.0017341911764705883
-0.0007613970588235296
0.0010294117647058824
0.000463602941176471
0.0005485294117647063
-0.00045588235294117646
-1.948529411764675e-05
0.0016948529411764705
-0.000396691176470588
0.00047169117647058803
-0.0016823529411764705
0.0012283088235294111
-0.0013459558823529414
-0.0012253676470588234
-0.0010077205882352944
-0.00043198529411764725
0.00024227941176470594
-0.0017363970588235298
0.002076470588235294
-0.0014459558823529412
0.0003477941176470586
0.0009415441176470592
0.0011272058823529412
0.0005386029411764709
-0.00010330882352941176
-0.00016948529411764716
-0.00015477941176470574
0.0009647058823529413
-7.279411764705877e-05
0.0006257352941176472
0.0017338235294117646
-0.0009834558823529405
6.617647058823504e-05
0.0010283088235294117
-0.0013323529411764705
-0.0007974264705882354
-0.0010080882352941176
-0.00028786764705882327
0.00017316176470588278
-0.003003308823529412
-0.0005194852941176469
0.0017283088235294116
0.0001720588235294116
-0.0004477941176470591
0.0005136029411764706
0.0016727941176470588
-0.0011161764705882352
-0.0002665441176470588
0.0016242647058823528
-0.0014966911764705884
0.000652205882352941
0.0017264705882352946
0.00010735294117647063
0.0018161764705882351
0.001321323529411765
0.0009698529411764707
0.0009150735294117645
0.0029
9.558823529411803e-05
-0.001016176470588235
0.00028492647058823533
0.0012106617647058822
0.0006893382352941176
0.000984558823529412
0.0012488970588235297
-4.154411764705915e-05
0.0001397058823529416
0.0012264705882352941
0.0005018382352941177
0.000296691176470588
-0.0003904411764705882
0.0007257352941176474
0.001321691176470588
-0.0008022058823529412
0.0004514705882352939
-0.0019411764705882354
-0.002141544117647059
0.00024007352941176504
-0.002503676470588235
0.00043529411764705916
-0.0004371323529411765
-0.0006334558823529413
0.0010886029411764709
-0.0027058823529411765
-0.0007290441176470591
2.5735294117647285e-06
-0.0008000000000000003
0.0005889705882352945
-0.00028897058823529375
-0.001980882352941176
0.00014411764705882346
0.0016488970588235295
-0.0016602941176470586
0.0010102941176470585
-0.0015801470588235292
-0.0029227941176470595
-0.0006040441176470588
-0.0006727941176470588
0.0008018382352941173
-0.0010014705882352946
0.0012488970588235295
0.002186764705882353
0.0033117647058823535
0.004071691176470589
0.0025371323529411764
-0.002064338235294118
-0.0008988970588235297
0.00028419117647058775
0.0002643382352941176
0.0009319852941176471
0.000401470588235294
0.0011716911764705882
-0.00012610294117647048
-0.0014213235294117648
-0.0001544117647058824
-0.0006279411764705882
0.0010352941176470587
-0.0011797794117647058
0.0007507352941176472
-0.0011863970588235292
0.00043860294117647076
0.001066544117647059
0.001182720588235294
-0.0013000000000000002
-0.000924264705882353
0.0006621323529411762
0.0006374999999999997
0.001569485294117647
4.6691176470588194e-05
-0.0015422794117647058
0.0004172794117647058
0.00010845588235294148
-0.0003279411764705881
0.0003411764705882353
-0.0007738970588235294
0.0005566176470588235
0.0013058823529411762
0.0010051470588235292
0.0003488970588235296
0.0006908088235294114
0.00039963235294117626
-0.0006389705882352941
0.0017499999999999996
-0.0018345588235294118
-0.0011988970588235291
-0.0010330882352941175
-0.0019180147058823528
-0.0007661764705882354
-0.002187867647058823
-0.0018893382352941177
-0.0026257352941176466
0.0006169117647058823
-0.0012301470588235294
0.001428676470588235
0.0004147058823529413
0.00016360294117647047
0.0010073529411764705
-0.000604044117647059
-7.904411764705904e-05
-0.0011231617647058827
0.0010628676470588235
0.0018981617647058824
0.00074375
0.0014613970588235297
-0.0007819852941176469
-6.985294117646851e-06
0.000792279411764706
-0.0023106617647058827
0.0011694852941176465
0.00045036764705882353
0.0008496323529411766
-0.001811029411764706
-2.3897058823529687e-05
0.0006562499999999998
-0.0004985294117647063
-0.001819852941176471
0.001497058823529412
-0.00023492647058823564
-0.0018363970588235296
0.0016117647058823525
-0.0002636029411764705
-0.0010591911764705883
0.0022889705882352942
-0.000861764705882353
0.001122426470588235
-0.001961029411764706
0.0002591911764705883
0.0005584558823529413
0.0022253676470588234
0.00051875
-0.00020404411764705926
0.0013470588235294117
-0.0014378676470588232
-0.00021544117647058836
0.0001716911764705883
0.0004187499999999999
-0.0012915441176470587
0.0017617647058823533
-0.0008937500000000003
9.889705882352934e-05
-0.0010672794117647059
0.001874632352941176
0.001232720588235294
-0.0014628676470588237
-0.0004316176470588235
0.00022169117647058862
-0.00048198529411764705
0.0002886029411764706
-0.0009330882352941177
0.0008617647058823529
0.0005636029411764706
-0.0007474264705882352
-0.0023551470588235295
-0.00046029411764705885
-0.00145625
-0.000661397058823529
0.001589338235294118
4.301470588235341e-05
0.0010169117647058825
0.000971323529411765
0.0013132352941176467
7.647058823529406e-05
-0.0019977941176470594
0.003807352941176471
-0.0013253676470588234
-0.002139338235294118
-0.0010055147058823525
0.0015007352941176471
-0.002158088235294117
0.0011731617647058822
-0.00013786764705882366
-0.0013279411764705882
-0.0010713235294117645
0.0009599264705882353
0.0011051470588235295
-0.0009621323529411764
-8.713235294117647e-05
0.001324264705882353
-0.0025536764705882354
0.0027466911764705885
0.000829411764705882
7.242647058823528e-05
-0.0005084558823529408
0.000517279411764706
0.00014742647058823543
0.00043308823529411783
-0.0006363970588235296
0.0012408088235294117
0.0016415441176470585
-0.00033382352941176477
0.0011955882352941176
-0.0010727941176470585
0.00044154411764705907
0.0006147058823529413
0.0006202205882352941
0.0008485294117647063
0.0035959558823529417
-0.001033455882352941
0.0005838235294117648
-0.00032757352941176465
-0.00035624999999999974
-0.0026316176470588233
-0.0017797794117647059
-1.6544117647059015e-05
-0.0012018382352941175
-0.0013628676470588232
-0.00011985294117647042
-0.00039779411764705825
0.00028051470588235316
-0.002235294117647059
-0.0016731617647058829
0.0012772058823529414
0.0016003676470588235
-0.0009286764705882351
0.00015147058823529412
-0.002048897058823529
-0.00046323529411764695
-0.00042426470588235283
0.00016433823529411772
0.00024191176470588256
0.0010077205882352944
-0.0006511029411764707
-4.044117647058583e-06
0.0007522058823529412
-0.0007544117647058825
0.0005022058823529412
0.0008698529411764703
0.0031419117647058827
-0.0017749999999999999
-0.002455882352941177
0.0010661764705882353
-0.0015852941176470589
-0.0005624999999999998
-0.0006080882352941176
0.003216911764705882
-0.0007650735294117643
-0.0006830882352941176
-0.0012650735294117647
0.0001757352941176473
-0.00042058823529411764
-9.227941176470602e-05
0.0008922794117647059
0.0001363970588235294
0.0018845588235294115
0.001341911764705882
-0.0020257352941176476
-4.852941176470574e-05
0.0011584558823529414
-0.0005316176470588234
0.001701838235294117
0.0013121323529411764
-0.0002617647058823527
0.0010433823529411768
-0.0023033088235294118
0.0018257352941176471
-0.0001069852941176468
-0.00035698529411764705
0.0009415441176470586
0.0019191176470588235
0.00040330882352941204
-6.102941176470567e-05
-0.0005819852941176468
0.0010963235294117648
-0.0012235294117647058
-0.0007301470588235292
0.00030588235294117655
0.00034264705882352945
-0.002885294117647059
-0.0015290441176470588
0.0010694852941176473
-3.4558823529411504e-05
0.0005481617647058824
0.0009625000000000001
-0.0010011029411764706
-1.911764705882326e-05
0.002409558823529412
0.00018786764705882355
-0.0005172794117647057
-0.0004161764705882358
0.00013933823529411766
-0.0002889705882352941
0.0010687500000000003
-0.0001878676470588234
-0.0004948529411764708
0.00020147058823529335
0.00048455882352941166
0.0002856617647058823
0.0007974264705882352
0.0013761029411764707
-0.0018808823529411767
-0.0024363970588235297
0.0004812500000000003
0.001640073529411765
0.0027959558823529404
0.0016569852941176466
-0.0006338235294117647
0.002898529411764706
-0.002116544117647059
-0.0010433823529411763
-0.0013772058823529412
-0.0013694852941176468
-0.00034264705882352956
-0.000564705882352941
0.0008889705882352936
-0.0015746323529411766
-0.0018849264705882351
-0.00012647058823529392
-0.0017625000000000002
0.00030919117647058847
0.0014981617647058822
-0.00016985294117647076
0.0013308823529411765
0.001386764705882353
-0.0005356617647058822
0.0008499999999999998
-0.0011772058823529413
-0.001044485294117647
0.000658455882352941
-0.0006488970588235297
0.0005904411764705883
0.0006338235294117645
0.001124264705882353
-0.0024139705882352943
-0.0007018382352941173
0.0005676470588235295
-0.00016948529411764713
0.002202205882352941
-8.419117647058896e-05
-0.0005893382352941181
0.0016110294117647065
0.00041433823529411773
-0.00035514705882352964
0.0010863970588235294
0.0026099264705882353
0.0023051470588235294
-9.191176470588243e-06
-0.0008514705882352939
9.227941176470602e-05
0.0016283088235294115
0.0003790441176470588
0.0021066176470588235
-0.0003470588235294119
-0.00023529411764705859
0.00034595588235294137
-0.0002643382352941177
4.4852941176470754e-05
-0.0014125
-0.0004547794117647061
-0.000852941176470588
4.1544117647058634e-05
0.0004393382352941174
0.0006161764705882356
0.0012540441176470587
-0.0013713235294117649
-0.0005566176470588232
-0.0008003676470588237
0.0013908088235294123
-0.0003511029411764711
-0.0009874999999999997
0.00017867647058823522
-0.000665073529411765
-2.6102941176470776e-05
0.0011375000000000003
0.0020327205882352947
-0.00213235294117647
0.0008544117647058823
-0.0017801470588235298
0.0012591911764705884
0.0022180147058823534
0.0007937500000000002
-0.0006033088235294116
0.004109191176470588
0.0010687499999999994
0.0001786764705882357
-8.455882352941164e-05
-0.0013069852941176472
0.0007911764705882354
0.0007897058823529411
-0.0003007352941176471
-0.003913970588235294
-0.0007415441176470586
0.000139338235294118
0.00014632352941176442
0.001831617647058824
0.002088235294117647
-0.0014363970588235297
0.0005988970588235294
-0.0009702205882352946
0.0018613970588235293
0.0003558823529411768
0.0015797794117647058
0.0019669117647058824
-0.0006727941176470584
0.0014613970588235293
0.0015088235294117647
0.00016654411764705865
-0.0014025735294117651
-0.0005227941176470592
0.000838970588235294
-0.0012705882352941175
-0.0006022058823529413
-0.003527205882352942
0.0003441176470588238
0.0007797794117647065
-0.0002617647058823528
-0.0004066176470588242
-0.0003213235294117649
-0.0009624999999999997
9.411764705882358e-05
0.0011283088235294115
0.002159926470588235
0.0005503676470588236
-0.0005727941176470591
0.0007191176470588238
0.002185294117647059
-0.00015147058823529396
-0.0005154411764705879
0.0007610294117647062
-0.0014580882352941177
-0.0007830882352941178
-0.0018069852941176468
0.0007996323529411766
0.0004680147058823531
0.00043161764705882376
0.0011426470588235297
-0.001441176470588235
-0.000517279411764706
0.00023419117647058835
-0.0014253676470588233
-0.0026176470588235297
0.0009191176470588235
-0.00015477941176470576
-0.000740441176470588
0.0020772058823529415
-0.0028430147058823526
-0.00045330882352941174
0.002209926470588235
0.0006525735294117647
-0.001137132352941177
0.0026147058823529413
-0.0011955882352941178
0.0012992647058823528
0.00140110294117647
0.0008044117647058826
0.002145955882352941
-0.0019154411764705887
-0.000988235294117647
-0.0005261029411764708
-0.000172058823529412
0.0003187499999999998
0.00045220588235294143
0.00020257352941176454
0.0034900735294117646
0.001013970588235294
-0.0012584558823529413
-0.0021481617647058824
0.001462867647058823
-0.0006849264705882351
0.0010621323529411769
0.0006088235294117648
0.0007724264705882355
0.003665808823529412
-0.000634191176470588
-0.0012374999999999997
-0.0003213235294117645
-0.0011518382352941176
0.000525
0.0010102941176470587
-0.001229779411764706
0.002810294117647059
-0.001234558823529412
0.0005599264705882348
-0.0015363970588235293
-0.0015544117647058823
0.0016904411764705881
0.0013316176470588234
-0.00032279411764705876
0.0007297794117647057
0.0021750000000000003
-0.0007327205882352942
-0.0008224264705882352
0.000947058823529412
-0.0004860294117647059
-0.002446323529411765
-0.00014963235294117658
-0.00037316176470588206
-0.0008154411764705881
0.0038128676470588234
0.0012058823529411764
0.00031360294117647054
-0.0004724264705882356
-0.0010503676470588238
-0.0001360294117647058
0.0010378676470588234
0.0026238970588235294
-0.0005819852941176472
-0.0009216911764705886
0.0008308823529411764
-0.00022426470588235304
-0.0004889705882352944
0.0011073529411764706
-0.0020062499999999994
0.000302941176470588
-0.00018676470588235318
8.566176470588236e-05
0.0010426470588235292
0.0012757352941176472
1.5808823529412194e-05
-0.003274264705882353
-1.4705882352941853e-05
-0.000602941176470588
0.002903308823529412
0.0011191176470588238
7.132352941176502e-05
0.0007823529411764705
0.0012297794117647057
-0.00028419117647058797
0.00053125
0.00012720588235294096
0.00045147058823529385
0.0017437499999999996
0.003331617647058824
0.0016444852941176471
0.0014544117647058822
-0.0010029411764705884
-0.000843014705882353
-0.0005647058823529413
-0.001339705882352941
-0.0010779411764705884
-0.00042536764705882303
-0.0013169117647058822
0.00026580882352941206
-0.0015757352941176467
8.823529411764653e-06
-0.0005628676470588234
0.00028713235294117656
-0.0006584558823529411
0.002191176470588235
0.00045000000000000026
-0.0016099264705882355
-0.00017794117647058834
-0.0009602941176470583
0.0006966911764705881
-0.0011011029411764704
0.0005360294117647058
0.002547058823529412
0.0013966911764705882
-0.0009099264705882348
0.0008227941176470588
0.0016279411764705876
1.3970588235294211e-05
0.0013077205882352939
-0.00037463235294117657
-0.0014136029411764704
0.00043823529411764694
-0.0002106617647058826
-0.0005180147058823526
4.522058823529408e-05
-0.0002198529411764704
0.00040919117647058786
0.0006738970588235297
0.0006948529411764707
0.0008058823529411765
0.0014132352941176466
-0.00021654411764705846
-0.0002544117647058823
-0.00024338235294117644
0.0010746323529411766
0.0008169117647058824
0.002321691176470588
0.00022830882352941164
-0.0007213235294117647
7.941176470588207e-05
-0.0008941176470588239
0.0031547794117647056
0.0005764705882352943
0.00011764705882352921
0.00018161764705882394
0.00016654411764705884
-0.0023275735294117647
-0.00021544117647058798
0.0015349264705882353
4.4852941176470625e-05
-0.0021437500000000003
0.0029963235294117644
0.0014235294117647059
0.0007797794117647053
0.0011724264705882351
-0.0006018382352941176
0.0013117647058823526
-0.0003169117647058826
-0.002113235294117647
-0.0012786764705882353
-0.0007018382352941177
0.0015779411764705882
-0.002794485294117647
0.0005011029411764704
0.0014172794117647061
0.00035992647058823526
-0.0004992647058823529
0.001329044117647059
-0.0006455882352941172
0.0018779411764705883
0.0009867647058823526
-0.0015367647058823534
-0.0003529411764705879
-0.002138602941176471
0.0015988970588235295
-0.002348529411764706
-0.0012625000000000002
-0.0005382352941176472
-0.0005014705882352943
-0.0001404411764705885
0.0007077205882352942
-0.0004095588235294116
-0.0011841911764705884
-0.0006768382352941177
-0.0012110294117647059
0.0028955882352941172
-0.0013374999999999997
0.002434558823529411
0.0004033088235294119
-0.0021694852941176474
0.00012132352941176481
0.0006558823529411763
-0.0015408088235294114
-0.0020003676470588235
0.001632720588235294
0.0014922794117647057
-0.00011801470588235326
0.0006220588235294122
5.404411764705899e-05
-0.00025698529411764684
0.0007275735294117641
-7.830882352941161e-05
-0.00017536764705882422
0.0003577205882352942
0.001284191176470588
0.0006507352941176473
-0.00029117647058823524
6.323529411764713e-05
-0.0012507352941176471
0.002041911764705882
-0.0007639705882352939
-0.00031691176470588256
0.00026838235294117656
-0.0010003676470588235
0.0005639705882352944
0.00018933823529411746
-0.0015805147058823524
-0.00019448529411764698
-0.0004904411764705881
0.0006367647058823527
0.0015202205882352943
-0.00011911764705882378
-0.0003356617647058825
-0.000820955882352941
8.970588235294088e-05
0.0007308823529411763
0.00042573529411764685
0.0012658088235294115
-0.0003408088235294117
5.845588235294147e-05
-0.0017382352941176466
0.0013643382352941174
-0.0014275735294117646
0.0007150735294117647
0.0006022058823529408
-0.001353308823529412
-0.0007882352941176476
-0.00011360294117647104
0.0034191176470588234
5.955882352941174e-05
-0.0028209558823529416
-0.0009018382352941173
0.001484926470588235
0.00013345588235294138
0.002310294117647059
0.0016272058823529416
0.0020801470588235295
-0.0008400735294117646
-0.0020672794117647057
-0.0011808823529411761
0.0003731617647058825
0.0016242647058823535
0.00026580882352941206
0.0019047794117647051
0.00020808823529411768
0.0012297794117647062
-0.001922426470588235
0.0020279411764705887
0.0009580882352941177
-0.0017738970588235296
0.0026051470588235297
0.001228308823529412
-0.0011522058823529408
-0.00014448529411764728
-0.0014029411764705884
-0.000998161764705882
-0.000566911764705882
-0.0013713235294117647
0.0008852941176470589
0.002094117647058823
0.0016080882352941174
0.0003011029411764703
-0.0015547794117647062
-0.0007477941176470583
9.779411764705869e-05
5.073529411764688e-05
-0.002616544117647059
-0.0006474264705882355
-0.0009437500000000001
0.0006602941176470589
0.0008444852941176468
0.0009477941176470587
-0.0004915441176470586
-0.00027794117647058763
0.0009488970588235294
-0.00046029411764705874
0.0015073529411764705
-0.0004794117647058824
-0.00034852941176470587
-0.0007066176470588237
0.0008386029411764703
0.0007312499999999996
0.003191544117647059
-0.00012169117647058871
-0.0014606617647058822
-0.0006580882352941177
3.308823529412319e-06
-0.0003632352941176471
-0.0010893382352941173
-0.0013977941176470587
-0.0002511029411764706
0.0016452205882352942
-0.0012952205882352944
-0.0008316176470588237
-0.0013404411764705879
-0.0009654411764705886
-0.0010426470588235297
-0.00034558823529411755
3.308823529411737e-05
0.0022238970588235292
0.0010102941176470589
0.0014797794117647062
0.00048161764705882313
0.0017886029411764706
0.0002323529411764707
0.0011437499999999998
0.0010716911764705882
0.0012073529411764704
0.00014264705882352936
-0.0020933823529411763
0.00045330882352941207
-0.00026066176470588236
-0.0014334558823529413
-0.0013687500000000002
0.0014029411764705881
-0.002399632352941177
-0.0020205882352941178
0.0009029411764705881
9.705882352941178e-05
-0.002173529411764706
0.00021580882352941207
-0.0022382352941176476
-0.0012121323529411764
-0.0018834558823529412
-0.0007102941176470584
-0.000426470588235294
-0.0006871323529411763
-0.0009455882352941172
0.001136397058823529
0.0008919117647058824
0.0003051470588235293
-0.00012426470588235258
-0.0012863970588235293
0.0013772058823529412
-0.0026220588235294114
0.001608455882352941
-0.0006253676470588238
0.0008499999999999998
-0.0002558823529411769
-0.0013297794117647062
0.000727573529411765
-0.002254779411764706
-0.0009613970588235295
0.0018330882352941174
-0.0020738970588235297
0.001976838235294118
-0.0021849264705882353
0.0015389705882352938
0.0015470588235294118
0.00035992647058823537
-0.0015128676470588234
0.0014897058823529407
-0.0005669117647058824
-0.0007897058823529414
-0.002164705882352941
-0.000557720588235294
0.0009584558823529413
-0.0016308823529411764
0.0017290441176470589
0.0014933823529411764
-0.001164338235294118
-0.0006926470588235294
-0.001340808823529412
-0.0005444852941176473
-0.0007790441176470588
-0.0005783088235294115
0.0011128676470588239
-0.00017426470588235315
0.0007676470588235298
0.001231985294117647
0.0006180147058823528
0.00015698529411764701
0.0016033088235294119
-0.0009573529411764707
0.0004705882352941179
0.0007275735294117647
0.00021617647058823496
0.001743014705882353
-0.0008933823529411766
-0.0017647058823529417
-0.0016518382352941183
-0.0013294117647058826
0.0013378676470588238
1.1029411764707728e-06
-0.0026511029411764703
-0.0009143382352941175
0.0006687500000000001
-0.0009566176470588235
-0.0002360294117647054
0.0009974264705882353
-0.0012610294117647062
-0.0005797794117647057
-0.0013672794117647064
-0.002502205882352941
0.0003514705882352943
0.002527573529411765
-0.0003113970588235298
0.0005191176470588238
0.001522426470588235
-0.002426102941176471
0.0006742647058823529
-8.529411764705856e-05
8.676470588235297e-05
0.002202205882352941
0.002702573529411765
0.0016088235294117643
0.00018639705882352928
-0.0008209558823529412
-0.000993014705882353
-0.0013955882352941174
0.0018036764705882352
0.001548529411764706
-0.0020716911764705878
0.0012871323529411764
0.0018183823529411762
-7.058823529411803e-05
0.0001841911764705882
0.00023125000000000004
0.0008338235294117648
-0.0008588235294117646
-0.00039742647058823547
-0.0029400735294117645
-0.0013599264705882353
0.0010213235294117644
0.003668382352941177
-0.002486764705882353
0.0008433823529411763
0.0006033088235294116
-0.0009525735294117649
-2.3529411764705945e-05
-0.0001584558823529411
0.0009154411764705877
-0.0025158088235294114
0.0033290441176470585
0.0010147058823529414
0.0005713235294117649
-0.001449264705882353
-0.00115625
0.0015139705882352948
-0.0007441176470588234
-0.0015661764705882355
7.68382352941176e-05
0.0007665441176470588
0.00028492647058823566
-0.0010062499999999998
0.0021022058823529414
-0.0006007352941176473
-0.0010474264705882352
0.0006426470588235295
-0.0014375
0.0008029411764705882
0.0006363970588235293
-0.0002628676470588235
2.9411764705887276e-06
0.0002941176470588235
-0.0010573529411764704
1.654411764705884e-05
-8.272058823529409e-05
-0.0006933823529411765
0.00104375
0.0005867647058823529
0.00011654411764705879
0.0006819852941176469
0.0008341911764705888
0.0017058823529411769
0.0013713235294117647
-0.00019963235294117646
0.002608823529411765
0.002345955882352941
-0.00040330882352941183
0.0016665441176470586
-0.00015735294117647062
0.0010937499999999997
-0.0009238970588235295
-0.0006400735294117651
3.2720588235294186e-05
-0.0007580882352941176
-0.0020323529411764704
0.00019779411764705851
7.205882352941179e-05
0.0007558823529411769
0.003961764705882352
0.00025588235294117637
-0.002079779411764706
0.0012834558823529411
0.0011066176470588232
-0.0007705882352941179
-0.00010955882352941164
-0.0010985294117647059
0.0021496323529411766
0.0014334558823529413
0.0013088235294117648
0.0005812500000000003
-0.0005937500000000005
-0.0013286764705882353
0.001832720588235294
0.0006136029411764704
-0.0001441176470588234
-0.001719485294117647
-0.0012077205882352945
0.00011654411764705875
-0.00025661764705882406
0.0008742647058823526
-0.0014371323529411763
-0.0009555147058823534
-0.0001970588235294119
-0.0016577205882352948
-0.0009025735294117648
-0.0013702205882352941
0.0028625
-0.0010753676470588234
0.00034227941176470623
3.970588235294124e-05
0.0022246323529411765
-0.0010386029411764708
0.0006268382352941174
5.147058823529391e-05
0.00024191176470588234
-0.001709558823529412
-0.00026801470588235323
0.0008680147058823529
0.0015323529411764702
5.2941176470588326e-05
0.0015132352941176473
0.0010180147058823528
-0.0006047794117647058
-0.00039264705882352904
0.0017121323529411762
0.0017459558823529411
-0.0012650735294117647
-3.3823529411764805e-05
-0.00046801470588235294
0.0009713235294117643
0.00029889705882352966
-0.0015488970588235292
0.0009948529411764706
-0.0009202205882352944
-0.0028106617647058827
0.00033713235294117604
-0.0010985294117647057
-0.0031147058823529413
-0.0007272058823529414
-0.00019889705882352934
-0.0022852941176470585
0.0038650735294117645
0.0017768382352941175
0.0013352941176470587
-0.002531617647058824
0.0017536764705882353
-0.0005250000000000005
-0.0013808823529411762
-0.002227205882352941
-0.000842647058823529
-0.0016981617647058823
-0.0017786764705882353
0.0012518382352941174
0.0013488970588235293
0.0005911764705882357
-0.0009720588235294118
-0.0013047794117647064
0.000691176470588235
0.0004908088235294119
0.00012977941176470608
0.0011047794117647058
0.001991544117647059
-0.001108455882352941
0.0006261029411764704
0.0008922794117647058
-0.00033786764705882384
-0.0007404411764705882
-0.0006022058823529413
-0.0012790441176470588
-0.0003823529411764709
0.0009242647058823527
-6.066176470588236e-05
-0.0005275735294117648
-0.0023683823529411768
0.002147794117647058
0.0014852941176470588
0.0007463235294117644
5.0367647058824e-05
-0.003011029411764706
7.022058823529393e-05
-0.0001724264705882355
-0.0004551470588235292
0.0013246323529411766
0.0013426470588235296
-0.001018382352941176
0.00018823529411764693
0.00042132352941176457
-0.0011834558823529413
-0.00036360294117647056
0.002733088235294118
0.003097794117647059
0.0013275735294117647
0.0015106617647058821
1.397058823529411e-05
-0.0011275735294117644
-0.00035735294117647
0.0019143382352941173
0.00031249999999999984
-0.0012786764705882353
0.0003602941176470586
0.001038235294117647
1.10294117647063e-05
0.0004213235294117646
0.0002970588235294118
-0.001987867647058824
-0.001928308823529412
0.0008305147058823535
0.00044227941176470606
0.0009746323529411765
-0.002784926470588235
-0.002025
-0.00016948529411764726
0.0010573529411764704
-0.0007154411764705881
-0.00043823529411764716
0.001227941176470588
0.000980514705882353
0.0008110294117647059
-0.0025257352941176468
-0.0002547794117647062
-0.00039080882352941185
0.00038786764705882386
0.0009128676470588234
0.0010360294117647054
0.0006025735294117644
0.0013363970588235296
-0.000863970588235294
0.00039669117647058854
0.0015066176470588232
0.0009051470588235295
0.001469485294117647
0.0005044117647058821
0.0016624999999999997
-0.0018849264705882351
0.0006985294117647059
-0.0014845588235294117
0.000275
0.0008477941176470591
0.0003963235294117644
-0.0002235294117647062
0.0019283088235294117
-0.0009172794117647061
-0.0005863970588235292
0.0019283088235294117
0.0025183823529411767
-0.00047463235294117656
0.0002761029411764708
0.0006727941176470591
-8.272058823529399e-05
7.352941176470493e-06
-0.001828308823529412
-0.0013371323529411765
0.0005235294117647058
0.0004121323529411761
-6.617647058823525e-05
0.0006573529411764706
-0.00023198529411764754
-0.001450735294117647
0.0008099264705882352
6.764705882352972e-05
-0.0018775735294117644
4.117647058823499e-05
0.0017003676470588236
0.0009511029411764707
-0.0013441176470588233
0.0003257352941176471
0.00022757352941176474
0.00014338235294117613
0.0002323529411764707
-0.00014448529411764728
0.0005334558823529413
0.0007058823529411763
-0.0011786764705882349
0.0014735294117647056
0.003266544117647059
-0.0003599264705882356
0.002763235294117647
-0.0009496323529411761
-0.0008547794117647056
-0.0011661764705882352
-0.00021213235294117647
0.0018356617647058825
-6.176470588235318e-05
-0.0009992647058823531
0.0005988970588235291
0.0006621323529411762
0.002198161764705882
0.001332720588235294
-7.720588235294032e-06
-0.0008911764705882352
-0.00014117647058823523
-0.002365808823529412
-0.0002941176470588242
0.000490073529411765
-0.0019257352941176472
0.0006555147058823528
-0.0017099264705882355
-0.0005051470588235291
-8.235294117647055e-05
-0.0009441176470588233
-0.0012088235294117648
-0.000677941176470588
-0.0007040441176470589
0.0009779411764705883
0.0001470588235294119
-0.0003363970588235299
-0.0006779411764705879
0.0011551470588235298
-0.0015018382352941177
-0.0016959558823529414
0.0006025735294117643
-0.0005533088235294123
8.308823529411747e-05
-0.0005801470588235299
-0.0007606617647058822
-0.0002753676470588236
0.0011816176470588234
-0.00024669117647058836
0.001278308823529412
-0.0008238970588235291
-0.001406985294117647
0.0005099264705882357
-0.0004154411764705882
-0.0002077205882352942
6.360294117647052e-05
-0.0023536764705882358
0.0005227941176470587
-0.0006540441176470588
0.001890808823529412
-0.00035330882352941186
-0.0016941176470588238
0.0020985294117647057
-0.0008672794117647061
0.0005202205882352942
-0.00011948529411764696
-0.0007676470588235294
3.750000000000015e-05
-0.0016621323529411763
0.001418382352941177
0.0003433823529411759
-0.0015187499999999997
0.0019036764705882355
2.6838235294117906e-05
-0.000863970588235294
0.00017169117647058822
-0.0012055147058823528
0.0009205882352941173
0.0010522058823529412
-0.0005772058823529408
-0.0006595588235294115
-0.0006363970588235291
-0.0013433823529411767
-0.00031470588235294123
0.00023970588235294111
-0.0009875
0.0016459558823529415
0.0012415441176470586
0.002014705882352941
-0.0006022058823529411
0.0016790441176470587
0.0019819852941176472
0.0005018382352941176
0.0024161764705882354
-0.00027169117647058815
-0.0004386029411764703
-0.0020694852941176467
-0.0008996323529411764
0.0009095588235294116
0.0015136029411764703
0.0004448529411764705
0.002309191176470588
-0.00018860294117647062
-0.0004253676470588237
0.0021176470588235292
-0.00011801470588235311
-0.0018632352941176467
-0.00034889705882352903
0.0030463235294117645
-0.0014636029411764704
-0.00045257352941176503
-0.0002573529411764706
-0.0016275735294117646
0.0011886029411764707
0.0026268382352941174
0.0009790441176470589
-0.001075367647058823
-0.0020757352941176478
0.001545955882352941
-7.426470588235328e-05
-0.0015915441176470586
-0.0003823529411764705
-0.0012852941176470587
0.0013066176470588238
-0.00022426470588235285
0.001523529411764706
-0.000432720588235294
-0.0014709558823529408
0.0006992647058823531
-0.0005323529411764708
0.0013985294117647056
0.0014000000000000002
0.00043897058823529474
0.00048823529411764696
0.0003886029411764708
-0.001153676470588235
-3.272058823529439e-05
0.000532720588235294
-0.0009882352941176463
-0.0024511029411764707
0.002186764705882353
0.001108455882352941
0.0006533088235294117
-0.0011514705882352944
9.926470588235339e-05
-0.0005886029411764704
0.0012632352941176468
-0.001357352941176471
0.0008334558823529415
-0.0009654411764705882
0.0013669117647058821
0.00015882352941176537
-0.0010794117647058821
-0.0006172794117647055
-0.0010128676470588236
-4.4117647058822755e-06
0.0017573529411764707
0.0013169117647058822
0.001129779411764706
-0.0011238970588235298
-0.0009172794117647059
0.0038018382352941176
6.94852941176467e-05
-0.002739705882352941
0.002011764705882353
0.0003790441176470587
-0.00128125
0.0020856617647058823
0.0017544117647058824
-0.0013860294117647063
-0.0001580882352941178
-0.0020000000000000005
-0.001152205882352941
0.00048235294117647033
0.0016121323529411763
0.000672794117647059
-0.000647426470588235
0.000413235294117647
0.0006213235294117652
-0.0011860294117647058
0.00038272058823529416
-0.0025602941176470586
0.0017033088235294115
-0.00017389705882352966
-0.0008974264705882355
-0.00032683823529411755
0.0002716911764705882
-0.0009136029411764705
0.00038161764705882384
0.00013566176470588247
0.0010937499999999999
0.0010779411764705884
7.610294117647047e-05
0.00012389705882352955
-0.0017713235294117644
0.0005194852941176472
-0.0005654411764705882
-0.0009790441176470589
-0.00034779411764705866
-0.0016003676470588233
-5.5514705882352825e-05
0.0003687500000000002
-0.0014029411764705886
0.0005261029411764704
9.66911764705884e-05
0.00016397058823529418
0.00014926470588235308
-0.0007838235294117649
0.001298529411764706
0.0007830882352941176
-0.00032095588235294125
-0.000980882352941177
-0.0006029411764705883
-0.0013970588235294118
-0.001295220588235294
0.00032279411764705887
0.0005658088235294113
0.0009301470588235295
-0.0028591911764705882
0.000911029411764706
0.0008448529411764706
0.0013772058823529408
0.0010205882352941175
0.0017452205882352938
-0.0015102941176470591
-0.0006249999999999998
-0.0024003676470588237
0.0010577205882352943
0.0016863970588235288
1.0661764705882403e-05
-0.0036073529411764704
0.0001926470588235293
0.001920588235294118
-0.0016727941176470588
-0.00043272058823529434
-0.0008084558823529412
0.001495588235294118
0.0004992647058823527
0.0016286764705882358
-0.0003253676470588234
-0.0019863970588235294
-0.0003503676470588235
0.00022426470588235304
-0.001545955882352941
-0.0017433823529411762
0.0017757352941176474
-0.0005849264705882352
0.0004966911764705881
-0.0004904411764705881
0.0003558823529411766
0.0008128676470588242
-0.0019441176470588234
0.00026176470588235327
-0.00012794117647058802
0.0009150735294117645
0.0014966911764705882
0.000666911764705882
0.0012257352941176473
-6.323529411764682e-05
0.001971323529411765
-0.0013172794117647056
0.0009305147058823531
0.00198125
-0.0009389705882352942
0.0005628676470588236
-0.0003154411764705881
0.004187499999999999
-0.000491544117647059
0.001621691176470588
0.0034654411764705887
0.0018055147058823528
0.001746691176470588
0.002610661764705882
0.00016911764705882358
-0.002283823529411765
-0.0006977941176470588
0.0008823529411764706
-7.647058823529376e-05
-0.0013404411764705883
-0.0016724264705882351
0.0031036764705882356
-0.00019889705882352956
0.0005801470588235294
0.0024959558823529414
0.0013011029411764703
0.0002904411764705877
0.002751102941176471
0.00039963235294117696
-0.0016992647058823532
-0.0004970588235294119
-0.0018672794117647056
0.0015415441176470587
5.3676470588235506e-05
0.0015224264705882352
0.0007290441176470587
0.0006025735294117647
0.0011591911764705883
-0.0014143382352941173
-0.0007812500000000002
0.0009496323529411763
-0.0014613970588235293
-0.00023051470588235332
-0.0008463235294117647
0.00019632352941176482
0.0001691176470588237
-0.0024110294117647055
-3.23529411764706e-05
-0.0006209558823529409
0.001645955882352941
-0.0008209558823529414
-0.0011863970588235299
-0.000536397058823529
0.0006389705882352939
0.0012919117647058826
0.0025136029411764703
-0.001052205882352941
-0.00018455882352941185
-0.00021249999999999996
-0.000840073529411765
3.1985294117647005e-05
-0.000404779411764706
-0.0006040441176470588
0.003050735294117647
-0.0013389705882352941
-0.0010422794117647058
2.0220588235293726e-05
0.0003077205882352945
0.0002477941176470589
-0.0009874999999999999
0.002271691176470588
0.0009297794117647059
0.0025125
-0.0012422794117647054
0.0010205882352941177
-0.001129779411764706
0.0021095588235294114
-0.0018180147058823527
-0.0006650735294117648
-0.00038933823529411745
0.0020419117647058824
0.00030183823529411754
0.000651470588235294
0.00036617647058823495
0.00027794117647058844
0.0007136029411764708
-0.0011080882352941172
0.00447095588235294
0.0021014705882352936
0.0010713235294117645
7.720588235294237e-06
0.0005977941176470587
-0.0003875000000000001
0.0024514705882352945
-0.0012904411764705882
-0.0011683823529411764
0.00039154411764705905
-0.0011466911764705882
-0.0021709558823529407
-0.0007977941176470585
-0.0016176470588235292
0.0009290441176470585
-0.0023124999999999995
-0.00039852941176470583
-0.00032463235294117676
0.0007047794117647058
0.0008363970588235295
0.0008746323529411764
-6.911764705882356e-05
0.0002533088235294116
-0.0003974264705882352
0.0015676470588235295
0.000543014705882353
0.0008996323529411765
0.0010345588235294116
0.0012775735294117648
0.00043272058823529423
-0.0015591911764705885
-0.0003790441176470587
0.0014790441176470586
0.00044926470588235295
-2.4264705882352512e-05
0.0005977941176470589
0.001508823529411765
-0.0007731617647058825
0.00021250000000000012
-0.0021246323529411763
-0.0014507352941176468
-0.00014375
0.0018893382352941173
8.051470588235305e-05
0.0017647058823529415
0.00010772058823529388
-0.0010419117647058828
-0.0008187499999999996
-0.00048455882352941166
0.0004275735294117651
0.000845220588235294
0.0006099264705882359
0.00043419117647058847
-0.000857720588235294
0.0009746323529411763
0.00012720588235294155
-0.00046029411764705896
0.0006470588235294117
-0.0005724264705882355
1.286764705882377e-05
3.492647058823525e-05
-0.002940073529411765
0.00018970588235294069
5.808823529411799e-05
0.002146323529411765
-0.00019926470588235313
-0.0005569852941176472
0.0019661764705882355
-0.0009647058823529411
-0.0018580882352941179
-0.001971323529411765
-0.001669485294117647
-0.00047316176470588227
-0.002527573529411765
0.00025330882352941214
0.00046433823529411775
-0.0004849264705882355
0.0001397058823529412
0.0004540441176470586
0.0007448529411764708
0.000365808823529412
0.001472058823529412
-0.0012301470588235296
-0.0022941176470588237
0.000327205882352941
-0.0014974264705882349
-0.0006014705882352942
0.0008558823529411768
0.0007194852941176471
-0.0021632352941176472
0.00066875
-0.0005863970588235293
-0.0022165441176470587
0.0003106617647058821
-0.0014863970588235294
-0.0008735294117647058
0.0006305147058823529
0.0016367647058823532
-0.00034889705882352936
-0.00045441176470588276
-0.000926102941176471
