"Value (HML) after publication, net of costs · sign-flip|0.0013058679706601465"
0.0014261613691931533
0.0025762836185819074
-0.0008198044009779951
-0.0017073349633251829
0.001593887530562347
0.0008550122249388752
-0.0024916870415647918
0.0017973105134474329
-0.0003968215158924202
0.0005782396088019561
0.002781662591687042
-0.0006188264058679707
-0.0002760391198044008
-0.0008383863080684595
-0.00029022004889975566
-0.0004985330073349627
0.0022139364303178483
0.0007880195599022008
-0.00013471882640586828
-0.00015330073349633232
-0.0020149144254278726
-0.0017523227383863078
0.00021784841075794616
-0.000596821515892421
-0.0011322738386308072
0.0001459657701711497
0.0011894865525672368
0.002048655256723716
-0.0016061124694376528
0.00025256723716381434
-0.0009215158924205379
0.0009347188264058684
-0.0008154034229828854
-0.001692665036674817
0.0017190709046454764
-0.0029801955990220053
-0.0010466992665036678
-0.001472127139364303
-0.000705867970660147
0.003105867970660146
0.00039242053789731034
0.00082078239608802
0.002983129584352078
0.001401711491442543
0.0027132029339853305
0.00047603911980440174
0.0003924205378973107
-0.0014290953545232274
-0.000190953545232274
-0.005068704156479218
-0.00012738386308068465
-0.0005924205378973106
0.002714180929095354
-0.000725916870415648
0.0014911980440097802
-0.0007938875305623476
0.001012958435207824
-0.0001577017114914427
-0.0005669926650366745
-0.0011063569682151593
0.0015381418092909537
-0.001019804400977995
-0.00022420537897310528
-0.0014031784841075795
0.00019682151589242084
-0.00027212713936430335
-0.0003503667481662601
0.0004887530562347186
0.0010202933985330074
-0.002588997555012225
0.000706845965770171
0.0014511002444987777
-0.0011821515892420536
-0.0005948655256723717
-0.0003347188264058678
0.0012970660146699267
-0.0003122249388753063
-0.003232029339853301
0.0013488997555012223
-0.0003400977995110019
-0.0018202933985330075
-0.00012591687041564804
0.001283863080684597
-0.0013122249388753055
-0.0004990220048899755
-0.002904889975550122
1.7848410757946688e-05
-0.0010393643031784841
0.0021268948655256722
-0.0031410757946210266
-0.002029584352078239
0.0008980440097799516
0.00014009779951100276
0.00026919315403422996
0.0012129584352078239
-0.0018486552567237161
-0.0005547677261613698
0.0005249388753056235
-0.0015513447432762837
-1.0024449877750322e-05
-0.0003356968215158927
-0.0013136919315403421
0.0011503667481662593
-0.000488264058679707
0.0008833740831295846
-0.0019528117359413196
-0.001298044009779951
0.0007097799511002445
-0.0015474327628361856
0.0029919315403422984
4.327628361858196e-05
-0.000962102689486553
0.0006960880195599024
-0.0013254278728606357
0.00026039119804400975
0.0013508557457212714
-0.0008652811735941321
0.002910268948655258
-0.0012960880195599018
0.0022760391198044004
-0.00036943765281173595
0.0005039119804400977
-0.0026163814180929098
0.000721515892420538
0.001646699266503668
-0.001744987775061125
-0.0010359413202933982
-0.0018286063569682152
-0.0017205378973105137
-0.001301466992665037
0.0024990220048899756
-0.00043398533007334947
-0.002275550122249389
0.003100488997555012
-0.0009503667481662594
0.0012970660146699267
-0.0007288508557457208
-0.00013960880195598992
-0.0020066014669926652
0.0005156479217603908
0.003149388753056235
-0.00021589242053789688
-0.0013166259168704156
0.0008198044009779951
0.0011459657701711494
0.0011039119804400978
0.001465770171149144
-0.0018765281173594131
0.0017557457212713941
-0.0018789731051344742
0.00029853300733496344
9.217603911980403e-05
-5.061124694376541e-05
0.0033713936430317844
-0.00022224938875305632
-0.0014867970660146696
-0.002035452322738386
0.0021523227383863086
0.005224694376528118
0.002514669926650367
0.001961124694376528
0.0012061124694376522
-1.7114914425425988e-06
0.0015132029339853298
0.0008452322738386311
0.00019290953545232322
-0.001563080684596577
-0.005379706601466992
0.0015718826405867969
0.0005552567237163814
0.00039633251833740864
0.0018755501222493885
0.0032418092909535443
0.001551833740831296
-0.0022916870415647926
-0.00017677261613691922
-0.0012819070904645472
0.00020122249388753106
0.0018496332518337412
-0.0007420537897310516
0.00028190709046454777
-0.00092640586797066
-0.0015366748166259167
0.0021493887530562353
-0.002866259168704157
-0.0015034229828850855
0.0007410757946210264
-0.002042298288508558
-0.000780195599022005
0.001252078239608802
0.0006902200488997551
5.110024449877737e-05
-0.0003621026894865523
-0.00018264058679706626
-0.0009156479217603909
0.0007885085574572127
0.0026100244498777504
0.0024833740831295835
-0.001372371638141809
0.0005753056234718828
0.0013195599022004891
-0.0010325183374083125
0.000839364303178484
-0.0011728606356968213
-0.0026628361858190715
0.0009464547677261614
0.002951833740831296
-0.0005933985330073347
-0.0022462102689486552
-0.0004603911980440102
0.0009381418092909536
3.7408312958435295e-05
-0.0016515892420537897
0.002383129584352078
-0.0010535452322738388
0.000339119804400978
0.0037166259168704163
-0.001099511002444988
0.0001894865525672372
0.003394376528117359
-0.0004882640586797066
-0.0008012224938875308
-0.00253520782396088
0.001488753056234719
0.0001342298288508559
0.0025425427872860637
-0.0018422982885085576
-0.0031176039119804404
-0.0008139364303178484
-0.0021117359413202925
0.0015567237163814183
0.0015239608801955987
-0.001997799511002446
-0.002143031784841075
0.00010342298288508532
-0.00030244498777506093
-0.0006706601466992665
0.0022031784841075796
-0.00010391198044009817
-0.0004701711491442542
-0.0008457212713936434
-0.00033765281173594146
-0.0006740831295843522
0.0009376528117359407
0.0004941320293398533
-0.0018916870415647924
-8.435207823960888e-05
0.0017088019559902197
0.0012251833740831292
-0.00041882640586797076
-0.00035330073349633243
-0.0002843520782396091
0.0010628361858190706
0.0009616136919315405
-8.092909535452348e-05
0.0009709046454767724
-0.0008095354523227383
0.0002261613691931537
0.0018437652811735938
-0.001676039119804401
0.0009400977995110026
-8.53300733496332e-05
0.001196332518337408
0.000716625916870416
-0.0003586797066014674
0.0012462102689486548
-0.00021344743276283603
0.001107334963325183
-0.0006359413202933988
-0.002289731051344743
0.0008501222493887531
-0.0004501222493887526
0.00010831295843520811
0.0012017114914425425
-0.0014320293398533007
0.0025000000000000005
-0.0027606356968215154
0.0025679706601467
-0.0015528117359413203
-0.00406479217603912
0.0006701711491442541
0.00013178484107579435
0.0016251833740831298
0.0008437652811735941
0.00017237163814180903
0.0016105134474327625
-0.0011528117359413204
-4.6699266503667226e-05
0.0010779951100244494
0.0005180929095354521
0.0011239608801955996
0.00025941320293398505
-0.000527383863080685
0.0003034229828850851
-0.0006501222493887531
-0.0007547677261613687
-0.0007806845965770169
-0.0008286063569682153
-0.0018007334963325188
0.0015161369193154037
0.001180195599022004
0.0008574572127139367
-0.001110757946210269
-0.0013249388753056237
-0.0017948655256723718
0.0034295843520782397
-0.0013792176039119806
0.0009826405867970664
0.0018872860635696816
-0.0005107579462102688
0.0004726161369193154
0.0008325183374083131
0.0020466992665036676
0.001036919315403423
0.00012933985330073364
0.00030831295843520754
-0.0008643031784841077
0.0014677261613691933
-8.435207823960908e-05
0.0003723716381418091
0.0006980440097799511
0.0009987775061124696
-0.0012246943765281174
-0.0007909535452322739
-0.0021132029339853307
-0.0009523227383863081
0.003853056234718826
-0.00036356968215158956
0.0010452322738386311
-0.00182078239608802
0.0007616136919315403
-0.001100977995110024
0.0026119804400977996
-0.0006985330073349638
0.00033227383863080673
0.002626650366748167
0.000621760391198044
0.00033227383863080673
-0.0008506112469437655
0.0006711491442542783
0.0020506112469437657
-0.0005136919315403423
0.0009229828850855744
0.0016760391198044013
0.0005816625916870415
3.1540342298288834e-05
-0.002322493887530562
-0.0020995110024449874
0.002644743276283619
0.00042322738386308057
0.0013523227383863082
-0.0010740831295843521
-0.0007948655256723715
0.002059902200488998
7.701711491442495e-05
0.0026354523227383863
-0.0005963325183374084
0.00019877750611246953
0.002273105134474327
0.001361124694376528
0.0009058679706601464
0.0011865525672371644
0.00017726161369193102
-0.0004139364303178484
-0.0008491442542787287
-0.0005039119804400978
0.0008496332518337406
-2.860635696821513e-05
-0.002740097799511002
0.0010217603911980445
0.00038704156479217605
0.0038070904645476776
0.001355256723716381
0.002808068459657702
9.90220048899755e-05
0.0015034229828850853
0.0002105134474327626
0.0018760391198044007
-0.0017229828850855748
-0.0009914425427872866
-0.0011127139364303176
0.0007567237163814183
-0.002664303178484108
-0.001861858190709046
0.00048484107579462135
-0.000857946210268949
-0.0015621026894865526
-0.00021393643031784846
0.0005669926650366747
-0.0005943765281173593
4.4743276283618544e-05
0.0022393643031784843
0.0003356968215158921
-0.00039975550122249397
0.0008090464547677262
0.003244254278728607
0.0005469437652811736
-0.001186552567237164
0.0008408312958435205
-0.0015097799511002447
-0.0017669926650366746
0.0024902200488997554
0.0007572127139364302
0.0006731051344743274
0.0009718826405867976
-7.017114914425415e-05
0.0030960880195599026
-0.0008990220048899754
-0.0008442542787286064
-0.0009381418092909537
-0.0007933985330073353
0.0032677261613691926
-0.000604645476772616
0.0015577017114914422
-0.001738630806845966
-0.0009317848410757944
0.0006158924205378973
-0.0017200488997555013
0.0017337408312958441
0.00011124694376528138
-4.4254278728606236e-05
-0.0010427872860635698
6.723716381418072e-05
0.0011518337408312955
0.00045256723716381443
-0.0005836185819070902
-0.0007298288508557454
0.0014828850855745721
-0.0007342298288508559
-0.00035672371638141803
-0.0020139364303178482
-0.0017347188264058675
0.001092176039119805
-0.00015721271393643078
0.0018334963325183369
0.001559168704156479
-0.001002200488997555
0.002498044009779951
-0.0005283618581907089
-0.0016354523227383865
0.00022567237163814181
0.002224694376528118
-0.0011767726161369192
0.002613936430317848
-0.000968948655256724
0.0024843520782396084
0.0026628361858190715
0.001643765281173594
-0.0005215158924205382
-0.0009948655256723717
0.0016212713936430319
-0.003336674816625917
-0.0003342298288508558
0.00266479217603912
-0.00025550122249388724
0.0007621026894865523
-0.0021684596577017114
-0.0001684596577017113
-0.0009992665036674814
0.0008711491442542784
0.0013088019559902202
-0.0015733496332518337
0.0017317848410757942
0.000560635696821516
0.0022779951100244497
0.0014212713936430322
-0.0009298288508557456
0.002111735941320294
0.000847677261613692
-0.00033569682151589304
0.00044621026894865507
-0.0010872860635696819
0.00032591687041564775
0.0006594132029339852
-0.0017728606356968212
0.0025317848410757937
0.00010782396088019553
-0.0024731051344743277
0.0009821515892420533
0.0017689486552567239
-0.002040342298288508
0.0003929095354523227
-0.0029391198044009786
-0.00030048899755501224
-0.00011760391198044017
0.0025440097799511
0.0012418092909535455
-0.0008491442542787287
-0.0012418092909535453
0.0011180929095354522
0.0017787286063569684
0.003158190709046454
-0.004486797066014669
0.0005919315403422982
0.002310268948655257
-0.00027163814180929075
0.0007919315403422982
0.0022457212713936432
-0.0011591687041564794
0.00018117359413202935
0.0011185819070904646
0.0011909535452322738
-0.0014198044009779956
0.001960635696821516
0.002805134474327628
-0.0003806845965770174
0.0009508557457212712
0.0003440097799511002
0.0010017114914425429
-0.0015044009779951097
-0.0017753056234718827
-0.0014418092909535452
0.00131320293398533
-0.0016105134474327625
0.0009845965770171146
0.0013650366748166262
-0.0032471882640586797
-0.0016931540342298285
-0.00024376528117359437
-0.00010635696821515915
0.0005806845965770173
-8.581907090464519e-05
0.00041295843520782393
-0.00034645476772616124
-0.002670171149144254
0.0004941320293398533
-0.00031320293398533005
-0.00015427872860635653
3.887530562347157e-05
0.00023740831295843514
0.0004222493887530562
-0.0021405867970660146
0.001634474327628362
0.00010391198044009776
-0.001006601466992665
-0.0001249388753056237
-0.0005855745721271391
-0.00022127139364303157
-0.001274083129584352
0.002271638141809291
-0.002585085574572127
0.002259413202933985
-0.0014980440097799512
0.0008007334963325184
-0.0022427872860635695
-0.00343398533007335
-0.0011220048899755503
-0.0013371638141809292
-0.0016941320293398531
0.0010647921760391196
-0.00026479217603911966
-0.0009533007334963323
0.0010789731051344745
0.00036797066014669953
0.00012542787286063572
-0.00032004889975550125
-0.002096088019559902
-0.0019014669926650373
0.00045110024449877736
0.0002789731051344743
-0.0005503667481662591
0.0039537897310513445
0.0001850855745721271
-5.9902200488997335e-05
-0.0023919315403422977
-0.0003665036674816627
-0.0003112469437652815
0.0010403422982885086
0.0006256723716381419
0.0008599022004889979
-0.0006026894865525671
-0.00041295843520782393
-0.0012061124694376533
-0.0020046454767726164
4.865525672371645e-05
0.00020660146699266494
0.0026911980440097803
-0.0028334963325183375
-0.0003718826405867966
-0.004059902200488998
0.0013303178484107578
1.735941320293411e-05
-0.0012975550122249393
-0.0006124694376528119
0.00023447432762836162
-0.00017921760391197998
-0.00020366748166259188
0.0002613691931540343
-0.0004643031784841077
0.00032591687041564775
-9.951100244498767e-05
-0.000946454767726161
0.0006418092909535451
0.0010242053789731047
0.0002550122249388752
-0.0002985330073349633
-0.002354767726161369
-0.0025650366748166263
0.001549877750611247
-0.0009347188264058676
-0.0002506112469437652
-7.603911980440101e-05
-0.001264303178484108
-0.002417848410757946
-0.0035102689486552568
-0.0016271393643031782
-0.0012843520782396085
0.0019078239608801956
0.0008452322738386313
0.0024819070904645475
-0.0007899755501222497
-0.002645232273838631
-0.000643765281173594
0.0021797066014669925
-0.0013880195599022007
0.0035420537897310517
-0.0009474327628361857
-2.8606356968214994e-05
0.0003674816625916872
0.00030293398533007347
0.001181662591687042
-0.0007762836185819071
0.0010266503667481662
-0.0012080684596577015
-0.0008295843520782397
0.001192909535452323
0.0008168704156479216
-0.001368948655256724
-0.001248166259168704
0.00043740831295843534
-0.0014677261613691927
-0.0024755501222493885
0.0004017114914425425
0.0003992665036674822
-0.0025361858190709042
-0.0019992665036674814
-0.00043691931540342286
0.002112713936430318
-0.0016545232273838632
0.0017278728606356965
0.001569926650366748
0.000854034229828851
-0.0004672371638141811
-0.002288264058679707
-0.0010437652811735943
0.000778239608801956
0.0013073349633251836
-0.0014589242053789728
-0.003401711491442543
0.0014457212713936435
-0.0025034229828850853
-9.535452322738151e-06
0.003011002444987775
-0.0024168704156479217
-0.002943031784841076
-0.0018584352078239608
0.0012691931540342297
0.0026652811735941324
-0.0020540342298288506
-0.0008559902200488999
-0.0027322738386308066
-0.0012491442542787285
-8.068459657701638e-06
-0.00023643031784841112
-0.0007792176039119801
0.0003342298288508556
0.0024168704156479212
0.0011337408312958432
-0.0003200488997555015
-0.0009308068459657703
-0.0007400977995110028
-0.003030073349633252
0.00038410757946210245
-0.0008623471882640585
-0.001541564792176039
0.0016579462102689485
-0.0006545232273838632
0.003464303178484108
0.0022017114914425423
0.00026772616136919327
0.0004325183374083134
-0.0012246943765281172
-0.002597799511002445
-0.0019371638141809288
0.0014457212713936429
-0.0020080684596577017
0.001916136919315403
-0.0004584352078239609
0.0004046454767726162
-0.0005801955990220051
0.0004696821515892418
0.0018452322738386306
-0.0003259168704156481
-0.004705867970660147
-0.0037088019559902204
-0.0006447432762836187
-0.0011943765281173596
0.0026466992665036674
-0.00013667481662591702
0.0013239608801955988
-0.0011645476772616135
-0.0003855745721271398
-0.0018105134474327624
0.0029058679706601464
-0.002611002444987775
0.0005777506112469438
0.001920048899755501
-0.0005870415647921759
-0.00034841075794621047
-0.0001640586797066016
0.000394865525672372
-0.000764547677261614
0.0009552567237163818
2.2738386308068465e-05
0.0001679706601466992
-0.0015899755501222494
0.0008608801955990215
0.002659413202933986
0.0019640586797066016
0.0009782396088019558
-0.0003195599022004886
-0.0012731051344743276
0.0012755501222493886
9.951100244498808e-05
0.00013765281173594164
-0.0021239608801955994
0.002056479217603912
-0.0007097799511002444
-0.00026625916870415663
-0.00047017114914425464
-0.0015146699266503669
9.804400977995096e-05
-0.0003929095354523226
0.0006325183374083127
-0.00026479217603911994
-0.0021660146699266506
-0.0009909535452322735
-0.0004403422982885087
0.0014779951100244498
0.002968948655256723
0.004100977995110024
-0.0020212713936430316
-0.0003444987775061128
-0.0008638141809290955
-3.105134474327619e-05
-0.0020682151589242054
-0.00014254278728606374
0.00010097799511002473
0.00042420537897310483
5.134474327628068e-06
-0.0019665036674816625
0.001016870415647922
0.00015183374083129579
5.110024449877771e-05
0.00013814180929095325
-0.0021146699266503667
0.00017432762836185785
-0.0010158924205378975
-0.0006735941320293396
0.0007273838630806847
0.0011880195599022001
-0.0006613691931540338
0.0017347188264058681
-0.0021777506112469446
-0.0024036674816625913
0.0018325183374083129
-0.0009611246943765279
-0.0013528117359413207
-0.000463325183374083
0.0017190709046454764
0.002379706601466992
-0.00293960880195599
0.0018403422982885083
-0.0008281173594132029
-0.0005068459657701709
-0.0013870415647921758
6.38141809290958e-05
0.0015117359413202934
-0.0024207823960880194
-0.0027141809290953545
-0.0008946210268948656
0.0003298288508557461
0.0016442542787286063
0.0015772616136919318
-0.000595354523227384
2.0293398533007543e-05
-0.0015312958435207823
-0.003483863080684597
0.0027034229828850854
0.003986063569682151
-0.0010511002444987775
-0.0005083129584352078
-0.0017391198044009785
-0.0038364303178484113
0.001767481662591687
0.001096088019559902
0.0007728606356968211
-0.0015909535452322734
0.001443276283618582
0.000816870415647922
0.0014946210268948648
-0.002297066014669927
-0.0015845965770171146
0.00041442542787286046
0.0017283618581907093
-0.0014691931540342297
4.816625916870445e-05
0.002456968215158924
0.003300977995110025
0.0006183374083129585
-0.0023019559902200484
0.0017572127139364301
-0.0015821515892420538
-0.00026479217603911966
-0.0004422982885085577
0.0009039119804400974
-0.0012970660146699267
-0.0001831295843520781
-0.0012687041564792174
-9.21760391198043e-05
0.0005513447432762838
0.0009425427872860639
-0.002974327628361858
-0.0005073349633251833
-0.002588997555012225
0.0011977995110024448
0.0006618581907090458
-0.0008623471882640585
-0.0013498777506112474
-0.001173349633251834
-0.00015623471882640549
-0.00016699266503667507
-0.0009435207823960881
-0.0030437652811735943
0.0022696821515892423
-0.0003645476772616139
-0.001088753056234719
-0.00017334963325183345
0.003129828850855746
0.0009909535452322738
0.000672127139364303
-0.002133740831295844
-0.0012286063569682151
-0.00025256723716381385
0.003053545232273839
-0.0008232273838630807
2.444987775065606e-07
-0.0016276283618581909
-0.0024951100244498784
0.002111246943765281
-0.0004320293398533007
0.001867237163814181
0.0006892420537897309
0.00023154034229828867
-0.0015533007334963328
-0.000263814180929095
0.0034970660146699264
-0.0027185819070904642
0.0010075794621026896
0.0034212713936430314
-0.0011713936430317847
0.000323471882640587
0.0021200488997555013
-0.0006036674816625918
-0.002417848410757947
0.00251320293398533
0.0003254278728606357
-0.0005606356968215157
0.003322493887530562
-0.0011801955990220043
-0.0010574572127139362
-0.0003361858190709044
0.0025591687041564793
3.3496332518337246e-05
0.001980684596577017
-0.000556723716381418
0.00080757946210269
0.0017968215158924202
0.0008897310513447433
-0.00041687041564792185
-0.0023537897310513447
0.0019381418092909535
0.0003308068459657701
-0.0009405867970660144
-0.0023836185819070908
0.0013102689486552562
-0.0023264058679706603
-0.0006594132029339854
0.001140097799511002
0.0005141809290953545
0.0019337408312958433
0.0007831295843520783
0.001106845965770171
-0.00048239608801955996
-0.0006271393643031785
0.0020222493887530565
-0.001992420537897311
0.0010921760391198042
-0.0017753056234718827
0.002509779951100245
0.0026119804400977996
-0.0011968215158924208
0.0007366748166259172
-0.0013068459657701716
-0.0017718826405867974
-0.001941075794621027
0.0007004889975550119
0.001615892420537897
0.0003518337408312955
0.0005694376528117361
-0.0007488997555012228
-7.212713936430324e-05
0.001118092909535452
-0.0008056234718826406
-0.0005386308068459656
0.0002887530562347188
0.001065281173594132
0.0008623471882640585
-0.001406112469437653
-0.0022154034229828856
4.034229828850859e-05
-0.00046479217603911986
0.0004320293398533008
-0.0005410757946210269
0.0004525672371638139
0.0022936430317848405
0.001513691931540342
-0.0010706601466992664
-0.0009875305623471883
0.0007909535452322739
0.0016545232273838634
0.002874083129584352
-0.0016476772616136912
0.0008061124694376527
-0.0016789731051344743
-0.0007684596577017115
-0.0009063569682151587
-0.0033410757946210276
0.0005371638141809293
0.002033007334963325
0.0006046454767726164
0.00010391198044009776
-0.00016503667481662619
-0.0008809290953545228
0.002962102689486553
-0.0031127139364303183
-0.0005669926650366747
0.0022574572127139363
0.001728850855745721
-0.00027701711491442586
0.00010635696821515909
-0.000810513447432763
0.000409046454767727
0.0007777506112469437
6.088019559902195e-05
6.18581907090465e-05
-7.506112469437626e-05
-0.0017146699266503672
-0.0023048899755501225
0.00038361858190709083
-0.001563080684596577
0.0021024449877750616
-0.0008051344743276282
-0.0018276283618581903
-0.0014359413202933984
0.0006721271393643028
0.0009493887530562346
0.001481907090464548
0.000965525672371638
0.0028393643031784837
0.002220782396088019
-0.0012545232273838628
0.0003757946210268949
-0.00014352078239608795
-0.0007078239608801953
-0.0018985330073349631
-0.003652567237163814
0.00042127139364303215
0.00021393643031784827
-0.003002200488997555
0.001981662591687041
0.0015982885085574568
-0.0011185819070904646
0.0005640586797066013
0.0009757946210268947
-0.0003709046454767725
-0.0004095354523227386
0.000635452322738386
0.00441638141809291
0.0014085574572127136
0.0004202933985330076
-0.0009601466992665033
0.00018312958435207798
0.0009596577017114915
9.022004889975561e-05
0.0005523227383863079
-0.0004202933985330072
0.0017933985330073354
0.0007787286063569682
-0.0003068459657701709
-0.0015459657701711496
0.0027973105134474325
0.0023562347188264064
0.0015347188264058678
-0.0006022004889975548
0.0037146699266503666
0.003120537897310514
-0.003204645476772616
0.002430562347188263
-0.0012349633251833745
0.0004603911980440101
-0.0006804400977995107
0.0004779951100244498
-0.0019929095354523224
-0.0006383863080684596
0.0010799511002444985
0.002076528117359413
0.00011271393643031779
0.0019039119804400975
-3.6430317848410984e-05
-9.535452322737607e-06
-0.0013479217603911983
-9.364303178484148e-05
0.00267359413202934
0.002771882640586797
0.0001968215158924203
-0.004445232273838631
-0.0032481662591687054
-0.0018760391198044007
0.002597799511002445
-0.0012965770171149144
-0.0006819070904645479
0.00033765281173594135
-0.00041295843520782437
-0.0018188264058679707
0.0006691931540342299
-0.00031124694376528125
-0.00047995110024449863
0.0005987775061124696
0.0005141809290953545
0.001342542787286064
0.00020122249388753046
0.0023127139364303175
0.002918581907090465
0.002555745721271394
-0.0006706601466992669
-0.0003748166259168707
0.0001078239608801954
-0.0002559902200488995
0.0029322738386308076
-0.0007342298288508559
0.0007102689486552572
0.0007875305623471884
-0.001855012224938875
-0.003725916870415648
-0.000958679706601467
0.00043496332518337395
-0.0011234718826405865
0.0001562347188264059
0.0004237163814180932
-0.00034938875305623473
-0.003383618581907091
0.0015797066014669925
0.0007444987775061125
-0.00025207823960880186
0.0012320293398533008
0.0005083129584352073
0.001925427872860636
-0.0009068459657701713
-0.0014354523227383868
0.0005464547677261615
0.0018413202933985327
0.0006819070904645482
-0.0006012224938875307
0.0005743276283618579
-0.0006809290953545229
0.0006599022004889971
0.00225158924205379
-0.0006564792176039121
-0.0025430317848410757
-0.00019584352078239604
-0.001062836185819071
-0.0025381418092909535
0.000411491442542787
6.136919315403456e-05
-0.00018997555012224916
-0.0030403422982885086
0.0015430317848410752
-2.2738386308069214e-05
0.00012102689486552592
0.0002144254278728603
-0.0025308068459657693
-0.000884841075794621
-0.0006657701711491443
0.0007660146699266504
-0.0009943765281173595
-0.0026080684596577015
-0.00027555012224938905
0.001330317848410758
0.00024376528117359396
0.002172860635696822
-0.001506845965770171
0.0023938875305623475
-0.00010929095354523246
2.811735941320282e-05
-0.000574327628361858
-0.0028965770171149154
-0.0002486552567237162
0.0009215158924205382
0.0018941320293398534
0.0011058679706601462
0.0003841075794621025
-0.0017493887530562347
0.0015591687041564795
0.00426479217603912
3.5941320293398514e-05
-0.0014960880195599021
0.001219804400977995
-0.0011933985330073351
-0.004453545232273839
0.00014303178484107544
0.0014804400977995109
0.0016320293398533001
0.00012347188264058697
0.002211980440097799
-0.0012418092909535455
0.0016589242053789736
-0.0004921760391198045
-0.0020770171149144256
0.0021019559902200487
0.0008623471882640583
0.0011420537897310512
8.484107579462125e-05
-0.001634474327628362
0.0020178484107579464
-0.0002995110024449875
0.0008403422982885083
-0.00033080684596576993
0.0016212713936430319
-0.002293154034229828
-0.0017601466992665036
0.00016210268948655277
0.002079462102689487
0.0012227383863080683
0.00047359413202934035
-6.283618581907145e-05
0.0004046454767726162
-0.0021704156479217603
0.0003762836185819072
0.0015581907090464545
-0.000978728606356968
0.0012212713936430324
8.777506112469448e-05
0.0004770171149144248
0.0021102689486552566
4.7188264058679534e-05
-3.105134474327619e-05
-0.0006672371638141804
-0.0009728606356968216
0.002037408312958435
-0.00022224938875305605
-0.00010097799511002419
0.001964547677261615
0.0009616136919315405
0.0015860635696821512
0.0014198044009779956
0.00033765281173594135
0.001291687041564792
-0.0018471882640586793
-4.327628361858223e-05
-0.0006980440097799514
-0.0005557457212713935
0.0010378973105134475
-0.0007665036674816624
0.0029391198044009773
7.212713936430297e-05
0.0007283618581907089
-0.0003156479217603909
-0.0008501222493887534
-0.0013792176039119802
-0.0007376528117359418
0.0010706601466992666
-0.0016339853300733496
0.000622249388753056
0.00165158924205379
-0.0014838630806845966
-0.0003518337408312959
0.00029706601466992653
0.002141075794621027
-0.00039242053789731023
0.002920048899755501
0.0024300733496332516
-0.0006041564792176042
-0.0013430317848410758
0.0008388753056234722
-0.0007650366748166259
-0.001178728606356968
0.0009533007334963323
0.00046870415647921757
-0.00010244498777506111
-0.0020168704156479224
0.0008305623471882638
0.001411491442542787
-0.0013112469437652815
-0.00021931540342298315
-0.0022070904645476778
-0.0017625916870415645
-0.0016784841075794623
-0.00018068459657701676
-0.0009405867970660147
-0.0029078239608801956
-0.00034449877750611265
-0.0003606356968215157
-0.00037090464547677253
0.00014792176039119803
0.0016828850855745722
0.004000733496332518
0.0025352078239608807
-0.0006936430317848415
0.0014442542787286065
-0.0006398533007334962
0.0010202933985330076
0.0007787286063569682
-0.003531295843520782
-0.0011112469437652814
-0.0017259168704156476
-0.0023508557457212714
-0.0034271393643031784
-0.0001190709046454769
-0.0010232273838630807
0.0018682151589242053
0.0018579462102689484
0.00014449877750611237
-0.0009728606356968218
-0.003803178484107579
5.158924205378961e-05
-0.0029616136919315404
-0.0025552567237163816
-8.679706601467035e-05
0.0025904645476772614
-0.0009782396088019562
-4.180929095354497e-05
-0.00014352078239608822
-3.0073349633251507e-05
0.0006569682151589241
0.000728850855745721
-0.001566992665036675
-0.0019146699266503668
0.0013244498777506115
0.0017523227383863084
-0.0005528117359413202
4.523227383863017e-05
0.0012628361858190705
0.0003875305623471885
0.0015415647921760399
0.0007014669926650367
0.0032716381418092908
0.0027581907090464554
-0.002394376528117359
-0.0013259168704156479
0.001384596577017115
0.0035283618581907097
-0.0009288508557457213
0.0028168704156479214
-0.0034657701711491443
0.002322493887530562
-0.00038753056234718826
-0.0023073349633251834
0.0008315403422982886
0.0009195599022004894
-0.00027897310513447417
0.001676039119804401
0.0025488997555012226
0.0008716381418092908
0.0003058679706601468
1.4425427872860676e-05
0.0012623471882640587
0.002950366748166259
0.0003665036674816631
-0.0005987775061124692
-0.0009718826405867971
-0.0029655256723716385
0.0017078239608801955
-0.0005347188264058677
-0.002800733496332518
0.00028533007334963304
3.447432762836159e-05
0.002572371638141809
-0.0024530562347188267
-0.002596332518337409
0.0001107579462102691
-0.001118092909535452
-0.001462836185819071
0.0013885085574572129
0.0006100244498777505
0.00045012224938875304
-0.00034596577017114956
0.00020757946210268912
0.0009684596577017115
-0.001506845965770171
0.004331295843520782
-0.0008481662591687041
-0.00048288508557457174
0.003075061124694376
0.0023665036674816627
0.001984596577017115
-0.0005997555012224935
-0.0004022004889975551
-0.0008056234718826406
0.0010036674816625917
0.0005488997555012226
0.0019288508557457212
-0.0009009779951100246
-0.0014188264058679707
-0.0010618581907090462
0.0015132029339853298
0.0011376528117359418
-0.001890709046454768
-0.002536674816625917
-0.0014075794621026892
-0.00020562347188264046
-0.0006491442542787292
0.002938141809290953
0.0004740831295843517
-0.002706845965770171
-0.0014198044009779952
-0.003769437652811736
4.156479217604133e-06
-0.0008520782396088018
0.0018334963325183375
0.0006491442542787287
0.000182640586797066
0.0017645476772616138
0.0008222493887530558
-0.00034205378973105143
0.0005635696821515892
-0.0031141809290953547
0.0035034229828850858
0.0004437652811735939
-0.004786552567237164
0.00012444987775061134
0.0014261613691931535
0.0017787286063569688
-0.0021322738386308072
0.0009220048899755501
0.001180195599022005
0.0017268948655256716
0.0004095354523227382
0.0006310513447432762
-0.002855501222493887
-0.00016454767726161362
0.0009308068459657702
0.0007933985330073347
0.0020574572127139363
-0.0010574572127139369
-0.0005215158924205374
0.00355721271393643
-0.0005479217603911981
-6.479217603912013e-05
0.0009356968215158923
-0.0019508557457212714
0.000476528117359413
0.0007386308068459657
0.0012222493887530563
0.0009762836185819079
-0.0014843520782396092
-0.0016657701711491437
0.0004374083129584351
-0.0007210268948655253
-0.0002809290953545233
-0.0015567237163814183
-0.001380684596577017
0.0020261613691931546
0.00015378973105134464
-0.002180195599022006
0.0016359413202933983
-0.0005332518337408313
-0.0015635696821515897
0.0010520782396088017
-0.0008012224938875306
-0.0018462102689486557
-0.0009562347188264056
0.004006112469437653
0.00039486552567237173
-0.0019498777506112466
0.0031567237163814188
0.0027444987775061126
-0.0020242053789731053
-0.0003449877750611247
0.00041442542787286074
0.00014107579462102683
-0.0015689486552567238
-0.0015244498777506113
0.0022501222493887534
-0.000586063569682151
0.0014403422982885085
-0.0006442542787286064
-0.0011454767726161372
-0.0009997555012224942
-0.0007743276283618583
-0.0019190709046454765
-0.0016031784841075794
0.0020838630806845966
-0.001246699266503667
0.0006833740831295843
-0.0008334963325183375
0.000883374083129585
-0.00011613691931540291
-0.003748899755501223
0.0016168704156479217
-0.00021491442542787307
0.000666259168704156
0.0019498777506112472
-0.0015317848410757947
0.0005464547677261612
0.0003293398533007336
0.00193960880195599
0.001087775061124694
0.00044523227383863064
0.00042176039119804426
0.0005019559902200491
-0.0007762836185819071
-0.0020486552567237164
-0.0006471882640586794
-6.039119804400964e-05
-0.0021127139364303183
0.004424694376528117
0.001393887530562347
0.0008496332518337411
-0.0007733496332518337
1.4914425427873119e-05
-0.0018388753056234725
-0.0028393643031784845
0.000585085574572127
-0.0007973105134474332
-7.50611246943761e-05
8.435207823960874e-05
0.0010075794621026888
-0.001876528117359414
0.000644743276283619
0.002071638141809291
-0.0014476772616136922
9.315403422982883e-05
-0.0003234718826405867
-0.0019958435207823966
0.0022779951100244497
-0.0031748166259168704
0.0025855745721271397
0.00020660146699266486
0.0007728606356968214
0.0007117359413202938
-0.0025322738386308065
0.0022579462102689488
-0.0007004889975550124
0.0008814180929095352
-0.0020789731051344745
-9.755501222493845e-05
0.0015102689486552572
-2.958435207824022e-05
-0.0003870415647921756
0.00021100244498777515
-0.00242078239608802
-0.00041687041564792175
0.0017014669926650372
0.00011955990220048893
0.0016085574572127143
-0.0009875305623471878
-0.000787041564792176
0.0010217603911980436
0.0010550122249388756
-0.000834963325183374
-0.0009322738386308067
-0.001620782396088019
-0.000502444987775061
-0.001565525672371638
-0.0037875305623471887
0.001793887530562346
-0.0018359413202933984
-0.0008701711491442542
0.0028119804400977997
0.0037176039119804407
0.0011024449877750616
0.0003234718826405871
-0.0016393643031784838
-0.0017831295843520783
0.0011264058679706602
-0.0031963325183374074
0.0014867970660146698
0.0005122249388753058
-0.0005596577017114919
-0.0004422982885085576
0.0011875305623471881
0.0018559902200489
0.0010457212713936433
0.00028973105134474307
0.0021630806845965773
0.002500977995110025
0.00042567237163814147
0.0029894865525672376
0.0022760391198044013
-0.0013268948655256723
-0.004087775061124694
-0.002256968215158925
0.0006833740831295846
-0.0007322738386308067
0.001037897310513447
-0.0008941320293398532
-0.0001865525672371637
0.0015092909535452327
5.990220048899774e-05
-0.0012354523227383865
-0.002625183374083129
0.0017444987775061128
-0.0030936430317848413
-0.001704889975550122
-0.0007919315403422982
-0.0005391198044009785
-0.0023875305623471885
-5.2078239608801514e-05
0.0005141809290953541
0.002059902200488998
-0.000571882640586797
-0.002815892420537897
-0.0035679706601467
-0.001030562347188264
0.0006271393643031782
-0.00042078239608801934
-0.0012251833740831292
-0.0010755501222493888
0.0011004889975550125
0.00011271393643031792
-0.0012643031784841073
0.000400244498777506
0.0007880195599022004
0.0022359413202933985
0.0005899755501222498
-0.0028740831295843527
3.78973105134474e-05
-0.0010134474327628362
0.004909290953545232
-5.1344743276283395e-06
0.00030831295843520765
0.0022466992665036677
0.0005586797066014668
0.0006838630806845969
0.00015232273838630816
3.1784841075799264e-06
0.0018877750611246945
-0.0014858190709046452
0.002169926650366748
-0.0011000000000000003
-0.0012569682151589245
-0.0016154034229828853
7.701711491442536e-05
0.0015757946210268948
-0.0014706601466992666
0.0007645476772616134
0.0006520782396088019
-0.0011337408312958436
-0.00023545232273838656
0.0016349633251833747
-0.00040513447432762793
0.0015405867970660144
0.0012466992665036674
0.0016305623471882641
-0.0008838630806845964
-0.0003420537897310513
-0.0004525672371638139
-0.0012075794621026893
-0.0004506112469437654
0.00038215158924205403
-0.00031124694376528136
-0.0014256723716381417
-0.0021356968215158925
0.0036198044009779955
-0.002301955990220049
-0.0005396088019559901
0.002738630806845966
-0.0018276283618581907
0.001123471882640587
0.0019273838630806841
0.002556723716381417
-0.001225672371638142
0.00331760391198044
-0.0009391198044009774
0.002170904645476773
0.0017943765281173592
-0.0010124694376528113
-0.0013029339853300732
-0.002187530562347188
0.0013410757946210263
0.0015767726161369194
0.0012315403422982886
-0.0025987775061124697
-0.0026858190709046458
0.0011899755501222492
0.0011792176039119805
-0.00032493887530562354
-0.0009938875305623466
0.0022325183374083137
0.00023251833740831274
0.0006300733496332519
-0.001993398533007335
-0.0015669926650366754
-0.0009777506112469442
-0.0013762836185819073
-0.002558679706601467
-0.00023740831295843525
0.0012643031784841073
-0.0004902200488997555
0.001129339853300733
0.0007689486552567243
0.0002584352078239608
0.001509779951100244
-0.0019806845965770173
-0.0004110024449877755
0.0035606356968215158
-0.0011034229828850853
0.0020334963325183376
0.0010760391198044005
0.00031124694376528055
0.0007709046454767725
-0.001864303178484108
0.0016012224938875307
-0.002606112469437653
-0.0012823960880195596
-0.002174327628361858
0.00015721271393643037
-0.0033146699266503664
0.0007058679706601471
0.0008383863080684596
-0.0007767726161369187
4.132029339853312e-05
0.0016173594132029342
0.004750855745721272
-0.0003723716381418099
-3.3496332518337517e-05
0.00037726161369193206
-0.0006525672371638136
-0.0006114914425427873
-0.0024286063569682157
-0.0015063569682151592
7.212713936430328e-05
-0.0016559902200489
0.002892665036674817
0.002194865525672371
-0.0008843520782396088
0.001341075794621027
0.003294132029339853
-0.0009215158924205377
0.00034107579462102706
0.001861858190709046
0.002016381418092909
-0.00197041564792176
0.003183618581907091
-0.0022457212713936437
-4.4254278728606236e-05
-0.0012980440097799509
-0.0013899755501222493
-0.0008799511002444988
-0.002337163814180929
-0.00034694376528117394
-0.000984107579462103
-0.0021391198044009778
-0.0009004889975550121
0.0021498777506112473
0.0007342298288508559
-0.00021100244498777483
-0.002379706601466992
0.0012750611246943764
-0.0010207823960880194
-0.0017845965770171154
-0.0009156479217603908
0.00026870415647921775
-0.001115158924205379
0.0009327628361858192
0.003164547677261614
-0.0011215158924205377
-0.0021860635696821515
-0.002850611246943765
-0.001474083129584352
0.001079951100244499
0.0009391198044009774
-0.0016261613691931544
0.000759168704156479
0.0018105134474327624
-8.533007334963352e-05
-0.0010349633251833744
0.00023691931540342268
-0.0008119804400977995
-0.0010139364303178486
0.0028393643031784845
0.002436430317848411
0.0022677261613691935
-0.0007709046454767728
0.0009352078239608805
0.00014205378973105117
-0.00040709046454767743
0.0020589242053789735
0.0017322738386308066
-0.0004916870415647928
-0.0006515892420537896
5.892420537897313e-05
-0.0030222493887530565
-0.00015281173594132083
-0.0015533007334963325
-3.251833740831311e-05
0.0012936430317848407
-0.0003391198044009778
0.0013342298288508557
0.0001713936430317851
-0.0003322738386308069
-0.0006980440097799514
0.0018080684596577016
-0.0013811735941320292
-0.0008315403422982889
0.0010731051344743275
-0.0001606356968215158
1.5403422982885017e-05
0.0016496332518337405
-0.0006877750611246943
0.0011792176039119805
0.001551344743276283
-0.002367481662591687
-0.0010388753056234717
0.0006735941320293394
0.0004173594132029339
0.0018447432762836184
0.00012787286063569643
0.0011019559902200483
-0.001115647921760391
0.00034889975550122273
0.0026745721271393633
0.0007347188264058682
0.0013689486552567237
0.00016601466992665088
-0.0014119804400977997
-0.0018574572127139362
0.0003885085574572125
0.0019048899755501226
-0.0008657701711491439
0.0009117359413202935
-0.002806601466992665
0.0015630806845965766
0.0016183374083129588
0.0006095354523227384
0.0025533007334963332
0.0013317848410757944
-0.001225672371638142
-0.00023154034229828853
0.0001239608801955992
-0.0007092909535452324
0.004127383863080684
-0.0007875305623471878
-0.0014271393643031786
-0.0005435207823960878
-0.0002051344743276278
0.0005176039119804401
0.0016046454767726158
-0.0007694376528117359
0.004810024449877751
-0.0011753056234718822
0.003172371638141809
-0.0030315403422982883
1.5892420537896647e-05
0.0031156479217603916
0.00014596577017114964
0.0014080684596577014
-0.00016063569682151565
-0.0008985330073349634
-0.0017753056234718827
0.0010564792176039118
-0.0005078239608801953
-0.0013254278728606357
0.0008066014669926649
-0.000494621026894866
0.00014156479217603872
-0.000780195599022005
-0.00015330073349633218
0.0010056234718826406
0.001078484107579462
-0.00035183374083129607
-0.000738630806845966
-0.0005254278728606357
-0.0006110024449877748
0.002431540342298289
-0.0030222493887530565
-0.0009743276283618581
0.002386063569682151
-0.00033227383863080717
-0.001492176039119804
0.002625183374083129
-0.0002682151589242055
0.0011709046454767727
-0.001060880195599022
0.0007630806845965769
-0.0015430317848410754
-0.0022775061124694377
0.0013841075794621027
0.0010334963325183374
-0.002178239608801956
0.0008462102689486557
0.0013166259168704156
0.0006359413202933986
-0.0001787286063569686
0.0018305623471882638
-0.0019562347188264062
-0.001177750611246944
0.0016814180929095354
0.002184107579462103
-0.0018628361858190712
0.001249144254278729
-0.0005244498777506113
-0.0009381418092909533
-0.0009312958435207823
-0.0021088019559902197
0.0006056234718826405
-0.001336674816625917
-0.0006569682151589237
0.0007963325183374085
0.0002496332518337411
-0.00025452322738386303
-0.0004687041564792181
0.0008134474327628364
-0.0008017114914425426
-0.0007449877750611249
0.0003303178484107581
-0.0019723716381418095
-0.0016550122249388754
-0.0009366748166259166
0.0038618581907090463
0.002776772616136919
-0.0004550122249388754
0.0011508557457212713
-0.0015352078239608802
0.0023689486552567244
-0.0014540342298288505
0.0026867970660146697
0.001485819070904645
-0.0023567237163814184
-0.0019391198044009777
-0.0028535452322738385
-0.0005801955990220053
-0.0002931540342298286
0.00028239608801955966
0.000580684596577017
-0.0021885085574572132
-0.0023669926650366747
0.0010149144254278724
-0.0013484107579462099
-2.616136919315441e-05
0.0006682151589242051
0.001172860635696821
-0.002567970660146699
0.0015816625916870413
0.0021513447432762837
-0.0022853300733496336
0.00023300733496332476
0.0029268948655256726
-0.002499999999999999
0.002795843520782396
0.004139119804400977
0.0013146699266503665
-0.0017909535452322741
0.0005958435207823961
-0.003228117359413203
0.0018613691931540337
-0.0008662591687041562
-0.001643276283618582
0.0010892420537897314
0.00022958435207824011
0.001793398533007335
0.00014694376528117344
-0.002541075794621027
-0.0004682151589242055
-0.0025645476772616135
7.066014669926645e-05
-4.9144254278728454e-05
0.0009826405867970664
-0.0005968215158924206
-0.0030559902200488994
-0.0011391198044009784
0.0019254278728606353
-0.0018779951100244493
0.000643765281173594
0.0017669926650366748
0.0028330073349633255
0.00017970660146699263
0.0020325183374083127
-0.0028819070904645477
-0.0015665036674816627
-0.0007312958435207825
-0.0009127139364303183
-0.0013322738386308066
0.0018237163814180928
6.870415647921751e-05
-0.001501955990220049
0.0004144254278728608
-0.0008290953545232273
6.772616136919276e-05
-0.001671638141809291
0.002620782396088019
-0.0013811735941320292
0.0005239608801955991
0.0011821515892420534
-0.0013689486552567241
-0.0013366748166259174
-0.0005132029339853299
0.0004354523227383869
-0.00043447432762836174
0.000565036674816626
-0.0036051344743276282
0.0011894865525672368
-0.0033440097799511
-0.0008119804400977994
-0.0029449877750611243
0.0009611246943765284
0.0030061124694376524
-0.001342542787286064
0.00045207823960880173
0.0014936430317848417
-0.0005092909535452325
0.0018877750611246945
-0.002841320293398532
-0.0011973105134474322
0.0010403422982885086
-0.0026227383863080683
0.00018508557457212724
0.0026520782396088024
0.00024914425427872847
0.0020080684596577017
-0.002059902200488998
-0.00011418092909535478
0.0011420537897310517
-0.0006290953545232273
-0.00025354523227383893
0.0010100244498777505
0.001200733496332518
0.0014364303178484106
0.0004310513447432759
0.0017239608801955986
-0.0007728606356968211
-0.0012193154034229826
-0.0026246943765281176
0.0018804400977995108
-0.0009039119804400978
0.0012105134474327626
-0.0003092909535452323
0.0005234718826405871
0.0014643031784841076
-0.0007459657701711495
-0.0017029339853300732
5.6479217603912e-05
8.581907090464535e-05
0.000787530562347188
0.0009112469437652804
-0.002128361858190709
0.0005440097799511003
-0.00322518337408313
3.178484107579791e-06
-8.973105134474364e-05
0.001629095354523227
0.0010070904645476768
-0.0013234718826405866
-0.0017312958435207822
-1.2469437652811991e-05
0.002986063569682151
-0.00034058679706601435
-0.003211002444987775
-0.00010000000000000032
-0.0006530562347188265
-0.0003826405867970657
0.0008227383863080687
-0.001737163814180929
0.0012457212713936432
0.001369926650366748
-0.0025405867970660144
0.003119070904645477
-0.0004242053789731054
-0.002314669926650367
-1.5892420537897054e-05
-0.0015484107579462091
-0.0009454767726161368
0.0008339853300733498
0.00017286063569682108
0.0031581907090464556
0.0002975550122249387
0.0019410757946210265
-0.0004530562347188261
0.0012926650366748165
-0.0017014669926650368
0.004267726161369193
-0.0009797066014669929
0.0007914425427872863
-0.0014085574572127138
-0.00025990220048899775
-0.0008339853300733497
-0.00039779951100244517
0.0011699266503667483
-0.0014657701711491443
0.0010286063569682152
-0.0010892420537897312
0.0030711491442542787
8.092909535452306e-05
0.000472127139364303
0.0007034229828850856
0.0022867970660146696
0.0007361858190709045
-0.0015415647921760392
0.0018413202933985323
1.5892420537897528e-05
-0.0001474327628361856
0.0006975550122249388
0.00042616136919315406
0.0006070904645476773
-0.0009029339853300731
-0.001046210268948655
0.000763080684596577
0.005584596577017115
0.0011831295843520778
-3.178484107579655e-06
-4.645476772616168e-06
0.0026036674816625922
-0.00137921760391198
0.0017635696821515893
0.0015303178484107579
-0.0027356968215158923
0.0024486552567237153
-0.002103911980440098
0.0026643031784841075
0.0019488997555012228
-0.0022334963325183373
0.0025381418092909535
-0.00032885085574572184
-0.0007743276283618579
0.0017757946210268946
-0.0011684596577017116
0.0012814180929095354
-0.00048533007334963335
0.0006364303178484105
-0.0010633251833740826
0.0032760391198044005
0.00010929095354523212
0.0009146699266503665
-0.00025745721271393604
0.00043398533007334974
-0.0025298288508557457
-0.0016892420537897312
-0.0016877750611246944
0.0009264058679706602
0.0005674816625916868
-0.0016965770171149144
-4.572127139364288e-05
0.0007435207823960881
0.0007870415647921765
-0.0009977995110024454
0.0004711491442542779
0.0001048899755501225
-0.0006955990220048896
-0.0011875305623471881
0.0006378973105134472
0.001732762836185819
-0.001989975550122249
-0.0016545232273838628
-0.0003542787286063569
0.00014449877750611256
-0.000400244498777506
-0.0032902200488997557
-0.0009738386308068458
-0.001076039119804401
0.00031858190709046423
0.0014251833740831297
-5.6479217603912136e-05
0.0014198044009779952
0.0005283618581907093
-0.0010095354523227385
0.0008907090464547676
-0.0016985330073349633
-0.0030809290953545234
-0.0012202933985330075
-0.0013894865525672369
0.001854034229828851
0.00028973105134474285
-3.838630806845998e-05
-0.0009347188264058681
-0.001944987775061124
0.000789975550122249
0.0034041564792176037
0.0018652811735941318
-0.0004863080684596576
-0.0006007334963325187
-0.0018012224938875306
-0.0016364303178484105
-0.0003709046454767722
0.0013259168704156479
0.0029533007334963325
0.0018755501222493885
-0.0002882640586797066
0.005233007334963325
-0.002577750611246944
0.0015792176039119805
0.0014339853300733493
0.0006286063569682146
-0.005295599022004889
0.00312200488997555
-0.002052567237163814
0.0018388753056234725
0.0037557457212713933
-0.0010721271393643033
-0.00013031784841075812
-0.001141075794621027
-0.0019885085574572127
-0.00129559902200489
-0.0003987775061124695
-0.0012271393643031785
0.0002877750611246946
0.0002633251833740829
0.0021220048899755505
0.00156161369193154
-0.0005166259168704158
0.0002041564792176042
0.0025591687041564793
0.00046136919315403416
0.0025229828850855747
-0.0019254278728606353
0.001440831295843521
-0.0016652811735941321
-0.00044034229828850884
-0.0005943765281173595
0.0014589242053789726
-0.001337163814180929
0.00043887530562347187
0.0009185819070904645
-0.0013977995110024447
0.00014547677261613704
-0.0005210268948655255
-0.000204645476772616
-0.0019283618581907092
-0.0011259168704156478
-5.5012224938874745e-05
0.00043447432762836206
0.0017806845965770174
-0.0007513447432762834
0.0011239608801955985
-0.0017855745721271398
-5.0611246943765445e-05
-0.0014559902200488998
0.0009
0.0031929095354523225
-0.0011836185819070907
0.0018202933985330075
-0.001854034229828851
-0.00022078239608801955
0.00250440097799511
-0.0016867970660146695
0.001217848410757946
9.022004889975575e-05
0.00033276283618581906
-0.0011914425427872863
0.002782151589242054
0.003543520782396088
-0.0013004889975550126
0.005029584352078239
0.0014687041564792175
0.0011640586797066015
-0.0014007334963325182
6.52811735941319e-05
0.0009337408312958435
-0.0008349633251833737
-0.0028716381418092906
-0.0024339853300733493
0.0009655256723716382
0.0010555012224938878
-0.0009347188264058679
0.0015136919315403422
0.0008246943765281173
0.000210513447432763
0.0029122249388753058
-0.0025210268948655254
0.0005347188264058679
-0.0009889975550122247
-0.003210513447432763
-0.0017112469437652815
-0.0012985330073349637
-0.001260880195599022
-0.001458435207823961
0.0012398533007334967
0.00015134474327628338
-0.0017161369193154034
-0.0007542787286063567
0.0020100244498777514
0.00011271393643031779
-0.004868215158924205
0.0006633251833740829
0.0028936430317848412
0.0001811735941320294
-0.0027518337408312965
0.00020562347188264046
0.0018701711491442541
0.0007352078239608801
0.002604156479217604
0.0004897310513447434
-0.00019633251833740868
0.0005092909535452324
0.0007533007334963326
0.0011977995110024453
-0.0030222493887530556
0.001730317848410758
-0.0020007334963325174
0.0018408312958435207
-0.003568948655256723
-0.0024486552567237166
-0.00216601466992665
-0.002729828850855746
-0.0005425427872860635
0.0010286063569682148
-0.0017224938875305624
0.0012491442542787285
-0.0017283618581907087
-0.0010393643031784841
0.00021735941320293406
-0.0005166259168704155
0.0010569682151589238
-0.00026674816625916873
-0.00026577017114914414
0.00013080684596577
-0.001338630806845966
0.0006755501222493885
-0.0014310513447432767
0.001739119804400978
0.0002731051344743274
0.00012151589242053808
-0.0014926650366748162
-0.0015508557457212713
0.0018188264058679707
-0.0008217603911980437
-0.0005821515892420544
0.0010080684596577014
-0.0001410757946210271
0.0002374083129584348
0.001063814180929095
-1.6381418092909497e-05
0.002753300733496332
-0.0011244498777506118
0.002776283618581907
-0.001556723716381418
0.001276039119804401
-0.0008892420537897311
0.0005034229828850855
-0.003257946210268949
0.0008256723716381417
-0.0009268948655256722
0.0017405867970660149
0.0015973105134474332
-1.7114914425428023e-06
-0.003991442542787287
0.001689242053789731
0.000586552567237164
-0.0009958435207823959
0.0018290953545232272
0.0019621026894865523
-0.002212958435207824
0.0008559902200488998
-0.0006271393643031786
0.0015601466992665033
0.0006393643031784843
0.00023985330073349632
-0.0008809290953545232
-0.0002794621026894868
-0.00168239608801956
-0.0011312958435207826
-0.0006721271393643029
-0.001217359413202934
-0.0022471882640586797
0.0028618581907090463
-0.0007396088019559903
-0.0005063569682151589
0.00035085574572127115
-0.0035836185819070904
0.000651100244498777
0.00016454767726161403
-0.00027310513447432766
0.002682885085574572
0.001434963325183374
-0.0011312958435207823
-0.00016454767726161376
-0.00017090464547677271
-0.0023327628361858193
0.0028310513447432763
-0.0026623471882640582
0.0009919315403422984
-0.0008378973105134472
0.000328361858190709
-0.002200733496332518
-0.000658924205378973
0.0015850855745721277
0.0004173594132029341
0.0021410757946210266
0.00038019559902200496
-0.0016569682151589239
-0.0015224938875305625
-0.00022567237163814192
-0.0028261613691931546
-0.0018457212713936428
0.0007474327628361857
0.0005396088019559903
-0.0023185819070904645
9.364303178484134e-05
-0.0016892420537897312
-0.0004139364303178483
0.002903911980440099
-0.0026936430317848416
-0.003640342298288509
-0.0002765281173594131
-0.0015650366748166259
4.278728606356972e-05
0.0040735941320293395
-0.0013440097799511004
-0.0013303178484107582
0.001991442542787286
0.0006867970660146699
0.0007968215158924204
0.0010731051344743273
0.0008256723716381417
-0.0015312958435207825
0.0018075794621026896
0.0008525672371638137
0.0028589242053789726
-0.001408557457212714
-0.0026178484107579458
0.00253520782396088
0.0012334963325183372
-0.0006315403422982886
-0.0020154034229828855
-0.0009625916870415649
-5.3056234718826604e-05
0.0005679706601466991
0.004160146699266504
0.0014212713936430316
0.0021811735941320294
0.0038134474327628366
0.0011249388753056234
0.0019513447432762837
-0.0023122249388753055
0.001011491442542787
-0.0014320293398533005
-0.002498533007334963
0.0010907090464547685
0.00040366748166259156
-0.001473594132029339
0.00017921760391198012
0.00037139364303178464
0.0008476772616136918
-0.0009547677261613691
0.004303911980440098
0.0007533007334963322
0.0022349633251833746
0.0015249388753056227
0.0023528117359413207
6.674816625916844e-05
0.0006007334963325182
-0.0007088019559902202
-0.0021816625916870414
0.0008872860635696819
0.00014596577017114882
0.0029762836185819076
-0.002968948655256724
-0.001660880195599022
0.0025929095354523223
-0.0006511002444987775
0.0030383863080684593
-0.001612469437652812
-0.0010638141809290948
-5.158924205379012e-05
-0.0011151589242053793
-2.7139364303178548e-05
-0.0018388753056234725
0.0009136919315403423
0.0014677261613691933
-0.0006902200488997555
-0.001546454767726161
0.002642298288508557
0.0019405867970660148
0.0012652811735941322
0.00015867970660146696
0.001305378973105134
-0.0023092909535452327
0.0005924205378973101
-0.0005381418092909537
0.0007073349633251833
-0.0013757946210268945
-0.004546454767726161
0.0024090464547677263
-0.0020701711491442542
-0.0012022004889975552
0.0012941320293398536
0.0036750611246943762
-0.0016814180929095354
-0.0013586797066014666
0.000248166259168704
-0.0003596577017114915
0.0018946210268948654
0.00031173594132029325
0.0009801955990220046
-8.092909535452327e-05
-0.000384596577017115
-0.0008383863080684597
0.002701466992665037
0.002550366748166259
-0.0016237163814180927
-0.0028833740831295846
0.00042273838630806874
-0.002209046454767726
-0.0002799511002444989
0.0009713936430317849
-0.0010452322738386305
0.0016286063569682146
-0.0015640586797066017
0.002095110024449878
0.002388508557457213
0.0017014669926650365
0.000982151589242054
-0.002527872860635697
-0.0006564792176039122
0.004167481662591687
-0.003520048899755501
0.0013205378973105135
-0.0025723716381418093
0.0011948655256723718
0.0004550122249388761
0.001389975550122249
0.000390953545232274
0.0009577017114914432
-0.0001704156479217609
-0.0012471882640586796
-0.0016638141809290957
-0.0007146699266503665
0.004744009779951101
-0.0016530562347188262
6.96821515892417e-05
-0.0007831295843520786
-0.0016295843520782389
0.0016496332518337413
-0.0005977995110024455
-0.0005508557457212711
0.000612469437652812
0.0013088019559902196
-0.0014882640586797063
0.0007611246943765279
-0.0005293398533007334
0.0010559902200488998
0.0008383863080684597
0.00046577017114914407
-0.0005117359413202933
-0.0017782396088019553
0.0029176039119804395
0.0003552567237163814
0.0006867970660146701
0.003815892420537898
-0.00040953545232273877
0.0008124694376528117
0.004190953545232273
-0.0005860635696821518
-0.00011613691931540372
-0.0011112469437652812
0.00022371638141809277
-0.0011210268948655257
0.0011581907090464543
-0.0019508557457212708
-0.0013273838630806845
0.0001396088019559901
-0.002832029339853301
9.853300733496333e-05
-0.00018948655256723692
0.0008603911980440095
0.00046234718826405885
-0.0004814180929095351
4.767726161369143e-05
0.0023625916870415645
-0.0010794621026894865
0.0009229828850855744
0.001128361858190709
1.882640586797042e-05
-0.001077017114914425
-0.003574327628361858
0.003772860635696822
-0.0011136919315403422
-0.0010422982885085574
0.0008594132029339854
0.0019136919315403424
0.002923471882640587
-0.0013537897310513453
0.0012789731051344743
0.000665770171149144
0.0027552567237163813
-0.0006237163814180925
0.0009694376528117362
0.001359657701711492
0.0008823960880195602
0.001197310513447433
0.00011124694376528134
0.0007709046454767727
0.001488264058679707
-0.0024041564792176037
-0.0005493887530562353
0.0018799511002444986
0.0012687041564792174
-0.0010858190709046459
0.0008985330073349638
0.00027261613691931567
-0.0001684596577017116
9.046454767725843e-06
0.0013567237163814182
-0.0010261613691931544
0.0010056234718826408
0.0008261613691931539
-0.00014547677261613732
0.00014156479217603942
0.0011601466992665031
0.0024251833740831295
0.002305378973105135
0.00017628361858190722
0.00017872860635696834
-0.0004129584352078238
-0.0017264058679706605
-0.0014339853300733498
0.0008501222493887536
0.0002897310513447432
0.0005083129584352081
-0.000547432762836186
-0.001131784841075795
0.0005777506112469435
-0.00026234718826405855
0.0016246943765281176
0.002740097799511002
-0.0008897310513447433
-0.0007415647921760392
0.0007914425427872864
2.665036674816631e-05
-0.0005278728606356961
-0.0002951100244498774
-0.0013562347188264057
-0.002959657701711492
-0.0033474327628361857
0.002761124694376528
-0.0006466992665036674
0.0025523227383863084
0.0032750611246943765
-0.0007381418092909534
0.00014400977995110027
-0.00040122249388753104
0.0001938875305623474
0.005052567237163814
-0.0018833740831295837
-0.0006530562347188265
0.0009073349633251834
-0.0005205378973105134
0.0022990220048899755
-0.0015552567237163816
-0.0009205378973105134
0.0008955990220048901
-0.0014310513447432765
0.0004070904645476771
-0.0016726161369193155
0.00021344743276283654
-0.0012701711491442547
-0.0008731051344743277
0.00047408312958435196
0.0008887530562347186
0.0006178484107579468
0.0010691931540342298
-0.0029058679706601464
0.0016339853300733488
0.0005557457212713938
0.00419242053789731
-0.00015183374083129635
-0.0006618581907090466
-0.004214914425427873
0.0017244498777506114
0.0010193154034229832
-0.0006173594132029343
-0.0007381418092909538
-0.0024134474327628355
-0.0009508557457212709
-0.0010999999999999998
-0.00201002444987775
-0.004265770171149144
-0.0021112469437652814
0.0001567237163814177
0.00021100244498777532
-0.00015281173594132043
-0.0008457212713936428
0.0022207823960880197
0.00029217603911980397
-9.119804400978012e-05
-0.0022466992665036672
0.0005679706601466997
0.001680440097799511
-0.001932762836185819
0.00032542787286063597
0.0010168704156479221
0.0012183374083129578
0.0019391198044009775
0.001656968215158924
-0.0025938875305623475
0.0017224938875305624
0.0005391198044009785
0.0023640586797066014
0.0017958435207823958
0.0011938875305623471
-0.0036691931540342297
4.4743276283618544e-05
0.0021215158924205377
-0.002107823960880196
-0.0006999999999999998
-0.0002828850855745719
0.0003083129584352081
0.0008696821515892421
-9.364303178484107e-05
-0.0007361858190709047
-0.002088753056234718
0.001349877750611247
0.002832518337408313
0.0008022004889975551
-0.00307799511002445
8.826405867970624e-05
-0.001065281173594132
-0.0016750611246943766
0.0004075794621026894
-0.00153520782396088
-0.00015281173594132056
0.0008838630806845962
0.0012349633251833743
0.004209046454767726
-0.0016266503667481662
-0.0012041564792176036
-0.0005601466992665037
0.002753300733496333
0.0036481662591687047
0.00020122249388753033
0.0004046454767726162
-0.0025816625916870416
-0.002261858190709046
0.0011122249388753052
-0.0009577017114914426
0.003493154034229829
-0.000649633251833741
-0.0019405867970660148
0.0016745721271393644
0.00032591687041564786
0.0030564792176039123
-0.0002017114914425427
0.0005787286063569681
0.002021760391198044
0.000540097799511002
-0.002878973105134475
0.0009640586797066014
-0.0008887530562347184
-0.00014400977995110013
0.0003185819070904646
0.0004608801955990219
0.0011772616136919314
0.0001899755501222487
0.00046283618581907085
-0.00035965770171149174
0.0012545232273838637
0.00032200488997555037
-0.0016711491442542783
0.000850611246943765
0.001221271393643032
0.00290440097799511
0.0014119804400977997
0.0033533007334963323
0.0010623471882640586
0.0016921760391198043
0.00035623471882640615
-0.0011586797066014671
-0.0008134474327628358
-0.0012535452322738384
-0.0007567237163814176
-0.0006677261613691932
0.0020354523227383865
-7.579462102689331e-06
0.0012061124694376522
-0.0015689486552567236
0.00021442542787286064
0.0006158924205378971
0.0021268948655256722
0.0014026894865525675
0.0003513447432762837
-0.00011760391198044031
-0.0019821515892420533
0.0006985330073349627
0.0007078239608801955
0.0004261613691931538
-0.001824205378973105
0.0029449877750611243
-0.0008916870415647927
-0.001452567237163814
0.0007254278728606365
0.0008183374083129588
0.0020867970660146703
0.00011613691931540311
-0.001832029339853301
-0.00012249388753056257
0.0021058679706601464
-0.002433007334963325
-0.00013814180929095352
0.000596332518337408
-0.0017161369193154034
-0.000339119804400978
0.002738141809290953
4.865525672371625e-05
-0.0029205378973105136
-0.005732273838630807
-0.0007508557457212708
0.002118581907090465
-0.0012559902200488997
0.00013814180929095407
-0.0005533007334963325
0.00020366748166259166
0.00048533007334963313
1.0024449877750525e-05
0.0008843520782396083
-0.0005464547677261615
0.0005728606356968218
0.0013733496332518336
-0.001953789731051345
-0.002388997555012225
-0.0005919315403422984
-0.0020740831295843524
0.0027425427872860633
0.002722493887530563
-0.0006198044009779947
0.0013924205378973104
0.00024180929095354547
0.0005141809290953544
0.00048239608801955986
-0.0015488997555012224
0.0013757946210268953
-0.003138141809290954
0.002237897310513447
-0.0009215158924205378
-0.000946943765281174
0.002432518337408312
0.0012872860635696818
-0.002988997555012225
-0.0006511002444987776
-0.0012618581907090462
-0.001663325183374083
0.0002975550122249388
-0.0005034229828850858
-0.0015987775061124692
-0.00025599022004889983
0.002052078239608802
-0.0008623471882640588
0.003036430317848411
-0.0005014669926650368
0.00012885085574572175
0.0005748166259168702
0.0021
-0.0020002444987775063
-0.0004207823960880197
0.0034188264058679706
0.0002667481662591693
-0.0003117359413202935
-0.0001410757946210267
0.0018985330073349636
0.0006574572127139368
-0.0023381418092909534
0.0001449877750611248
0.0004652811735941321
0.00022420537897310504
0.0006134474327628365
-0.0008535452322738386
-0.0008701711491442546
-0.0011356968215158925
0.0008501222493887531
0.0008745721271393638
-0.0010872860635696823
-0.0007078239608801958
-0.001814914425427873
0.0020041564792176035
-0.005081907090464547
-0.0012579462102689488
-0.0025205378973105134
0.0005997555012224938
-0.001023227383863081
6.234718826405887e-05
0.00130880195599022
0.002134718826405868
0.0027249388753056232
-0.0013542787286063567
-0.00042616136919315433
0.0015185819070904643
0.0001469437652811737
0.0014163814180929099
0.0022520782396088022
-3.1540342298288157e-05
0.0002555012224938876
-0.0016246943765281176
0.000722982885085575
-0.0009850855745721274
-0.002339119804400978
0.0018931540342298284
0.00022616136919315362
-0.0012652811735941317
-9.511002444987745e-05
-0.0007875305623471884
0.0023024449877750612
0.0022985330073349635
0.0021806845965770174
0.0017425427872860637
0.00010586797066014671
-0.001520048899755501
-0.0008222493887530562
0.0005723716381418095
-0.0011484107579462102
0.0008403422982885083
-0.002045721271393643
0.0010545232273838627
0.004485819070904646
-0.0013845965770171145
0.00034987775061124683
-0.0029968215158924206
-0.001765525672371638
-0.0015352078239608796
-0.0007254278728606353
-0.0025063569682151586
0.002452078239608802
0.0016163814180929098
-0.0010706601466992662
0.0008809290953545231
0.0008139364303178489
0.0005660146699266505
-0.002678484107579462
0.0012051344743276282
-0.0021904645476772612
-0.0016310513447432761
0.0021410757946210266
0.0011919315403422983
-0.0007356968215158923
-0.0002867970660146697
-0.00020464547677261614
0.0001112469437652814
0.0007303178484107577
-0.0035503667481662587
-0.00032689486552567255
0.0024555012224938876
-0.00044914425427872883
-0.004666748166259168
-0.00197921760391198
0.0027821515892420537
-0.0002721271393643031
0.0006960880195599021
0.0017176039119804398
-0.0019308068459657703
0.00024914425427872847
0.00011515892420537901
0.0011156479217603917
-0.0016726161369193153
-0.0007484107579462104
-0.0007870415647921764
-0.0016907090464547672
0.0010378973105134475
0.0008711491442542788
-0.0009166259168704158
-0.002163569682151589
-1.589242053789746e-05
-0.0014672371638141811
0.00012787286063569732
0.0005914425427872861
0.002029095354523228
0.0030359413202933993
0.001385574572127139
-0.0016569682151589243
0.0019577017114914418
-0.0027122249388753057
-0.0031435207823960875
0.0017503667481662596
-0.0005391198044009779
-0.000702444987775061
-0.0015205378973105134
0.000944987775061125
-0.0007508557457212712
-0.0016530562347188266
-0.002431051344743276
-0.0009498777506112475
0.0021342298288508556
-4.621026894865553e-05
-0.0028501222493887523
-0.0006413202933985329
0.00038655256723716357
-0.0006804400977995107
-0.0010775061124694378
0.0007562347188264054
0.0006999999999999998
0.0002770171149144255
0.0023718826405867972
-8.092909535452355e-05
-0.0021611246943765284
-0.003178728606356968
-0.0015371638141809295
0.0024188264058679705
0.001600244498777506
0.0030921760391198054
-0.0024374083129584355
0.0004677261613691929
-0.0026867970660146697
-0.001670171149144254
-0.0003669926650366751
-8.777506112469475e-05
-0.0016183374083129588
-0.000719070904645477
0.0004295843520782401
0.002559657701711492
0.00026723716381418084
-0.0010080684596577016
0.0006330073349633252
-1.9804400977994964e-05
-0.00227799511002445
-0.00037677261613691866
0.0014183374083129585
0.0005801955990220051
0.0018555012224938875
0.0028745721271393643
-0.00036161369193153995
0.0013464547677261613
-0.001368948655256724
0.0010877750611246943
0.0002095354523227388
0.0036667481662591684
0.0009987775061124694
-0.001737163814180929
0.001373349633251834
-0.000984596577017115
-0.00017334963325183362
0.00021491442542787253
-0.00197921760391198
-0.0003503667481662591
0.0005376528117359413
-8.875305623471909e-05
0.0015180929095354526
0.0001870415647921766
-0.0015762836185819068
0.00027457212713936485
-0.00023202933985330072
-0.0013977995110024445
0.0016486552567237162
0.0005185819070904645
-0.002044743276283619
-8.38630806845967e-05
0.0005083129584352077
0.0017743276283618584
-5.696821515892431e-05
-0.0008589242053789732
-0.004492176039119804
-5.3056234718826435e-05
0.00020024449877750603
0.0010623471882640584
-0.0011977995110024448
-0.0017019559902200492
0.0018995110024449876
-0.0013361858190709046
-0.0018237163814180926
-0.0033977995110024447
-0.0017078239608801953
0.0009117359413202935
-0.001201711491442543
-0.0011601466992665038
0.0011171149144254282
0.0007704156479217604
-0.0012154034229828854
8.777506112469488e-05
0.0019943765281173593
0.0020902200488997556
-0.0003312958435207826
0.0007415647921760386
0.0016760391198044013
0.0008657701711491437
0.003503911980440097
0.002465281173594132
-0.001565525672371638
-0.002316625916870415
-0.0007772616136919317
0.0007063569682151585
-0.0003014669926650362
-0.0007577017114914424
-0.0017601466992665038
0.0010691931540342296
-0.002312224938875306
-0.0006804400977995113
0.0011024449877750611
-0.0003283618581907089
-0.000811491442542787
-0.0032960880195599023
-0.001279951100244499
-0.0008266503667481656
0.0008775061124694375
-0.0019640586797066016
-0.00047799511002445016
0.0022491442542787285
-0.0004721271393643032
0.002983129584352078
-0.003921515892420538
0.0012066014669926647
-0.001099511002444988
0.0003488997555012226
-0.0016286063569682153
0.001958190709046455
0.000281418092909535
0.0003004889975550117
0.004390953545232274
8.777506112469448e-05
-0.0020735941320293404
-0.0005180929095354517
0.0021474327628361856
0.0008628361858190709
0.000661369193154034
-0.0006784841075794621
-0.0035195599022004895
-0.0031078239608801966
-0.0008970660146699265
5.207823960880233e-05
0.0002775061124694383
0.0007215158924205377
0.0001381418092909534
-0.0015278728606356964
2.713936430317848e-05
0.001563080684596577
0.0035699266503667485
-0.0021244498777506114
0.0017748166259168702
-0.0012745721271393644
0.0014095354523227385
-0.000664303178484108
-0.00011955990220048909
0.0007268948655256729
-0.000668704156479218
0.002230073349633252
0.00011564792176039094
0.0020662591687041565
-4.0831295843521104e-05
-0.001761124694376528
-0.002550366748166259
-0.003518092909535453
-0.0010158924205378975
-0.00016503667481662619
-0.0018579462102689486
0.0031068459657701717
0.0011268948655256726
0.00016161369193154018
-0.0009342298288508562
0.0005674816625916871
-0.002469682151589242
0.0013523227383863074
0.0022965770171149147
0.00038801955990220037
0.00023691931540342287
0.0006647921760391198
0.002368459657701711
-0.00018312958435207842
0.001554278728606357
-0.00136601466992665
-0.0021782396088019557
-0.0025562347188264056
-0.0015977995110024452
-0.0012457212713936432
0.0008246943765281173
0.002821271393643032
-0.0031748166259168704
0.0004149144254278726
0.0020095354523227372
-0.0004056234718826404
-0.0004276283618581914
0.0010207823960880194
-0.002412958435207824
0.00108679706601467
0.0003229828850855744
0.001914669926650367
0.00044229828850855747
0.0006105134474327632
0.0009919315403422984
0.0025034229828850858
-0.000719070904645477
-0.0021591687041564796
-0.002083374083129584
-0.002675550122249389
-0.001368948655256724
0.0013454767726161364
0.00044327628361858206
0.00026625916870415663
-0.0020745721271393644
-0.0020599022004889975
-0.0010828850855745722
0.00035232273838630833
6.136919315403426e-05
-0.0005699266503667484
0.0002770171149144253
-0.0032628361858190705
0.0007973105134474334
0.0030515892420537897
0.0009195599022004889
-0.00024621026894865514
0.0010833740831295848
-0.0002520782396088019
0.0011493887530562344
0.001103911980440098
-0.003959657701711492
0.0018975550122249387
-0.004431051344743276
-0.00010195599022004853
0.0012202933985330073
-0.0039039119804400984
0.0025919315403422983
-0.0005591687041564789
0.0005669926650366746
0.0008496332518337412
-0.005261858190709046
0.0010393643031784844
-0.0002242053789731046
-0.00013471882640586806
-1.442542787286054e-05
0.002762102689486553
0.0002775061124694379
-0.0012799511002444983
-0.0005933985330073352
0.0006070904645476768
-0.000612958435207824
0.0009400977995110023
0.0018921760391198048
-0.0002789731051344743
0.001102933985330073
-0.0008002444987775061
-0.0018002444987775066
0.0007987775061124697
0.0023777506112469438
-0.0009841075794621023
0.0018564792176039122
0.0014154034229828848
-0.0004325183374083134
0.00031271393643031827
0.0012809290953545228
0.0005185819070904643
-0.0017239608801955992
-0.00046968215158924183
-0.0010867970660146697
-0.0002995110024449874
-0.0005982885085574574
-0.0015635696821515892
0.0015581907090464547
0.0023161369193154036
-0.00043594132029339886
0.00029657701711491405
0.00039584352078239605
-0.0007718826405867971
-0.005644254278728605
0.0004843520782396084
-0.0005464547677261615
0.0010452322738386307
-0.002237897310513448
-0.003919070904645478
0.0008799511002444994
0.0043880195599022
-0.002334718826405868
-0.0002496332518337405
-0.001561124694376528
-0.0009435207823960878
0.0014506112469437654
0.0035342298288508563
0.0006643031784841075
0.0008828850855745722
0.0028696821515892426
-0.0007533007334963322
-9.266503667481701e-05
0.0002926650366748164
0.0007943765281173592
0.0006334963325183379
0.0003288508557457215
-0.0012999999999999993
-8.92420537897311e-05
0.0006628361858190709
-0.0010926650366748164
-0.00021149144254278726
-0.0006726161369193149
0.004382640586797066
0.0014559902200488996
0.0014823960880195597
-0.0005386308068459655
0.0010574572127139362
-0.0020867970660146703
0.0002985330073349638
0.0029498777506112473
-0.0001669926650366746
-0.0004471882640586804
-5.6968215158924105e-05
-0.0001542787286063572
-0.0004242053789731051
-0.001568459657701712
-0.0005709046454767726
0.0014310513447432756
-7.848410757946228e-05
-0.003074572127139364
-0.0011308068459657697
-0.0010491442542787288
0.002343031784841075
0.00399437652811736
-0.00037432762836185824
0.0011821515892420536
0.00047603911980440136
-0.0016315403422982884
-0.001475550122249389
-0.0004286063569682152
0.0010075794621026896
0.001440342298288508
0.00026968215158924174
0.0010476772616136915
-0.0009391198044009784
0.0011210268948655259
-0.001137163814180929
-0.00037530562347188256
0.0007963325183374083
0.0021806845965770174
-0.0008256723716381421
-0.0005782396088019559
0.00023349633251833736
-0.0016716381418092913
0.0008721271393643025
-0.0009860635696821516
0.0019655256723716385
-0.0007327628361858191
0.000470171149144254
-0.0013547677261613693
-0.00029706601466992567
-9.413202933985352e-05
0.001474572127139365
-0.0034022004889975553
0.0027909535452322744
0.0007601466992665036
0.0012432762836185817
-0.0014266503667481666
-0.001727872860635697
-0.0009508557457212712
0.0010354523227383869
0.00014449877750611297
0.0011229828850855745
-0.0007195599022004886
-0.0012246943765281172
-0.0014266503667481666
-0.0030266503667481666
0.0022897310513447437
0.0009665036674816626
-0.0004530562347188263
0.0018271393643031783
0.000852078239608802
-0.006131295843520782
0.001247677261613692
0.0005210268948655257
-0.0003244498777506116
0.00034205378973105143
-0.0035088019559902208
-0.0005112469437652812
0.0009435207823960881
1.198044009779982e-05
-3.49633251833739e-05
0.0008760391198044012
-0.002463325183374084
8.875305623471869e-05
0.0022207823960880193
0.0012921760391198045
-0.000929828850855746
0.0016471882640586796
0.00014938875305623483
-0.0010271393643031786
0.0005019559902200488
0.0011611246943765273
0.000310757946210269
0.0012657701711491444
-0.0019919315403422984
0.0011713936430317851
0.0008198044009779951
-0.0006750611246943767
0.00043496332518337373
-0.00022420537897310488
-0.0017210268948655255
0.001597799511002445
-0.0005449877750611244
4.327628361858216e-05
0.0011440097799511005
-0.0011322738386308066
-0.002531295843520782
-0.0014354523227383862
0.0005792176039119807
0.0003870415647921763
-0.0002765281173594132
0.0024946210268948655
-0.00029364303178484115
-0.0017097799511002446
-0.0014100244498777502
0.002285819070904646
0.0011557457212713932
-0.0006144254278728604
0.0010677261613691931
-0.001178728606356968
0.0001058679706601463
-0.00031173594132029336
-0.00014400977995109992
0.0003870415647921761
0.00012836185819070913
0.00019388753056234754
-0.00033618581907090455
0.0006755501222493886
-0.00042616136919315374
0.00030440097799511016
-0.0008618581907090468
-0.0016031784841075791
-0.0013117359413202933
0.00047408312958435224
0.0006814180929095359
0.0016511002444987775
0.000803667481662592
0.0020559902200489
4.914425427872862e-05
0.001015403422982885
0.002211002444987775
0.0016408312958435208
0.0030095354523227377
-0.0015068459657701712
-0.0014374083129584348
0.0006574572127139366
-8.826405867970651e-05
-0.00018801955990220082
-0.0005997555012224942
-0.0025855745721271397
-0.001868215158924205
0.00023349633251833736
-0.0016643031784841075
0.0013454767726161375
0.0003992665036674814
-0.0013616136919315396
-0.0012154034229828851
4.914425427872876e-05
0.002301955990220049
-0.0014545232273838631
-0.0015400977995110028
0.0022036674816625916
-0.0011650366748166261
-0.0013024449877750612
-0.000950855745721271
0.0005572127139364303
-0.0009381418092909536
-0.004136185819070905
-0.0026506112469437647
0.0012941320293398534
-0.001119559902200489
0.0006378973105134478
0.0032408312958435207
0.0019381418092909535
-0.0017361858190709047
-0.002079951100244498
0.00188679706601467
-0.0018687041564792173
-0.0004853300733496334
0.0024682151589242056
0.0020139364303178487
0.0003102689486552568
0.001160635696821516
0.0006564792176039124
-0.00035623471882640544
-0.0011660146699266501
-0.001635452322738386
-0.00027799511002445
0.0024916870415647918
-0.0001611246943765283
-0.0006154034229828849
0.0004711491442542787
0.0002212713936430313
0.0001459657701711491
0.0019044009779951103
-0.0012735941320293396
0.0005102689486552569
-0.0010794621026894865
-0.002462836185819071
-0.0010207823960880196
-0.000934229828850856
0.00035232273838630774
-0.0009880195599022011
-0.001481907090464548
-0.001315158924205379
-0.0010995110024449879
0.0017738386308068467
0.0012623471882640587
-0.0012427872860635702
-0.003250611246943765
-0.0012833740831295843
-0.0018447432762836184
-0.0006222493887530564
0.0008672371638141807
0.0014638141809290956
0.0015063569682151588
0.0013425427872860631
-0.0002471882640586796
-0.0013268948655256725
0.00015427872860635712
0.00027652811735941315
0.00129559902200489
0.00035281173594131984
0.002738141809290953
0.004019804400977995
-0.0036960880195599016
0.00012102689486552524
0.0014833740831295844
-0.001399755501222494
0.000234963325183374
0.002554278728606357
-0.00013960880195599038
-0.003800244498777506
-0.00037286063569682117
-0.0028476772616136915
-0.001395843520782396
-0.002115158924205379
-0.00030488997555012227
-0.00131320293398533
-0.0011953545232273835
-0.004611002444987775
0.002588997555012225
0.0013053789731051343
-0.000778239608801956
0.0012002444987775061
-0.00042713936430317854
0.0010110024449877754
3.6430317848410815e-05
0.0012046454767726162
0.0027180929095354522
0.0015547677261613692
0.00021344743276283595
-0.0009938875305623475
0.0017337408312958437
-0.001577261613691932
-0.0016090464547677266
0.0020911980440097796
0.0010408312958435212
-0.00010000000000000011
0.0013591687041564797
-0.0010662591687041565
0.0005190709046454765
-0.001106845965770171
0.0016613691931540336
-9.657701711491438e-05
-0.00010195599022004867
-0.0012765281173594133
-9.119804400977982e-05
-0.001347432762836186
-0.0018173594132029336
0.001718092909535452
-0.0008960880195599021
0.00030684596577017074
0.0011488997555012222
0.0013904645476772615
0.0003625916870415649
0.0015078239608801957
0.0007537897310513448
-0.001981662591687042
-0.0018995110024449882
0.0008383863080684596
-0.0005625916870415641
-0.0012031784841075794
0.001275061124694377
0.00047017114914425453
0.0006687041564792175
-0.00038704156479217605
0.002711735941320293
-0.0006354523227383865
0.00014889975550122264
0.0007019559902200493
0.0005073349633251836
-0.0003484107579462103
-0.0012036674816625914
0.0012144254278728607
0.0010173594132029337
0.001829584352078239
-0.001374327628361858
0.0007841075794621022
0.0008721271393643034
0.00011418092909535498
0.0005088019559902198
0.001545476772616137
-0.0008452322738386311
0.0008696821515892423
-0.001915647921760391
-0.0019180929095354523
-0.001423716381418093
9.413202933985352e-05
0.0020902200488997556
-0.00141002444987775
-0.001495110024449878
0.0032936430317848406
-0.0026511002444987775
-0.0005009779951100242
-0.00024376528117359388
0.000695110024449878
0.0018114914425427873
0.002240831295843521
-0.0028447432762836195
0.00012053789731051321
-0.0009841075794621023
-0.0005073349633251835
-0.0007875305623471882
0.0015924205378973107
0.0007332518337408313
0.0009488997555012224
0.002922982885085574
-0.0001801955990220046
0.0005117359413202933
0.0010594132029339853
-0.0029660146699266505
0.0003019559902200486
-0.002862836185819071
0.0010339853300733496
-0.0020779951100244496
0.0014960880195599021
-0.0034559902200489
0.00028337408312958424
-0.000672127139364303
-0.0038237163814180924
-5.623471882640782e-06
0.0014574572127139366
0.0005816625916870415
-0.0022251833740831294
0.001306356968215159
0.0017200488997555017
0.0018163814180929092
0.00012885085574572107
-0.0013616136919315399
0.001023716381418093
-0.0014349633251833744
0.0013630806845965767
0.001143031784841076
0.0018193154034229833
-0.0018877750611246945
0.00044914425427872845
-0.0016594132029339854
-0.0013929095354523228
0.0015723716381418093
0.0011537897310513444
0.0002481662591687043
-0.00018117359413202894
-0.0023836185819070903
-0.00032200488997554994
0.00011955990220048913
-7.701711491442522e-05
0.0013029339853300737
-0.001074083129584352
0.0004447432762836182
-0.0019943765281173597
0.00021149144254278707
0.001103422982885086
-0.0027107579462102684
0.001509290953545232
0.002527872860635697
0.0006520782396088015
0.00041980440097799475
-0.0014555012224938876
0.0005273838630806845
0.0013352078239608806
0.0018300733496332516
-0.00021491442542787267
-0.0020124694376528122
-0.0012354523227383863
0.0030696821515892423
0.0036149144254278725
0.0010471882640586798
-0.0026305623471882637
-0.0006677261613691929
-2.0782396088019512e-05
0.0004124694376528118
-0.0001684596577017114
-0.0008579462102689485
-0.0020212713936430316
0.0028828850855745717
0.0025347188264058683
-0.0017176039119804404
-0.001302444987775061
-0.0003088019559902204
0.0027748166259168707
-0.00027457212713936463
0.000685330073349633
0.001732762836185819
0.0016657701711491446
0.004493154034229828
-0.0027200488997555007
0.0003572127139364302
0.0009645476772616141
-0.00016503667481662564
0.0007122249388753056
-0.0008163814180929097
0.0023122249388753055
0.00017775061124694405
0.0036677261613691937
0.0005816625916870417
0.0020310513447432763
0.0010124694376528118
-0.0004755501222493893
-0.0009987775061124696
0.00030880195599022013
0.0007660146699266504
-8.386308068459616e-05
-0.002006601466992665
0.0016315403422982886
0.00031760391198044
0.0021092909535452317
0.001677017114914425
-0.0011410757946210268
0.00018801955990220014
-0.00478117359413203
0.0011694376528117358
0.0004955990220048902
-0.0006442542787286061
-0.003615892420537897
-0.0016334963325183376
-0.0034144254278728604
-0.0017469437652811734
0.0028364303178484104
0.004109290953545232
-0.0007542787286063567
-0.0008613691931540341
-0.0007224938875305625
0.0011464547677261612
-3.1051344743276425e-05
0.0011415647921760386
0.0026789731051344748
-0.0009195599022004889
-0.00033569682151589293
0.0013904645476772615
-0.0014931540342298282
0.0018237163814180935
-0.00014449877750611237
8.435207823960901e-05
0.0005557457212713938
0.0005254278728606356
0.0013337408312958437
0.003469682151589243
-0.0005024449877750617
0.0011308068459657701
0.003068215158924205
0.0004374083129584348
0.0017826405867970658
-0.0003885085574572128
-0.0027704156479217605
-0.001044743276283619
0.0001621026894865524
0.0013322738386308066
0.0016858190709046453
0.0009958435207823963
0.00068679706601467
-0.002269682151589242
0.0019645476772616136
3.667481662591758e-06
0.0009694376528117354
-0.0005748166259168703
-0.002109779951100244
-0.0005591687041564791
0.0020755501222493884
-0.0020388753056234717
0.0010633251833740832
0.0005870415647921764
-0.002195843520782397
-0.0006315403422982884
0.0006198044009779954
0.00024523227383863055
-0.0009180929095354521
0.0009356968215158929
0.0007048899755501221
-0.0028114914425427864
0.0003943765281173593
-0.002796332518337408
-0.004216381418092909
3.154034229828897e-05
-1.10024449877748e-05
-0.00046381418092909517
-0.0021210268948655252
-0.0029444987775061123
0.000606601466992665
0.0007699266503667485
0.0006916870415647923
-0.0007836185819070903
-0.0019444987775061122
-0.001632029339853301
-0.0008026894865525676
0.0022168704156479216
-9.413202933985358e-05
-0.0029107579462102694
0.001185574572127139
0.0023029339853300732
0.00024963325183374074
0.002129339853300733
-0.0009171149144254279
0.0011645476772616133
0.002099022004889975
0.00026381418092909513
0.00010782396088019556
-0.003331295843520782
-0.002459902200488998
-0.0008286063569682157
0.0010706601466992664
0.0011239608801955992
0.003760635696821516
-0.002173349633251833
0.00018997555012224943
0.002017359413202934
-0.00022078239608801955
-0.001610513447432763
0.002842298288508558
0.0018535452322738387
-0.0002603911980440092
0.00012933985330073372
0.0015366748166259167
0.002990953545232274
0.0011239608801955992
-0.0029601466992665026
0.0001024449877750612
-0.0019875305623471883
-0.0019973105134474325
-0.001431051344743276
0.0002872860635696821
-0.0023376528117359414
-1.6381418092909497e-05
0.0016457212713936432
0.0010246943765281175
0.0003009779951100244
-0.002160635696821516
-0.00027848410757946184
0.0020144254278728606
-0.0007855745721271398
-0.0027312958435207818
0.0014256723716381417
-0.0024144254278728604
0.0007733496332518341
0.000862836185819071
0.003181173594132029
0.001255501222493888
0.0003430317848410762
-0.0002374083129584356
-0.0025709046454767725
0.0026119804400977996
0.00017188264058679687
0.00018264058679706653
0.0009044009779951102
0.0002550122249388749
0.0020056234718826404
0.0011029339853300736
-0.0022647921760391198
0.0011572127139364299
0.0006183374083129587
-0.0003723716381418093
0.0026775061124694375
-0.0017283618581907087
0.0006955990220048902
0.0005444987775061127
-0.0033645476772616134
-0.0005968215158924209
0.0020119804400977994
0.0001298288508557454
0.0006149144254278726
-0.0016657701711491443
0.0002633251833740832
3.178484107580062e-06
-0.0024594132029339853
0.0029919315403422976
-0.001070171149144254
-0.00038361858190709056
-0.0014110024449877749
6.381418092909572e-05
-0.0004183374083129584
0.0004652811735941321
1.5403422982885017e-05
-0.0013278728606356963
0.0009044009779951097
-7.163814180929093e-05
0.0014647921760391196
-0.0007704156479217601
-0.0002589242053789734
-0.0015112469437652811
-0.00042469437652811726
0.0020486552567237164
-0.00010635696821515875
0.003885330073349633
-0.0005542787286063572
-0.0019366748166259175
-0.001176283618581907
-0.0005572127139364301
0.0014638141809290952
-0.0010188264058679708
0.002008557457212714
0.001231540342298288
-0.0002022004889975556
-0.0009312958435207825
0.0016662591687041566
-0.0041063569682151585
0.0018633251833740825
-0.0027797066014669924
0.0011449877750611252
-0.0005635696821515895
-0.0003836185819070903
0.0010017114914425424
-0.0005645476772616142
0.0013205378973105135
0.003213936430317848
-0.0018946210268948654
0.004035941320293399
-0.0025039119804400978
0.000608557457212714
0.0004784841075794622
0.000725916870415648
0.001883374083129584
0.0022110024449877755
-0.0024682151589242056
0.00048777506112469436
-0.00044865525672371646
0.002569926650366749
0.003102933985330073
0.00031026894865525677
-0.000597310513447433
-0.0008207823960880193
-0.00021638141809290974
-0.0012946210268948658
0.0010779951100244498
-0.00017970660146699295
-0.0019264058679706604
0.0013968215158924207
0.0008168704156479218
0.002312713936430318
-5.0122249388752696e-05
0.0006955990220048902
0.00023545232273838624
0.0006383863080684596
-0.001088753056234719
-0.0008315403422982881
-0.0023097799511002447
-0.00020171149144254243
-0.0022070904645476773
0.0019347188264058673
-0.0006222493887530566
-0.0010657701711491436
0.0011694376528117358
-0.0004393643031784843
-0.0018506112469437656
0.0014814180929095357
0.0017748166259168698
0.0007254278728606357
-0.001395354523227384
0.0002599022004889979
0.00014254278728606368
0.00023545232273838637
0.0015806845965770171
-0.002535696821515892
-0.0020168704156479215
-0.00043643031784841086
0.00024865525672371626
-0.0010926650366748164
0.0005146699266503672
0.0030701711491442542
0.0020809290953545225
0.00014254278728606333
0.0005117359413202938
-0.00021393643031784846
-0.003145476772616137
-0.0016051344743276282
-0.0016662591687041561
0.0024559902200489
0.0003831295843520785
-0.00048141809290953543
-0.0015694376528117358
0.0012427872860635697
-0.0003508557457212716
0.00032396088019559906
-0.0008286063569682157
-0.0035014669926650365
0.002067237163814181
-0.0013171149144254278
-0.0014770171149144247
0.00041784841075794606
0.0002623471882640587
0.0019665036674816625
-0.0010325183374083132
-0.003675550122249388
-0.001139119804400978
-0.0008383863080684596
-0.004614914425427873
-0.0006687041564792178
-0.00023398533007334903
0.002102933985330073
0.0009523227383863081
-0.0007435207823960882
-0.0008383863080684596
0.0012061124694376524
-0.0002867970660146701
-0.00011075794621026855
-0.00021882640586797056
0.0027782396088019555
0.0011973105134474324
-0.00035672371638141814
-0.00027603911980440083
-0.0009640586797066013
-0.0010916870415647927
0.0015405867970660146
-0.0014555012224938874
0.0014530562347188265
-0.0005635696821515893
0.004059413202933986
0.0008017114914425429
0.001147432762836186
-0.0025655256723716383
-0.002068215158924205
-0.0017748166259168698
-0.0020569682151589243
0.00043056234718826425
0.0010139364303178482
-1.88264058679713e-05
8.826405867970679e-05
0.0019014669926650369
-0.0002853300733496328
-0.0023885085574572125
0.0008990220048899758
0.0009572127139364302
0.0033523227383863074
-0.0008046454767726157
0.000592420537897311
-0.0016921760391198043
0.0003322738386308064
0.00229559902200489
-0.0019425427872860636
0.0003259168704156473
0.0011078239608801953
0.00031124694376528125
0.001051100244498777
-0.00018801955990220117
8.581907090464553e-05
0.0003875305623471884
0.0018511002444987774
0.0021386308068459658
0.00032347188264058685
-0.0009044009779951102
0.00020562347188264068
0.0021185819070904644
-0.0013112469437652813
0.0022364303178484105
-0.0005557457212713938
0.00045256723716381416
0.0004931540342298287
-0.0011557457212713934
0.0033669926650366747
-7.701711491442536e-05
-0.0006765281173594131
0.0020823960880195593
-0.002556723716381418
-0.0019679706601466993
0.0008315403422982883
0.0006476772616136917
-7.090464547677295e-06
-0.00269559902200489
-0.0005704156479217601
0.0007513447432762834
0.0009581907090464548
0.0008359413202933985
0.0007621026894865528
-0.001109290953545232
0.0024261613691931544
-0.0038310513447432763
-0.0017308068459657702
-0.0005767726161369195
0.0017122249388753054
-0.0013376528117359416
-0.000435941320293398
0.0006017114914425428
-0.003072616136919315
-0.000585085574572127
0.0009523227383863075
-0.001243765281173594
0.0010305623471882637
-0.002434963325183374
-0.00026332518337408275
0.002766503667481662
-0.0005738386308068461
0.0023528117359413207
0.0009606356968215158
-0.00011026894865525672
-0.00016112469437652802
-0.0010726161369193153
0.002876039119804401
-0.0009860635696821516
-0.00037726161369193125
0.0008564792176039118
-0.0022344743276283617
-0.000499511002444988
0.0008427872860635693
0.0007342298288508561
0.0009909535452322742
0.0021709046454767727
-0.0020359413202933985
0.0009547677261613692
-0.0016344743276283618
-0.0005591687041564791
0.0003557457212713942
-0.000808068459657702
-0.001279462102689487
-0.00048581907090464513
0.0037474327628361863
-7.163814180929053e-05
0.0016403422982885086
-0.0002672371638141811
-0.0009132029339853299
0.001808068459657702
0.0027425427872860638
-0.004096577017114914
0.0019435207823960885
-0.0005562347188264062
-0.0002207823960880194
-0.0018672371638141804
-0.0007992665036674818
-0.00013911980440097787
0.0029205378973105136
0.0005009779951100242
0.0037757946210268943
0.001067237163814181
-9.315403422982863e-05
-7.555012224938857e-05
0.0014246943765281173
-0.0004907090464547677
-2.5672371638141696e-05
0.0014462102689486555
-0.0008256723716381418
0.0012574572127139363
0.0015635696821515892
-0.0034853300733496337
-0.000768948655256724
0.00020024449877750603
0.0024902200488997554
0.0016833740831295844
0.0002271393643031785
0.001708312958435208
-0.0024599022004889977
0.000920048899755501
4.8655256723716315e-05
-0.0008056234718826404
-0.0002804400977995111
0.00015819070904645496
0.0006858190709046454
-0.0020652811735941325
3.887530562347222e-05
-0.002392420537897311
-0.003204156479217604
0.00014938875305623515
-0.0015836185819070908
-0.0004232273838630809
0.001735696821515893
0.00016454767726161349
-0.0023767726161369193
0.0012633251833740829
0.001290709046454768
0.0005102689486552567
-0.0008344743276283617
0.001983129584352078
0.0018339853300733495
0.00029706601466992653
-0.0019518337408312957
-0.0009415647921760388
0.0034026894865525664
-2.444987775060855e-07
0.002011491442542788
-0.0003596577017114917
0.00023105134474327648
-0.003124938875305623
-0.00029217603911980457
-0.00039877750611246965
0.002479462102689487
-0.00041589242053789727
-0.00041246943765281194
0.00044914425427872916
0.000852078239608802
-0.00039633251833740815
0.00021687041564792203
-0.0014501222493887534
0.00355916870415648
-0.0014227383863080686
-0.0019518337408312959
0.00020953545232273797
-0.003203667481662592
-0.00018166259168704213
0.0020242053789731053
5.0611246943765065e-05
0.0004760391198044011
0.0012051344743276287
0.00186919315403423
0.0018232273838630802
-0.002228606356968215
0.0004926650366748167
-0.0015792176039119803
-0.001670171149144255
-0.0007464547677261614
-0.0020799511002444985
0.001489242053789731
0.0004838630806845962
0.0017586797066014672
-4.767726161369198e-05
-0.0010662591687041559
7.55501222493887e-05
0.00021051344743276218
0.002885330073349633
0.0003948655256723721
0.0010657701711491445
-0.0025806845965770167
0.002256479217603912
-0.0007523227383863082
0.00030880195599021986
0.00013276283618581883
0.0004022004889975547
-0.0001997555012224938
-0.002263814180929095
0.0001361858190709047
0.0010056234718826404
0.002083863080684597
0.002339119804400978
0.003763569682151589
0.004780684596577017
0.0006476772616136922
-0.002476528117359413
0.00025990220048899775
-0.0004887530562347193
-0.0026061124694376535
-0.002048655256723717
0.0002584352078239609
-0.0017420537897310517
-0.00040317848410757957
0.00034596577017114973
0.00041540342298288494
-0.0012892420537897313
-0.0018046454767726167
-0.0021904645476772612
-0.0009493887530562351
1.10024449877748e-05
0.00015378973105134545
-0.0006422982885085573
-0.001709290953545233
-0.0008271393643031785
-1.2224938875305974e-06
0.0017713936430317852
0.00016259168704156466
0.0018149144254278728
-0.001882885085574572
0.0003063569682151591
-0.0018232273838630808
-6.772616136919326e-05
-0.0011968215158924202
0.0017992665036674817
-9.511002444987817e-05
-0.0011088019559902206
-0.0024154034229828853
-0.0009630806845965774
0.0015533007334963321
-0.0008290953545232277
0.0010946210268948653
0.0012246943765281174
-0.0015606356968215157
0.0018726161369193154
-0.0012853300733496333
0.000303911980440098
0.0006618581907090464
0.0017963325183374087
-2.444987775058141e-07
0.0002070904645476774
0.00251760391198044
-0.00020122249388753051
0.0003963325183374082
-0.003263814180929095
0.0004897310513447433
-0.00014400977995110005
-0.0003078239608801957
-0.0022525672371638142
-0.0015185819070904646
-0.0008256723716381417
-0.00048728606356968226
-0.0019943765281173597
7.16381418092912e-05
-0.0001757946210268947
-0.0004980440097799507
0.0015669926650366752
-0.0010760391198044012
-0.0002955990220048899
0.0018980440097799514
0.0012603911980440096
-0.000796332518337408
-0.00043105134474327576
-8.777506112469448e-05
-0.002795354523227383
-0.0011317848410757948
0.0012427872860635693
-0.0011361858190709045
-0.0017308068459657702
-0.0003738386308068459
-0.0016960880195599022
0.0004789731051344741
-0.00024914425427872885
0.0031327628361858197
0.0005753056234718822
0.0021024449877750607
-7.652811735941319e-05
-0.003276528117359413
0.0009772616136919314
-0.0021268948655256722
-0.00045990220048899773
-0.001946943765281174
-0.0006256723716381419
-0.00011173594132029297
-0.0015053789731051342
0.0014466992665036673
-0.0013259168704156477
-0.0008168704156479215
0.0024726161369193153
0.003510268948655257
0.0006271393643031786
-0.001356723716381418
0.0006075794621026896
0.0007982885085574571
0.0011019559902200487
0.00046479217603912013
0.00031809290953545256
-0.00022909535452322725
-0.0010041564792176042
0.00044865525672371575
-0.00036161369193154043
0.0006789731051344747
-0.0011420537897310517
-0.001396821515892421
0.0011029339853300731
-0.0012251833740831298
-0.0008633251833740828
0.0009753056234718826
-0.0019190709046454772
0.002081418092909535
0.0017611246943765276
-0.001443276283618582
0.0023743276283618576
0.001681418092909536
-0.002132762836185819
4.621026894865478e-05
-0.0023200488997555005
-0.001746454767726161
0.0008046454767726163
-0.0008051344743276283
-0.0009811735941320293
-0.0019215158924205378
0.0010897310513447432
-0.0013782396088019562
0.00040415647921760394
-0.0004383863080684597
-0.0004589242053789734
-0.00010586797066014685
0.0007743276283618584
-0.0006574572127139363
0.0011273838630806849
0.0006574572127139369
0.0022144254278728607
9.755501222493866e-05
-0.00046039119804400984
-0.00034352078239608763
-0.0014579462102689488
0.0012178484107579462
-0.0009635696821515891
0.0004833740831295842
-0.0009048899755501222
-0.0006393643031784837
0.00011858190709046475
-0.0020002444987775063
-0.0013669926650366746
-0.0025537897310513448
-0.002971882640586797
-0.0007342298288508559
-0.0004594132029339851
0.00392200488997555
0.0025767726161369194
-0.003288753056234719
-0.0004026894865525674
-0.0006819070904645478
-0.0021288508557457215
0.0009616136919315404
-0.002795843520782396
-0.00011124694376528086
-0.0020936430317848413
-0.0009674816625916867
-0.0010496332518337408
-0.0019048899755501226
0.0010706601466992662
0.0029943765281173597
-3.1784841075795194e-06
0.000785085574572128
0.0015249388753056233
0.001459413202933986
0.001961124694376529
1.9315403422982795e-05
-0.0014525672371638143
-0.0008496332518337411
-0.0001229828850855746
0.001871149144254279
-0.001593887530562347
-0.002970904645476772
-0.00045110024449877725
0.0023268948655256728
3.643031784841102e-05
-0.00022322738386308067
-0.0009567237163814187
0.00040366748166259145
0.0034462102689486558
0.001805623471882641
-0.0006183374083129585
-0.0009044009779951103
-0.0009572127139364307
-0.00026185819070904666
-0.001602689486552567
0.0028809290953545237
-0.00215281173594132
0.0015288508557457212
0.003601711491442543
-0.0013273838630806845
0.0013821515892420537
-0.0027479217603911987
-0.0009914425427872858
-0.00044229828850855747
-0.0014251833740831295
0.0004941320293398531
0.0010784841075794623
0.0017151589242053787
-0.001628117359413203
0.0009117359413202934
0.00023154034229828826
0.0009044009779951103
-0.0016022004889975554
0.0005053789731051346
0.0026652811735941324
5.501222493887522e-05
0.001024205378973105
-0.00042958435207823945
-0.0023405867970660143
6.430317848410762e-05
-0.00024083129584352112
0.001982640586797066
0.003534718826405867
0.003329339853300733
0.0012276283618581907
0.002012469437652812
-0.00012542787286063553
-4.278728606356938e-05
-0.0008119804400977991
-0.0005322738386308072
0.0028559902200488998
-0.0004960880195599018
0.0019953545232273833
0.0008877750611246942
-0.0006119804400978002
0.0011205378973105132
-0.00033422982885085586
-0.0008550122249388753
-0.0021806845965770174
0.00013129584352078246
0.0031151589242053783
-6.601466992665395e-06
-0.0004545232273838635
0.00032738386308068466
-0.0019826405867970657
6.772616136919323e-05
-0.0015577017114914425
0.00014400977995110054
-0.0016325183374083128
-0.00244278728606357
-0.003699511002444988
-0.0012789731051344746
-0.0025298288508557457
0.000641809290953545
-0.0009528117359413202
3.838630806845971e-05
0.0016530562347188262
-0.001792909535452323
0.0009889975550122253
0.0008457212713936434
0.0011322738386308072
-0.0009185819070904645
-0.0014476772616136922
-0.0020775061124694376
-0.00014938875305623456
-0.0008051344743276287
0.00037432762836185824
-0.00372640586797066
0.0014784841075794618
-4.865525672371618e-05
0.0022061124694376525
0.0004530562347188269
-0.0012100244498777512
0.0013484107579462105
4.6699266503667226e-05
0.0002320293398533008
-0.0014325183374083131
-0.0018662591687041567
0.0022936430317848414
0.0021210268948655257
0.0023797066014669926
6.381418092909531e-05
-0.0009987775061124696
0.00048190709046454797
-0.0007709046454767724
-0.0026633251833740835
0.0012682151589242054
-0.0026603911980440094
0.0019503667481662588
0.002438875305623472
0.002160635696821516
-0.002414425427872861
-0.003101466992665037
0.0015845965770171146
-0.0006902200488997555
-0.0008643031784841071
0.0018667481662591686
0.0023943765281173594
0.001654523227383863
-0.0003117359413202935
6.479217603911979e-05
0.000256968215158924
-0.0012799511002444983
-0.001303911980440098
0.0002511002444987777
-0.0011136919315403422
0.001365036674816626
-0.0031806845965770157
-0.0024657701711491443
0.0019400977995110028
-0.0013288508557457218
0.0005136919315403421
2.5183374083129662e-05
-0.0015200488997555016
-0.0004550122249388755
-0.0009381418092909538
-0.0008946210268948658
-0.00040024449877750607
0.0019009779951100246
-0.0003694376528117358
0.0017723716381418092
-0.0004955990220048898
0.00039731051344743285
-0.004144987775061126
0.00017090464547677225
-0.0010422982885085579
0.0012579462102689488
-0.002613447432762836
-0.0017630806845965775
0.0001855745721271389
0.0007528117359413202
-0.0011621026894865524
-0.0012110024449877748
3.691931540342319e-05
0.0028026894865525675
-0.0028354523227383864
-0.001921515892420538
0.00025550122249388816
-0.00020073349633251809
0.0002530562347188266
-0.0031630806845965773
-0.0017611246943765276
0.0008965770171149143
0.0013141809290953546
-0.0005889975550122247
0.0015083129584352079
-0.0005264058679706603
0.0026496332518337407
-0.000501955990220049
0.001091687041564792
-0.0006995110024449876
0.004021271393643031
0.0003127139364303176
0.0018408312958435205
0.0001234718826405865
-0.0011195599022004895
-0.001784596577017115
-0.0003523227383863075
0.0009229828850855745
-0.0001479217603911979
-0.0012897310513447433
0.000683374083129584
0.0033767726161369194
-0.0014638141809290958
-0.0019699266503667478
-0.0002613691931540337
1.491442542787339e-05
-0.00031955990220048925
-0.001019804400977995
0.0016662591687041568
-0.0019156479217603908
0.0006036674816625915
-0.0010701711491442549
-0.001084841075794621
-0.0002334963325183375
-0.0006647921760391204
0.0005977995110024446
0.0009288508557457211
-0.0013244498777506115
-0.0010281173594132028
0.0021088019559902197
0.0009068459657701711
0.001092176039119805
-0.0009904645476772615
0.0015410757946210277
-0.0002471882640586796
0.00011760391198044017
-0.00236161369193154
-0.0012779951100244497
-0.00044963325183374126
-0.0005542787286063568
-0.0006784841075794622
0.002587530562347188
0.0012520782396088022
-0.001200244498777506
-0.002137163814180929
-0.0005870415647921764
-0.003845721271393643
-0.0015063569682151588
-0.0017171149144254278
-0.001012958435207824
-0.001485819070904645
0.0008902200488997551
0.00026674816625916846
-0.0009689486552567234
-0.0031117359413202934
0.0022232273838630806
-0.0010315403422982887
-0.003420293398533007
-0.001471149144254279
0.0025298288508557457
-0.0002779951100244497
-0.004188997555012225
0.001645232273838631
-0.00027506112469437684
0.0011508557457212715
0.00018312958435207815
-0.0027850855745721265
0.002753300733496333
0.0018066014669926654
-0.0009933985330073353
-0.0002237163814180928
-0.0008144254278728611
-0.0019586797066014666
0.00011662591687041529
0.00033227383863080717
0.0012545232273838628
0.0009870415647921758
0.0003889975550122251
0.0021088019559902197
-0.0009694376528117358
0.0003704156479217603
-0.0015303178484107583
0.00022127139364303211
0.0020882640586797063
-0.0029611246943765284
-0.0030589242053789727
0.0018149144254278728
0.00013374083129584344
-0.00014547677261613718
-0.002264303178484108
0.00025403422982885055
-0.0017596577017114912
0.0015449877750611247
0.00016014669926650354
0.0009493887530562347
0.0007322738386308066
-0.0003097799511002444
0.00153080684596577
0.001374327628361858
-0.0016198044009779952
-0.0008765281173594134
0.00113520782396088
-0.0011474327628361858
-0.0020599022004889975
-0.0007435207823960878
-0.0009083129584352074
0.0016334963325183374
0.0009865525672371638
0.004198777506112469
-0.002230562347188264
0.0009767726161369198
-0.00022469437652811744
-0.0006276283618581912
0.0008403422982885086
-5.452322738386315e-05
0.0033933985330073355
-0.0004770171149144254
-0.001409046454767726
0.0006794621026894866
7.457212713936437e-05
-0.0006833740831295841
0.00016112469437652762
0.0008486552567237163
0.0005875305623471883
0.000802200488997555
0.001656968215158924
-0.0016574572127139365
0.002982640586797066
-0.0010608801955990224
-0.00010048899755501215
-0.001261858190709046
0.0015102689486552565
-3.985330073349632e-05
0.0006432762836185818
-0.001038875305623472
-0.0009723716381418086
0.00035134474327628353
0.0021508557457212718
-0.00030146699266503634
-0.001821271393643032
-0.002551344743276284
-0.0003929095354523225
0.0019933985330073357
-0.0007342298288508561
0.0018559902200488995
-0.00015867970660146677
0.0007958435207823961
0.0010466992665036671
-0.0007997555012224932
-0.0012779951100244497
0.0006422982885085575
0.0011880195599022006
0.000204645476772616
0.001110268948655257
0.0030281173594132026
0.0014770171149144252
-0.0008349633251833732
0.0016589242053789731
-0.0011102689486552565
-0.0011498777506112464
-0.0009440097799511001
0.0023831295843520788
0.0022911980440097797
0.0010511002444987777
-2.322738386308084e-05
-0.0029171149144254275
0.0049312958435207815
0.00014449877750611283
0.0006530562347188267
0.0017083129584352077
0.00014498777506112434
-0.002121515892420538
-0.0009454767726161374
-0.0017220048899755506
0.001108312958435208
0.002436430317848411
0.0015904645476772618
0.0005753056234718822
-0.0018202933985330078
-0.00024327628361858167
-0.0006212713936430323
-0.00026870415647921753
0.0010515892420537895
0.002888264058679707
-0.003359168704156479
-0.0019053789731051348
-0.00015623471882640576
-0.0032858190709046447
-0.00018264058679706585
0.00029070904645476776
0.0016061124694376524
0.0005606356968215155
0.0022877750611246944
-0.0014334963325183373
-0.003306356968215159
-0.0013503667481662592
0.00024621026894865476
0.000574327628361858
0.0009552567237163816
0.002167970660146699
0.0015992665036674816
-0.0001933985330073348
0.0018202933985330071
-0.0027303178484107573
-0.0008061124694376527
0.0012227383863080683
-0.0013635696821515891
0.0017430317848410755
0.0015019559902200489
-0.0005484107579462102
0.002401711491442543
-0.0015655256723716379
-0.00045256723716381394
-9.462102689486569e-05
0.0001528117359413203
0.002364547677261614
-0.003798288508557457
-0.0012931540342298283
-0.0006085574572127135
0.0018129584352078237
-0.0005210268948655261
-0.0019044009779951103
-0.0001973105134474331
-0.002349877750611247
0.0013459657701711495
0.0013244498777506108
0.0003474327628361858
0.001838875305623472
0.0009669926650366748
0.0006809290953545229
-0.0023963325183374083
0.0006823960880195597
0.0012090464547677264
9.070904645476751e-05
0.0007875305623471883
0.0021924205378973105
0.0006530562347188262
-0.0017753056234718827
0.0008090464547677262
-0.00021100244498777545
-0.0021523227383863077
-0.0021327628361858192
0.0024726161369193157
-0.002173838630806846
0.0015655256723716379
0.001978239608801956
-0.002174327628361858
0.0020858190709046455
0.0004364303178484106
0.00012298288508557498
0.0021440097799511008
-0.0013547677261613687
-0.00018312958435207782
-0.0026212713936430315
0.0003405867970660146
-0.00010831295843520811
-0.0011591687041564791
0.0006897310513447433
0.001748899755501222
-0.0013547677261613687
-0.0046325183374083135
-0.0025400977995110024
-0.0011542787286063568
-0.001089731051344743
0.0009019559902200484
0.0004667481662591689
0.00035672371638141787
-0.0007977995110024448
-0.0002540342298288507
-0.002141564792176039
-0.003205134474327629
-0.0007347188264058682
0.0001904645476772618
-0.0020863080684596575
-0.001806601466992665
0.00034449877750611255
-0.0016281173594132022
7.310513447432732e-05
0.002684352078239609
0.0007508557457212712
-0.001511735941320293
0.0009572127139364302
-0.00046381418092909495
-0.0002892420537897309
-0.0005166259168704156
0.00046234718826405874
-0.0008731051344743276
0.00012689486552567198
0.0007092909535452321
0.0007405867970660146
-0.0002999999999999998
0.0012173594132029336
-0.00043985330073349646
-0.0013190709046454765
0.0004931540342298289
0.0002569682151589244
-0.0009210268948655255
-0.0013596577017114912
0.0010051344743276286
-0.0012721271393643032
2.8117359413202754e-05
0.0002833740831295845
0.001200733496332518
-0.0014051344743276283
0.00015427872860635734
0.0007933985330073347
-0.0024129584352078235
0.0005048899755501225
0.0015596577017114917
-0.0018300733496332522
0.0018652811735941324
1.7359413202933974e-05
0.0013479217603911981
0.0015845965770171155
0.0010794621026894865
0.00028092909535452323
1.7114914425425988e-06
0.0008872860635696821
5.7457212713936345e-05
0.0003968215158924205
0.0026466992665036683
-0.0004848410757946211
-0.0008442542787286067
-0.001756723716381418
-0.002677017114914426
-0.0020320293398533007
0.00042469437652811705
0.0007176039119804399
-0.00024327628361858208
0.0015753056234718832
-0.00370880195599022
-6.112469437652953e-06
0.0031117359413202934
0.0014178484107579452
0.0005195599022004893
-0.00038264058679706543
-0.0010985330073349632
-0.0017977995110024449
0.001025672371638142
0.000976772616136919
2.7628361858190653e-05
0.001127872860635697
-0.0013601466992665034
0.00017921760391198052
-0.0010217603911980447
0.001804645476772616
0.002731295843520783
0.003188019559902201
0.0004354523227383861
-0.0005215158924205376
1.4914425427873254e-05
-0.002421271393643032
0.001403667481662592
0.0010647921760391194
0.0004545232273838634
0.0005224938875305622
7.506112469437655e-05
0.0007528117359413204
-0.0035019559902200494
-0.0014814180929095355
0.0004965770171149144
-0.0003547677261613695
-0.00033716381418092886
-0.0010735941320293397
0.00023300733496332504
-0.0031366748166259165
-0.0017352078239608799
-0.0018173594132029345
-8.239608801955985e-05
0.000893154034229829
0.00012493887530562348
0.00014449877750611283
0.0008442542787286065
0.001119559902200489
0.0014814180929095357
-0.0003855745721271391
-0.0019469437652811735
-0.0007161369193154036
-0.001811491442542787
0.001278484107579462
-0.0020628361858190713
-0.0009127139364303177
-0.00213960880195599
0.0027968215158924205
0.0007019559902200493
-0.002014914425427873
0.0033327628361858185
-0.0007146699266503665
0.0007875305623471883
0.003241320293398534
-0.00016112469437652775
0.0005425427872860628
-0.0010941320293398533
0.0003552567237163814
-0.0004471882640586796
0.0002486552567237164
-0.0005611246943765286
-0.0015596577017114913
0.002706356968215159
0.0011885085574572128
-0.0025552567237163816
-5.40342298288504e-05
0.0011058679706601462
-0.00046919315403423027
0.0025405867970660144
-0.0010682151589242056
-0.0006158924205378975
0.003456479217603912
0.0003621026894865527
0.0025259168704156484
-0.0007425427872860635
0.0006271393643031789
-0.0008432762836185822
0.0011024449877750607
0.0007459657701711492
0.0002716381418092904
0.0010442542787286067
-3.740831295843543e-05
0.0007400977995110023
0.00010977995110024435
0.00088679706601467
0.0024833740831295844
0.0007048899755501218
0.0004794621026894865
-0.0017743276283618582
0.0012750611246943764
0.001952322738386308
-0.0035063569682151586
0.002354767726161369
-0.001208068459657702
0.001318581907090465
-0.003441809290953545
-0.001744987775061125
0.0018007334963325182
-0.0023386308068459654
-7.75061124694378e-05
0.00039731051344743296
0.0009533007334963326
-0.0009762836185819068
-0.0008946210268948658
-0.000764547677261614
-0.0005327628361858195
-9.168704156479226e-05
0.0005694376528117354
0.000539119804400978
0.0019753056234718823
-0.0025831295843520784
0.0011117359413202936
0.00031026894865525666
0.0013860635696821516
0.002628606356968215
0.00135281173594132
-0.0006286063569682154
-0.00208239608801956
-0.0005581907090464544
-0.0010256723716381422
-0.0005933985330073353
0.0022623471882640585
0.0006853300733496333
3.398533007334969e-05
0.0017713936430317847
-0.0017048899755501223
0.00042078239608801934
0.0010535452322738392
-0.003547921760391198
-0.0043493887530562355
4.865525672371672e-05
0.0012946210268948654
-0.002105378973105134
-0.0004936430317848416
3.349633251833738e-05
0.0009180929095354521
-0.00031075794621026893
-0.001039364303178484
-0.0002701711491442541
0.0013044009779951096
0.0023591687041564797
0.0026789731051344748
-0.00042224938875305647
0.0007308068459657702
-0.0034779951100244503
0.001476528117359413
0.0001278728606356966
-3.8386308068459504e-05
-0.0003733496332518335
-0.00018312958435207842
3.2029339853300735e-05
0.0018545232273838635
-0.0001117359413202933
-3.3985330073349486e-05
0.0002760391198044011
0.0007528117359413206
0.00249119804400978
-0.0005625916870415649
-0.0014960880195599028
0.001388997555012225
-0.00029168704156479203
0.0011743276283618577
0.0007220048899755502
-0.0003552567237163811
-0.0032711491442542783
-0.0009078239608801955
-0.0008466992665036679
-0.00018068459657701646
0.0016168704156479217
-0.00014352078239608795
0.0004701711491442549
0.000623716381418093
0.002224694376528117
0.0023616136919315397
0.0009704156479217602
-0.001325427872860636
0.0019655256723716385
0.0008559902200488999
0.003846210268948655
0.003950366748166259
-0.0014579462102689488
-0.0010398533007334961
0.0004281173594132026
-0.00038410757946210315
-0.0029254278728606353
0.00030097799511002386
0.0025762836185819074
0.0006902200488997555
0.001141564792176039
-0.0024374083129584355
0.00011124694376528158
-0.0005655256723716378
0.0008051344743276282
2.6161369193154275e-05
-0.0023762836185819065
-0.0012124694376528123
0.0008154034229828852
0.0003767726161369192
-0.001363080684596577
0.0029097799511002445
5.7946210268948246e-05
-0.0016271393643031784
0.0018677261613691933
0.0001136919315403426
0.0016374083129584351
0.0005792176039119804
-0.0008564792176039119
0.00030097799511002494
-0.0022207823960880193
0.0005933985330073349
-0.0023459657701711493
-0.0003503667481662593
0.002743031784841076
-0.003026650366748166
0.003247677261613692
0.0009621026894865523
-0.00210880195599022
-0.0025288508557457217
-0.0014398533007334963
-0.0008726161369193151
0.0011929095354523227
0.0009748166259168705
-0.0014603911980440097
0.0011024449877750607
0.0013048899755501225
0.0015767726161369196
-0.0018735941320293398
0.0026486552567237163
0.00022273838630806843
0.0030599022004889976
-0.002355256723716381
-0.0008481662591687046
0.00021833740831295854
-0.0029562347188264054
0.0014173594132029337
-0.0005591687041564798
0.00037628361858190677
0.001999266503667482
0.001051100244498778
-0.0021210268948655257
-0.00026674816625916857
0.0010902200488997554
-0.0037880195599022002
-0.003319559902200489
0.000316625916870415
-0.00016748166259168733
-0.0021342298288508556
0.000185085574572127
-0.00037041564792176043
0.00116601466992665
0.0007488997555012224
0.000507334963325183
0.0006921760391198042
-0.002706845965770171
0.00032053789731051335
1.8337408312958518e-05
-0.0019371638141809295
-0.0010398533007334964
-0.0038051344743276283
0.001776772616136919
-0.0003904645476772615
-0.0009601466992665037
-0.0009224938875305624
0.0013112469437652808
0.0004026894865525674
-0.0009083129584352077
-0.002253056234718826
-0.00031515892420537955
-0.0013762836185819075
-0.000845721271393643
-0.0027836185819070905
0.0014119804400977993
0.0003215158924205376
-0.0010995110024449874
-0.000999266503667482
0.0006550122249388754
0.0004198044009779945
0.0001454767726161369
0.00013960880195599005
0.0016193154034229832
-0.0006457212713936429
-0.00017139364303178463
-0.0010320293398533007
-0.0009009779951100241
-0.0019640586797066016
-0.0005997555012224936
0.002761124694376528
0.0038657701711491445
-0.00172640586797066
0.00020415647921760368
0.000125427872860636
0.0021567237163814187
-0.0009391198044009782
-7.79951100244497e-05
0.00016845965770171127
-0.0012721271393643034
-8.826405867970692e-05
0.0012462102689486556
0.0004051344743276285
-0.0009528117359413198
-0.000855501222493887
-0.0012041564792176038
0.0016911980440097799
-0.0009210268948655259
0.0032462102689486557
-0.00041491442542787333
-6.039119804400937e-05
0.000584596577017115
-0.0007792176039119799
0.001560146699266504
0.0013591687041564788
-0.003107823960880195
-0.003406112469437653
0.0013616136919315403
0.0020599022004889975
0.0004858190709046453
-0.0021831295843520782
0.0018823960880195605
-0.0007748166259168698
0.0015112469437652803
0.0009772616136919314
6.136919315403378e-05
0.002482885085574572
0.0020442542787286067
-0.001102444987775061
-0.00039877750611246965
0.0016867970660146695
0.000331784841075795
0.00013863080684596557
0.000745965770171149
-0.0016452322738386308
0.0003660146699266505
6.18581907090463e-05
-0.002526894865525672
-6.723716381418102e-05
0.0016491442542787289
-9.168704156479213e-05
-0.002433007334963326
-0.002736185819070904
0.0024061124694376526
0.0002085574572127139
0.00047163814180929074
0.00011173594132029308
0.002625183374083129
-0.00014009779951100248
0.0024119804400977995
0.0012916870415647919
-0.0012608801955990225
-0.0016819070904645476
-0.0019141809290953548
-0.0016056234718826406
0.0017068459657701713
0.0008530562347188267
0.0007640586797066016
3.838630806845947e-05
0.0022775061124694373
0.0036867970660146693
0.000765036674816626
0.0008770171149144254
-9.951100244498794e-05
0.0015151589242053784
-0.0024916870415647926
0.0008041564792176041
-0.004391931540342299
0.0003806845965770171
0.0015102689486552567
-0.0018334963325183375
-0.0021308068459657704
-0.0013166259168704158
-4.718826405867974e-05
-0.001618337408312958
0.0022779951100244497
-0.0017982885085574569
0.0005836185819070911
-0.0006408312958435208
0.002085819070904646
0.00042469437652811726
0.0005244498777506114
-0.0005249388753056233
-0.0021
0.0014662591687041565
0.0005224938875305621
0.0016603911980440098
-0.001633007334963325
0.0011308068459657704
0.0005112469437652818
-0.0035366748166259167
-0.001702444987775061
-0.0011586797066014671
-0.0006584352078239611
-0.0010784841075794625
0.001573838630806846
0.0022647921760391198
0.0011146699266503667
-0.0011053789731051344
0.0013885085574572127
-0.0014452322738386304
0.0021210268948655257
-0.0002999999999999998
0.0001904645476772614
-0.002030562347188264
-0.0012149144254278731
0.002053545232273839
0.0030041564792176035
0.0008804400977995107
0.0008623471882640588
0.00029608801955990205
-0.0005303178484107583
0.0020892420537897308
-0.0012848410757946211
-0.00019095354523227385
-0.00029511002444987784
-0.00016992665036674804
0.0013141809290953541
-0.002265770171149144
-0.0008858190709046457
0.0003068459657701709
0.001866748166259168
-0.0016408312958435208
-0.0007748166259168706
0.002260391198044009
-0.00045012224938875315
-0.0002506112469437654
0.0017224938875305621
0.00021393643031784827
0.0006198044009779958
-0.0018603911980440097
0.0016457212713936434
0.0013102689486552568
0.0009674816625916869
0.0008051344743276286
-0.000808068459657702
-0.0036227383863080683
-0.0013371638141809292
-0.0032926650366748166
0.0018266503667481657
-0.00018312958435207823
-0.00018215158924205367
-0.00045794621026894845
0.0018442542787286058
-0.0011581907090464547
-0.0016266503667481658
-0.00011075794621026876
-0.0006789731051344741
-0.002395354523227384
-0.0027151589242053785
-0.0028442542787286062
-0.0009743276283618581
0.001166503667481662
0.0010080684596577016
-0.0004232273838630808
-0.0022525672371638147
0.0019953545232273837
-0.0014207823960880194
0.0025317848410757954
-0.00015085574572127093
-0.0015581907090464547
-0.0005034229828850858
0.00020024449877750658
-0.0035151589242053785
-0.0006188264058679705
0.001571882640586797
-0.002133740831295843
0.0007136919315403424
-0.0014100244498777502
-0.0011806845965770176
-0.0014618581907090461
-0.0022452322738386304
-0.002159168704156479
0.002010513447432762
0.0015268948655256722
0.0005797066014669929
-0.0026985330073349633
0.0008046454767726166
-0.00015232273838630822
-0.0008334963325183376
0.001388997555012225
0.0019039119804400981
-0.0006486552567237164
0.00047066014669926626
0.0007092909535452315
-0.0003312958435207827
0.00219437652811736
-0.0013596577017114912
0.0011444987775061123
-0.0010427872860635703
-0.0011327628361858192
-0.0001860635696821509
-0.0005782396088019558
0.00023398533007334935
-0.0009293398533007336
-0.00010977995110024517
0.0034481662591687033
0.0009459657701711491
0.0012647921760391195
0.0019268948655256717
-0.0017259168704156478
0.005847677261613692
0.0002750611246943765
-0.002337652811735941
0.0003645476772616143
-0.0005014669926650369
7.99511002444989e-05
0.0013488997555012228
0.0011229828850855747
0.0013777506112469438
-0.0006711491442542781
-0.002095110024449878
0.0005014669926650365
0.00027457212713936403
-0.0024657701711491447
0.0010789731051344745
0.0023987775061124696
0.0017141809290953543
-0.0008158924205378971
0.0003425427872860633
0.0011092909535452323
-0.0012266503667481663
-0.0008100244498777506
0.0013479217603911981
-0.0019704156479217606
0.00019584352078239596
0.0011029339853300736
-0.001106356968215159
-0.0004242053789731047
0.0013987775061124693
-0.0022838630806845967
0.0033122249388753064
-0.0016853300733496333
0.0014955990220048901
0.0014466992665036677
0.0009479217603911981
0.0021704156479217607
0.0007542787286063569
0.001071638141809291
-0.0005904645476772614
-0.0026706601466992665
-0.0006217603911980441
-0.001206601466992665
-0.0015342298288508556
0.0011171149144254282
-0.001345476772616137
0.0027332518337408306
0.0021312958435207824
0.002418826405867971
0.0009479217603911981
-0.002621760391198044
-0.000639364303178484
0.0007474327628361862
0.0032520782396088027
-0.003985085574572127
0.0019224938875305624
0.00027701711491442537
0.003833007334963326
0.0031797066014669926
0.00012249388753056244
-0.0015317848410757943
-0.0005738386308068458
-0.0003293398533007332
0.001369926650366748
-0.002431051344743276
-0.0006364303178484111
0.00040122249388753104
0.0002760391198044011
0.00103838630806846
0.00039046454767726176
0.0017210268948655253
0.00045696821515892424
-0.0015430317848410759
-7.090464547677431e-06
-0.0007645476772616135
-0.0003552567237163814
0.002515158924205379
-0.0008990220048899759
0.0003440097799510998
-0.0006647921760391207
-0.00043643031784841086
-0.000984596577017115
-0.0013801955990220048
-0.00017334963325183364
-0.00024816625916870426
-0.0017454767726161368
-0.0031508557457212713
0.0009308068459657703
-0.0004848410757946209
-1.5892420537896986e-05
0.0002525672371638138
-0.0005122249388753063
0.001539119804400978
1.4914425427872575e-05
-0.0005679706601466991
0.0004765281173594128
0.001362102689486553
0.0016095354523227383
-0.0013029339853300732
-0.0018535452322738391
-8.092909535452317e-05
-0.002239364303178484
-0.0013430317848410758
0.002514180929095355
-2.5183374083129578e-05
0.001908312958435208
0.0001836185819070905
0.0004990220048899758
0.0007361858190709046
-0.00282078239608802
-0.0008911980440097795
0.0004481662591687042
0.0020823960880195606
-0.0007352078239608804
0.0006100244498777503
0.0017068459657701707
-0.001015403422982885
0.0019371638141809297
0.0007396088019559903
0.0014466992665036673
0.0008418092909535451
0.000796332518337408
0.00010488997555012264
0.0005469437652811734
-0.0009009779951100243
-0.0023249388753056235
8.630806845965797e-05
-0.0018804400977995113
-0.0007611246943765285
-0.0014437652811735942
-0.0014305623471882643
0.0021440097799511003
0.0028525672371638136
-0.0008980440097799512
-0.0016515892420537897
-0.0005278728606356969
0.0006173594132029336
0.001619804400977995
0.001186552567237164
0.0023029339853300737
-0.00013227383863080708
0.0008085574572127139
0.0006036674816625919
-0.0022383863080684603
0.0026941320293398536
-0.001861858190709046
-0.001986552567237164
-4.0831295843520494e-05
-0.0009347188264058677
0.00023643031784841104
0.00021344743276283635
0.0005953545232273841
0.0002892420537897315
-0.0012926650366748165
0.0010731051344743275
0.0010980440097799514
0.0013342298288508553
-0.002022249388753056
-0.00179437652811736
0.0019821515892420537
-0.0003772616136919312
-0.00030000000000000035
0.0014452322738386307
0.00276161369193154
0.0029498777506112473
-0.0012931540342298283
-0.0004603911980440097
0.0010476772616136922
0.0021449877750611248
-0.00026136919315403423
-0.0003312958435207824
0.0006178484107579463
-0.0012975550122249382
1.7359413202933703e-05
0.0002066014669926648
0.0005963325183374081
8.533007334963309e-05
-0.0008388753056234719
0.000236430317848411
0.000723471882640587
0.0017738386308068458
-0.0013464547677261613
0.002334229828850856
0.000867726161369193
-0.000944498777506113
0.0006735941320293395
-0.0011317848410757946
0.0006276283618581911
0.0003278728606356969
0.0013464547677261613
0.00026332518337408335
0.00206919315403423
-0.0003811735941320293
-0.0009562347188264059
-2.200488997555109e-06
0.0008706601466992665
-0.0026422982885085573
-0.0015885085574572125
-3.643031784841085e-05
0.0007669926650366754
-0.0003850855745721271
-0.002311246943765281
-0.0004061124694376529
-0.0030398533007334966
0.002263325183374083
-0.0010290953545232275
0.000975794621026895
0.00010733496332518323
0.0038476772616136924
-0.0009176039119804402
0.0009503667481662595
0.0015684596577017114
0.00011613691931540257
-0.0011029339853300731
0.0007718826405867973
0.002612958435207824
-0.0002843520782396085
-0.00022713936430317832
-0.0025669926650366747
0.0003268948655256727
0.0005528117359413198
0.001211002444987775
-0.0011073349633251833
0.0002867970660146696
0.00014352078239608835
-0.0005948655256723718
-0.0002872860635696822
-0.00032787286063569655
-0.0008496332518337413
0.0004794621026894864
-0.0007195599022004887
-0.0006202933985330071
0.0003459657701711493
-0.003262836185819071
0.00045305623471882605
-0.003157212713936431
0.0029479217603911984
-0.0015885085574572125
0.002834963325183374
0.0018066014669926647
-0.003999266503667482
-0.0012779951100244497
0.001748899755501223
-0.0009699266503667483
0.00313080684596577
0.0029317848410757947
-0.0008525672371638139
0.0001288508557457212
-0.0030696821515892423
-0.0010447432762836185
-0.00015525672371638087
-0.0020882640586797063
0.001999266503667482
0.0012833740831295843
0.0029420537897310514
0.0015601466992665033
0.002348899755501222
0.0012887530562347186
-0.0006041564792176036
0.0005777506112469439
0.0007053789731051349
-0.001145965770171149
0.0007376528117359415
-0.0014344743276283615
-0.00106039119804401
0.0006251833740831296
0.00043691931540342313
0.0007405867970660149
-0.0014466992665036673
-0.002369437652811736
0.000297555012224939
0.0008393643031784839
-0.0032330073349633257
-0.0018193154034229833
0.001595843520782396
0.002255501222493887
0.0008139364303178483
-0.0003259168704156476
-0.0014046454767726161
-0.0019885085574572127
0.0008354523227383865
0.0014755501222493892
-0.0012290953545232275
0.004186552567237164
-0.0005249388753056236
0.0009400977995110026
0.00022909535452322725
-0.0023278728606356968
0.0006237163814180929
0.001557701711491442
-0.001119070904645477
0.0006911980440097795
0.0006897310513447432
-0.0021268948655256727
-0.0018305623471882642
0.0005640586797066012
0.0023381418092909534
-0.0010848410757946208
-0.001969926650366748
0.0017581907090464548
-0.0014965770171149143
-0.0011909535452322734
0.0032848410757946207
0.002466748166259169
-0.0001264058679706598
0.0006579462102689484
-0.0038144254278728606
-0.0003816625916870408
0.0014907090464547676
0.00020562347188264032
0.000628117359413203
-0.0004202933985330072
-0.003663325183374083
0.0023088019559902202
-0.0008863080684596578
-0.0013782396088019562
0.0024359413202933986
0.0017000000000000003
0.0028193154034229836
0.0006144254278728604
0.000620293398533007
0.0015361858190709047
-0.0012354523227383865
-0.0009684596577017115
-0.003602689486552567
0.0046535452322738384
-0.0005513447432762835
-0.0012481662591687045
-0.001184596577017115
0.00029902200488997517
0.0020647921760391197
0.00025941320293398527
-0.0011728606356968217
0.0008163814180929095
0.0008315403422982889
-0.0006041564792176038
0.0022227383863080686
-0.001398288508557457
-0.002012958435207824
-3.0073349633251507e-05
-0.00010929095354523198
0.0012422982885085577
-0.001261858190709046
0.0009621026894865522
-0.002675061124694376
-0.0030564792176039123
-1.1980440097799548e-05
0.0009073349633251834
0.0012540342298288508
-0.0028525672371638136
0.0004330073349633249
0.0006545232273838632
0.003324938875305624
-0.0013547677261613687
0.002424694376528117
-0.0009630806845965769
0.0007376528117359417
0.0011171149144254282
-0.001147432762836186
-0.0024555012224938876
0.002330317848410758
-0.0007860635696821512
-0.0012403422982885087
-0.0006124694376528121
0.0010383863080684595
0.0014946210268948655
8.044009779951151e-05
-0.0026936430317848416
-0.0006946210268948653
-0.001578728606356968
-0.0012643031784841073
-0.0011034229828850853
-0.001420293398533007
-0.0004232273838630808
0.0015171149144254284
0.0026222493887530563
0.0025166259168704153
0.0001528117359413203
-0.00039779951100244474
-0.000787530562347188
-0.0023474327628361853
-3.007334963325188e-05
-0.000977261613691932
0.003272127139364303
-0.0002877750611246944
0.0003635696821515895
-0.0047488997555012215
-0.0007053789731051344
0.0007679706601466992
-0.0012325183374083135
-0.0015019559902200484
0.0023024449877750612
0.0014437652811735945
0.0015459657701711487
-0.002019315403422983
0.0009973105134474327
0.0027772616136919315
-9.853300733496316e-05
-0.0017948655256723716
0.001809535452322738
0.0007919315403422982
0.001510757946210269
-0.0008657701711491442
-0.00044327628361858173
0.0013474327628361857
-0.0016618581907090469
-0.001804645476772616
-0.0009298288508557455
-0.0008471882640586795
-3.3496332518337246e-05
-0.0022882640586797064
0.003925427872860636
-0.00105158924205379
0.00020171149144254284
-0.0006222493887530563
0.0025601466992665033
0.0007704156479217605
0.0022227383863080686
0.0019943765281173593
0.0019518337408312959
-1.1491442542787106e-05
0.0010784841075794618
-0.0006393643031784843
0.000695110024449878
7.897310513447418e-05
0.0012721271393643032
0.0007845965770171151
0.00028190709046454766
0.001918581907090465
0.0014017114914425428
-0.0006799511002444985
-0.0006652811735941318
-0.001702444987775061
9.315403422982897e-05
-0.0012662591687041566
0.0018594132029339852
0.0015376528117359413
0.0009665036674816627
-0.002463814180929095
0.00035476772616136896
-0.0013640586797066016
0.00035134474327628326
-0.0007264058679706604
0.0020696821515892422
0.0014369193154034226
-6.821515892420493e-05
-0.0036486552567237167
0.0018814180929095357
0.0003488997555012221
0.0014344743276283622
-0.0002999999999999998
0.0002755501222493887
0.0005572127139364299
-0.0007127139364303176
-0.0009088019559902202
0.001290220048899756
-0.00039682151589242107
0.0019141809290953542
-0.0006075794621026892
-0.0009645476772616133
0.0002564792176039117
0.0005772616136919317
0.0008427872860635695
-0.0020330073349633256
-5.7457212713936616e-05
-0.0036921760391198043
-0.0016408312958435215
0.0016432762836185817
0.0028975550122249385
0.000421760391198044
0.0011797066014669923
-0.002249144254278728
-0.0034364303178484107
-0.00046136919315403405
-0.0015552567237163812
0.001214425427872861
-0.0022256723716381423
-0.0002691931540342303
-0.0006535452322738386
-0.0013254278728606354
-0.0011097799511002445
0.001821271393643032
-0.002461369193154035
-0.0010007334963325182
0.0011420537897310515
-0.00019339853300733435
-0.0012530562347188262
-0.002366503667481663
-6.601466992665124e-06
0.002240342298288508
0.001832518337408313
0.0026799511002444988
-0.00105158924205379
0.001917114914425428
0.0018364303178484104
0.0023117359413202926
-5.4523227383863725e-05
-0.0027826405867970657
0.00022322738386308026
-0.0004017114914425426
-0.0022872860635696816
0.004026650366748166
-0.0002936430317848413
0.0011332518337408312
0.0011860635696821515
-0.002846210268948655
0.001045721271393643
0.0013982885085574571
-0.0003200488997555015
0.004516625916870415
0.00030831295843520754
0.004567481662591687
0.0006295843520782393
0.0006564792176039121
0.0007117359413202938
0.0008750611246943768
-4.718826405867994e-05
-0.003084352078239609
0.0020129584352078242
0.0012770171149144255
-7.848410757946228e-05
-0.002737652811735941
0.00029951100244498776
0.0002188264058679706
-0.0014144254278728604
0.00016894865525672384
0.0017503667481662591
0.0010628361858190708
0.0012462102689486554
-0.0005684596577017119
0.003426161369193154
-0.0007122249388753064
-0.0008286063569682147
-0.0004555012224938876
-0.0039992665036674814
-0.0019444987775061122
0.0030589242053789736
-0.001675550122249389
-0.0007518337408312954
-0.0009748166259168703
-0.004278484107579462
0.0007753056234718826
0.00034498777506112525
-0.0013831295843520785
-0.0005268948655256725
0.0014188264058679703
0.0026217603911980435
-0.001799266503667482
0.0004105134474327625
0.0031640586797066017
0.0027464547677261606
0.004230562347188264
0.0017493887530562345
0.001334718826405869
0.0010931540342298289
0.0005459657701711493
-0.000856968215158924
-0.00024963325183374144
-0.000160146699266504
-0.00014987775061124753
0.0014105134474327622
0.00019731051344743303
-0.0014388753056234717
-0.0014814180929095357
0.0001244498777506111
-0.0015753056234718828
-0.0006608801955990222
-0.002857457212713936
0.0002936430317848413
-0.00013227383863080653
-0.0015048899755501224
-0.0005268948655256725
-0.003426161369193154
-0.0015709046454767722
0.0012657701711491442
0.003870171149144254
-0.0009484107579462105
-0.0012080684596577013
-0.00044523227383863064
0.0030457212713936427
0.0007425427872860634
-0.00424278728606357
-0.00027946210268948605
0.0031352078239608797
-0.0006320293398533008
-0.0028261613691931537
0.0015694376528117362
0.0009645476772616133
0.0012623471882640587
0.0007669926650366748
0.0003640586797066013
0.00012787286063569702
0.0020007334963325183
0.0004980440097799508
0.0015396088019559904
3.985330073349642e-05
-0.0006462102689486552
-0.0009420537897310512
0.0008603911980440095
0.001035452322738386
-0.0020740831295843524
0.0006178484107579462
-0.00012053789731051361
0.0004848410757946208
-0.0012041564792176042
0.0019283618581907086
-6.039119804400964e-05
-0.0009801955990220044
-0.000598288508557457
0.0026452322738386306
-0.0023679706601466995
-0.001487286063569682
-0.001127872860635697
0.005096088019559902
-0.0007141809290953545
-0.0011958435207823964
-0.00045061124694376504
-6.332518337408308e-05
0.0027317848410757938
0.00040415647921760367
0.001724938875305623
-0.002845721271393643
-0.000572860635696821
0.0003562347188264056
-0.00046723716381418093
0.00027359413202933977
-0.0003493887530562347
0.0004066014669926656
0.000874572127139364
0.0005601466992665033
0.00031075794621026877
-0.0006858190709046459
-0.001533740831295843
-0.003012958435207824
-0.0014305623471882636
-0.0007039119804400985
-0.0025850855745721273
0.0008447432762836183
-0.0010334963325183372
-0.0015117359413202927
-0.00133520782396088
0.0017577017114914428
0.0007982885085574573
-0.00125158924205379
-0.0007665036674816624
-0.003731784841075795
-0.002481418092909536
-0.000686308068459658
-0.0004662591687041567
0.0014119804400977993
0.0009166259168704156
-0.0001342298288508551
0.00253960880195599
0.0012393643031784838
1.9804400977994693e-05
0.0006149144254278724
0.0028511002444987776
0.0003933985330073351
0.0015454767726161371
0.002612958435207824
-0.0026540342298288513
-0.00013765281173594123
-7.94621026894867e-05
0.0003132029339853302
-0.0018388753056234725
-0.0020760391198044017
-0.00044083129584352013
0.0010232273838630805
0.0011229828850855747
-0.0017889975550122246
-0.0007621026894865528
-0.001439364303178484
-0.00018557457212713956
0.0016745721271393642
-0.000516136919315403
-0.002039364303178484
-0.00021491442542787253
-0.002367481662591687
0.0001904645476772618
0.004677506112469438
-0.00016405867970660192
0.0003513447432762835
-0.002085330073349633
0.0013581907090464548
-7.11491442542787e-05
-0.0015596577017114917
0.0015004889975550125
-0.001653545232273839
-0.0025063569682151586
0.0022574572127139363
-0.0009542787286063568
-0.001611002444987775
0.00037628361858190726
0.0008056234718826409
-0.0008114914425427875
-0.0011635696821515893
-0.0019229828850855749
-0.0008276283618581909
-0.00047310513447432765
0.001458435207823961
-0.0004100244498777501
0.0002555012224938878
0.0001435207823960878
-0.0002647921760391201
-0.0026613691931540342
0.002976772616136919
0.001846699266503667
-0.0011053789731051346
0.00040171149144254266
0.000711246943765281
0.0008530562347188263
-0.0018716381418092912
0.0016124694376528116
0.0013860635696821516
0.0006207823960880198
0.00014743276283618592
0.0016696821515892425
-0.0006687041564792178
-0.0011479217603911978
-4.327628361858216e-05
-0.001500488997555012
-0.0011674816625916868
0.0012804400977995112
0.0011757946210268946
-0.0016281173594132033
-0.00016405867970660146
-0.0005190709046454775
-0.0016398533007334964
-4.376528117359393e-05
-0.000925916870415648
-0.0001577017114914423
-0.003417848410757946
-0.001191931540342298
0.0004735941320293397
-8.435207823960881e-05
0.0018682151589242053
0.00037139364303178464
-0.00041735941320293423
0.00010880195599022004
0.0011674816625916868
-0.0007107579462102689
0.0016975550122249393
-0.00021100244498777564
-0.0014012224938875304
2.5183374083129313e-05
0.00043447432762836206
1.2958435207824298e-05
0.0012100244498777504
-0.00172200488997555
-0.001318581907090465
9.999999999999984e-05
0.001924449877750611
0.0017259168704156478
0.0008951100244498775
-0.0012036674816625918
0.00046136919315403416
-0.0006843520782396086
0.0014980440097799505
-0.0007391198044009785
-0.0022217603911980437
0.0017596577017114914
-5.452322738386291e-05
0.0006457212713936426
0.002395354523227384
0.004446699266503667
0.000366992665036675
0.0008085574572127147
-0.0026613691931540342
-0.0008794621026894862
0.0013127139364303181
0.0015122249388753056
-0.0008662591687041565
-0.004244254278728606
0.0025019559902200485
0.0013831295843520779
-0.00027897310513447417
-0.0008765281173594132
0.0028921760391198035
-0.00012836185819070916
0.00020757946210268955
0.0022887530562347184
-0.0021405867970660155
-0.0016814180929095356
-0.0027836185819070905
0.00039437652811735946
-0.0005733496332518335
-0.00255281173594132
9.413202933985338e-05
-0.0024271393643031784
0.00039828850855745744
-0.0008892420537897311
-0.0020584352078239607
9.657701711491451e-05
0.0010995110024449879
0.001007090464547677
-0.001407090464547677
0.0006858190709046458
0.0021244498777506105
-0.0014770171149144256
-0.0008721271393643032
0.0003469437652811735
6.870415647921785e-05
0.0013577017114914424
-0.0007973105134474328
0.0005268948655256725
-0.0008819070904645474
-0.0007068459657701712
0.0008105134474327628
-0.00020073349633251876
-0.0002378973105134475
0.0012403422982885084
0.002247677261613692
-0.0013156479217603916
-0.001211002444987775
0.001113691931540342
-0.00039975550122249386
0.0011904645476772614
0.0004760391198044008
-0.0030452322738386307
0.0005151589242053786
0.0021014669926650363
0.001967481662591687
-0.000362591687041565
-0.0002452322738386311
2.8606356968215265e-05
-0.0018853300733496336
0.0004955990220048903
0.0015180929095354517
0.0018902200488997557
0.0014100244498777507
0.0008466992665036676
0.001960635696821516
7.334963325185959e-07
-0.0026608801955990214
0.0008466992665036672
-0.0011312958435207826
-0.0025268948655256724
-0.001220293398533007
-2.713936430317875e-05
-0.0006163814180929092
-0.0015283618581907093
0.0009151589242053786
2.9095354523227505e-05
0.0009229828850855744
0.0020506112469437657
0.0006100244498777507
0.0006951100244498778
-0.0002706601466992666
0.0012682151589242052
-0.00024229828850855765
0.0012447432762836175
0.0011948655256723718
0.002445721271393643
-0.001938141809290954
4.4254278728606236e-05
-0.0006731051344743274
-0.002363569682151589
0.002284841075794621
0.0005474327628361855
0.001419315403422983
-0.0007508557457212712
-0.0022755501222493893
0.00020709046454767745
0.0008775061124694374
0.0023337408312958433
-0.0019171149144254279
-0.00010977995110024463
-0.0010853300733496335
0.0009132029339853302
-0.002055012224938876
-0.00035721271393643025
-0.001131295843520782
-0.0037464547677261606
-0.001575794621026895
0.0007797066014669923
0.0009141809290953549
-0.0008995110024449873
0.00042273838630806874
-0.00030000000000000014
1.540342298288488e-05
-0.000991442542787286
-0.0034012224938875305
0.000516136919315403
0.0025210268948655254
0.0010026894865525675
-0.0016129584352078236
-0.0020290953545232275
-0.0005474327628361858
-0.0014051344743276281
-0.0004124694376528117
-0.0018325183374083127
-0.0012750611246943766
0.0007308068459657695
-0.0002119804400977999
0.0018662591687041564
-0.0016520782396088022
-3.667481662591962e-06
-0.0003973105134474327
-0.0002515892420537894
0.0007200488997555012
0.00035525672371638123
0.00048581907090464583
0.0005850855745721281
0.0005503667481662591
0.0008437652811735941
-0.001165525672371638
-0.0019973105134474334
-0.0011347188264058678
-0.0015723716381418093
-0.0010559902200489
-0.0008755501222493888
-0.0007567237163814182
5.256723716381409e-05
-0.0015748166259168708
-0.0007552567237163813
0.00028141809290953566
0.00097921760391198
-0.0020877750611246948
-0.001160146699266504
0.00014792176039119816
0.0005444987775061124
-0.0009767726161369196
0.002408557457212714
0.00037334963325183333
0.0005176039119804401
0.00017872860635696807
-0.002234963325183374
9.364303178484107e-05
0.0033684596577017124
-0.0005748166259168709
0.0013347188264058675
-0.0005679706601466991
-0.00038606356968215157
-0.002887286063569682
0.0034476772616136918
0.0023836185819070908
0.003301466992665037
-0.0015655256723716383
-0.0004281173594132034
-0.0031577017114914428
-0.0014828850855745721
0.00038312958435207813
-0.0002677261613691929
-0.0021577017114914427
0.002606112469437653
-0.000534718826405868
-0.002274572127139364
-0.002553300733496332
-0.0001953545232273838
-0.0013366748166259168
-0.0010442542787286063
-0.0015146699266503666
-0.0012334963325183372
-0.000840342298288508
-0.0017562347188264057
-0.0033068459657701705
0.001885819070904645
0.0009933985330073348
0.0005176039119804401
-0.001926894865525672
0.0010672371638141811
0.000479462102689486
-0.002653056234718827
-1.8826405867970555e-05
0.000887286063569682
0.0004770171149144257
0.00019731051344743316
-0.00013129584352078257
0.002201711491442543
0.00019779951100244464
-0.002414425427872861
0.0007044009779951096
-0.0024711491442542784
0.0013464547677261621
-0.0015312958435207825
-0.0001176039119804401
0.00012689486552567252
-0.0010378973105134475
0.0017356968215158923
-0.0004965770171149145
-0.0031268948655256727
-0.0010251833740831295
-0.0013317848410757944
0.000827628361858191
5.354523227383843e-05
-0.002344987775061125
0.0017136919315403419
-0.0023083129584352082
-0.0005151589242053795
-0.003192909535452323
0.0008168704156479219
0.0014339853300733498
0.0013268948655256725
-0.00024474327628361855
-8.58190709046454e-05
-0.003091687041564792
-0.0007361858190709045
0.0008955990220048896
0.0021381418092909538
0.00035427872860635713
0.0001567237163814182
0.001081907090464548
-0.0011924205378973103
0.0004080684596577019
-0.00029657701711491443
0.002978728606356968
-0.0003865525672371641
0.002580195599022005
-0.0010349633251833742
0.0032246943765281166
0.0016085574572127137
0.0009963325183374085
0.0012119804400977997
0.00025892420537897295
0.001859902200488997
0.00047701711491442573
0.0006789731051344741
0.0002506112469437651
-0.0015621026894865522
0.0011327628361858188
-2.6161369193153665e-05
5.3545232273838845e-05
0.0006794621026894866
0.0009488997555012225
-0.0006589242053789732
0.0016515892420537897
-0.00012738386308068522
0.0015332518337408318
-0.00033863080684596594
0.001031051344743276
-0.000718092909535452
-0.00047603911980440114
-0.0019880195599022003
0.0002863080684596575
-0.0010750611246943766
-0.002002200488997555
-0.0023787286063569678
-0.0015180929095354528
-0.0009205378973105134
0.0021787286063569685
-0.0007444987775061127
-0.0009782396088019558
0.0015293398533007335
0.0019542787286063574
-0.002243276283618582
-0.0025107579462102687
0.0011655256723716383
-0.00017286063569682121
0.0020246943765281173
-0.0005713936430317851
-0.0027782396088019555
0.001853545232273838
0.000226161369193154
0.0020154034229828855
-0.0005973105134474325
0.0014511002444987772
0.0026383863080684596
-0.00022958435207823998
0.0017205378973105135
-0.002413447432762836
0.006145965770171149
0.0001469437652811731
-0.0013679706601466993
0.0018481662591687037
4.1320293398532667e-05
-0.00041295843520782393
-7.066014669926632e-05
0.0007102689486552564
0.0003909535452322743
-0.0030515892420537893
-0.0013787286063569682
-0.003461858190709046
-0.0011488997555012227
-0.0008540342298288509
0.0003787286063569686
0.001659413202933985
-0.0004193154034229827
0.0016907090464547676
0.0014784841075794622
0.0013092909535452322
-0.002929339853300734
-0.0036916870415647923
-0.0016295843520782395
-1.4914425427872982e-05
-9.217603911980437e-05
-0.0023141809290953552
-0.0006422982885085576
-0.0010119804400977996
-0.0013943765281173594
0.0005875305623471882
-0.002417848410757946
-0.002513202933985331
-0.0004897310513447433
-0.0005845965770171149
0.0019953545232273833
0.0009518337408312961
-0.00111320293398533
0.0001753056234718826
0.0012564792176039117
0.0015400977995110021
0.0015190709046454768
-7.555012224938911e-05
0.0030183374083129584
-0.0057596577017114915
-0.0007557457212713936
-0.0005293398533007331
0.0007312958435207826
0.002401711491442543
0.0002867970660146702
0.002043276283618582
0.0006750611246943764
-0.0015405867970660144
0.0010491442542787282
0.0026775061124694375
2.2249388753056093e-05
-0.002162591687041565
-0.0021850855745721267
-0.0010555012224938874
-0.00139437652811736
-0.0027498777506112463
0.0011806845965770172
0.00047897310513447415
-0.0007625916870415647
0.0010012224938875307
-0.0006515892420537902
0.0014300733496332523
0.0005929095354523228
-0.0017821515892420539
-0.0012990220048899757
0.0007982885085574574
0.001123960880195599
0.0032173594132029336
0.0014300733496332518
-0.00046723716381418066
0.0006975550122249388
0.002858924205378973
0.0024784841075794622
0.0028110024449877753
-0.000874572127139364
-0.0019665036674816633
0.0012002444987775061
0.0016251833740831292
-0.0016364303178484107
0.001988997555012225
-0.0008017114914425424
-0.00141638141809291
0.0017635696821515893
-0.0014124694376528115
-0.0005753056234718828
-0.0004926650366748169
9.266503667481673e-05
-0.002144498777506112
-0.0033464547677261613
0.001106845965770171
-0.002154767726161369
0.0006393643031784837
-0.004433496332518337
0.0009224938875305624
-0.00041687041564792185
-0.0004999999999999995
-0.00041344743276283626
0.0013435207823960882
-0.000271149144254279
0.004560146699266503
0.0015312958435207825
-0.0006882640586797066
-0.0007767726161369192
-0.0005117359413202936
0.0021816625916870414
-0.00021149144254278672
0.0015073349633251832
0.0008687041564792168
0.0007146699266503667
-0.0002867970660146701
-0.00357041564792176
0.00018166259168704191
0.0022222493887530557
-0.0003484107579462102
-0.0016051344743276276
6.601466992664446e-06
0.0004990220048899755
-7.75061124694378e-05
0.0029655256723716376
-0.0009107579462102688
0.0032760391198044013
0.0008863080684596576
-0.00034547677261613686
0.000617848410757946
-0.0003889975550122249
-0.00038312958435207824
-0.00022127139364303211
-0.0015083129584352077
-0.002921026894865526
-0.00039877750611246894
-0.00023887530562347192
-0.004839364303178485
-0.0013425427872860633
0.0010036674816625917
-0.0010828850855745724
-0.0027122249388753057
-0.0003078239608801954
-9.608801955990173e-05
-0.0024843520782396092
-9.364303178484094e-05
-0.002432518337408313
-0.0008066014669926655
-0.0021777506112469432
0.0005733496332518336
0.0016212713936430323
4.718826405867967e-05
0.0005870415647921759
-0.0023743276283618585
-0.0002887530562347189
0.001362591687041565
-0.0010779951100244496
-0.00033765281173594135
-0.0022295843520782396
0.00013227383863080727
-0.0015635696821515897
-0.0009048899755501219
0.0017410757946210273
-0.002287286063569683
0.000955745721271394
0.0007405867970660154
-0.0006867970660146697
0.0015337408312958434
0.0006701711491442549
0.0017454767726161372
0.0004863080684596583
-0.0026652811735941315
-0.0010643031784841074
-0.0011449877750611245
-0.004899022004889976
-0.0025718826405867973
0.000964547677261614
-0.0003195599022004888
-0.001878484107579462
-0.0004349633251833733
0.00228679706601467
-0.001736674816625917
0.00110440097799511
0.0006002444987775059
0.000753789731051345
-0.0004227383863080683
0.0019356968215158926
0.001056968215158924
-0.003749877750611247
-0.00015281173594132002
0.0018070904645476778
0.0023836185819070908
0.0017625916870415645
-0.0032193154034229825
-0.0009933985330073348
-0.0007132029339853305
-0.002759168704156479
-0.004105867970660147
-0.002527383863080685
-0.0006530562347188265
-0.00024180929095354574
-0.00020757946210268955
-0.0007322738386308068
0.0006442542787286065
0.0006212713936430318
0.0010026894865525675
-0.002495110024449877
0.0002051344743276283
0.0028031784841075795
0.0008378973105134472
-0.0020980440097799506
0.0015048899755501226
0.0022809290953545234
-0.0007185819070904651
0.001056479217603912
0.0014413202933985325
0.0005992665036674811
0.0006936430317848407
-0.0008364303178484107
1.7848410757946485e-05
6.28361858190705e-05
-0.0022691931540342295
0.0011718826405867969
-0.00012542787286063585
-0.0003469437652811735
-0.000919070904645477
0.0008589242053789732
0.00029413202933985326
-0.0013880195599022007
0.002141564792176039
-0.0012100244498777506
0.0006295843520782399
-0.0033929095354523226
0.0001621026894865525
0.0016530562347188266
-0.0007195599022004892
6.772616136919262e-05
-0.0022178484107579464
0.0014266503667481666
0.001235941320293398
0.0006383863080684597
-0.00043545232273838654
0.0005493887530562348
-0.0017924205378973105
0.0013332518337408313
-7.261613691931536e-05
-0.0002550122249388744
0.001111246943765281
0.001806112469437653
0.0016765281173594135
-0.0002828850855745722
-0.0012809290953545236
-0.0009806845965770173
-0.0007508557457212711
-0.001693154034229828
0.0005606356968215154
-0.0007948655256723716
0.00017628361858190695
-0.0021268948655256727
-0.0012408312958435209
0.0011836185819070904
-0.0019156479217603917
-0.0015146699266503666
0.0009415647921760392
-0.0028843520782396086
-7.310513447432793e-05
-0.0010911980440097802
0.00037286063569682155
0.00010880195599022001
-0.0001943765281173591
0.0007894865525672374
0.0007723716381418095
-0.0005665036674816626
-0.0011782396088019559
-8.190709046454761e-05
-0.0012462102689486554
-0.0014403422982885085
-0.001387530562347188
-0.003087286063569682
0.0006242053789731045
0.002311735941320293
-0.0006731051344743276
-0.0003704156479217604
0.0005293398533007335
0.0016193154034229826
0.0003449877750611249
-0.0019488997555012226
-0.0019713936430317846
-0.003243765281173594
-0.0007215158924205382
-0.002523960880195599
-0.00024914425427872804
-1.2469437652811653e-05
-0.00029804400977995166
0.002193398533007335
-0.0013718826405867972
-0.0016232273838630812
-0.0008501222493887537
-0.0018750611246943774
0.0001968215158924203
-0.002653545232273838
0.00032444987775061144
0.0003997555012224937
0.000643765281173594
-0.0031435207823960875
0.0003811735941320295
-0.002905867970660147
0.0006085574572127135
0.0008926650366748166
-0.004455012224938875
-0.0016188264058679708
0.00042909535452322696
0.002267726161369193
-0.000982640586797066
0.0012212713936430321
0.0020633251833740832
0.0015420537897310514
0.002411002444987775
-0.0006716381418092908
-0.00035525672371638167
7.066014669926598e-05
-0.002110757946210269
4.08312958435209e-05
0.0010354523227383862
-0.001849633251833741
0.001249633251833741
-0.0011327628361858192
0.0011537897310513448
-0.0012022004889975547
0.0015068459657701708
0.001562591687041565
-0.0011185819070904648
-0.0009669926650366746
-0.0011298288508557457
0.0012647921760391195
0.0003885085574572132
0.001706845965770171
0.0014051344743276283
-0.0022823960880195594
-0.0024491442542787286
0.0007806845965770172
0.003343031784841076
0.0008437652811735941
0.00040171149144254293
0.002143520782396088
0.0003518337408312964
0.0019220048899755502
0.0008559902200488997
-0.0017503667481662591
-0.0019312958435207825
-0.0003513447432762836
-0.0002740831295843523
0.00015770171149144248
-0.0021943765281173594
0.0015053789731051342
0.0006193154034229829
0.0030946210268948658
0.003375794621026895
0.001719559902200489
-0.000617848410757946
0.0010139364303178486
0.00010684596577017081
-0.0002555012224938873
-0.002637897310513447
-0.0010496332518337408
0.0013669926650366753
-0.0004325183374083132
0.0008183374083129585
-0.00036992665036674773
0.0014520782396088016
-0.0015244498777506113
-0.0015577017114914425
0.0008603911980440099
0.0005552567237163816
0.003984107579462103
0.0009166259168704162
-0.0017992665036674813
-0.0016056234718826406
0.004132273838630807
-0.0008339853300733498
0.0007396088019559899
-0.00023202933985330096
0.00017872860635696853
-0.0010437652811735947
0.0013953545232273839
6.870415647921737e-05
-0.001565036674816626
0.00016454767726161362
0.0005611246943765279
0.00020317848410757929
0.0009616136919315408
-0.005265281173594131
-0.0010242053789731049
0.0004916870415647926
0.00017677261613691979
0.0008941320293398533
0.0008589242053789732
-0.0009880195599022007
-0.00030293398533007363
0.001679462102689486
-0.0013669926650366746
0.002053545232273839
-0.0003166259168704158
-0.0015430317848410759
0.000615403422982885
-0.0026017114914425425
0.00021980440097799512
0.0006970660146699268
-0.0010897310513447432
-0.00019926650366748142
-0.0017440097799511002
7.11491442542789e-05
-3.7408312958435024e-05
0.0012902200488997557
-0.0015029339853300737
0.0007097799511002448
-0.0018432762836185822
0.001511246943765281
0.002475061124694377
-0.0008330073349633252
-0.0018339853300733495
-0.002372371638141809
0.0015234718826405867
0.0005234718826405864
0.0041308068459657695
0.0026012224938875314
0.0024916870415647926
-0.0005704156479217603
0.0023097799511002442
-0.00032004889975550136
-0.0004134474327628365
0.0003019559902200489
0.0015234718826405867
3.349633251833711e-05
0.0008716381418092909
0.0002427872860635698
-0.00032591687041564786
-0.0011508557457212709
0.0022496332518337414
-0.0019459657701711493
0.0005929095354523228
0.00044083129584352056
0.0009132029339853304
0.0009493887530562348
0.003771393643031785
-7.848410757946181e-05
0.0016965770171149144
0.0016814180929095354
0.0030427872860635695
-0.0025376528117359415
0.003221760391198044
0.0020779951100244496
-0.002204645476772616
-0.0006907090464547678
0.0009440097799511002
-0.00110440097799511
-0.0010515892420537892
0.0013625916870415652
0.0033880195599022005
-0.001101955990220049
0.0017322738386308062
-0.001461858190709047
0.00023251833740831288
0.0009542787286063567
-0.0005322738386308065
0.00038215158924205376
-0.0027459657701711495
-0.00011858190709046461
0.0009933985330073353
0.002517114914425428
0.0018491442542787277
-0.00033080684596577037
-0.001337163814180929
0.0005645476772616136
0.001258924205378973
-0.00021100244498777537
0.00132200488997555
-0.000441320293398533
0.0016178484107579462
0.00035330073349633227
-0.0010779951100244498
0.0010266503667481666
0.001574327628361858
0.00045012224938875315
-0.0003831295843520784
0.0011801955990220047
0.0017753056234718822
0.0016457212713936432
-0.0005885085574572125
0.0017454767726161368
-0.0003557457212713941
0.0023528117359413207
-0.0018711491442542783
-0.002509779951100245
-0.0007078239608801958
0.00039584352078239605
-0.0001503667481662585
-0.0009909535452322738
0.0021205378973105137
0.003630073349633252
-0.0012789731051344746
5.64792176039118e-05
0.0007268948655256721
0.001006601466992665
-0.0026902200488997563
0.0013308068459657702
0.0008638141809290952
0.0014163814180929097
0.0001621026894865528
-0.00026674816625916825
0.001058435207823961
0.0014413202933985327
-0.0014022004889975548
0.000362591687041565
-0.002373838630806845
0.0012144254278728605
0.001594376528117359
-0.0011929095354523227
-9.804400977995157e-05
0.005284841075794621
0.0005718826405867969
0.00017872860635696801
0.0001552567237163814
0.00015134474327628352
-0.0016251833740831292
0.002902444987775061
0.0001229828850855746
0.001068215158924205
0.0017899755501222493
-0.0007044009779951101
0.00029022004889975555
-1.687041564792153e-05
-0.0005782396088019557
-0.0004398533007334962
-0.0006579462102689487
-0.0016227383863080683
-0.0003552567237163814
0.0006584352078239611
0.0006124694376528116
-0.00013911980440097787
-0.0017528117359413204
-0.0003973105134474328
-0.0016129584352078245
0.00132640586797066
-3.349633251833765e-05
0.0011029339853300731
0.000910757946210269
-0.0008017114914425429
-0.0014129584352078235
-0.0019440097799511007
-0.001952322738386308
0.0006804400977995109
-0.0007073349633251833
0.0002799511002444989
-0.0008550122249388751
-0.0007591687041564792
0.004664792176039119
7.261613691931528e-05
-0.001334229828850856
6.601466992664852e-06
-0.0034056234718826406
0.0004657701711491445
-0.00289315403422983
0.003263325183374083
-0.00023789731051344725
9.804400977995123e-05
0.00011907090464547716
0.001559168704156479
-0.001631540342298288
-0.00048337408312958363
-0.0023029339853300732
-0.0018819070904645472
0.0016564792176039119
0.0013298288508557456
-0.0015968215158924204
-0.0027107579462102697
0.0009762836185819071
-0.0005924205378973106
0.001055012224938875
0.002447677261613692
-0.00029462102689486503
-0.0008114914425427874
-0.0018985330073349631
0.0011019559902200491
-0.0015484107579462102
-0.00018655256723716396
0.0007968215158924208
-0.003908312958435208
4.376528117359413e-05
-0.0012760391198044009
0.0002926650366748172
0.0005464547677261615
-0.0016388753056234722
-0.0002951100244498777
0.0006349633251833739
0.0032853300733496336
-0.0018007334963325182
-0.001293154034229829
-0.00031613691931540376
-5.990220048899801e-05
-0.0029640586797066017
-0.001053056234718826
0.0005738386308068461
-0.0017591687041564792
-7.897310513447405e-05
0.000953300733496333
0.0019303178484107579
0.0024530562347188267
0.00023887530562347178
-0.0014804400977995109
-0.0006990220048899757
0.003671638141809291
0.0005674816625916871
-0.0015933985330073349
0.0004051344743276287
0.00014303178484107606
-0.0004295843520782398
0.0002457212713936431
-0.0022286063569682147
0.0013953545232273839
0.00041344743276283626
0.002654523227383863
0.0007943765281173594
-0.00010733496332518296
-0.0002447432762836184
-0.0006643031784841075
9.657701711491438e-05
0.0008413202933985329
-0.0005083129584352077
0.0017572127139364303
-0.00033178484107579414
0.001215892420537897
-0.00043496332518337384
-0.000503911980440098
0.0008980440097799512
-0.00021393643031784832
-0.00019242053789731009
0.0006726161369193154
0.0005616136919315406
0.001650122249388753
0.002623716381418093
0.00020024449877750576
-0.0013141809290953546
0.0012422982885085577
-0.0003278728606356963
-0.0018266503667481663
0.0038046454767726155
-0.0018374083129584354
0.000749388753056235
0.0008383863080684595
-0.0010183374083129585
0.003614425427872861
0.0004951100244498778
-0.00036552567237163873
0.001609046454767726
-0.0001469437652811739
0.0038310513447432763
-0.00162958435207824
-0.0023963325183374083
-0.0007073349633251834
0.0013303178484107578
-0.000776283618581907
-0.000974327628361858
-0.0009713936430317851
-0.0016232273838630805
0.0029523227383863085
-0.0032897310513447433
-0.0008432762836185823
0.0025953545232273835
0.0005894865525672367
-0.00022518337408312963
-0.00019339853300733473
-0.0002222493887530563
-0.0012965770171149144
0.0006193154034229826
-0.001959168704156479
-2.322738386308057e-05
0.0017151589242053794
7.79951100244497e-05
-0.0006858190709046459
0.0029493887530562344
-0.0003977995110024453
-0.0004281173594132025
-0.0022418092909535455
0.0011948655256723718
-0.003257946210268949
0.0007958435207823966
0.0038667481662591685
-0.0014990220048899758
0.0009645476772616131
-0.0007371638141809292
-0.002211002444987775
-0.0014217603911980438
-0.0008163814180929092
0.0006408312958435203
-0.00043887530562347144
-0.001847188264058679
0.001139119804400978
-0.0018119804400977997
0.0009376528117359413
0.0003185819070904644
-0.0014110024449877749
-0.0013743276283618572
0.0005454767726161366
-0.0006584352078239603
-0.0025425427872860637
-0.00027114914425427816
-0.001737652811735941
0.0013591687041564794
-0.0030770171149144257
0.0022330073349633253
-0.0005713936430317854
-0.0004931540342298286
-0.0004584352078239605
0.0015831295843520786
0.004315647921760392
-0.0015234718826405867
-0.0013753056234718827
0.0009919315403422982
0.0012154034229828854
0.0025948655256723715
0.0041552567237163815
-0.00013716381418092918
0.00031564792176039117
-0.001113691931540342
0.0006325183374083133
0.0012491442542787287
-0.002787041564792176
0.0027479217603911983
-0.0019498777506112472
-0.0022100244498777506
-0.0023748166259168705
0.0010134474327628362
0.001871149144254279
0.00014792176039119838
0.0011308068459657706
-0.0005474327628361858
-0.0036638141809290947
-0.0016608801955990218
0.0005361858190709047
-0.002960146699266504
0.002776283618581907
-0.001565036674816626
-0.00032053789731051373
0.0010882640586797067
-0.001448166259168704
-0.0014872860635696823
0.0021885085574572124
-0.00023496332518337413
-0.0006139364303178483
-0.0004501222493887529
-0.0015567237163814176
0.0010691931540342298
-0.0005224938875305623
-0.0015484107579462102
-0.0010046454767726164
0.0006613691931540345
-0.000624205378973105
0.00010488997555012234
0.000484841075794621
-0.0016828850855745725
3.936430317848411e-05
-0.001058435207823961
-0.00012591687041564836
0.002308801955990221
0.0021767726161369193
-0.0006246943765281175
7.652811735941319e-05
-0.0026383863080684596
-0.00012787286063569713
0.00023545232273838643
-0.0026608801955990222
-0.0023523227383863083
0.001235941320293398
0.0011533007334963324
-0.0017674816625916872
-0.0005083129584352075
0.0006173594132029342
-0.0022907090464547673
0.001080440097799511
0.0017943765281173594
0.0023039119804400977
-0.00038117359413202944
-0.002181662591687042
-0.0017621026894865523
-0.0005767726161369191
-0.0007288508557457213
-0.0012090464547677264
0.0012501222493887525
0.0006706601466992668
0.0009621026894865524
0.0011753056234718826
-0.0019474327628361855
0.00035574572127139437
0.0010926650366748167
-0.0033229828850855738
-0.0009034229828850862
-0.0023845965770171148
-7.334963325187316e-07
-0.00037579462102689553
-0.0010476772616136913
0.000276528117359413
-0.0030207823960880192
-0.0015224938875305618
-0.0005440097799511
0.0003591687041564794
-0.000791442542787286
-0.0015523227383863081
-0.001584107579462103
0.0029537897310513445
0.00016503667481662564
-0.0016100244498777508
-0.001214914425427873
-0.0007195599022004887
-0.0019273838630806848
-0.0020413202933985326
0.000471638141809291
-0.0010095354523227378
0.0015513447432762833
0.0010867970660146699
-0.0018339853300733495
-0.0023694376528117355
-0.0010594132029339857
-0.0030188264058679704
0.002581662591687041
-0.0022711491442542787
0.0013860635696821516
0.0006491442542787283
0.003425672371638142
-0.002725916870415648
0.0007288508557457221
-0.0016427872860635695
-0.0011713936430317847
0.0018794621026894864
0.0006383863080684594
0.0015782396088019565
0.0010383863080684595
0.0004647921760391198
-5.207823960880219e-05
0.0005239608801955991
-0.0018110024449877749
-0.0005195599022004891
-0.0019880195599022
-0.001766992665036675
-0.002892665036674817
-0.0032564792176039124
-0.0008334963325183371
-0.0015987775061124699
9.7555012224939e-05
0.0011107579462102694
0.0008589242053789735
-0.002174327628361858
0.002424205378973105
-0.0018246943765281175
0.0011107579462102685
0.0012418092909535453
1.735941320293404e-05
0.0008843520782396084
-0.0021699266503667487
-0.0002794621026894866
0.002372371638141809
0.00016503667481662605
-0.003099022004889975
-0.0016828850855745722
0.00012738386308068468
-0.0007229828850855744
-0.00010586797066014644
-0.0014095354523227378
-0.0015342298288508556
0.0011772616136919317
0.000980195599022005
0.0016882640586797066
0.0003400977995110025
0.0004916870415647925
-0.0002603911980440093
-0.0010364303178484109
0.0019625916870415648
0.001786063569682152
0.0032652811735941318
0.0026623471882640587
0.0014418092909535456
-0.000813447432762836
0.0007748166259168709
-0.000624205378973105
0.00038948655256723717
0.0031528117359413206
-0.002808068459657701
-0.001654034229828851
-0.0001176039119804399
-2.1271393643031884e-05
0.0012633251833740835
-0.0026154034229828853
0.0015048899755501226
0.000125427872860636
0.0014305623471882638
-0.0008408312958435205
0.00011222493887530575
0.0022995110024449875
0.0024603911980440097
-0.0012877750611246942
-0.003785574572127139
0.0004711491442542788
-0.0019537897310513445
0.002533251833740831
-0.0024677261613691936
-0.0005772616136919317
-0.000616870415647921
0.00035721271393643035
-0.0011635696821515895
0.003036919315403423
-0.001358190709046455
0.001470171149144254
-0.0018408312958435207
0.0005405867970660151
0.0003039119804400976
-0.0011938875305623473
0.0008080684596577018
0.0016334963325183372
-0.0006569682151589243
-0.0004931540342298288
0.002980684596577017
-0.0011552567237163814
0.003680440097799511
0.0028183374083129587
0.0011440097799511003
-0.00027603911980440056
-0.0004227383863080682
0.00032200488997554994
-0.0018511002444987778
0.0021215158924205377
-0.0013948655256723712
0.0008466992665036679
0.0040110024449877745
0.001461369193154034
0.000938630806845966
0.00019046454767726126
0.0025870415647921757
0.00362078239608802
-7.750611246943784e-05
0.002404645476772616
-0.0016511002444987773
0.0001298288508557456
0.0013430317848410755
-9.070904645476738e-05
-0.00025403422982885017
-0.0009063569682151584
-0.0016496332518337413
-0.0014227383863080682
0.0014476772616136922
0.0011797066014669925
-0.0014545232273838627
-0.002016870415647921
-0.0012310513447432764
0.0005391198044009778
-0.0018413202933985336
0.002519559902200489
-0.0020882640586797063
-0.0021826405867970662
-0.0027616136919315407
0.0015513447432762833
0.0028051344743276287
-0.00213960880195599
-0.003610024449877751
0.00030537897310513464
-0.0004770171149144256
-0.0002706601466992663
0.0008647921760391197
0.0007557457212713939
0.0008765281173594138
0.0006378973105134467
-0.00012933985330073364
0.0007146699266503666
0.0006902200488997557
-0.0010398533007334961
0.0035332518337408314
-1.3936430317848234e-05
-0.0003611246943765284
0.0021195599022004893
0.0017249388753056234
-0.0008315403422982884
0.00319437652811736
0.002022738386308069
0.00021246943765281214
0.001246699266503667
0.0008149144254278729
-0.0001982885085574571
-0.00133520782396088
-0.0011704156479217607
-0.00363398533007335
0.0009704156479217605
0.0008281173594132028
0.001298533007334963
0.001080929095354523
0.0011733496332518337
-0.0012168704156479218
0.0025488997555012226
-0.002303422982885086
0.001985574572127139
0.0009889975550122253
-3.936430317848425e-05
0.0010075794621026899
-0.0005899755501222496
-0.00046821515892420487
0.00269559902200489
0.0005410757946210269
0.0007572127139364297
0.0012799511002444983
-0.00285158924205379
0.00027066014669926633
0.0002359413202933986
0.0011132029339853305
-0.004081907090464548
-0.0010139364303178482
0.001614425427872861
-0.0008872860635696823
-0.003210513447432764
-0.0005014669926650363
0.0008432762836185819
-0.0012794621026894868
0.0003948655256723718
0.001133251833740831
-0.0005200488997555015
0.00212200488997555
0.00015965770171149163
0.0019298288508557465
-0.0012535452322738384
6.0391198044008966e-05
0.0015767726161369188
0.0009400977995110026
-0.0008339853300733498
0.0017919315403422983
-0.0010745721271393641
-0.0003826405867970664
7.16381418092908e-05
0.0016486552567237165
-0.00019144254278728588
-0.0012462102689486548
-0.0022471882640586797
-0.0023200488997555013
-0.0018955990220048903
-0.0017361858190709047
-0.000640831295843521
-0.0020310513447432763
1.1491442542787174e-05
0.002100488997555012
-0.0030511002444987764
-0.0005987775061124693
-0.0006031784841075794
0.0008789731051344748
-0.00017139364303178523
0.004055990220048899
0.0031097799511002446
5.403422982885108e-05
0.0007674816625916872
0.002733251833740831
0.0003655256723716384
0.0016770171149144257
0.0002877750611246944
0.002209046454767726
0.001343520782396088
0.00010391198044009783
-0.00020757946210268983
-0.002011002444987775
0.00036601466992665035
0.00122958435207824
0.0018867970660146696
-0.0002437652811735937
0.00012885085574572107
0.0011914425427872858
-0.0004647921760391191
-0.0015630806845965764
0.0004017114914425425
0.0012339853300733495
-0.00025599022004890005
0.0018647921760391202
-0.0011616136919315402
0.002244254278728606
0.0009039119804400979
0.0003513447432762835
0.0015063569682151595
0.0012462102689486554
-0.0007728606356968218
-0.0005449877750611253
-0.002486308068459658
0.0016452322738386312
-2.616136919315441e-05
-0.00021051344743276286
7.897310513447418e-05
-0.0007968215158924209
0.0009704156479217605
-0.001059902200488997
0.002273105134474328
0.001196332518337408
0.0017987775061124695
-0.002540097799511002
0.00094841075794621
0.0023792176039119806
0.00040171149144254304
-0.0014750611246943763
0.0014026894865525668
-0.0016168704156479224
-0.0010506112469437653
-0.000772371638141809
-0.0014457212713936435
-0.0007811735941320297
-0.0017308068459657698
-0.0011381418092909538
0.0006295843520782398
0.00037090464547677253
0.000952322738386308
0.0005078239608801956
-0.00022322738386308107
-0.00033814180929095324
0.0017210268948655253
0.004212958435207823
0.0008750611246943766
-0.0021195599022004893
-0.0005841075794621034
-3.398533007334969e-05
0.0006555012224938876
-0.0005909535452322738
0.002439853300733496
0.0010036674816625909
0.0007694376528117361
0.002305867970660146
-0.0010794621026894865
0.0012173594132029338
0.000973838630806846
0.004269193154034229
-0.0008369193154034231
0.001424205378973105
-0.0005366748166259166
-0.00012933985330073337
-0.00047457212713936456
0.0018799511002444986
-0.0011244498777506107
0.00042371638141809316
-0.002839853300733497
0.0002701711491442546
-0.00039682151589242026
0.00034694376528117345
-0.002518581907090465
0.0004129584352078238
0.001226650366748166
-0.000408557457212714
0.001204156479217604
0.0011337408312958436
0.0024863080684596577
0.00022322738386308094
0.001857457212713936
0.0004657701711491441
-0.0004403422982885087
0.0003464547677261618
0.001578728606356968
-0.002079951100244499
0.0006828850855745721
-0.0019014669926650366
0.0018506112469437648
-0.0008486552567237165
-0.0025958435207823964
-2.0782396088019885e-05
0.0013665036674816624
0.0013782396088019562
-0.0033821515892420544
0.0001400977995110029
-0.00022078239608801968
0.004479951100244499
-0.0009992665036674814
0.002400244498777506
0.000606601466992665
-0.00034449877750611217
-0.0014158924205378972
0.0009068459657701714
0.0021831295843520782
0.00028826405867970665
0.002393887530562347
0.0005425427872860638
-0.002937652811735941
0.0019405867970660143
-0.0006369193154034224
0.00033129584352078263
0.0036784841075794624
-0.00038410757946210234
-0.0014481662591687037
0.001956234718826406
0.0015317848410757947
0.0016408312958435208
0.00013667481662591716
-0.0025058679706601466
0.00018361858190709033
0.003091687041564792
-0.002987530562347188
0.002079462102689486
-8.875305623471855e-05
0.0004227383863080683
-0.0007977995110024442
0.0003185819070904645
0.002365525672371638
-0.003936674816625917
-0.0008085574572127139
-0.0014677261613691933
0.001647677261613692
0.001180684596577017
0.0010618581907090466
-0.003280929095354523
0.001123960880195599
-0.0006080684596577019
0.0009210268948655255
0.0024154034229828853
-7.75061124694375e-05
0.0022026894865525668
0.001654523227383863
-0.0023386308068459654
-0.0011948655256723713
0.0010207823960880192
0.0012638141809290953
-0.0006217603911980445
0.0011410757946210273
-0.0003748166259168704
-0.0005136919315403418
-0.0013581907090464548
0.0004887530562347186
-0.001895110024449878
-0.0009136919315403419
-0.00017139364303178482
0.0004980440097799516
-0.0022085574572127138
-0.0007753056234718825
0.0008804400977995106
0.000929828850855746
1.442542787286054e-05
-0.000180195599022005
0.00013471882640586765
0.0002095354523227384
0.0008183374083129586
9.413202933985365e-05
-0.001266259168704156
-0.001633007334963326
-0.0005332518337408316
-0.0016188264058679704
0.0021630806845965773
0.0008408312958435205
-0.00028092909535452334
0.0013210268948655253
0.003786063569682151
0.0020276283618581906
-0.0005024449877750616
8.97310513447434e-05
0.002521026894865526
-0.0003616136919315408
0.0016765281173594128
0.0008731051344743274
0.0006755501222493887
0.0006188264058679712
-0.0010506112469437653
0.0008398533007334964
0.0012643031784841073
0.002253056234718826
-0.002531295843520782
-4.9144254278728555e-05
0.0013841075794621027
0.0015797066014669925
-0.0031205378973105133
0.0021444987775061128
-0.0004105134474327628
-0.004238875305623471
0.0063034229828850845
-0.0012853300733496333
0.0014119804400977993
0.00127799511002445
0.0010207823960880198
0.004165525672371639
0.0006437652811735938
-0.0007606356968215157
-0.0005107579462102689
0.0013987775061124696
-0.00101442542787286
0.003986552567237163
0.0001894865525672372
-0.0016325183374083128
-0.0013474327628361857
-0.0032711491442542783
-0.00041442542787286057
0.0010246943765281173
0.0005674816625916872
0.00042616136919315406
0.002141564792176039
0.0002383863080684592
-0.0011205378973105134
-0.0005097799511002446
0.001626161369193154
-0.0015469437652811731
0.0006202933985330069
0.0007929095354523228
-0.0009278728606356969
-0.0007493887530562343
0.0004012224938875309
-3.202933985330087e-05
0.00033374083129584326
0.0031205378973105133
-0.0014535452322738391
0.00014987775061124712
9.706601466992628e-05
-0.0013381418092909532
0.0017210268948655255
0.0006403422982885086
-0.0015337408312958434
0.0006804400977995111
0.0010286063569682155
0.0028286063569682154
-0.0024657701711491434
-4.7188264058679534e-05
0.0006339853300733499
-0.001055501222493887
-0.0004618581907090462
-0.0010970660146699266
0.000862347188264059
-0.0016295843520782393
-0.004148899755501223
-0.002143031784841076
0.002142542787286063
0.0009132029339853304
-0.002335696821515892
-0.0007875305623471877
-0.0009577017114914423
-0.0017386308068459662
-0.0013572127139364302
-2.9095354523227302e-05
0.0006907090464547678
0.00014645476772616098
-0.004274572127139364
-0.0017259168704156478
-0.0017083129584352075
0.0019332518337408318
-0.0006682151589242054
-0.0013469437652811743
-0.0012105134474327632
-0.0012246943765281174
-0.003292176039119804
-0.00023154034229828853
0.002119559902200489
0.0002848410757946209
0.0011449877750611245
0.0005078239608801959
-0.003478973105134474
-0.0009518337408312951
0.001179217603911981
-0.0002369193154034229
0.00030537897310513464
0.0019366748166259166
0.0011953545232273842
0.0010980440097799512
-0.0024951100244498775
0.00257481662591687
-0.000301955990220049
0.00043740831295843507
0.0013709046454767732
0.0011376528117359411
-0.0015039119804400977
0.0031449877750611244
0.00048581907090464567
0.0003068459657701713
0.0015689486552567236
0.00126479217603912
-0.0024916870415647926
0.0006349633251833739
-0.004081907090464547
0.0020242053789731053
0.0004633251833740833
0.00025501222493887546
0.0008555012224938875
-0.0009425427872860635
0.0005992665036674813
0.0009860635696821518
0.0024613691931540346
-0.0036892420537897306
-0.002521026894865525
0.0002911980440097802
0.0017493887530562347
-0.0005625916870415645
0.0023943765281173586
-0.000727872860635697
0.0012129584352078236
0.0017381418092909538
-0.0002887530562347182
-0.0010941320293398533
-0.0017963325183374085
0.00046723716381418093
0.0006530562347188261
-0.0012941320293398527
0.0031772616136919313
-0.0019547677261613694
-0.0002814180929095358
0.00046234718826405874
-0.0009029339853300731
0.002028606356968215
0.0007689486552567234
0.0022442542787286064
0.0004119804400977992
0.001954278728606356
-0.0004271393643031784
-0.0009386308068459656
0.0003973105134474327
-0.0003171149144254277
0.001006112469437653
-0.001204645476772616
-0.0007650366748166259
-0.00110880195599022
-0.00041638141809290953
0.0011440097799510999
0.00017921760391198044
0.00038801955990220064
0.0007542787286063569
-0.0007963325183374083
0.0025352078239608794
-0.0006843520782396094
0.0013801955990220048
0.001631540342298288
0.0029601466992665035
-0.00039535452322738405
0.0022403422982885082
-0.0008114914425427874
-0.0013699266503667486
0.0026652811735941315
-0.0004970660146699268
-0.0006696821515892418
-0.0016623471882640586
0.0030520782396088017
0.0011151589242053789
0.0014677261613691933
0.00045550122249388776
-0.0004344743276283618
2.9584352078240016e-05
-0.0006036674816625914
0.00016503667481662605
0.0017650366748166262
0.0003327628361858193
-0.0007039119804400976
0.00013178484107579462
0.0020672371638141805
-0.0006775061124694377
-0.0003542787286063572
-0.0010828850855745715
-0.0022633251833740825
-0.0011904645476772614
-0.00028239608801956004
-0.0007704156479217599
-0.0009239608801955991
0.0010046454767726164
-0.0013674816625916873
-0.000576283618581907
-0.00034792176039119793
-0.0024711491442542784
0.0023303178484107576
-0.00044816625916870397
0.0005518337408312957
-0.00024474327628361877
0.00017823960880195564
0.0017645476772616138
-0.0003523227383863079
0.00012347188264058692
-0.0018731051344743276
-0.0012550122249388755
-0.000574327628361858
-0.001294132029339853
-0.0010158924205378975
-0.0017601466992665036
0.0015396088019559906
-0.002903911980440098
0.0007733496332518339
0.00029853300733496344
-0.0008007334963325184
0.00023691931540342323
-0.001604156479217604
-0.0009948655256723715
0.0025601466992665033
-0.0013987775061124693
-0.0009787286063569684
0.0004398533007334961
0.00025110024449877754
-0.000927383863080685
0.003920537897310513
0.0030158924205378967
0.0008838630806845963
-0.0009640586797066016
0.0010970660146699261
0.0019948655256723717
0.0017239608801955994
0.001392909535452323
0.0035894865525672374
-0.0022349633251833737
0.0011728606356968213
-0.0005034229828850858
0.0033386308068459655
-0.0025733496332518333
0.002617359413202934
0.0006545232273838633
0.0005259168704156475
0.0028114914425427864
0.00017677261613691924
-0.0031034229828850856
0.0010134474327628364
-0.0015733496332518337
0.002088264058679706
-0.0016779951100244499
0.0008046454767726166
-0.002195354523227384
2.4449877750642486e-07
6.0880195599022154e-05
-0.0007361858190709048
0.004787041564792176
0.001484352078239609
0.0003053789731051343
-0.0007728606356968214
-0.0009171149144254279
0.002533251833740831
-4.816625916870401e-05
0.002052078239608802
-0.0010031784841075795
-0.0032369193154034226
-0.00032591687041564786
0.0018100244498777504
0.0011992665036674815
0.0003821515892420534
0.003830073349633252
0.0012168704156479224
0.001386552567237164
0.0015190709046454772
0.00035819070904645456
-0.001769926650366748
-0.00037139364303178475
-0.0010858190709046452
0.002285819070904645
-0.0009166259168704155
-0.0013210268948655257
0.0003132029339853295
0.0011845965770171146
-0.00022567237163814152
-0.003574327628361858
-0.00100317848410758
-0.0024799511002444987
0.0007063569682151592
-0.0012090464547677264
-4.816625916870438e-05
0.0030413202933985335
0.0010599022004889973
0.0018383863080684596
0.00035574572127139404
0.001397799511002445
-0.0003689486552567235
0.0023542787286063567
0.0005029339853300733
0.0003444987775061121
7.212713936430331e-05
-0.0010310513447432759
0.0011513447432762842
-0.00039388753056234725
0.0005660146699266505
4.034229828850846e-05
-0.0018858190709046452
-0.00020660146699266535
-0.0007484107579462106
-0.0007880195599022004
0.0006056234718826404
-0.0001176039119804399
-0.0005924205378973101
0.00108239608801956
0.0030716381418092907
0.0006154034229828856
-0.0014716381418092906
0.0022290953545232276
-0.0037444987775061126
-0.0009792176039119804
0.0027303178484107573
-0.002049633251833741
0.001705378973105134
-0.001004645476772617
0.001776772616136919
0.0019479217603911986
-0.0004985330073349633
0.0012139364303178485
-0.0018755501222493896
-0.0013601466992665037
-0.0006237163814180927
-0.00010000000000000052
0.0014960880195599021
1.491442542787271e-05
-0.002077506112469437
-0.0004418092909535457
-0.00011222493887530575
0.00252640586797066
-7.603911980440115e-05
0.003171393643031785
0.0021136919315403427
-0.0008608801955990221
0.0012916870415647919
-0.0012056234718826409
0.0006095354523227383
-0.0008427872860635696
-0.0026437652811735946
0.0042119804400978
0.00132640586797066
-0.00048533007334963395
-0.0002559902200488998
0.0006579462102689485
0.0016975550122249386
0.0006237163814180929
-0.0007943765281173594
0.0004266503667481659
-0.001424205378973105
0.001755745721271393
0.0015841075794621022
-0.0012599022004889972
-5.256723716381396e-05
-0.000747921760391198
0.0002731051344743278
0.0008388753056234719
0.002639853300733496
-0.0012374083129584352
4.327628361858155e-05
0.0025102689486552567
0.0014638141809290948
0.0011210268948655254
0.0005943765281173596
0.00023887530562347246
0.005256968215158924
-0.0013679706601466993
0.0019058679706601472
-0.0015474327628361856
0.001092176039119804
-0.0011973105134474328
-0.0004848410757946208
-0.003048655256723717
0.0009117359413202937
0.002312224938875306
-0.002015403422982885
0.002995843520782396
0.0011581907090464547
-0.0007982885085574575
-0.0010388753056234717
-0.0002770171149144252
0.0033239608801955995
-0.0012872860635696818
0.002048166259168704
-0.0008070904645476775
-0.0046418092909535445
0.002523960880195599
0.0005474327628361861
0.00170880195599022
-0.0007997555012224936
0.0005136919315403422
-0.0011391198044009778
0.002219804400977995
0.00020171149144254284
0.001522982885085575
0.0014017114914425426
0.0009004889975550123
-0.0006814180929095356
0.00013129584352078233
-0.0019469437652811733
-0.0014955990220048897
-0.0009361858190709044
-0.004388508557457212
-0.0010227383863080682
0.0007264058679706598
-0.0007063569682151588
-0.0014007334963325186
0.0009811735941320293
-0.0002789731051344743
0.0030290953545232275
0.0016755501222493888
0.0005195599022004891
0.0011151589242053793
0.0014452322738386307
-0.0002447432762836185
-0.0025205378973105134
-3.985330073349642e-05
-0.0010383863080684597
0.001496577017114914
-0.0012569682151589237
-9.266503667481673e-05
0.0015420537897310514
-0.00010733496332518323
-0.0022760391198044013
-0.001585085574572127
9.168704156479179e-05
0.0005738386308068463
0.0034672371638141807
-1.735941320293411e-05
-0.000411002444987775
0.00045794621026894867
-0.000808068459657702
0.0019205378973105132
0.0002246943765281173
-0.001009046454767726
0.0006158924205378968
0.0034716381418092913
0.0010359413202933989
-0.0012012224938875308
0.00028141809290953545
0.002689731051344743
0.001971393643031784
0.00027995110024449827
0.0008550122249388753
-0.0003625916870415649
0.0025709046454767716
0.0012775061124694375
0.0017674816625916875
1.222493887530767e-06
-0.0009303178484107577
0.0016295843520782395
-0.0011322738386308072
0.0013044009779951099
0.0014594132029339848
-0.0012129584352078236
-0.00024718826405867983
-0.0019508557457212714
0.0006662591687041564
0.00213080684596577
0.0014369193154034233
-0.0016242053789731052
0.002231540342298288
-0.0002476772616136918
0.000883374083129584
-0.0010853300733496337
-0.0009533007334963323
0.0015366748166259167
0.0006613691931540344
0.0028672371638141804
0.001779217603911981
4.7188264058679805e-05
0.001460880195599022
0.0003215158924205378
-0.00038068459657701685
-0.0007127139364303176
-0.002208068459657702
0.0005479217603911981
-0.0011122249388753056
-0.002240831295843521
0.0013029339853300732
-0.0011044009779951095
-0.004292176039119805
-0.00066039119804401
0.002217359413202934
-0.0006359413202933986
0.0005014669926650366
0.00162518337408313
-0.0007464547677261616
0.0017229828850855743
0.001366503667481663
0.00211760391198044
-5.25672371638146e-05
0.0010530562347188263
-0.0012305623471882637
-0.0006178484107579463
-0.0012114914425427872
-0.0003317848410757946
0.0020007334963325183
-0.0013723716381418085
-0.0001850855745721267
-0.00021735941320293387
-3.178484107579655e-06
-0.0015753056234718828
0.001753789731051345
0.0005880195599022006
-0.0009655256723716384
0.0005572127139364303
0.002414914425427873
-0.004165036674816626
-0.00038264058679706597
-0.0005400977995110027
-0.00039731051344743203
0.0030506112469437653
0.0011709046454767727
-0.001622738386308069
-0.0006002444987775068
0.0009420537897310518
-0.0008643031784841077
-0.00011858190709046452
-0.0014066014669926652
-0.0007019559902200491
0.0018202933985330071
-0.0011616136919315404
-0.0004559902200488995
-0.0009924205378973104
0.0004085574572127138
0.0023180929095354525
-0.0010202933985330074
-0.0005078239608801957
-0.0002545232273838625
-0.00020904645476772655
-0.00033667481662591714
-0.00165158924205379
-4.572127139364278e-05
-0.0012100244498777506
7.750611246943767e-05
0.0032897310513447437
0.0003704156479217604
-0.0014687041564792175
-0.00015281173594132005
-0.0008383863080684597
-0.0018819070904645472
0.0008892420537897314
-0.0007782396088019563
0.000903911980440098
0.002450122249388753
0.00020904645476772622
7.017114914425428e-05
0.0005694376528117353
0.00035427872860635675
-0.0019919315403422984
-0.0020784841075794616
0.0003088019559902205
0.0003508557457212716
0.00213960880195599
0.0016838630806845962
0.00036063569682151606
-0.0003464547677261615
0.0015523227383863081
-0.0009014669926650365
0.00437921760391198
-0.00334841075794621
0.000427628361858191
-0.000289731051344743
0.001224205378973105
-0.0007440097799511001
0.00030488997555012275
0.0009122249388753058
-0.0010555012224938878
0.00030782396088019554
-0.0016603911980440098
-8.875305623471909e-05
-0.00021687041564792147
0.0013014669926650366
0.0015254278728606358
-0.0009640586797066022
0.00014205378973105123
0.0005635696821515889
-0.000814914425427873
0.0017635696821515893
0.00016552567237163843
-0.002097555012224939
-0.002143031784841076
0.002919070904645477
-0.0010520782396088021
-0.0013987775061124696
0.002608557457212714
0.0023180929095354525
0.0003963325183374082
-0.0026696821515892416
0.00034645476772616096
0.00014156479217603912
0.0015929095354523229
-0.0001391198044009784
0.0005254278728606356
-0.0014809290953545233
0.0014706601466992664
0.0019068459657701712
-0.00027457212713936474
0.0016139364303178483
-0.0004657701711491437
0.0007151589242053792
-0.0007083129584352082
0.0030515892420537893
0.004349388753056235
0.0019014669926650362
-0.0007733496332518338
-0.0024183374083129585
0.000756234718826406
0.00095281173594132
0.0010388753056234715
-0.0012246943765281172
-0.00012444987775061124
0.0001723716381418093
-0.0005205378973105127
0.0030183374083129584
-0.0028286063569682145
-0.0002833740831295843
0.00027603911980440045
-0.0022227383863080686
-0.00017041564792175993
0.001202689486552567
0.0004574572127139362
-0.0001420537897310516
-0.00028581907090464536
0.0011811735941320296
-0.0015024449877750613
0.00019926650366748172
-0.0012457212713936432
0.00013374083129584317
-0.00014303178484107565
0.003147432762836186
0.002061369193154034
-0.001611002444987775
-0.0002437652811735941
-0.0013850855745721272
-0.004143031784841076
0.002270660146699267
-0.0015092909535452325
-0.0017850855745721271
3.447432762836213e-05
7.897310513447432e-05
0.0009924205378973108
-0.0009811735941320293
0.0020276283618581906
-0.0017298288508557458
-0.0034051344743276273
-0.0008946210268948658
0.0015019559902200489
-0.0007474327628361861
0.003229095354523227
-8.826405867970688e-05
0.0006457212713936427
0.000850122249388753
-0.0011621026894865526
0.003607090464547678
0.000158190709046455
0.0001400977995110022
-0.0002877750611246946
-0.0006330073349633252
3.985330073349615e-05
-0.00043691931540342275
0.0002897310513447434
0.0036310513447432758
-0.0023073349633251834
-0.0022765281173594137
0.00017334963325183326
0.00089119804400978
-0.000843276283618582
0.0005180929095354521
-0.0013293398533007336
-0.0019220048899755498
0.000874572127139364
-0.001742542787286063
-0.0025132029339853296
-0.0014183374083129583
0.0005508557457212714
0.0010677261613691931
-0.0015058679706601472
0.0024139364303178484
-0.00031026894865525704
-2.958435207823947e-05
0.0020618581907090464
-0.0017317848410757946
-0.0007405867970660145
-0.0016662591687041561
8.679706601467042e-05
0.003271638141809291
-0.000996332518337408
-0.0004613691931540343
0.0011645476772616135
0.001195843520782396
-0.0006496332518337411
0.001132762836185819
-8.190709046454761e-05
-0.00046772616136919314
0.00012787286063569727
-0.0003444987775061129
-0.0027420537897310513
0.00026185819070904606
0.0006731051344743272
0.0005591687041564792
0.0009430317848410759
-0.0009474327628361857
-0.002745476772616137
0.0006281173594132027
-0.0018501222493887534
-0.0028330073349633255
-0.0006828850855745725
-0.0015640586797066012
0.00038166259168704187
-0.0003229828850855746
-0.0014623471882640583
-0.003244254278728607
-0.0006056234718826402
0.0018427872860635698
0.0001977995110024452
-0.0011464547677261612
0.0003845965770171153
0.004494621026894865
-0.0009180929095354523
-0.00038215158924205403
0.0013782396088019557
-9.999999999999984e-05
-0.001779706601466993
-0.0017841075794621025
0.0012002444987775061
0.0006070904645476776
-0.0009811735941320295
0.0015885085574572125
-0.004893643031784841
0.001615892420537897
-0.0009224938875305626
-0.0021459657701711496
0.0006628361858190714
0.001377750611246944
-0.0017092909535452322
-0.0005977995110024451
-0.0015669926650366745
0.002188508557457213
-0.0029083129584352076
-0.0029034229828850855
0.0014403422982885087
3.5941320293398785e-05
0.0005753056234718825
-0.0004770171149144253
-0.0037107579462102693
-0.0008271393643031786
-0.0024330073349633254
0.002004156479217604
0.0006701711491442544
-0.0009215158924205377
0.002236919315403423
-0.0010427872860635692
0.0013097799511002442
0.00017628361858190695
-0.00015867970660146723
0.0013479217603911981
0.0012163814180929094
-0.0009224938875305626
0.000566992665036675
-0.0016290953545232277
-0.004092665036674817
0.0022031784841075796
0.0004031784841075795
-0.0023322738386308073
0.0001953545232273834
-0.0009034229828850855
-6.185819070904697e-05
-0.0012066014669926642
-0.003975794621026895
0.0009273838630806847
0.000791442542787286
0.000578728606356968
-0.001650122249388753
-0.003182640586797066
0.001803667481662592
0.0006031784841075797
0.001100977995110024
0.0004212713936430321
0.001492176039119805
0.001825672371638142
-0.0003533007334963327
-8.777506112469394e-05
0.00040171149144254266
-0.001649633251833741
-0.0017596577017114916
0.001011002444987775
0.00116161369193154
-0.002312713936430318
0.00036894865525672325
-0.0038100244498777505
0.00031613691931540376
-0.0019665036674816625
0.000637897310513447
-0.000762102689486552
0.0006056234718826402
0.0013894865525672375
0.0036051344743276282
0.0029885085574572127
0.001425672371638142
0.002313691931540342
-0.001597799511002445
-0.0012965770171149144
0.0012017114914425425
0.001051100244498778
0.0008926650366748165
9.046454767726114e-06
0.0032442542787286064
0.0023337408312958437
0.00021833740831295854
0.0011552567237163812
0.0016726161369193155
0.0009039119804400981
-0.0015053789731051348
-0.0012794621026894868
-0.001040831295843521
0.0033092909535452322
-0.00176161369193154
0.0008276283618581905
0.003204645476772616
-0.0001479217603911979
-0.0023596577017114912
0.0016496332518337413
0.0016672371638141814
0.0011430317848410759
0.001909290953545232
-0.0036985330073349637
0.0004589242053789727
0.0032760391198044013
-0.002782151589242054
-0.0010349633251833738
0.0031772616136919313
-0.000604156479217604
-0.0012310513447432764
-0.0017630806845965778
-0.0009782396088019558
-0.0014212713936430314
0.0009097799511002448
-0.0004246943765281174
-0.0023117359413202935
-0.0005777506112469436
0.003924449877750611
-0.00016845965770171127
-0.001837897310513448
-0.0002501222493887535
0.0009337408312958434
0.001934718826405868
0.001134718826405868
0.0016119804400978
-3.985330073349683e-05
0.0005797066014669925
0.00020317848410757942
-0.0017000000000000001
-0.0016848410757946213
-0.0009097799511002445
0.0005674816625916876
0.002143520782396088
-8.973105134474344e-05
0.0025034229828850858
0.0011713936430317847
-0.0027826405867970657
0.001976283618581907
-0.0014481662591687044
0.001558190709046455
-0.0027312958435207818
0.00011515892420537919
0.00387163814180929
0.0003753056234718823
-0.0011924205378973103
-0.00113080684596577
-0.001415403422982885
-0.0009425427872860639
-0.0005542787286063564
0.0012550122249388753
-0.003832029339853301
-0.0014662591687041571
0.0012691931540342297
0.002073105134474328
0.003259902200488998
0.0021704156479217607
0.0019694376528117358
-0.002811980440097799
0.0014838630806845966
-0.00035672371638141825
-0.0016814180929095354
0.0009293398533007335
0.0014369193154034226
0.00023740831295843484
-0.0003268948655256723
-0.0022726161369193156
0.001082885085574572
-0.00019242053789731036
0.0015904645476772616
-0.0026290953545232273
-0.00045207823960880173
0.0011386308068459655
-0.0010506112469437653
-0.0014691931540342295
-0.000762591687041565
0.0021127139364303183
0.002661369193154034
0.0011743276283618582
-0.0014374083129584348
3.545232273838648e-05
-0.0011322738386308066
-0.003539608801955991
-0.0005831295843520781
0.0026202933985330075
0.0021190709046454764
0.0011268948655256722
0.00030097799511002435
0.0007092909535452326
-0.000184596577017115
0.001776772616136919
-0.001744498777506112
-0.0009229828850855745
-0.0012271393643031787
0.0020833740831295838
0.0004031784841075788
-0.0014447432762836189
-0.0011298288508557453
0.0009200488997555018
0.0006315403422982879
-0.0026814180929095356
0.00020513447432762857
-0.0018325183374083127
-1.2469437652811517e-05
0.0025381418092909535
0.0007356968215158924
0.001363080684596577
-0.001199755501222494
0.002396332518337408
-0.002342053789731051
-0.002841320293398533
-0.001885330073349633
-0.0035611246943765286
-0.0002422982885085573
-6.430317848410748e-05
0.00047555012224938893
0.000909290953545232
-0.0005552567237163814
-0.0010442542787286058
7.212713936430338e-05
0.0012696821515892423
0.0008936430317848409
8.777506112469434e-05
-0.0011875305623471881
-0.00239242053789731
-0.0036696821515892417
-0.001706356968215159
0.001111246943765281
0.0007004889975550124
-0.0017347188264058677
-0.0030652811735941317
0.0010339853300733496
-0.0004144254278728611
0.0002511002444987769
-0.0014941320293398533
0.0010202933985330076
-0.0041288508557457216
0.000826161369193154
-0.0016251833740831298
-6.185819070904632e-05
0.0030926650366748165
-0.0020237163814180925
4.6210268948655054e-05
-0.00016552567237163837
0.0005635696821515888
0.003965036674816626
0.001764547677261614
-0.0019929095354523224
-0.0012618581907090462
0.0006564792176039126
-0.000647677261613692
-2.2004889975553806e-06
-0.00036112469437652795
0.0014975550122249385
-5.1344743276283395e-06
0.0005386308068459656
0.0004892420537897309
0.0015278728606356968
-0.0008916870415647924
0.0013777506112469433
-0.000763080684596577
0.001620293398533007
0.0003904645476772615
-0.0011322738386308072
-0.0008863080684596574
-0.0018447432762836184
-0.0012589242053789732
-0.0009841075794621026
0.0017210268948655255
-0.0025039119804400978
0.001857457212713937
-0.0034603911980440097
0.001540586797066015
0.0006193154034229827
-0.00017432762836185826
0.0006261613691931543
-0.0004545232273838633
-0.0007938875305623476
0.0008349633251833742
0.000313691931540343
0.000215892420537897
0.003927383863080685
0.0007254278728606356
0.0002418092909535452
0.0004936430317848407
0.001232518337408313
-0.0005474327628361862
-0.0016765281173594132
-2.3716381418092742e-05
8.875305623471882e-05
0.001221271393643032
-0.001082885085574572
-0.0018511002444987772
-0.0010960880195599024
0.001084841075794621
-0.0026530562347188264
-5.35452322738387e-05
-0.0005210268948655256
0.0007185819070904643
-0.0030701711491442542
-0.001376283618581907
0.0017278728606356963
-0.0010183374083129588
0.00109119804400978
0.0008496332518337407
-0.001963569682151589
-0.0015567237163814183
-0.00306479217603912
-0.0010334963325183374
-0.001419315403422983
-0.0005083129584352086
-0.002594865525672372
-4.816625916870387e-05
-0.0009616136919315402
0.002517114914425428
0.002515158924205379
0.00043447432762836125
-0.0009621026894865528
0.0019826405867970657
-0.0007185819070904644
-0.0007606356968215167
-0.0011669926650366748
0.002656479217603912
0.0017200488997555013
0.0001870415647921762
-0.000801711491442543
0.0012985330073349637
0.003544498777506112
-0.0008349633251833741
0.0014770171149144256
0.00311760391198044
-0.0006476772616136917
-0.0006305623471882636
-0.0009303178484107578
0.0027929095354523223
0.0007596577017114917
-0.0011444987775061119
-5.550122249388827e-05
0.0016779951100244497
0.00233080684596577
-0.0018789731051344742
0.002519070904645476
0.00078361858190709
0.002737652811735941
0.0028687041564792177
-0.0025180929095354517
0.0009650366748166258
-0.00270880195599022
-0.0002721271393643036
0.001980195599022005
-0.00038704156479217643
0.00010048899755501229
0.0007777506112469437
0.000934229828850856
0.0004623471882640588
0.0002789731051344743
-0.0007855745721271395
0.0031268948655256723
0.0006354523227383864
0.00034498777506112454
1.2469437652811448e-05
0.00188679706601467
0.00028533007334963326
0.0003004889975550124
-0.0009386308068459658
0.0017278728606356971
0.0018271393643031787
0.002053545232273838
-0.0012814180929095358
-0.001077506112469438
5.110024449877724e-05
6.577017114914434e-05
-0.003365525672371638
0.0013259168704156477
-0.001876528117359413
0.00147799511002445
0.0035317848410757937
-0.0028809290953545237
-0.002053545232273838
-0.0013743276283618583
-0.0010721271393643033
0.0007528117359413201
-7.40831295843521e-05
-0.0011117359413202934
0.0011845965770171144
0.0005303178484107581
0.001145476772616137
0.00037383863080684603
5.40342298288502e-05
0.001933740831295844
0.004664792176039119
0.0018975550122249387
0.0011024449877750616
-9.119804400978012e-05
-0.0007249388753056237
0.0018046454767726159
0.0002677261613691933
-0.0006232273838630808
0.001468704156479218
-0.0016701711491442538
-0.0013019559902200488
0.0015014669926650367
-0.0015332518337408314
0.00011369193154034223
0.0015107579462102687
-0.00018410757946210236
0.0007078239608801955
0.0013234718826405866
-0.00029070904645476776
-0.0019283618581907092
0.0022916870415647917
-0.0027753056234718827
0.002307334963325183
0.004127383863080684
-0.003104889975550121
-0.0010051344743276284
-0.004825672371638142
-0.0027870415647921762
0.00016308068459657698
0.003930317848410758
0.0009083129584352077
-0.0008080684596577014
-0.0027616136919315403
-0.0006926650366748166
0.0011841075794621022
0.002816870415647922
-0.002690709046454768
-0.00216601466992665
-0.0010765281173594136
-0.0022731051344743276
0.00014792176039119762
-0.0003581907090464552
0.002550366748166259
-0.00012004889975550178
0.0009312958435207823
-0.0012290953545232271
-0.00044669926650366717
0.0004926650366748169
-0.0016012224938875307
0.00106039119804401
0.0008667481662591688
0.0007968215158924208
4.914425427872815e-05
0.001463325183374083
0.00035281173594132055
-0.0010545232273838632
-0.0003797066014669929
-3.594132029339892e-05
0.0015210268948655254
-0.0019640586797066016
-0.0021728606356968216
0.002305867970660147
-0.00045501222493887533
-0.0020232273838630805
-0.0010378973105134469
0.0014501222493887532
0.0006217603911980442
-0.001394376528117359
0.0012848410757946218
0.0033254278728606355
-0.00039975550122249386
-0.00019731051344743276
-0.0016897310513447434
0.0008799511002444989
0.002265281173594132
0.0012261613691931543
-0.0022647921760391198
0.0015440097799510998
-0.001930317848410758
0.0007220048899755501
-0.0011268948655256722
0.0019347188264058684
0.0001875305623471888
0.0008711491442542789
-0.0023982885085574567
0.0004677261613691929
-0.0005254278728606357
-0.00021149144254278672
0.0005508557457212712
-0.0013283618581907087
0.0006990220048899757
0.002542053789731051
6.185819070904616e-05
0.0017166259168704151
-0.0024819070904645475
0.001015892420537897
1.0513447432762696e-05
-0.0022149144254278723
0.00231320293398533
-0.0025185819070904646
0.0006515892420537899
-0.0011577017114914427
0.0011156479217603907
0.00043447432762836163
-0.0035117359413202928
0.002086308068459658
0.0009973105134474327
0.00037872860635696805
0.0015743276283618586
-0.00011564792176039135
-0.0028261613691931537
0.0016911980440097799
-0.000563080684596577
0.0017709046454767725
0.00020268948655256664
-0.00029706601466992664
-0.0013645476772616138
-0.0012276283618581907
-0.0015400977995110028
-0.00024327628361858145
0.0007513447432762838
0.0005239608801955991
0.0008652811735941319
-0.001554278728606357
0.0008882640586797072
-0.0010227383863080682
-0.0027440097799510997
-0.0006178484107579463
-0.0024139364303178484
-0.0018364303178484104
-0.0027361858190709048
0.003132762836185819
-0.0007987775061124692
-0.001230562347188263
0.0016745721271393644
0.0003870415647921762
-0.0008393643031784837
-0.0027474327628361863
0.0010628361858190708
-0.0015792176039119803
-0.0028026894865525675
0.0029943765281173597
0.0019288508557457212
-0.0002496332518337413
0.0012114914425427874
0.0026809290953545228
-0.00046968215158924205
-0.0010975550122249381
0.0014457212713936435
0.0020012224938875307
-0.0019039119804400977
0.0001616136919315399
0.0009356968215158923
-0.00012249388753056252
0.0002550122249388753
0.001466748166259168
0.0005303178484107576
-0.0015606356968215162
9.608801955990241e-05
0.0005919315403422985
-0.0016002444987775063
-0.0012843520782396093
0.00131760391198044
0.001158679706601466
-0.0028359413202933984
-7.212713936430345e-05
0.002411002444987775
-0.0013801955990220048
0.0010804400977995111
-0.0010408312958435212
0.0008007334963325184
-0.0014202933985330074
-0.00031858190709046423
-0.0036149144254278725
0.002751344743276283
-0.00036063569682151595
0.0016804400977995116
0.0019958435207823957
0.0012672371638141808
-0.0011733496332518335
0.0006075794621026894
-0.0030261613691931533
0.0005836185819070902
-0.0006183374083129587
-0.0014041564792176037
0.0018290953545232274
-0.00013178484107579476
-0.0021190709046454773
2.0293398533007475e-05
0.0007601466992665038
0.0020599022004889975
-0.0029591687041564787
-0.0027444987775061126
0.0013547677261613693
0.0008731051344743274
0.00211760391198044
-0.0011048899755501222
0.001279462102689487
0.0013000000000000002
-0.0015845965770171146
-0.0009792176039119806
-0.0012760391198044013
0.0009283618581907088
-0.001654034229828851
-0.0009097799511002446
-0.0030466992665036676
0.0007024449877750608
-6.870415647921764e-05
-0.0020863080684596575
0.0005601466992665033
0.001217848410757946
0.0037185819070904643
-0.001544498777506113
-0.001670171149144254
0.0009655256723716382
-0.0002750611246943764
0.002045232273838631
-0.0022833740831295843
-0.0033078239608801954
0.00150880195599022
0.003425672371638142
0.001964547677261614
-0.001028606356968215
0.0006075794621026895
-0.002046699266503668
-0.0006129584352078238
-1.5403422982884746e-05
0.0019836185819070906
0.0011249388753056236
-0.0024227383863080682
0.002176772616136919
-0.0017435207823960877
0.0010931540342298287
-0.000525427872860636
-0.0021283618581907087
0.0013185819070904642
-0.0005860635696821517
0.0015679706601466992
-0.001071638141809291
-0.0005831295843520784
0.0019904645476772616
-0.0007811735941320292
0.0007635696821515894
-0.0038095354523227385
0.000489731051344743
-0.0026026894865525674
-0.0001860635696821518
-0.0007034229828850852
-0.0005332518337408308
-0.0018422982885085571
-0.0017097799511002448
0.00010929095354523239
-0.0018066014669926647
0.0005195599022004887
-0.0021919315403422985
-7.750611246943794e-05
0.0012232273838630803
0.0011738386308068455
0.00012542787286063558
-0.002765036674816626
-0.00037481662591686997
-0.0015195599022004888
0.000554278728606357
0.0019488997555012228
-0.0008017114914425432
0.0015278728606356968
0.0006418092909535452
-0.001241320293398533
0.0009914425427872862
0.001989975550122249
0.0029004889975550127
0.0006594132029339852
0.0006447432762836191
-0.0022403422982885087
0.0010936430317848409
0.0013068459657701711
-0.00046772616136919347
-0.0006110024449877751
0.0018794621026894866
0.0017048899755501223
0.00042224938875305587
-0.00128679706601467
0.001671638141809291
-0.0001562347188264059
-0.0024564792176039124
-0.001667237163814181
0.0006378973105134478
-0.002106356968215159
0.0029459657701711487
-0.00023936430317848408
-0.0012990220048899753
-0.0019444987775061131
-0.00182078239608802
-0.003531784841075795
-0.00423398533007335
-1.0513447432763036e-05
-0.003491687041564792
0.0005997555012224938
0.0022667481662591686
0.0017870415647921755
0.0016897310513447434
0.001319559902200489
-0.0016672371638141808
6.57701711491438e-05
-0.0007317848410757939
0.003016381418092909
-0.0011122249388753058
-0.0007723716381418091
0.0006960880195599021
0.0006002444987775059
-0.002196821515892421
-0.003023227383863081
0.0010520782396088021
-2.3227383863080028e-05
0.0019855745721271394
0.0014110024449877749
-0.0024085574572127143
0.0018716381418092912
-0.001400244498777506
-0.00027995110024449946
0.00044132029339853326
0.0012535452322738384
-0.001193398533007335
0.000978728606356968
-0.0008916870415647918
-0.0009498777506112471
0.0024916870415647918
0.0014848410757946214
-0.0008535452322738382
0.0014447432762836189
0.0013190709046454773
-0.001028606356968215
-0.0012902200488997555
-0.002697555012224939
0.00042860635696821535
0.0012564792176039121
0.00013667481662591675
0.001401222493887531
-0.002048655256723716
-0.0005875305623471876
0.0013885085574572129
0.0011503667481662589
0.0007909535452322738
-0.0004266503667481665
-0.002006601466992665
0.0004911980440097796
-0.0001220048899755508
0.0015508557457212713
5.0611246943765614e-05
0.0023122249388753055
-0.002810513447432762
0.0017938875305623472
0.0013132029339853301
-0.003060880195599022
2.8606356968214994e-05
-0.00034498777506112443
0.0012525672371638144
-0.0016872860635696824
5.7457212713936345e-05
0.002514180929095354
-0.000552322738386308
0.001934229828850856
0.0009621026894865523
-0.0016031784841075794
0.0009332518337408316
-0.00036748166259168753
0.0007400977995110023
-0.0009943765281173595
0.00013031784841075755
-0.0011215158924205377
-0.0006066014669926651
0.0002550122249388753
-0.0018398533007334958
-0.0006422982885085575
-0.001889242053789731
-0.0020574572127139363
-0.00016405867970660173
-0.003631540342298288
0.0010672371638141814
-8.77750611246942e-05
0.0028198044009779947
-0.001176772616136919
9.217603911980403e-05
-0.001072127139364303
-0.0005171149144254281
-0.002028606356968215
0.0009176039119804402
-0.0015244498777506111
-0.00361442542787286
7.261613691931514e-05
0.00017237163814180903
-0.002702444987775061
-0.00018264058679706626
-0.0012511002444987776
-0.0003567237163814185
-0.00046919315403423005
-0.0018794621026894873
-0.004415403422982885
0.0021
0.002314180929095355
0.00018899755501222476
-0.0015097799511002447
-0.0014061124694376528
0.0020819070904645478
-0.0017268948655256723
-0.0007953545232273834
-0.001590953545232274
7.066014669926645e-05
0.0013420537897310518
-0.0018867970660146696
0.0007283618581907092
-0.0011039119804400982
0.0008046454767726161
-0.0014814180929095357
0.0014823960880195597
0.0008902200488997552
0.0008941320293398536
0.003356234718826406
-0.0033968215158924203
0.00018606356968215172
0.0018892420537897309
0.0005547677261613693
3.7897310513447637e-05
0.0005963325183374082
-0.0007308068459657703
-0.0006031784841075791
0.0007635696821515893
0.0022271393643031787
0.000982151589242054
-0.0009440097799511
-0.00115721271393643
-0.0008295843520782394
-0.001052078239608802
-0.0002853300733496332
-0.00012836185819070924
0.00067799511002445
0.0041880195599022
-0.001465770171149144
0.0006672371638141807
-0.00242518337408313
-0.00015574572127139376
0.0010911980440097798
-0.002342053789731051
9.902200488997574e-05
-0.0007073349633251834
0.0004026894865525674
0.001373349633251834
-0.0003322738386308066
-0.00012200488997554998
-0.0020398533007334966
-0.001433496332518338
-0.00016161369193154045
0.0052178484107579465
-0.001197799511002445
0.0010129584352078242
0.003145476772616137
0.0008007334963325185
0.0019621026894865523
-0.001439364303178484
0.0014388753056234717
0.003122982885085574
-0.00207359413202934
-0.002028606356968215
-0.001577750611246944
6.821515892420516e-05
0.002422738386308069
-0.0005713936430317845
0.0009933985330073346
-0.0015068459657701717
-0.001918092909535452
0.0012256723716381414
-0.0012095354523227382
-0.0016511002444987782
-0.0018237163814180933
0.0002990220048899756
0.0011493887530562347
-0.0014227383863080686
0.002044254278728606
0.003537652811735941
0.001151344743276284
-0.001882885085574572
-0.002512224938875305
0.0007650366748166257
-0.002859902200488997
0.0015474327628361862
0.0004281173594132034
0.0015156479217603915
-0.003974327628361858
-6.136919315403388e-05
0.001811002444987775
0.000311246943765281
0.0019992665036674814
0.00100317848410758
0.0008828850855745721
0.0011933985330073347
-0.0021224938875305625
-0.0009616136919315403
0.0011420537897310515
0.0021552567237163815
-0.0008882640586797065
0.0011342298288508558
-0.0004882640586797064
-0.0016667481662591681
0.0018359413202933986
9.608801955990282e-05
0.00043691931540342264
0.0013171149144254278
0.0004990220048899756
-5.134474327628407e-06
0.00023154034229828826
-0.0005229828850855748
-0.0012066014669926655
0.001399266503667482
0.00015916870415647944
-0.002217359413202934
0.0010227383863080682
-2.5183374083129527e-05
-0.0019938875305623473
0.00023985330073349618
0.001259902200488997
0.0032466992665036677
0.0017718826405867972
0.0013190709046454765
-0.0027816625916870412
0.001988508557457213
0.0014731051344743272
-0.000932762836185819
0.0006867970660146702
-0.001157701711491442
0.0015782396088019558
-0.0017107579462102692
-0.00025745721271393614
0.0013767726161369191
-0.0016726161369193153
0.000871149144254279
0.0007200488997555016
0.0016242053789731043
-6.136919315403412e-05
0.002375305623471883
9.951100244498753e-05
-0.0009352078239608802
0.0006198044009779955
-0.0030222493887530565
0.0017083129584352077
0.0007943765281173599
-0.0005968215158924203
-0.0020217603911980436
-0.0019381418092909535
0.0003254278728606362
0.0015611246943765277
0.0029757946210268956
-0.0020809290953545233
0.0017014669926650368
-0.0021528117359413206
6.088019559902175e-05
-0.0010696821515892424
0.0003738386308068454
-0.0015503667481662593
0.00022078239608801955
0.0010545232273838625
-0.0017308068459657702
-0.0016765281173594132
0.0009244498777506113
-0.0014677261613691927
0.003943520782396088
-0.0003469437652811735
-0.000817848410757946
-0.0009855745721271394
0.0027968215158924213
0.00047506112469437644
0.000882885085574572
-0.0012960880195599029
-0.0025792176039119803
0.0006222493887530564
-0.0009430317848410755
0.002453056234718826
-0.002282396088019559
0.0012872860635696818
0.0011987775061124697
0.00015819070904645472
0.0006926650366748164
-0.0005171149144254276
0.0018643031784841074
0.0024403422982885083
0.00029364303178484077
0.00110880195599022
0.0019317848410757947
0.0026613691931540342
0.0013797066014669928
-0.0018188264058679707
0.0016858190709046455
6.430317848410762e-05
-0.0010110024449877754
-0.003007090464547677
-0.0015092909535452327
-0.00010146699266503677
-0.0014955990220048897
0.00017530562347188323
0.00228239608801956
0.0011738386308068455
0.00047555012224938877
-1.8826405867970216e-05
-0.000753789731051345
-0.0007792176039119802
0.00047163814180929074
0.0012310513447432764
-0.0003718826405867975
-0.00025354523227383855
-0.002093643031784841
-0.001763569682151589
0.001789486552567237
0.0005958435207823962
-0.0005665036674816623
-0.0012799511002444983
-0.0030344743276283625
-0.0009019559902200489
9.804400977995157e-05
0.0014022004889975553
0.0016256723716381422
0.0005557457212713938
0.00021638141809290904
-0.0007547677261613693
-0.0007484107579462104
-0.0010819070904645478
0.0011743276283618582
-0.0034799511002444987
-0.0014276283618581906
-0.0009606356968215161
-0.0005034229828850858
-0.0016511002444987775
0.0005826405867970657
0.0032897310513447437
-0.002411002444987775
-0.0009630806845965769
0.0015190709046454768
0.0021816625916870414
0.0018447432762836184
0.0008921760391198045
0.0009127139364303181
-0.00026919315403422974
-0.0006447432762836183
-0.0020154034229828846
0.0003464547677261614
-0.004261858190709045
0.0017000000000000001
-0.00151320293398533
-0.002733251833740831
0.0013092909535452322
0.00015819070904645472
0.0004784841075794623
-0.002497555012224939
-0.002153300733496332
0.00213080684596577
-0.00037188264058679685
-0.00040513447432762804
0.0008114914425427874
0.0014114914425427873
-0.001381173594132029
-0.0006198044009779951
0.0013973105134474327
0.001601711491442543
0.0028594132029339855
-0.0006271393643031783
-0.0023831295843520783
0.00044621026894865523
-0.0017112469437652817
0.0005748166259168708
-0.000141564792176039
-0.00022811735941320282
0.0005953545232273838
0.0019870415647921767
-0.001291687041564792
-0.0003767726161369199
-0.0012261613691931543
0.003216870415647922
0.00293520782396088
0.00016797066014669936
0.0020858190709046455
1.63814180929097e-05
0.00022224938875305687
-0.0030789731051344736
-0.0003523227383863082
-0.002164058679706601
0.0005303178484107578
-0.00025354523227383893
-0.0014779951100244498
-0.0008222493887530567
-5.403422982885074e-05
-0.0004628361858190707
0.0007171149144254278
-0.001143520782396088
0.0002471882640586795
0.0007366748166259166
0.0011381418092909535
-0.004094132029339854
0.00041589242053789683
-0.00020073349633251863
-0.00021687041564792244
-3.936430317848408e-05
0.0011058679706601466
0.0007469437652811737
0.001788997555012225
-0.002092665036674817
-0.0003459657701711492
0.0004310513447432765
0.00041442542787286057
-9.657701711491472e-05
-0.0007899755501222493
0.0005405867970660143
-0.00019046454767726194
0.0004212713936430321
0.00019144254278728615
-0.001560146699266504
0.0003107579462102684
-0.0005449877750611247
-0.0003748166259168697
-0.0009053789731051342
3.985330073349635e-05
0.00032787286063569736
0.0014887530562347183
-0.0009234718826405872
-0.0015943765281173597
-0.002461858190709046
0.0029151589242053786
0.001048166259168704
-0.0006599022004889971
-0.0005640586797066015
0.001101955990220049
0.0012408312958435204
0.0007488997555012224
0.0042359413202933995
0.0033376528117359415
-0.001166992665036675
-0.0002256723716381416
-0.0002623471882640588
-0.002561124694376528
-0.00046234718826405853
0.001804645476772616
-0.003819315403422983
-0.00013667481662591702
0.001047677261613692
-0.0012183374083129589
0.0008946210268948655
-0.002024694376528117
-0.0006325183374083131
0.00022176039119804403
0.002345965770171149
-0.00027652811735941315
-0.003944987775061125
-0.001992420537897311
0.0009640586797066012
-0.0028198044009779956
-0.0019811735941320293
0.001304889975550122
0.0008833740831295845
0.0013831295843520785
0.00019779951100244464
-0.0002760391198044009
0.0016134474327628365
-0.00011369193154034284
-0.00023545232273838602
-0.0011171149144254277
0.0006687041564792178
0.0008056234718826406
-0.0005748166259168701
0.0010955990220048901
0.0016119804400977994
0.002631540342298289
0.0018222493887530564
-0.0004114914425427872
-0.0016281173594132029
0.00033227383863080706
-0.0014740831295843519
0.0007508557457212717
-0.0009713936430317851
-0.0005748166259168701
-0.001787041564792176
-0.0017347188264058681
-0.0014393643031784839
0.00045305623471882675
0.0008051344743276281
0.003915647921760391
-0.0007665036674816629
-0.0008911980440097795
-0.0015009779951100247
-0.0017875305623471882
0.0004393643031784845
-0.0008403422982885082
0.0006080684596577021
-0.0003415647921760395
-0.0009650366748166256
0.00047848410757946194
0.001650122249388753
-0.0007601466992665037
0.0014290953545232272
0.0012325183374083126
0.0014804400977995109
0.0014638141809290952
0.00026968215158924244
0.0011635696821515895
-0.0020887530562347188
0.0010222493887530565
0.0001772616136919314
0.0004775061124694372
-0.0010085574572127136
0.001617359413202934
0.0014999999999999996
-0.00038606356968215184
6.528117359413194e-05
0.0013992665036674816
-0.0008965770171149143
-0.002142542787286063
-0.002818826405867971
0.0006334963325183375
-0.0009733496332518337
-0.0013254278728606365
-0.0016364303178484114
-0.00039437652811735914
-0.002614425427872861
-0.002253056234718827
-0.0017831295843520783
-0.0010261613691931537
-0.0011259168704156478
-0.0021009779951100243
-0.0033332518337408305
0.0014819070904645473
0.001042298288508558
-0.0012960880195599018
-0.0006682151589242051
-0.0006466992665036675
-3.4963325183374305e-05
-0.0010990220048899752
-0.0011503667481662593
-0.0014398533007334965
0.0036471882640586794
-6.82151589242056e-05
-0.0005381418092909536
0.002203667481662591
0.0018951100244498779
0.0018281173594132025
-0.001438875305623472
-0.00252640586797066
-0.0027371638141809288
-0.0008911980440097799
-0.00022518337408312947
0.0023161369193154036
0.000849633251833741
0.0006457212713936427
0.0026970660146699264
0.0012212713936430315
0.002357212713936431
0.0019987775061124694
-0.0029591687041564795
-0.00035281173594132017
0.0003743276283618581
0.0003557457212713936
-0.0009469437652811738
0.00017286063569682127
-0.0014222493887530564
-0.0005004889975550119
0.0022178484107579456
0.0007767726161369194
-0.0019386308068459657
0.0003821515892420539
0.0005606356968215158
-2.6650366748166447e-05
-0.0017904645476772613
-0.001438875305623472
-0.00015378973105134437
0.0003787286063569683
-0.0007586797066014675
0.0024559902200489
0.00213960880195599
0.0018599022004889977
-0.0003577017114914421
-0.0012755501222493884
-0.0002540342298288508
-0.0009547677261613692
-0.0010823960880195602
-0.0010564792176039114
-0.0007410757946210269
-0.0012349633251833739
-0.0015899755501222492
-0.0016466992665036678
-0.0009488997555012225
7.652811735941292e-05
4.7677261613691564e-05
0.002423716381418093
-0.0021141809290953543
-0.004404645476772616
-0.0007146699266503667
0.002999266503667481
0.0028168704156479214
0.0004325183374083131
-0.0025831295843520776
-0.0017259168704156478
-0.0002119804400977995
-0.0008007334963325189
-0.002284841075794621
0.0018408312958435205
0.0010242053789731053
5.158924205378948e-05
-0.001541075794621027
0.0006427872860635698
-0.0018765281173594136
0.0006985330073349638
0.0005376528117359413
-0.00022322738386308067
-0.0007156479217603908
0.001346454767726162
-0.0010173594132029341
0.0018095354523227389
-0.0039019559902200487
0.0008589242053789727
0.0009816625916870417
-0.0005322738386308068
0.0027048899755501223
-0.001222249388753056
0.0008070904645476769
-0.003084352078239609
-0.0017865525672371638
-0.0004858190709046455
-0.002337652811735941
0.0006682151589242056
0.0012540342298288506
0.0006330073349633246
-0.0018002444987775062
0.0012100244498777506
0.0007259168704156481
0.0013782396088019564
-0.0031968215158924207
5.794621026894852e-05
-0.001377750611246944
0.0020330073349633247
-0.00019046454767726148
-9.462102689486569e-05
0.0011777506112469434
-0.003744498777506112
0.002350855745721271
-9.364303178484121e-05
0.0009088019559902197
0.00016063569682151584
-0.0029948655256723713
0.0004833740831295841
0.001112224938875306
-0.0032765281173594133
-0.0006691931540342297
-0.00017677261613691938
-0.0026295843520782397
0.00011466992665036675
0.0010819070904645478
0.0014603911980440101
0.0023488997555012226
-0.0019841075794621034
-0.0030447432762836187
0.00230880195599022
-0.00012738386308068413
0.00032347188264058674
-0.0024036674816625913
0.0003586797066014667
0.002180684596577017
0.0006946210268948655
-0.0009772616136919314
0.0012124694376528114
0.0011210268948655257
-0.0022276283618581907
0.0017797066014669926
-0.0007841075794621025
0.001931784841075794
0.0012662591687041566
0.00048533007334963384
-0.0038017114914425426
0.0029968215158924206
-0.0013102689486552568
0.0009249388753056232
-0.0011958435207823962
-0.002439364303178484
-0.001639364303178484
-0.002537652811735942
-4.08312958435209e-05
-0.0021914425427872856
0.001973349633251834
0.0012995110024449877
0.002382151589242054
0.002176772616136919
-0.0023977995110024447
0.0001591687041564793
0.0009518337408312961
-0.0006902200488997556
0.0013919315403422984
0.0008687041564792179
-3.154034229828856e-05
0.0004535452322738385
0.0006926650366748171
0.002101955990220049
-0.00024229828850855716
0.001219315403422983
0.002507823960880196
-0.0008848410757946209
0.0015224938875305614
0.0002198044009779947
-0.000607579462102689
-0.0017259168704156485
0.00036699266503667445
-0.0020422982885085574
0.00190440097799511
-0.001019804400977995
-0.0013430317848410762
-0.0011821515892420536
-0.0016168704156479217
-4.1564792176037255e-06
-0.0024139364303178484
0.001841809290953545
-0.003036430317848411
0.0009298288508557459
0.0002770171149144256
4.76772616136917e-05
0.001434963325183374
0.0022383863080684594
0.00013129584352078287
-0.002399266503667482
0.003231051344743276
-0.0011474327628361858
-0.001286308068459658
0.00016259168704156493
-0.0006643031784841071
0.0014828850855745726
0.002915647921760391
0.002438875305623472
5.6968215158924444e-05
-0.0007454767726161372
0.00072200488997555
0.0007611246943765286
-0.0010951100244498777
-0.0021469437652811736
0.0009674816625916874
-0.0008114914425427878
-0.00025745721271393625
-0.001512713936430318
0.0022437652811735944
-0.0014310513447432758
0.0009102689486552564
0.0009459657701711492
0.0006330073349633256
0.00227799511002445
0.0016682151589242052
0.001525427872860636
0.0009224938875305625
-0.0015224938875305625
-0.0019048899755501223
0.0011797066014669925
-0.0014652811735941312
0.002420293398533007
0.0004393643031784841
0.0007958435207823958
-0.0018941320293398528
-0.0003557457212713933
-0.0021855745721271395
-0.00022665036674816613
-0.0005684596577017115
-0.002729828850855746
0.00032836185819070925
-3.7897310513447196e-05
-0.0005264058679706603
1.540342298288461e-05
-0.0002198044009779948
-0.001021760391198044
0.0010242053789731049
0.0003733496332518336
-0.0020916870415647925
-0.0028447432762836187
0.0011127139364303172
-0.00021735941320293406
0.0023880195599022005
-0.000125427872860636
0.0005009779951100247
-0.0014755501222493892
0.0003347188264058683
-0.0015366748166259164
-0.000819804400977995
-6.601466992665395e-06
0.000744498777506113
0.00331760391198044
0.0005332518337408316
0.00041295843520782393
3.105134474327639e-05
0.0005816625916870413
-0.0032276283618581907
-0.00232200488997555
-0.0018608801955990223
-0.003806112469437653
-8.679706601467013e-05
0.0025327628361858185
-0.0009581907090464547
0.0005092909535452324
-0.0003503667481662592
0.0008740831295843521
-0.0001283618581907087
-0.0016506112469437655
-0.001584596577017115
4.523227383863125e-05
0.0019537897310513445
0.0007977995110024452
0.0006662591687041568
-0.0004990220048899755
-0.001382151589242054
6.772616136919276e-05
-0.0017278728606356976
0.0013136919315403415
-0.0017259168704156478
-0.002828117359413204
0.0016603911980440098
0.0007396088019559907
0.0013567237163814177
-0.0010779951100244498
-0.001406112469437653
0.0010017114914425429
0.00036845965770171114
-0.00045452322738386285
0.0026061124694376535
-0.00021246943765281223
-0.00014841075794621027
0.001812469437652812
0.002385574572127139
0.003033496332518337
0.001334229828850855
0.002145476772616137
-0.00031955990220048903
0.0011684596577017116
-0.001993398533007335
0.0015415647921760388
-0.000265281173594132
-0.0007865525672371636
-0.0009841075794621026
0.0013200488997555013
0.00011662591687041583
0.0017229828850855748
-0.0012779951100244493
-0.00039535452322738367
0.0007674816625916873
0.0037669926650366753
2.3716381418092878e-05
0.0009801955990220046
0.002240831295843521
0.0015156479217603908
0.0004535452322738385
-0.00020171149144254284
-0.0008007334963325184
0.0002594132029339853
-0.0016911980440097796
0.0015205378973105138
0.00010586797066014685
-0.0015875305623471883
0.0008892420537897307
0.001998777506112469
-0.0008070904645476776
-0.0003860635696821516
-0.0004100244498777505
0.002008068459657702
0.0003283618581907086
0.002152322738386308
-0.002544987775061125
-0.0017180929095354522
0.0008271393643031786
-0.00218997555012225
-0.0007117359413202939
0.0008980440097799504
-0.001315158924205379
0.0015498777506112466
-0.0005312958435207824
0.00014009779951100257
-0.00037286063569682117
-0.00030880195599022046
0.00033471882640586753
0.0015875305623471883
-0.0003611246943765283
-0.0006931540342298293
-0.002807579462102689
-0.0019205378973105136
-0.001085819070904646
-0.0012687041564792174
0.001984596577017115
-0.0001929095354523224
0.0008716381418092908
0.0025440097799510997
0.0009009779951100246
0.00159682151589242
0.0005479217603911979
0.002230562347188264
-0.003188997555012225
-0.002078973105134475
0.000616870415647922
-0.0031435207823960875
-0.0013029339853300734
-0.0007557457212713935
7.75061124694374e-05
7.090464547677024e-06
-8.044009779951084e-05
0.0006603911980440101
0.003155745721271393
0.0008266503667481664
-0.00013178484107579476
0.0014682151589242058
0.00022860635696821469
0.0005782396088019554
0.0002579462102689487
-0.0015503667481662595
0.0013640586797066016
-0.0032603911980440096
0.001896577017114914
-0.001158679706601467
0.0033518337408312963
0.0016545232273838628
-0.002031051344743276
-0.0030305623471882643
-0.0014168704156479219
0.0008036674816625911
-0.0008594132029339851
0.0001141809290953543
0.002118092909535452
-0.00198361858190709
0.0014535452322738387
0.0007107579462102691
-0.0010647921760391196
-0.00039828850855745717
0.001453056234718826
0.00011271393643031772
0.0004080684596577017
0.0017801955990220048
0.0016217603911980443
-0.0017484107579462105
-0.002428117359413203
-0.0010564792176039114
-0.00031320293398532967
0.00018410757946210209
0.0009200488997555015
0.0036882640586797066
0.0004452322738386305
-0.0014559902200489
0.003448655256723716
-0.0013273838630806845
0.0007689486552567239
-0.0013533007334963325
0.0018290953545232274
-0.0008931540342298289
0.0020711491442542782
0.002798288508557457
0.003040831295843521
-0.0009190709046454767
0.00015134474327628344
0.001019804400977995
-0.0007694376528117361
0.00036699266503667483
0.000652078239608802
-0.0022359413202933994
-0.0005185819070904649
-0.0003190709046454766
-0.00421002444987775
0.0003723716381418094
-0.00111760391198044
