"Momentum (UMD) after publication, net of costs · sign-flip|-0.0026097500000000005"
0.0012137499999999996
-0.00207125
-0.00529325
-0.0018062499999999997
0.00415925
7.824999999999944e-05
0.0014617500000000006
-0.0003172499999999989
-0.0015257500000000006
0.0001182500000000003
0.00012525000000000033
-0.0015537500000000007
-0.0003972500000000002
0.0014977499999999993
-0.002518250000000001
0.0023827500000000003
-0.005478249999999999
-0.0041112499999999995
-0.0018662499999999999
-0.0008682499999999996
0.0016197500000000003
0.00099975
-0.0002182500000000004
0.001397250000000001
-0.0013957499999999994
-0.0017907499999999998
0.0005272499999999999
0.0046777500000000005
0.0016522499999999999
0.0014627499999999996
-4.2499999999995316e-06
-0.002401250000000001
0.0005237499999999995
-0.00104875
-0.005244250000000001
-0.0004612500000000003
0.0047167500000000005
-0.00274725
-0.0001887499999999999
0.0033842499999999997
0.0009952500000000003
0.0038122499999999997
-0.0032252500000000003
0.00234025
-0.0023002499999999993
-0.0032817500000000004
0.0007117500000000006
0.0011777499999999995
0.0013327499999999997
-0.0036002499999999993
0.000819750000000001
0.0026942499999999996
-0.0012802500000000004
0.0005192500000000002
5.0750000000000034e-05
0.00633725
-0.004421750000000001
-0.00020575000000000066
-0.00188925
-0.0013372500000000003
-0.0016587500000000005
-0.0020847500000000002
0.00104225
0.0021132499999999997
0.0006382499999999998
-0.00365225
0.0026312499999999995
-0.0007027500000000004
-0.0029922499999999997
0.0005407500000000001
-0.00247975
-0.004493750000000001
0.0027302499999999996
-0.00098475
-0.0009292499999999996
0.0008197500000000005
-0.0018462500000000005
-0.0015357500000000002
-0.001683250000000001
-0.00781825
0.00256525
0.0005927499999999994
-5.624999999999908e-05
0.0021277500000000003
0.00125325
-0.0016787499999999995
-0.00527575
0.00387575
-0.0021247500000000003
-0.0023957500000000003
-0.0028007500000000003
-0.0018467499999999992
-0.0027827500000000005
0.0010637499999999992
0.00482975
0.0012522500000000003
-0.0015552500000000002
0.0007347500000000004
-0.00333125
-0.00112175
-0.0006602499999999998
-0.00307625
0.00047924999999999986
0.00192175
-0.00046024999999999994
-0.0011372500000000002
0.00409875
0.0006162499999999987
0.0006352499999999999
0.00016275000000000003
0.0010057500000000006
-0.0010607499999999992
-0.0007847499999999999
0.0014962500000000002
0.00011225000000000041
-5.475000000000084e-05
0.0014992500000000004
0.0017482499999999998
0.0007172499999999988
0.0037932500000000015
-0.00480975
-0.00045974999999999987
0.00093575
0.00282975
0.0048822499999999994
0.0030152500000000006
-0.0025057500000000006
-0.0002032499999999994
-0.00088175
-0.00055175
0.0006607500000000002
0.0027887500000000004
-0.0013692499999999996
0.0019187499999999997
0.00028524999999999937
-0.0019292500000000006
-0.0018127500000000008
0.0009177500000000003
-0.002236750000000001
0.0002682499999999997
0.0011592499999999995
-0.0002892499999999998
-0.0023187499999999996
-0.0023257499999999993
0.0011957499999999995
-2.4749999999999805e-05
0.00204975
-2.7250000000000053e-05
-0.0007732499999999997
-0.0024082500000000002
-0.0006337500000000002
-0.00012025000000000014
0.0001237500000000001
-0.0021082499999999994
-0.0003727500000000003
-0.0025317500000000006
-0.0014982499999999998
0.0019387499999999993
-0.00212725
-0.0001232499999999996
-0.00297875
0.0029757500000000005
-0.0006587500000000007
-0.0015357499999999996
0.0007682500000000003
-0.00016474999999999988
0.0005177499999999994
0.00082475
-0.0037572499999999997
0.0035112499999999996
-0.0005962499999999997
-0.003154250000000001
0.00180875
0.0036832500000000003
-0.0030342500000000005
0.0015142499999999998
-0.0025182499999999997
0.00353275
0.00298425
-0.00023724999999999997
0.00430375
0.0014427499999999998
0.0008817500000000003
-0.00222975
0.006964250000000001
-0.001675250000000001
-0.0018302499999999998
-0.0002732499999999996
-0.0026342499999999994
0.0003192500000000009
-0.00205775
0.00010224999999999984
-0.0016737500000000005
0.00135625
0.002210750000000001
0.0006572499999999997
-0.0005912500000000001
-0.00268925
-0.00031275000000000053
-0.0034867500000000007
-0.0016982499999999995
0.0023632500000000003
-0.00472275
0.0036392499999999993
0.0009817500000000002
0.0014097500000000002
0.003524750000000001
-0.0016907500000000006
0.0016192499999999994
0.0008392500000000007
-0.0017097500000000001
-0.00425275
-0.0019852499999999996
0.00207075
-0.0005097500000000004
-0.0018727499999999996
-0.0019492500000000002
0.00021825000000000024
0.003616250000000001
0.0006027500000000003
0.00426775
0.0006072500000000003
-0.0023522499999999997
0.00022725000000000078
0.00133725
-0.00333925
-0.00146625
-0.00173675
-0.0022867499999999997
0.00101475
0.00492275
-0.0014837499999999998
-0.003924250000000001
0.00272475
-0.00076375
0.00013825000000000032
-0.00085375
0.0001277500000000005
-0.00013675000000000007
-0.00019125000000000058
9.274999999999984e-05
-0.0003367499999999998
0.0010872500000000001
0.0014072499999999996
0.0017777500000000003
-0.00021225000000000017
-0.0008737500000000001
0.00012775000000000077
-0.0016687500000000003
-0.0026957500000000002
-0.00260225
-0.0004597500000000001
0.0017472499999999997
0.00343725
-0.0004852500000000003
-0.00226025
0.00038775000000000127
-0.002272249999999999
0.00011825000000000003
-0.00047074999999999976
0.0013132500000000002
-0.00121425
-0.0008117500000000004
-0.00075575
0.00128675
-0.00011775000000000035
0.00015624999999999992
0.00318725
-0.0021477500000000012
0.0015512499999999992
0.0032832499999999997
-0.0006362500000000004
-0.00466775
-0.00207825
0.00032774999999999997
0.00152725
0.0005177499999999999
-0.00200925
2.3749999999999327e-05
0.006871749999999999
0.0037267499999999996
0.0005002499999999998
-0.0008102500000000006
-0.00590525
-0.00573325
0.0003197500000000003
7.974999999999927e-05
-0.0029077500000000006
-0.0004007499999999999
0.0010857499999999997
0.0018437500000000001
-0.0010522499999999998
-0.0002782499999999995
0.0037182499999999998
0.0005532500000000004
0.0018812500000000008
0.0004297500000000001
0.0018587500000000002
-0.0003887499999999994
-0.00238375
-0.0005827500000000005
0.0013292499999999997
-0.0013757499999999998
0.00431225
-0.0030697500000000004
9.02499999999993e-05
0.00015474999999999975
-0.00241475
-0.00064825
0.0017942500000000005
0.0031187499999999996
-0.00465075
0.0009642499999999995
0.0021597499999999993
-0.0018102499999999991
-0.005038249999999999
-0.0023042500000000003
-0.0009632500000000005
-0.0013247500000000002
7.624999999999993e-05
0.0019222500000000001
-0.0007927499999999996
-0.0003347500000000003
0.0020907499999999997
0.0011567499999999998
-0.00024275000000000018
-0.0005982500000000007
0.0014302500000000003
0.0009567499999999999
-0.0013032499999999995
0.00473725
-0.00156875
0.0006792500000000004
-0.0012457500000000001
0.00130225
-0.0021747500000000005
-0.0004652500000000002
0.0024067500000000005
0.002426249999999999
-0.0004642500000000002
-0.0011697500000000004
-0.0003312499999999996
-0.0003687499999999998
0.00021075000000000038
-0.00547925
0.0033087500000000005
-0.00034625000000000015
0.00604975
-1.8249999999999793e-05
-0.0014542500000000002
0.00027325000000000016
-0.0015292500000000002
-0.002518749999999999
0.00262125
-0.0029692499999999992
0.00135775
-0.0025297500000000007
0.0034452499999999995
-0.0005662499999999998
-0.0009332499999999991
-0.00547775
0.00420025
-0.0019597499999999993
-0.0010182499999999998
-0.0037742500000000003
-0.0025947500000000003
-0.00019775
0.0031577500000000004
3.025000000000014e-05
-0.0012152500000000006
0.0020817499999999994
-0.0016677500000000004
-0.0017867499999999997
-0.003716249999999999
0.00103525
-0.0010927500000000002
0.0011152500000000001
-0.00237175
-0.0012267500000000002
0.0031262500000000006
-0.00150275
0.0011432499999999993
0.0003827499999999999
0.00019624999999999984
0.0006152499999999999
-0.0003572500000000001
-0.0005217499999999995
0.0006532499999999998
0.0018027499999999997
0.00369475
0.0007167499999999997
-0.0014677499999999999
0.00267475
0.0019362499999999998
-0.0030797500000000005
0.00151125
0.00203075
-0.00130525
-0.000513749999999999
0.0012797500000000005
0.0005027500000000002
-0.0007662500000000004
0.0019202499999999992
0.0034967500000000007
0.0005807499999999999
0.00189325
-0.00047925000000000024
0.0016062500000000003
-0.00051425
-0.0004957500000000002
-0.0010472499999999998
-0.004205250000000001
0.0015322500000000008
-0.00091125
0.00217775
-0.00115425
0.0019322500000000004
-0.0004692500000000002
0.00011125000000000037
0.0038122500000000005
7.075000000000012e-05
0.003031750000000001
-0.0015262499999999992
-0.0028252499999999996
0.0005182500000000006
0.001957249999999999
0.0012557500000000006
0.0006287500000000002
-0.0011952500000000008
-0.0017997499999999997
-0.00023824999999999986
0.0001197499999999998
0.0020667500000000004
0.0006237499999999997
0.0005977499999999996
0.0015102499999999997
-0.0014172499999999997
0.00120175
-0.00019625000000000033
0.00216775
-0.0023227499999999997
0.0005797500000000003
0.006482749999999999
-0.0012582499999999996
0.0009117500000000007
-0.00032974999999999964
0.0003447499999999994
-0.00442975
-0.00151125
8.424999999999974e-05
0.0014552500000000002
0.0005462500000000005
0.00196475
-0.0027527499999999996
-0.0011992500000000002
-0.0016467499999999998
0.002231749999999999
-0.0010012500000000002
-0.00012724999999999965
-0.0012097500000000003
-0.0033237500000000003
-0.0020642499999999997
-0.0031797499999999994
-0.0024037500000000005
0.00270175
0.0012622499999999995
0.00464075
-0.00312375
-0.0017982500000000004
0.00390775
-0.00333325
-0.00099275
0.00384025
0.004678750000000001
0.0014192500000000002
0.0016647500000000002
-0.00017075000000000036
-0.0026067499999999993
-0.0024262499999999996
0.0024272499999999997
-0.0005017499999999998
-0.00172575
0.00070625
-0.0019207500000000006
0.0042977499999999995
0.0011057499999999993
-8.375000000000053e-05
0.0019772500000000003
0.000994749999999999
-7.724999999999926e-05
0.0008632499999999994
-0.0004872499999999999
-0.00099475
0.0021437500000000007
-0.00023625000000000048
0.0027107499999999996
0.0013657499999999996
0.00343575
8.624999999999966e-05
0.0009097500000000005
0.00420925
0.0013562499999999994
0.0003482499999999998
0.00297625
0.00391725
-0.0012157499999999996
0.00320475
0.0035242500000000005
0.0026212499999999994
0.00020924999999999945
-0.0009002500000000004
-0.001178250000000001
-0.00129825
-0.00444625
-0.00017424999999999995
-0.00041475000000000013
0.0027407500000000006
-0.0013202499999999998
0.00300225
2.4999999999955614e-07
0.0031152499999999995
0.0016767499999999994
-0.0019882500000000004
-0.0002442499999999996
-0.00247925
-0.0012217500000000004
5.8250000000000176e-05
0.0004777500000000004
-0.0011177500000000003
-0.0010167499999999996
-0.0006267499999999998
0.0009232500000000006
-0.0041962499999999995
0.0025672499999999997
-0.005202750000000001
0.00010024999999999951
0.0022312500000000006
-0.0007287500000000001
0.00236825
-0.004396750000000001
0.0005457500000000001
0.00146325
0.0027332500000000004
-0.0022072499999999996
-0.0016052500000000008
0.0031717499999999997
0.0016982499999999997
0.003046750000000001
0.0010377500000000003
-0.0012247499999999995
-0.00044224999999999966
-0.0015132499999999996
-0.003576250000000001
-0.0011282499999999995
0.0024222499999999995
-0.00612925
-0.00115075
-0.002152250000000001
-0.00461725
0.0010177499999999996
0.00101375
-0.00116025
-0.0038002499999999994
-0.0013572500000000006
0.0002147500000000002
0.0005372499999999992
0.003976749999999999
-0.00114475
-0.0007837499999999997
0.00026874999999999995
-0.0002967500000000001
-0.0015152499999999997
-0.00070575
0.0003977499999999995
0.0013802499999999997
-0.0007847499999999999
0.00566475
0.0019847499999999995
-0.0004152499999999996
-0.0024887499999999996
-0.00321075
0.0003657499999999998
-0.0005047499999999993
0.003555250000000001
-0.001140250000000001
0.00368175
0.002155750000000001
0.0004142500000000007
0.00256525
-0.0002912499999999994
-0.004368749999999999
-0.0034337500000000006
0.001977749999999999
-0.0010102500000000007
4.9250000000000126e-05
-0.0014082500000000004
0.0020267500000000003
-0.00451375
0.0009687500000000005
-0.0007937499999999999
0.0043152500000000005
-0.00265475
-0.0009047499999999998
0.0024447499999999994
0.00283175
0.00252975
0.0025277499999999996
0.00224625
0.00172375
0.0033187500000000005
-0.0028252499999999996
0.00026325000000000035
-0.0011552499999999998
-0.0017047499999999999
0.0025497500000000017
0.0036562499999999993
-0.00028725
0.0010572499999999998
-0.0007647499999999994
-0.00171075
-0.0013682499999999997
0.0017727500000000002
0.00394525
0.0031052500000000004
-3.625000000000059e-05
0.0020487499999999994
0.00406575
-0.0023482499999999996
-0.004017249999999999
-0.0027722499999999995
-0.0023457499999999997
0.0028592499999999994
-0.002748249999999999
-0.0036407499999999995
0.0010997499999999998
0.00015575000000000005
-0.00343575
0.0025202500000000004
0.001283749999999999
-0.0006012499999999999
0.0017497499999999996
-0.0016042499999999998
-0.0008772500000000004
0.0011512500000000004
-0.0014202499999999996
0.0005697499999999997
-0.0013522500000000006
0.0017662499999999998
0.00398275
0.0005762500000000003
-9.174999999999968e-05
0.00023524999999999984
-0.001770249999999999
0.0014537499999999995
-0.001530250000000001
-0.0009487500000000002
0.0011412500000000006
9.625000000000009e-05
0.00428075
-2.825000000000098e-05
0.0012387500000000003
0.0010792499999999997
-0.0018177499999999997
0.00264325
0.0008237500000000002
0.0012462499999999997
0.000862749999999999
-0.006543749999999999
0.00210925
-0.00336675
0.00251325
-0.00203025
0.00211775
-0.0012577500000000002
-0.00024225000000000039
-0.0027452500000000003
-0.0018642500000000005
0.0005257500000000003
-0.0006052500000000006
0.0006392499999999995
-0.0036082499999999995
0.00296825
0.0022307499999999992
0.0001967499999999999
0.00548125
0.0018847500000000012
1.7249999999999904e-05
0.002951750000000001
0.0005187500000000002
0.0007352499999999997
-0.0009627499999999997
0.00195175
-0.0011857500000000002
0.00247425
0.0006367500000000003
-0.00205925
-0.0018992500000000001
-0.0026427500000000006
0.0028772500000000013
0.0008462500000000003
0.0016677499999999997
-0.00208575
0.00101275
0.0001337499999999997
0.00037174999999999985
0.0007482500000000003
-0.00132425
0.0006792500000000002
0.0032962500000000006
-0.0017902500000000002
-0.0016367499999999995
-0.0002362499999999995
-0.0025307499999999996
0.0005682500000000003
0.0034707500000000003
-0.0009587499999999997
0.00135625
0.005450750000000001
0.00031275000000000036
-0.00217725
-0.0008007499999999995
0.00079925
0.0013642500000000002
0.0007987499999999999
-0.0016277499999999994
0.0022657499999999995
0.00420325
0.0009427500000000001
-0.00032524999999999986
-0.0006327500000000004
-0.00398725
-0.0004162499999999997
0.0007302499999999993
-0.0036267499999999998
0.0003707500000000001
0.0004377500000000002
0.00124625
9.074999999999902e-05
-0.00213725
0.00251125
-0.00014624999999999957
0.0013327499999999993
-0.00017174999999999968
0.004225249999999999
0.002811749999999999
0.0019642499999999994
-0.003420749999999999
0.00351825
-0.0019432499999999999
0.00503875
-0.0018232499999999998
-0.0025172500000000004
0.0003492500000000004
0.0008977499999999997
0.00354775
-0.0014337500000000001
0.0026557500000000006
-0.0023352500000000005
0.00258175
-0.0009212499999999999
0.0012152499999999995
0.00033025
0.0018932499999999998
0.0009627500000000005
0.00043824999999999973
-0.004947249999999999
0.0013537499999999997
0.0017392500000000006
0.0027402499999999996
0.0013682499999999997
-0.0018532499999999999
0.00020974999999999995
-0.0017152500000000002
0.0009977499999999993
0.00406075
0.0019937500000000003
0.0012092500000000003
-0.0021852499999999997
-0.00185025
0.00117875
4.475000000000062e-05
-0.0021667500000000007
-0.0008622500000000004
-0.00182475
0.0017517499999999996
0.00227325
0.0004527500000000005
-0.0005007499999999991
0.0017022499999999996
0.00013224999999999988
-0.00379525
-0.0027927499999999992
0.0005472500000000002
0.00373025
0.0012947499999999992
0.0035842499999999998
0.0036282499999999995
0.00125025
-0.00011175000000000032
-0.00196475
-0.00307875
0.00047024999999999986
0.0015327500000000005
-0.0017787499999999995
-0.00251825
-0.0015312499999999996
-0.00312275
0.0005992500000000001
0.0008372499999999997
-0.0021127499999999996
-0.00085925
-0.0016367500000000002
-0.002030250000000001
0.0016562500000000013
0.0033857499999999994
0.0003872500000000003
-0.0004062500000000001
-0.00216225
-0.0011787500000000005
0.0028227499999999993
-0.0002222500000000005
0.0019067500000000005
-0.00113475
-0.0010267499999999997
-0.00206625
-0.0047617499999999995
-0.00166775
0.0011017499999999996
0.0009147499999999998
0.0021617500000000005
0.0031872500000000013
0.00076125
0.0005827500000000004
-0.0034077499999999998
0.00133275
0.00137675
-0.0021337500000000002
0.0025887499999999995
-0.00032724999999999963
0.0030167500000000003
0.0008832499999999999
-0.0001287499999999997
-0.00099775
-0.0019782500000000004
0.0011617500000000002
0.0020877499999999998
-0.0041122500000000005
0.0019637500000000002
-0.0013652500000000001
-0.00452175
3.750000000000142e-06
-0.0008402499999999996
0.00182775
-0.003053250000000001
0.0010427500000000003
-6.57499999999998e-05
-0.0018137500000000007
-0.0020747499999999998
0.0012527499999999997
-0.0018787500000000006
-0.004001750000000001
0.0040982499999999995
-0.00047125000000000053
-0.004660750000000002
0.0016402500000000002
-0.0005392499999999997
0.0008262500000000006
0.00482275
-0.00266775
-0.0017112500000000007
0.0011767500000000003
0.0012522500000000003
0.00240575
-0.00038675
-0.0026447499999999995
0.0031952500000000006
-0.00434575
-0.0009117500000000003
-0.00478325
0.00117775
0.00210025
-0.00085175
0.0012662499999999998
-0.0026072499999999998
0.003703249999999999
-0.00526075
0.0035647499999999998
-0.0007327500000000003
-0.00475325
0.005570750000000001
-0.00152375
0.001302750000000001
-0.00447175
0.0005617499999999999
0.00284525
-0.0010227500000000004
0.0044817500000000005
-0.00274875
0.00398825
4.0749999999999676e-05
0.0011562500000000002
0.00195825
0.0008057500000000004
-0.00112925
-0.0028222499999999997
0.0014812500000000001
-8.749999999999488e-06
-0.0002547500000000002
-0.0033832500000000004
-0.00333875
-0.00111325
0.002962250000000001
-0.0014452500000000008
0.00327975
-5.675000000000024e-05
0.0012572500000000003
-0.0017722500000000002
0.0033972500000000005
-0.00181525
-0.0003472499999999999
-0.0006687499999999999
-0.00010425000000000018
-0.00444625
-0.0006747499999999998
-9.82499999999998e-05
-0.0012732500000000003
-0.00259175
-0.00233575
0.0030847499999999994
-0.0015327499999999996
-0.00221225
0.0016072500000000002
0.00047075000000000036
-0.005019750000000001
-0.0004767499999999995
-0.0013112500000000001
0.002604249999999999
0.0022377499999999997
0.00091175
-0.0027952500000000004
-0.0034867500000000003
0.0014157499999999995
0.00433475
-0.0025822500000000008
-0.00110825
0.00532725
-0.0029927499999999998
0.00030774999999999997
0.00015875000000000042
-0.0035672500000000005
-0.0007472500000000001
0.0006997500000000001
-0.0014777500000000005
-0.00309525
-0.0008927499999999997
0.0034177500000000006
0.0016782499999999992
0.00247925
-0.0014112499999999995
0.0005107500000000007
0.0023112499999999995
0.0022997500000000006
0.0024837500000000003
0.003152750000000001
-0.00208225
-0.0027412499999999993
-0.00111525
-0.0029022499999999994
-0.0016857500000000004
-0.0005402499999999999
-0.0013377500000000004
-0.0009182500000000002
-0.0004982499999999993
0.0037507499999999993
-0.004350249999999999
0.0017257500000000003
-0.00268675
0.0016237500000000002
0.00013874999999999985
-0.003294749999999999
-0.0007847499999999996
-0.0010127500000000004
-0.00014074999999999976
-0.00309375
-0.003252250000000001
0.00225625
-0.00461025
0.0005462500000000009
-0.00303075
-0.00282225
-9.975000000000039e-05
-0.0004052499999999998
0.00175325
-0.0008427500000000002
0.0027952500000000004
-0.00186075
0.0014507500000000004
0.0028617500000000006
0.00358875
0.00134975
4.274999999999973e-05
0.0023832500000000004
-0.00266175
0.00194675
-0.0005722499999999994
-0.0026387500000000005
-0.00244975
0.0003397499999999997
-0.0008072500000000002
0.004345750000000001
0.0013402500000000005
0.001532250000000001
-0.00203675
0.0004937500000000003
-0.003578250000000001
-0.00274075
0.00762175
-0.0006532500000000001
-0.00317875
0.0008437500000000001
0.00266675
-0.00041775000000000064
-0.0035897500000000005
-0.0010297500000000003
8.925000000000041e-05
0.0009977499999999997
-0.0030807499999999997
-0.0025917500000000003
-0.0037047499999999993
0.00265475
0.00160075
-0.0009567499999999998
0.0009507500000000005
-0.00082925
0.0016492499999999999
0.0005657500000000002
0.0005452499999999997
-0.0031347499999999995
0.0008242499999999999
-0.0009357500000000004
-0.0019742499999999994
0.00298675
-0.0020282499999999997
0.00032774999999999997
0.0032602500000000006
-0.00022925000000000015
0.0010347500000000005
0.0004842499999999994
0.002333250000000001
0.00265575
0.0001407499999999999
1.7749999999999432e-05
-0.0007037500000000008
-0.005745750000000001
0.0007822499999999999
-0.00254525
0.0019192500000000002
-0.00173925
-0.0022147499999999997
-0.003619750000000001
0.00246475
-0.0008877499999999997
-1.3750000000000012e-05
-0.0009297499999999995
-0.00049075
-0.003072249999999999
-0.0037432499999999996
-0.0015247499999999992
0.00316925
0.0019842500000000003
0.0015402500000000002
-0.00531575
0.00250625
0.00048725000000000027
0.00298675
0.00024725000000000024
0.00044574999999999975
-0.0007642499999999997
0.0019782500000000004
0.0013577499999999998
-0.0005952499999999999
-0.0027402499999999996
0.0008862499999999998
-0.0006892500000000002
0.0014052499999999996
0.0017287499999999994
-0.00018975000000000009
0.0003547500000000007
0.0003267500000000001
-0.0038427499999999994
0.00039925000000000046
0.00100425
-0.00042275000000000006
0.0005157500000000001
-0.0008607500000000001
-0.00109775
0.00412075
0.0007847500000000007
-0.0001447499999999994
0.00059525
0.0021127499999999996
-0.0029337500000000006
0.0044322499999999996
-0.001954249999999999
0.002056250000000001
0.00421775
-0.004801250000000001
0.00209425
-0.0012562500000000002
-0.0010957500000000002
-0.0038807500000000005
-0.00100325
0.00030225000000000027
-0.00042574999999999975
-0.0009952499999999996
-0.00017424999999999982
-0.0001292500000000002
-0.00034775
0.00022674999999999974
-0.0006732499999999998
0.00348475
-5.52500000000003e-05
-0.00012875000000000004
0.0030312500000000005
-0.0034197499999999996
-0.00021224999999999966
0.0010647500000000002
0.0012777500000000002
0.00156625
0.0011612500000000002
-0.0010227499999999998
0.00039474999999999976
-0.0022952499999999995
-0.0008632500000000001
0.00125375
-0.0012107500000000002
-0.0014827500000000001
0.00238375
-0.00042075
0.0038137500000000003
-0.0015557499999999996
-2.824999999999897e-05
-0.0021067500000000005
-0.0027297499999999995
0.0007997500000000002
0.0010137500000000001
0.00036975000000000094
0.0004022499999999998
-0.001631249999999999
0.00214725
-0.00011125000000000037
0.003396250000000001
0.0030417499999999997
-0.0025237499999999995
-0.0021147500000000003
0.00284775
0.00122775
-0.00057825
-0.00187025
-0.0030942500000000006
0.00564425
0.00711425
-0.0013137500000000002
-0.00042874999999999966
0.0019537499999999998
-0.00118175
-0.0001282500000000006
-0.0006497499999999999
0.00014624999999999957
-0.0031797500000000003
-0.00015125
-0.00323575
0.0011717499999999994
0.0004117499999999997
-0.0016707499999999997
-0.00316925
0.0002552499999999996
0.0012197499999999997
-0.00202925
0.0014942500000000006
-0.00163225
0.0016142500000000005
-0.0016732499999999998
0.0002182500000000001
-0.0018772500000000007
-0.00024674999999999974
0.0013947499999999995
0.00484075
-0.0018392499999999995
-0.0007997500000000002
-0.0034582500000000004
0.0020532500000000004
0.00117125
0.0024927499999999993
-9.874999999999953e-05
0.0001327499999999998
0.0028197499999999998
0.00501125
-0.0032357499999999995
-0.0003217500000000001
-0.0009577500000000003
0.00163225
0.0022362500000000004
0.0006107499999999996
0.0002312499999999998
-0.0035052499999999997
0.003181250000000001
-0.00132525
-0.0012552500000000003
0.0016047500000000003
0.0017092499999999994
-0.00323375
0.00018224999999999963
-3.0249999999999305e-05
-0.0005087499999999998
0.0001092499999999999
-0.00052975
-0.0018037499999999996
-0.0002147500000000002
-0.00190175
-0.00139125
0.00172825
0.00231475
0.00270925
-0.0029252500000000016
-0.0010302500000000006
-0.0010217500000000005
0.0030887500000000008
-0.0004377499999999998
0.00416575
0.0004637500000000004
0.0016977499999999998
0.00043325000000000004
0.0013307500000000003
-0.0021177500000000003
0.0004892500000000008
-0.0018612499999999998
0.0017307499999999999
-0.0017867499999999997
-0.0028617499999999997
0.0028392499999999998
-0.0001742500000000004
0.00024375000000000015
-0.0031657499999999993
0.00407725
-0.0045242500000000005
-0.0010547500000000001
-0.00013525000000000066
0.00032825000000000047
0.0003777499999999998
0.00408775
-0.00018625000000000003
-0.0015702499999999996
0.00208425
0.0025622500000000003
0.0010132500000000005
-0.0052207500000000006
0.006268750000000001
0.0052092499999999995
-0.0014627499999999999
0.00431875
-0.0014832499999999998
-0.0021492499999999997
-0.0011032500000000003
0.00056225
-0.00428875
-0.0004192500000000003
-0.0006382499999999996
-0.0009977500000000004
0.00276575
0.0016787500000000003
-5.174999999999985e-05
0.0009942500000000003
0.0007677500000000006
-0.0015267500000000001
9.525000000000047e-05
-0.0019632499999999997
-0.00130325
-0.0015337500000000002
0.0047877499999999995
0.0011302500000000002
0.0034782500000000004
0.0024277500000000002
0.004606249999999999
0.0029302499999999997
0.0025667500000000005
0.0028152499999999996
0.0008587499999999999
0.0008337500000000003
3.47499999999995e-05
0.0017847499999999999
-0.0033872500000000005
5.974999999999925e-05
-0.004605249999999999
-0.0026187499999999996
0.001854750000000001
0.00030624999999999956
-0.0020737499999999996
0.00081125
-0.00331325
0.0007862499999999998
-0.0010862500000000002
0.00070225
2.6249999999999815e-05
-0.0034092500000000004
-0.0024352500000000003
-0.00143725
-0.004164749999999999
-0.00391075
-0.00014925000000000035
-0.0029717499999999996
-0.003682749999999999
0.0002787500000000004
0.00104775
-0.0022532499999999996
0.0005947500000000001
0.0005877499999999998
0.0025292500000000002
-0.0008487500000000003
0.0022617500000000003
0.00519775
-0.0020372500000000004
9.749999999999829e-06
-0.0017342500000000005
-0.0014367499999999999
0.00036974999999999974
-0.00362875
0.00063525
0.0022797499999999997
0.0031342499999999994
-0.0023837499999999996
-0.00415175
0.0010817499999999998
0.00010875000000000023
0.0017277500000000003
0.00180875
-0.0009162499999999993
-0.00184825
0.0017732499999999997
-0.0017167499999999997
0.0009927500000000006
-0.00454075
-0.0016812499999999996
0.0013347500000000006
-0.0024612500000000003
0.0016027500000000007
0.0020442500000000005
0.0011552499999999996
-0.0011247500000000005
0.0033387499999999997
0.0005662500000000005
0.004463750000000001
-0.0021527499999999993
0.0015347499999999997
-0.0029842500000000004
0.00035475000000000025
-0.00351225
-0.00118125
-0.002116750000000001
-0.00255425
0.0010562500000000003
-0.00279025
0.0007322500000000003
0.0006052499999999995
0.0021407500000000003
0.0012257499999999998
-0.0039777499999999995
-0.0012437499999999996
-0.0020482499999999997
0.0009792499999999992
-0.00420325
0.0011292499999999996
-0.00210675
-0.0012322500000000003
0.005293750000000001
-0.00098775
-0.00071875
-0.0009712499999999999
0.00483825
0.00149175
-0.0033657499999999994
-0.0005687500000000004
-0.0033562500000000007
0.0011282500000000001
-0.00184475
-0.00031724999999999977
-0.00227725
-0.0005282500000000001
0.0026467500000000007
-0.00011024999999999979
0.0005577500000000001
-0.0031952500000000006
0.0022577499999999998
-0.0012687500000000008
-0.0026687499999999997
0.0022732499999999992
-0.00324075
-8.624999999999939e-05
-0.0004087500000000001
0.00196025
-0.00025275000000000004
-0.00246825
-0.004401249999999999
0.0036557499999999997
-0.0022167500000000004
-0.0017217499999999998
-0.001575749999999999
0.0005677500000000001
-0.0033327499999999998
-0.00047075000000000046
0.00365975
-0.00104875
-0.0040862500000000005
-0.00296675
-0.0006112499999999997
0.0015167500000000005
-0.00256775
0.0006082499999999996
0.0006102500000000003
-0.00037324999999999983
-0.0015527499999999999
-0.0031362500000000006
0.00139575
0.00218775
0.0007537499999999996
-2.3749999999999605e-05
0.0031137500000000006
0.00088575
0.0008422500000000002
0.00477025
0.0016812500000000005
0.00273425
0.00412825
0.0017152500000000002
0.0007787499999999997
0.0013867499999999997
0.0006267499999999997
-0.0011067499999999997
-0.0030452499999999993
0.00031174999999999974
0.00279075
-0.0004117499999999999
4.0249999999999176e-05
-0.003191250000000001
-0.0017817499999999997
-0.0018267499999999998
-0.0009052499999999994
0.0031137499999999998
0.00157825
-0.00127075
0.00236175
0.0014672500000000005
-0.00211575
0.0026687499999999997
0.0008817500000000009
0.0016927500000000007
0.00231625
0.0027787500000000004
0.0008712500000000002
0.0003872500000000004
0.0005302500000000001
0.0012947500000000005
0.0034752499999999996
0.0018717500000000001
-0.0018317500000000007
0.00528675
0.00314175
-0.0008797500000000002
0.00012524999999999995
-0.0018997499999999995
0.0007562500000000001
0.0011612500000000004
-0.002122749999999999
0.00012025000000000008
0.00042625000000000025
0.0008462500000000001
0.0005417500000000006
0.0006402500000000004
0.006818249999999999
-0.00374825
0.0022732499999999992
-4.174999999999929e-05
-0.00388675
0.00262225
-0.00249025
0.0008912499999999998
0.0017867499999999997
0.0004097500000000001
-0.0012652500000000003
-4.0249999999999176e-05
0.0009097499999999995
-0.00373025
-0.0018882500000000002
0.00209325
-0.0003292500000000001
0.0027067499999999995
-0.0011662500000000002
-0.004494250000000001
0.0003062499999999999
-0.00025725
-0.0028327500000000006
0.00020774999999999974
0.0023032499999999997
0.00412825
0.0020892499999999995
0.00527125
0.00069825
0.00014025000000000037
0.0022847500000000003
0.00343725
0.0009222500000000005
-0.00047424999999999995
0.00031525
-0.0007777499999999998
0.00494275
0.0043317500000000005
0.00413375
0.0006062499999999996
0.0006757500000000002
0.0020982500000000003
0.0023857500000000007
-0.0012372500000000003
0.00192125
-0.00161475
0.003000750000000001
0.0010187499999999986
-0.0028202500000000003
-0.0013117500000000002
0.00168675
-0.0035677500000000006
-0.0007387499999999997
0.00045124999999999956
0.0008207500000000001
-0.0007582499999999996
0.0046612500000000005
0.0008357500000000001
0.0007327500000000003
0.0005567499999999992
0.00401425
0.003179749999999999
-0.0014432500000000003
-0.00238775
-0.00036374999999999933
0.0008272500000000001
0.0005107500000000004
0.00297475
-0.00016274999999999997
-0.0021822499999999993
-0.0015592499999999999
0.0009792499999999999
-0.0008157499999999999
-0.00078875
-0.0007897499999999999
0.00339025
-0.00499525
0.0021932500000000003
0.0026502499999999994
0.0037232499999999996
-0.0008567500000000002
-0.0025187500000000006
-0.0014957500000000001
0.0017817500000000003
-0.0053932500000000005
-0.0012187500000000002
0.0027817499999999995
5.749999999999922e-06
-0.0018377499999999998
0.00158275
-0.0038882499999999998
0.0035812500000000007
0.00375625
-0.0011622500000000005
0.0013287500000000005
-0.0018547500000000003
0.0006207500000000004
0.00249275
-0.0012037500000000002
0.0017632499999999996
0.0019922499999999997
-0.0020022499999999997
-0.004621750000000001
0.00192975
-0.0011507500000000003
-0.0027552500000000003
-0.00131425
0.00027325000000000016
0.00181025
-0.00414775
0.00373375
-0.0004162499999999998
0.00471675
0.0007567500000000006
-0.0029332499999999997
-0.0014817499999999998
0.0008207499999999999
0.00172875
0.00203125
0.0015907499999999997
-0.0013432499999999998
0.0029327500000000005
0.00293675
0.0018552500000000006
0.0013852499999999995
-0.0029512500000000003
-0.0020322499999999998
-0.00118075
0.0007992500000000003
0.00536575
-0.0030682500000000002
-0.00029224999999999916
-0.0015267500000000001
0.0007922500000000002
0.00168675
-0.002553750000000001
-0.00012474999999999986
-0.0022317500000000002
0.00201975
0.0020677499999999997
-0.00457175
0.0007367499999999991
0.0028902499999999996
0.004041749999999999
-0.0009287499999999987
0.0016282500000000004
-0.00011725000000000021
-0.00012025000000000014
0.00597525
0.0010697500000000006
0.00024675
0.0025217499999999997
-0.0017097500000000003
-0.0011147499999999994
-0.0026387499999999996
-0.00385225
-0.0018242499999999997
0.0034337500000000006
-0.0010422499999999998
-0.00181425
-0.00309375
0.0018117500000000002
-0.005191749999999999
-0.0020627499999999995
-0.0008672500000000006
-0.0012787500000000008
-0.0031307500000000003
0.0017292499999999997
-7.524999999999962e-05
0.0025537499999999996
0.0050827500000000005
-0.0005942499999999994
0.00353575
0.00461925
0.0001792500000000008
0.0018502500000000003
0.0033932500000000004
-0.00022724999999999967
-0.00603775
0.00342775
0.0019227499999999998
-0.0007187499999999997
-0.00228375
-0.00322125
-0.0008732500000000005
0.0020877499999999998
-0.0001832499999999998
-0.0023212499999999995
0.001337249999999999
0.001360250000000001
-0.00607425
0.0011917500000000005
0.0026427499999999997
-0.003370250000000001
0.0034472500000000007
0.0025867500000000005
-0.0034737500000000003
0.0030527500000000008
0.00045174999999999935
-0.00163125
-0.0019382499999999997
0.00236825
-0.00261975
0.0018382500000000007
-0.0003157499999999998
0.0008967500000000001
0.00476075
0.00580025
-0.0027562500000000005
0.0030132500000000007
-0.004977250000000001
-0.00319875
-0.00018925000000000053
0.002889750000000001
0.0023062499999999997
-0.00051425
0.0032252500000000003
0.00415825
-0.00370575
0.00186025
-0.0001447500000000005
-0.0007347500000000004
-0.00036275000000000017
0.00161375
0.00388975
-0.0001872500000000002
0.0010172500000000001
-0.0008887500000000003
-0.00135225
-0.00021575000000000012
-0.0005832500000000003
0.0005762499999999998
-0.0005067500000000003
-0.003250750000000001
0.0006887499999999999
-0.0025197500000000007
-0.0017877500000000005
0.0038552500000000006
-0.0030662500000000004
-0.0004262500000000008
0.0022387500000000003
-1.749999999999946e-06
-0.00597475
-0.0040957499999999996
0.0004587500000000001
-0.0013207499999999999
-0.003952249999999999
0.0036777499999999996
0.00160775
-0.00419425
0.0005852500000000006
0.0013657499999999998
0.0036252500000000004
-0.0036202499999999993
0.00034175000000000026
0.0016852499999999992
-0.0036537499999999994
-0.0004747500000000003
0.0010742500000000006
-0.0010322500000000006
-0.0016692500000000004
-0.00022524999999999976
0.0007482499999999998
-0.00110875
-0.0014092500000000006
-0.0011277500000000003
-0.004154250000000001
-0.0011532500000000002
-0.0019492499999999996
0.00012124999999999997
0.0017242499999999999
0.0027612499999999994
0.00273875
-0.0005167499999999998
-0.0017032499999999997
-0.00368775
-0.002438750000000001
0.00243625
-0.00013274999999999968
0.00277725
-0.00013125000000000026
0.0034352499999999995
0.0002587499999999998
0.00350125
-0.00014175000000000022
0.0017337500000000005
0.0033832500000000004
-0.0024807500000000003
-0.00045274999999999976
-0.00263175
-0.00160475
-0.0008242499999999999
-0.00024775000000000003
0.0006827499999999998
0.00306225
0.00205625
0.00327375
0.0018227500000000002
-0.0021892500000000002
-0.0007292500000000002
-0.0037712500000000003
0.0004787499999999997
0.0041087499999999996
0.00187325
-0.0003737500000000005
0.0024142500000000006
-0.00071075
-0.0008192499999999999
0.0007312499999999999
-0.0039152499999999995
0.0005582499999999998
0.00178125
0.0050167499999999995
-0.0026692499999999997
-0.00789625
-0.00232575
-0.006824750000000001
0.00156175
0.00012675000000000005
-0.00024175000000000043
-0.00381175
7.27500000000001e-05
-6.124999999999916e-05
0.0012507499999999993
0.00123575
-0.0011257499999999994
-0.0015607499999999999
-0.004540249999999999
0.004356249999999999
-0.00133825
-0.00211425
-0.00255625
-0.00394525
0.00222275
0.00014974999999999955
-0.0016247500000000003
0.0001092499999999999
-0.00032675000000000065
0.0005707499999999998
0.0008267500000000002
-0.00253275
-9.275000000000002e-05
0.00397625
-0.0007597500000000001
0.0014172499999999992
-0.00297825
0.0006127499999999997
-0.00094025
0.0030452499999999998
0.0022112499999999997
0.0018857499999999998
-0.0027542499999999993
-0.0007602500000000004
0.00045475000000000013
0.0008087500000000003
-0.0001082499999999996
-0.0015307500000000002
0.00197025
0.005053249999999999
0.0010547500000000003
-0.00251425
-0.0024557500000000005
0.0011992500000000002
-0.0014912500000000002
0.0025592499999999995
0.0024927499999999993
-2.025000000000027e-05
-0.0002842499999999998
-0.0020232500000000003
-0.0005797500000000005
0.0031437500000000007
-0.0010472499999999998
-0.00146575
0.0019992499999999993
0.0010187500000000001
-0.0016842500000000002
0.00170775
-0.00058475
0.004554750000000001
-6.175000000000069e-05
-0.00417475
0.00105825
-0.00294525
-0.00024224999999999982
-0.0015447499999999995
0.00014875000000000028
0.0013087499999999992
-0.0038097499999999993
0.0044582499999999995
-0.0015792500000000001
-0.002879749999999999
0.0006042500000000005
0.0016547499999999998
0.00017025
-0.00636525
0.00272725
-0.0006727500000000002
0.0012432499999999996
-0.00036425
-0.0031207500000000003
0.0008867500000000001
-0.004054249999999999
-4.625000000000018e-05
0.0034192500000000004
0.002910250000000001
0.0011322499999999996
0.00475275
-0.0035332500000000004
-0.0009287499999999996
0.0007767500000000006
-0.00016775000000000034
0.00170375
0.00034375000000000047
-0.0018877499999999997
-0.0007342500000000007
0.0007712499999999998
0.00356475
0.00432725
0.0007897500000000004
-0.0011172500000000002
-0.0009917499999999998
0.0025052499999999992
0.00381575
-0.0018427500000000009
-0.0010322500000000004
0.0009042499999999998
0.0036197500000000006
-0.0015202499999999997
-0.0038322499999999997
0.0017827499999999996
0.00150625
0.0008242500000000002
0.0017807499999999998
-0.0018712500000000005
0.0033177500000000004
-0.0012417499999999998
-0.0028587499999999997
0.0037642499999999994
3.275e-05
0.00294025
0.004693250000000001
-0.00051325
0.0006482500000000006
-0.0003162500000000001
0.00096375
0.00356275
0.0038407500000000004
-0.00027525000000000065
0.0017037500000000006
0.0021332499999999997
0.0006242500000000005
-0.00391775
-0.0017067500000000008
-0.00017324999999999952
-0.00106375
-0.0018182500000000002
-0.00214875
0.00151625
0.0009437499999999998
-0.0003337499999999999
-0.0025012500000000004
0.0011147500000000005
-0.00207725
-0.0026712500000000004
-0.0015857500000000001
-0.0028672500000000004
-0.00196525
0.0010077499999999997
0.00634375
-0.004617250000000001
-0.00302675
0.00035074999999999993
0.00111625
-0.0012612500000000004
0.0020982500000000003
0.0012627500000000002
0.00023825000000000013
0.0021242500000000003
0.0004482499999999998
0.0021587499999999996
-0.0008572500000000003
-0.0033092499999999997
-0.0016372499999999992
0.0016567499999999998
0.0010147500000000002
-0.00183575
0.00083425
0.00043575000000000005
0.0028687499999999998
-0.0008332499999999996
-0.0007472500000000007
-0.0011252499999999995
-0.00246675
0.00425825
0.0003427500000000001
0.0015897500000000007
-0.00458625
0.0012002500000000001
0.00020525000000000008
0.0015297499999999996
0.00500425
0.0026607499999999995
-0.0027317499999999994
-0.0005782500000000003
0.0006832500000000003
-0.0015632499999999995
-0.0067757500000000005
-0.0049187499999999995
-0.0010742500000000001
-0.0008757500000000002
-0.00025925000000000015
-0.0018162500000000006
-0.0003717500000000007
3.250000000000336e-06
-0.0013822500000000002
0.0031697500000000003
-0.0010142500000000004
0.0058997500000000005
0.0022382500000000007
0.0012227499999999999
2.5749999999999938e-05
0.0029582499999999995
-0.00237175
0.0007427500000000004
0.0006567499999999996
-0.0031282500000000004
-0.003218749999999999
-0.0017337499999999994
-0.0005332500000000001
-0.0027387500000000003
0.0014272500000000008
-0.00096575
-0.0007452500000000004
-0.00454175
0.0012547500000000002
-0.0021917499999999997
-0.00022975000000000024
-0.00032524999999999964
-0.0018332500000000005
-0.005523750000000001
-0.0013697499999999997
0.0027152499999999998
0.00121475
-0.0016232499999999997
-0.0018597499999999996
-0.0001902499999999998
0.0020932499999999996
-0.00254525
0.0005777500000000004
-0.0054522500000000005
0.00206225
-0.0005892500000000001
-0.0029357500000000004
0.0008877499999999998
-0.00010074999999999987
0.00144525
0.0003512499999999992
0.00257825
0.0027637499999999997
-0.00192625
-0.0006347500000000003
0.0007807500000000001
-0.0008007499999999998
0.0030652500000000003
0.0029047499999999998
0.00020574999999999982
-0.0018117500000000009
-0.0003292499999999997
0.00015025000000000067
0.00266575
-0.0023512500000000005
0.0006202500000000002
-0.0009752500000000003
-0.0005217499999999998
0.00170775
0.0011302500000000004
-0.00371625
0.0005287499999999999
0.00260525
0.0013492499999999993
0.0012087500000000004
0.0021877499999999996
2.749999999999697e-06
0.0011167499999999995
-0.0018347499999999998
0.0053977500000000015
-0.00163275
0.0014872499999999999
-0.00027225
-0.00110825
6.175000000000028e-05
0.00247775
0.0006432499999999999
-0.0003682499999999993
-0.0008752499999999997
-0.0013167499999999996
-0.00017375000000000084
0.0014662500000000005
0.0024907500000000003
-0.00597225
-0.00448825
0.0012612500000000002
0.002237749999999999
-0.00411975
-0.0016392499999999996
-0.0032667499999999993
-0.0036862500000000003
0.0003192500000000001
-0.0005137500000000002
-0.0021737500000000008
6.125000000000061e-05
0.00405275
0.00594325
-0.0011762499999999993
-0.0015587499999999998
0.00113725
0.0007037500000000002
0.0037612500000000003
0.00282525
-0.0010302499999999997
-0.0028492500000000002
0.00279725
-0.0010042500000000002
-0.0020752500000000003
0.00012025000000000014
-0.000978750000000001
-0.00201325
-0.003676749999999999
-0.0023302500000000003
0.00401425
0.0020937499999999997
-0.0017527500000000002
0.00020175000000000054
-9.074999999999973e-05
0.0009832500000000008
-0.0017287499999999998
-0.0007937500000000006
-0.0009577499999999994
0.00103575
0.0010317500000000005
-0.0013682500000000003
-0.0002552500000000002
0.00020724999999999994
-0.003679749999999999
-0.00283775
0.0028682499999999993
0.00038474999999999984
-0.00018125000000000001
0.0007932499999999998
0.0015682499999999995
0.00258925
-0.00222475
0.0019512499999999999
0.00371175
0.00224925
-0.0010527499999999999
-0.0005627500000000001
0.0012487499999999999
0.0009542499999999996
0.0010142500000000004
-0.0037022500000000002
-0.0011217499999999997
0.0010617500000000004
-0.0038582499999999997
0.0035047500000000005
-0.0006612500000000002
-0.005172250000000001
0.0045667500000000005
-0.0032347499999999998
0.0033962499999999995
-0.0003267500000000002
-0.0003792499999999997
0.00437925
-0.0019227500000000002
-0.00017575000000000015
-0.0017757499999999993
0.001512750000000001
-0.00020725000000000048
-0.0013432499999999998
-0.0007382499999999998
0.0015082500000000005
0.0033957500000000003
0.00069825
0.0007937500000000003
0.00230475
-0.003664750000000001
0.0017172499999999998
-0.00332125
0.0010632499999999997
-0.0017487500000000005
0.0002497500000000002
-0.0008887499999999998
0.0013422500000000001
0.004074250000000001
0.0012782499999999999
-0.00179025
-0.00140975
0.00015624999999999973
0.0008142499999999997
0.0002872500000000001
0.00016874999999999917
0.0012777500000000002
0.00115425
-0.0005087499999999999
0.00027725
-0.0009707500000000009
-0.00211075
-0.00422825
-0.00107875
0.0002737500000000001
0.0012887500000000008
0.00146125
0.0007122500000000008
0.0018882499999999997
0.0001707499999999998
-0.00295675
-0.00212225
-0.0005882500000000001
0.00023125000000000055
0.00244075
-0.0007057499999999995
0.0013372500000000001
0.00041725000000000074
-0.0024732500000000006
-0.004653250000000001
0.0034787500000000005
0.0030257500000000002
-0.0006217499999999998
-0.0033822500000000007
-0.0010587499999999998
0.0033232500000000002
0.0022147499999999997
-0.00279625
8.249999999999994e-06
0.0030232499999999995
0.0011077500000000002
-0.0018277500000000002
0.0025047500000000005
0.0002622499999999999
0.00013625000000000136
-0.0030932499999999996
-0.00010174999999999983
0.0005742499999999997
0.00223675
0.0017837499999999997
0.0008712500000000001
-5.1750000000000126e-05
-0.0013262500000000002
0.0020132500000000003
-0.00074025
-0.00041674999999999975
-0.00074325
0.00141525
0.001972249999999999
0.001680249999999999
0.0005857499999999999
-0.0026042500000000002
-0.0005207499999999995
-0.00368675
-0.0016742499999999995
0.0033577500000000005
-0.00358325
0.0013797499999999997
-0.00207875
-0.00380775
0.00140025
0.001408250000000001
0.0015772499999999997
0.0008667499999999998
-0.0009172499999999998
-0.003752250000000001
0.002465250000000001
0.00035624999999999996
-0.0017377500000000001
0.0001472499999999999
-0.0013147500000000006
-0.0021592499999999997
0.0014962500000000002
-0.0024632499999999997
0.00222775
0.0013512500000000005
-0.00253025
-0.0036687500000000006
0.00334075
-0.0008377500000000004
-0.0006952500000000006
-0.00027675000000000047
-0.0009502499999999998
0.0039942499999999995
0.0010277499999999998
0.0015202500000000001
-0.0019007499999999994
0.0020662500000000004
0.0018212500000000004
0.0017212499999999997
0.0006457499999999994
0.00011624999999999968
6.625000000000007e-05
0.0013367499999999994
0.0016737499999999999
0.0020037499999999995
0.0012412500000000002
0.00018625000000000016
-0.0019237499999999997
-0.00015975000000000017
0.00120525
-0.00291875
0.0021337500000000002
-0.003615250000000001
-0.002530750000000001
0.002533750000000001
-0.00331525
-0.00024425
-0.0010322499999999995
0.0010877500000000002
-0.00350425
0.0016702500000000003
-0.0008322499999999993
-0.0024472499999999998
0.0021902500000000004
0.0005882499999999999
0.0017097500000000003
0.001827749999999999
-0.0007807500000000003
-0.0010752499999999996
0.001619250000000001
0.00419625
-0.0030487500000000002
-0.0013337500000000003
-0.005110249999999999
-0.0020792500000000004
-0.0015102499999999999
0.0018982500000000004
-0.0013997500000000002
5.8250000000000244e-05
0.0005632499999999988
0.0005237500000000005
-0.0013222499999999992
-0.0005292499999999994
-0.0013842499999999998
-0.003032249999999999
0.00112925
0.00024775000000000025
0.005960749999999999
0.0017847499999999999
0.003176249999999999
0.0002707500000000003
-0.00063175
0.00296125
-0.00198725
-0.0006627500000000005
-0.00030875000000000054
-0.0009952499999999996
-0.00368425
0.0019362499999999998
1.249999999999446e-06
-0.002023750000000001
-0.00125875
0.0007077500000000004
-0.0005977500000000005
-0.0045797500000000005
0.0034167500000000005
0.00042425000000000004
0.0016472500000000003
-0.0025532499999999995
-0.0005107500000000009
-0.0019432500000000005
0.0030802500000000005
-0.0027222500000000007
0.00016324999999999895
-0.00124425
-0.00337325
0.0030772499999999993
0.0006242500000000002
0.0010397500000000003
0.0009092499999999999
-0.0004357500000000006
-0.005088250000000001
-2.774999999999958e-05
0.00229825
-0.0012347500000000004
0.00023425000000000044
-0.003655750000000001
0.00156225
-0.0014442500000000002
-0.003906250000000001
-0.00054975
0.0032397499999999996
0.00138625
-0.0005797499999999996
0.00446525
-0.0011597499999999998
-0.00370375
-0.0008807499999999999
0.0008052500000000008
0.0022942500000000003
0.0026992500000000003
-0.00122325
0.00122375
-0.00016825000000000021
0.0014922499999999997
0.00623675
0.0024217500000000003
-6.524999999999989e-05
-0.0006972499999999995
0.0021637500000000003
0.0011077499999999998
8.074999999999958e-05
-0.0010902500000000007
0.0012947500000000003
-0.0008157500000000001
-0.00373325
-0.0029322499999999995
0.0033087499999999996
0.00230425
0.0028902499999999996
0.0006697500000000003
0.0007077500000000006
0.0018992500000000003
-0.0024532499999999997
-0.0008597500000000003
0.00588275
0.0006377500000000004
-0.00343975
-0.0005832500000000005
-0.00040125000000000024
0.00234375
0.0030487500000000002
-0.005048750000000001
-0.0006687499999999999
-0.0007397499999999998
-0.0019797500000000006
0.0005802500000000003
0.0016627499999999989
0.0026332499999999993
0.0016392499999999999
0.0022492500000000004
0.00015075000000000038
-0.004185250000000001
0.00036825000000000025
0.0009112500000000005
0.0007292500000000003
0.00286525
-0.0014022500000000005
0.00236975
-0.0019852499999999996
0.0017597499999999996
0.0037572499999999997
-0.0033292499999999993
0.00014575000000000018
0.0031452500000000005
-0.0013097499999999995
0.0007902499999999998
-0.0006157500000000001
0.0006572500000000001
0.004829750000000001
0.00203825
-0.00372225
-0.00412575
0.0022497500000000004
-0.0008432499999999998
0.00203725
0.0009282499999999996
-0.00431525
0.0011367500000000002
0.0021682500000000005
-0.00224925
0.0008692499999999995
-0.0017037500000000002
-0.0006217500000000001
0.0026432500000000015
-0.00311575
0.0009012500000000001
-0.0005882500000000001
-0.00256475
-0.0010477500000000007
0.00208225
-0.0015537499999999998
-0.0006172499999999997
-0.00027325
0.0022827500000000005
-0.00537975
0.0009417500000000007
0.00174075
0.0005012500000000001
0.0013527500000000007
0.0010097500000000004
0.003131750000000001
-0.0010252500000000006
0.0022072500000000004
0.0007397500000000005
0.0001037500000000001
0.00260825
-0.0027762500000000005
-0.0026687499999999997
-0.00018624999999999995
-0.0034997500000000003
-0.004401749999999999
-0.00393575
0.0016392500000000005
-0.0006642499999999998
0.00104675
-0.00107375
-0.0026107500000000002
0.0024192500000000004
0.0011572499999999999
0.00026374999999999955
-0.0007792500000000006
-0.002105750000000001
0.0012622500000000012
0.00373775
-0.00045524999999999955
-0.00270425
0.0009097499999999995
0.0019712500000000003
0.0021457500000000005
-0.0013492500000000002
-0.00429675
-0.0021362500000000006
-0.0025842499999999997
2.524999999999937e-05
0.005886250000000001
0.0013132499999999997
0.0003357500000000002
0.00495425
-0.0008902500000000001
0.0015287500000000002
-0.00192825
-0.00178925
-0.0029032500000000004
-0.0023527499999999994
0.0013337500000000003
-0.004282749999999999
0.0019222499999999997
0.00023524999999999976
-0.003252750000000001
0.0039052499999999994
0.0020617499999999998
0.00272425
0.0023402500000000007
0.0006257500000000002
0.0015272500000000002
0.0022422500000000008
0.00127075
0.0005077500000000002
-0.00437575
-0.0016537500000000005
-0.0006247500000000004
0.00213725
0.0005857499999999998
0.00243975
0.00465825
0.0008762500000000001
0.0015142499999999995
-0.00445025
0.0011252500000000006
-0.0009237499999999997
-0.0019167499999999996
-0.0014712499999999995
-0.0033227499999999997
0.0026007499999999993
-0.0009682499999999995
-0.00205375
0.00128175
0.0017607500000000006
0.0033547499999999997
0.0018512500000000007
-0.005263749999999999
-0.0015017500000000005
0.00315825
-0.00164725
-0.0011737499999999997
0.004071750000000001
0.0005137500000000001
0.0018187499999999998
0.002896250000000001
0.0013172500000000003
-0.0008437500000000001
0.00027625000000000013
-0.0017077500000000003
-0.0024837500000000003
0.00038974999999999996
0.0009147499999999994
-0.00797475
0.0028257499999999997
-0.0034212500000000002
-0.0009547500000000008
0.0008577499999999994
0.00327825
0.000261750000000001
0.00019824999999999967
-0.0036102500000000006
0.0010637500000000005
-0.00372575
-0.00176525
0.00199275
0.0011422500000000003
0.0035367499999999995
-0.0005332500000000004
0.0015462500000000007
-0.0014367500000000003
0.00082825
-0.0015042500000000004
-0.0028712499999999997
-0.0005652500000000004
-0.00251875
-0.0017027500000000007
0.002920750000000001
-0.0029082499999999994
-0.00038324999999999996
-0.0005487500000000001
-0.0006882499999999997
-0.00105125
-0.0009157499999999999
0.0008562500000000003
0.0006737499999999997
0.00036424999999999945
0.00198325
0.0008587500000000004
0.003901750000000001
-0.005070250000000001
-0.003098750000000001
0.0005472499999999997
0.00552175
0.00022375000000000034
-0.00335875
-0.00218625
-0.00379925
-0.00173025
-0.0004032500000000003
-0.0015607499999999996
-0.0034312499999999994
0.0022522500000000003
-0.00075375
-0.0003367499999999999
-0.0010012500000000004
0.00375475
0.00041275000000000036
0.00190975
0.0018947499999999995
-0.0003607500000000005
-0.0020307499999999996
0.00307575
0.0012857500000000002
0.0038537499999999995
-0.00030975
0.00234425
-0.0003347499999999999
0.00035724999999999977
0.0002627499999999991
0.0005997499999999994
0.0005757500000000002
0.00307375
0.0007002500000000006
-0.0028227500000000006
-0.0014452500000000001
-0.0011172499999999995
-0.00033975000000000005
-0.00258625
0.0021342500000000003
0.00074775
-0.002773250000000001
-0.00381875
0.0003162500000000004
-0.00127975
0.0032512500000000007
0.0006197500000000001
0.0015502499999999998
-0.00490025
0.0003022499999999995
0.0018537500000000001
-0.0009857499999999999
-0.00235625
0.00048675000000000085
-0.0009142499999999997
-0.00031175000000000007
-0.00214525
0.0014732499999999995
-0.00175375
0.0014232499999999998
-0.0015022500000000005
-0.00184675
-0.0009142499999999994
0.0015852500000000003
0.0028502500000000004
-6.875000000000006e-05
0.00436675
-0.00059175
0.00022425000000000027
0.00125525
-0.0010897500000000007
0.0006057500000000001
-0.0023512500000000005
0.004734749999999999
0.002220749999999999
-0.0035362499999999995
-0.0004317499999999998
-0.0019567500000000006
-0.00420575
0.00131025
-0.0009467500000000003
0.00349575
-0.0006472500000000001
-6.024999999999961e-05
0.00363475
-0.00019574999999999966
-0.00219225
-0.00232525
0.00494425
0.00125675
-0.00201725
-0.0009567499999999996
-0.0003942500000000002
-0.0005747499999999994
0.0005567500000000003
-0.00248275
-0.001969749999999999
-0.00222825
0.0005667499999999999
-0.00093225
0.00117625
0.0033157499999999997
-0.0016012499999999996
-0.0003982500000000007
-0.0015962500000000004
-0.005063249999999999
-0.0026677500000000004
0.00544325
0.0010357500000000002
0.0025082499999999996
-0.00414575
-0.003851249999999999
-0.0036457499999999997
-0.003982249999999998
-0.0004187500000000004
-0.0037052499999999993
0.00099075
0.00530825
0.0004562500000000001
0.00264675
0.0008832499999999995
-0.00082875
0.00275725
-0.00223725
-0.00189425
0.0005557500000000003
0.0008777500000000004
0.0069907500000000004
-0.0011932499999999999
-0.00230575
-0.005476749999999999
-0.00430775
0.00218675
-0.0009957499999999999
0.0037597500000000005
-0.0010827500000000002
-0.0014332499999999998
0.00202625
-0.004104749999999999
0.0032927499999999997
0.00369675
0.0010192500000000002
0.00040924999999999973
-0.00445825
0.0019767499999999998
-0.00112375
-0.00551475
-0.0027292500000000008
0.0016427499999999997
0.00100325
-0.002287750000000001
-0.0007307500000000001
0.0019132500000000002
-0.00515575
-0.00029125
0.00137475
-3.82500000000003e-05
-0.0011647500000000006
-0.00336725
0.0038892500000000008
0.0010257499999999998
-0.0003817500000000004
0.0033762500000000008
9.274999999999935e-05
-0.0008607499999999995
-0.0006657499999999997
0.0010022499999999995
-0.00488875
-0.0001137500000000001
0.00049225
-0.00341275
-0.0005177499999999995
-0.0037462500000000004
-0.0001837499999999998
0.0031257500000000005
0.0006502499999999999
-0.0015617500000000006
0.0001797500000000002
-0.00101325
0.0021567500000000002
-0.0036067499999999997
0.0025632500000000004
-0.00190175
-0.004167250000000001
-0.00361875
-0.0005502500000000002
0.0007317499999999997
0.0004962499999999998
0.0008472499999999998
0.0037077499999999997
-0.0011307499999999996
0.00097625
-0.0026622500000000006
-0.004471250000000001
-0.0005132500000000001
0.00029874999999999986
-0.00281825
0.0015047499999999998
-0.00316725
0.00216525
-0.0012652499999999997
0.00552175
0.003071250000000001
-0.00261125
-0.002297750000000001
0.0006267499999999998
0.0008952500000000002
0.00402275
-0.0012742500000000002
0.0018147499999999995
-0.00034075000000000056
-0.00189425
0.0021442500000000003
-0.0011917499999999992
-0.0010692499999999995
-0.00314125
0.0013287500000000003
-0.0027162500000000008
-6.124999999999978e-05
-0.0014487499999999995
-0.0007277500000000001
-0.0003037499999999999
0.00321125
0.0015547499999999995
-0.0001137500000000001
0.0003067499999999995
-0.00036874999999999994
0.0021607500000000003
-0.00653375
0.00446175
0.0015902499999999996
0.0037097500000000004
9.974999999999957e-05
-0.0005982499999999997
-0.0005037499999999997
-0.00102725
-0.001174749999999999
0.00138825
-0.0031012499999999994
-0.00021175
0.0005102500000000004
-7.274999999999976e-05
-0.0037037500000000004
-0.00032774999999999997
0.00045724999999999987
-0.0026387499999999996
-0.00013825000000000003
0.00047024999999999996
-0.00221875
0.0009427500000000001
-0.00424625
0.0009797499999999997
0.0008417500000000006
0.0005952500000000005
0.0005292500000000003
0.00371325
0.001680250000000001
0.00439275
-0.0018582499999999997
-0.00215425
-0.00013325000000000045
0.0004152500000000005
0.0017012499999999996
-0.00362325
0.0006052500000000004
-0.0007132499999999996
0.00444975
0.00045524999999999955
0.0018317500000000003
0.0008942500000000001
-0.0008717499999999997
-0.00159975
-9.249999999999813e-06
-0.0011397499999999997
-0.0018262499999999997
0.00191575
0.00624075
-0.0022217499999999998
-0.00388175
-0.0013702499999999995
-0.0014877500000000004
-0.0009822499999999996
0.0003942500000000002
-0.0030367500000000004
0.0001442500000000002
0.0028497500000000007
-0.0015172500000000004
0.0030327500000000003
-0.00238175
-0.00450925
0.0007322499999999999
0.00058775
0.0015902500000000003
0.0014472499999999998
9.075000000000028e-05
-0.0026987499999999985
0.0019462499999999998
-0.0009512500000000001
0.00369375
-0.0009392500000000004
-0.00201475
-0.00460275
0.00080625
-0.0032272500000000005
0.0010892500000000002
0.0023912500000000006
0.0018607500000000004
-0.002683750000000001
-0.00704375
0.00542775
-0.0005007499999999996
9.824999999999994e-05
-0.0037622500000000004
-0.0016887500000000001
-0.0037277499999999997
0.0024927499999999997
0.0030857500000000004
-0.004661250000000001
4.175000000000005e-05
-0.00238725
-0.0005147500000000005
-0.00201475
0.0027932499999999993
-0.00057425
-0.00486025
0.0026922499999999993
-0.00094525
-0.004110249999999999
0.0021862500000000007
0.0009547499999999994
0.0008517500000000002
-0.0013437500000000003
0.003920249999999999
0.0029032499999999996
0.0014227500000000006
-0.00264125
0.0013277500000000006
-0.0034982499999999996
0.0012027500000000003
-0.00228325
-0.0023412500000000004
-0.0009597499999999998
-0.00277475
-0.00404575
0.00516625
0.0031742500000000013
9.575000000000111e-05
-0.0010122500000000001
-0.0005912500000000008
0.000944749999999999
0.00140125
-0.00106125
-0.00250225
0.0008057499999999991
-2.6750000000000176e-05
0.0002172500000000002
-0.0006307500000000005
0.0007842500000000001
-0.0027302499999999996
0.00231825
-0.0007667500000000002
0.0037512499999999994
-0.00120575
0.007906249999999998
-0.00093725
0.0005112500000000006
-0.0007787500000000007
0.0028922500000000003
-0.0026632500000000003
-0.004235249999999999
0.0009772500000000003
0.0012002499999999997
-0.00428225
0.00393875
-0.00308025
0.00465475
-0.00309875
-0.0017922499999999991
0.0014457500000000006
-0.00087925
0.0022092500000000003
-0.0029622499999999996
0.0033952500000000007
0.0008377500000000003
-0.0022312499999999997
0.0028552499999999993
-0.00313475
-0.0012777499999999998
-0.00111325
-0.0035282499999999993
-0.0005922500000000003
0.00254625
-0.00129075
-0.00701975
-0.0005547499999999991
-0.0010532500000000004
0.00335275
-0.0003507500000000002
0.0034182500000000003
0.0007317500000000002
0.003380249999999999
-0.0029407500000000002
-0.0013137499999999996
-0.005218749999999999
0.0005242499999999998
-0.0007742500000000001
-0.0024207499999999997
-0.0009127499999999998
9.224999999999941e-05
-0.0023467500000000003
0.0004057499999999997
0.00333475
0.00313025
-0.0006857500000000008
-0.00204125
-0.0002577500000000005
-0.0017772499999999998
-0.0008502499999999997
0.0017137500000000006
0.00197125
-0.0023747500000000006
0.0015942499999999995
-0.00094225
-0.0010467500000000006
-0.0029982499999999996
-0.0025242499999999996
3.924999999999984e-05
-0.0014387499999999997
0.00015475000000000016
0.0015257500000000002
-0.0008687499999999995
-0.0030957500000000004
-0.0018562499999999996
0.0029917499999999996
1.3749999999999873e-05
-0.00050775
-0.00037575000000000027
0.0006067499999999998
0.0023482500000000005
0.00386125
0.00230325
-0.0029397499999999997
0.0016607499999999997
0.0029327500000000005
0.00240175
0.0005362499999999995
0.001220250000000001
0.00261575
0.0009812499999999995
0.0017822499999999991
-0.00011975
-0.0008412500000000002
-0.00293925
0.004427749999999999
0.00375475
0.0035382500000000006
-0.0021932500000000003
-0.00398375
0.0033777500000000005
0.0012732499999999999
0.0018667500000000004
-0.00020974999999999995
-0.00040124999999999964
-0.008458249999999999
0.0020792500000000004
0.0023672499999999996
0.0005977500000000005
0.00243675
-0.0014092500000000001
0.0022562499999999996
0.0003522500000000008
0.00392525
0.005333750000000001
0.0018312500000000004
0.00271675
-0.0012082500000000001
-0.00322425
0.00443975
0.0023427499999999993
0.00438575
-0.0013312500000000004
0.00267675
0.00206125
0.00533225
0.00188225
-0.002886750000000001
-0.0018082500000000004
-0.0019637500000000002
0.0005322500000000002
0.0008857500000000005
-0.0033782499999999993
0.00019524999999999987
-0.0023792499999999994
0.001918749999999999
-0.0028107499999999994
0.0011417499999999995
-0.0015627499999999995
-0.0066872500000000005
0.00286325
0.00261225
-0.0008107500000000004
0.0015507499999999998
-0.00039725000000000025
0.00203275
0.002376249999999999
0.0045527499999999995
-0.0012782500000000003
0.0006862499999999997
0.00155975
0.0013732499999999997
-0.00206325
-0.0015297500000000007
0.0016772500000000008
0.0012682499999999996
-0.0011407500000000003
-0.002642250000000001
0.0036272500000000007
-0.00641375
-0.0012452500000000005
0.0009322500000000006
0.007401250000000001
0.0019352500000000003
-0.00011124999999999982
-0.0002642499999999996
-0.0005882499999999994
-0.00080675
0.003126250000000001
-0.00110875
-4.2499999999995316e-06
-0.0037417499999999994
-0.00499125
-0.00033624999999999947
-0.0019507499999999998
0.00242575
-0.0007722500000000005
0.0020252499999999997
0.00010724999999999984
-0.0005227500000000003
-0.0024282500000000003
0.0006177499999999999
0.0016267499999999993
3.375000000000045e-05
0.0010822499999999997
0.00347625
-0.0010707499999999997
0.00448225
0.0020062499999999994
0.0002082499999999997
0.0020307500000000004
-0.0029327499999999996
0.0011922500000000002
0.0020852500000000003
0.0033462500000000003
-0.00012374999999999962
0.0003607500000000005
0.0006632499999999998
-0.0006302500000000003
-0.00112325
0.0010177499999999996
0.0044547499999999995
-0.0006567499999999998
-0.0037967499999999998
0.00521925
-0.00026225000000000066
-0.00440325
-0.0035127500000000002
-0.00029174999999999953
0.00246075
-0.00248225
0.0006712500000000002
-0.00047924999999999953
0.0002637500000000001
-0.00216625
0.00539625
0.0014737499999999998
0.0007422499999999995
-0.0013997500000000002
-0.0005717499999999995
-0.0022242499999999997
-0.0010422500000000004
-0.0014827500000000006
0.0014312499999999998
8.374999999999994e-05
-0.00131125
-0.00042024999999999994
0.0014637500000000004
0.00212475
0.00105375
-0.00167325
0.0019062499999999995
0.00032424999999999983
-0.00209725
0.0032827499999999996
-0.0023102499999999994
-0.0022322499999999994
-0.00037025000000000014
0.00163125
-0.0034517499999999995
-0.00131625
-0.0009292500000000004
-0.0002762499999999998
0.0006172500000000006
-0.00461625
-0.0016672499999999995
-0.00018124999999999988
0.0009777500000000003
-0.0007247500000000004
-0.003556750000000001
0.0023247500000000004
0.00173375
-0.0017397499999999993
0.00235975
-0.00101225
0.0026592500000000006
0.00410175
0.0010672500000000005
-2.824999999999994e-05
-0.00163725
-0.0033037500000000003
-0.00237375
0.0037932499999999997
0.0008212499999999997
-0.0022327500000000004
-0.0004747499999999993
0.0003722499999999998
0.0008107499999999995
0.0009882499999999998
-0.002840249999999999
0.00123275
-0.0013032500000000002
-0.00291775
0.00246625
-0.0016692500000000004
0.00242725
0.00184875
-0.0027837499999999993
-0.0009122499999999998
-0.0028317499999999996
-0.00013124999999999956
-0.002814249999999999
-0.0004137499999999994
-0.0010252499999999997
-0.00351375
-0.0013567499999999999
0.00216625
-0.00068275
0.00273725
0.0019112499999999995
0.0007887500000000002
-0.0024222500000000004
0.00020474999999999994
1.6249999999999877e-05
-0.0018522499999999997
-0.00405725
0.00711525
0.00049775
7.675000000000056e-05
-0.00263075
0.0036492499999999993
0.0001432499999999995
0.0006337499999999995
0.0048597499999999995
-0.0017807500000000002
0.0040437500000000005
-0.00464875
0.005769750000000001
-0.00017175000000000038
-0.00387275
-0.0009377500000000008
0.0040107499999999996
0.0002737500000000004
-0.0017802500000000001
0.0020562499999999995
0.0004032500000000002
0.00031225000000000003
-0.00604475
0.0026502499999999994
-0.0026917500000000006
-0.00163175
-0.00105125
-0.0026327499999999997
0.00235375
0.0034377499999999994
-0.0009537499999999997
0.005355250000000001
-0.00211675
-0.00031474999999999976
-0.0064287500000000004
0.0019647499999999995
0.00168475
0.002567750000000001
0.0005027499999999996
0.00242875
-0.0012767499999999995
0.0022967499999999997
0.0022002499999999995
0.0013652500000000001
0.0037137500000000013
-0.00046025000000000037
-0.0031212499999999995
0.0017027500000000007
4.374999999999934e-05
0.0031477500000000004
-0.0012652500000000003
0.00314675
0.0012257499999999998
-0.0003922500000000001
0.0007472500000000005
-0.002761749999999999
0.0017717500000000003
-0.00037374999999999935
-0.0020997499999999996
-0.0013237500000000003
-0.0003232500000000002
0.00446025
0.00482725
0.0010847499999999998
-0.0017747499999999996
-0.0003762500000000002
0.00114125
-0.0033382500000000005
-0.00198375
-0.0016562500000000002
0.0008842500000000006
-0.00486775
0.00266975
0.0007632499999999997
-0.0022567500000000005
0.0010887499999999997
-0.0009267499999999996
0.00013075000000000017
-0.005260750000000001
0.0020487500000000002
-0.005301750000000001
-0.0007187499999999993
0.00027925000000000004
-0.0022927499999999996
-0.00038024999999999984
-0.00110525
0.0020257499999999993
-0.00490275
-9.025000000000005e-05
0.0029037500000000005
0.0035347500000000006
0.00468075
-0.00249725
0.0013937500000000002
0.0018622500000000002
0.0005007499999999992
-5.225000000000035e-05
-0.00032174999999999966
-0.00554925
-0.0010452499999999997
0.0018532500000000007
0.0032872499999999994
-0.0008532500000000004
0.003350249999999999
-0.00028924999999999963
-0.00517775
0.0026072499999999998
0.00033775000000000016
0.0003922500000000005
-0.0016942500000000002
7.475000000000065e-05
0.004831750000000001
0.0014202499999999996
0.00553075
0.0004982500000000001
-0.00180425
-0.00017174999999999995
-0.00200525
0.005387249999999999
0.0017767499999999997
-0.0025107500000000004
-0.00257825
-0.0011077499999999996
-0.0030747500000000007
0.00432475
0.00245975
-0.00014924999999999967
0.0030852500000000003
0.00418625
0.002517250000000001
-0.0022297500000000004
-0.0009352500000000005
-0.0020122500000000006
-0.0010137500000000001
0.0013082500000000006
-0.0026177500000000003
-0.00219775
0.002915749999999999
-0.004003250000000001
0.00128425
0.0018952500000000004
-0.00259925
-0.0029022500000000003
-0.00164225
0.00410375
0.00200525
-0.0028862500000000004
-0.0007822499999999999
-0.0016452499999999998
-0.00201775
0.0037582499999999994
-0.0005142500000000003
0.00022775000000000003
-0.00292225
0.00537175
0.0005887499999999999
-0.005436249999999999
-0.0009397500000000009
-0.0020712499999999997
-0.0017592499999999995
0.0018522500000000008
-0.0002332500000000004
-0.0031857500000000006
0.0008677500000000005
-0.004392750000000001
-0.00369175
0.0023237500000000007
-0.0002842499999999998
-0.004041749999999999
0.00183225
-0.0009267500000000001
-0.00185925
-0.0001507500000000006
0.00409075
-0.00280125
-0.0026277500000000007
0.00308975
-0.0011097499999999996
0.0022702499999999997
0.00227275
-0.005111750000000001
0.0014352499999999997
-0.0024462499999999996
-0.00284275
-0.00027225000000000025
0.0005652499999999999
0.00124075
0.00015674999999999993
-0.00346675
0.00169025
-0.0019072500000000003
-0.0012942499999999996
-0.0016727500000000004
0.0020262499999999994
0.00314525
0.00065325
0.0013332499999999998
-0.00076675
-0.0019872499999999994
0.00319125
0.0021172499999999998
-0.00236925
7.37500000000009e-05
-0.0028417499999999997
-0.0011312500000000003
-0.0020647499999999997
0.0009032500000000002
0.0013327499999999997
-0.0020182500000000005
0.0006132499999999999
0.00145625
-0.0037117499999999998
0.0039717500000000005
-0.0019182500000000005
-0.00390425
-0.006679749999999999
0.0017987500000000004
-0.0005067499999999997
0.00667475
0.00202625
0.0008237499999999994
0.00016625000000000008
-0.00229025
0.0041192500000000005
-0.0020422500000000002
0.0002942500000000003
0.0022697499999999996
0.0011932500000000005
0.0012642500000000002
-0.00125475
-0.0016072500000000006
0.0016832500000000005
0.00297125
-0.00277575
0.0009797499999999997
0.00047624999999999946
-0.0007552500000000001
-0.00309725
0.0006307500000000002
0.0005912500000000006
0.0014332500000000003
-0.0009682499999999997
0.0031777499999999996
-0.0007697500000000001
0.005339750000000001
0.0039682499999999996
0.0009437499999999997
0.0018232500000000007
-0.00516225
0.0018752500000000006
4.625000000000046e-05
0.0006142500000000005
0.00274925
0.002594749999999999
-0.0038512500000000005
-0.0008137500000000003
0.0009512500000000001
-0.0011967499999999992
-0.00450675
-0.0024142499999999997
6.87500000000002e-05
-0.00013474999999999986
0.0008642499999999999
0.00100275
0.0029177500000000006
-0.00203425
0.0022602499999999997
-0.00576025
0.0027177500000000005
-0.0014147500000000002
0.0013407500000000006
-0.0005152500000000002
0.0020717500000000007
-0.0013302499999999994
-0.0053497499999999995
-0.0008882499999999997
-0.005574750000000001
-0.00390775
0.0034362500000000005
-0.00010124999999999974
-0.0016662499999999991
0.0013902500000000006
0.002658750000000001
0.00141675
-0.0009742499999999995
-0.0016752499999999992
0.00103275
0.0011162499999999994
-0.0006067499999999995
0.00529825
-0.00023524999999999962
0.0031977500000000005
0.00162425
0.0003287499999999999
0.0004852500000000005
0.0017872500000000002
-0.0021927500000000003
-0.00184425
-0.00122525
-0.0014962499999999998
-0.00011224999999999999
0.00340925
-0.00015574999999999986
-0.0004352500000000001
-0.0014197500000000002
0.00011975000000000013
0.00346975
0.0004502500000000005
0.00076875
-0.0004167499999999999
-0.0008482499999999999
0.00519025
-0.0017932500000000006
0.0005052500000000007
-0.00236775
0.005836750000000001
-0.0005572499999999997
-0.00039474999999999997
0.0003867499999999996
-0.0030637499999999996
-0.00016825000000000008
0.0023817500000000006
0.0013302499999999998
0.0018922499999999998
0.00205825
0.003539750000000001
0.0023997500000000004
-0.0002547499999999997
0.00274125
-0.0003857499999999995
0.0022527499999999995
0.00024375000000000064
-0.00102575
-0.0013677499999999998
0.0009687499999999993
0.0009227500000000003
-0.0024847499999999995
0.0018697499999999997
0.0017052499999999997
-0.0015227499999999996
-0.0006447499999999996
0.00119075
0.0008167500000000001
-0.0011272500000000002
-5.875000000000033e-05
-0.00172825
0.0035582500000000006
0.0021007499999999998
0.0018062499999999997
-0.0003832499999999997
0.0024992499999999997
0.0031167499999999997
-0.0006372499999999999
-0.00361825
-0.00286275
-0.0035507499999999997
0.006374250000000001
0.00459375
0.0021497499999999998
-0.00032975000000000034
-0.0007312499999999994
-0.0015832500000000002
-0.0006567500000000001
0.0031637500000000003
-0.00292675
-0.0001457499999999997
0.0017007499999999998
-0.0023052500000000004
0.0029072500000000005
0.001568750000000001
-0.005916749999999999
-0.00239625
0.0025407500000000005
-0.0006197499999999996
-0.005497249999999999
0.0015422500000000007
0.00023124999999999952
0.0007542500000000005
0.0007567499999999999
-0.0002617500000000003
0.00216325
0.0023662500000000003
0.0020082500000000005
-0.0021822499999999997
-1.5749999999999515e-05
0.0013672499999999995
-0.0024597500000000006
-0.00166325
0.003544750000000001
0.00046374999999999997
-0.0010992500000000006
0.0031467500000000002
-0.00591475
0.00213825
0.0022182499999999993
-4.1250000000000034e-05
0.00174925
-0.00238325
0.0017592500000000006
-0.00107725
0.0031567500000000003
0.0004942500000000003
0.00043225
-0.00139475
-0.00137975
-0.00353275
-0.0022667500000000005
0.00078375
0.00328325
-0.0018312500000000004
1.8750000000000293e-05
-0.0006832500000000003
0.0018832500000000004
-0.0016832499999999994
-0.0021337499999999994
-0.00063575
0.00401275
0.00217825
0.00414125
0.00017575000000000007
0.00115975
0.00023925000000000001
-5.0750000000000515e-05
0.0028347500000000005
0.0005192500000000004
0.0004622500000000007
0.00221125
-0.0015642499999999999
-0.00306225
0.0019142499999999995
0.0011607499999999999
0.00016525000000000011
-0.0026047500000000003
-8.624999999999994e-05
0.0012132499999999997
-0.0011387500000000002
0.003452749999999999
0.0018462499999999998
-0.0003472500000000006
-0.0002807499999999996
0.0016217499999999993
0.0003007500000000005
-0.00015524999999999955
0.00364225
0.0027942499999999994
0.0005457500000000004
0.0003257500000000002
0.00016825000000000008
0.00032174999999999955
0.0028147499999999995
-0.0014392500000000002
0.00047425000000000066
-0.0011462500000000001
0.0015297499999999992
0.0021562499999999993
0.00341725
0.0012617500000000003
0.00289375
0.0020027499999999998
0.0017672500000000002
0.00041575000000000027
-0.003945749999999999
-0.0018722500000000006
0.0027957499999999996
-0.0007432499999999998
-0.004505749999999999
0.001850250000000001
0.0023487500000000006
-0.0007132499999999995
-0.0014717500000000006
0.0022437500000000005
0.004742250000000001
-0.0011617500000000005
0.00297075
-0.0004957499999999996
-0.00071625
0.0035767499999999996
0.0027772499999999993
0.00069475
-0.0011147499999999994
0.003243750000000001
0.0010712500000000002
0.0013972499999999996
6.475000000000008e-05
-0.0005937499999999999
-0.00206025
-0.0024442500000000007
0.00126575
-0.00209725
-0.0031412500000000004
9.825e-05
-0.0002057500000000001
-0.00374825
-0.0013167499999999998
-0.0006072499999999997
-0.0013257499999999995
-0.0021292499999999996
0.00210825
-0.00444825
-0.0027647500000000003
0.0010817500000000002
-0.0006917500000000001
0.0018597499999999996
8.774999999999977e-05
0.00109425
0.0019927500000000006
0.0019202500000000003
-0.00323775
0.00200975
0.0005377500000000001
0.0027322500000000003
-7.2500000000008666e-06
0.00487525
-0.0007462499999999998
-0.0051772499999999996
-7.67500000000003e-05
-0.0014912499999999995
-0.00225225
-0.0011827499999999993
-0.0012497499999999998
-0.00016824999999999978
-0.00025925000000000053
-0.00320425
0.00359225
0.0036882499999999997
-0.001218749999999999
-0.00062825
0.0006557500000000002
-0.0006707500000000008
-0.00311875
-0.0037897499999999997
0.00088475
0.0009247500000000001
0.00393925
-0.00249575
-0.0017012500000000003
-0.00365475
-0.0006907499999999991
0.0030182500000000005
-0.00059675
-0.0002127499999999998
-0.00316475
0.00242625
0.0052432500000000005
-0.0003952500000000003
-0.0014357500000000002
-0.0018717500000000004
0.00302375
-0.0007642499999999995
-0.0025757500000000003
-0.00409375
0.0009562500000000006
0.0023632500000000003
0.002072750000000001
-0.0014052500000000005
-0.0004712500000000004
0.0040967500000000006
-0.0009397499999999996
0.0008387499999999993
-0.0005772500000000001
-0.0008757500000000002
-0.0018997499999999995
-0.00392275
-0.004864750000000001
-0.0006942500000000003
0.0016687499999999994
0.0019132500000000005
-0.0021652499999999996
0.0017607499999999997
8.825000000000021e-05
-0.0003782500000000003
-0.0006802499999999999
-0.0011617499999999998
0.00047375000000000054
-0.0028102500000000002
0.0003017499999999995
-0.0008082500000000004
0.00399175
-0.00423025
-0.001884249999999999
0.00026024999999999936
-0.0008657500000000001
-0.002020749999999999
-0.0023012499999999995
0.004062250000000001
-0.00233825
-0.00116275
-0.00220825
-0.00146125
0.0002907499999999995
-0.0014817500000000009
-0.0006337500000000003
-0.001524750000000001
-0.00321125
0.0003872500000000001
0.00403475
-0.00319125
-0.00301625
0.00020424999999999957
-0.0013177499999999997
-0.0024067500000000005
0.0003082500000000003
-7.974999999999954e-05
0.00014625000000000046
-0.00504075
-0.002244250000000001
-0.0005992499999999992
0.0008447499999999999
-0.0011642500000000001
0.0005632500000000004
0.0021017499999999995
-0.0023862500000000003
0.0005792499999999995
0.0006127499999999998
0.00235075
-0.0032117500000000006
0.00124975
0.0038447500000000005
0.0017262499999999995
-0.00010624999999999953
-0.00230175
0.0004057499999999994
0.0002612500000000001
0.0014287500000000008
0.00047075000000000036
-0.00309975
-0.0026302499999999993
-0.0011412499999999997
0.00257075
0.0010922500000000001
0.00297775
-0.00025724999999999945
-0.0001632500000000002
0.0027132500000000004
-0.0021667499999999994
-0.00175275
-0.0029737499999999994
0.0008632500000000005
-0.00486275
0.00299025
0.0007762499999999996
0.0022092499999999994
0.00241225
-0.00166825
-0.0007037500000000004
0.00195275
-0.0012357499999999999
0.00855125
-0.0034192500000000004
-0.0001622499999999999
0.0009102500000000003
0.00143725
-0.0029232500000000005
0.00089725
-0.0027592500000000004
-0.00240075
-0.0007467499999999996
0.00255575
-0.0018897499999999997
-0.0023567500000000003
-0.0006582500000000001
-0.0011017499999999992
-0.00418725
-0.00423575
0.0007537500000000003
-0.0026697500000000007
0.00017925000000000037
-0.00291875
0.0009897499999999993
-0.0010007500000000001
0.0008077499999999993
0.0013072500000000007
0.0010847499999999998
0.004562750000000001
-0.0021697500000000002
-6.125000000000019e-05
-0.00250075
-0.00025025000000000074
0.0006467499999999995
0.0026882499999999997
-0.0010837500000000003
3.3750000000000305e-05
0.0011807500000000004
0.0009102499999999999
0.0026387499999999996
-0.00130075
-0.0002997499999999994
-0.005525749999999999
-0.0009002499999999996
0.00250675
-0.0016542500000000001
0.0026427500000000006
-0.0016992500000000007
-0.00072325
-0.00031624999999999985
-2.9750000000000056e-05
-0.0002737500000000002
-0.00169375
-0.004578250000000001
-0.00149775
0.0020567500000000004
-0.00108225
-0.00387575
0.0046447500000000004
-0.0023977499999999997
0.00548025
-0.00308525
-0.0020097500000000003
-0.0031152500000000004
0.0023012499999999995
0.00021224999999999944
-0.0008472500000000005
0.0016757499999999995
-8.749999999999591e-06
-0.00071875
0.004063250000000001
0.00200175
-0.0006537499999999999
0.0007847499999999999
-0.0005907500000000005
-0.0025007499999999995
-0.0025832500000000005
-0.00535775
0.0013952499999999994
0.00019724999999999964
-0.00080075
0.0010237500000000001
-0.0018612499999999998
-0.00047424999999999995
0.0002562499999999998
0.004281750000000002
0.00020375000000000032
0.00201675
0.0020237499999999995
-0.0005377499999999996
0.00136325
0.00236775
-0.0011737499999999994
-0.0011077500000000002
-0.00390625
-0.0006012499999999998
-0.0005107499999999995
-0.0004002500000000003
0.0009512500000000003
0.0039162500000000005
-0.00155325
-0.0005517499999999995
-0.0035662499999999995
0.0028082499999999995
0.00030725000000000056
-0.0015802500000000003
-0.0028477499999999987
0.0005937500000000001
5.574999999999934e-05
-0.001994749999999999
-1.9749999999999213e-05
0.00495575
0.0004137500000000001
0.0019332500000000003
0.0020657499999999994
0.0007062499999999994
0.00525525
-0.00212175
-0.00524725
-0.0001282500000000006
-0.0012522499999999997
-0.00241025
-0.003364250000000001
-0.00161775
0.0025117500000000005
0.00035925000000000025
7.175000000000014e-05
0.00267525
-0.0011597499999999998
-0.0042467500000000005
0.0005332499999999995
0.007816749999999999
0.0030282500000000014
0.0013557499999999995
-0.003010749999999999
-0.0019002500000000002
-0.00036124999999999954
5.249999999999977e-06
0.0027472500000000006
-0.00519125
-0.00309975
0.0035912500000000003
-0.001573749999999999
-0.0009447500000000001
0.0021662499999999998
0.00235925
-0.006551250000000001
-0.0007142499999999999
0.00544775
-0.00298875
0.00021475000000000007
0.0006257499999999997
-0.0003192499999999993
0.0009582499999999997
0.00208875
-0.00070975
-0.00039425000000000045
0.0037692499999999996
0.0002362499999999998
0.0020172499999999995
0.0006147499999999997
-0.0002582500000000006
0.0012272499999999992
-0.0015407499999999996
-0.0049432500000000015
0.0006192500000000003
-0.005181250000000001
-0.00224875
-0.0028032500000000006
-0.0012572499999999997
0.0011787500000000003
0.0006742500000000002
0.00021024999999999974
0.00479925
0.00125975
0.00174975
0.00282775
0.0038712500000000006
-0.00010175000000000045
0.0035842500000000006
-0.0013117499999999998
-0.00179375
-0.00192575
0.00362225
-0.0007537499999999999
0.0008037499999999996
0.0025332499999999995
-0.0008582499999999993
-0.00138625
0.0029242500000000006
0.0007842499999999997
-0.0007602500000000001
-0.0013927499999999999
-0.00278875
-0.0020647499999999997
0.00039525000000000004
-0.00247875
0.00110925
0.00023875000000000063
0.00325075
0.0003822500000000004
0.0020457500000000003
-0.0002007499999999994
0.0029737499999999994
0.0008672499999999994
0.0020697500000000004
0.00206825
-0.00245325
0.0034007500000000006
-0.00267675
-0.0009607500000000002
-0.00089725
0.00069775
-0.004059250000000001
-0.00017125000000000002
0.0014432499999999999
-0.0016592500000000004
-0.0018362499999999998
-0.0005397499999999999
0.0017102499999999997
-0.001241249999999999
-0.0004322499999999997
-0.00284425
-0.00141225
-0.0016972500000000002
0.005443249999999999
-0.002563249999999999
-0.000804250000000001
7.824999999999984e-05
0.0014577499999999998
0.00294375
0.0021357500000000005
-0.003821749999999999
-0.0032447500000000007
-0.0014787499999999998
0.004401749999999999
0.00651575
0.00267875
-0.0009607499999999997
0.0006522500000000004
-0.00226075
-0.00027825000000000045
0.0025552500000000007
0.0014062499999999995
0.003599250000000001
-0.0010352499999999993
-0.00254575
0.0002372499999999994
-6.775000000000059e-05
0.0035182500000000005
0.00047024999999999953
0.00346975
-0.00060875
-0.004230750000000001
-0.0019052500000000005
-0.0007592500000000002
-0.00236425
0.0012197499999999993
-0.00298475
0.00373625
0.003253750000000001
-8.575000000000055e-05
0.0011337499999999998
-0.00203125
0.00086475
0.00100525
-0.00143225
0.0009302500000000001
-0.0035542500000000006
-0.0009867499999999998
0.0006537500000000005
-0.0005012499999999997
0.00192525
0.0036577499999999995
-0.00028325000000000057
-0.0003557500000000004
-0.003172250000000001
0.002599250000000001
-0.0019337500000000001
-0.00101425
0.0007007499999999999
0.0010052499999999999
-0.0011967499999999997
-0.0012392499999999992
0.0019467500000000001
-0.0026507499999999995
0.0029502499999999997
0.0012547499999999996
0.002383250000000001
-0.0028082500000000004
0.0027077499999999992
0.0008712499999999996
-0.0001322499999999997
-8.224999999999982e-05
-0.00012574999999999975
-0.00289675
-0.00014274999999999954
-0.0015937500000000005
0.00029774999999999973
-0.00124175
3.1749999999999694e-05
-0.0008612500000000004
0.00052025
0.0007887500000000003
-0.0023392499999999997
-0.00056225
0.0009352499999999996
-0.0023147500000000004
0.0042502500000000006
-2.324999999999966e-05
8.175000000000002e-05
-0.004453250000000001
0.0022462499999999995
-0.0007812499999999992
-0.0004742499999999997
-0.00216425
0.0010207499999999995
0.0021427500000000006
0.00038775
0.00334775
-0.001372250000000001
0.0012307500000000005
-0.00097525
0.00086125
-0.0011827500000000002
-0.0002702500000000002
-0.0005832500000000003
-0.0035772499999999997
-0.00139175
0.0037362499999999987
-0.0013677499999999992
0.0003567499999999996
0.00508525
0.0029337499999999993
-0.00244875
-0.0015077500000000008
-0.0006902499999999995
-0.00171575
-0.0011377499999999997
0.0003232499999999999
-6.250000000001116e-06
0.00038074999999999985
0.00134975
0.00326425
0.00293875
-0.0015867499999999996
-0.0029407500000000002
-0.0016722499999999995
-0.00226725
-0.00178825
-0.0033682500000000006
-0.0020537499999999996
0.004979250000000001
0.0006237499999999996
-0.00058775
0.00264675
-0.0018512499999999998
0.00107425
-3.274999999999986e-05
0.0029502499999999997
0.0008727500000000004
8.250000000000478e-06
-0.00019125000000000018
-0.00436075
-0.0006372499999999989
-0.0003467499999999997
-0.00390675
-0.00022825000000000013
-0.0015857500000000001
0.00374825
0.0013117500000000002
0.0012622499999999997
0.0011562499999999995
-0.00362275
-0.0007352499999999993
-0.002077750000000001
-0.0012072500000000002
-0.00102725
-0.0023737499999999996
-0.0011527500000000001
-0.0003262500000000004
0.0031257500000000005
-0.00131025
0.006258250000000001
-0.0022362499999999995
0.0013232499999999991
0.0010947499999999998
-0.00018974999999999992
-0.00043975000000000025
-0.00232375
-0.00105875
-0.0011722500000000003
-0.0006047500000000003
-0.0007987499999999994
0.00115475
0.0003262500000000004
0.0006622500000000003
0.0013792499999999998
-0.0009537499999999998
-0.00277275
-0.0028722500000000002
0.002819250000000001
0.00248525
0.0018527499999999991
-0.001973250000000001
-0.0027697499999999996
0.0005062499999999998
-0.002392250000000001
-0.00248275
-0.0013197499999999995
-0.0015462499999999997
-0.0027437500000000005
-0.00220325
-0.0031877500000000005
-0.00408425
0.0007637500000000004
0.00549825
0.0034267499999999997
-0.0007782499999999996
-0.0017462500000000006
0.004958250000000001
-1.6249999999999738e-05
-0.00402225
-0.0020397500000000003
-0.00506575
-0.0059917500000000005
-0.0014102499999999996
0.0012502500000000005
-0.0013492500000000002
-0.002488750000000001
0.0007542500000000005
-0.0010277499999999998
-0.0018357499999999993
3.274999999999958e-05
-0.0011472500000000005
0.0013067500000000004
0.003507249999999999
-1.4749999999999486e-05
0.0006532499999999992
0.00528725
0.0030122499999999997
0.0029107499999999997
-0.00447875
-0.00040525000000000034
0.0026552499999999996
-0.00295925
0.00204525
-0.0006837499999999999
-0.0010602500000000002
0.0009792500000000005
-0.00190575
-0.00269125
0.0006927500000000003
-0.00033924999999999955
0.003358750000000001
-6.925000000000022e-05
0.0003572499999999992
0.0014512500000000005
0.0012512499999999998
-0.0011977500000000002
-0.0004952500000000001
0.0011622499999999999
0.00124475
0.0010237500000000001
-0.00033675000000000024
0.004288750000000001
-0.0014797499999999997
-0.00221225
-0.0003632499999999997
-0.00037675000000000013
-0.0027902499999999998
0.00018424999999999968
0.00397875
-0.0034877500000000004
-0.0008337500000000001
0.004995750000000001
-0.0009662499999999993
0.00022925000000000002
-9.025000000000005e-05
-0.004082249999999999
-1.8249999999999793e-05
-0.0009817500000000002
0.00227825
-0.0003807500000000006
7.275000000000059e-05
-0.0002272500000000001
5.47500000000006e-05
0.0014042500000000005
0.0005372500000000002
0.0016167500000000001
0.0007667499999999994
0.00224775
0.00276075
0.0006607499999999997
-0.0025977499999999994
-0.0021247500000000003
-0.0019627500000000005
0.0009982499999999996
-0.0021627499999999993
0.000479750000000001
-0.00341425
5.975000000000064e-05
9.724999999999998e-05
0.00038825
-0.0035477500000000006
-0.00372375
-0.0017987499999999991
0.0005017500000000004
0.0002327499999999992
0.00374475
0.00042575000000000035
0.00121675
-0.0035457500000000003
-0.0017522499999999997
0.0010792499999999995
-0.0008167500000000006
0.0015162499999999996
-0.0045962500000000005
-1.9249999999999546e-05
-0.004777750000000001
0.0031902500000000004
0.0031027499999999996
-0.0033562499999999994
0.00327525
-0.00348975
-0.0002012500000000003
-0.002071250000000001
0.0023742500000000005
0.00370575
-0.0005907499999999999
0.00291575
0.00213125
-0.0008397499999999999
0.0018822499999999992
0.00479725
-0.0006837499999999999
-0.0007302500000000009
-0.00270025
0.0007407499999999999
-0.0018042500000000003
0.0002607499999999998
-1.0749999999999648e-05
0.00023324999999999984
-0.0014672500000000002
-0.0013577499999999998
0.0034452499999999995
0.0006292499999999998
0.0001622499999999996
-0.0018747500000000005
0.008921249999999999
-0.00034775000000000013
0.0014597499999999997
-0.0021812500000000005
0.0009307500000000005
-0.0012452499999999996
-0.0021192499999999996
-0.00015275000000000032
0.0019992499999999997
0.00018524999999999957
0.00138875
0.00459175
0.0009182499999999995
0.0006937499999999996
-0.0019352500000000003
0.0009827500000000006
-0.0017162499999999997
-0.0054227500000000005
0.00157675
0.0002602499999999999
0.00135975
-0.0007297500000000004
-0.0009922500000000003
-0.0002827499999999997
-0.0019317499999999997
-0.0008602499999999995
0.0002282500000000004
-0.0016997499999999999
0.0001562500000000004
-0.00329575
-0.0016887500000000006
0.005442250000000001
-0.00048625000000000003
0.0007422499999999995
-0.00016774999999999942
-0.00274425
-0.0011912499999999992
0.004385249999999999
-0.00205125
0.002637250000000001
-0.0006487500000000001
0.0003107499999999996
-0.0007647500000000005
0.00158675
-0.0006342499999999998
0.0002552500000000006
-0.0034677500000000003
0.0013267499999999998
-0.0021707500000000004
0.0012127500000000005
-0.00415225
0.0018787499999999998
-0.00161175
0.0028232499999999994
0.0032662499999999996
-0.0036707500000000004
5.0250000000000015e-05
-0.0011147500000000005
-0.00215275
0.00025975
0.0018732500000000006
0.00232625
0.003187249999999999
0.0015407499999999998
-0.0037717500000000004
-0.0027352500000000003
-0.0006922499999999998
-0.005496249999999999
0.00109225
0.0032637499999999997
0.0013737500000000002
-0.0026752500000000005
0.0009427500000000002
0.00210675
-0.0003647500000000002
-0.0003742500000000009
-0.0030587500000000003
0.0015422500000000002
-0.0009667500000000002
0.0012407500000000005
-0.0006887499999999998
-2.3250000000000284e-05
-0.0047697500000000006
-0.0005397500000000001
0.0009047499999999994
0.0006267499999999998
0.0024262500000000005
0.0020597499999999995
0.0005752500000000002
-0.0030772499999999993
0.00267975
0.00434425
-0.0012707500000000004
0.000386249999999999
-2.124999999999995e-05
-0.00312975
-0.0007107499999999993
-0.0031637499999999995
0.0030507499999999996
0.0018677499999999996
0.00102525
0.001817749999999999
0.0028722499999999994
-0.00279875
-0.0011672500000000008
0.00043025000000000073
0.0011692500000000004
-0.0011692499999999993
2.5750000000000287e-05
-0.00270875
0.0005492500000000006
-0.001806250000000001
0.00038524999999999963
0.00402875
-0.0011682500000000005
-0.00106475
-0.0013657500000000009
2.5750000000000216e-05
-0.0010772499999999999
-0.0020257500000000006
-0.0019002499999999998
-0.00324025
0.00227275
0.00091125
0.0025922500000000004
-0.00446825
-0.0023837500000000005
-0.00044625000000000095
-0.00037375000000000076
0.0005377500000000004
-0.00146225
-0.0036792499999999994
-0.0015142499999999995
0.0026332499999999997
0.00265975
0.00195525
-0.003777250000000001
0.00091475
0.0027802500000000006
-3.5750000000000015e-05
-0.0016537500000000005
0.0009552500000000003
-0.0026527499999999997
-0.00055325
0.0030227500000000003
-0.0034532499999999997
0.00210375
-0.004522750000000001
-0.0008547499999999998
-0.00190525
-0.0008717500000000003
-0.0007627499999999996
-0.0016842499999999995
-0.00182075
-0.0021627499999999993
0.0007147499999999998
0.00079475
0.0031407499999999994
-0.004306250000000001
-0.00039275000000000003
-0.0033297500000000002
0.0032607500000000006
0.0034972499999999995
0.0003367499999999998
-0.00108175
0.00047625000000000016
-0.00405525
0.00230825
0.0007297500000000001
0.0007447500000000002
-0.00026475000000000007
0.0007182500000000001
0.00299375
0.0015192499999999998
-0.0009442500000000001
-0.0022682499999999994
0.00294675
-0.00013524999999999982
-0.00472375
-0.0008462500000000004
-0.0006007499999999996
-0.0009752499999999999
-0.00474975
0.0011252500000000004
-0.0014512500000000005
-0.0027157499999999994
-0.00529725
0.0006417499999999999
0.00305525
0.0032787499999999995
0.0002022500000000007
-0.002289249999999999
0.0003712499999999999
-0.002066750000000001
0.00291675
0.0007142499999999999
-0.00043274999999999976
-0.00256625
0.00124025
0.0022217499999999998
0.0019212500000000004
0.00032475000000000044
0.00153125
-0.0008452500000000003
0.00159175
0.0036707500000000004
0.0017577499999999998
0.00531675
0.0038117500000000005
0.00436975
0.00355075
7.975000000000052e-05
-0.0032967500000000006
0.0008252500000000001
-0.0023352500000000005
0.0037297499999999996
0.00049375
0.0003412500000000002
-0.0019112500000000002
-0.0064912500000000005
0.00298875
-0.00232675
0.0026542500000000004
-0.0004137499999999997
-0.0020257499999999993
0.00357075
0.00634175
-0.0018237499999999999
0.00071875
-0.0032807500000000002
-0.0016307499999999996
0.0033402499999999995
0.0011662500000000006
-0.0018402499999999999
0.00386875
0.0008862499999999998
0.00014175000000000006
-0.001236250000000001
-0.00087975
0.00022074999999999984
-0.00271175
0.00314275
-0.0007912500000000003
-0.0017222500000000003
-0.0046682500000000005
-0.00329225
0.0013837500000000002
-0.00092525
-0.0019482499999999995
-0.00017525000000000014
-0.0026527499999999997
0.0015052499999999996
0.0043377500000000005
0.0012412500000000002
0.00106975
0.0023427499999999993
-0.0009017499999999992
-0.004612250000000001
-0.0023362500000000002
-0.0010367499999999997
-0.0043307499999999995
-0.0009142499999999998
0.0011292499999999996
-0.00195375
-0.0008887499999999997
0.0013992499999999997
-0.0033057500000000005
0.0015282499999999992
-0.0008697500000000003
0.0034352499999999995
0.0021437500000000003
-6.175000000000013e-05
-0.005186749999999999
-0.0051842500000000005
0.0016772500000000004
0.0006167499999999997
0.008614249999999999
-0.0006267500000000004
0.00325525
0.0033772500000000005
0.0007087500000000005
0.00223925
0.0012812499999999998
0.00358475
-0.00156325
0.00047325000000000004
0.0018957499999999994
-0.0034482500000000004
0.0036507499999999995
0.003237250000000001
0.0017517499999999996
-0.0004607499999999999
-0.000527750000000001
-0.0016692499999999993
0.00115575
0.0002677499999999991
0.00213275
0.00448925
0.00480125
-0.00010025000000000013
-0.0009312500000000001
-0.0017627500000000004
0.0012432500000000004
-0.00455175
-0.00248725
0.0037382500000000003
-0.0002422499999999992
0.00021425000000000006
-0.0016707500000000004
-0.0028527499999999994
0.00298875
-0.0033667500000000004
-0.0026502499999999994
-0.0021042500000000002
-0.0009702499999999998
-0.0025827500000000004
0.00041075
0.004444750000000001
0.0032177499999999997
-0.0010107499999999997
-0.00346975
-6.275000000000003e-05
0.0006347499999999992
-0.0019732499999999997
0.00175975
0.00221275
-0.0033802499999999996
-0.0002932499999999999
0.00413825
0.0007332500000000004
0.0007482499999999998
-0.0010662499999999993
-0.0035842499999999993
0.00256375
0.0014617500000000004
0.0003577500000000007
0.00041325000000000015
0.0010967500000000003
0.00038624999999999966
-0.003515250000000001
-0.0018672500000000002
-0.005668249999999999
0.0009407499999999993
0.00413525
0.0024137500000000005
0.002355750000000001
0.00439875
0.00016225000000000058
-0.00293725
0.0001912499999999999
3.0250000000000278e-05
0.0022412500000000006
-0.0005482499999999998
-0.0011677499999999995
-0.00114925
0.00019024999999999958
-0.00362275
0.00578775
-0.0025082499999999996
0.0015342499999999998
-0.00220525
-0.0018232500000000002
-0.0002217500000000002
0.0008052500000000003
-0.0013987499999999994
-0.00215425
0.0021097499999999996
-0.0011902500000000001
-0.0004262499999999998
-0.004044750000000001
-0.0006097500000000003
0.0033437500000000004
-0.0007487500000000005
-0.0009712499999999999
-0.00259975
0.00024524999999999943
-0.006784749999999999
0.0009857499999999999
0.0019992499999999997
0.0003842499999999997
-0.00151625
0.0032387500000000003
-0.005184249999999999
0.001853750000000001
0.00263725
-0.00437275
0.0005192500000000003
-0.0014962500000000004
-0.0013647499999999999
0.00570675
-0.0021142500000000002
-0.0006042500000000001
0.0002437500000000003
0.00107925
0.0024192500000000004
0.00033425
0.00555525
-0.0004467500000000002
0.00545975
0.0032472500000000006
0.0007412500000000003
0.0003522500000000008
-0.0003672500000000006
0.0003872499999999994
-0.0028987500000000003
-0.00010675000000000003
-0.00317875
-0.0004367500000000007
-0.0037082499999999997
-0.004335749999999999
-0.00406475
-0.00046774999999999985
0.00603925
0.0017382500000000006
-9.724999999999963e-05
-9.475000000000066e-05
-0.002564749999999999
-0.00337275
-0.0005077500000000002
0.0024137500000000005
0.0017517500000000005
0.0001862499999999999
-0.00313325
-0.00065375
-0.00290325
-0.0017737500000000002
-0.0038377499999999996
0.0019412499999999996
-0.00150725
0.0012172500000000002
0.004584749999999999
-0.0014127500000000004
0.00275225
0.0014477500000000005
-0.0019782499999999995
-0.0003497500000000006
0.00428325
0.0020652499999999994
-0.0004982500000000003
0.0012147499999999995
0.00405475
-0.0016922500000000002
0.0011252499999999995
-0.002208250000000001
0.0010452500000000002
-0.0009867499999999998
0.0014977499999999993
0.00362475
0.00045874999999999985
0.00219425
-0.0011032499999999996
-0.0002272499999999994
0.0018707499999999996
0.00033775000000000054
0.0029637499999999994
0.00320725
-0.00298875
-0.0004967500000000003
-0.0015707499999999997
-0.00546825
0.002606250000000001
-0.0005372499999999996
0.0014572500000000002
-9.474999999999973e-05
0.00037224999999999937
-0.00622225
-0.00195675
0.00045075000000000085
-0.00028225000000000017
-0.00348475
0.0036237500000000007
-0.0009017500000000003
-0.006237749999999999
-0.00120825
-0.0038642499999999996
0.0008982499999999996
-0.0016407500000000003
-0.0017017500000000001
-0.00348625
-0.0020022499999999997
0.0003182499999999999
0.0026907499999999996
-0.0013757499999999992
-0.005147250000000001
-0.0034202499999999992
0.0031752499999999993
0.0006217500000000002
-0.0016332499999999995
0.00370225
0.00352025
-0.0006827500000000007
0.0037042500000000005
0.0009277500000000001
-0.00306725
-0.001808750000000001
0.0013367499999999996
-0.0016072500000000002
-0.00378925
0.00295425
-0.00270025
0.0022537499999999997
0.00092275
0.005393749999999999
0.0044262500000000005
0.00502425
0.00295025
-0.002162750000000001
-0.0014562500000000003
-0.003373750000000001
-0.0039102500000000005
-0.0005367499999999997
-0.0005457499999999998
-0.0005902499999999998
-0.004451750000000001
-0.00113375
0.003635750000000001
0.007025249999999999
-0.0005647500000000006
-0.001958250000000001
-0.0020647500000000006
0.0019037500000000007
-0.0017037500000000006
0.0003982500000000001
-0.0005187500000000009
0.00028625000000000026
0.0019852499999999996
-0.00011174999999999991
-0.00258525
-0.00105375
0.00277775
-0.00388975
-0.0012362500000000004
-0.0013537499999999997
-0.00015425000000000023
-0.002869749999999999
-0.0004752499999999998
-0.0006777500000000006
0.0014377499999999998
-0.0013847499999999997
0.00013575000000000037
-0.0034427499999999996
-0.00586525
-0.0005982499999999999
-0.0005807499999999999
0.00201625
0.00173825
0.0006132499999999998
0.0004632500000000004
0.00111625
-0.0010577499999999994
0.0013127500000000003
-0.0017147499999999993
-0.0008007500000000004
7.574999999999998e-05
-0.0013872500000000002
0.0005172500000000001
-0.0007477500000000004
0.0011582499999999998
-0.0030012500000000004
-0.0008107500000000001
-0.0029057500000000003
0.00226175
-0.00113925
-0.00623625
-0.0013637499999999997
0.004261249999999999
0.00281825
0.00414925
0.0009262499999999999
0.00220575
2.775000000000048e-05
0.0018542499999999991
-0.00011775000000000091
0.00433925
0.0004757499999999998
-0.00412225
0.0002917500000000005
0.00019774999999999974
-0.0012232500000000002
-0.0006652500000000005
0.0001107499999999996
3.0250000000000556e-05
-0.0003812500000000003
-0.0014702500000000002
-0.0037942500000000007
0.0015937500000000008
0.0011097499999999998
0.0023262500000000006
0.00211275
0.0002992499999999998
-0.0013892499999999996
-0.0005302500000000008
-0.0026322500000000005
0.00338075
-0.003991250000000001
0.0024667499999999998
-0.00386675
0.0018147500000000006
-0.003238749999999999
-0.0028437499999999995
0.0016032500000000003
0.00288925
-0.0029902500000000003
-0.004123750000000001
-0.0022707500000000006
0.0009082500000000002
0.00120825
-0.0002447500000000008
-3.374999999999975e-05
0.0016617500000000005
0.0013487500000000006
-0.0012612499999999996
0.00032424999999999983
0.0035422500000000003
-0.0017642500000000006
-0.0016112500000000007
-0.003971749999999999
0.0008897499999999995
-0.00016975000000000047
-0.0018602500000000001
0.0035937500000000006
-0.0008262499999999997
-0.0008787499999999995
0.00340875
0.0025412500000000005
0.0011507499999999999
-0.001367750000000001
-0.0024667499999999998
-0.0056012499999999995
0.00179325
0.0021007499999999998
0.0016737499999999999
-0.00289975
-0.00277025
-0.004287749999999999
-0.00018625000000000003
0.0036042499999999994
0.002819750000000001
0.00429025
0.0006767500000000002
0.00130775
-0.0017282499999999998
0.0023527499999999994
-0.00412325
-0.0020782499999999994
0.00010675000000000011
0.0016892499999999993
0.0016392499999999996
-0.0003232499999999999
-0.0011882500000000005
0.0013022500000000005
0.0002622500000000004
-0.004815250000000001
0.00064925
0.0029012499999999997
0.0002787499999999998
-0.00273675
-0.0003817500000000002
0.0009692499999999993
-0.002774749999999999
0.0010817500000000011
-0.0020402499999999995
0.0005727500000000006
0.00038224999999999924
-7.87500000000002e-05
0.0025032500000000003
0.0037272499999999997
0.0016957500000000006
0.0003547499999999998
-0.0019177500000000002
-0.0008967499999999995
-0.00396875
0.0006917499999999994
0.0007222500000000006
0.00012224999999999985
-0.0020977499999999994
-0.0010967500000000003
0.0006742499999999999
0.0023367500000000003
0.00309325
0.002521750000000001
-0.0007287499999999999
-0.0030122499999999997
0.004200250000000001
0.0009522499999999995
-0.00251225
-0.00014125
-0.0027487500000000003
-0.0025302500000000004
0.0006152499999999999
0.0016872499999999995
-0.00415025
0.00016075000000000006
-0.00229775
-0.0033627500000000003
0.0008907500000000007
0.00186025
0.0019282499999999996
-0.0009417499999999997
0.0037652500000000004
0.0009717499999999998
-0.00015675000000000002
-0.0017362500000000006
0.0003522499999999998
0.00022575000000000012
-0.0006182499999999999
0.0005227499999999998
0.00034675
-0.0012497499999999998
-0.0010312500000000007
-0.00151425
0.00392925
-0.0016552499999999998
0.00105525
-0.004387749999999999
-0.0003672499999999998
-0.00439275
0.0021397499999999997
-0.00041375000000000016
-0.0010762499999999997
-0.0017282500000000006
-6.275000000000037e-05
0.00018775000000000015
-0.0008847500000000002
-0.002275750000000001
-0.00403325
-0.0014797500000000002
-0.0056507499999999995
-0.0008467500000000003
-0.0006027499999999997
-0.00317275
7.425000000000029e-05
-0.00028374999999999944
0.00063425
0.0013832500000000008
0.00242075
0.00462675
-0.0022517500000000003
0.00313975
0.0017037500000000002
0.0007347500000000002
-0.0004357500000000003
0.0038577499999999996
0.0004572499999999996
-0.0053837500000000005
0.0021517499999999996
-0.0013042500000000005
-0.00041575000000000027
-0.00280725
-0.001197249999999999
-0.0008647500000000005
-0.00029174999999999953
0.0008622500000000008
-0.0017647499999999992
-0.0008522500000000005
0.0005097499999999997
0.0002457500000000007
0.0006067499999999995
-0.00270675
0.00459025
-0.0043602499999999995
-0.0005087500000000001
0.00014125
0.00611775
7.775000000000025e-05
0.004506249999999999
-0.0008082500000000003
0.0030847499999999994
0.00198775
-0.0028142500000000003
-0.0029292500000000004
-0.0018312500000000004
-0.0027732500000000005
-0.0036357499999999997
0.0006827499999999993
0.00028025000000000077
0.0006422499999999998
-0.0041357500000000005
0.0017847499999999994
0.0010862500000000006
0.0006232499999999997
0.0032042500000000005
0.00198425
0.0018577500000000002
0.00154425
-0.0016407499999999996
-0.0008497500000000002
0.00621875
-0.0012027500000000003
0.0018072500000000011
-9.374999999999984e-05
-0.0006937500000000009
0.0017992500000000005
0.0016942499999999996
-0.0033357500000000006
-0.0017877500000000007
-0.00052975
0.00044374999999999943
-0.0009162499999999999
-0.0011777500000000002
-0.0004787499999999997
-0.00087675
-0.0008837499999999992
-0.0012902499999999995
-0.0027202499999999996
0.0014642500000000003
-0.00376025
-0.0033797499999999995
-0.004129249999999999
-0.00114775
0.0030237500000000004
0.00286025
-0.00101725
0.0005392500000000004
0.0022737499999999997
0.00392225
0.0003317499999999998
-3.7500000000000725e-06
0.00229775
0.0012947500000000001
0.00362925
-0.0006212500000000003
0.0018472500000000006
-4.075000000000044e-05
-0.0018637500000000002
0.00012875000000000026
0.0020342499999999996
-0.0012732499999999992
0.0015137500000000001
-0.00198475
-0.0009667500000000002
-0.0026637500000000003
0.0025297499999999994
0.0007087499999999991
-0.0015397499999999997
0.0030012500000000004
0.0005582499999999996
0.0013052499999999998
-0.0007832500000000003
0.0018767499999999993
-0.0019017500000000007
-0.0003267500000000004
-0.0021752499999999997
0.0033842499999999997
-0.00343775
-0.0033577500000000005
-0.0032467500000000005
-0.0026862500000000007
0.0019462499999999998
-0.00058225
-0.0028402500000000008
0.00293675
-0.0009332499999999996
0.00604075
-0.0008632499999999999
-0.0003802499999999999
-0.0024742500000000003
-0.00305325
0.0023927500000000003
-0.0020982500000000003
-0.002180750000000001
-0.0010387500000000004
0.0030177499999999996
0.004915750000000001
0.0010977500000000002
0.0010137500000000001
-0.0022112500000000005
-0.0008177500000000004
-0.0024947500000000004
-0.00363275
0.00471425
-0.0005957499999999999
-0.0019072500000000003
0.0033182500000000005
-0.00124375
-0.0013482500000000003
0.00013174999999999984
0.00015524999999999968
0.00188525
0.0018962500000000001
-0.002835250000000001
-0.0014202500000000005
0.002135249999999999
0.0013262500000000008
0.0005692500000000006
0.0001692499999999994
0.0043612500000000005
0.00331225
-0.00349625
-0.005462750000000001
0.0006392500000000003
0.0006767499999999996
-0.0007232500000000007
0.002052250000000001
-0.00330375
-0.0024787500000000005
-0.0018682499999999997
0.0007152499999999995
0.0057037500000000005
-0.00220825
0.0005207500000000007
0.0014207499999999997
0.0010577499999999994
0.0039457500000000005
-0.00291725
0.0014832499999999998
-0.0011602499999999998
-0.0029352500000000004
-0.0037232499999999996
4.524999999999918e-05
0.0007977499999999998
0.0016647500000000002
9.025000000000005e-05
-0.0038357500000000006
-0.00315875
-0.0001047500000000004
0.00426175
-0.0023937500000000005
-0.0020812499999999998
-0.0008062499999999992
-0.00035925000000000014
0.0007382500000000003
0.0012742500000000009
-0.0029732499999999993
-0.0032187500000000007
-0.00202925
0.0013337499999999996
0.00414475
-0.0031172500000000002
-0.0012252499999999998
0.0010427500000000007
-0.0014907499999999997
0.00479475
-0.00256975
0.00168675
0.00216925
0.0004467500000000002
-0.004761249999999999
-1.4249999999999403e-05
0.0016512500000000002
0.0011207499999999998
0.0009727500000000004
-0.00014375000000000027
-0.0012117500000000008
-0.00017224999999999934
3.024999999999986e-05
0.0022132500000000004
0.0004127499999999995
0.0011162499999999998
-0.0020482499999999997
0.00124125
-0.00272675
-0.00153425
0.0037982500000000004
0.00030024999999999963
0.0010422499999999998
-0.00382675
-0.0030957499999999995
0.0018147500000000002
-0.0017282499999999998
0.0021077500000000002
-0.0011212499999999992
0.0029042499999999993
0.00024725000000000024
-0.0005957500000000005
0.0022002500000000004
-0.0027892500000000005
7.274999999999976e-05
-0.0030687500000000003
-0.00033025
-0.0017977499999999997
-0.0005047500000000003
-0.00108875
-0.00153225
0.0012602499999999994
-0.0009692499999999997
-0.0007622500000000006
-0.0029567500000000006
0.0006142500000000003
0.0008977499999999997
0.00222025
0.0022622499999999995
0.00249525
0.00150175
0.0020902500000000005
-0.0014362499999999994
0.00135875
-0.0014647499999999995
-0.0027392500000000004
0.0012267500000000006
-0.00587175
0.00114075
-0.0015492500000000007
-0.0013997500000000008
-0.00331225
-0.00445075
-0.0013917499999999998
0.00045225
-0.0012707499999999993
-0.0010492499999999994
0.0004217500000000002
0.00027325
0.0014527499999999996
0.0011202499999999993
-0.0014802500000000002
-0.00384675
0.00027675000000000063
-0.00023424999999999995
0.0017227499999999999
0.00257375
0.00133825
0.0006107500000000005
0.002535249999999999
0.0028287500000000005
-0.00088525
0.00039874999999999953
0.00262625
-0.0002492500000000003
0.0014837499999999996
-0.004292249999999999
-0.0025227500000000003
-0.0029197500000000005
-0.00139125
-0.0015557499999999994
-0.001340250000000001
0.00576325
-0.0005547499999999997
-0.0023377500000000004
0.00011675000000000026
-0.0032547499999999994
-0.0022112499999999997
-0.003981749999999999
0.0004367500000000001
0.0010127499999999995
0.00455825
0.0015212500000000007
-0.0016067500000000008
-0.00200725
0.0015287500000000002
-0.00396225
-0.00099825
-0.0012417500000000004
0.00202475
-0.0006207500000000001
-3.925000000000012e-05
0.00045025000000000035
-0.00392575
0.0011692499999999995
-0.0024087500000000003
0.00297675
-0.0009532499999999997
0.0025522499999999994
0.00018525
0.0020272499999999995
0.00123625
0.0022292500000000003
-0.0020507500000000005
0.002018750000000001
-0.00043474999999999986
0.0010162500000000002
0.0001492500000000002
0.00252575
0.0035622500000000003
0.0005722499999999997
-0.0006257499999999999
-0.0034627500000000005
-0.00431025
0.0010347499999999996
-0.0044427500000000005
0.002307250000000001
-0.0028612499999999996
-0.0008187499999999997
-0.0013017500000000002
-0.0013402500000000005
-0.0008922499999999994
0.0030067500000000003
-0.00049675
0.0006787499999999999
0.0011502500000000004
-0.00093025
0.003406250000000001
-0.0032102499999999996
-0.0012222500000000005
-4.77500000000005e-05
0.00141275
0.0029807500000000008
-0.0004797500000000003
-0.0017157499999999998
0.00105225
-0.0025612500000000006
-0.00092925
-0.00022075000000000054
-0.0028827500000000008
0.00173575
-0.0026092499999999996
-0.00088225
-0.0021107499999999998
-0.005085750000000001
-0.0011377500000000005
0.0015477499999999999
-0.00365025
0.00259775
0.005711250000000001
-0.00142625
0.00014125000000000083
-0.0008137499999999998
-0.0023447500000000005
-0.0009592499999999998
-0.0008742500000000006
-6.374999999999977e-05
0.0026502499999999994
0.0005677500000000002
0.003097749999999999
0.0036217499999999995
0.004362250000000001
0.00270625
0.000764749999999999
-0.0018687499999999995
0.00506675
0.000296249999999999
-0.0007937499999999999
0.0015052499999999994
-0.0019837500000000003
-0.00457325
-0.0042207500000000005
-0.0037622500000000004
0.0018107500000000007
-0.0002212500000000006
-0.0007112499999999998
-0.00016075000000000028
0.00470175
0.00011975000000000055
-0.00373525
0.00215275
0.0035137500000000012
-0.0013852500000000006
0.0025787500000000003
-0.0019397499999999996
0.0028147500000000004
0.00017625000000000003
-0.0027197499999999995
0.0003622499999999998
-7.624999999999993e-05
0.0006432500000000005
0.0001602499999999997
7.275000000000032e-05
-0.0029157500000000004
-0.0003622499999999994
-0.0029487500000000004
-0.00210725
0.00137075
0.0008457500000000001
0.00145175
0.0035997499999999992
-0.0032707500000000002
-0.0005337499999999999
-0.0006412499999999996
0.00163325
-0.0013332499999999998
0.00465475
-0.0006677500000000006
-0.0009207499999999996
0.0005752500000000005
0.0002407499999999993
-0.0037567499999999997
-0.00277725
-0.0017577500000000006
-0.0029152499999999994
-0.0017737500000000002
-0.00158025
-0.004397249999999999
0.0025637499999999996
-0.00044024999999999983
0.00117675
-0.0010742500000000006
0.0030512499999999997
0.00020274999999999953
0.0018452500000000005
0.00537725
-0.0018957499999999994
-0.0005362499999999998
0.00121025
-0.0008697500000000001
0.003338750000000001
0.00439775
-0.0028042500000000003
-0.004521249999999998
-0.004162249999999999
0.00550525
0.004070750000000001
-0.00478625
0.0016047499999999994
-0.0028237499999999994
-6.575000000000053e-05
0.00190975
-0.0029572500000000002
-0.0036622499999999997
0.0017482499999999998
-0.0007277500000000009
-0.00194525
-0.00023775000000000011
0.00025425000000000073
-0.00599875
0.003956749999999999
-0.00192875
-0.005133250000000001
-0.0021092499999999996
0.0013962499999999995
-0.00411725
0.0008467499999999994
0.00136475
-0.0035497500000000004
-0.0019072499999999992
0.0018732499999999997
-0.00413475
-0.0013862500000000005
0.00095025
-0.0002512499999999998
-0.0034592499999999992
-0.0028252499999999996
-0.00230325
0.00240575
0.0011552499999999994
0.0011562500000000002
-0.004787250000000001
0.00020674999999999985
0.00684075
0.0020127499999999998
-0.0012617499999999992
-0.0010332499999999994
0.0007052499999999997
0.005195749999999999
0.0016917500000000001
-0.0006307499999999997
0.0037222500000000003
-0.0002752499999999997
-0.0037912499999999995
0.00333875
0.00500175
0.0009112500000000002
0.0012057500000000004
0.00041075000000000014
0.000367750000000001
-0.00024525000000000046
0.00318025
0.0025567500000000004
-8.624999999999977e-05
0.0019287500000000001
-0.00199625
0.0036802500000000004
-0.0006297499999999999
0.0009522499999999995
0.0016697499999999998
-0.0019542499999999994
-0.00248825
-0.0016762499999999991
-0.0005687500000000004
-0.0012682500000000003
0.0004772499999999999
0.00027824999999999963
0.0017852500000000002
-0.00207125
0.003265250000000001
-0.00084925
0.0010212500000000005
-0.00040874999999999993
-0.0012017500000000003
0.0014492499999999998
-0.0004272500000000001
0.0006852499999999998
-0.00150225
-0.00038075000000000023
0.0031082500000000003
0.0035077499999999996
-0.0007882499999999997
-0.00135375
0.0012682499999999992
0.0007722500000000003
-0.00221575
-0.0015107500000000002
0.00028474999999999974
-0.00138075
-0.00047225
0.0013287500000000003
-0.0003907499999999997
0.00249525
-0.00142425
-0.0013757499999999994
0.0016467500000000002
0.0008787500000000004
0.0017367500000000002
0.00011075000000000098
0.00113975
-0.00045624999999999973
0.00011075000000000056
-0.00052425
0.00364475
-0.0028202500000000003
0.0001507499999999995
0.0035107500000000004
-0.00520775
-0.0045067499999999995
0.00260725
0.0008737500000000005
0.0002212499999999995
0.0007087499999999994
0.0006777500000000003
0.00138575
0.00375775
-0.00024825000000000026
0.00015875000000000082
-0.0002022500000000002
0.0022662500000000005
0.00406175
-0.00305225
-0.005363249999999999
0.0011257499999999996
0.00012124999999999976
-0.0016287499999999993
-0.00228725
-0.0017127500000000003
-0.0005607500000000008
-0.00015624999999999916
0.00153625
-0.00138075
0.002839250000000001
-0.0008917499999999997
-0.004748249999999999
0.0016942499999999996
-0.0018037499999999998
0.0009562499999999993
-0.0007832499999999998
0.00177325
-0.00533675
0.0017132500000000001
0.0030227499999999994
-0.00040174999999999987
-0.00012125000000000025
-0.0020597499999999995
0.00366625
-0.00014224999999999947
0.0014187499999999997
-0.001274249999999999
-0.0020047499999999996
-0.0025217500000000006
-0.0003762500000000002
-0.000607750000000001
0.00107375
-0.0048207499999999995
0.0014752500000000004
0.0013992500000000003
0.004215750000000001
0.0007882500000000001
-0.00432875
-0.0008407500000000002
-9.174999999999968e-05
-0.00402575
-0.00033325000000000027
-0.00409625
0.00280775
6.47499999999996e-05
0.0023287499999999997
0.0016077500000000007
-0.00053725
-0.0028547500000000005
0.0054122499999999995
-0.0008807499999999996
-0.004262750000000001
0.00327175
-0.0024552499999999995
-0.0005117500000000008
-0.0006247500000000002
-0.00228925
0.00042574999999999975
-0.0075502500000000005
-0.00224725
-0.0013287500000000003
0.00388725
0.00229175
-0.00412675
0.00181025
-0.00146475
0.0004297500000000004
-0.00495975
0.0016717500000000003
0.0011557499999999999
-0.0014027500000000004
0.0009917499999999998
0.00217725
-0.0005342499999999999
0.0033362500000000007
0.00566025
0.00425125
0.0022382500000000007
0.00369175
0.0010202500000000005
0.0008832499999999999
-0.0018767499999999997
-0.0016442499999999999
0.0021687500000000005
0.00391025
-0.00019975000000000006
-0.005295749999999999
0.00428975
-0.0012512500000000002
0.002801250000000001
-0.00331575
0.0027767500000000006
-0.0017797499999999996
0.005088250000000001
-0.0038367499999999994
-0.006313249999999999
-0.0026507499999999995
0.0006247500000000002
-0.0017647500000000005
-5.47499999999998e-05
0.0016142500000000002
0.0009317500000000009
-0.0012777499999999994
-0.0018537500000000006
9.174999999999933e-05
-0.004233249999999999
0.0016002500000000003
0.00239575
-0.00256575
-0.00037425000000000067
0.002713249999999999
-0.0006687499999999999
0.00216975
0.00172175
0.0015032500000000005
0.00040224999999999967
-0.0051077499999999994
-0.0008942499999999999
-0.00510225
-0.0026477500000000004
-0.00525325
-0.0035962500000000005
0.0019167499999999992
-0.004930749999999999
-0.0005957500000000005
-0.0038737500000000005
-0.0026147500000000003
-0.0017122499999999996
-0.0020182500000000005
-0.00524625
-0.0014747500000000001
0.0016427499999999997
0.0038702499999999996
0.0010417499999999997
-0.0009902499999999996
0.00146975
0.0034667499999999993
-0.0012482499999999996
0.00173725
-0.0022997499999999997
-0.0013117500000000002
0.0020347499999999997
0.00404075
-0.0010932499999999992
-0.00313725
0.004403250000000001
-0.00263025
0.001633750000000001
0.00027924999999999993
0.00039425000000000056
-0.0006757499999999996
0.00221775
-5.824999999999969e-05
0.0018402499999999999
0.00162775
0.0008007499999999997
0.0023127500000000006
-0.00356375
0.0001872500000000002
-0.0014237499999999995
-0.0002077500000000007
-0.004560249999999999
0.00046325000000000007
1.3249999999999929e-05
-0.0013332500000000002
-0.0014352499999999992
0.00031675000000000003
-0.0015467500000000002
-0.00099525
0.00022125000000000007
0.00230125
-0.00128625
-0.00031675000000000003
0.0002742499999999995
0.0009222499999999999
-0.0005337499999999998
0.0003007500000000007
0.0008317499999999997
-0.0021327499999999997
0.00122975
-0.00085475
0.00014774999999999928
-0.0025607500000000005
-0.0018907500000000005
0.003082749999999999
-0.00015174999999999965
0.00099725
0.0011782499999999996
0.0003972499999999993
-0.0006637499999999996
-0.0013542500000000002
0.0006252500000000003
0.0031967499999999995
-9.125000000000008e-05
-0.0016287500000000004
0.0011792500000000002
0.0004917499999999997
-7.750000000000534e-06
-0.00021975000000000008
0.0002857499999999995
-0.0029517499999999995
0.00046025000000000037
-0.0005527499999999996
0.0005902500000000005
-0.003034750000000001
-0.005463750000000001
0.0018337499999999999
0.00229025
-0.0007662499999999992
-0.0025847500000000002
-0.0012072500000000006
0.0005067500000000003
-0.0018987499999999996
-0.00240325
0.003319749999999999
0.0006652500000000006
0.0008707499999999999
0.0013712500000000003
-0.00313325
0.0031032500000000005
0.0009692500000000001
0.0032847500000000008
-0.0001452500000000001
0.0014227499999999998
-0.0007402500000000005
0.0029182499999999994
0.0032897499999999997
-0.0031522499999999997
0.0012087500000000004
-0.0037607499999999998
-9.424999999999989e-05
-0.00323025
-0.0004927499999999997
0.00033324999999999913
-0.0026467499999999994
-0.0002047500000000002
-0.00507525
0.00068875
0.00247525
0.0022607499999999997
0.00316825
0.0018612500000000005
-0.00066575
-0.0010417500000000001
-0.0034212500000000002
-0.00022475000000000037
-0.00062225
-0.006097250000000001
-0.0021507500000000008
0.0009222499999999998
0.002421249999999999
-0.0003142500000000006
0.00086775
-0.0005442500000000005
0.0014587500000000006
0.00149175
0.0017462500000000006
0.0006252500000000002
-0.00489775
0.0033497500000000003
-0.00430625
0.0002427499999999999
-0.0006552499999999997
0.0005457499999999998
-0.00179375
-0.00193025
-0.0014117499999999996
-0.002161250000000001
0.0019997500000000002
-0.000712250000000001
0.00251625
0.0015822499999999995
0.00307775
0.00155425
-0.00017825000000000035
-9.074999999999944e-05
4.724999999999962e-05
0.0015187500000000004
-0.0010932499999999998
0.0022377499999999993
-0.00171975
-0.00231225
0.00280825
0.0001762500000000003
0.005521749999999999
-0.0030172500000000004
0.0018747499999999995
0.00256175
-0.00533675
-0.0024917499999999996
0.0013907499999999994
-0.00145275
0.0007267499999999996
0.0003542499999999997
-0.005190749999999999
0.002825249999999999
0.0018827499999999992
0.0027492500000000004
-0.0009687499999999999
-0.0002987499999999996
0.00141525
-0.00235825
0.00159075
-0.0013202499999999998
-0.0005482500000000001
0.00264725
0.00035824999999999876
-0.00047675000000000007
-0.0006377500000000005
0.0010022499999999999
0.00258075
0.0009977499999999995
-0.00038575000000000013
0.00159375
0.0007567499999999999
-0.00217525
-0.0022802499999999997
-0.002605250000000001
0.0014092500000000001
0.002531249999999999
0.00209125
-4.7750000000000226e-05
0.0015637499999999996
0.0031557500000000006
-0.00422625
-0.0010717500000000004
0.0001782499999999998
0.0017782499999999994
-0.0015147499999999996
0.00105475
-0.0017922499999999996
-0.00381475
-0.00054775
-0.00020674999999999922
-6.7500000000002284e-06
-0.004224250000000001
0.0012312500000000004
-0.0012512499999999993
0.00180725
0.00114175
-0.0007942499999999999
-0.0016617499999999998
0.0008632499999999999
-0.0003922500000000002
-0.0006637500000000002
-0.00524925
-0.0017942500000000005
-0.00043525000000000036
0.00014025000000000037
-0.00471775
-0.0025902499999999997
0.00259675
-0.0019747499999999995
0.0021267500000000006
-0.0014957500000000003
-0.00222225
-0.0005297500000000003
-0.0015577500000000005
-0.0059882500000000005
-0.0009757499999999998
-0.0030667499999999996
0.00031524999999999983
0.00011924999999999984
-0.0021427500000000006
-0.0015287500000000004
-0.00076875
-0.0031892499999999994
-0.0009757500000000005
-0.0009682499999999997
0.00139075
-0.004525749999999999
-0.0031522500000000005
0.00172775
0.0011772500000000003
0.0023567499999999995
0.00031775
0.0007917500000000005
-0.0010487500000000002
0.0025342499999999996
-0.0034877499999999995
0.00141675
-0.00064275
0.0031667500000000003
0.0026682500000000005
0.00086125
0.0007842500000000005
0.00377975
0.0017392499999999997
0.0011337499999999996
0.0015927500000000006
0.0010482499999999993
-0.0009657500000000002
0.0023627500000000003
-0.0010917500000000003
-0.0024057500000000003
-0.0037277499999999997
-0.0018507500000000004
-0.0013112500000000001
-0.00270175
-0.0013142499999999997
0.0019207500000000001
-0.0027947500000000004
0.0019717500000000004
0.0010332500000000007
-0.00369375
0.0016292499999999998
-0.0044287499999999995
-0.0004777499999999992
0.00023674999999999982
-0.003943250000000001
0.0006977499999999994
-0.004931250000000001
0.0016877499999999996
0.0010327500000000002
-0.00022824999999999964
0.0032672499999999998
0.0014347499999999996
-0.0016687499999999999
-0.004229249999999999
0.0012697499999999998
0.002173750000000001
0.0009902500000000002
0.0025197499999999994
0.006022249999999999
-0.00474075
0.0037622500000000004
-1.2749999999999844e-05
-0.0002222499999999996
0.00046674999999999993
0.00279275
-0.0013617500000000005
0.0020927500000000004
0.0018442499999999993
0.0005472499999999997
0.0019302499999999995
0.00060275
0.0006182500000000002
-0.00383475
-0.0011462499999999997
0.0010717500000000002
0.0014292499999999997
-0.00253125
-0.0012147499999999995
-0.00025375000000000007
-7.324999999999964e-05
-0.003705250000000001
-0.00093725
-0.0002672499999999999
0.0019187500000000008
0.0025277499999999996
0.0008262499999999996
0.003963250000000001
0.00043875000000000007
0.004322250000000001
0.004388749999999999
0.0028807499999999996
0.004227250000000001
0.007504250000000001
0.0012087500000000002
0.00024825000000000004
2.9749999999999846e-05
-0.0009577500000000008
0.0016642499999999993
-0.0013107499999999994
0.0021277499999999994
-0.00217075
0.0014892499999999997
-0.00433125
0.0009172499999999994
-0.0006267500000000004
0.0008532500000000005
-0.00040225000000000064
-0.0015657500000000003
0.0002842499999999998
0.00291825
-0.0007722500000000001
0.00278575
-0.0013507500000000004
-0.0011422500000000007
-0.001984750000000001
0.0006002499999999994
0.0012042499999999996
0.00038325000000000056
7.174999999999903e-05
0.0033272499999999995
-0.0039812499999999995
0.0016532500000000006
0.0006872500000000004
0.0009607499999999998
0.0005087500000000003
-0.0012592499999999997
0.00010774999999999952
-0.00229675
-0.0019702499999999993
0.0037692499999999996
-0.0016437500000000011
-0.0036262499999999997
-0.0050202499999999995
0.0025052500000000005
0.0017407500000000005
-0.0008157500000000004
0.0015282500000000007
-0.00210175
-9.425000000000016e-05
0.0001237499999999999
-0.0005752499999999993
0.0005252500000000001
-0.0028977499999999993
-0.0010477499999999994
-0.0013297499999999996
0.00561225
0.00357075
0.00146125
0.0016637500000000005
0.0023992500000000003
-0.0014542500000000005
0.0041112499999999995
-0.0009827500000000003
-0.0003807499999999996
0.00463325
0.00039574999999999946
0.0007737499999999997
0.003230749999999999
0.0006162499999999996
-0.00181375
0.002826249999999999
-0.0015972499999999995
-0.00382175
-0.0006307499999999999
-0.00318825
-0.0013307499999999997
0.002301749999999999
-2.5250000000000167e-05
-0.0005032500000000001
0.0011602500000000005
0.0003522499999999999
0.0003812500000000001
-0.0053967500000000005
8.774999999999949e-05
0.0020897500000000005
0.0007052499999999999
-3.974999999999992e-05
0.0013792500000000003
-0.0026987499999999985
-0.00073325
-0.0023282500000000005
-0.0017042500000000005
0.003956749999999999
-0.0011112499999999998
0.0007062500000000001
-0.0020902500000000005
0.0005632500000000009
0.00250875
0.00066025
-0.00021825000000000032
-0.0014297499999999994
-0.004845250000000001
0.0003877500000000003
-0.00074625
0.0035702500000000005
0.0027597499999999996
-0.00096225
0.0030467499999999995
-0.0030732499999999996
0.0010622499999999998
-0.0010722500000000003
-0.0035227500000000007
0.0009932500000000002
-0.00016975000000000047
-0.00290675
-0.00044924999999999956
-0.00168275
0.0005157499999999998
-0.00140725
-0.00117625
-0.0013032500000000002
0.0005162499999999997
0.0015867499999999996
-0.0014212499999999998
-0.0032312500000000006
-0.0011012500000000002
0.002521750000000001
0.0006512499999999999
0.00175425
-0.0014282500000000007
-0.00226225
4.974999999999938e-05
0.00187625
-0.003453750000000001
0.0019067499999999996
-0.0034272500000000006
-0.0010012499999999995
-0.0016912500000000005
-0.00065525
-0.00406075
0.00096825
0.0010807500000000005
-0.0005332499999999997
-0.0017807500000000002
-0.0018217500000000007
0.0012482500000000002
0.0030742499999999993
0.00130925
0.0019342500000000002
-0.00332175
0.0017712500000000013
0.00048124999999999985
0.00462075
-0.0008612499999999996
0.00131575
0.0027722500000000004
0.0027307500000000005
-0.00130525
8.825000000000027e-05
-2.1250000000000296e-05
-0.00421675
-0.0013312499999999989
0.0013362499999999993
0.0012952499999999995
-0.00103575
0.00431525
0.0021462499999999993
-0.0004747499999999999
-0.0001887500000000001
0.0004482500000000003
0.0006257499999999998
-5.2249999999999725e-05
0.0016907499999999998
-0.0028092499999999992
0.0011282500000000001
-0.0024502499999999997
0.0008787499999999995
0.00316475
0.0019992499999999997
0.004058750000000001
-0.0051807500000000005
0.001501750000000001
0.00248925
0.00157825
0.0022342499999999993
0.0009952499999999998
0.0017312499999999993
0.0001242499999999991
0.00285925
-0.00324075
0.00268275
0.0030982499999999994
-0.0013632499999999992
0.00090925
0.0009247499999999991
0.0003912499999999999
0.0017602499999999999
-0.0003872500000000002
0.00034324999999999937
0.0015187500000000001
0.0003612499999999999
-0.0007647500000000005
0.00152275
-0.0012347499999999997
0.0027127499999999994
-0.0024237500000000006
0.00011324999999999968
0.00042725
-0.004310249999999999
0.002110750000000001
0.0021567500000000002
-0.0011077500000000002
0.0024422500000000004
-0.0018902499999999998
0.0008867500000000001
-0.0035732499999999996
0.0007607499999999995
-0.0009677499999999998
2.175000000000038e-05
-0.00023125000000000063
-0.00237875
0.0009122499999999998
-0.0006112499999999998
0.00380125
-0.00280625
-0.0014327500000000006
6.274999999999975e-05
0.0006187499999999996
-0.00264575
0.0015252499999999995
0.0036252500000000004
-0.0008612499999999994
-0.0006262500000000002
-0.00014025000000000037
-0.00166625
0.0022802499999999993
0.00315075
0.0006337499999999999
0.0035392499999999994
-0.004174250000000001
0.00012075000000000009
0.0012427499999999995
0.00088225
-0.0048207499999999995
-0.0030537500000000005
0.00249675
-2.0249999999999713e-05
0.00020674999999999958
-0.0020902499999999997
-0.004063250000000001
0.0037472499999999997
0.0034972499999999995
0.0025612499999999997
0.0006737500000000004
-0.00203425
0.0004542500000000002
-0.0011907499999999998
-0.0013107500000000003
1.1750000000000094e-05
-0.0021827500000000002
-0.0037262500000000004
0.0007147500000000001
0.0004772499999999996
-0.0011697499999999998
-0.0017362500000000006
0.00031124999999999903
0.00484475
-0.00212075
-0.0008612499999999995
-0.0007477500000000006
-0.0022682500000000003
0.0017297500000000008
6.925000000000042e-05
0.0017662500000000002
7.675000000000056e-05
-9.924999999999958e-05
0.0013802500000000002
0.0019862499999999997
0.0024727499999999993
0.00506625
-0.00210925
0.0022892499999999996
-0.00472225
-0.0009462500000000005
0.0010022500000000005
-0.00265775
-1.5749999999999377e-05
-0.0020942499999999993
0.0029932499999999994
-0.0017177500000000007
-0.0023062500000000006
-0.00212475
-0.00187325
-0.0032032499999999995
0.0012652499999999997
0.003973749999999999
0.0014832499999999998
-0.00206475
-0.00195525
-0.00139575
0.0007882499999999997
0.0002932500000000003
0.0005597499999999999
-0.0007427500000000004
-0.00286175
0.0009342499999999992
-0.0031162500000000005
-0.0019627500000000005
-0.00390625
0.0015277499999999994
0.00140075
0.003611750000000001
-0.0022512499999999993
-0.0006787499999999999
-0.0005147499999999999
0.0029857499999999997
0.0020162499999999994
0.00236125
-0.0010837499999999996
-0.0018027499999999997
0.0016912500000000005
-0.00202325
0.00807675
-0.0019332499999999996
0.00036225000000000005
0.00129425
-0.00384125
-0.0012667500000000003
0.003917250000000001
-0.0017947500000000006
-0.0005152500000000004
0.0010122500000000003
0.00101625
0.00345375
0.0021832500000000003
0.00233125
-0.0022362499999999995
0.0004397499999999999
0.001478250000000001
0.004038750000000001
-0.00031525
0.0006157500000000001
0.00010374999999999954
0.0025032500000000003
0.00222525
0.0005092499999999997
-0.0036307499999999994
0.003850250000000001
-0.00321025
0.00020874999999999998
0.00188625
-0.0025162500000000003
0.0006447500000000004
-0.0011512500000000004
0.005444750000000001
0.00344325
0.00011775000000000022
0.0002582500000000003
0.00533675
0.00321475
0.00080825
-0.00410425
0.00379775
-0.00015425000000000023
-0.00326275
0.0011437500000000005
-0.0011112500000000003
-0.00755525
0.0005992500000000001
-0.0012102500000000006
0.00018125000000000001
0.0006692500000000004
0.0007067499999999994
-9.75000000000014e-06
0.00499225
0.0023862499999999995
0.0028102500000000002
-0.005583750000000001
0.00011575000000000002
0.00173325
0.0011417499999999998
-0.0018477500000000002
-0.0012382500000000002
0.0006042500000000005
-0.00107675
0.0010887499999999997
0.00491325
0.0005052500000000003
-0.00196075
-0.0058442500000000005
0.0025377499999999996
0.0029972500000000003
0.00397275
0.0034962500000000002
-0.0025217499999999997
-0.0038082499999999996
-0.00672925
-0.00100325
-0.004072749999999999
-0.0020087499999999993
0.00522175
-0.00027475
-0.007432749999999999
-0.00196725
-0.00406775
-0.00239425
-0.0003232499999999999
-0.0005397499999999999
-0.00415125
-0.0011422500000000003
-0.005483750000000001
0.00025775000000000006
-0.00021675000000000028
-0.00037974999999999993
0.0009777499999999992
0.0012737499999999997
-0.00420675
-0.0024112499999999998
0.0017147500000000001
0.00011275000000000063
-0.00064925
-0.0004252499999999998
-0.0020427499999999994
-0.00228925
-0.00122375
-0.00574175
0.0006962499999999993
0.0003787499999999999
0.0017362499999999995
-0.00268525
-0.0007067500000000005
0.0011652499999999998
0.00808325
0.0025992499999999996
0.0012087500000000006
-0.0010062500000000002
0.0007567499999999999
0.0005127499999999999
0.0012287500000000005
0.002422750000000001
0.0024467499999999993
0.0016297500000000001
0.00363325
0.00684175
0.0008812500000000004
-0.0018002500000000002
-0.00010125000000000009
-0.003856250000000001
0.0025632500000000004
0.0018952499999999998
0.0013422500000000001
0.00023425000000000016
-0.00318425
0.0019482499999999992
0.0002707500000000001
0.00397275
-0.00010275000000000006
0.0012557500000000006
0.0008377500000000002
0.0013047499999999993
-0.00032824999999999993
-0.0010592500000000003
-0.00036074999999999974
0.00204175
-0.004094250000000001
0.0023202499999999994
0.00173875
-0.0019717499999999995
-0.0008217499999999997
0.00183925
-0.0008337500000000003
-0.00307975
-0.0016317500000000004
0.0019387500000000002
-0.00017224999999999934
0.00336325
0.00460125
0.005648249999999999
-0.00457575
-0.0011287500000000006
-0.0011912500000000005
0.0023627500000000003
-0.00184625
0.0014207500000000001
0.0011337500000000009
0.0011882499999999996
0.00018124999999999974
0.00221275
-0.0013682499999999995
-0.00038975000000000045
9.675000000000017e-05
-0.0005177500000000005
0.0030677500000000006
-0.00306025
0.0009597499999999997
-0.0009882500000000004
5.7749999999999744e-05
-0.0013732500000000001
-4.775000000000015e-05
3.925000000000012e-05
0.0016827499999999998
-0.00036025000000000016
-0.0006757499999999999
0.00355075
0.0024077499999999997
0.0021532499999999998
0.0006177499999999998
0.00031375
-0.0023837500000000005
0.00243875
-0.0034772499999999994
0.0026752500000000005
-0.00108375
0.0014547500000000005
1.0749999999999372e-05
-0.0004067499999999998
0.0012607500000000002
-0.00595925
-0.00010625000000000009
0.0012642499999999995
-0.0008797500000000001
-0.00268175
-0.0031902499999999995
0.00221175
-0.00040175000000000003
-0.0028447500000000005
-0.0002527500000000005
-0.00238925
0.00045825000000000005
-0.00164875
-0.00118375
-0.00022325000000000025
0.0008777500000000002
0.00413825
0.0027602499999999997
-0.0003532500000000001
1.674999999999982e-05
0.0002522500000000001
-0.004348749999999999
0.0011242499999999996
0.0015812499999999993
-0.00020675000000000082
-0.0010162500000000004
-0.004979750000000001
0.0016092500000000004
-0.00017275000000000013
-0.0009277500000000005
-0.0011867499999999997
0.0052032499999999995
0.0022122500000000002
0.0009082500000000002
-0.0009177499999999998
0.0030067500000000003
0.001984250000000001
0.0025692500000000004
0.00019575000000000064
0.002410249999999999
-0.0006802500000000003
0.00027925000000000004
0.0004927500000000001
-0.0009472499999999997
0.0009562499999999999
0.0033197500000000002
0.004243250000000001
0.001801250000000001
-0.0020457500000000007
0.00011125000000000051
0.0025157499999999998
0.00128075
-0.00660475
-0.0010787500000000005
-0.0032207500000000005
-0.00261625
-0.0023002499999999998
-0.00019975000000000006
-0.00206975
0.003661249999999999
-0.0027792499999999996
0.0026172500000000002
0.0017137500000000006
0.00306425
-0.00023375000000000078
-0.0003282499999999989
-0.00135225
0.0023292500000000006
-0.00124225
0.0027217500000000006
-0.00361275
-0.0015032499999999998
-0.00634825
0.0003012499999999996
0.004401749999999999
0.0010662500000000001
-0.0001297499999999993
-0.00022125000000000007
0.0005492500000000005
-0.00447825
0.00110925
-0.006178250000000001
0.00034425000000000064
0.00449425
-0.00295125
-0.00228225
-0.00048274999999999984
0.0005057500000000003
-0.002126249999999999
-0.0023612499999999996
-0.00130925
-0.0017197500000000001
0.0010142500000000002
0.0018682499999999997
0.00559225
0.0014367499999999997
-0.0011057500000000006
0.0013547499999999998
-0.0006037499999999998
0.0027027500000000003
-0.0004372500000000004
-0.0006167500000000005
0.0017302499999999994
0.0015802499999999996
-0.0008742500000000009
0.00010024999999999937
-0.00282175
-0.0034182500000000016
0.0015717500000000007
-0.0013752500000000002
-0.00232075
0.00010925000000000046
0.0010202499999999997
-0.0011332500000000004
-0.00485825
-0.00027075000000000043
-0.0028422500000000006
0.0018502500000000005
-0.0004402500000000007
-0.0022597500000000005
0.0026527500000000006
-0.00414775
0.00446425
-0.00106025
0.00167725
-0.002940250000000001
0.0027112500000000006
0.0018717499999999993
0.0010007499999999995
0.00021375000000000005
-0.004142249999999999
-0.0011487500000000007
0.0003007499999999996
0.00014024999999999967
-0.00338325
-4.5250000000000016e-05
0.00024025000000000026
0.0004232500000000002
-2.3750000000000367e-05
0.0026187499999999996
0.00014574999999999996
-0.004723249999999999
0.0005882500000000001
0.00529425
-0.00211775
-0.00480175
0.004528750000000001
0.0013397499999999996
0.0025892499999999995
-0.0005307500000000001
0.0009077499999999992
0.0018502499999999995
0.0005292500000000003
-0.00190975
0.0004822499999999999
-0.0011952500000000001
0.00118725
5.2750000000000435e-05
-0.0025317500000000006
-0.0013522500000000004
-0.00217575
-0.0017922500000000004
-0.0005857499999999998
-0.00559275
-0.0016542500000000008
0.00249875
-0.00527775
0.0008582500000000004
0.0024032499999999996
0.00014725000000000044
-2.8749999999999608e-05
-0.0031587499999999992
0.0007142500000000007
-0.0018027499999999997
-0.00022325000000000095
-0.00070775
-0.004142750000000001
-0.0018117499999999998
-0.0031722499999999997
-0.00192975
-0.00443025
0.0015117500000000003
-0.0026572499999999995
0.0005317499999999996
0.00529925
-0.0010932499999999998
-0.0005552500000000005
-0.0003557500000000002
0.004797249999999999
0.004000750000000001
0.0026267499999999993
-0.0037232499999999996
0.0022642499999999998
-0.0018177499999999997
-0.0005212500000000001
-0.00164875
0.003260750000000001
0.00209725
-0.00271925
-0.00260625
-0.0006127499999999997
-0.0034097499999999996
0.0030072500000000004
-0.0005967500000000003
-0.0018247500000000006
0.00247675
0.0009697499999999998
-0.00256025
0.00075825
0.0027937499999999994
0.00528475
0.0018067500000000002
-0.0005467499999999997
-0.0012052500000000002
-0.0027827500000000005
-0.00198675
-0.0008382500000000003
-0.0015732500000000004
-0.0016767499999999999
-0.0003942500000000005
-0.0018077499999999995
0.00046875000000000096
-0.0019622500000000005
-0.00311675
-0.0009172499999999999
-0.0035007499999999995
0.0004482499999999993
-0.0012772500000000004
0.00578025
0.00037824999999999995
0.0016517500000000007
0.0030092500000000006
0.00279375
0.00032274999999999963
0.0017317499999999998
-0.00196075
0.0009237500000000004
-6.474999999999997e-05
-0.00309275
0.0030997499999999996
-0.0003847500000000004
-0.003219750000000001
-0.0010037500000000007
-0.0038322499999999993
0.0022897500000000006
-0.00034725000000000007
0.0004972499999999996
-0.00211675
-9.74999999999962e-06
0.0008622499999999994
-0.002777250000000001
0.00215025
0.00271175
0.0010257500000000002
0.0015977500000000002
-0.004885250000000001
-0.0007017499999999994
0.00418475
0.00202475
-0.00485375
-0.00015875
0.0020162500000000002
0.0036117499999999995
-0.00203475
0.0016717500000000005
-0.0023737500000000004
-0.0019417500000000008
0.0014932499999999998
0.002396250000000001
0.0015682499999999995
0.0030837499999999997
0.0036107500000000002
-0.00139475
0.00648075
0.0009452499999999995
-0.0014382499999999999
-0.0007877499999999996
-0.0008232499999999995
-0.00304225
-0.00438875
0.005050249999999999
0.0006997499999999995
0.00058625
-0.0014192499999999997
-0.0003402499999999995
-0.00191925
0.0007172499999999998
0.00208875
0.0015047499999999998
-0.00018175000000000051
0.0013132499999999997
-0.0011702499999999998
0.0012247499999999997
-0.0005177500000000007
7.224999999999989e-05
0.0010047499999999998
0.00192975
-0.00024174999999999975
-0.0027387500000000007
-0.00273175
-0.0011377500000000007
-0.0001837500000000006
-0.0034837499999999994
-0.0004297500000000001
-0.00019775000000000042
0.0005967500000000001
-0.00409975
-0.0005877499999999996
-0.0003782499999999993
0.0041772499999999995
-0.0004922499999999995
0.0019227499999999998
-0.0015847499999999998
-0.0030537500000000005
0.00373625
-0.00271925
-0.005432749999999999
-0.0013632499999999997
-0.0027722499999999995
-8.124999999999966e-05
-0.0018407500000000004
-0.002105749999999999
0.0009407499999999996
-0.0009742500000000003
0.0025292500000000007
-0.004077750000000001
0.0016382499999999995
-0.00186525
0.00264375
-0.0030417499999999997
-0.00222175
-0.00247775
0.00409975
-0.0004907499999999998
0.0017072500000000002
0.0013887500000000002
0.0020712499999999993
0.0009967500000000002
-0.0033777499999999992
-0.0012812500000000003
0.00034475000000000006
0.0019172499999999997
-0.0013417499999999998
-0.0038477500000000005
-0.0017602500000000005
0.0064287500000000004
0.0012827500000000005
0.0008347500000000002
0.00047424999999999995
0.0010297499999999996
-0.0023462500000000002
0.0011717499999999994
-0.0012592499999999997
-0.0011282500000000001
-0.00457575
0.00087075
0.0019227499999999998
0.0006937500000000005
-0.006653750000000001
-0.0014377499999999998
-0.0013617499999999997
0.0012687500000000003
-0.0013282500000000004
0.0003732499999999999
0.0004892499999999995
0.0007207499999999998
-0.0014847499999999997
0.00484875
-0.00021324999999999955
-0.0003382499999999997
-0.0021667500000000003
0.00018574999999999912
0.0006782499999999998
0.0002562500000000007
-0.00262775
0.00106875
-0.00042324999999999996
-0.00284125
0.00250275
0.0010162499999999996
0.00236175
-0.00264625
-0.00321275
-0.00198625
-0.005288750000000001
-0.0022912500000000008
-0.0016217500000000008
0.00411425
-0.0025372499999999996
0.006180250000000001
0.0017557500000000004
-0.003500749999999999
-0.00229075
0.0003012499999999995
0.0009407500000000001
-0.0007972499999999999
-0.00161675
0.00041275
0.0014317499999999992
0.0013432500000000005
0.004007750000000001
0.0032867500000000006
-0.0017107499999999998
0.0026417500000000004
-0.0011977499999999994
-0.0011157499999999996
0.0020047499999999996
-0.00029525000000000005
0.00063425
0.00207425
-0.0020552500000000002
0.0030352499999999998
0.00197025
0.0018137499999999992
-8.674999999999989e-05
0.0007007500000000005
-0.0029227500000000004
-0.0010322499999999997
0.003036749999999999
0.0027737499999999997
-0.00254975
-0.0005297499999999994
-0.004784750000000001
-0.0023222500000000005
-0.0003632499999999997
0.0002332499999999997
0.00047224999999999974
0.0018417500000000003
0.0018212499999999997
-0.0022117500000000006
-0.0017982500000000002
-0.0003757500000000001
-0.00101175
0.0015937499999999997
-0.0021257500000000005
0.0005607500000000004
-0.00062475
0.00024574999999999966
-0.0031682500000000014
-0.00156025
0.0023372500000000004
-0.0014577500000000005
-1.8249999999999932e-05
0.004115249999999999
-0.0016022500000000002
-0.0002712500000000002
-0.0006467500000000004
-8.22500000000001e-05
-0.0005917500000000004
-0.0020612499999999993
-0.00448175
0.0008437500000000001
-0.00119425
0.00178925
0.0008352500000000001
-0.0023057499999999996
-0.00015974999999999963
-0.0024337499999999997
-0.00190575
0.00054275
0.0004982499999999998
-0.00499475
0.0015962499999999996
-0.0037057500000000003
-0.004755250000000001
0.00198975
0.0011752499999999996
-0.0054877500000000004
0.002765750000000001
-0.0017837499999999993
0.0010062500000000006
0.0017777499999999998
-0.005177750000000001
-0.0009862500000000001
0.0023832499999999995
-5.2749999999999744e-05
-0.004313750000000001
-0.00310525
0.0001897500000000002
0.00510275
0.00236025
-0.0016717500000000018
-0.003011750000000001
0.0007792499999999997
0.004261249999999999
-0.00027724999999999945
-0.0012572500000000001
0.00128925
0.0005857499999999998
-0.00596875
-0.00121625
-0.00411725
0.002567750000000001
0.0006007499999999999
-0.00083175
-0.00064025
0.005501250000000001
0.00280775
0.0036462499999999998
-0.00023274999999999978
-0.00152625
-0.001813249999999999
0.005839250000000001
0.0011567500000000007
-0.00386725
-0.0013197500000000006
-0.0003042499999999995
-0.0006187500000000002
-0.0028547500000000005
-0.0009802500000000007
0.00201125
0.0003332499999999995
0.00297775
0.00031774999999999956
0.00312075
-0.0009077500000000002
0.004774250000000001
0.00320225
-0.00228375
-0.00042774999999999953
-0.00428125
-0.00523825
-0.0004657499999999999
0.0039362500000000005
-0.0016537500000000005
-0.003915249999999999
0.0016317500000000002
0.0044392500000000005
-0.00173175
0.0005482499999999992
-0.0011672499999999997
-0.0007482500000000009
-0.00352325
0.0016627500000000002
-0.00371175
-0.0029397499999999997
-0.00022925000000000042
0.0018737499999999995
0.0026987499999999998
-0.00135025
0.0009567500000000004
-0.00038324999999999996
0.00495875
-0.00133525
2.6750000000000247e-05
0.00165925
-0.0024862500000000006
0.00520675
-0.0020337500000000004
-0.00398225
0.0029667499999999998
-0.0007262499999999999
-0.0016032500000000003
-0.00021175000000000062
-0.0018267499999999987
0.00223225
0.0024672499999999994
-0.0006762500000000004
0.0033762499999999995
0.00290725
-0.0005952500000000001
0.0009057500000000006
-0.0009637499999999997
-0.00228225
0.0019577500000000003
-0.00730575
-0.00230625
-0.00370025
0.00441125
-0.0010217499999999999
0.0018622500000000002
-0.00132325
0.0021007499999999998
0.0006707500000000001
0.00232325
0.0017277500000000001
-0.0002137499999999999
0.0023807499999999996
-0.0006627499999999997
-0.00338925
0.00312075
0.0012587499999999999
0.00342425
7.574999999999963e-05
0.0002042499999999997
0.0017892500000000003
-0.0025117499999999997
-0.0003972499999999998
0.00306725
-0.0008042499999999993
-0.00304425
-0.004672750000000001
0.004086750000000001
0.00409875
-0.00161875
0.0023767499999999995
-0.0009062499999999993
0.00326225
0.00021525000000000043
-0.004972750000000001
0.0016677499999999995
0.0015037499999999999
0.00171775
-0.00051675
9.874999999999995e-05
0.001966250000000001
-0.00168825
-0.003635750000000001
0.004528750000000001
0.00052425
-0.0001252500000000005
0.0009317499999999995
0.0006462499999999996
-3.324999999999967e-05
0.00040474999999999984
-0.0006127499999999996
-0.0012172500000000002
-0.0012377500000000004
0.00296925
-0.0002867499999999998
0.0003272500000000006
5.225000000000035e-05
-0.0033882499999999998
0.0009862499999999997
0.00196075
0.00158575
0.0008947500000000003
-0.0030807499999999993
0.00407225
0.001191249999999999
-0.0001742500000000001
0.0025602499999999996
0.0007767500000000001
-0.0036432499999999994
-0.0003882499999999997
-0.00175325
0.0013892499999999999
-0.0011362499999999999
-0.0005762499999999998
-0.003944750000000001
-0.0012152500000000004
-0.00129725
0.00158625
8.924999999999988e-05
0.0018497500000000003
0.0005632500000000003
0.0007192499999999998
-0.0013082500000000006
0.0033187500000000005
-0.0028307499999999995
-0.003072249999999999
0.0001787500000000007
-0.0010887499999999997
-3.275e-05
-0.0021962500000000007
-0.0006817499999999993
-0.00045374999999999935
0.0012482500000000004
-0.002255250000000001
-0.00160375
-0.0006717500000000007
0.0004667500000000001
-0.00021225000000000023
-0.0031872500000000004
-0.00240425
0.0004877500000000001
-0.002990750000000001
0.00312175
0.0020502500000000004
0.00038525
0.003299250000000001
0.0028177499999999995
-0.0018277500000000002
0.0008987500000000001
0.0009522499999999995
-0.0031277499999999986
0.00013525000000000036
-0.0007602500000000004
0.00326275
-0.0007747499999999995
0.0006712499999999999
0.0017867500000000004
-0.004126250000000001
0.0021467499999999994
-0.00114575
-0.005008749999999999
0.0014747500000000001
0.00144675
-5.375000000000019e-05
-0.00059925
-0.002517750000000001
-0.00020025000000000026
0.0007212500000000001
-0.0020322499999999993
-0.00229975
-0.00451175
0.0007752499999999998
0.0019577499999999994
-0.008662749999999999
-0.0038697499999999995
0.00079375
-0.00258425
-0.0005077499999999993
0.00169125
0.0016672500000000001
-0.0005202500000000004
0.0007977500000000002
0.0011897500000000003
0.0028697500000000003
0.0013682500000000005
-0.00311325
0.0045692499999999995
-0.0030132500000000007
-0.0011237499999999995
0.0010947499999999992
-0.00261175
0.008974750000000002
-0.00456975
8.924999999999988e-05
-0.0012162499999999999
0.00011425000000000039
0.0014727499999999999
0.00413325
-0.0014362499999999994
0.0034212499999999994
0.00203975
0.0002352499999999997
0.0011547499999999997
-0.0015037499999999999
0.0018882500000000002
0.00231025
9.824999999999931e-05
-0.0017772499999999998
-0.000910750000000001
0.00376775
0.0009142499999999995
-0.0019392499999999998
0.00207575
-7.224999999999953e-05
0.0009957500000000003
0.00085125
-0.0018172500000000003
-0.00227725
0.003910750000000002
-0.00504325
0.0034277500000000007
-0.0037127500000000003
0.00020424999999999998
0.00037375000000000103
0.0016567499999999998
0.00220225
-0.0009687499999999999
-0.0016977499999999998
-0.0004822499999999996
-0.0016062500000000003
0.0010202499999999992
-0.0010857499999999993
-0.0023917499999999998
-0.004232250000000001
-0.0008792500000000003
-0.00082425
0.00084675
0.0017482500000000005
-0.00021625000000000046
-0.0011837500000000001
-0.00267775
0.00204625
-0.00318075
0.0034407500000000007
-0.0017487500000000005
0.0012662499999999998
-0.00231775
0.00370325
0.0013197499999999997
0.00190575
-0.0019652500000000004
0.0008957500000000006
-0.0008457499999999998
0.0017807499999999996
-0.0006952500000000001
-0.0008882500000000003
0.0018967499999999998
0.00154025
-0.0008182499999999999
-0.00439875
0.00203775
0.0006707500000000006
0.0018937499999999994
-0.000444250000000001
0.00087725
0.0043777500000000006
-0.0006277500000000003
-0.0008562499999999995
-0.00026075000000000024
0.00038574999999999997
0.0003942499999999996
0.00134975
0.0016937500000000006
0.0007727499999999992
0.00348475
1.8749999999999737e-05
0.00031525000000000026
0.0036592499999999993
0.0011542499999999997
-0.00179375
-0.003000750000000001
-0.0014957500000000001
0.0021127500000000005
-0.00010324999999999962
0.0002927500000000008
-0.00197075
0.00357375
-7.075000000000001e-05
-0.00399475
-0.0017867500000000008
0.0003192499999999998
-0.00082975
0.0013287499999999996
0.0005992499999999994
0.00113975
-0.003546250000000001
0.0027602499999999997
-0.0019742499999999994
0.00034424999999999956
0.0026522499999999992
-0.0012387499999999994
0.00197225
-0.0013702499999999995
0.0008427499999999999
0.00331625
-0.006862750000000001
-0.0008932499999999991
-0.0016927500000000007
0.0034762500000000006
-0.0024897499999999993
-2.3250000000000355e-05
0.0006792499999999993
-0.0007757500000000005
0.0022677500000000002
0.00038175000000000014
-0.0048667499999999995
-0.0013017500000000002
0.00374025
0.0026437500000000003
0.0020397500000000003
0.005451750000000001
0.0007362499999999997
-0.00440825
-0.0032457500000000004
0.0036277499999999995
-0.0037072499999999996
-0.0029917499999999996
-0.00047924999999999975
0.0023917499999999998
-0.0004962499999999995
-0.00011925000000000016
0.0034017500000000007
-0.0010657499999999994
-0.00195925
-0.0028407499999999995
-0.00222575
-0.0019047499999999998
0.0018232500000000002
-0.00345675
0.000388249999999999
-0.0008617499999999995
-0.00204025
0.0004637500000000003
0.0038947499999999998
0.0046837499999999995
-0.0012467499999999998
-0.00431175
0.00102125
0.0002782500000000002
-0.00103625
-0.0007112500000000004
-8.425000000000057e-05
-0.0020522500000000003
-0.00048024999999999983
0.0012887500000000008
0.00473575
0.0031072499999999998
-0.00024224999999999968
-0.0028497500000000003
-0.00221075
0.0006632499999999997
-0.00227575
-0.00408975
-0.00221775
0.0030182499999999997
-0.0004207500000000008
-0.0014712499999999997
-0.0018592499999999996
0.0014482499999999999
-0.0011942500000000002
0.00282575
0.0019252500000000003
0.00117275
0.0017122499999999998
0.0028327500000000006
0.0010047499999999994
0.00036725000000000033
-0.0029692500000000005
-0.0007572500000000007
-0.00047125000000000015
-0.002269749999999999
0.0010882499999999996
0.0021767500000000003
-0.0010292499999999993
-0.00560475
0.0032052500000000006
0.00018775000000000028
0.0009187500000000007
-8.775000000000005e-05
-8.424999999999961e-05
2.1250000000000296e-05
0.00018025000000000007
0.0017247500000000004
-0.001233749999999999
6.974999999999981e-05
-0.00442425
-0.0007507500000000001
0.0027622500000000004
-0.0010817499999999992
-0.00274325
0.0005322499999999998
-0.0017587500000000001
-0.0008237499999999999
-0.0055137499999999996
-0.0003677500000000003
-0.0011467499999999998
0.002750250000000001
-0.0003812499999999997
0.0012382499999999993
0.0007687499999999997
0.0006392500000000003
-0.00265175
0.0032852499999999995
-0.00092175
0.0009547500000000003
0.0025202499999999995
-0.00022125000000000034
0.00223325
0.00016725000000000046
0.0015577499999999997
0.00132125
-0.00259675
-0.005454250000000001
-0.0015467499999999997
0.0012032500000000001
0.00130225
-0.00461775
-0.0011977499999999994
-0.0015062500000000004
-0.00287175
-0.0007297499999999998
-0.00518575
0.00076875
-0.0012682500000000003
0.00124975
-0.00021425
-0.0017542500000000006
0.0030222500000000006
-0.0032497499999999996
-0.0034767500000000002
-0.0002332499999999993
-0.0001382500000000002
-0.00129575
-0.0024842499999999995
0.0011887499999999997
0.0020317499999999993
-0.0018867499999999998
-0.0012507500000000001
0.00415675
0.00010324999999999987
0.0021477499999999995
0.0022532499999999996
-0.0018112499999999997
0.00202475
0.00255425
0.0005982499999999999
0.0020577499999999997
-0.00161825
-0.00044475000000000054
0.00234325
-2.4249999999999688e-05
-0.005440749999999999
0.0008102500000000003
6.325000000000025e-05
0.00022675000000000055
0.00107325
-0.0003897499999999998
0.00418975
-0.005729749999999999
0.0014037500000000005
0.00016175000000000057
0.0005857500000000003
-0.00111675
-0.002622249999999999
-0.004160249999999999
-0.00036075000000000023
0.00077425
-0.00284275
-0.0019222500000000006
0.00021924999999999972
-0.0010227500000000007
-0.00125975
-0.00324225
0.00026225000000000055
2.7750000000000204e-05
0.00138575
0.00130575
0.0020662500000000004
0.0004407499999999994
0.0005102499999999996
0.0030652500000000003
-0.0016822500000000002
-0.0004952500000000007
0.0003842500000000004
-0.00517925
-0.00205675
-0.0008292499999999997
-0.00022674999999999987
0.00389875
0.0022557500000000012
0.0004602500000000001
0.0012622499999999995
0.0014942500000000004
-0.00417475
-0.0001212499999999997
0.00229925
-0.0015022500000000003
0.0010777500000000006
0.0018182499999999996
-0.0027587500000000004
-8.124999999999937e-05
0.00358875
-0.00248575
0.005114750000000001
0.00554925
0.00423775
0.00232025
-0.0014032500000000004
0.0031212499999999995
0.00389625
0.0021567500000000002
-0.0007472500000000008
-0.0012052500000000008
-0.0005977499999999992
0.002285750000000001
-0.0017152500000000004
0.0027997499999999997
0.00289775
-0.002729249999999999
-0.0019382499999999999
-0.00011475000000000069
-0.0031227499999999997
-0.0008502499999999993
-0.0015732500000000004
-0.00074275
-0.00341925
-0.0019992499999999997
-0.0009687499999999996
0.0024347500000000007
0.0033262499999999993
0.00214425
-0.00039374999999999995
-0.0031887499999999984
0.0011102500000000001
0.00060675
0.0065397499999999996
0.00029775000000000016
-0.0012292499999999999
-0.0009207500000000001
0.0018157499999999999
0.0006722499999999999
-0.001606250000000001
-0.00424025
-0.00557975
-0.0054817500000000005
-0.0016352499999999998
-0.0009187500000000007
-0.00014174999999999854
-0.0020727500000000004
-0.0030462500000000003
-0.0014237500000000014
0.00133225
-0.00641125
-0.0003957499999999997
-0.0010617500000000002
0.0005567500000000004
-0.0014087499999999996
0.0005897499999999997
-0.0007027500000000004
-0.00242325
8.574999999999971e-05
0.0008762499999999999
0.0016402500000000002
-0.00104375
-0.0021962500000000003
-0.0001337499999999997
-0.00019024999999999966
-0.0025207499999999996
0.0013102500000000002
-0.002017750000000001
0.0004202499999999998
0.0035147499999999996
-0.0005867500000000005
-0.0006997500000000003
-0.0005827500000000003
-0.0010342500000000002
0.0010547500000000001
-0.0016347500000000004
0.0018912500000000001
-0.00303375
-0.00236075
0.00227125
0.00385025
-0.0005807499999999996
-0.0031252499999999996
0.0047567500000000006
-0.0012567500000000003
-0.0010752499999999998
-0.0005262499999999998
0.0010792499999999997
-0.0007822499999999999
0.0012267499999999995
0.00029624999999999986
-0.00223325
-0.0014082500000000004
-0.00140175
0.0016497499999999997
-0.0030452499999999993
-0.0019402500000000001
0.00218275
0.0029632500000000006
-0.0011957499999999998
0.00398175
-0.0035982499999999995
0.00300775
0.003952750000000001
0.0005612500000000002
0.0010667499999999998
0.0023057499999999996
-0.002975249999999999
-0.0013177499999999997
-0.004120749999999999
0.0003957500000000008
0.0008622499999999998
-0.001747250000000001
-0.0003992499999999995
0.00313925
9.275000000000006e-05
0.00479575
-0.0003967499999999992
0.00080125
-0.0028052499999999996
0.0028022499999999996
-0.0018562499999999998
-0.00324625
0.0028552499999999993
-0.00020524999999999932
-0.003112250000000001
0.0007522499999999998
0.00140525
0.0031617499999999996
-0.0017222500000000007
0.0025972499999999997
-0.00026124999999999955
-0.0016062499999999996
7.225000000000093e-05
0.0029132499999999996
0.0006192500000000001
0.0008297499999999997
0.0025357500000000007
0.0005107499999999997
-0.0012007499999999998
0.0018417500000000005
0.0007227500000000005
-0.0028907499999999997
-0.00124025
0.00215425
0.00047375
0.00261925
-0.00418975
-0.0014202499999999996
-1.4750000000000318e-05
-0.0010452500000000004
-7.525000000000046e-05
0.00253575
0.0032247499999999998
0.00025975000000000054
0.0009447500000000005
-0.00133125
-0.004275749999999999
0.0012757500000000004
-0.001758250000000001
-0.0020422500000000002
-0.0004517499999999998
7.674999999999932e-05
0.0029137500000000005
-0.0007017499999999997
0.0021047500000000003
0.0009547500000000001
0.0012402500000000002
0.0010292499999999998
-0.00036675000000000043
-0.0035737499999999992
-0.00196575
-6.525000000000027e-05
0.0019912499999999995
0.0005762500000000003
0.00281725
0.0014812500000000001
-0.00019575000000000023
0.0002452500000000002
-0.00465175
-0.0005307500000000001
-0.0009677500000000005
-0.00485175
-0.00359875
0.00511125
-0.0005362500000000006
-0.0019722500000000005
0.0007132500000000008
-0.0011237500000000006
-0.0024237500000000006
-0.0006452500000000005
-0.0032287500000000003
-0.0010362500000000003
-0.0007897499999999998
-0.004026250000000001
0.0013117499999999998
0.0009142499999999995
-0.0035867499999999997
0.004082249999999999
-0.0019482499999999997
0.0006522499999999995
3.775000000000056e-05
-0.00242375
0.0023567500000000003
-0.005433250000000001
0.0004307500000000003
-0.0028307499999999995
0.0015807500000000001
-0.0017262499999999993
0.0012937500000000004
-0.00373325
-0.00108575
0.0042162499999999995
-0.0011042500000000002
0.0006177500000000006
0.00419225
-0.0011742500000000004
0.0005182499999999997
0.00012524999999999974
-0.0002577499999999995
-0.0018427499999999998
-0.0011332499999999995
-0.0017987499999999996
-0.0015757500000000005
-0.00065225
-0.0025997500000000005
-0.00025375000000000094
0.00459175
0.00207625
-0.0034962500000000002
0.0017402499999999998
-0.0006822500000000003
0.00064025
0.00105675
-0.0009297500000000001
-0.0007707500000000009
0.00015124999999999958
0.0009232499999999999
0.004107749999999999
0.00493275
0.0037667499999999993
0.0065302500000000005
0.00073825
-0.00353325
-0.0022417500000000003
0.0022477499999999997
-0.0011087499999999988
-0.00064625
0.00223825
0.0003652500000000002
-0.00160575
-0.006592250000000001
-0.0011047500000000007
0.0016042500000000004
-0.004324250000000001
-0.00411825
-0.0033092500000000014
0.0016447500000000004
-0.00119625
-0.002782749999999999
0.0018792499999999998
0.0015067499999999994
0.00173475
-0.0003467500000000004
0.00266075
0.002730250000000001
0.00109625
-0.00329825
-0.00415775
-0.00160525
-0.00186925
-0.004056250000000001
-0.0036502500000000003
-0.0014982500000000004
-0.0002297499999999994
0.00264325
-0.0024162500000000004
0.0001037500000000005
0.00199375
0.0015317500000000006
0.0013267500000000005
0.0013102499999999996
-0.0005442499999999997
0.00214125
-0.00387275
-0.0030177499999999996
0.0023512500000000005
-0.00028674999999999925
-0.00366475
0.0018887500000000005
-0.0022132499999999995
0.0004232500000000003
0.00257925
-0.0006467500000000001
0.0005412500000000002
0.0029247500000000003
-0.0038732500000000004
0.0029127500000000004
-6.724999999999995e-05
-0.00087625
-0.0026667499999999994
-0.0006682500000000001
-0.004003250000000001
0.0009887499999999996
0.0016882500000000005
-0.00498275
0.0029497499999999992
-0.0011187499999999997
0.00450925
-0.0014677500000000005
0.00160475
-0.00270925
0.0003307500000000002
-0.00632625
0.0005537499999999996
-0.00196125
-0.0008902500000000003
0.00088825
0.0012612500000000007
-1.025000000000012e-05
-0.0013477499999999998
0.0017932500000000006
-0.0019812500000000004
0.0007527500000000003
-0.0017717499999999995
-0.00365425
0.0008977499999999999
-0.003426749999999999
-0.0002922499999999993
0.00593275
-0.00096475
-0.002837249999999999
0.002295249999999999
-0.0009167500000000006
-0.0003222500000000006
0.0038892499999999995
-0.00108375
-0.0007292499999999996
0.0011302500000000004
0.0023477499999999996
-0.0006732499999999994
0.00012624999999999984
8.424999999999992e-05
0.00264775
-0.0010307499999999995
0.0009752500000000007
-0.00414425
-0.0026167499999999997
0.0032047499999999997
0.00344625
0.0018502499999999995
-0.00381425
-0.0037542500000000006
0.0009502500000000001
0.0007252499999999998
0.0004417499999999994
0.0030827500000000004
-0.005793749999999999
0.0013317500000000005
0.0005307499999999999
0.00103125
0.0019022500000000003
-0.00210775
0.0007757500000000001
0.0005327499999999995
0.0026402500000000007
-0.00047274999999999986
-4.9750000000000627e-05
0.0013272499999999992
0.0013657499999999998
-0.0005957500000000001
0.003060749999999999
0.0008997499999999999
-0.005293749999999999
0.0031337499999999994
-0.002401749999999999
0.00354975
0.0007502499999999998
0.0008482499999999998
0.00498575
-0.0019887499999999996
-5.5749999999999966e-05
-0.00047875
-0.00542725
0.00248825
-0.00209775
-0.0017712499999999994
-0.00197525
0.00051675
0.004154250000000001
0.00033424999999999997
0.00390375
0.0015862500000000002
-0.00019324999999999925
0.0008022500000000002
-0.0016357499999999996
-0.00287575
0.0059482499999999995
-0.0029857500000000006
0.00200975
-0.004368749999999999
0.0007772499999999998
0.0026662500000000002
-5.874999999999991e-05
0.00034674999999999984
0.0011312499999999994
-0.0014237500000000003
0.00306025
-0.0031572500000000003
-0.00108075
-0.00476075
0.0026407500000000007
-0.0016317500000000002
-0.0029847500000000004
0.0002877499999999998
-0.0003217500000000003
0.004392750000000001
0.0001282499999999999
0.0032657499999999996
0.00483475
0.0024657500000000005
-0.0011382500000000002
-0.0021357500000000005
0.00019324999999999982
0.00282575
-0.00033825000000000017
-0.00091725
-0.00014174999999999938
-0.00337325
-0.0023127499999999997
-0.0023517499999999997
0.0012872499999999998
0.0009652500000000002
0.0022462499999999995
0.0024877500000000004
-0.0014422499999999993
-0.00015775000000000026
-0.0005677500000000004
0.0006732499999999999
-0.0012177500000000003
0.00330125
0.00034274999999999963
-0.00451825
0.002930750000000001
0.00252375
-0.00392325
-0.00268525
-0.0006617499999999996
0.00358725
0.00265625
-0.0007277500000000003
-0.0038952500000000003
0.0006212500000000002
-0.0016787500000000006
-0.0009097500000000003
-0.0027477499999999998
-0.00013575000000000045
0.0006827500000000003
-0.0026997499999999995
0.0009032499999999996
0.002151749999999999
-0.00011374999999999944
-0.00394475
0.0015172500000000004
0.0019472499999999998
0.0031132499999999993
-0.003771749999999999
0.0012782500000000005
0.0021447499999999995
-0.00348025
-0.00130525
0.0008237500000000006
0.00044024999999999994
-0.00034675000000000054
0.00227775
0.00228375
0.0013307500000000003
0.0006547500000000006
-0.0013857499999999994
-0.00166225
0.0018672500000000009
-0.0014187500000000003
3.425000000000039e-05
-0.0015357499999999998
-0.0009472499999999998
-0.0020807499999999997
-0.0006152499999999994
-0.00014225000000000029
0.0035287499999999993
-0.00218225
-0.0023572499999999995
-0.0007757499999999993
-0.00105375
-0.00183075
-0.0009392499999999997
-0.0021252500000000004
-0.0037087500000000002
-0.0014132499999999998
-0.0005802499999999996
-0.00225425
0.0003162500000000001
0.0032732499999999997
0.005797750000000001
0.0021657499999999997
-9.274999999999964e-05
-0.00601275
0.0008917500000000006
0.0022452500000000007
-0.00027475
0.0005437500000000001
0.0035572500000000005
-0.002190750000000001
0.00429425
0.0011222499999999998
-0.0002722499999999997
-0.00412175
-0.0029257500000000004
0.0008492500000000006
-0.0010482499999999993
0.00214325
0.00250125
-0.0002512500000000004
-0.0028452499999999993
-0.0016097499999999994
-0.002647750000000001
-0.00116775
0.00339225
-0.0009782499999999997
7.749999999999702e-06
-0.00101175
-0.00128925
0.00395875
0.0003387499999999997
-0.00100775
-0.00023724999999999975
0.0043342499999999996
0.00243725
-0.0017722500000000002
-0.0007837500000000003
0.00138825
-0.0025687500000000007
-0.00013025000000000008
0.0009952500000000011
0.00230875
-0.0023297500000000002
-0.0005142500000000002
0.0023557499999999998
0.0024727499999999997
-0.00038474999999999995
-0.00216625
-0.0016132499999999999
0.0006747500000000001
0.0017247499999999997
0.0008717499999999999
0.0008597499999999995
-0.002739750000000001
8.774999999999991e-05
0.00093775
0.0011717500000000003
-0.0009267500000000001
0.00013675000000000026
0.0016677500000000004
-0.0023692500000000003
0.0009282499999999999
-0.0022127500000000003
0.0034082500000000003
-0.0001452500000000001
0.0002842500000000003
-0.0015712499999999995
0.00359325
-7.175000000000001e-05
-0.0017542500000000002
-0.0007647500000000007
-0.0002942499999999999
0.0009767500000000002
-0.0014452500000000001
-0.0007537499999999996
-0.00380675
-0.00011625000000000024
-0.0029757500000000005
-0.0017872499999999998
0.00033624999999999947
0.00200875
-0.004471749999999999
0.005653249999999999
-0.0024467499999999993
-0.00369775
0.0035247499999999992
4.7750000000000015e-05
0.00351525
0.00178825
1.2499999999998622e-06
0.0032252500000000003
-0.00074575
0.0027052499999999998
0.00320875
-0.00219325
-0.00030525000000000024
-0.00071275
-0.0032082499999999997
-0.0012662500000000007
-0.00011075000000000016
-0.00361075
-0.0037042499999999996
0.0011697500000000002
-0.0006332499999999997
0.00203525
0.0035092500000000015
-0.00616775
0.0012572499999999997
-0.004169749999999999
0.0020282500000000005
-0.0022162500000000003
0.00043024999999999964
-0.0006157500000000003
0.0012742499999999996
-0.0026267499999999997
0.005098250000000001
0.0002937499999999994
0.0008862500000000006
0.00344225
0.0005457499999999995
-0.006027749999999999
-7.749999999999702e-06
-0.00022374999999999964
-0.0010272500000000002
0.0013442499999999995
0.004349250000000001
-9.124999999999994e-05
0.0031627499999999998
0.0006222499999999999
-0.0029377500000000003
0.006816749999999999
-0.0029252500000000003
-0.0014317500000000003
-0.0017692499999999998
0.0006052499999999997
-0.0033357499999999997
0.0035152499999999997
0.0007622499999999999
0.0009477500000000001
-0.0017717499999999999
-0.0007007500000000005
-0.0007752500000000005
0.0005937500000000002
-0.00109425
-0.00212875
0.0007772500000000002
-0.0006982499999999997
0.0008227499999999996
-0.0011122500000000004
-0.0004877500000000001
0.0016087500000000002
-0.0020737500000000005
-0.0007452499999999995
-0.0017842500000000002
-0.004407750000000001
0.0033072500000000003
0.0007102499999999996
-0.0003082500000000006
-0.0036862500000000007
0.0005427500000000002
-0.0014092499999999997
0.005453250000000001
-0.0008752500000000002
-0.00281125
-0.0021362499999999997
0.00400325
-0.00155425
-0.0006767499999999996
-0.002605249999999999
-0.0019292499999999998
-0.00119525
0.00011724999999999985
-0.001786250000000001
-0.00444675
-0.0008542500000000003
0.00036324999999999997
0.00013025000000000002
0.0012652499999999999
-0.00133225
-0.00108225
-0.0018412499999999998
-0.0018182499999999998
0.00172975
0.0006722500000000005
0.004137749999999999
0.0021582500000000004
0.0031922499999999998
0.00252975
0.0014837499999999998
-0.0013207500000000005
0.0018367500000000003
0.0017467500000000005
0.00302175
-0.0016262499999999999
0.00038275000000000006
0.00040274999999999935
-0.00013424999999999922
-0.002250249999999999
0.00293075
0.00142125
-0.00325025
-0.0034202499999999992
0.0017612500000000007
0.00248125
0.0026047500000000003
-0.00322775
-0.0008967500000000003
-0.0013622499999999995
0.0033242500000000004
0.00329375
0.0027697499999999996
0.00374525
-0.0008157500000000006
0.004633750000000001
-0.00539725
-0.0004552500000000003
0.0015022500000000003
-0.0009352499999999999
-0.0036342500000000003
-0.0012557500000000001
0.0009787500000000002
-0.0037967499999999998
0.00374525
-0.0016242500000000005
-0.0020552500000000007
-0.0009372500000000009
0.0014152500000000007
-0.00036874999999999994
-0.0035967499999999997
0.00291825
0.00210175
0.0005767500000000001
-0.005222750000000001
-0.00505375
0.002654750000000001
-0.00417775
0.004228749999999999
-0.0019972500000000003
-0.00345675
-0.0016912499999999992
0.00238825
-0.004253750000000001
0.0016832499999999999
0.0023317499999999996
-0.0024162500000000004
0.003671750000000001
-0.00024325000000000027
0.00040425000000000004
0.003390249999999999
0.0031372500000000003
0.00040824999999999943
-0.00247875
-0.0014687500000000004
-0.0006397499999999998
-0.002526250000000001
0.0021137499999999993
0.0004667499999999998
0.00203125
-0.0010662500000000006
0.0010957500000000002
0.0017602499999999999
-0.00455475
-0.00489025
0.0015587499999999996
-0.0025687500000000007
-0.0011742500000000004
0.0034197500000000005
-0.00032724999999999963
7.925000000000092e-05
0.00449025
-0.0024067500000000005
-0.0024682499999999995
0.0019377499999999998
0.0023697499999999995
-0.001125250000000001
-0.001520249999999999
0.0025632500000000004
0.0025907499999999993
-0.0041947500000000006
0.00024324999999999965
-0.0001982500000000004
-0.0034897500000000002
-0.0009417500000000001
0.0005607500000000003
-0.0005677500000000002
0.00443325
-0.00022025000000000018
-0.0002912499999999997
-0.0005027500000000002
-0.00206325
-0.0012487499999999999
-0.00464675
0.00044725000000000016
0.00513375
9.175000000000044e-05
0.00227025
-0.001284249999999999
-0.0029042500000000006
-0.0011207499999999998
0.0021257499999999996
0.00158525
0.004080749999999999
-0.001920750000000001
-0.00267975
0.0005607499999999997
0.0038352500000000006
0.0008762500000000005
-0.0027417499999999994
-0.0012517500000000003
0.0014662499999999997
-0.0010052500000000005
-0.0016317500000000002
0.0003192500000000001
0.00523575
0.00162725
-0.0035052499999999997
0.0031007499999999993
-0.0004922500000000001
0.0017572500000000001
-0.0006727499999999994
0.0038317500000000005
9.825e-05
0.0022737499999999997
0.00032475000000000044
0.0030257500000000002
0.0003472499999999995
-0.0013337500000000003
-0.0018807499999999998
-0.0012137499999999996
-0.0009617499999999993
0.0018287500000000003
0.00012824999999999949
0.0006747500000000001
-0.0035282499999999993
0.0029217500000000007
-0.00118825
0.0012797499999999994
0.002900250000000001
0.0008462500000000001
-0.00187325
-0.0018942499999999999
-0.005230749999999999
-0.00275425
-0.0015542500000000003
0.00040924999999999935
3.1750000000000114e-05
-0.00143725
-0.00225525
0.0022177500000000005
0.00188125
-4.325000000000051e-05
-0.003409249999999999
-0.0016727499999999998
-0.00115625
-0.00019174999999999997
-0.00084925
0.00122775
0.00116475
-0.004035749999999999
-0.0014492500000000002
0.0007887499999999997
0.0003482500000000001
-0.0020667500000000004
-9.974999999999957e-05
-0.00120725
-0.002766249999999999
0.004237749999999999
-0.00165025
-0.00207825
0.00117125
-0.003196249999999999
-0.0006672499999999995
-0.0019947499999999996
-0.0011272500000000002
-0.0009977500000000002
0.00186425
-0.00189825
-0.0009362500000000001
-0.003959250000000001
0.0023712499999999997
0.0005217499999999994
0.0002462499999999996
0.0014042500000000001
-0.00386025
-0.0009292500000000006
0.00403925
0.00024125000000000006
-0.00027674999999999976
0.0014397500000000005
-0.0032827499999999996
0.0009672500000000004
0.0005567500000000006
0.00320625
0.0012512499999999998
0.00536575
-0.0028647500000000005
0.0011947500000000003
0.00041774999999999994
-0.0012032499999999997
-4.12499999999999e-05
0.000456250000000001
-0.0019222500000000001
0.00010724999999999998
0.0007467500000000002
0.00239825
0.0007977499999999995
0.0022042499999999996
0.0038777499999999997
-0.00238525
0.0018282500000000007
-0.0002212499999999997
0.0026817500000000005
0.00013774999999999996
-0.002686249999999999
-0.0003647499999999997
0.0005927499999999999
-0.0031797500000000007
0.0015342500000000002
-0.0012452499999999996
0.0022272499999999996
-0.0030422500000000002
-0.0031007499999999998
-8.925000000000016e-05
-0.0029012499999999993
0.00222775
-0.00561825
-0.0041062500000000005
0.0028717499999999997
0.0005372500000000002
0.0027742499999999994
0.00481125
-0.0020257500000000006
-0.0013932500000000006
-0.00327775
-0.0008597500000000005
-0.00048725000000000027
0.0005717500000000001
0.0058182500000000005
-0.0012327499999999997
0.00117325
-0.0008102500000000001
-0.0009482500000000006
0.0015652499999999998
0.00211775
-0.005363250000000001
0.0014847500000000002
0.0018992499999999995
-0.0026192499999999996
0.0022522499999999995
0.00020875000000000033
-0.0022157499999999985
0.0032947500000000004
0.0024782499999999996
-0.00034375000000000047
0.00368825
-0.00244375
0.0022192500000000003
-0.0003937499999999997
0.00039524999999999977
-0.0008002500000000005
0.005050250000000001
0.0019147500000000004
-0.0030947500000000007
0.0009902499999999994
0.00421025
-0.0009597499999999998
-0.0007677499999999998
0.00264775
0.0006127500000000006
0.0007272499999999998
-0.0013652500000000004
0.00199725
0.0009762500000000004
-0.00421675
0.0003227500000000003
-0.0026222500000000004
-0.00038524999999999947
-0.00327825
-0.0006952499999999998
0.0005337500000000004
-0.0019717499999999995
-0.0011692499999999997
-7.675000000000016e-05
-0.00291575
-0.0029732499999999993
-0.0020987500000000004
0.0014737500000000002
-0.00034025000000000055
-0.0001892500000000004
0.00012675000000000048
0.00172975
0.00516025
0.0003022499999999999
-0.0021327500000000005
0.0022442499999999993
0.0019122500000000003
-0.0028392499999999998
-0.0017497499999999994
-0.0021622499999999997
-0.00185475
0.002024249999999999
-0.0015497500000000003
0.0030792499999999995
-0.00134275
0.0035407500000000005
0.00380375
-0.00304825
0.00478425
0.0004907500000000001
-0.0021757499999999997
0.00421675
-0.00406775
0.00032375000000000014
0.0017977500000000005
-0.007225250000000001
0.0025717500000000003
-0.0025272500000000004
-0.0033952500000000007
0.00216925
-0.00289575
0.0036767500000000003
-0.0034347500000000003
-0.0054522500000000005
0.00152325
0.0011027500000000002
-0.004733749999999998
0.00308125
-1.2749999999999429e-05
-0.004999750000000001
-0.0036602499999999994
0.0036912500000000005
0.00361225
-0.00205725
0.0005092499999999998
0.0036742499999999996
-0.00038224999999999956
-0.00489825
0.00047625000000000016
-0.0017212499999999995
0.0016047499999999998
0.0032947499999999995
-0.0002667499999999992
-0.0004797499999999996
0.00326025
-0.00323875
-0.0014452500000000001
0.0008672500000000001
0.0008452500000000002
-0.0037777500000000003
-0.00010474999999999985
-0.00174225
-0.0006067499999999998
-0.00188975
0.0012357499999999999
0.0015777499999999995
0.00011325000000000064
-0.0011597499999999998
-0.0016472499999999996
0.00038025000000000016
0.00399675
-0.0007147500000000006
0.0036102499999999993
0.00129475
-0.0028347500000000005
-0.00683525
0.0013917500000000002
0.00039575000000000027
0.0016212500000000005
0.0005447499999999998
0.0004262500000000002
-0.0006132499999999995
0.00611825
0.0008482500000000004
-0.0031547500000000004
0.0006092500000000007
0.00295675
-0.002002750000000001
-0.00219075
0.005241750000000001
0.0027172500000000005
0.005645750000000001
-0.00229225
-0.00021975
-0.0003257500000000002
7.624999999999993e-05
-0.00047075000000000046
-0.00174825
-0.0011562500000000008
-0.00376025
0.0020597499999999995
-0.00486875
0.00163575
-0.0010692499999999999
-0.0003897499999999993
0.00060525
-0.0019182500000000003
-0.00398575
0.00183225
-0.0019107500000000006
0.00172825
0.001651249999999999
0.0008102499999999999
0.0013237500000000003
-0.00392625
-0.0006927499999999998
0.0008492500000000007
0.00195925
0.00192475
0.0010312500000000003
0.00038825000000000014
0.0011657500000000001
0.00420875
0.00407375
4.8749999999999904e-05
0.0011602499999999998
0.0024492500000000005
-0.0030557500000000003
0.00317875
-0.00518775
0.0009782499999999995
-0.0006227499999999999
-0.00340125
0.0014897500000000002
0.00259825
-0.0027887500000000004
0.0004422500000000006
-0.00247425
0.0014677499999999994
0.005937250000000001
-0.0030322500000000002
-0.0032852499999999995
0.0028097499999999997
-0.0012052499999999997
-0.0012057499999999998
-0.0002642499999999998
-0.003976250000000001
-0.0006547499999999996
-0.0007352500000000001
0.0001592500000000005
-0.0025217499999999997
-0.0018842499999999988
-0.00043374999999999995
0.0003872500000000001
-0.00168825
-7.42499999999996e-05
0.0012412499999999997
0.00043125000000000053
0.0011427499999999992
-0.0005372499999999999
-0.0017427499999999995
0.0021302499999999998
0.00025075000000000016
0.0012282500000000002
0.0009847500000000002
0.0022122500000000002
0.004453250000000001
-0.0013552500000000001
-0.0010257499999999995
0.0022542499999999997
-0.0007922499999999999
-0.0004942500000000007
0.0015152500000000008
0.0005967499999999994
0.0015632499999999993
0.00219675
0.005149250000000001
-0.00235125
0.00129325
0.0015162499999999996
0.00038825
-0.002053750000000001
-0.0015892499999999995
2.9750000000000195e-05
-0.00015825000000000005
-0.00023875000000000008
-0.0029697499999999997
-0.0007712500000000001
-0.0018237499999999996
0.002557250000000001
-0.0028502500000000004
0.0004712499999999995
-0.0011072499999999993
0.0009907499999999999
-0.0015012499999999995
-0.00517675
0.00326625
-0.0020272499999999995
0.0021732499999999994
0.0024792500000000006
0.0010012499999999995
-0.0036982500000000006
0.003132750000000001
0.0008282500000000001
0.0035652500000000003
0.0015017499999999998
-0.0024667499999999998
-0.0030067500000000003
-0.00026624999999999956
-0.00012025000000000063
0.00591225
-0.00354525
0.00111125
0.004947249999999999
-0.0002917499999999999
0.0030352499999999998
-0.00221925
-0.0020977500000000007
0.00010224999999999984
-0.0017822499999999998
-0.0010222500000000004
0.00266675
0.0005797499999999998
-0.0010252499999999997
0.0027702499999999997
-0.0025337499999999995
-0.0020402499999999995
0.00436675
0.002775249999999999
0.0002772499999999998
0.002565250000000001
0.00036774999999999975
0.0027537500000000006
0.00215225
-0.0015097499999999998
0.0024042499999999993
-0.0019767500000000006
-0.0010807499999999995
0.0017717499999999995
0.0010717500000000002
5.4249999999999855e-05
0.0015727499999999995
-0.00260775
-0.0038037500000000003
-0.0034762499999999997
-0.00040225000000000064
-0.00153625
0.00276575
-0.0009742499999999995
-0.0007502499999999996
0.0002067499999999998
0.00414675
-0.0037062500000000003
-0.006830750000000001
-0.0006312499999999999
0.0010917499999999994
-0.004345750000000001
-0.00048024999999999983
0.0015517500000000006
-0.0003342499999999998
0.0032932499999999997
-0.00028474999999999974
-0.00464775
0.00020725000000000048
-0.0001782499999999995
0.0019447500000000003
0.0005202500000000009
0.0005847499999999995
-0.0037112499999999997
-0.00197525
-6.325000000000018e-05
0.0012642500000000002
0.0004277499999999996
0.0010182499999999994
0.0022882499999999995
0.0011507500000000003
-0.0032162500000000004
-0.005696250000000001
0.0034612500000000004
-0.0009552500000000007
-0.00174575
0.00433575
0.0025622500000000003
0.00275425
-0.00254525
0.00016674999999999996
0.0014902499999999996
-0.0009657499999999998
-0.003975750000000001
0.00120725
0.00151525
0.0011662500000000008
-0.00240725
-0.00459275
0.0007102500000000007
-0.00567175
-0.0012237499999999998
0.00432575
-0.001348250000000001
-0.00093225
0.00310925
-0.00129575
-0.0026462499999999993
0.00281175
0.00296225
-0.0007437500000000003
0.00215825
0.00145225
0.0013737500000000002
-0.007152249999999999
-0.0011647500000000004
0.00327975
-0.00031125000000000044
0.00285025
-0.0049352499999999995
-0.0021857499999999993
-0.00017475000000000032
0.00046475000000000043
-0.0012162499999999999
0.00037475000000000014
0.0032492500000000004
0.00113525
0.0004312500000000001
-0.0004077499999999998
-0.0014952499999999998
0.0012272500000000007
0.0010717500000000004
-0.001155749999999999
0.0022272500000000005
0.00384475
-0.0031192499999999996
-0.0014202499999999999
0.00341525
-0.0028697500000000003
-0.0011767500000000003
-0.00030974999999999975
-0.00041174999999999936
-0.00220675
0.0006227500000000004
0.0029412500000000003
-0.0009377499999999997
0.0026377499999999995
0.0029022499999999994
0.0002637500000000001
3.87499999999999e-05
-0.00042775000000000007
-0.00415075
-0.0037682499999999995
0.00442225
0.0018112500000000004
0.0021472500000000003
-0.0029557500000000005
-0.00045324999999999977
0.0016742500000000004
0.0007222499999999996
0.0023497500000000003
0.0010532499999999993
-0.000584249999999999
-0.0012222500000000005
-0.0021142500000000007
-0.0014967500000000007
0.0001532499999999999
-0.00590575
0.0038177500000000004
-0.0004632499999999999
-0.0007752499999999996
0.00195325
-0.00226125
-0.0034507500000000003
0.002386250000000001
0.0003427500000000002
-0.0013642499999999996
0.0014397499999999996
-0.0001012499999999996
-0.00122125
-0.0014182499999999998
-0.0019287499999999993
0.003616250000000001
-0.0014387500000000004
0.0037517499999999994
0.0028977500000000006
0.00381475
9.624999999999994e-05
-0.0005072499999999999
0.0030237500000000004
-0.003758750000000001
0.0031477500000000004
0.00356475
0.0006327500000000005
0.0013367500000000003
0.00040874999999999923
0.0027492500000000004
-0.0013097500000000002
0.0011827499999999993
-0.0015622500000000003
0.00356325
-0.005517749999999999
0.0017627500000000002
-0.00408275
-0.00157875
-0.0016347499999999995
0.00018525000000000027
0.00041225000000000024
-0.0006192500000000008
-0.0015687499999999998
-0.002553750000000001
0.00496575
-0.00013125000000000053
-0.00023925000000000001
0.0008757500000000001
0.0016787500000000003
-3.075000000000036e-05
5.375000000000102e-05
0.00153025
0.007077750000000001
0.00183925
0.0006667499999999993
-0.003706750000000001
0.003792249999999999
-0.0008932499999999996
0.003139749999999999
-0.0028507500000000004
0.0010577500000000003
-0.0003392500000000001
0.0029017500000000002
0.00025825000000000034
-0.0004477500000000004
0.0014522500000000004
-0.00551675
0.00148275
-0.0020822500000000003
0.0005437500000000001
-0.0035917500000000003
0.0018057499999999998
0.0005642500000000002
-0.0007067500000000005
0.0009402500000000002
0.002739750000000001
5.0750000000000034e-05
0.00312875
-0.0036842499999999996
0.00183775
0.00126775
0.0017272499999999998
-0.0016462500000000008
0.0012907500000000002
-0.0006992500000000001
-0.00039425000000000045
-0.00278725
0.0037492499999999995
4.624999999999963e-05
0.0018412499999999994
-0.00039824999999999984
0.0046647500000000005
0.00016374999999999972
0.00111575
-0.0016697499999999996
-0.0013252500000000007
-0.00074575
0.00285725
0.00161875
-0.0019302500000000005
0.0014802499999999996
0.00297225
0.0020427500000000003
-5.874999999999936e-05
-0.00195325
-0.0011842500000000004
-0.0015352499999999997
-0.0008702500000000006
0.001575250000000001
-0.00210975
-0.0019362499999999998
0.0011312499999999992
0.0010132500000000005
-0.0005917499999999992
0.0036247500000000012
-0.00282825
0.00313575
-0.0011657500000000003
0.00298375
0.00031725000000000004
0.0017462500000000004
0.00345675
0.00505425
0.0016252499999999997
0.007151750000000001
0.002763250000000001
-0.00134375
0.0014132500000000004
0.00227225
-0.0005392499999999997
0.0001337500000000001
0.0038297500000000003
0.00263575
0.00249875
0.0010412500000000005
0.00204325
5.3250000000000244e-05
-0.0026132499999999997
-0.00236725
-0.0003552499999999999
0.00062125
0.00204175
0.0027177499999999997
0.0001927499999999996
-0.00191675
0.00222925
0.0010727500000000001
-0.00039925000000000003
0.0023127500000000006
-0.0026732499999999994
0.0002717500000000003
0.00430175
-0.0030517499999999998
-0.0004217499999999996
0.00290975
-0.0023577500000000005
0.0029562499999999997
-1.874999999999981e-05
0.0008862500000000006
-0.0002902499999999999
0.0011562499999999997
-0.00315925
0.0015507500000000003
0.00328425
-0.00141325
0.0020092500000000006
0.0012427500000000001
-0.002743750000000001
-0.00421675
-0.0005592499999999994
0.0018592500000000007
0.0015267499999999997
-0.0028032499999999993
-0.0025667500000000005
0.00210225
-0.0039137500000000006
0.00041525000000000036
0.0009117500000000003
-0.0014517499999999995
-0.00392425
0.0033392499999999998
0.0012262500000000006
-0.001200249999999999
-0.0019112500000000002
0.0012642499999999995
-0.006806750000000001
0.00134975
0.0017222500000000003
-0.00037824999999999984
0.0021627499999999997
-0.0009097500000000005
0.0019527500000000003
-0.00136975
-0.0014397499999999996
0.00013375000000000027
0.00287675
-0.0006422499999999998
0.0021762500000000002
-1.8749999999999914e-05
0.00492675
0.00035274999999999933
0.0006262499999999999
-0.00327675
-0.0018807499999999998
-0.00024475
0.0032787500000000004
-0.005089250000000001
-0.0020612499999999997
0.00606325
0.00430025
8.625000000000014e-05
-0.0004717499999999997
-0.0013677499999999998
-0.0022367499999999996
-0.0009757500000000003
0.0026522500000000005
0.0040507500000000005
0.0024937499999999994
-0.0032382499999999994
-0.0007537500000000001
-0.0023737500000000004
0.0005462500000000003
-0.0008397499999999994
-0.0009547499999999998
0.0006257500000000002
0.0003487499999999999
0.002193750000000001
-0.00018024999999999972
0.0002142500000000002
-0.00029224999999999976
-6.475000000000064e-05
0.00233775
0.0037502499999999992
0.0038777499999999997
0.0024722500000000005
9.97499999999997e-05
-0.0014527499999999996
0.0014487499999999993
0.00254625
-0.0018057500000000005
-0.0035902500000000006
0.0029247499999999994
0.0012372500000000005
0.00424975
0.0007462500000000005
0.00351425
0.0011607500000000008
0.002553250000000001
0.0021087499999999995
0.0007192499999999992
-0.0008547499999999997
-0.0007192499999999993
-0.0012587500000000003
-0.0009417499999999997
-0.00153825
-0.0007122500000000001
0.002513249999999999
0.00399875
0.0017382500000000006
0.0031197500000000006
-0.0037817500000000004
0.0016342499999999999
-0.0009512499999999998
0.00083425
0.0022212499999999993
-0.0010382500000000003
-0.00025725000000000053
0.00101525
0.0027527500000000004
0.00029025000000000063
-0.0017237499999999994
0.0035377499999999997
0.0003877499999999995
0.0036102500000000006
-0.00043625000000000066
0.0006367500000000001
2.750000000000391e-06
-0.00161025
0.00491425
-0.00195525
-0.0003922500000000004
-0.00229225
-0.0017902500000000002
-0.0011722500000000001
-0.004322749999999999
-0.0033392499999999998
-0.0010307500000000006
-0.0017347500000000004
-0.0006097500000000003
-0.0019152499999999994
0.0002752500000000004
-0.0010407500000000004
0.00038025000000000043
0.0027707499999999998
0.00082725
0.0016202500000000006
0.0011722500000000008
0.0061207499999999995
0.0010912499999999998
-0.0006872499999999995
-0.0035917499999999995
-0.0016767499999999996
-0.0027962499999999997
0.0012902500000000004
0.00258775
-0.00152175
-0.00133625
0.00188625
-0.0004832500000000001
-0.00401225
0.0007972499999999993
0.0006397499999999998
0.004301749999999999
0.0006387500000000001
-0.00433875
-0.0017662499999999998
-0.00233825
0.00074075
-0.00097625
-0.0004112500000000008
0.00114175
-0.00217675
-0.0004507500000000004
0.0008592500000000002
-0.0008847500000000002
0.0004217500000000002
-0.0036867500000000004
0.004512250000000001
0.0016522500000000003
0.0007837500000000004
-0.0031177500000000003
-0.0014787499999999992
-0.00251525
0.0008732500000000007
-0.0005332500000000004
0.005452749999999999
0.00246325
-0.002086750000000001
-0.00271175
0.0011667499999999998
-0.0008042500000000005
0.00146275
0.0015272499999999997
-0.0002272500000000001
-0.005184250000000001
0.00183775
-0.00051375
-0.0007487500000000008
-0.0015262499999999996
0.0005962499999999999
-0.002592749999999999
-0.00373375
-4.925000000000006e-05
-0.0035057499999999998
3.4249999999999145e-05
0.0005247499999999995
0.0019527499999999998
-0.0013052500000000009
0.0005857499999999998
0.0024487500000000004
-0.0029422499999999996
0.0005117499999999999
-0.00263325
0.0002857499999999996
-0.0007967499999999997
0.0019722499999999996
-0.0005907499999999999
-0.00042075000000000017
-0.00020024999999999988
-0.0025487500000000007
0.0009532499999999996
-0.00203025
0.0013167499999999998
0.00199675
-0.000548249999999999
-0.0037192500000000008
0.0006707500000000001
-0.00025425000000000003
0.0016152499999999997
0.00044225
0.0005722500000000002
-0.0011747499999999994
0.0017117500000000002
0.00032575000000000014
-0.00237325
-0.0004557499999999999
0.00217825
-0.0022642500000000006
-0.00141925
0.005751250000000001
-0.0012187499999999998
-0.00039575000000000027
0.0005187500000000008
-0.0010852499999999998
0.0014582500000000003
0.00044175
0.0014317499999999999
0.00356925
-0.00302975
-0.0008422499999999996
-0.0012437499999999988
-0.0021647500000000004
0.0003527500000000006
0.00348625
0.0005547499999999998
-0.0038562500000000003
0.0052007500000000005
0.00038574999999999943
6.824999999999942e-05
0.0013687499999999997
0.0005932500000000006
0.0006562499999999999
-0.0022352500000000003
-0.0012417499999999998
-0.0010942500000000002
-0.0035782499999999994
-0.0015492500000000003
-0.00586225
-0.0016542499999999997
0.00181075
0.0015787499999999999
0.00386975
-0.00487025
0.0003957500000000001
0.0017677500000000007
0.0003197499999999998
0.0005167499999999998
0.0032647500000000003
-0.0015252499999999997
0.0001522499999999996
0.0020517499999999998
0.00316925
0.00040475000000000054
-0.005542750000000001
0.0032632499999999997
-0.00034875000000000005
0.0007997500000000002
-0.00141375
-0.0035772499999999997
0.0020737500000000005
-0.007160250000000002
0.004175249999999999
0.00454175
0.0016607499999999997
-3.0249999999999444e-05
0.00570125
-0.0005967500000000002
0.0007717500000000002
0.00396125
0.00035324999999999994
-0.0030037500000000008
0.0032582500000000007
0.00160375
0.00019524999999999916
0.00057425
0.0014937500000000003
0.0005542500000000002
-0.0023807499999999996
0.0017062500000000003
-0.0007607500000000007
0.0010257499999999998
0.0023392499999999997
0.0012192499999999994
0.0035762500000000004
0.0019897499999999998
-0.0030182499999999997
-0.00271525
-0.00408775
-0.00032825000000000036
0.0027297500000000004
-0.0009382500000000002
-0.0009607499999999999
0.00205725
-0.0038677500000000005
-0.0008837499999999998
-0.0012407499999999997
0.00259125
-0.0021797500000000003
-0.0009672500000000003
-0.005349250000000001
-0.0036582499999999996
0.00116975
-0.0017742500000000002
-0.00351325
0.0007292500000000011
-0.00024225000000000011
-0.005531250000000001
0.0028462500000000003
-0.00200175
0.0006727500000000002
0.0004357499999999999
-0.0013192499999999992
-0.0013517499999999999
-0.00048975
-0.0028687499999999998
-0.0006567499999999992
-0.0013842500000000007
0.0014742499999999994
0.0019667499999999997
0.0027017499999999993
-0.0020272500000000004
1.725000000000032e-05
-0.0006897499999999999
0.0012007500000000002
-0.0006752500000000006
0.00290675
-0.00395875
0.00627825
-0.00202775
-0.0018562500000000005
-0.0029557500000000005
0.0010067499999999998
-0.0008812500000000002
0.0014297500000000007
-0.0014367500000000005
-0.00456875
0.0019572499999999994
-0.0012052499999999993
-0.00035824999999999995
-0.004578750000000001
-0.0026212499999999994
-0.0026497500000000006
0.0019272499999999997
-0.00461525
-0.0002622499999999997
-0.0015457500000000002
-0.004319750000000001
-0.0024772500000000003
-0.0003962500000000002
-0.00170075
0.0032232500000000004
-0.0022702499999999997
0.0005277499999999996
0.0017002500000000004
-0.0019567499999999997
0.0024292500000000004
-0.0017987500000000009
-0.0012377500000000006
-0.00109725
-0.00231775
0.0028987500000000003
-9.924999999999996e-05
-0.0022427500000000004
0.0030487500000000002
-0.00703375
0.00506025
-0.0027422499999999995
-0.0024732499999999998
-0.00040225000000000064
-0.0007632500000000004
0.0007412500000000005
-0.0010827500000000002
0.0024812500000000004
0.0025247500000000005
0.004228750000000001
0.00173125
0.00426375
-0.0016637499999999996
0.0034017500000000003
-0.0008392499999999992
0.00588125
-0.00527675
0.00271825
-0.0002327499999999999
0.00335675
0.00022024999999999934
-0.0006822500000000002
0.0002717500000000001
-0.00565375
-0.0012047499999999997
0.00128225
0.00378325
-0.001554250000000001
0.00459525
-0.0016457499999999996
-0.0010677499999999997
0.0015097499999999998
-0.00480975
0.0015932500000000003
0.00280775
0.0030582499999999998
-0.0006102500000000003
-0.0014847499999999993
0.0023022499999999996
-0.0006702500000000006
-0.0026127499999999996
0.00262425
-0.004501249999999999
-0.0007037499999999994
-0.0008492499999999997
-0.0009202499999999994
-0.005763750000000001
-0.0014902500000000003
0.0005847500000000003
0.0018407500000000002
0.0011647500000000009
0.0006292499999999998
-0.0027412500000000006
-0.0033922499999999994
0.0007377500000000004
8.824999999999999e-05
-0.0019657499999999996
-0.004163249999999999
-0.0012362499999999995
0.0007467499999999999
-0.004037249999999999
0.005287250000000001
-0.0020882500000000007
-0.00238825
-0.0007672499999999996
-0.0022657500000000004
0.00161975
0.004976249999999999
0.00118925
0.0015767499999999998
-0.00241175
-0.0012847499999999994
0.0042432500000000005
-0.00012375000000000038
-0.0017987499999999996
7.375000000000034e-05
0.00221925
0.00017425000000000025
-0.0005912500000000004
-0.0021137499999999997
-0.0012657500000000002
-0.00091725
-0.0016877499999999996
-0.00214225
-0.0025142499999999996
-0.0021672500000000008
0.0005252499999999996
-0.0019657500000000005
-0.003998750000000001
0.00261125
-0.00353775
-0.00256875
-0.0010817499999999998
0.00432925
0.00334175
0.00375575
-0.002658750000000001
-0.0011807500000000004
0.00418575
0.001359749999999999
0.00044574999999999975
0.00206225
0.00437875
-0.0002012499999999997
-0.003344250000000001
-0.00129675
0.0008927499999999997
0.00301025
-0.00143425
-0.0008727500000000002
0.0032362500000000004
0.00026374999999999934
6.624999999999985e-05
0.00025474999999999944
-0.0005632500000000002
0.0020977500000000002
0.0012142499999999998
0.00287975
0.0003932500000000004
-0.0003317499999999998
-0.00024875000000000054
0.00387975
-0.003628250000000001
0.00146675
0.00433575
0.0027577499999999994
-0.0005557500000000007
0.0039002500000000014
0.005645750000000001
0.0024922499999999997
0.0029647500000000004
0.001594749999999999
-0.0003757499999999997
0.0026822500000000006
-0.00013524999999999987
-0.00350575
-0.0032267500000000005
0.004499749999999999
-0.00040624999999999966
0.001968749999999999
-0.00497525
-0.00104275
0.0022547500000000002
0.0009662500000000002
0.0001432499999999999
0.0006382499999999999
0.0019292500000000002
0.0009917499999999996
0.00040624999999999993
0.0007452499999999995
-0.0013992500000000003
0.0018647499999999997
-0.0032352500000000003
-0.0024047499999999998
0.0002862499999999997
-0.0009972499999999999
0.0001957500000000001
-0.00297375
0.0022302499999999996
0.00174875
0.001997750000000001
-0.0008417499999999996
0.00235625
0.003272749999999999
0.003458749999999999
0.00034975000000000034
-0.0008007499999999998
-1.2750000000000052e-05
-0.0005817500000000002
0.00048675000000000053
0.00336325
-0.0009947499999999998
-0.00333475
-0.0014762500000000001
0.0013842499999999996
0.00157475
0.0016777499999999996
-0.002294250000000001
0.0016632499999999998
-0.00273275
0.0008732500000000001
-0.002295750000000001
0.00017875000000000063
0.0032302499999999996
0.0005597500000000002
0.00031124999999999973
0.0018472499999999997
-0.0009732499999999997
-0.0017622499999999997
-0.0048987499999999995
-0.0012622500000000004
0.0013557500000000002
-0.00015074999999999922
0.0014977500000000002
0.0042327499999999995
0.00058575
-0.0023512499999999996
0.0045302499999999996
0.0032562500000000005
-0.00292075
0.00245925
0.0016197499999999999
0.0012812499999999996
-0.002902750000000001
0.0032972500000000003
0.00631325
-1.1249999999999872e-05
-0.0006917500000000005
-0.00274575
-0.00030574999999999965
-0.0003322500000000003
-0.00282575
-0.00017775000000000007
-0.0016622499999999997
0.0006912500000000005
-0.0002677500000000001
0.0013972499999999998
0.004917250000000001
0.00260625
0.0009042499999999998
3.4749999999999645e-05
-0.0019307500000000006
0.0005112500000000002
0.0007422500000000004
-0.00017075000000000006
-0.00616875
-0.00396125
0.0009542500000000002
-0.0002652499999999999
-0.0012037500000000002
-0.0010587500000000004
-0.00476425
-0.0024362500000000005
-0.00304075
0.0019577500000000003
-0.00191975
0.00011924999999999963
-0.0008732500000000001
0.00030074999999999975
0.00269725
-0.0005917499999999999
-0.0019787499999999996
-0.0017692499999999998
0.00346725
-0.00224475
-0.0018162499999999986
5.575000000000031e-05
-0.004177750000000001
-0.0009597499999999997
0.0017632500000000003
-0.00134975
0.0009632500000000002
-0.0010657500000000003
-0.0015042500000000004
0.0029767500000000015
0.0013247500000000006
-0.0013787499999999998
0.0014317499999999999
0.0001762499999999998
0.0037217500000000002
0.0002767499999999995
-0.002073249999999999
0.0027497500000000005
0.0066957499999999994
0.0008212500000000001
0.0004467499999999998
-0.0013067500000000002
-0.0020137500000000003
-0.00167425
0.0010062499999999993
0.0022567500000000005
-0.00401675
-0.00416625
0.00378325
0.004943749999999999
0.003250750000000001
0.0005832500000000001
-0.00076375
-0.0012542499999999995
-0.0002682499999999997
-0.0004157499999999999
0.0013247499999999993
0.0030767499999999996
-0.0007457500000000003
0.00036925000000000055
0.0006132500000000005
0.0016097500000000003
-0.00020824999999999956
-0.0021092499999999996
0.00242325
-0.0006047499999999998
-0.0001382500000000002
-0.0022197500000000004
0.0020637499999999996
0.0028302500000000003
0.0022817500000000004
0.0031902500000000004
0.002422749999999999
-0.00375525
0.0019347499999999998
-0.0008297500000000002
-0.0010402500000000002
0.00019625000000000016
0.0032562499999999996
0.005512749999999999
-0.0011842499999999998
-0.0007142500000000001
0.003104249999999999
-0.0016537499999999998
-0.00227675
-0.0019327499999999998
-0.0007397500000000004
-0.0002442499999999995
0.0010587500000000002
-0.0015232499999999994
0.001971750000000001
-1.7500000000004665e-06
0.0008402499999999993
0.0027897499999999997
0.0015257500000000002
-5.2249999999999725e-05
0.003086750000000001
0.0016862499999999996
-0.0010612500000000001
-0.0018547500000000003
0.0031177500000000003
-4.2749999999999874e-05
-0.0016812500000000002
0.00023775000000000011
0.00023574999999999985
-0.005210749999999999
