"Short-term reversal after publication, net of costs · sign-flip|-0.015113425925925928"
0.0004958333333333336
0.002427777777777778
-0.0015648148148148142
0.0024675925925925924
0.0021662037037037036
0.0006421296296296302
-0.0007000000000000001
0.002984722222222222
-0.0022865740740740737
-0.0015606481481481485
0.004267129629629629
-0.0002462962962962962
-0.001028240740740741
-0.001316666666666666
-0.0007694444444444446
-0.001221296296296297
-4.86111111111109e-05
-0.003852777777777778
0.0011365740740740741
0.0005166666666666679
-0.004500462962962963
0.0010203703703703703
0.00013101851851851816
0.0015129629629629627
0.0010416666666666673
-0.00019074074074074108
0.0015162037037037032
-0.0005185185185185183
-0.0009870370370370365
0.00015046296296296335
0.0009166666666666668
-0.00026249999999999966
0.0002486111111111111
-0.001941666666666666
0.0020152777777777777
-0.0006472222222222222
0.00011759259259259223
-4.0740740740740494e-05
0.0032087962962962964
-0.0004027777777777779
-0.002271296296296297
0.002645833333333334
-0.0007314814814814814
0.004191203703703703
-0.0019282407407407406
0.0011708333333333334
0.0027023148148148154
2.7777777777774395e-06
-0.001150925925925926
0.003191666666666667
0.002693518518518518
-0.003307870370370371
0.0011958333333333333
-0.0004847222222222224
0.0010282407407407404
-0.0052782407407407405
-0.0005888888888888888
0.0014462962962962964
0.0016976851851851845
-0.0012078703703703702
-0.0009745370370370368
-0.0037277777777777778
0.0016296296296296287
-0.00042777777777777795
-0.0034268518518518515
-0.0005240740740740732
0.001272222222222222
0.0001638888888888896
0.0003467592592592595
8.981481481481495e-05
-0.0008236111111111115
-0.0004166666666666667
0.003488888888888889
-0.0013800925925925927
0.0014152777777777777
0.00254537037037037
0.0006180555555555556
-0.00215787037037037
-0.001572685185185185
0.0018703703703703714
0.0008851851851851851
0.00012500000000000025
-0.001276388888888888
-0.0012907407407407407
-0.0020819444444444444
-0.001680555555555556
0.002160648148148148
0.0003439814814814816
-0.0032097222222222223
-0.0029902777777777783
-6.203703703703708e-05
-9.583333333333274e-05
-0.001122222222222222
-0.002574074074074074
0.004060648148148148
-0.0005023148148148152
0.00036944444444444487
0.0013518518518518515
-0.0019254629629629632
-0.0037143518518518515
3.240740740740769e-05
-0.0017115740740740733
0.0028004629629629634
-0.0004925925925925923
-0.0014921296296296293
0.0036749999999999994
0.0019111111111111115
0.0019273148148148146
0.0002643518518518523
0.0005578703703703706
0.0014222222222222223
-0.000905555555555556
0.0005189814814814816
-0.0013847222222222219
-0.00017083333333333295
0.0021324074074074075
0.0002481481481481478
-0.0036152777777777776
-0.0020208333333333332
0.002812037037037038
0.00012222222222222265
0.0037754629629629627
0.00018518518518518547
0.0027666666666666664
0.00013333333333333334
-0.0007768518518518527
-0.001074074074074074
0.0012648148148148148
0.0019574074074074077
0.0013393518518518516
0.0011259259259259265
0.00025185185185185185
0.002271296296296296
-0.0018083333333333337
-0.0011004629629629632
-0.0016166666666666664
-0.0009101851851851852
-0.0033037037037037037
-0.00029583333333333306
-0.002310648148148148
-0.0037893518518518515
-0.0005652777777777784
0.0014037037037037037
-0.001150925925925926
0.0023171296296296295
-0.0013412037037037036
-1.388888888888993e-06
0.0008583333333333337
-0.0006624999999999998
-1.5740740740740676e-05
-0.00020185185185185171
-0.000917592592592593
0.001349074074074074
6.944444444444451e-06
0.003031018518518519
0.00170462962962963
-0.0031861111111111118
-0.002046759259259259
-0.0020736111111111116
0.0018435185185185184
-0.0004976851851851859
0.0027560185185185188
0.0011555555555555564
0.0009129629629629631
-0.0003509259259259257
-0.00015046296296296284
-0.0014925925925925927
-0.0024208333333333334
-0.00026759259259259265
0.000997685185185185
-0.0013856481481481487
0.00033564814814814834
-0.0015754629629629634
-0.0004398148148148147
0.0005958333333333335
-0.0004527777777777783
0.0018972222222222218
-0.0007435185185185184
-0.0015245370370370371
-2.1759259259259304e-05
-0.0031495370370370366
-0.0017953703703703706
-0.0010814814814814823
0.0006425925925925926
0.0029291666666666663
0.0027652777777777775
-5.462962962962952e-05
0.002082407407407408
-0.00022638888888888877
-0.0008231481481481479
0.001718518518518518
0.0019060185185185183
-0.0011370370370370369
0.0014662037037037042
-0.000884722222222222
0.0012430555555555558
-0.003750925925925926
-0.0026282407407407405
1.3425925925926246e-05
-0.003281018518518519
0.0021981481481481487
-0.0041847222222222225
0.003485648148148148
-0.0008138888888888891
-1.990740740740714e-05
0.0002152777777777774
-0.0005527777777777776
-0.0015671296296296297
-0.0014282407407407401
-0.003301388888888889
-0.001512962962962963
-0.0007782407407407409
-0.0013504629629629626
0.0006986111111111112
0.0003124999999999999
-0.0007101851851851846
-0.0023745370370370365
0.0052379629629629625
0.0004995370370370375
0.003436574074074074
-0.00028425925925925933
-0.0006148148148148152
0.0013393518518518513
-0.0006712962962962964
-0.0020375
0.00017222222222222254
-0.0038944444444444443
0.0024175925925925927
-0.0007194444444444446
0.002040277777777778
-0.004838425925925927
-0.0007282407407407405
-0.00011620370370370381
-0.0013722222222222215
-0.0007384259259259263
0.002303703703703703
-0.0018833333333333332
-0.0014634259259259255
-0.001471759259259259
0.00023657407407407424
-0.0001185185185185187
-0.0012032407407407408
0.0028152777777777777
0.00037083333333333364
0.0019115740740740738
0.00161574074074074
-0.0020685185185185186
0.0010865740740740742
-0.0006125
-0.0041101851851851855
-0.0026708333333333332
-0.003625462962962963
-0.00010046296296296295
-0.0014398148148148148
0.0006824074074074079
-0.002085185185185185
-0.0013708333333333335
-0.0015189814814814812
-0.004041203703703704
-0.0011462962962962963
-0.00033287037037037074
0.0005509259259259262
0.0011171296296296296
0.0019675925925925924
-0.0012263888888888884
-0.0018976851851851852
0.00042777777777777785
-0.00039629629629629634
0.0033018518518518514
0.0036124999999999994
-0.00040370370370370343
0.0005305555555555555
-0.000564351851851852
0.0005125000000000004
-0.0007893518518518517
-0.0027037037037037034
-0.0026550925925925926
0.0026249999999999997
-5.601851851851839e-05
6.4814814814817955e-06
0.002333796296296297
0.0005203703703703703
0.002533333333333334
-0.001927314814814815
0.004183796296296296
0.0006870370370370372
-0.003430092592592593
-0.0028087962962962958
-0.0007865740740740741
0.00021851851851851888
0.0007560185185185188
0.0003055555555555557
0.0033009259259259268
-0.0014374999999999998
0.0019976851851851852
-0.0007263888888888883
-0.001150925925925925
-0.000983796296296296
4.49074074074067e-05
-0.0053828703703703695
0.003014814814814815
-0.001736574074074074
0.001133333333333333
0.0030819444444444453
0.001043055555555555
0.0005194444444444446
0.002364814814814815
0.0011398148148148144
0.0007120370370370373
0.00029351851851851826
0.001856944444444445
-0.0014087962962962964
-0.0006717592592592588
-0.0053185185185185176
-0.004450462962962963
0.0029643518518518513
-0.0020902777777777773
0.00047037037037037105
0.0003930555555555553
-0.0018444444444444443
0.00226712962962963
0.0018634259259259257
0.0004546296296296292
0.00107962962962963
-0.0006958333333333336
0.00021759259259259228
2.916666666666673e-05
-0.00012685185185185176
0.0004300925925925926
-0.001266666666666667
-0.0017412037037037042
-0.0021486111111111116
-0.0015282407407407406
-0.0012462962962962966
0.002256018518518518
0.00048518518518518545
0.0007412037037037039
0.001543518518518518
-0.0017930555555555558
0.001555092592592592
-0.0012180555555555556
0.0011861111111111113
0.0013828703703703702
0.000658333333333333
-3.888888888888897e-05
-0.00035185185185185205
-0.002222685185185185
0.0005944444444444445
-0.0029875
-0.000779166666666667
0.0014481481481481485
-0.0008157407407407413
-9.768518518518522e-05
0.00033842592592592605
-0.0005500000000000005
-0.0021222222222222224
-0.001994907407407408
-0.001985648148148148
-0.0001481481481481488
-0.0019199074074074073
0.001452314814814815
-0.0005763888888888887
0.002183333333333333
0.0002601851851851857
0.0015296296296296303
-0.0014162037037037034
-0.0012824074074074077
5.09259259259261e-05
-0.00025185185185185163
0.003275
0.0004949074074074078
-0.0023416666666666664
-0.0003194444444444451
-0.0016717592592592587
-0.00030694444444444383
-0.0032976851851851847
-0.0031837962962962965
-0.00047129629629629653
-0.0004087962962962961
0.0012365740740740742
0.0009023148148148148
-0.0016518518518518514
0.0035624999999999993
0.0003203703703703698
0.0006930555555555558
-0.0009870370370370371
0.003554166666666667
-0.002787037037037037
-0.0005398148148148143
-0.0011805555555555551
-0.002453703703703703
0.0021388888888888894
0.004072222222222222
-0.0004000000000000004
0.002430555555555555
0.0020486111111111113
-0.0011037037037037037
0.0010296296296296295
0.0006972222222222221
-9.259259259259525e-06
0.0022439814814814813
-0.002091666666666667
0.0014328703703703708
0.00029120370370370313
-0.002575925925925926
0.0014768518518518522
0.00010648148148148145
-4.212962962962968e-05
-0.002501851851851852
-0.0010828703703703703
-0.0013245370370370375
0.0012439814814814815
0.0028069444444444444
0.002421296296296296
-0.0022624999999999998
-0.001977314814814814
-0.0005606481481481486
0.0010092592592592594
0.0020462962962962965
0.0029189814814814816
-0.0019379629629629627
-0.0004194444444444445
0.000668055555555556
0.00014120370370370345
0.002999537037037037
0.0019078703703703695
0.0001805555555555551
-0.0017763888888888888
-0.0009731481481481479
-0.0007652777777777775
0.0010268518518518515
-0.0018138888888888885
-0.0036703703703703703
-0.0013518518518518515
-0.0032638888888888887
7.407407407407388e-05
0.002229629629629629
0.003375925925925925
0.001581944444444445
0.002145833333333333
-0.0007509259259259257
-0.002551851851851852
0.0012134259259259264
-0.0005351851851851849
0.000632407407407407
-0.001012962962962963
-0.0005930555555555555
0.0025148148148148143
-0.0031782407407407406
0.00019074074074074108
-0.004414814814814814
-0.00164074074074074
8.703703703703722e-05
0.002468518518518519
0.0006814814814814817
0.00041203703703703715
0.0009648148148148147
-0.001411111111111111
-0.0020037037037037037
-0.003017592592592592
0.0015731481481481482
-0.0009212962962962964
-0.0007768518518518519
7.824074074074086e-05
0.000710185185185185
0.0015814814814814815
-0.0006106481481481478
0.001588425925925926
-0.0026773148148148147
0.002948148148148148
-0.00047361111111111166
0.0011921296296296294
-0.0007652777777777777
-0.0009037037037037039
-0.0018685185185185191
0.0017240740740740736
-0.0009254629629629631
-0.0010472222222222222
-0.0008879629629629629
0.0024925925925925927
-0.0008402777777777775
-0.00013194444444444392
-0.001590277777777778
0.0014763888888888893
0.0014148148148148145
0.00072037037037037
-0.0036203703703703706
0.001953703703703704
0.002135185185185185
-0.0009782407407407402
0.0008439814814814816
-0.0029611111111111114
-0.0005175925925925924
0.0025449074074074076
0.0019990740740740737
-0.0006810185185185183
-0.0010560185185185186
0.0005490740740740742
0.0022638888888888895
0.000972222222222222
-0.0002740740740740737
-0.0017254629629629631
-0.000458796296296296
-0.0033722222222222218
0.001813888888888889
5.509259259259263e-05
0.0025189814814814823
-5.231481481481474e-05
-0.0005231481481481478
-0.0013898148148148149
0.00014953703703703765
-0.0033476851851851844
9.120370370370317e-05
-0.00021712962962962937
0.0016064814814814815
0.0013634259259259263
0.005888888888888888
0.0003930555555555553
-0.0007657407407407407
-0.0015611111111111116
0.0027296296296296296
-0.004086111111111111
0.00034166666666666715
-0.0013074074074074084
0.00047037037037037023
0.001954166666666666
0.0035532407407407405
-0.0027870370370370362
0.002107870370370371
0.0032796296296296293
-0.00030231481481481434
0.0008537037037037032
-0.0008416666666666668
0.0003347222222222221
0.0005708333333333339
-0.0012666666666666664
-0.00013518518518518572
-0.00031388888888888894
0.00016388888888888836
-7.407407407407619e-06
0.001310648148148148
0.0002629629629629629
0.00013009259259259254
0.0014810185185185187
-0.001982407407407408
-0.0016402777777777776
0.00271712962962963
0.004175462962962963
-0.003598148148148148
-0.0003333333333333334
-0.002182407407407407
-0.002362037037037037
0.002281944444444445
5.3240740740740534e-05
0.0020087962962962967
-0.0006125
-0.001429166666666667
-0.0018912037037037042
-0.0031523148148148153
0.0015111111111111109
-0.0020125
-0.0005476851851851852
0.0006680555555555559
-0.0033745370370370374
0.0011143518518518516
0.0017328703703703703
0.002525000000000001
-0.0015537037037037032
0.0017550925925925928
0.00023888888888888853
-0.0008115740740740744
-0.0025893518518518514
0.0028268518518518525
-2.7777777777781625e-06
0.0009620370370370375
-0.002620833333333333
-0.0005291666666666666
0.002206481481481481
-0.001202777777777778
0.0025680555555555556
-0.0006041666666666662
-0.0016578703703703697
0.0036689814814814814
0.002540277777777777
-0.0023717592592592592
-0.0015768518518518519
-3.0092592592592492e-05
-0.0005925925925925926
-0.003197685185185185
0.0027060185185185186
0.0032092592592592594
0.0007907407407407406
-0.0020717592592592593
-0.0010435185185185185
-0.0012990740740740738
-0.001811111111111111
0.0005999999999999998
-0.0023032407407407407
-0.0009046296296296297
0.0007472222222222219
-0.0017717592592592587
-0.0040064814814814815
0.0020421296296296294
-0.000469907407407408
-2.2685185185185258e-05
0.001189351851851852
-0.0008884259259259253
-0.0003134259259259258
-0.001272685185185185
0.0022703703703703705
0.0028324074074074067
-0.002076851851851852
0.0005009259259259259
0.004522222222222223
0.0013643518518518516
0.0007537037037037036
-0.0017888888888888887
0.0016921296296296294
-0.0011300925925925927
0.000792129629629629
-0.000695370370370371
0.0013342592592592599
0.0018231481481481484
0.0012356481481481483
0.0003087962962962965
0.0027763888888888894
0.0013958333333333336
-0.00017314814814814816
0.004340740740740741
-0.0007106481481481483
-0.0023638888888888893
0.0016662037037037042
0.0012300925925925932
0.000517129629629629
-0.0004259259259259258
0.0027550925925925924
-0.0007032407407407406
0.0005222222222222218
-0.0009893518518518513
-0.0003685185185185184
-0.001421759259259259
0.0002870370370370375
-0.0009754629629629632
-0.0008935185185185177
0.0021865740740740734
-0.0020245370370370365
-0.0012097222222222223
0.002975462962962963
0.0007148148148148147
0.002011111111111111
0.0009046296296296293
0.00045370370370370367
-0.00019444444444444476
-0.0014712962962962959
-0.0016925925925925925
-0.0002944444444444444
0.0005296296296296296
0.0012333333333333326
-0.0014236111111111103
-0.0034712962962962965
0.0015143518518518516
4.90740740740742e-05
0.0009842592592592594
0.0002833333333333331
0.0027300925925925926
-0.0017175925925925933
0.0005078703703703699
-0.0014277777777777782
-0.0017393518518518515
0.0024712962962962965
9.675925925925949e-05
0.0008893518518518523
0.001153703703703704
0.0011185185185185185
-9.027777777777722e-05
-0.0006689814814814816
-0.0002740740740740741
0.0009375000000000003
-0.003337962962962963
0.001036111111111111
-0.0018810185185185188
-0.00030462962962963
-0.0012027777777777777
-0.0011375
-0.0010236111111111108
0.0010055555555555551
-0.00029861111111111033
0.004635185185185186
-0.004036111111111111
0.0014796296296296291
0.0016870370370370372
-0.002510648148148148
0.0024245370370370362
-0.00042916666666666646
0.002259722222222222
0.0022106481481481486
0.003793055555555555
0.0009699074074074073
0.0006879629629629631
-2.8240740740740746e-05
0.0008513888888888885
0.0014374999999999998
-0.00028425925925925955
-0.0011787037037037042
0.0034472222222222235
0.0005175925925925924
-0.0028504629629629626
-0.0008370370370370369
0.0009282407407407405
-0.0025296296296296295
0.0001884259259259258
0.004642129629629631
0.0008634259259259251
0.001002314814814815
0.0012541666666666665
-0.0005606481481481478
0.0021273148148148145
0.00029212962962962943
-0.004625925925925926
-0.0009060185185185188
-0.0008481481481481475
0.0023675925925925917
0.0002518518518518521
0.000394907407407408
0.0008916666666666665
0.0018203703703703708
-0.0011430555555555556
-0.0029949074074074075
0.0008342592592592594
-0.0034754629629629628
0.0027791666666666663
-0.002687037037037037
0.0006305555555555558
-0.0034930555555555552
-0.002014351851851852
0.0022430555555555554
0.0020050925925925926
-0.0038986111111111114
-0.0014236111111111105
0.000385185185185185
-0.0007944444444444448
-0.0006759259259259256
-0.0006611111111111108
0.0016050925925925929
-3.796296296296296e-05
0.0005129629629629626
0.0030226851851851855
-0.0017587962962962967
0.002991666666666667
-0.0013893518518518515
0.0003587962962962966
-0.004118981481481481
-0.0008222222222222223
-0.001906481481481482
-0.00048657407407407395
-0.0014736111111111115
0.00215
-0.0007879629629629631
0.000511574074074074
0.00045416666666666625
-0.0007981481481481484
-0.0008550925925925932
-0.000288888888888889
-0.0035513888888888882
-0.0011800925925925922
0.000906481481481481
-0.0008472222222222222
0.002251851851851852
0.0019046296296296294
-0.002167592592592593
-0.002447222222222222
0.0007499999999999998
-0.0008574074074074073
-0.0015893518518518518
0.0012384259259259256
0.0005587962962962963
0.003685648148148148
-0.0027175925925925926
0.0005907407407407401
-0.0009467592592592592
-0.001181481481481482
-0.0005407407407407409
-0.001731018518518518
-0.0018175925925925929
0.0018101851851851855
0.003713425925925925
0.0012032407407407408
-0.00033657407407407426
0.004156944444444445
-0.0002300925925925923
0.003282407407407407
0.0003537037037037037
0.00016759259259259188
0.0011986111111111106
-1.759259259259284e-05
0.0018263888888888898
-0.00025879629629629636
0.0002467592592592593
-0.002731018518518518
0.0021129629629629623
0.0011023148148148147
-0.00043240740740740707
0.0010615740740740733
-0.0023152777777777776
0.0007944444444444446
-0.0010620370370370373
-0.002204166666666667
0.002093518518518519
0.00017037037037037037
0.0005791666666666666
0.0024287037037037033
-0.00325462962962963
0.000924537037037037
0.0033893518518518526
0.0024999999999999996
-0.0007916666666666671
-0.0005893518518518519
-0.002616666666666667
0.001016666666666667
-0.00037962962962962956
-0.0010180555555555557
-0.0010078703703703701
0.0012143518518518517
-0.0009467592592592592
-0.0035675925925925936
0.0008398148148148148
-0.0029152777777777775
0.0001833333333333333
-0.0006050925925925923
0.0009027777777777778
-0.00022777777777777748
0.001152777777777778
0.000727777777777778
0.0007268518518518515
-0.004139814814814814
0.0001527777777777772
0.0002916666666666669
-0.0018078703703703703
-0.0008185185185185183
0.0018347222222222217
0.0017749999999999999
0.0009800925925925923
0.0013449074074074077
-0.0026037037037037036
-0.002489351851851853
-0.002645370370370371
0.002644907407407407
0.0006217592592592594
-0.000878240740740741
0.000168518518518519
0.0017199074074074074
-0.0019388888888888886
0.0011365740740740733
-0.0012694444444444441
-0.0014629629629629632
-0.002442129629629629
0.0030763888888888885
0.0003499999999999999
0.002262037037037037
-0.002047222222222222
0.001768055555555555
-0.001883796296296296
-0.0005930555555555555
-0.0021337962962962964
0.0012606481481481481
-0.0017356481481481483
0.0009935185185185188
0.000806018518518518
-0.001133333333333333
0.0009083333333333333
0.0003949074074074068
-0.0037231481481481477
-0.0023944444444444443
-0.004691666666666667
-0.0009638888888888884
-0.0011134259259259257
0.0002972222222222221
0.0002736111111111108
-0.0010898148148148154
-0.0004069444444444446
-0.0017944444444444442
0.0008060185185185184
-0.0009018518518518524
0.0011694444444444447
0.0021157407407407414
0.0061685185185185185
0.0013138888888888896
0.0020601851851851853
0.0016884259259259253
-0.0013523148148148149
0.0014055555555555555
7.777777777777794e-05
-0.00014490740740740718
-0.00036574074074074135
-0.0017916666666666667
-0.0014407407407407413
-0.00012777777777777747
-2.6388888888888875e-05
0.0004203703703703702
0.0010296296296296295
0.00135462962962963
0.0026000000000000003
-0.0023143518518518513
-0.0013060185185185186
4.953703703703743e-05
-5.0462962962962285e-05
-0.001643981481481481
-0.0002990740740740739
0.0032495370370370373
0.004367592592592593
3.287037037036932e-05
5.4629629629629265e-05
-0.00062037037037037
-0.001152777777777778
0.002652314814814814
0.0006416666666666669
-0.001640277777777777
0.0031824074074074077
6.990740740740754e-05
0.0015564814814814818
0.0015055555555555558
0.00254537037037037
-0.0007523148148148145
-0.00013842592592592585
0.00021805555555555543
0.0017444444444444445
0.002166666666666666
0.0020976851851851855
0.0005310185185185184
0.0014791666666666666
0.00021574074074074068
0.0033217592592592595
-0.000655555555555556
-0.003350462962962963
-0.0017490740740740745
0.0008097222222222229
0.0017847222222222218
-0.0012453703703703704
0.0007319444444444446
-0.0007958333333333336
-0.0005787037037037037
-0.0011125000000000006
-0.0015171296296296298
-0.0013398148148148147
-0.00043148148148148126
0.0017120370370370364
-0.0007555555555555552
0.0010578703703703705
-0.00032638888888888887
-0.0021949074074074067
0.0032208333333333334
-0.0016898148148148152
0.0006162037037037037
0.0007388888888888888
-0.00219537037037037
-0.0036439814814814816
-0.0020263888888888888
-0.0020319444444444447
-0.0027592592592592595
-0.002957407407407407
0.0009574074074074074
0.0011990740740740742
0.004423611111111111
-0.00037638888888888883
0.00012731481481481453
0.0012583333333333346
-0.0002615740740740748
-0.0009939814814814813
0.0022837962962962964
-0.00042777777777777785
0.001163425925925927
-0.0016981481481481487
0.002741203703703704
-0.003196296296296297
0.0010041666666666669
0.0005523148148148152
7.037037037037e-05
0.0017393518518518517
0.001640740740740741
0.0004527777777777784
-0.0001337962962962963
-0.00012962962962963017
0.000508796296296296
-0.0004907407407407408
-0.0032124999999999996
-0.0011740740740740741
0.0017939814814814815
0.0008657407407407405
0.0008726851851851849
-0.0001092592592592593
-0.0021134259259259257
0.002450925925925926
0.0020342592592592595
-0.0008134259259259258
-0.0010601851851851853
0.001069907407407407
-0.0006189814814814812
-0.00021203703703703684
0.0004273148148148148
0.002698148148148148
0.0033587962962962964
0.0011282407407407406
0.0013111111111111106
-0.0018842592592592583
-6.990740740740665e-05
0.0012152777777777776
-0.0050750000000000005
0.0048162037037037045
-0.0010731481481481484
-0.0026171296296296303
-0.0020564814814814816
0.003305092592592592
-0.0009791666666666668
0.0003638888888888892
-0.003912037037037037
0.0027009259259259256
-0.0006717592592592593
-0.0018347222222222224
-0.0005078703703703704
-0.0030328703703703702
0.0009412037037037035
-0.0008662037037037031
0.0027805555555555556
-0.00357962962962963
-0.0008453703703703709
0.0012013888888888892
0.0005087962962962955
-0.0005370370370370373
-9.398148148148135e-05
-0.000924537037037037
0.0019907407407407404
-0.0016023148148148144
0.004173148148148149
-0.00021712962962962924
-0.0008518518518518529
0.0003037037037037037
0.00022916666666666688
-0.003176851851851852
0.001976851851851852
0.0009125000000000006
-0.001852777777777778
0.0028601851851851857
0.00247962962962963
-0.004016666666666666
-0.0027986111111111107
0.0003879629629629629
0.002022222222222222
-0.0009078703703703698
-0.0006495370370370367
0.002619444444444444
-0.0006981481481481477
0.0002374999999999994
0.001568518518518518
0.0012490740740740737
-0.0012944444444444442
0.0003273148148148153
0.0011129629629629627
-0.0022055555555555557
0.0016231481481481485
-0.0008981481481481479
0.0050666666666666655
-0.0006328703703703707
-0.003549537037037037
0.0038388888888888886
-0.002080092592592593
-0.0018199074074074077
0.0006203703703703706
0.00022916666666666688
-0.0005856481481481481
-0.0026171296296296303
0.0007083333333333324
-0.0030444444444444442
-0.0008231481481481483
-6.851851851851913e-05
-0.00336712962962963
0.002197685185185185
0.0020810185185185185
1.1574074074073892e-05
-0.002178703703703703
1.5740740740741062e-05
-0.0006171296296296295
-0.000366666666666667
-0.00025092592592592614
0.0023518518518518515
0.0005685185185185187
0.0006407407407407409
-0.002243981481481481
0.0008736111111111111
-0.00042037037037037005
0.0016675925925925927
0.00038564814814814836
0.0036615740740740736
-0.0017023148148148145
0.003459722222222222
0.0015949074074074075
-0.00034259259259259225
0.001378240740740741
0.0013300925925925926
0.0010384259259259257
0.0018986111111111107
0.002808333333333334
0.0007203703703703699
-0.00041203703703703715
-0.0012217592592592588
-0.00023101851851851853
-0.001590740740740741
0.0007324074074074072
-0.001746759259259259
0.0001671296296296294
0.0008319444444444441
0.00028518518518518514
-0.00031759259259259213
0.0005337962962962965
-0.0012745370370370365
-0.005462962962962963
-0.0017671296296296296
0.00042685185185185247
0.0005314814814814816
-0.0006337962962962961
0.0017939814814814813
0.0004555555555555558
0.001384722222222223
0.001768518518518518
-0.0014601851851851855
-0.0034722222222222216
-0.0005435185185185188
0.0009995370370370375
0.0021361111111111108
0.0006087962962962966
0.0010439814814814815
-0.0009606481481481479
0.0007999999999999996
0.0024351851851851848
-0.0011898148148148143
0.0016888888888888895
0.0004898148148148146
-0.0005537037037037036
0.0008509259259259259
0.0016018518518518513
0.003956944444444444
0.0019648148148148146
-0.001266203703703704
0.0005180555555555553
-0.0007148148148148149
-0.0017263888888888895
-0.000766666666666667
-0.0027810185185185186
0.001986111111111111
-0.0025217592592592587
-9.675925925925888e-05
0.00044120370370370385
-0.0008976851851851855
-0.0037967592592592597
-0.0015805555555555553
0.0004944444444444446
0.0005462962962962964
0.001475462962962963
-0.0017601851851851852
0.0006115740740740741
0.0004208333333333332
0.0004319444444444451
-0.003216666666666667
-0.0006754629629629629
-0.0016481481481481475
-0.005102314814814816
-0.0009902777777777776
0.0003685185185185185
-0.0009523148148148146
0.001169444444444445
-0.000773611111111111
0.00023101851851851877
-0.003098611111111111
-0.001784259259259259
0.0007953703703703698
0.0005328703703703707
0.0016092592592592593
0.0001976851851851863
-0.000735648148148148
0.004565740740740739
-0.00035694444444444397
0.002879166666666666
0.0004842592592592586
-0.0009912037037037044
5.740740740740751e-05
-0.0006921296296296295
0.001928240740740741
0.0013379629629629629
-6.111111111111093e-05
0.0014935185185185188
-0.00028055555555555494
-0.0024203703703703705
-0.002035648148148148
0.0015606481481481485
0.0017435185185185184
-0.0005166666666666668
0.0007504629629629625
-0.002061574074074074
0.0009629629629629631
-0.004417592592592594
-0.002702777777777777
0.0006268518518518515
-0.002000462962962963
0.001915277777777777
-0.0012486111111111111
-0.0007393518518518516
-0.0019162037037037038
0.003966666666666667
-0.0018847222222222219
0.0028194444444444443
0.00242175925925926
-0.0002291666666666667
0.0014069444444444448
0.0032749999999999997
0.00254537037037037
0.00042962962962962925
0.0008027777777777777
-0.0025398148148148146
-0.002293518518518518
-0.00020046296296296286
0.0039458333333333324
-0.0005162037037037037
0.0010203703703703705
-0.0010708333333333336
0.0014111111111111115
-0.003376388888888888
0.0015425925925925935
0.0005518518518518519
0.00239537037037037
0.0009504629629629626
0.0012694444444444444
-0.002532870370370371
-0.00030185185185185203
-0.0017986111111111109
0.0005703703703703697
-0.001437037037037037
0.0019138888888888888
0.0018217592592592595
0.00249074074074074
0.0013504629629629628
0.0007009259259259258
-0.00016388888888888947
0.0015865740740740736
-0.0003638888888888888
-0.0007074074074074076
-0.0009004629629629632
0.0003245370370370373
0.000261574074074074
-0.0006245370370370366
-0.0001972222222222224
-0.0005537037037037039
-0.002200925925925926
0.0006152777777777778
-0.0024305555555555556
0.001191203703703704
0.001237962962962962
0.00011342592592592577
0.003702777777777778
-2.546296296296247e-05
0.000763888888888889
-0.00020694444444444438
0.0014671296296296299
0.0004731481481481483
0.0025208333333333333
0.00450925925925926
0.0005124999999999999
-0.0018439814814814814
-0.0007967592592592589
-0.00035370370370370324
2.222222222222196e-05
0.0021777777777777776
-0.00026805555555555496
0.000993981481481482
-0.002282870370370371
0.0022726851851851853
-0.0017324074074074067
0.0007277777777777778
-0.0015199074074074075
-0.0009884259259259256
-0.0015787037037037035
-0.0005208333333333335
-0.004100925925925925
-0.000802777777777778
0.00025601851851851887
-0.0012384259259259267
0.0020481481481481483
-0.0018935185185185183
-0.0022587962962962956
0.002022222222222222
-0.00010277777777777854
-0.0006171296296296293
-0.0002745370370370374
-4.351851851851861e-05
-0.0012064814814814811
0.0011921296296296294
0.0009824074074074075
0.0005874999999999998
0.0010777777777777773
0.002471296296296296
0.0013912037037037037
0.0011657407407407408
0.003039351851851852
0.0013541666666666665
-0.001175925925925926
-0.002587037037037037
-0.001073148148148148
0.0014250000000000003
0.0009074074074074072
0.0004449074074074078
0.0004069444444444442
0.0012064814814814816
-0.001009722222222222
0.0007324074074074071
0.0009611111111111112
0.002295370370370371
-0.0009703703703703702
0.0010449074074074072
0.0008300925925925926
0.0007138888888888889
-0.0015624999999999999
-0.0014212962962962966
-0.0010754629629629625
-0.004001851851851852
-0.0024171296296296297
-0.00031388888888888824
0.002131481481481481
-0.000956481481481482
0.0018138888888888894
0.002137962962962963
-0.0008675925925925924
0.00242175925925926
-0.0008500000000000006
-0.002420833333333333
0.0023041666666666666
0.0033407407407407405
0.0003027777777777781
-0.0019305555555555552
0.00018101851851851878
0.001374537037037037
-0.000319907407407407
0.0006171296296296295
0.0017731481481481487
0.0009300925925925927
0.0031134259259259253
0.00300324074074074
-0.0031143518518518512
-0.0027203703703703704
-0.0011824074074074072
-0.000582870370370371
-0.0016375000000000003
0.0005046296296296296
0.0006490740740740749
0.001237037037037037
-0.0004342592592592599
-0.003552777777777779
0.0009611111111111112
0.0042421296296296295
-0.00334537037037037
-0.002393518518518518
0.0022300925925925925
0.0008504629629629628
0.00010000000000000029
-0.0005888888888888886
0.00046620370370370343
-0.0008171296296296293
-0.0003787037037037034
0.0003546296296296294
0.0020675925925925922
0.0007314814814814814
0.002303703703703704
0.0022912037037037033
0.0035064814814814806
-0.0016921296296296291
0.0028305555555555553
0.0006277777777777778
-0.00235
-9.90740740740737e-05
-0.00040648148148148157
2.6388888888889258e-05
-0.00302962962962963
0.0023699074074074074
-0.00036898148148148223
-0.0021222222222222224
0.00012407407407407403
-0.0017750000000000003
0.001491203703703704
-0.0006662037037037041
-0.0010810185185185185
-0.0004629629629629626
-0.0005629629629629631
0.0012759259259259262
0.0023675925925925926
0.002640277777777778
-0.0007083333333333337
0.0005166666666666666
0.0029453703703703703
0.0007574074074074076
-0.0015143518518518516
0.0008337962962962965
-0.00010694444444444411
-0.001136111111111111
-0.0003337962962962963
-0.0005912037037037041
-0.00016898148148148135
-0.0016152777777777775
0.0021712962962962957
0.0021935185185185187
0.0004194444444444445
-0.0024629629629629632
-0.0020537037037037034
-2.3611111111111338e-05
0.002029629629629631
-0.0006416666666666667
-0.004241666666666666
0.0024824074074074076
-0.0004078703703703705
-0.0019861111111111112
-0.0004004629629629633
-0.002738888888888889
-0.0012680555555555557
-0.002339814814814814
0.0009944444444444443
0.003972685185185186
-0.0017708333333333337
-0.0009370370370370364
-0.00015138888888888892
-0.0001689814814814811
-0.0002356481481481484
-0.0008435185185185182
-0.0016027777777777778
0.0021662037037037036
-0.002453240740740741
-0.0001310185185185184
-0.0010023148148148146
-0.0018217592592592595
0.0019342592592592595
-0.0006124999999999999
0.0018805555555555563
0.0004722222222222221
-0.0019310185185185183
0.0019870370370370367
0.0030055555555555565
-0.0010101851851851845
-0.0017171296296296296
-0.0020499999999999997
-0.0006708333333333336
0.0011722222222222232
0.005956481481481481
0.0017847222222222214
0.0010870370370370367
0.00029768518518518463
0.0012356481481481485
-0.00021527777777777772
-0.00267361111111111
0.0005175925925925929
-0.0022583333333333327
0.0016273148148148145
0.002122222222222222
-0.0013981481481481481
0.0016865740740740745
-8.055555555555542e-05
0.0028861111111111114
0.0009449074074074074
0.0010175925925925923
-0.0010671296296296297
-0.003754166666666666
0.0003874999999999999
-0.001608333333333333
-0.001748148148148149
-0.0015791666666666675
0.00404537037037037
-7.731481481481452e-05
-0.001377777777777778
0.001402777777777778
0.002368981481481482
-0.003151388888888889
-0.0018537037037037033
-0.003069907407407407
0.0006648148148148144
0.00021944444444444463
0.0007347222222222224
-0.0010425925925925926
-0.0015375000000000005
0.005365740740740741
-0.002997685185185185
0.0005939814814814814
0.0018083333333333326
0.000208333333333333
0.0013185185185185188
-0.0004560185185185185
0.0005027777777777783
-0.00028194444444444474
-0.000952777777777778
0.0026055555555555554
0.00019212962962962928
-0.0009050925925925926
0.0008476851851851856
0.0007472222222222223
-0.0014953703703703702
0.0019143518518518518
0.0015944444444444441
0.0010986111111111112
-0.0009509259259259259
5.231481481481522e-05
-0.0016449074074074076
0.0019939814814814807
-0.0007995370370370365
0.00257962962962963
-0.0015712962962962961
-0.0015078703703703697
-0.0032856481481481482
0.0010925925925925925
-0.0002847222222222217
-0.000409722222222222
0.003057870370370371
-0.0008148148148148153
-0.0014333333333333338
0.001006944444444444
-0.0020134259259259255
0.001665277777777778
0.0015356481481481473
0.0011449074074074074
0.0013800925925925923
0.0008856481481481488
-0.0007796296296296301
-0.0002120370370370372
0.00011712962962963015
0.0023495370370370363
-0.0005342592592592599
-0.0015291666666666663
-0.0038300925925925924
-0.0030800925925925926
0.0010847222222222226
-0.0030671296296296297
-0.0019259259259259262
-0.0004064814814814809
0.0004671296296296291
0.0007365740740740743
-0.0006509259259259256
0.0008259259259259262
-0.0021249999999999997
0.0016430555555555558
0.000490277777777778
-0.0024356481481481473
0.0017893518518518527
1.0648148148147875e-05
-0.00042824074074074086
-0.003694907407407408
-0.0006726851851851859
0.00036712962962962996
-0.002097222222222222
-0.0005680555555555552
-0.0019365740740740747
0.0001458333333333336
0.0019476851851851851
-0.0004870370370370371
-0.001327314814814815
0.0017569444444444447
0.0012773148148148153
-0.0013949074074074072
0.004099074074074075
0.004359259259259259
4.629629629632332e-07
0.0032675925925925923
-0.0010101851851851851
0.0011560185185185182
-0.0011856481481481481
-0.0021231481481481483
0.0022731481481481474
0.002992129629629629
0.001191203703703704
5.8333333333333075e-05
-0.00048009259259259316
0.0006185185185185188
-0.0006592592592592588
0.000617592592592592
0.0006370370370370369
-0.002362962962962963
-0.0005712962962962961
-0.0010814814814814814
0.0011717592592592587
0.00019907407407407412
-0.0003898148148148151
0.0004439814814814814
0.0014824074074074073
-0.0012115740740740737
0.0015574074074074082
-0.0014134259259259265
0.0015078703703703697
-0.0009407407407407407
0.0003393518518518518
-0.000707407407407408
-0.0008842592592592588
0.00059212962962963
0.0028620370370370375
0.00042037037037037086
0.0005791666666666666
-0.00010416666666666663
0.002794444444444444
-0.0013138888888888885
0.0008060185185185188
0.0037856481481481487
-0.0009347222222222227
0.00020092592592592604
-0.0010930555555555554
0.0037550925925925924
0.0027
-0.0004222222222222221
0.001378240740740741
-0.0006393518518518519
-0.0002481481481481484
0.0003916666666666666
0.0019500000000000001
-0.0022300925925925925
-0.0020745370370370375
-0.0011930555555555553
-0.004780555555555555
0.0004967592592592587
-0.0012777777777777776
0.0009138888888888885
-0.002056944444444444
-0.0009430555555555558
0.0019064814814814817
-0.0012069444444444443
0.0011171296296296302
0.00046481481481481477
-0.0004513888888888889
-0.003005092592592592
0.0020620370370370367
-2.6388888888889132e-05
-0.0012046296296296295
-0.0002486111111111113
0.0015592592592592591
-0.001394907407407407
-0.002725925925925926
0.0013717592592592588
-6.018518518518113e-06
0.002357407407407407
-0.0030509259259259257
0.000854629629629629
0.00012361111111111164
-0.001836574074074074
-0.0007101851851851853
-9.861111111111114e-05
0.0012148148148148142
0.0017856481481481478
-0.0006782407407407403
0.0017722222222222223
-0.0010791666666666669
-0.0009106481481481486
0.0008037037037037032
-0.0007194444444444446
0.0030092592592592593
0.0011601851851851849
-0.000933796296296296
0.0005037037037037037
-0.0005337962962962959
-0.0031611111111111115
-0.00028935185185185135
0.0017537037037037033
-0.0032629629629629627
0.0004064814814814813
0.002243518518518518
-0.0008745370370370376
-0.0008930555555555554
0.001776851851851852
-0.0002500000000000002
9.259259259259293e-05
-0.002066666666666667
0.0031347222222222223
0.001552777777777778
0.0003777777777777778
-0.0010486111111111113
0.000921296296296296
-0.002030555555555556
-0.0005634259259259263
-0.002150462962962963
0.00573287037037037
0.00046805555555555554
0.0022842592592592597
0.0008648148148148144
0.0006175925925925922
-0.0033967592592592595
-0.0014699074074074072
-0.002827777777777778
0.0014879629629629626
0.0004967592592592594
0.003040740740740741
-0.0009421296296296302
0.0017106481481481473
-1.0648148148148004e-05
0.00015601851851851823
-0.0019722222222222224
0.0024129629629629622
0.0010375
-0.0005032407407407406
-0.002426388888888889
-0.001073611111111111
-0.0016143518518518518
0.0046148148148148155
0.0023981481481481484
0.0019064814814814814
3.611111111111073e-05
0.0033833333333333332
-0.0022990740740740745
-0.0007250000000000001
-0.0034273148148148145
0.0012032407407407408
-0.0011240740740740749
-0.002202314814814815
0.0030541666666666664
0.0008379629629629627
0.0009550925925925928
0.0010620370370370367
-0.0006282407407407407
-0.0020523148148148145
0.0017013888888888886
-0.0020296296296296295
0.0022800925925925927
0.0019523148148148147
-0.004290277777777777
-0.0008314814814814815
0.0006708333333333335
-0.00010185185185185208
-0.00027546296296296346
0.00045555555555555524
-0.004158333333333333
0.0021106481481481475
0.0017712962962962962
0.0008754629629629629
-0.0014296296296296294
-0.0020078703703703704
-5.5555555555554576e-06
0.00016527777777777783
-0.0006689814814814816
0.003007407407407407
-0.0014935185185185186
0.0012587962962962958
-3.148148148148232e-05
0.0006097222222222225
0.0027986111111111124
0.002841203703703702
0.0013106481481481482
-0.0034615740740740744
-0.0010546296296296302
-0.0024569444444444443
-0.0013782407407407406
-0.0014398148148148156
0.0014550925925925922
-0.0016574074074074078
-0.002975925925925926
0.0018712962962962965
-0.0014268518518518523
0.0014143518518518513
-0.0007532407407407408
0.002496759259259259
-0.0025013888888888885
0.0029453703703703703
0.0016365740740740737
0.0035310185185185184
0.0024652777777777776
0.0016013888888888887
-0.0012805555555555554
0.00010833333333333348
0.0001768518518518523
-0.0007351851851851858
0.00016620370370370338
-0.0015699074074074077
-0.004201388888888889
-0.0003958333333333329
-0.0009009259259259258
0.002084722222222222
-1.4351851851851685e-05
-0.002468981481481482
0.0004893518518518514
0.0024629629629629624
-0.004900925925925927
0.00091574074074074
-0.002043981481481482
-0.0011773148148148146
-0.00021018518518518492
-0.0007384259259259263
-0.0024629629629629632
0.001226388888888889
-0.00030972222222222214
0.0008597222222222223
0.00011157407407407463
0.0009365740740740744
-0.0010337962962962961
-0.0014925925925925927
0.001036574074074074
-0.0036930555555555566
4.027777777777771e-05
0.0024597222222222217
-0.001812037037037037
-0.001700462962962963
0.0002425925925925922
-0.0007671296296296293
-0.001438888888888889
-0.0020231481481481476
0.0026574074074074065
-0.0005759259259259257
0.0005444444444444438
-0.0003597222222222225
-0.0007625
9.537037037037028e-05
0.001150925925925926
-0.0022222222222222222
-0.002759259259259259
0.002585648148148148
0.0009874999999999997
0.0024625
-0.0005203703703703704
-0.0010444444444444446
0.0017967592592592588
-0.0028435185185185182
4.3981481481481134e-05
-5.462962962962952e-05
-0.000446759259259259
-0.0006995370370370369
0.00218287037037037
0.00014074074074074092
-0.0037236111111111116
-0.0006750000000000004
0.00025601851851851816
0.0006212962962962963
0.0013083333333333332
1.1574074074074341e-05
0.00029351851851851853
0.0005800925925925924
-0.0010791666666666669
-0.001773611111111111
-0.0025675925925925927
-0.00026574074074074027
0.0012615740740740736
-0.0007958333333333333
-0.002768518518518519
-0.00028240740740740754
-0.0004884259259259263
-0.0036430555555555556
0.000674537037037037
-0.0007574074074074078
-0.0043004629629629625
0.0006861111111111115
-0.00036018518518518485
0.0016236111111111117
-0.001346759259259259
0.002235185185185185
0.0006578703703703706
0.0024518518518518518
-4.953703703703685e-05
0.004000462962962963
-0.0004342592592592597
-0.0016458333333333336
0.0006550925925925923
-0.0005935185185185182
0.0010185185185185186
0.0004916666666666664
-0.0034439814814814815
0.0012629629629629627
0.0025375000000000007
0.0007097222222222223
-0.002066666666666667
-0.00022685185185185205
-0.0037648148148148155
0.0012425925925925935
0.0006944444444444447
0.0005337962962962965
0.00011944444444444517
-0.004025
-0.0022583333333333322
0.0014722222222222222
-0.002432870370370371
0.0011907407407407407
-0.0005162037037037034
0.001332407407407408
8.703703703703644e-05
0.0022597222222222224
0.0007601851851851858
0.0018777777777777777
0.0015476851851851858
-0.0013324074074074072
0.0010282407407407404
-0.0005995370370370371
-8.148148148148125e-05
-0.0013837962962962966
-2.3148148148148167e-05
-0.0004532407407407413
0.00278287037037037
-0.0016083333333333334
0.0009782407407407411
0.0013884259259259262
-0.0006111111111111107
0.0016592592592592592
-0.0010935185185185186
-0.004977777777777776
-0.0026472222222222214
0.0032023148148148145
0.004563888888888889
-0.0004601851851851859
0.0007907407407407402
0.0004412037037037033
0.003442129629629629
0.001702314814814815
-0.0002888888888888892
-0.0005361111111111109
-0.0001314814814814812
0.0018944444444444447
-0.0018527777777777778
-0.0015800925925925928
0.0005138888888888888
0.0028287037037037035
-0.002034722222222222
-0.0023587962962962955
0.0011157407407407403
-0.0013657407407407405
-0.0008328703703703706
-0.00010925925925925956
0.0013560185185185188
0.0018319444444444442
0.0012736111111111106
-0.0025787037037037033
-0.0018041666666666664
0.0009939814814814813
-0.0007546296296296294
-0.002207870370370371
-0.0018148148148148145
0.001270833333333333
-0.0002453703703703707
0.0002634259259259259
0.0017499999999999996
-0.0008569444444444447
-0.000642592592592593
0.0016472222222222216
-0.00027083333333333305
-0.00156574074074074
-0.000546296296296296
-0.00024861111111111096
-0.0038722222222222218
0.001603240740740741
0.0010731481481481484
-0.0006097222222222219
-0.0011287037037037038
0.001343518518518519
0.0006541666666666669
0.0004893518518518521
-0.0032870370370370367
0.0017861111111111107
-0.0009074074074074076
0.0022106481481481478
0.0013726851851851851
-0.001304166666666666
-0.0025300925925925925
0.00048009259259259294
0.0011134259259259263
0.001123611111111111
-0.002145833333333333
0.0018638888888888887
-0.00017870370370370368
-0.0008768518518518516
-0.000718981481481482
-0.0002018518518518516
-0.0021300925925925927
-0.0009574074074074076
-0.0006527777777777786
0.0016537037037037032
-0.0011328703703703702
0.001978240740740741
0.002150462962962962
0.00018287037037037078
-0.0027828703703703713
-0.0009148148148148148
-0.0018499999999999994
-0.001964351851851852
-0.0012476851851851852
0.00023055555555555535
0.0010282407407407408
0.0006620370370370369
-0.0013374999999999997
-0.00023194444444444467
-0.0010708333333333334
-0.002714351851851852
0.0026374999999999992
0.0018444444444444446
-0.00028796296296296285
0.001940740740740741
-0.0031601851851851856
0.0011546296296296302
-0.0016486111111111115
0.002490277777777777
-0.00017129629629629523
-0.0011671296296296306
-0.0014513888888888883
0.0010263888888888892
-0.002973611111111111
-0.001408333333333334
0.00034305555555555554
0.002503703703703704
-0.00039259259259259266
-0.00150925925925926
-0.0003680555555555558
0.0015736111111111103
-0.0018277777777777782
0.0008115740740740742
-0.0008046296296296296
0.0005574074074074075
-0.0013555555555555556
0.0008393518518518518
0.00028240740740740716
-0.0023888888888888887
-0.0011583333333333333
-0.00041250000000000005
0.0002745370370370374
-0.0006444444444444444
0.00033888888888888884
0.0022787037037037034
-0.001378703703703703
0.000813425925925926
0.002619444444444444
0.003186574074074074
-0.001031944444444444
0.0014046296296296296
0.0021328703703703705
-0.0029046296296296294
0.0032893518518518515
-0.001080555555555556
-0.0020125000000000004
-0.001301388888888889
-0.0018527777777777772
-0.0006166666666666672
0.0025291666666666665
0.002373148148148149
-0.0012643518518518514
0.000731018518518519
0.000612962962962963
-6.018518518518434e-06
0.0010527777777777775
0.00023657407407407416
-0.002687962962962963
-0.0016305555555555554
-0.001962962962962963
0.003008333333333333
-0.0014689814814814813
0.00019120370370370398
0.0017717592592592594
0.0010685185185185177
-0.0017921296296296292
0.0010574074074074073
-0.0012680555555555555
-0.0007055555555555561
0.0005250000000000007
-0.00013148148148148088
0.002673148148148149
0.0017625000000000004
0.0005944444444444446
-0.0018333333333333335
0.002261574074074074
0.00033981481481481466
-0.0032962962962962963
0.001356481481481482
-0.0022986111111111115
0.0014787037037037032
-0.002743055555555556
-0.0001287037037037034
-0.00018101851851851837
4.2592592592592464e-05
-0.0010842592592592596
0.0040537037037037035
-0.0002888888888888888
-0.0029125
-0.0003421296296296293
-0.0018
-0.000595833333333333
0.00031250000000000055
-0.0012092592592592597
6.296296296296308e-05
0.0005995370370370368
-0.002073148148148148
-0.0005898148148148158
-0.003622685185185185
-0.00032314814814814847
-0.0010245370370370371
-0.003323611111111111
-0.0003203703703703705
-0.0010458333333333335
0.0026537037037037037
-0.0014222222222222223
-0.0003050925925925923
0.000593518518518518
-0.0005245370370370366
-0.0036050925925925925
-0.0011282407407407406
0.002569907407407407
-0.0037078703703703696
-0.0004236111111111112
-3.8425925925926e-05
0.0008550925925925927
0.00020231481481481438
0.0008939814814814815
-0.0011893518518518522
-0.004107407407407408
-0.001675462962962963
3.518518518518478e-05
0.0022800925925925927
-0.0014185185185185184
-0.0007703703703703698
0.004257407407407408
-0.0017625
-0.0029736111111111113
-0.002034722222222222
-0.0008486111111111119
-0.003026388888888889
0.0017046296296296306
0.0019930555555555556
0.0015527777777777777
9.166666666666644e-05
-0.0006263888888888888
-0.0024773148148148146
0.0006388888888888887
-0.0019740740740740747
-0.000767592592592592
-0.002499074074074074
0.0005148148148148144
-0.0007263888888888895
-0.0007138888888888885
0.002302777777777777
6.296296296296296e-05
-0.002206481481481481
-0.004300462962962963
0.0002069444444444448
0.0032314814814814806
-8.287037037037042e-05
-0.0011180555555555553
-0.0008837962962962966
0.001097222222222222
0.0036032407407407406
1.8518518518518793e-05
0.001665277777777778
0.0012768518518518526
-0.0004013888888888889
-0.0031217592592592586
-0.003232407407407407
-0.0017041666666666661
-0.002698148148148148
-0.0003333333333333337
-0.0018347222222222217
-0.0014777777777777775
0.0001898148148148137
0.0006805555555555553
0.0002638888888888892
-0.0005930555555555559
-0.0012328703703703698
0.0025018518518518523
0.0012374999999999999
-0.0006495370370370369
-0.00020462962962963007
-0.0015254629629629628
-0.0003138888888888888
0.0020912037037037028
0.0006462962962962966
-0.0015773148148148146
-0.0015666666666666676
0.0008671296296296287
0.0004930555555555556
0.00017685185185185184
0.0009106481481481481
-0.0002166666666666667
0.0018930555555555552
-0.00025555555555555493
-0.0005097222222222226
0.00019212962962962966
-0.0030740740740740737
-0.001437037037037037
7.916666666666681e-05
-0.0009319444444444444
0.0013435185185185184
-0.0017435185185185184
-0.0022375
-0.0003393518518518515
0.0005430555555555554
0.00044814814814814777
-0.0023263888888888887
0.001017592592592593
-0.0034412037037037037
-0.000850925925925926
-4.675925925925912e-05
-0.0017268518518518518
0.0002856481481481478
-0.001096759259259259
0.004085185185185185
0.001664351851851852
-0.0009712962962962967
-0.00016249999999999983
0.0031504629629629634
0.0004532407407407412
-0.004530555555555555
0.0007925925925925927
0.002125925925925926
-0.00019861111111111107
-0.00022777777777777775
0.0006328703703703711
0.0017763888888888888
0.00024259259259259196
0.0037851851851851853
-0.0012189814814814815
0.0009750000000000001
0.0013388888888888892
0.0033597222222222214
0.000976388888888889
0.0013726851851851853
0.0011078703703703706
-0.004948148148148148
-0.0007662037037037034
0.00019861111111111178
0.0012726851851851855
-1.0648148148148196e-05
-0.005577777777777777
0.0011578703703703703
-0.00025416666666666686
0.0009800925925925932
0.0036458333333333334
5.509259259259218e-05
-0.00040509259259259226
-0.0006874999999999996
-0.004669907407407408
0.0016995370370370374
-0.001918518518518519
-0.0025888888888888884
0.0017976851851851851
-0.0009162037037037037
-0.0010907407407407409
-0.0006532407407407408
0.0010606481481481476
-0.001024074074074074
0.001216203703703704
0.0009865740740740744
-0.0004175925925925926
-0.004033796296296296
-0.0006004629629629633
-2.31481481481456e-06
-0.0002527777777777778
0.0014731481481481483
-0.0014810185185185193
-0.00013703703703703737
0.0012555555555555551
0.0008555555555555555
-0.002154166666666667
-0.002308796296296296
-0.0019250000000000003
-0.0007851851851851849
0.005267129629629629
0.0012550925925925932
0.004098611111111112
0.0005060185185185183
-0.0010712962962962965
0.003150925925925926
-0.00010370370370370359
-0.0009125000000000006
0.0043125
0.002536111111111111
-0.00017083333333333355
0.0008439814814814815
-0.0008055555555555555
-0.0024578703703703702
-0.0029199074074074075
0.0005180555555555561
-0.0008263888888888886
0.0017143518518518517
0.0014625
-0.003184722222222222
0.00040601851851851785
-0.0014152777777777775
0.0035953703703703707
-0.0025625000000000005
8.287037037037028e-05
-0.0023032407407407407
0.0014555555555555554
-0.000434722222222222
-0.00522175925925926
0.0003976851851851852
0.0010754629629629632
-0.0018018518518518514
0.00039814814814814774
-0.0022236111111111115
-0.0014652777777777778
0.002063425925925926
0.002086111111111111
-0.00042453703703703745
-0.0020939814814814814
5.462962962962978e-05
-0.002430555555555556
0.001611574074074074
-0.0002282407407407408
0.0017736111111111117
0.0007759259259259256
-0.00043379629629629633
0.0006416666666666669
-2.7777777777777803e-05
-0.000741666666666666
0.0013101851851851853
0.0009129629629629633
0.0005087962962962961
-0.0010634259259259262
-0.00022083333333333316
-0.0006458333333333331
0.002591666666666667
0.0021342592592592594
-0.001856944444444445
-0.0002787037037037036
-0.0023037037037037036
-0.0011245370370370367
-0.0003374999999999996
0.0027222222222222214
0.002609259259259259
0.0013722222222222217
-0.001845370370370371
-0.00020462962962962945
0.0018800925925925916
-0.002485648148148148
0.00022870370370370267
-0.0026236111111111104
0.0029884259259259256
9.722222222222166e-05
0.0031046296296296295
0.0010648148148148153
-0.0013759259259259254
-0.0029259259259259256
0.0008643518518518523
-0.0003699074074074073
-5.416666666666677e-05
-0.00010138888888888878
-0.00024537037037037035
0.0010615740740740735
0.00165462962962963
0.0012402777777777776
0.0012675925925925923
0.00022638888888888934
-6.01851851851855e-05
0.0036578703703703704
0.0001162037037037035
-0.0035249999999999995
1.4351851851851812e-05
-0.0008231481481481477
0.001137962962962963
-0.0003930555555555558
-0.0011662037037037045
-0.00034259259259259263
0.0025555555555555557
-0.0015532407407407402
0.00317037037037037
-0.0006046296296296295
-0.001411111111111111
0.0030310185185185193
-0.0009893518518518515
0.000399074074074074
-0.0012194444444444449
-0.002543518518518518
0.00030879629629629654
0.0015722222222222225
-0.001624537037037037
-0.0024138888888888895
-0.000989351851851852
2.6851851851850822e-05
-0.0007773148148148153
-0.0025939814814814814
-7.083333333333337e-05
0.0023481481481481474
-0.0006324074074074074
-0.00014444444444444455
-0.0027824074074074075
-1.3425925925926375e-05
0.002552777777777777
0.0005055555555555556
0.0006800925925925925
-0.0017444444444444445
-0.0016208333333333333
0.0013041666666666664
-0.001833333333333333
-0.001622685185185185
-0.0025273148148148147
-0.0006444444444444444
-0.000786574074074074
0.00447037037037037
-0.0022851851851851852
-0.0011842592592592595
-0.000558333333333333
-0.0002939814814814819
0.0011125000000000004
0.00047268518518518476
-2.870370370370337e-05
-0.0017699074074074075
0.002853703703703704
-0.0021768518518518513
0.0014134259259259265
0.0011638888888888888
-0.002790277777777778
0.0004796296296296295
-0.0003189814814814815
3.61111111111115e-05
0.00031064814814814795
-0.004649537037037037
-0.002246296296296297
-0.0017472222222222227
9.583333333333338e-05
-0.0010087962962962967
-0.0008597222222222222
-2.2685185185185387e-05
0.0017615740740740743
0.0003763888888888894
-0.0025125
0.0006518518518518518
0.0011629629629629626
-0.002360648148148148
0.001065740740740741
-0.002359722222222222
-0.0013087962962962966
0.00195324074074074
-0.0012833333333333327
0.002773611111111112
-0.00036620370370370295
-0.005466203703703703
-0.0022069444444444445
-0.0019449074074074071
-0.0025967592592592605
-0.0003050925925925932
-0.004198611111111112
0.002612962962962963
0.0006000000000000004
-0.00018101851851851902
-0.00025231481481481426
0.0008342592592592596
-0.0005611111111111114
-0.0011185185185185187
-0.0014726851851851852
-0.0013856481481481487
0.002614351851851852
0.003813425925925926
-0.0006129629629629633
-0.002474074074074074
-0.0006074074074074068
-0.00020138888888888886
-0.0003550925925925936
3.240740740740384e-06
-0.0024671296296296294
-0.0015731481481481486
-0.00034305555555555576
-0.00020555555555555567
-0.004269907407407408
-0.0012212962962962965
-0.0020305555555555554
-0.0006393518518518518
-0.0010310185185185188
-3.148148148148148e-05
-0.0014541666666666665
0.001318981481481482
-0.003299537037037037
0.00023009259259259237
0.0014666666666666662
0.0020773148148148157
0.0007884259259259259
-0.0025356481481481484
0.0010120370370370374
0.0009435185185185193
0.0015773148148148146
0.0017083333333333334
-0.003381018518518519
-0.00013935185185185193
-0.0013740740740740738
0.0009171296296296297
-0.004658796296296296
-0.00014259259259259281
-0.0019370370370370368
0.0026018518518518517
-0.002085648148148148
0.00044814814814814777
0.0007407407407407406
0.004624537037037037
-0.0010162037037037036
-0.00011249999999999992
-0.002934722222222222
0.0023708333333333333
2.638888888888945e-05
0.003350925925925926
-0.0009856481481481485
-0.0008754629629629629
0.0013305555555555555
2.5462962962962728e-05
0.0017106481481481482
-0.001094907407407408
-0.0004541666666666663
-0.0014583333333333332
0.0015370370370370364
0.001531944444444444
0.0014902777777777779
-0.0002694444444444447
-0.003174537037037036
-0.001595370370370371
-0.002030092592592592
0.000388888888888889
-0.0034282407407407404
-0.00022175925925925944
-0.0022712962962962964
-0.0028824074074074077
-6.342592592592614e-05
0.0004958333333333338
0.0008740740740740739
0.000475462962962963
0.0020953703703703703
0.002123611111111111
0.002693981481481481
-0.0019541666666666666
0.0018759259259259263
-0.0017157407407407401
-5.046296296296306e-05
0.0008268518518518517
0.0002347222222222224
0.00018703703703703713
0.0011495370370370366
-0.00021064814814814834
-0.00198287037037037
-0.00014953703703703714
0.0017574074074074078
9.305555555555533e-05
-0.000790740740740741
0.0003453703703703701
-0.00265462962962963
-0.0028546296296296297
-0.001530555555555556
0.00048796296296296283
-4.768518518518507e-05
-0.001641203703703704
0.003539814814814814
-0.0007347222222222222
0.0013333333333333335
0.0002046296296296293
0.004492592592592593
0.0011199074074074074
-0.001287037037037037
-0.0005476851851851845
-0.0008851851851851855
-0.0003379629629629627
-0.004078703703703703
0.0010643518518518521
-0.0015995370370370371
-0.00026296296296296284
0.0010759259259259257
0.0017277777777777777
-0.001537962962962963
0.0008847222222222221
0.0006990740740740741
-0.0004060185185185183
-0.0009287037037037039
0.0002787037037037037
0.0012148148148148148
0.0029569444444444443
-0.0009662037037037039
0.00027916666666666736
0.0022550925925925924
0.002035185185185185
0.0003611111111111116
-0.0036824074074074072
0.0012907407407407405
-0.0008416666666666662
0.0006541666666666661
0.0019416666666666664
0.0019046296296296296
-0.0029064814814814817
0.0014555555555555554
0.0010361111111111111
-0.0011208333333333326
6.388888888888841e-05
-0.0010972222222222227
-0.0005027777777777779
0.0024597222222222225
0.0020546296296296285
-0.0012245370370370374
0.0005750000000000001
-0.0015023148148148142
0.0004203703703703705
-0.00031388888888888883
-0.00042129629629629613
-0.0005166666666666668
-0.004065277777777778
-0.0021462962962962968
-0.00019675925925925942
-0.002350925925925926
-0.0007166666666666669
4.49074074074076e-05
0.005724537037037037
0.001923611111111111
-0.0013138888888888885
-6.250000000000057e-05
-0.0011504629629629634
0.0012754629629629628
0.001841203703703704
-0.0006925925925925928
-0.001021296296296296
0.0005185185185185179
0.00034814814814814837
-0.0012856481481481482
-0.0029875
0.0026560185185185185
-0.003943518518518518
0.002886574074074073
0.0022185185185185194
0.001037962962962963
-0.0003782407407407411
0.002700462962962963
-0.0010907407407407409
0.0010342592592592595
-0.0022736111111111112
0.0009736111111111107
0.002776388888888889
0.0013939814814814817
0.0022041666666666668
-0.00024907407407407436
-0.0002782407407407408
-0.0016509259259259261
-0.0014324074074074074
-0.0007777777777777774
0.0013671296296296292
-0.0013416666666666672
0.00032222222222222233
0.0017259259259259265
-0.0005074074074074077
-0.0017300925925925923
-0.0010236111111111114
-0.0019412037037037037
-0.0006111111111111113
0.0007509259259259264
-0.0007555555555555559
-0.0021287037037037043
0.0012837962962962963
0.002041666666666667
0.0005078703703703703
0.0031888888888888887
-0.002709259259259259
-0.0006638888888888888
0.0011490740740740745
-0.0024976851851851857
-0.0006509259259259264
-1.3888888888896354e-06
-0.0022583333333333335
0.0011828703703703706
-0.002394444444444444
0.0011374999999999994
-0.0025143518518518514
0.0004351851851851856
0.0017847222222222227
-0.0007138888888888884
0.00023657407407407449
-0.0027462962962962966
-0.00195787037037037
-0.0025953703703703703
0.0009476851851851854
0.000663888888888889
-0.001959722222222222
-0.00023472222222222208
0.0001351851851851852
0.003419907407407408
-0.0016046296296296297
0.001411111111111111
-0.0013847222222222219
-0.0006550925925925926
-0.0012532407407407407
-0.00024814814814814806
-0.0010546296296296293
-0.0026773148148148147
0.00212962962962963
0.003215277777777778
0.001785185185185185
9.907407407407446e-05
-0.0024004629629629623
-0.0006768518518518513
3.4722222222222256e-05
0.00042592592592592584
0.0030685185185185186
-0.0007152777777777775
-0.00014583333333333335
0.0008092592592592591
-0.0006361111111111112
-0.0027087962962962964
-0.0008907407407407408
0.0020842592592592597
-0.0033648148148148153
-0.0005935185185185184
0.0013370370370370374
-0.0002162037037037038
8.564814814814797e-05
-0.000916666666666667
0.0020893518518518522
0.0018222222222222223
-1.4351851851851685e-05
0.000876388888888889
0.001274537037037037
-0.0006180555555555551
-0.005491666666666666
-0.003468055555555556
-7.037037037037058e-05
0.002580092592592592
0.0009462962962962965
-0.002902314814814815
-0.0005694444444444441
-5.3703703703703955e-05
0.0019018518518518516
0.0002736111111111113
0.00011018518518518526
0.0017074074074074075
-0.0017837962962962961
-0.002053703703703704
0.0014407407407407405
-0.001364814814814815
0.0008018518518518521
-0.0031694444444444443
-0.00021111111111111092
0.004222685185185184
0.0003333333333333334
-0.0007009259259259257
0.0005462962962962966
-0.0028324074074074063
0.0013199074074074074
6.99074074074078e-05
0.0020745370370370366
0.0012583333333333333
0.0006537037037037037
0.0013101851851851848
-0.0005430555555555558
0.004312037037037037
0.000963425925925926
-0.0013370370370370368
-0.0023138888888888883
0.003083333333333333
-0.00040509259259259296
-0.002018981481481482
-0.002036574074074074
0.0005333333333333331
0.004255092592592592
0.0019791666666666673
-0.0027879629629629626
-0.0010745370370370368
0.0005050925925925929
0.0004222222222222221
0.0002148148148148144
0.00394537037037037
-0.002153240740740741
-0.005496296296296297
0.0011874999999999998
0.0015282407407407406
0.0022675925925925923
0.0006393518518518521
-8.88888888888895e-05
-0.004168981481481481
0.0039199074074074075
-0.001036574074074074
0.0030962962962962966
-0.002551851851851852
-0.0013449074074074075
0.0018490740740740744
0.0002694444444444447
0.0012587962962962963
-0.0034324074074074066
0.0012731481481481487
-0.0006953703703703698
0.0009291666666666669
-0.0017995370370370368
0.0022101851851851853
-0.0015587962962962966
0.0013884259259259258
-0.0013560185185185183
0.00043194444444444443
-0.0003347222222222221
-0.0006601851851851852
-0.0006814814814814813
-0.0014050925925925925
-0.0013046296296296304
0.0028268518518518517
0.00020277777777777858
0.002241666666666666
0.0003657407407407407
-0.00024444444444444465
-0.0014305555555555558
-0.0020324074074074077
0.002397222222222222
0.0003287037037037035
-8.194444444444497e-05
-0.0012949074074074076
0.0006296296296296299
0.0005009259259259253
-0.0019166666666666668
-0.000588888888888889
-0.0016689814814814814
0.0010675925925925924
0.001574074074074074
0.002243518518518518
-0.00259212962962963
-0.0020050925925925926
-0.0004949074074074077
0.0026282407407407413
0.001363888888888889
-0.0021074074074074072
-0.0005537037037037037
-0.002735185185185185
0.002428703703703704
-0.0032421296296296304
0.0007925925925925927
-0.0003851851851851851
0.0015393518518518516
-0.001003703703703703
-0.0001291666666666658
-0.001452777777777777
-0.0003490740740740742
0.0010569444444444441
-0.0004180555555555555
-0.0012694444444444448
-6.064814814814853e-05
0.0010384259259259264
-0.0012893518518518525
0.0024819444444444446
0.0008768518518518514
0.0017439814814814811
0.0007171296296296298
-0.0019375
-0.0006694444444444447
-0.0007731481481481483
0.001206944444444444
0.0016324074074074075
-0.0017731481481481487
-0.0007680555555555554
-0.0010356481481481482
0.0012407407407407408
0.0016611111111111113
3.564814814814782e-05
0.0004560185185185193
0.0001606481481481478
-0.0030675925925925922
0.0015935185185185189
-0.002041203703703704
-0.0005268518518518521
0.0018972222222222227
0.0017939814814814808
-0.001451388888888889
-0.000475462962962963
0.001850462962962963
0.0023217592592592595
-0.0005055555555555556
0.00010740740740740708
0.0014981481481481484
-0.0003328703703703701
-6.990740740740793e-05
-0.0013972222222222224
-0.000631944444444444
-0.0009680555555555553
0.0008722222222222228
-0.0014532407407407408
0.00113287037037037
-0.0012828703703703704
0.0034504629629629633
-0.0019731481481481484
0.003040277777777778
0.0010634259259259258
-0.0015986111111111114
0.0005078703703703703
-0.002644444444444444
-0.0003402777777777773
0.002259722222222222
0.0007092592592592589
-0.00031759259259259246
0.0009305555555555558
8.796296296296355e-06
0.0021851851851851854
-0.0017939814814814815
-0.00042824074074074086
0.001073611111111111
0.0006902777777777776
-0.004095370370370371
-6.759259259259247e-05
-0.00042592592592592606
-0.0024648148148148146
-0.0018194444444444445
0.0026972222222222224
-0.002335185185185185
0.0008657407407407411
-0.0017180555555555558
5.231481481481464e-05
0.002764814814814815
2.3148148148143028e-06
0.0014444444444444442
0.0014236111111111112
0.00020740740740740732
-0.0018097222222222223
-0.0027722222222222224
8.935185185185198e-05
-0.004233333333333334
-0.0005523148148148149
5.925925925925884e-05
-0.0004467592592592592
-0.0022759259259259256
-0.0013814814814814816
-0.001093981481481482
0.0022449074074074077
0.0036027777777777777
-0.00035092592592592635
-0.0010162037037037034
-0.0034412037037037037
0.0008162037037037032
0.0028689814814814823
-0.001400925925925926
0.0009319444444444443
0.0010865740740740742
0.0022421296296296295
0.0003060185185185186
-0.0001958333333333336
-8.611111111111113e-05
0.0004824074074074071
-0.0017782407407407413
-0.002079629629629629
0.0014800925925925923
0.001234722222222222
-0.0019138888888888884
-0.001943518518518518
-0.0016263888888888895
0.0009874999999999999
-0.0006500000000000003
0.0016365740740740741
0.0007092592592592595
-0.001428703703703703
0.00021574074074074114
-0.0023898148148148147
0.004352314814814815
0.003818981481481482
-0.00034907407407407364
-0.0012805555555555554
0.0009282407407407405
-0.0028078703703703707
0.00325787037037037
-0.0014101851851851851
-0.002358333333333334
-0.0020990740740740744
0.001434259259259259
0.0026300925925925927
-0.00015694444444444412
0.004234722222222222
-0.00023518518518518447
0.0007171296296296295
0.0015087962962962967
-0.0009500000000000003
-0.002166666666666667
0.001468981481481482
0.003049074074074074
-0.0013749999999999997
0.0036615740740740736
-0.0021689814814814822
0.002329166666666666
-8.703703703703709e-05
0.0012638888888888884
-0.001527314814814815
-0.0027601851851851845
0.0013166666666666665
-0.0026074074074074072
-0.0007902777777777774
-0.0018125
0.003815277777777777
3.4722222222222385e-05
-0.001396759259259259
0.002708333333333333
-0.00010694444444444449
0.00271574074074074
-0.0035921296296296287
-0.0005106481481481487
0.001048148148148148
-0.0001458333333333332
-0.0017842592592592593
-0.0010874999999999997
0.002736111111111111
0.0011902777777777782
0.0006472222222222221
0.00044537037037037093
0.0008884259259259253
-0.0020986111111111114
0.0009611111111111112
-0.001006018518518519
0.0004800925925925924
0.0002796296296296297
-0.001405092592592593
0.001012962962962963
-0.0012314814814814816
-0.0008407407407407406
0.0009013888888888889
0.0008027777777777775
0.00035231481481481523
-0.005762499999999999
0.002357407407407407
-0.0011351851851851846
-0.00048148148148148155
0.0009532407407407405
-0.002143981481481482
0.00011157407407407489
0.0007032407407407409
0.0029486111111111106
0.0026939814814814812
0.0005819444444444446
0.005122222222222223
-0.0003314814814814815
0.0014518518518518517
0.0022819444444444445
-0.000215740740740741
0.0029999999999999996
-0.0007212962962962963
-0.0009629629629629622
-0.0014550925925925927
-0.001565740740740741
0.0032810185185185186
-0.0026999999999999993
-0.003508333333333334
1.6203703703704104e-05
0.001749074074074074
0.0015648148148148149
-0.0016166666666666666
-0.004349074074074073
-7.175925925925933e-05
-0.00028842592592592613
-4.074074074074011e-05
0.0012125
0.0023597222222222214
0.0032791666666666668
-0.0006939814814814814
0.003609722222222222
0.0005361111111111113
0.001537962962962963
0.0014898148148148156
-0.0013615740740740743
0.0027370370370370374
0.001934722222222222
2.314814814814817e-06
-0.0010564814814814818
0.0017800925925925933
-0.0008319444444444444
0.0008472222222222224
0.003318981481481481
0.0006662037037037036
-0.00048657407407407433
-0.0028902777777777776
-0.001733796296296296
-0.0019958333333333334
0.0005268518518518518
-0.0014421296296296291
-0.001229166666666667
0.0012671296296296296
0.0002138888888888895
-0.0007624999999999992
0.005125462962962963
0.004025462962962963
0.003727777777777777
-0.0002060185185185186
-0.0004763888888888886
9.120370370370471e-05
-0.0005393518518518521
-0.0016449074074074076
0.0002810185185185189
-0.0023666666666666667
6.018518518518575e-05
-0.00018194444444444432
0.0028375
-0.0028699074074074074
-0.0021175925925925924
0.000681944444444444
0.001527314814814815
-0.0018032407407407402
0.0029087962962962965
-0.0006393518518518516
0.0026699074074074073
-0.0010134259259259265
-0.0008342592592592593
0.0004509259259259263
0.001724999999999999
0.0011000000000000005
0.0009449074074074077
0.0019291666666666667
0.0015578703703703703
-0.00037453703703703716
0.002126388888888889
0.00047546296296296307
0.0010620370370370375
-0.0009717592592592595
0.0026541666666666675
-0.0016185185185185187
0.002564814814814815
-0.0001365740740740742
-0.002506018518518518
0.0010467592592592588
-0.0004287037037037034
0.002407407407407407
-0.0010453703703703703
0.0009532407407407414
0.0010865740740740736
0.0008004629629629632
-0.00038888888888888925
0.0014148148148148147
0.0004402777777777777
0.0005999999999999997
0.004489814814814815
4.76851851851852e-05
-0.0015171296296296293
0.0005384259259259256
0.0008652777777777779
-0.0012000000000000001
-0.00046759259259259237
-0.0005578703703703705
-0.0027671296296296294
0.0022083333333333334
-0.0009481481481481478
0.0017527777777777776
-0.0036314814814814816
0.0035981481481481476
-0.0010449074074074076
-0.0017240740740740736
0.0017569444444444442
-0.00018749999999999946
-0.0018944444444444434
-0.00033518518518518424
0.00014259259259259276
-0.0022722222222222224
-0.003969907407407407
-0.0002606481481481477
0.0004800925925925924
-0.002547222222222222
0.002533796296296297
0.0008328703703703705
0.0015699074074074077
0.0019453703703703699
-0.0020074074074074074
-0.0036912037037037044
0.0020740740740740737
-0.0003481481481481482
-0.0011981481481481483
-0.0018069444444444454
-0.0005652777777777776
0.00027962962962962946
0.0030967592592592596
0.0011898148148148148
0.0006425925925925925
-0.000907407407407407
-0.0006351851851851851
0.0022666666666666664
0.0017837962962962963
-0.000953240740740741
0.0036000000000000003
0.001543518518518519
0.0031773148148148155
-0.0013930555555555556
-0.002873611111111111
0.0018680555555555553
0.0005694444444444439
0.0001620370370370373
-0.0014648148148148148
0.0006999999999999998
0.0009509259259259266
0.002562962962962962
-0.003939814814814814
-0.0004212962962962964
-0.0036875
-0.0013171296296296301
0.0025731481481481486
0.0022296296296296296
-0.002655555555555555
-0.003205092592592593
8.101851851851834e-05
-0.0003800925925925921
0.0024
0.00030648148148148114
-0.0028194444444444443
-0.002489351851851852
0.003147222222222222
-0.0011550925925925928
-0.0009842592592592592
-0.0011916666666666668
0.001444444444444444
-0.0021925925925925923
-0.0003777777777777783
0.0008324074074074071
0.0006356481481481478
-0.0030810185185185185
-0.0002527777777777778
-0.0003435185185185183
0.0009629629629629627
0.002093055555555556
-0.0006555555555555556
0.002596759259259259
-0.0004972222222222219
0.0020393518518518517
0.0005560185185185188
0.0015222222222222215
-0.00041944444444444456
0.0021569444444444444
0.0007023148148148151
0.0009560185185185187
-0.003028703703703703
0.0016356481481481484
0.004238888888888888
0.0007986111111111108
-0.0027078703703703713
0.002293055555555555
0.0007791666666666668
-0.00021712962962962962
-0.0020800925925925926
0.0019472222222222215
-0.002068518518518519
-0.0022009259259259256
-0.0015787037037037035
0.0021421296296296297
0.001783796296296296
0.00013749999999999976
0.0017518518518518517
-0.0004208333333333336
0.0021726851851851855
-0.0018907407407407412
-0.0009518518518518518
0.0017736111111111108
-0.0031504629629629634
-0.0007092592592592592
-0.0009162037037037039
0.0020805555555555555
-0.0029444444444444444
0.0010375000000000007
-0.001833796296296297
0.0009125000000000008
0.0024819444444444446
0.0026532407407407403
-0.0012055555555555559
-0.0019384259259259255
-0.0010972222222222227
-6.0648148148148405e-05
-0.0002800925925925931
-0.0006129629629629625
0.0008712962962962966
0.0032009259259259256
0.0010124999999999997
0.00030138888888888864
0.0005388888888888889
0.0003745370370370368
0.00182962962962963
-0.003286111111111111
-0.0012365740740740742
0.0031449074074074075
-0.0027791666666666668
0.002341203703703704
0.0011759259259259257
-0.0009726851851851855
-0.00452037037037037
-0.0012171296296296296
0.0015509259259259259
-0.0008837962962962964
-0.0030166666666666666
-0.00040324074074074107
-4.120370370370328e-05
-0.0033870370370370374
-0.0010935185185185188
0.00044120370370370407
-0.002559722222222222
0.0018546296296296295
0.0008671296296296295
-0.00030462962962962925
-0.0004777777777777777
0.0009032407407407405
0.0008796296296296296
-0.001493055555555555
-0.0016555555555555562
-0.0030444444444444442
0.0008546296296296302
-0.0012541666666666669
0.0008407407407407414
-0.0015828703703703697
-0.0024273148148148144
-0.0032365740740740744
-8.101851851851858e-05
0.0004023148148148143
-0.0007800925925925922
0.0021986111111111117
-0.0006578703703703703
-0.000200462962962963
-0.002324537037037037
5.231481481481458e-05
-0.0013412037037037036
-0.0009569444444444442
-0.002014814814814815
-0.001190740740740741
-0.0004643518518518513
0.0025740740740740754
0.0010509259259259259
-0.0003416666666666671
-0.0008874999999999994
0.002685648148148148
-0.0014060185185185185
-0.0003643518518518518
0.0017000000000000003
-0.0026412037037037038
-0.0012671296296296296
0.0014444444444444444
0.001359722222222222
0.0012587962962962965
0.0006967592592592595
-0.005208796296296296
0.0036157407407407405
-0.0004615740740740736
-0.0021425925925925926
-0.0010296296296296295
0.001810185185185185
0.004418055555555555
-0.0004773148148148147
0.0007624999999999997
0.0012930555555555558
-0.0023152777777777776
0.0010101851851851851
0.002243055555555556
0.0016805555555555556
-1.2037037037036483e-05
0.00037407407407407425
0.0020083333333333338
-0.0014046296296296292
0.001325
-0.0012208333333333335
-0.0005611111111111113
0.0009430555555555555
0.00013888888888888875
0.001555555555555556
0.0007541666666666673
-0.000728240740740741
0.0018967592592592593
0.003146296296296297
-0.0014490740740740744
0.0017847222222222227
0.002298148148148148
0.0018999999999999993
0.0030740740740740737
-0.0015087962962962967
-0.0007527777777777779
-0.0029722222222222216
0.002234722222222222
0.0011074074074074079
0.002315277777777777
0.00023518518518518498
0.0010194444444444446
-0.0012620370370370363
0.0024074074074074076
-0.00023472222222222246
0.0023486111111111108
-0.000881481481481481
0.00020972222222222177
-0.0008722222222222219
0.0003703703703703705
-0.00034907407407407364
-2.1759259259259175e-05
0.0020495370370370368
-0.0006949074074074074
0.0006962962962962962
0.00035185185185185205
0.0015611111111111108
0.00028935185185185184
0.0003999999999999998
-0.00034814814814814805
0.0022361111111111115
0.0008861111111111117
0.0038027777777777773
-0.001804166666666666
0.0025962962962962958
0.002997685185185185
0.0042611111111111105
0.0013537037037037033
6.944444444444451e-05
0.00039953703703703755
0.0019898148148148145
-0.0002703703703703709
0.0034555555555555555
0.00011203703703703732
0.0019777777777777775
0.0011277777777777772
0.0004939814814814819
0.002851851851851852
0.0028032407407407403
-0.0038273148148148146
-0.00240324074074074
-0.0019277777777777774
-0.0010398148148148148
0.0027925925925925926
0.0004731481481481483
-0.0008837962962962971
0.0011638888888888881
-0.0017467592592592587
0.0009171296296296296
0.002601388888888889
0.0013601851851851854
0.000665277777777778
0.0031652777777777777
-0.0005129629629629625
-0.0029435185185185194
0.002702777777777778
0.0026824074074074077
0.004429166666666666
0.0013050925925925927
0.001582870370370371
-0.0020009259259259255
-0.0002703703703703707
-0.0009462962962962962
-0.0021833333333333336
0.0007685185185185185
-0.002558333333333334
0.0012416666666666672
0.002490740740740741
0.00012824074074074108
-0.0017689814814814814
0.0014879629629629626
8.796296296296228e-06
-0.0013981481481481486
0.0011092592592592593
0.0006828703703703698
0.0008486111111111106
0.0007212962962962963
-0.0016625000000000001
0.00020648148148148148
-0.0014120370370370367
-0.004490277777777778
-0.0007962962962962961
-0.00025462962962963
-0.0006199074074074071
0.003274074074074074
-0.0017203703703703706
-0.0012486111111111111
-0.0005768518518518515
0.00182824074074074
0.0008898148148148145
-0.00019537037037037062
3.0092592592592685e-05
0.0007217592592592594
-0.00021620370370370418
-0.000848611111111111
0.002538425925925925
0.0010092592592592597
-0.0004643518518518513
0.0015828703703703703
0.00031990740740740715
0.0017555555555555558
0.0007569444444444446
-0.0018305555555555555
0.001384259259259259
0.002634259259259258
0.001985648148148148
-0.0008425925925925933
0.0006722222222222225
0.000346296296296296
-0.001290740740740741
-0.0004111111111111116
-0.0014185185185185184
0.0003245370370370371
0.0018444444444444441
0.002644907407407407
-0.0029032407407407405
-0.0018944444444444445
0.00021666666666666625
0.0004467592592592592
-0.0011351851851851853
-0.0005106481481481482
-0.0021287037037037043
-0.0027500000000000003
-0.0019523148148148147
-0.0019138888888888886
0.002415740740740741
0.0001462962962962958
0.0014888888888888892
-0.0003865740740740742
-0.0008087962962962964
-0.003338425925925926
0.0010861111111111113
0.0014999999999999998
-0.0016148148148148152
0.002154166666666667
0.0010879629629629627
-0.0028291666666666665
-0.0018361111111111104
0.0006578703703703702
-0.0008851851851851854
0.00132037037037037
-0.0018708333333333335
-0.00023518518518518512
0.0007685185185185182
0.0008685185185185185
0.0017152777777777776
0.0020976851851851846
0.00033425925925925973
-0.0010666666666666667
0.0025958333333333332
-0.0014166666666666666
0.00011712962962962958
-0.0006476851851851853
-0.0012458333333333334
-0.001943518518518518
0.0025217592592592596
-0.00019675925925925932
-0.0016296296296296293
0.002893518518518518
0.0035523148148148146
0.0008564814814814815
-0.0022328703703703694
0.0006342592592592589
-0.0024995370370370367
-0.0004337962962962961
-0.0010324074074074079
-0.00036898148148148163
-0.002614351851851851
-0.002856944444444445
0.0007217592592592594
0.0027467592592592596
0.0018217592592592593
-0.000476851851851852
0.0018546296296296297
0.0009259259259259264
-0.0005847222222222217
0.003767129629629629
-0.0012087962962962957
-6.759259259259235e-05
0.000977314814814814
0.0008050925925925927
0.0010004629629629623
-0.0002976851851851848
0.0001912037037037037
-0.0010106481481481479
-0.0005990740740740747
0.00038287037037037033
0.0016902777777777782
-0.0022101851851851853
0.0017939814814814808
-0.00021018518518518543
0.003685648148148148
0.0002782407407407412
-0.0014990740740740745
-0.0011685185185185186
0.0003393518518518521
-0.0007166666666666661
-0.001301851851851851
0.0006212962962962957
0.0019231481481481484
-0.0007513888888888891
-0.0026763888888888887
-0.0016916666666666666
-0.00030787037037036975
-0.0029444444444444444
-0.003333796296296296
-0.0003972222222222225
-0.002719444444444445
-0.00025555555555555493
-0.0017912037037037033
-0.003915277777777778
-0.0013458333333333332
-0.001731481481481482
0.0047587962962962966
0.0016305555555555554
-0.0013171296296296297
0.0011634259259259258
-0.0007671296296296294
0.002103240740740741
-0.00475324074074074
-0.0032990740740740736
-0.0027074074074074075
0.00034351851851851834
-0.0013069444444444441
0.0002027777777777778
0.0005222222222222219
-2.4537037037037292e-05
-0.003437037037037038
-0.0015699074074074072
0.0007819444444444442
0.0010671296296296295
-0.0019999999999999996
0.0008587962962962963
0.003226851851851852
-0.004686574074074074
-0.001384722222222223
0.0009597222222222224
0.0018490740740740742
0.0014453703703703707
-0.0029787037037037035
-0.0011842592592592595
-0.001972222222222222
0.002459259259259259
0.000548148148148148
0.0009129629629629626
-0.0028726851851851847
0.0001703703703703706
-0.0010847222222222213
-0.0010763888888888889
-0.0001180555555555554
0.0005402777777777775
0.0018916666666666654
0.0002879629629629621
0.0009152777777777774
-0.0005342592592592593
0.001474537037037037
0.002811111111111111
-0.0018050925925925925
0.003712962962962963
-0.003478703703703704
-0.004763425925925927
0.0006606481481481479
-0.000695833333333333
0.0002893518518518517
0.0020976851851851846
-0.0008375
0.0010773148148148148
0.001803703703703704
-0.002718518518518519
0.0020620370370370367
0.002464814814814814
-0.0003708333333333335
0.002037037037037037
0.0018745370370370372
-0.0021148148148148146
0.00033888888888888906
-0.002254629629629629
0.003126388888888889
-0.00024675925925925956
-0.0017231481481481486
0.0025898148148148148
0.000848611111111111
-0.0012333333333333332
-0.000733333333333333
-0.0009638888888888891
-0.0013398148148148147
0.0024361111111111102
-0.0034694444444444443
-0.00034212962962962924
-0.0006342592592592588
-0.00505462962962963
-0.0006754629629629631
0.001973148148148147
-0.000710648148148148
0.002728240740740741
0.0030527777777777775
0.0007611111111111112
-0.0006490740740740743
-0.00026481481481481446
-0.00035231481481481463
-0.00014351851851851827
-0.002478240740740741
0.0010657407407407406
-0.002727314814814815
-5.2777777777778136e-05
8.194444444444441e-05
-0.00011342592592592706
0.0005689814814814816
-0.0028074074074074078
-0.0012541666666666669
0.005413425925925925
-0.00042638888888888886
-0.0024731481481481475
-0.0019749999999999998
-0.0004564814814814818
-0.0006083333333333336
-0.003981481481481481
-0.0005638888888888893
-0.0016527777777777782
-0.00043009259259259265
-0.0004296296296296292
0.0005680555555555555
0.0034009259259259257
5.185185185185096e-05
0.0028861111111111114
2.361111111111108e-05
0.0003564814814814813
0.002876388888888889
0.0011157407407407407
-0.0007449074074074076
-0.001123611111111111
-0.000623148148148148
0.000775925925925926
2.777777777777986e-06
0.004477777777777777
0.001411111111111111
-8.98148148148152e-05
0.0008912037037037036
-0.002808796296296296
-0.0006499999999999996
-0.001437962962962963
-0.002307407407407407
-0.0005152777777777778
-0.00036342592592592584
-7.638888888888973e-05
0.001075
-0.0027537037037037044
-0.0017231481481481483
-0.0008796296296296302
0.00078287037037037
-0.0002759259259259259
0.0001532407407407411
0.0014981481481481486
0.0012898148148148155
-0.002602777777777778
0.0004499999999999996
0.0014634259259259262
-0.0027999999999999995
-0.00021759259259259266
1.5740740740740036e-05
0.00011157407407407386
0.0033782407407407407
-0.002625
-0.0022037037037037034
-0.0002847222222222217
0.001666203703703704
-0.0007814814814814812
-0.001852314814814815
-0.00030462962962962947
-0.0010939814814814814
-0.00046296296296296336
0.00380462962962963
0.0001611111111111111
0.001918518518518519
-0.0007416666666666666
0.001680555555555555
6.481481481481506e-05
0.0034342592592592593
-0.0001532407407407403
0.0006472222222222221
0.0016333333333333334
0.0020055555555555556
-0.00023472222222222194
0.0027138888888888885
-0.0014333333333333331
5.462962962962978e-05
0.0012277777777777782
-0.00013009259259259316
0.0008023148148148148
0.0004949074074074081
0.003066666666666666
0.0018342592592592592
-0.001038425925925926
0.001967592592592593
-0.0009254629629629626
0.0015824074074074072
-0.0010481481481481472
-0.0006467592592592594
-0.004996759259259259
-0.0014050925925925925
-0.0008754629629629631
-0.003293055555555555
0.0033513888888888894
0.0011634259259259258
0.0014995370370370373
0.0014120370370370372
-0.000275
-0.0011620370370370365
-0.004730092592592593
0.003444907407407407
0.0002606481481481482
0.000454166666666667
-0.0018893518518518508
0.0035199074074074074
0.003945833333333333
-0.001108333333333333
0.0001305555555555557
0.0022314814814814814
0.00332962962962963
-0.0023055555555555555
0.002443518518518519
-0.0025152777777777777
-0.0007851851851851853
-0.0026745370370370365
-0.00037824074074074046
0.0051685185185185185
0.00059212962962963
0.0003310185185185186
-0.00315
0.0023425925925925927
0.0016560185185185183
0.0038425925925925923
-0.0003087962962962965
-0.0011250000000000001
-0.0008166666666666664
-0.0024328703703703695
-0.0009203703703703704
0.002246759259259259
0.0002777777777777778
-0.0008500000000000006
0.0006763888888888887
0.0007847222222222218
0.0014481481481481483
0.0017384259259259262
-0.0011861111111111115
0.002033333333333333
0.00045138888888888903
-0.0024629629629629632
-0.0019041666666666669
-0.0002898148148148152
0.0025425925925925924
-0.0016638888888888888
-0.003014814814814815
-0.0005523148148148145
-0.00020555555555555553
-0.0015027777777777774
-0.0004087962962962966
-0.0004101851851851855
-0.004342592592592593
0.00011249999999999994
0.0010212962962962966
-0.002675462962962963
0.00132037037037037
0.0008453703703703706
0.00037685185185185196
-8.51851851851853e-05
0.00041944444444444424
0.0007875
0.0037787037037037043
0.001032407407407407
-1.5277777777777895e-05
0.00587824074074074
-0.005330555555555555
-0.0014564814814814813
-0.0033296296296296294
-0.001669907407407408
0.0017111111111111107
0.00241574074074074
0.0002120370370370368
0.00011944444444444471
-0.002605555555555556
0.0021249999999999997
-0.0029041666666666664
-0.00018611111111111104
-0.002069444444444445
0.0020740740740740737
-0.00205787037037037
-0.001639814814814815
0.0016620370370370367
-0.0002657407407407407
0.00017361111111111104
-0.0012245370370370379
0.0024495370370370365
-0.0010768518518518516
-0.0008675925925925922
-0.0023027777777777777
-0.0013754629629629629
-0.0034273148148148153
-0.001325
-0.0008074074074074074
7.222222222222197e-05
0.0027037037037037043
0.0011208333333333337
-0.00029675925925925936
0.0021587962962962962
-0.001147222222222222
-0.0008472222222222224
-0.002643055555555556
0.0012305555555555553
-0.0030763888888888885
0.0022995370370370366
-0.00333287037037037
-0.002299537037037037
-0.0027134259259259256
-0.0004861111111111114
0.0035847222222222226
-0.0005444444444444447
0.0008597222222222219
0.003598148148148148
-0.0013689814814814819
0.0035097222222222222
-0.001421296296296297
-0.0021481481481481473
-0.001525925925925926
-0.00010324074074074013
-0.0008699074074074068
0.0008953703703703705
-0.002340277777777778
-0.0003870370370370369
0.0034490740740740736
0.0011953703703703705
-0.0008476851851851848
-0.0013879629629629632
0.0031939814814814812
0.0027694444444444437
-0.0003310185185185183
-0.0015375
-0.000400925925925926
0.0006259259259259258
-0.0008902777777777776
8.749999999999988e-05
-0.0014796296296296294
-0.002565277777777778
0.006251851851851852
0.000659722222222222
0.0014995370370370366
0.002379166666666666
-0.0009425925925925922
-0.0004875000000000004
2.0370370370370762e-05
0.00011388888888888945
-0.0003694444444444446
-0.0013347222222222224
-0.002818055555555556
0.002634259259259259
0.0019629629629629632
0.002961574074074074
-0.0008592592592592595
-0.0022310185185185185
-0.001893055555555555
0.00022546296296296255
-0.002674537037037037
-0.00024259259259259262
0.0007699074074074074
0.000194444444444445
-0.002383333333333333
-0.00017824074074074085
0.0029087962962962965
0.000268518518518518
0.0008023148148148152
-0.0022250000000000004
0.0015671296296296293
-0.003320833333333333
0.0012384259259259258
0.0020129629629629625
0.001884722222222222
0.0018611111111111111
0.00014305555555555523
-0.004225462962962962
-0.0022171296296296297
-0.0017796296296296297
0.0021027777777777776
9.305555555555526e-05
-0.0019305555555555552
0.0038402777777777775
-0.003975925925925926
-0.001084722222222222
-0.0013712962962962967
0.00021805555555555513
-0.0032615740740740734
-7.268518518518438e-05
-0.003587500000000001
2.0833333333333353e-05
-0.00030370370370370366
0.002159722222222222
0.001555555555555556
0.0021305555555555552
-0.0009949074074074077
0.0023546296296296297
-0.002815740740740741
-0.0014000000000000004
0.0020703703703703704
0.0016009259259259253
1.2962962962963206e-05
0.0018976851851851852
-0.00048564814814814814
-0.0002981481481481476
-0.0013578703703703704
-0.0019189814814814814
0.0005291666666666668
0.000859722222222222
-0.0006597222222222227
-0.00048009259259259196
-6.0185185185184984e-05
0.0011837962962962965
-0.001481481481481482
0.002122222222222223
0.002123611111111111
-0.00024583333333333374
-0.0014333333333333333
0.0016120370370370373
-0.0010560185185185189
-0.0002814814814814816
0.004347685185185185
-0.00020416666666666627
-0.0015310185185185186
0.0024458333333333333
-0.0003185185185185181
-0.000566203703703704
0.0034800925925925924
0.001988888888888889
-0.001
-0.0006574074074074074
-0.0024662037037037035
-0.00018287037037037035
-2.361111111111108e-05
-8.61111111111119e-05
-0.0027384259259259254
-0.0031310185185185182
-6.342592592592633e-05
-0.0007023148148148146
7.314814814814834e-05
-8.425925925925846e-05
-0.0003902777777777776
0.00023796296296296285
0.001013888888888889
9.814814814814814e-05
-0.001751388888888889
0.0007347222222222215
-0.0004069444444444445
-0.0022351851851851842
-0.0015569444444444443
0.0017412037037037034
-0.0008569444444444444
-0.0006356481481481482
-0.0027569444444444447
0.0014958333333333336
-0.0019476851851851851
0.0018143518518518515
0.004315277777777778
-0.0018148148148148145
-0.0019611111111111105
0.0022939814814814815
0.0035893518518518514
0.0008898148148148146
-0.0008643518518518516
0.00013287037037037052
0.0009412037037037039
-0.0029310185185185186
-0.00046435185185185213
-0.0014305555555555554
0.002593055555555556
9.53703703703704e-05
0.00289074074074074
-0.0010217592592592591
-0.0003398148148148144
0.0011587962962962962
0.004305092592592592
-4.7685185185184944e-05
-0.0024976851851851844
0.001343981481481481
-0.001543981481481481
0.003003240740740741
-0.0056388888888888895
0.0015787037037037033
-0.0027490740740740735
0.0006555555555555553
0.0003657407407407408
0.0010675925925925924
0.0011476851851851858
-0.0012953703703703706
-0.00018935185185185182
0.0014
-0.0010268518518518517
-0.0027527777777777785
-0.0009685185185185185
0.0018754629629629633
0.0018180555555555556
0.0010171296296296298
0.0022962962962962963
0.002131944444444444
0.003623148148148148
5.555555555556486e-06
0.001490277777777778
-0.0002930555555555557
-0.0002680555555555556
-0.001866666666666666
-0.0018930555555555552
0.001046296296296296
0.001101851851851852
-0.0019092592592592592
-0.0013847222222222219
0.00042731481481481505
-0.0028722222222222226
-0.0001981481481481476
-0.0036805555555555554
0.0015500000000000002
-0.004131481481481482
0.0013944444444444445
-0.002384259259259259
-0.000346296296296296
-0.0017013888888888886
0.0004856481481481486
-0.001634722222222222
0.0034074074074074067
-0.00013287037037037057
0.0022796296296296293
0.0019365740740740736
0.0012990740740740738
0.000824537037037037
-0.0011254629629629624
0.0016375
0.00011342592592592628
-0.001786574074074074
-0.00018148148148148193
0.0004523148148148138
0.0030949074074074073
-0.0016453703703703706
-0.003730092592592592
-0.002822222222222222
0.0020175925925925925
-0.0014773148148148148
0.0010236111111111114
4.9999999999999826e-05
-0.0002277777777777779
0.00205
0.00023240740740740725
0.0010314814814814813
0.0004615740740740737
0.002843981481481481
0.000790277777777778
0.00084537037037037
0.0007092592592592585
0.00026064814814814874
0.000855555555555555
0.00010462962962962928
-0.002281481481481481
0.0032236111111111116
0.0020083333333333338
0.0007824074074074065
-0.0008759259259259259
0.0017250000000000002
-0.0012277777777777782
-0.000880092592592593
0.002597685185185185
0.0020847222222222218
-0.0036254629629629627
0.0029879629629629635
0.0007569444444444441
-0.0016486111111111105
0.0008953703703703707
0.0027166666666666667
-0.0004763888888888887
0.0002004629629629622
-0.00016342592592592578
0.00016574074074074164
0.0007217592592592592
0.0014958333333333336
0.0018972222222222225
-0.0024240740740740746
0.0004810185185185186
0.00034351851851851845
0.0024101851851851853
0.0023356481481481475
0.004705555555555556
-0.001349074074074074
-0.0007444444444444442
0.0005541666666666666
0.0013671296296296294
0.0016944444444444444
0.003995833333333333
0.0012509259259259253
-0.00021759259259259252
-0.000816666666666667
0.0008439814814814811
-0.0010273148148148142
-0.0013689814814814819
0.00048148148148148155
0.0004018518518518518
-0.0010152777777777777
-0.0017162037037037033
8.240740740740745e-05
-0.0038250000000000003
0.002240277777777778
0.00025092592592592565
-0.0007685185185185193
-0.002033796296296297
-0.0008078703703703699
-0.0005541666666666669
0.00012685185185185176
-0.0007402777777777777
0.0025324074074074077
0.0017449074074074075
0.001549537037037037
-0.0014374999999999998
0.0009152777777777778
0.003588888888888889
-0.0007842592592592595
-0.00045185185185185145
-0.00028564814814814815
-3.518518518518503e-05
-0.00014490740740740726
-0.0018444444444444448
0.0009842592592592592
0.0005740740740740739
0.00023101851851851812
-0.0005050925925925922
0.002672685185185184
-0.0002074074074074077
-0.0007143518518518515
4.7222222222222675e-05
-0.0001462962962962964
0.0011069444444444447
0.001097222222222222
-0.00018333333333333358
0.003219907407407407
-0.0008175925925925924
-0.001147685185185185
-0.0004717592592592592
-0.0033893518518518526
0.00039675925925925957
-9.074074074074077e-05
0.0009300925925925922
9.398148148148102e-05
0.0010398148148148152
0.0017402777777777772
-0.0018759259259259259
0.0003550925925925919
-9.351851851851889e-05
0.0004837962962962961
-0.0003999999999999999
0.001774537037037037
-0.00022546296296296228
0.0040875
-0.0008476851851851847
-0.001734259259259259
-0.0016296296296296284
-0.0031703703703703707
-0.001586574074074074
0.0020458333333333327
0.0021217592592592594
0.0024759259259259257
-0.0015013888888888885
0.0003143518518518517
0.0006194444444444446
-0.00013518518518518572
0.0005347222222222223
0.0012430555555555554
-0.0004083333333333328
-0.001875462962962963
-0.001417592592592593
-0.002806944444444445
-0.00041435185185185146
0.00017916666666666659
0.001476388888888889
0.0023268518518518517
0.00044768518518518524
-0.002593055555555556
-0.00031388888888888916
-0.0033370370370370377
-0.0017972222222222218
0.0012291666666666664
-0.0009416666666666663
-0.0015995370370370371
0.0002486111111111108
0.0008574074074074079
-0.0035180555555555555
-0.0019462962962962958
0.00022962962962962965
5.833333333333372e-05
-0.001547685185185185
0.0022958333333333338
-0.0016384259259259256
0.002921296296296296
-0.0013861111111111107
0.0027782407407407404
-0.0030611111111111112
-0.001035648148148148
0.004210648148148148
0.0007347222222222212
0.00023101851851851864
0.0008884259259259264
0.0011337962962962968
0.003011111111111112
-0.0016125000000000002
0.003490277777777778
0.00047916666666666604
0.0025615740740740738
-0.0018541666666666667
-0.00017361111111111074
-0.0016527777777777775
-0.0003847222222222224
-0.00013657407407407368
0.002596759259259259
-0.002772685185185184
-0.0023976851851851854
-0.00048564814814814787
0.0014157407407407413
-0.0017453703703703696
-0.0016268518518518515
0.00042129629629629657
0.002247222222222222
-0.0034555555555555555
-0.001402777777777778
-0.0026486111111111107
-0.000153703703703704
-0.00019351851851851854
0.003580555555555555
-0.0006370370370370371
0.0017069444444444445
0.002098148148148149
0.0005194444444444443
-0.0022601851851851854
0.006270833333333332
-0.0005000000000000002
0.004699074074074074
-0.0008875
0.0035981481481481476
-0.0009421296296296296
0.00044907407407407407
0.002351851851851852
9.629629629629623e-05
0.00036481481481481467
-0.0007009259259259263
0.002939351851851851
0.0015824074074074076
-0.0003388888888888889
-0.00016944444444444415
0.000992592592592593
0.0010263888888888883
-0.0006592592592592587
-0.002296296296296296
0.0008203703703703702
0.0005999999999999994
0.002181018518518518
0.0012300925925925927
-0.0005861111111111116
0.0007435185185185182
0.001178240740740741
0.0004023148148148146
5.324074074074002e-05
0.0018231481481481484
-0.0015509259259259263
0.0033157407407407406
-0.0008083333333333331
0.0004875000000000003
0.002343981481481481
0.0009847222222222221
-0.0017009259259259256
0.00012083333333333339
-0.00024768518518518564
-0.000371296296296296
0.0015851851851851856
-4.675925925925925e-05
-9.675925925925908e-05
-0.0010333333333333332
-0.0005449074074074074
-6.851851851851878e-05
-0.0006416666666666668
0.002432870370370371
0.005303703703703704
-0.00020231481481481465
-0.0031648148148148143
0.0004305555555555553
0.0020541666666666664
-0.00028657407407407445
0.000741666666666667
5.2777777777777364e-05
0.0009402777777777779
0.003816203703703703
-0.0038407407407407414
0.0025393518518518512
-0.00013842592592592585
0.0009689814814814813
-0.0008250000000000005
0.0011805555555555551
-0.0013736111111111117
0.0029300925925925926
-0.0013458333333333328
0.003714351851851852
0.003875
0.0005458333333333335
-0.0009601851851851852
0.002558796296296296
0.0012782407407407408
0.0008476851851851853
-0.0063388888888888896
-0.0014689814814814817
-0.001715277777777778
0.0018402777777777777
-0.005374999999999999
-0.0007949074074074073
0.00023842592592592562
-0.0021717592592592587
0.0004078703703703712
-0.0024662037037037035
0.003208796296296296
9.537037037037028e-05
0.00023287037037037015
-0.000651851851851852
-0.001138425925925926
0.002147685185185185
0.003961574074074074
-0.0011643518518518515
-0.0034347222222222223
-0.0028263888888888883
-0.003937962962962962
0.002812037037037037
-0.0016842592592592593
0.0025407407407407414
-0.004588888888888889
0.0015648148148148149
7.685185185185162e-05
0.0009986111111111114
0.002221296296296296
-0.0015412037037037041
-0.0026935185185185183
-0.0005217592592592594
-0.0007194444444444452
0.0010555555555555555
0.0009134259259259264
-0.0007287037037037037
0.0014731481481481488
-0.0026907407407407405
-0.0018717592592592592
-0.0009643518518518514
-0.001092129629629629
-0.0005833333333333337
0.0008763888888888892
-0.00013657407407407496
-1.4814814814814212e-05
0.0007203703703703703
0.0024541666666666666
0.0019407407407407411
0.0019564814814814814
-0.0036087962962962966
0.0002814814814814808
-0.001555092592592592
0.004246296296296297
0.0016074074074074072
-0.004642129629629629
-0.0005162037037037046
-0.0026069444444444443
-0.002340740740740741
0.0037458333333333332
-0.0006351851851851846
0.0020050925925925926
0.0012986111111111113
-0.0012574074074074072
-0.002051851851851852
0.0014342592592592597
0.0008564814814814811
-0.0003462962962962962
0.001865277777777778
0.0007648148148148147
0.0022092592592592593
-0.0011805555555555556
-0.002093055555555556
-0.0013106481481481487
0.0007398148148148154
0.0021537037037037032
0.0001319444444444448
0.00015138888888888827
-0.0009712962962962963
-0.0008726851851851848
-0.002607870370370371
0.0004680555555555558
-0.004312962962962963
-0.0009101851851851847
0.0030550925925925923
0.0028986111111111105
-0.0012652777777777777
-0.003708796296296296
0.001155555555555556
-0.00020185185185185188
-0.002566203703703704
-0.0019861111111111112
-0.0005717592592592595
0.00028472222222222234
0.0006888888888888884
0.003708333333333333
-0.0016064814814814813
-0.0009810185185185189
-0.0003509259259259257
-0.00016805555555555554
-0.0019643518518518512
-0.0017847222222222223
0.002793055555555556
-0.001112962962962963
-0.001088425925925926
-0.0008884259259259263
0.002808796296296296
0.002051388888888889
-0.0008314814814814809
-2.8240740740741454e-05
0.0002296296296296296
-0.00031481481481481497
-0.00043842592592592593
0.00028842592592592575
0.0002277777777777779
6.342592592592607e-05
0.0011726851851851848
-9.814814814814814e-05
-5.231481481481532e-05
0.003126851851851852
-0.0013069444444444443
-0.0021245370370370368
0.0005722222222222217
-0.0006259259259259258
-0.0021060185185185184
2.638888888888958e-05
0.0014893518518518513
-0.0005222222222222225
0.00017685185185185108
0.002566203703703704
-0.0011754629629629626
-0.0035365740740740744
0.0012171296296296292
0.003983796296296297
0.0013499999999999996
0.000858796296296296
0.0007277777777777781
0.001426851851851852
0.0006032407407407401
0.00034259259259259236
0.0002722222222222223
-0.0016416666666666667
-0.0020203703703703703
-0.001400462962962963
-0.0009652777777777777
0.002356481481481481
0.0019592592592592595
-0.003513425925925926
0.0015148148148148145
-0.0036236111111111113
0.0015768518518518519
0.0001412037037037037
-0.0006421296296296299
0.0011629629629629633
-0.0007199074074074078
0.0016912037037037032
0.0008537037037037045
-0.0023319444444444446
-0.005199537037037039
0.005012962962962962
-0.0007087962962962961
-0.0011532407407407407
-0.0001361111111111113
-0.0010208333333333337
0.0010624999999999994
-0.002029166666666667
0.000793981481481481
-0.0007791666666666667
0.0008777777777777773
0.0033064814814814814
0.001234259259259259
-0.003374074074074073
-0.0007092592592592595
-0.001984259259259259
-0.0028185185185185184
0.0007907407407407403
-0.0025476851851851854
0.0012712962962962964
0.0031694444444444443
0.0024699074074074068
0.0019138888888888888
0.00319537037037037
-0.00011481481481481438
-7.083333333333376e-05
0.001396759259259259
-0.00013009259259259294
0.0011689814814814818
0.0026018518518518517
0.0011768518518518517
0.002825
8.333333333333444e-06
0.002421759259259259
0.0011814814814814817
-0.0008652777777777775
5.138888888888898e-05
-0.002490277777777778
-0.000603703703703703
-0.0019351851851851854
0.002823148148148148
-0.0015245370370370371
0.0034574074074074073
0.001187962962962963
-0.002180555555555556
-0.0013055555555555552
-0.0005240740740740736
-0.002268981481481481
-0.0006402777777777777
0.0024249999999999996
0.0012976851851851847
-0.0005087962962962963
0.00016157407407407402
-0.0022018518518518515
0.0006259259259259255
-0.0005310185185185186
0.0010828703703703703
0.0026157407407407405
-0.00021759259259259252
-3.7037037037041954e-06
-0.0009421296296296297
-0.0017087962962962968
-0.0008921296296296302
0.0021388888888888894
0.0010444444444444448
0.0026212962962962965
0.00031574074074074094
-0.0038444444444444446
-0.0022037037037037042
-0.001903240740740741
0.0007916666666666666
-0.001566203703703704
0.0003245370370370373
0.0006453703703703703
3.854941057726238e-19
-0.0013518518518518521
-0.00011574074074074081
0.0006518518518518521
0.003474537037037037
0.0005060185185185184
0.0004615740740740737
0.00032916666666666706
0.0037120370370370376
0.002575925925925926
0.0018875000000000003
-0.0014032407407407407
0.00061712962962963
0.0005643518518518519
0.0011939814814814814
-0.0018208333333333336
0.0031361111111111117
0.0014055555555555557
-0.0019967592592592598
-7.314814814814832e-05
0.001029166666666667
0.0006384259259259261
0.0016013888888888894
0.0005384259259259257
0.0028314814814814817
-0.0012148148148148153
-0.0005694444444444448
0.004367592592592593
-0.0022736111111111112
-0.0018157407407407412
0.0032314814814814823
-0.0009263888888888891
0.0016828703703703704
-0.0025296296296296286
-0.0019513888888888888
-0.00011990740740740712
-0.000979166666666666
-0.00039212962962962986
0.0017444444444444445
0.0014199074074074064
0.0010351851851851856
0.0005981481481481476
0.0009638888888888893
-0.0004884259259259259
0.00022592592592592597
0.000255092592592593
-0.0017310185185185187
-1.898148148148119e-05
-0.0011824074074074072
-0.001634722222222222
4.629629629629505e-06
-0.003987962962962963
0.0008268518518518513
-0.0012597222222222222
0.0024791666666666664
-0.000857407407407407
0.0026685185185185184
0.0034689814814814813
0.0004106481481481481
0.0012962962962962965
0.003997222222222222
-0.003219444444444444
-0.0008574074074074075
-0.0006865740740740744
0.0012773148148148147
-0.0036375
0.0027194444444444445
-0.004519907407407407
0.0003124999999999999
0.0006310185185185178
-0.004442592592592593
-0.0019976851851851852
0.0003055555555555561
0.00040416666666666677
-0.002673611111111112
-0.0020319444444444443
-0.004332407407407407
0.0017106481481481473
0.0021027777777777776
-0.000559722222222222
0.0008263888888888884
-0.0008907407407407411
-0.0031995370370370368
-0.0022212962962962954
-0.001917592592592593
-0.0006606481481481484
-0.0011064814814814815
-0.000809259259259259
-0.002044444444444444
0.002380555555555555
0.0005870370370370367
-0.0014490740740740738
0.0021337962962962964
0.0021643518518518518
0.002339814814814815
0.0012379629629629628
-0.000909722222222222
-0.0008337962962962961
-0.004778240740740741
-0.0005282407407407408
-0.0004745370370370368
-0.0043
0.0033106481481481485
0.002275462962962963
0.0021842592592592586
0.0036138888888888896
-0.003016666666666667
0.002665740740740741
-0.000849537037037037
-0.0022930555555555556
0.0014574074074074073
-0.004518055555555556
-0.0029125
-0.0005009259259259256
-0.0005384259259259256
-0.0009851851851851846
0.001591203703703703
-0.0004087962962962961
0.001571296296296297
3.148148148148161e-05
-0.0017824074074074072
-0.0026064814814814813
-0.0030541666666666664
-0.0018740740740740738
-0.0005694444444444441
0.0017009259259259256
0.0021180555555555558
-0.0005236111111111113
-0.0009319444444444443
0.004975462962962963
-0.0014175925925925927
0.0027819444444444445
0.00105787037037037
-0.00020648148148148194
-0.000575462962962963
0.0016740740740740741
3.055555555555511e-05
-2.4074074074073993e-05
-0.00021712962962963008
-0.0010898148148148147
0.0015458333333333342
-0.0006541666666666668
0.0012842592592592595
-0.00017175925925925955
-0.00037083333333333277
-0.0004574074074074074
0.0009013888888888883
0.0014314814814814813
0.0007523148148148149
0.0013263888888888893
-0.0012393518518518513
-0.0002856481481481483
0.0018240740740740747
0.0007949074074074075
-0.0016337962962962962
0.002884259259259259
-0.0008449074074074074
-0.0005791666666666663
0.002764351851851852
0.0013074074074074073
-0.0010717592592592595
-0.0005527777777777776
0.001156481481481482
0.0006949074074074078
0.0010462962962962965
-0.003188888888888889
0.0012078703703703707
0.0003662037037037034
0.0034685185185185188
-0.0006356481481481481
0.0005240740740740735
0.0016546296296296296
0.0011643518518518522
2.50000000000002e-05
0.0005504629629629628
-0.00028472222222222245
0.0035828703703703704
-0.0012226851851851852
-0.002586111111111111
-0.00017361111111111063
0.0005240740740740739
-0.00047129629629629697
0.0020796296296296288
0.0006069444444444441
0.0006055555555555562
0.0026837962962962957
0.002106481481481482
0.001013425925925926
-0.0023129629629629637
0.0001805555555555552
0.00014953703703703703
-0.00034999999999999967
-0.0034231481481481483
-0.003011574074074074
0.0023310185185185187
-0.0020699074074074075
-0.00031712962962962977
0.0004916666666666665
-0.0009300925925925927
0.00432037037037037
0.002219444444444444
-0.0032231481481481477
0.00012685185185185195
-0.003075925925925926
0.002558333333333333
-0.00011620370370370388
0.0018708333333333337
-0.004615740740740741
-0.0012092592592592589
-0.0010824074074074071
0.0011925925925925925
0.0017814814814814815
0.0003013888888888883
0.001106481481481482
0.0006578703703703702
-0.002303703703703703
-0.00235
0.0009087962962962957
4.4444444444444176e-05
0.0020703703703703704
2.777777777777761e-05
0.0002916666666666667
-0.004180092592592593
-0.0008648148148148149
-0.0007106481481481487
0.0011907407407407403
-0.00044259259259259295
-0.0011837962962962972
0.003188425925925926
0.0004944444444444447
-0.004285648148148149
3.333333333333352e-05
0.0019800925925925928
0.0025578703703703696
-0.0020074074074074074
-0.0021111111111111113
0.004117592592592593
-0.0002939814814814816
-0.0010208333333333332
0.0013000000000000006
0.0014499999999999997
-0.0006398148148148145
-0.0009250000000000008
-0.001260648148148148
-0.001005092592592593
-0.001010185185185185
0.0003361111111111116
0.000943055555555556
-0.0018023148148148148
0.0010374999999999998
-0.0008458333333333336
-0.000547685185185185
-0.002806481481481482
0.001090740740740741
0.00310324074074074
-0.00010046296296296295
0.00227175925925926
8.657407407407392e-05
-0.0018180555555555558
3.4722222222222575e-05
-0.0007180555555555553
0.0015124999999999997
0.0005736111111111104
-0.0008374999999999998
-0.0007449074074074078
0.001543518518518518
0.00013611111111111083
0.0009740740740740745
0.0013787037037037034
-0.00048518518518518545
0.0021569444444444444
0.0008601851851851853
-4.4444444444444176e-05
0.0017027777777777779
0.000627777777777778
-5.462962962962998e-05
-0.0005208333333333333
0.0009148148148148154
-0.002405092592592593
-0.0004736111111111105
0.0016481481481481486
0.0015212962962962964
-0.00043194444444444454
-0.0008629629629629627
0.0006819444444444447
0.0005166666666666666
-4.6296296296296206e-05
0.0011324074074074075
0.0003171296296296295
-0.005155555555555556
-0.0001935185185185186
-0.0004240740740740744
-0.0021370370370370376
6.851851851851804e-05
-0.0020592592592592585
-0.0012041666666666668
0.0031874999999999994
-0.0013171296296296301
0.0009208333333333334
-0.0005273148148148143
-0.000994444444444444
0.0005018518518518514
0.0024851851851851853
0.000906018518518519
-0.0012583333333333335
-0.001044907407407407
0.003907407407407407
0.0005467592592592593
0.0008453703703703706
0.00013472222222222187
0.0011814814814814815
-0.0035962962962962967
-0.0006814814814814807
-0.001632870370370371
0.0004249999999999998
-0.0029467592592592596
-0.0008374999999999995
0.00045324074074074087
-0.00245
-4.0740740740740555e-05
0.00040416666666666585
0.0013796296296296293
-0.0001361111111111112
-1.851851851851905e-05
-0.0025953703703703703
0.0003495370370370366
0.002811111111111111
0.0014624999999999998
0.0006037037037037037
-0.0027916666666666667
0.0013736111111111115
-0.0006944444444444447
0.0021759259259259253
0.0017777777777777772
-0.0006365740740740739
0.0008402777777777775
0.003977777777777778
0.0013532407407407406
0.0032393518518518513
-0.00530462962962963
5.833333333333333e-05
-0.0026194444444444446
0.0021064814814814817
-0.00033796296296296276
-1.1574074074074084e-05
0.0013208333333333325
-0.0032564814814814813
-0.0038018518518518527
0.0004129629629629631
0.0014393518518518523
-0.0029643518518518513
0.0001393518518518518
0.0007430555555555552
0.002953703703703703
-0.0016527777777777778
-0.0003782407407407409
0.0003976851851851853
-0.004792592592592592
-0.00022962962962962968
0.0006472222222222229
0.0017597222222222224
-0.002242592592592592
-0.002989814814814815
0.00019814814814814844
-0.0011837962962962959
-0.001216666666666667
-0.0010689814814814815
-0.001548148148148148
-0.00115462962962963
-0.001188888888888889
0.0017648148148148148
0.0014699074074074072
-5.7870370370369776e-05
0.0010166666666666666
-0.002895833333333333
0.00021203703703703714
-0.0011504629629629627
0.0021240740740740734
0.0007856481481481484
-0.00077037037037037
0.001900925925925926
-0.0003231481481481488
-0.0017305555555555557
-0.003624074074074074
0.0009416666666666664
-0.004000462962962963
0.00034120370370370343
-0.00016712962962963016
-0.000564814814814814
0.0007379629629629629
0.0023087962962962966
-0.0011662037037037038
0.002278240740740741
0.001321759259259259
0.001609259259259259
0.001618981481481481
0.0018439814814814807
0.0007115740740740738
0.0009722222222222223
-1.9907407407407528e-05
-0.0026398148148148145
0.0025032407407407403
0.0003435185185185184
0.002764814814814815
0.0023087962962962958
-5.462962962962901e-05
0.002896296296296296
0.002431944444444445
0.001575462962962963
-0.0010259259259259256
0.0026999999999999997
0.0003578703703703698
0.001353703703703703
-0.001923148148148148
0.0006592592592592597
0.001768518518518518
-0.0007731481481481485
0.003185185185185185
0.001000925925925926
-0.0028736111111111098
0.0013587962962962967
-0.000307407407407407
0.0034124999999999997
-0.0020064814814814815
-0.0007444444444444447
-8.564814814814783e-05
0.000705092592592593
0.0006532407407407405
-0.000915277777777778
-6.481481481481487e-05
0.0005782407407407401
0.0018148148148148147
0.002098148148148147
0.002582407407407408
-0.002056944444444444
0.0008749999999999995
0.0005925925925925925
-0.00012546296296296245
0.0024662037037037035
-1.71296296296298e-05
0.0015222222222222223
6.157407407407397e-05
0.0033486111111111112
-0.0016398148148148157
0.0008986111111111112
0.0024166666666666672
-0.0005398148148148145
0.000316666666666667
-0.0011212962962962962
0.0014300925925925924
-0.00105462962962963
-0.003099537037037037
-0.00044907407407407434
0.00075925925925926
0.0001717592592592586
0.003696296296296295
0.0013810185185185184
0.0007208333333333331
-0.000696296296296296
-0.0013379629629629627
-0.0036796296296296295
0.0018629629629629634
0.001991666666666667
6.0648148148147896e-05
2.314814814814836e-05
-0.00022222222222222204
-0.0018995370370370366
0.0009953703703703715
0.0032060185185185186
-0.0013291666666666664
0.0033837962962962966
-0.0006004629629629633
-0.0018231481481481482
-0.00037175925925925956
0.00032129629629629674
-0.0011472222222222218
0.0013337962962962962
0.0021550925925925926
0.0013930555555555558
-0.0013842592592592587
-0.00010740740740740791
-0.0017273148148148146
0.000335185185185185
0.0004407407407407409
-0.004443518518518518
0.0007740740740740738
-0.0023861111111111114
0.0016083333333333334
0.0021388888888888894
-0.0014342592592592593
-0.0015657407407407408
-0.0009592592592592592
0.00028194444444444464
0.0022458333333333336
0.0007861111111111111
-0.0024398148148148144
0.004816666666666665
0.0013550925925925922
0.0027305555555555564
0.000579166666666666
0.0015199074074074075
0.0006671296296296293
-0.0015916666666666672
0.0016703703703703705
0.001955092592592592
-0.0013759259259259254
0.00015879629629629615
-0.0023916666666666665
0.0005958333333333332
-0.0016120370370370373
-0.0015875
0.00011898148148148148
-0.0005402777777777781
0.003101388888888889
0.001150462962962963
-0.000912037037037037
0.0021962962962962965
-0.0005875000000000002
0.0015768518518518519
-0.0027726851851851853
-0.00023657407407407416
-0.001901851851851852
-0.0015277777777777774
-0.0014310185185185188
-0.00014120370370370326
-6.250000000000043e-05
-0.0004606481481481482
0.0022870370370370375
-0.0010925925925925927
0.0021768518518518517
0.0009620370370370369
-0.0029023148148148155
0.0002018518518518516
-0.0034759259259259257
-0.00011527777777777742
-0.0015796296296296296
-0.002402777777777778
0.0025759259259259264
-0.002986574074074074
-0.0012999999999999997
4.6296296296297626e-06
0.000375925925925926
-0.0016212962962962958
-0.0018990740740740739
0.0008930555555555555
0.001515277777777778
0.004023611111111111
-0.001255555555555556
-5.555555555556228e-06
0.0002944444444444441
-0.0019365740740740743
-0.00016851851851851872
-0.0027550925925925924
0.00048657407407407433
0.001825462962962963
0.0002500000000000007
0.00015277777777777777
-0.0030865740740740745
-0.0009282407407407407
-6.435185185185253e-05
0.0019240740740740735
0.0007467592592592594
-0.0015115740740740738
0.000716666666666667
0.003590740740740741
-0.0005439814814814811
3.703703703703662e-05
0.0007074074074074081
-0.00021759259259259266
0.0005875
0.0007277777777777779
-0.004570833333333333
0.0009800925925925923
0.0045884259259259255
-0.0007106481481481473
5.787037037037016e-05
0.00020092592592592533
0.00019629629629629627
-4.490740740740712e-05
-0.0009009259259259258
0.003914351851851852
4.537037037037013e-05
-0.000722685185185185
-5.972222222222204e-05
4.953703703703711e-05
-0.001069907407407408
0.0014333333333333327
-0.00013333333333333318
0.0025106481481481477
0.0003532407407407414
-0.0006995370370370366
-0.0006333333333333332
-0.000110185185185185
-0.0004291666666666672
-0.0007648148148148148
0.0016171296296296296
-9.999999999999946e-05
-0.001016203703703703
-0.0012518518518518516
0.001000925925925926
-0.00041712962962962976
-0.0014194444444444443
-0.0004768518518518522
0.0019513888888888888
0.0010699074074074074
0.001583796296296297
-0.000686574074074074
-0.0003101851851851852
0.0017629629629629631
0.0015652777777777776
0.0021972222222222224
0.0017050925925925918
-0.0012990740740740738
-0.0002189814814814815
0.001025462962962963
-0.00014444444444444433
-0.0024300925925925926
-0.0008365740740740742
-0.00024675925925925907
0.0023578703703703704
0.0011680555555555559
-0.000683796296296296
0.0021023148148148147
0.0020439814814814817
0.00048287037037037076
0.0011773148148148146
0.000591666666666666
0.0003842592592592598
-0.0019287037037037042
0.001808333333333333
0.0014893518518518524
0.0013287037037037033
-0.0007273148148148149
0.0010203703703703707
0.001989351851851852
-0.0011689814814814816
-0.001550925925925926
0.0012310185185185182
-0.002593055555555556
0.0016171296296296298
-0.0009939814814814818
-0.0008953703703703698
-0.00028333333333333346
-0.00016944444444444486
0.001248148148148148
-0.0010726851851851852
0.0012199074074074076
-0.001421296296296297
0.002169444444444444
-0.0030402777777777776
-0.0006310185185185184
-0.0007527777777777781
0.0003791666666666672
-0.004515277777777778
0.0018620370370370373
-0.0008300925925925921
0.0005087962962962966
0.00030509259259259264
0.0006851851851851859
-0.000442129629629629
-0.0006180555555555559
0.0021226851851851854
-0.0007819444444444444
-0.0012050925925925929
0.0007870370370370368
0.0014074074074074076
0.0015592592592592591
-0.00016898148148148152
-0.0007541666666666669
-0.0031398148148148145
7.083333333333299e-05
0.0012865740740740737
0.0026171296296296294
-0.000857407407407407
-0.00010509259259259251
0.0009245370370370368
-0.0025800925925925926
-0.0018050925925925925
0.0006967592592592597
-0.0006643518518518525
0.002036111111111111
0.001565277777777778
-0.0013976851851851852
0.0005907407407407405
-0.0036680555555555546
0.0009643518518518519
-0.0005842592592592592
-0.0003703703703703701
0.0016449074074074076
0.0019425925925925928
-0.00041527777777777803
-0.0013300925925925926
-0.0012027777777777785
0.002591203703703704
-0.0010546296296296298
0.0013717592592592588
0.0008587962962962972
0.000724074074074074
0.0002412037037037036
-0.002252314814814815
-0.003541203703703704
-0.00043703703703703716
-0.0021208333333333335
0.0032310185185185194
-0.000252314814814815
0.0026324074074074075
0.0016879629629629623
-0.0007893518518518523
-0.0008351851851851852
-0.0005324074074074072
-0.001047222222222222
0.0035449074074074076
-4.2592592592592464e-05
-0.0002175925925925924
0.0002041666666666664
-0.0030393518518518512
0.0031587962962962967
0.0010981481481481484
0.0034541666666666666
0.0009731481481481482
0.0010222222222222221
0.0009203703703703705
-0.0016699074074074073
-0.0003101851851851851
3.703703703703694e-05
0.000493518518518518
-0.0005268518518518518
-8.055555555555542e-05
-5.8796296296296245e-05
0.004208796296296297
0.0007046296296296293
-0.00018194444444444418
0.0001166666666666666
-0.0019810185185185187
0.0007587962962962965
0.0004907407407407409
9.027777777777799e-05
-0.0011157407407407403
-0.00043657407407407403
0.0009402777777777778
0.0019337962962962959
0.002224537037037037
-0.002146296296296296
-0.0016541666666666666
0.0013486111111111116
-0.00018749999999999984
0.0018189814814814815
-0.0015430555555555558
0.00012824074074074127
-0.002061574074074074
0.003909722222222223
0.0012620370370370368
0.00028703703703703633
-0.000818518518518518
-0.0009550925925925919
0.0013282407407407405
-0.0003249999999999998
-0.002783333333333333
0.0013703703703703699
-0.0023666666666666667
-0.0020564814814814816
-0.0024976851851851853
-0.0006074074074074073
-0.0007560185185185185
0.0003314814814814815
0.0004226851851851853
-0.0015583333333333334
0.0012398148148148145
0.0014745370370370368
0.0009509259259259255
0.003499074074074074
0.001038425925925926
0.0006347222222222222
0.00016249999999999997
0.0008430555555555554
-0.0019412037037037039
0.00015925925925925946
-0.0018949074074074072
-0.0017972222222222224
-0.00010879629629629717
0.0014629629629629632
-0.00023472222222222273
-0.0022819444444444445
0.0007472222222222216
-0.0011263888888888888
-0.0001277777777777779
-0.0007583333333333336
-0.0011773148148148146
-0.0005208333333333335
0.001341666666666666
-0.000420833333333333
-0.0008032407407407404
-0.0014768518518518522
0.0016884259259259255
-0.00044305555555555596
0.0012152777777777787
-0.0017199074074074072
0.001013888888888889
0.0008712962962962962
0.0005032407407407408
-0.0016041666666666667
0.002312962962962962
0.0018046296296296298
0.0018490740740740742
0.00020787037037037052
0.0001689814814814812
0.0018111111111111103
0.0024287037037037033
0.0019333333333333331
0.00036435185185185133
-0.0020898148148148156
0.0001699074074074077
0.0014157407407407408
0.0017087962962962955
0.0005912037037037034
-0.001574074074074075
-0.0006388888888888887
0.002758333333333333
0.003800925925925926
-0.001490277777777778
-0.001382407407407407
0.004344907407407408
-0.0025578703703703705
-0.002586574074074074
0.0011930555555555555
0.0020972222222222217
-0.00016805555555555568
0.0008847222222222224
-0.0001231481481481486
0.0007175925925925925
0.002201388888888889
0.0008555555555555557
0.000383333333333333
-0.0005337962962962971
0.0005587962962962963
-0.0017375
-0.0007861111111111115
0.00042453703703703745
-0.00011203703703703652
-0.0013699074074074071
0.0018231481481481486
-0.0003546296296296291
0.00029027777777777776
0.0013837962962962968
3.7962962962962896e-05
0.0035652777777777766
-0.003104166666666667
0.0013379629629629635
-0.00017407407407407386
-0.0016476851851851856
1.0185185185185349e-05
0.000850925925925926
0.0005893518518518518
-0.002262962962962963
-8.703703703703684e-05
-0.0015194444444444446
0.005585185185185185
0.00421712962962963
-0.00039490740740740735
0.0037689814814814817
-0.000402314814814815
0.000653703703703704
-0.0029041666666666677
0.0012643518518518516
0.0010814814814814817
-0.003152777777777777
0.0012712962962962955
-0.001164351851851851
-0.0014620370370370369
-0.001960185185185185
-0.0005444444444444442
-0.0027231481481481486
0.0008240740740740736
0.0022189814814814815
-0.001744444444444444
0.004041203703703704
5.833333333333282e-05
0.002009722222222222
0.0035240740740740736
0.000623611111111111
-0.0013365740740740734
-0.0021504629629629634
-0.0012384259259259258
-0.004183796296296296
0.0010689814814814815
5.462962962962994e-05
0.001374537037037037
-0.00039259259259259255
0.0016254629629629633
-0.002659722222222222
-0.0034546296296296295
0.0026763888888888887
0.0009773148148148148
0.0004217592592592593
0.0014087962962962958
-0.0021097222222222216
0.001678703703703704
-0.001353240740740741
-0.002061574074074074
0.0011787037037037035
-0.0012893518518518516
-6.203703703703689e-05
0.002581481481481481
0.004073611111111112
0.0011560185185185195
0.0016398148148148147
0.0003814814814814811
0.0009300925925925935
0.0006342592592592592
0.003171759259259259
0.0023050925925925925
-0.0024694444444444442
0.0010333333333333336
-0.00021388888888888833
-0.005212500000000001
0.00392361111111111
0.0005185185185185187
-0.002125925925925926
-0.0015078703703703704
-7.31481481481478e-05
0.003905555555555556
0.0006805555555555558
-0.0009115740740740744
-0.003335648148148148
0.0013902777777777778
0.0032254629629629625
-0.0035300925925925925
0.000742592592592592
0.0017120370370370377
0.000175
-0.002285648148148148
0.0015805555555555553
-0.0011837962962962963
0.0005138888888888882
-0.0022560185185185187
-3.749999999999947e-05
-0.0004958333333333332
-0.00296712962962963
-0.00011805555555555565
0.001963888888888889
0.0010694444444444438
0.0014939814814814813
0.000655555555555556
0.0014398148148148146
0.0035597222222222224
0.002160185185185185
-0.001858333333333333
0.004186111111111111
-0.0005148148148148156
0.0004375000000000005
-0.0017847222222222225
0.0007375000000000002
0.0012606481481481481
0.0001282407407407412
0.0045
0.00015277777777777777
-0.003683333333333333
0.0009208333333333335
-0.0012884259259259264
-0.00292962962962963
0.0005018518518518525
0.0026851851851851854
0.0021458333333333325
8.750000000000065e-05
-0.00020277777777777774
8.657407407407431e-05
-0.002351851851851852
-0.0008046296296296293
-0.002406944444444444
0.0021638888888888884
0.0005171296296296299
0.0025092592592592593
-0.0009810185185185187
-0.0008282407407407403
0.0012717592592592585
-0.0022222222222222222
-0.002057407407407407
-0.0038143518518518513
-0.0013000000000000012
6.944444444444065e-06
-0.00016805555555555516
0.00026111111111111127
-5.833333333333346e-05
-0.0007597222222222222
0.0004930555555555557
-0.0014990740740740737
0.0015402777777777778
1.2037037037036996e-05
-0.0026120370370370373
-4.398148148148139e-05
-0.002059259259259259
-0.00029351851851851794
-0.0008513888888888889
0.0028212962962962966
0.00026111111111111083
-0.0007476851851851847
0.0007953703703703717
0.0022027777777777788
0.0008208333333333334
0.002723611111111111
-0.0023986111111111113
-0.0021481481481481486
0.0009444444444444445
-0.0009800925925925925
-0.0013402777777777773
0.0032708333333333335
0.0022592592592592586
-0.0019129629629629633
0.002375
-0.0017462962962962961
0.002731944444444445
0.0021569444444444444
-0.003378703703703703
-0.0014824074074074071
-0.001067129629629629
0.0004671296296296303
0.0008041666666666668
0.0021069444444444443
-0.001975925925925926
-0.0014527777777777777
-0.0001375
0.0008356481481481481
-0.0018171296296296288
0.0011199074074074071
0.0010009259259259255
0.0016578703703703703
-0.0010680555555555558
-0.0011393518518518528
0.00356712962962963
0.0019592592592592595
-0.000881944444444445
0.00200925925925926
0.0031527777777777782
-0.0024425925925925926
0.000836111111111111
0.0008578703703703702
-0.004291203703703703
2.8703703703703625e-05
-0.0004587962962962956
-0.0003083333333333337
0.001660648148148148
-0.0018666666666666664
-0.002818055555555556
-0.0014620370370370377
-0.00018101851851851832
-0.0031657407407407407
-0.0006004629629629628
-0.0006055555555555557
-0.0032041666666666664
-0.000712037037037037
0.0017254629629629631
-0.000334722222222222
-0.0015925925925925925
-0.0006374999999999997
-0.002799537037037037
0.0023555555555555556
-0.0004740740740740742
0.00030462962962962947
-0.0006995370370370376
-0.0019171296296296293
0.0018171296296296288
-0.0004453703703703703
0.0009092592592592594
-0.0010439814814814817
0.0005629629629629635
0.0008749999999999998
-0.0004810185185185182
-0.0015407407407407412
0.0007435185185185189
-0.0010694444444444447
0.003577314814814814
0.0005185185185185177
0.0035638888888888886
0.00017546296296296266
8.749999999999988e-05
0.00020092592592592544
0.0026796296296296295
-0.0037462962962962953
-0.0006356481481481481
-0.0010828703703703703
0.0012990740740740738
-0.0008324074074074072
-0.0014796296296296298
-0.0007615740740740738
-0.002708333333333333
0.0006087962962962964
-0.002961574074074074
0.0010458333333333329
0.0035671296296296306
-0.00013148148148148115
0.00046296296296296314
-0.0026703703703703703
0.004226388888888889
0.0007828703703703708
-0.0002902777777777784
-0.0001777777777777782
-0.0015708333333333342
-0.0026087962962962957
0.0018000000000000006
0.0024972222222222223
0.0008490740740740741
0.00026388888888888914
0.001016203703703704
0.002116203703703704
0.00155324074074074
-0.0023217592592592595
-0.00037731481481481513
-0.002462499999999999
0.0031972222222222215
0.0025023148148148153
0.0008902777777777772
0.0024986111111111116
0.001975462962962963
0.0024421296296296296
-0.0032263888888888893
0.001259722222222222
0.0020625
0.0010412037037037035
2.1296296296296713e-05
0.0009675925925925932
-0.0016060185185185186
0.0011379629629629628
0.0008500000000000009
-0.0005694444444444441
-0.0009050925925925921
0.0025939814814814814
0.0007819444444444449
-0.0005907407407407402
-0.00219212962962963
-0.003106018518518518
-0.0022958333333333333
-0.0018648148148148142
-0.002471759259259259
0.00102962962962963
-0.002916203703703704
-0.0008421296296296295
0.0012388888888888885
0.0020615740740740746
0.0019097222222222224
0.0007324074074074069
-0.00032546296296296284
0.0009768518518518514
-0.001291203703703704
0.0011143518518518523
6.944444444444438e-05
0.002561574074074074
-0.002128240740740741
-0.0016662037037037036
-0.0002162037037037041
0.002908333333333334
-0.002071759259259259
-0.0017620370370370374
0.0036587962962962963
-0.002585648148148148
0.0011611111111111115
0.0021481481481481486
0.0032263888888888893
0.002478240740740741
0.0009162037037037036
-0.0003986111111111105
2.5462962962962345e-05
0.0027615740740740743
0.0008638888888888893
0.0011203703703703703
-0.00023194444444444434
-0.002137500000000001
0.0006865740740740737
-0.0008171296296296295
0.00021527777777777764
0.003918981481481482
-0.000784259259259259
-0.0013347222222222222
-0.0028486111111111112
0.0008967592592592584
-0.0025638888888888894
0.0015009259259259255
0.00308287037037037
-0.0021430555555555556
-0.003413888888888888
-0.0033175925925925925
0.0024986111111111107
0.00041342592592592646
0.00015092592592592607
-0.00036388888888888886
0.000540740740740741
-0.0006064814814814815
0.002452777777777777
-0.0015578703703703705
-0.0016712962962962968
0.00382962962962963
-0.001994444444444444
-0.00019120370370370347
-0.0024787037037037035
0.0007148148148148149
0.0017805555555555552
-0.0024129629629629622
0.00041157407407407413
0.00519537037037037
-0.002253240740740741
0.001375462962962963
0.0002861111111111112
0.0026814814814814813
6.342592592592537e-05
0.0025851851851851856
4.583333333333343e-05
0.0009013888888888885
-0.0014745370370370368
-0.0022606481481481483
0.000775925925925926
0.00215
-0.003681481481481481
-0.0022972222222222218
-0.000583796296296296
0.0008620370370370363
-0.0014708333333333333
0.0013208333333333331
0.0007226851851851845
-0.002275925925925926
-0.0006398148148148147
-0.0010055555555555555
0.0002550925925925926
-0.0009490740740740746
-0.0004398148148148143
6.342592592592614e-05
0.002349537037037037
-0.0037634259259259253
-0.0004930555555555555
0.0045129629629629625
0.002265740740740741
-0.001986574074074074
-0.00020462962962962996
-0.0014921296296296293
-0.004906018518518519
-0.0006138888888888891
0.0033250000000000003
-0.0008791666666666664
0.0003444444444444444
0.0005995370370370371
0.0016777777777777778
0.0005935185185185182
0.0004694444444444444
-0.00019074074074074075
0.0020601851851851853
-0.0013958333333333333
0.0008995370370370374
0.00011666666666666622
-0.002343981481481481
-0.0010953703703703698
-0.00014074074074074027
-0.0014902777777777777
0.0009083333333333327
4.953703703703634e-05
0.0013398148148148147
0.0003361111111111111
-0.0008152777777777778
0.00020601851851851882
0.0002564814814814819
0.00045370370370370334
0.0014921296296296304
0.002
-0.00017083333333333252
0.0008472222222222226
0.0032629629629629623
-0.005512037037037037
0.005902777777777778
0.0013254629629629634
0.0009828703703703705
-3.8425925925926066e-05
0.0005148148148148157
-0.0010115740740740742
-0.000589351851851852
0.004122685185185186
0.00020787037037036984
-0.0010861111111111113
-0.001960185185185185
-0.0013425925925925925
-0.0003134259259259258
-5.3240740740740534e-05
-0.0006972222222222231
-0.0005986111111111106
-0.0019115740740740742
-0.0005967592592592594
-0.0008518518518518521
-0.001188425925925926
0.0022162037037037037
-0.0011907407407407407
-0.005933333333333333
-6.527777777777814e-05
0.0020282407407407406
0.0006208333333333328
0.004412037037037036
-0.0004888888888888892
0.0007004629629629624
0.0032402777777777764
-0.003693055555555555
-0.0014833333333333335
-0.0018847222222222227
0.0012652777777777777
0.0007907407407407403
-0.0009111111111111107
0.0014546296296296289
-0.0037634259259259257
-0.0029967592592592593
-0.0011467592592592595
0.0008777777777777775
-0.0012865740740740743
0.0004152777777777778
-0.0001939814814814812
0.0011175925925925928
-0.0019717592592592586
-0.003450925925925926
0.00169212962962963
0.0021884259259259266
0.0015615740740740735
0.0022157407407407403
-0.000405092592592593
0.002271759259259259
-0.0011111111111111113
-0.000973148148148148
-0.0018064814814814814
-0.0010819444444444448
0.0003675925925925922
0.0023152777777777776
-0.0050597222222222215
8.472222222222189e-05
0.0031217592592592595
0.0015518518518518511
0.0012037037037037027
-0.0027171296296296297
-0.0046208333333333336
0.002863425925925926
0.0015231481481481483
0.00023518518518518474
0.002566203703703704
0.004389814814814815
-0.002334722222222222
0.0018449074074074075
-0.00018657407407407408
-0.0013236111111111111
0.002025
-0.003934259259259259
-0.0018870370370370373
0.00037407407407407425
-0.0008499999999999996
0.0005546296296296292
-4.490740740740709e-05
5.879629629629612e-05
-0.0014152777777777775
-0.00032268518518518513
-0.0006101851851851852
-0.0023768518518518518
-0.0012796296296296301
0.006538888888888889
0.00042268518518518415
0.0020375
-0.0016027777777777785
-0.0021916666666666664
0.0020685185185185186
0.0021893518518518516
0.002246296296296296
0.0006259259259259258
0.0023754629629629633
-0.002206944444444445
9.861111111111104e-05
0.0015203703703703707
0.003985648148148149
-0.000553240740740741
-0.0007884259259259266
-0.00010740740740740791
-0.00010324074074074043
0.002284259259259259
0.00044166666666666665
-0.0022171296296296297
-0.0016611111111111113
0.002234259259259259
0.0006837962962962961
0.0007458333333333335
-0.002025925925925926
0.0018708333333333335
0.0020319444444444447
0.002525462962962963
-0.0021023148148148142
-0.0023759259259259263
0.002405092592592593
0.0010305555555555563
0.0016467592592592593
-0.000836111111111111
-0.0009930555555555554
0.001091203703703703
-0.0033675925925925926
-0.0022375
1.435185185185175e-05
0.0023675925925925934
0.0016199074074074074
0.0029861111111111117
0.003214351851851852
-0.0011759259259259255
-0.0013481481481481482
0.0020074074074074074
-0.0019166666666666663
-0.0008254629629629627
0.000162962962962963
-0.00037916666666666703
0.0019314814814814813
5.04629629629628e-05
0.0003717592592592588
0.0033837962962962966
-0.0008717592592592594
-0.0006416666666666674
0.003231944444444444
0.0016513888888888895
0.00035925925925925925
-0.0006157407407407412
0.00042777777777777795
-0.00035555555555555557
-0.0011384259259259262
0.0013962962962962963
-0.0013449074074074073
-0.0015745370370370373
0.001990740740740741
0.0023745370370370365
0.002006018518518519
-0.0015935185185185189
-0.0006023148148148134
0.0006712962962962962
0.0004254629629629629
-0.0016875
0.005595833333333333
-0.002677777777777778
0.003074074074074074
-0.0015916666666666672
0.0011365740740740746
-0.0007180555555555561
-0.0001393518518518518
-0.0029249999999999996
-0.0012657407407407405
-0.0004555555555555559
0.00033287037037037047
0.0015777777777777778
0.0020583333333333335
-0.0032495370370370373
0.0007388888888888888
-0.0013421296296296297
0.0002800925925925931
-0.0011120370370370375
0.002580092592592592
-0.0017569444444444453
0.0029694444444444443
2.6851851851852106e-05
-0.0018342592592592597
-0.003092129629629629
0.0002925925925925929
0.00023518518518518504
0.0008472222222222227
0.0008958333333333332
-0.00038379629629629636
-0.0035152777777777773
-0.00013425925925925885
-0.0014018518518518523
-0.0008652777777777773
0.0014574074074074073
-0.0008393518518518522
-0.001297222222222222
0.002417592592592593
0.0028027777777777786
-0.001284722222222222
0.0023976851851851854
-0.0012060185185185184
0.0026162037037037035
-0.0033949074074074072
-0.0017333333333333337
0.0022365740740740744
0.0015083333333333337
0.0009305555555555556
-0.0036773148148148147
-0.0003291666666666668
-0.0019712962962962965
0.0013106481481481487
-0.0026958333333333335
0.002517592592592593
-0.002773611111111111
-0.003123611111111112
-0.0003374999999999995
-0.000544907407407407
-0.002360648148148148
0.0014976851851851848
-2.1296296296296777e-05
0.001316666666666667
-0.0007685185185185186
-0.0021453703703703704
0.0024731481481481484
-0.0021421296296296292
0.0008074074074074069
-0.0010745370370370368
0.000740740740740741
-0.0025759259259259255
0.0018745370370370368
-0.000932407407407407
-0.00015555555555555537
-0.0007324074074074074
0.00043749999999999936
0.0004953703703703707
0.00454074074074074
-0.0004375
0.000618518518518519
-0.0011416666666666663
0.0006337962962962959
-0.0016402777777777776
7.870370370370365e-05
-0.0029949074074074066
-0.002183333333333333
-0.0036527777777777787
0.0006199074074074072
-0.003794907407407407
-0.0003777777777777778
-4.6759259259259444e-05
-0.0010083333333333333
0.004078703703703703
0.002601851851851852
-0.0014240740740740746
-0.004027314814814814
-0.0011736111111111122
-0.0030430555555555562
-0.0025407407407407405
-0.0022995370370370366
0.0020157407407407407
0.0016555555555555557
-0.0009125000000000002
-0.0003907407407407408
0.00016712962962962997
-4.62962962962912e-07
-0.0011055555555555562
-0.0005736111111111108
-0.0015995370370370365
-0.002452777777777777
-0.0015027777777777778
0.003819907407407407
-0.00014120370370370396
0.00026203703703703697
0.0009907407407407406
0.0020111111111111115
0.0006050925925925921
-0.0018490740740740735
0.0036962962962962973
0.0030634259259259256
0.0007921296296296306
0.001849074074074074
0.0007245370370370369
-0.0007796296296296296
0.001348611111111111
-0.0006037037037037037
0.002593518518518519
0.0015143518518518516
0.003872685185185185
-0.0035736111111111107
-0.001785185185185185
-0.0006962962962962954
0.0011134259259259263
-0.0007763888888888887
-0.00025879629629629684
-0.000951388888888889
0.0007300925925925928
0.0009662037037037032
-0.001581944444444444
-0.003010648148148149
-0.0024874999999999997
-0.0007050925925925926
0.0016925925925925923
0.0013111111111111106
-0.002559259259259259
0.0012037037037037038
0.0010328703703703695
-0.00042685185185185176
0.00019259259259259322
-0.0013287037037037043
-0.00289537037037037
0.002553240740740741
-0.0007777777777777777
0.0014898148148148151
3.981481481481563e-05
0.003196296296296296
0.0021050925925925924
-0.00267962962962963
0.0009291666666666666
-0.00247037037037037
-0.0006203703703703699
0.000756481481481482
-0.0001532407407407405
0.0006875000000000002
0.0009009259259259258
0.0002680555555555557
-0.0013773148148148143
0.0013976851851851854
0.0015787037037037035
0.0011745370370370375
0.0014967592592592589
-0.0026759259259259253
-0.0011898148148148154
0.0035046296296296297
0.0015768518518518516
0.0014013888888888886
0.0016388888888888887
-0.0004921296296296297
0.0003824074074074072
0.000991666666666666
-0.0032009259259259256
-0.003988888888888888
-0.0035388888888888887
0.0018912037037037035
0.000896296296296296
-0.0011000000000000005
0.0012944444444444453
0.00010046296296296366
-0.00014490740740740737
0.0004074074074074075
-0.0005564814814814816
-0.0006662037037037037
0.0018310185185185183
-0.0038240740740740735
0.0006106481481481481
-0.003314351851851851
0.00017129629629629683
-0.0012657407407407409
-0.00022314814814814748
0.0002925925925925925
-0.0017296296296296294
-0.0006675925925925928
-0.003331944444444445
0.001051388888888889
-0.0010666666666666667
0.002112962962962963
0.0026814814814814817
4.81481481481485e-05
0.0002578703703703705
-0.0019708333333333344
-0.0022203703703703704
-0.0001740740740740741
0.001486574074074074
0.0002120370370370368
0.0007018518518518519
-0.0011185185185185185
0.002212962962962963
-0.003456944444444445
-0.0013046296296296293
-0.003276388888888889
-0.0009120370370370377
0.0003837962962962963
-0.0005972222222222225
0.0014893518518518524
0.002598611111111111
0.0012134259259259257
0.0026907407407407405
-0.0016666666666666661
-0.002019444444444445
-0.0017287037037037043
-0.0032138888888888894
0.0018462962962962962
-0.0013319444444444444
-0.003320833333333333
0.0012027777777777779
0.0016481481481481477
-0.0018999999999999993
-0.003762037037037037
0.0005055555555555554
0.000712037037037037
-0.0008518518518518518
-0.002115277777777778
-0.0003453703703703704
0.003571759259259259
0.0021518518518518514
0.00035925925925925877
-0.00259861111111111
0.002517129629629629
0.001821296296296296
-0.0009305555555555548
0.000925925925925926
0.00042870370370370366
-0.0018263888888888885
0.0026282407407407413
-7.268518518518515e-05
-0.0012921296296296296
-0.0017407407407407402
-0.001142592592592592
-0.0006675925925925923
-0.00044768518518518497
-0.0006782407407407409
0.0016564814814814814
-0.0008254629629629632
0.00011064814814814829
-0.002450462962962963
-8.703703703703689e-05
0.0023643518518518527
0.0014333333333333325
0.003361111111111111
-0.0020453703703703693
0.0009277777777777779
0.00017083333333333406
-0.0018555555555555556
0.0007671296296296302
-0.0013240740740740739
-0.0006129629629629623
-0.0004740740740740742
-0.001512962962962963
0.0009398148148148147
-0.00335787037037037
-0.0005138888888888886
0.0007296296296296297
0.0008351851851851851
-0.0016874999999999998
0.0014995370370370366
0.0007347222222222228
0.003756481481481481
0.0009305555555555552
0.001757407407407407
-0.003537499999999999
-0.001746759259259259
0.0015680555555555554
-0.0009981481481481482
-0.0017662037037037034
-0.0006722222222222218
0.0030060185185185194
-0.0016226851851851853
0.0022430555555555554
-0.0015208333333333332
-0.0037800925925925927
0.0021902777777777775
0.0005240740740740736
-0.0004944444444444447
0.0021277777777777775
1.4351851851851812e-05
5.092592592592571e-05
0.0013245370370370362
0.00046944444444444464
-0.0005398148148148149
0.002327314814814815
0.00011249999999999982
-0.002518055555555555
0.0024879629629629622
-0.001290740740740741
0.0003356481481481482
0.000262037037037037
-0.002225
0.001440277777777778
-0.001401388888888889
-0.0021152777777777776
0.00033703703703703706
-0.0008074074074074076
0.0017111111111111114
0.00076712962962963
-0.0008379629629629627
0.0011856481481481481
0.0015212962962962968
-0.0009444444444444437
0.0026120370370370373
-0.002084259259259259
0.0015759259259259261
-0.0003226851851851853
-0.0014013888888888886
-0.0005027777777777771
0.0019328703703703704
-0.003052314814814815
-0.0018555555555555552
-0.0014111111111111106
0.0023671296296296296
0.0008050925925925926
0.0004162037037037036
0.0012962962962962958
-0.002224537037037037
-0.001743055555555556
0.0019236111111111105
-0.0009745370370370369
-0.0034310185185185177
-0.00026249999999999955
0.0011990740740740742
0.0014527777777777779
0.0019046296296296296
-0.00029259259259259234
0.0001490740740740741
0.0001726851851851853
-0.0003814814814814819
-0.0006587962962962963
0.0014824074074074065
-0.003386111111111111
-0.00013657407407407414
-0.001193981481481481
0.0023662037037037037
-0.0014199074074074073
-0.0007314814814814817
0.002813425925925926
-0.0004944444444444447
0.0008268518518518515
-0.005672685185185184
-0.001936111111111111
-0.0018856481481481487
0.0006365740740740743
0.0007805555555555558
-0.0006046296296296294
8.009259259259205e-05
0.0007935185185185188
0.000685648148148148
-0.0014953703703703709
-0.0014902777777777783
-0.0018601851851851852
0.003232407407407408
-0.0003245370370370378
0.0003879629629629626
-0.0012925925925925924
-0.00024166666666666656
0.00045833333333333376
-0.00010601851851851815
-0.0015222222222222223
-0.0010625
-0.004109259259259259
0.0013023148148148143
-0.0013606481481481484
0.0022023148148148145
0.0016291666666666664
-0.0028995370370370364
0.0012175925925925926
0.0013851851851851853
0.00015370370370370323
-0.0004175925925925929
0.0008879629629629628
0.0018074074074074073
-0.0012217592592592588
0.0019819444444444446
-0.0007194444444444441
-0.001524074074074074
0.0007800925925925926
0.001547222222222222
-0.0017731481481481483
0.0018439814814814814
0.0036638888888888884
0.0008986111111111113
0.0008569444444444441
-0.0010986111111111112
0.0016328703703703705
-0.0012620370370370374
-0.001197222222222222
-0.0003671296296296297
-0.0017967592592592594
-0.0017388888888888888
-0.0036291666666666664
0.002246759259259259
-0.002025462962962963
-0.0007916666666666663
0.0014685185185185185
-0.0005550925925925925
0.001657407407407407
0.0003111111111111113
-0.0004004629629629632
-0.0023032407407407407
0.0029986111111111107
-0.0004217592592592592
0.0006805555555555551
0.0009814814814814805
0.0015435185185185187
0.0001986111111111114
-0.0012972222222222217
0.0014268518518518517
-0.00044351851851851914
0.0001777777777777781
0.0017532407407407403
0.0001625000000000001
-0.0021810185185185188
-0.0010990740740740741
0.00016666666666666704
0.0011504629629629634
-0.002390277777777778
-0.0002425925925925923
0.0015833333333333326
0.0012435185185185186
-0.004983796296296296
0.002500462962962963
0.0036375
0.0003898148148148146
-0.0009425925925925931
-0.00191712962962963
-0.0009171296296296298
0.0011652777777777779
0.0008296296296296295
0.005025462962962962
-0.002043518518518518
0.0027703703703703705
0.0012643518518518516
-0.0018009259259259265
0.0008884259259259254
0.0008157407407407404
-0.000925925925925926
-0.0003662037037037037
0.002463425925925926
-0.00046388888888888896
-0.0014981481481481482
-0.00027268518518518457
-0.0010638888888888892
0.0021023148148148147
0.0029925925925925923
0.0010018518518518523
0.0005148148148148152
0.0027624999999999993
-0.00020555555555555618
0.00019907407407407374
0.0017939814814814817
0.001686574074074074
0.0003999999999999999
0.0011268518518518513
-0.0014351851851851854
-0.0031365740740740746
-9.537037037037034e-05
0.00020370370370370388
-0.0001287037037037043
-0.0005495370370370374
0.00017499999999999986
-0.0016916666666666664
0.0008462962962962966
0.0016870370370370368
-0.0007375
0.003183796296296296
-0.0017013888888888894
0.0005171296296296294
-0.0010092592592592597
0.002197222222222223
-0.0011319444444444445
-0.0004601851851851849
0.0034587962962962958
0.0015546296296296295
0.0005925925925925924
-0.000117592592592593
-0.0010773148148148148
0.0011574074074074073
0.0008666666666666662
0.0019351851851851852
-0.0010726851851851854
0.0016027777777777776
-0.0006916666666666661
0.0009546296296296294
0.001122685185185185
0.0007212962962962963
-3.24074074074074e-05
0.0011495370370370379
0.0038958333333333336
-0.0003069444444444443
-0.0031449074074074075
-0.002127314814814815
-0.0016055555555555556
0.001754166666666667
-0.002150462962962963
0.0001412037037037037
0.002368518518518518
0.0010046296296296292
0.0021513888888888893
-0.0008962962962962969
-0.0011490740740740747
0.0005000000000000002
0.0024291666666666663
-0.00012638888888888858
0.00012129629629629643
0.0035615740740740746
-0.00011759259259259326
0.0011106481481481477
-0.0030287037037037036
-0.0004101851851851851
5.1388888888888754e-05
0.006411574074074074
0.0038398148148148146
8.842592592592582e-05
3.888888888888897e-05
-9.629629629629623e-05
-0.0015629629629629628
-0.003007407407407407
-0.0017925925925925926
0.0016018518518518517
-0.002661111111111111
-0.0008972222222222221
-0.0015652777777777778
-0.001271759259259259
-0.001117592592592593
-0.0013699074074074071
0.002038425925925926
0.0016
0.0005388888888888887
0.00199212962962963
-0.0015569444444444446
0.0003120370370370366
0.0008592592592592592
-0.0014773148148148148
0.001776388888888889
-0.002162962962962963
-0.00085462962962963
-0.0006796296296296293
-0.0002583333333333331
-0.0012541666666666662
0.0025898148148148143
-0.0003314814814814815
-0.00039027777777777824
0.002594907407407407
0.0002097222222222216
0.002852314814814814
0.0005361111111111109
0.002043518518518518
0.0028874999999999994
0.0021879629629629627
-0.0008476851851851847
0.0018259259259259257
-0.0006861111111111115
-0.0028541666666666663
-9.259259259259396e-06
-0.00011527777777777831
-0.0024273148148148157
-0.00185787037037037
-0.0016273148148148143
0.0013800925925925923
0.001050925925925926
0.000385185185185185
0.00045416666666666695
-0.006228240740740741
0.002275925925925926
-0.0033847222222222226
0.002475462962962963
0.0001092592592592597
0.0010981481481481484
0.0017912037037037035
-0.0003240740740740738
-0.0008939814814814819
0.003715277777777778
-0.0017351851851851853
0.0015009259259259255
-0.0031101851851851846
0.0002199074074074076
-0.0014921296296296297
0.0015337962962962968
-0.0013962962962962967
-0.00020787037037037036
-0.0025342592592592587
0.0032560185185185188
-0.0007694444444444446
-0.0007912037037037039
-0.00020648148148148148
-0.0009277777777777776
0.001077777777777778
0.00037361111111111124
0.0029120370370370363
-0.00046527777777777794
0.003309722222222222
-0.001084259259259259
-0.0008388888888888889
-0.001893518518518518
0.0018939814814814815
0.003873611111111111
3.055555555555553e-05
-0.001260648148148148
-0.0010601851851851848
0.0033259259259259258
-0.00011712962962962987
0.0025805555555555564
-0.0002805555555555555
-0.002301388888888889
-0.002028703703703704
0.0001250000000000003
0.001481944444444444
-0.0023837962962962958
0.0015185185185185189
0.0011124999999999998
0.0009009259259259259
-0.0013986111111111102
-0.0022509259259259258
0.0009962962962962961
-0.0009782407407407407
0.0007513888888888894
0.002255092592592593
-0.0024875000000000006
-0.0009666666666666662
-0.0013597222222222214
-0.0007875000000000001
0.0006379629629629631
1.9907407407407304e-05
0.0038990740740740743
-0.0013402777777777781
-0.0027435185185185175
0.0024916666666666663
0.0004430555555555556
-0.0023740740740740736
0.001747222222222222
0.0013328703703703705
-0.003430555555555555
-0.0007078703703703704
-0.0013467592592592591
0.0003949074074074073
-0.0017638888888888886
-0.002084722222222222
-0.0009185185185185184
0.001586574074074074
0.0005689814814814818
0.002397685185185184
0.0004277777777777776
-0.00026666666666666657
0.0009851851851851857
-0.0004564814814814816
-0.004465277777777777
-0.00028472222222222185
0.0025833333333333337
-0.002241666666666667
-0.0023944444444444443
-0.0020893518518518514
0.00016527777777777794
-0.0019981481481481486
0.0004027777777777777
0.0009717592592592595
-0.0004652777777777777
-0.0017546296296296296
0.0001324074074074071
0.003055555555555556
-0.001750462962962963
0.002815740740740741
0.0021370370370370367
0.0019662037037037035
5.6944444444444215e-05
0.0008537037037037033
-0.0008703703703703706
0.0014861111111111114
0.0014277777777777776
-0.002312037037037037
2.268518518518513e-05
0.001310185185185185
0.0001712962962962958
0.00023148148148148157
-0.0013939814814814813
-0.0023115740740740735
0.0015018518518518519
0.0010384259259259255
-0.0053365740740740734
-0.00219537037037037
-0.0013504629629629622
-0.0019134259259259263
0.0027620370370370372
0.0012374999999999999
0.0002194444444444447
0.00011481481481481424
-0.0004916666666666665
0.001790277777777778
0.0007425925925925928
-0.0007731481481481483
-0.0008004629629629628
0.0020842592592592597
-0.003772685185185185
-0.0015421296296296296
-0.0028171296296296295
0.0012476851851851854
-0.0011958333333333333
0.0016037037037037029
-0.0002671296296296299
-0.0007148148148148153
0.001175
0.0003879629629629625
-0.0028393518518518516
-0.002418518518518518
-0.0007532407407407404
0.0006796296296296301
0.0007814814814814817
-0.0021851851851851854
-0.0005384259259259258
0.0021199074074074076
-0.0029569444444444448
-0.0014680555555555547
0.00014907407407407333
-0.004619907407407408
0.0008912037037037035
0.00517037037037037
-0.0018125000000000003
0.0009009259259259264
0.0027416666666666666
0.001418981481481482
0.00010416666666666638
-0.003109722222222222
-7.685185185185162e-05
-0.0013212962962962968
0.0028717592592592592
-0.0012236111111111109
-0.0003504629629629624
-0.0014708333333333333
0.0015574074074074075
-0.0004935185185185181
0.0005087962962962963
-0.004079166666666668
0.0029782407407407405
-0.003122685185185185
-0.0005388888888888896
0.004175462962962963
-0.0019425925925925928
-0.0024523148148148156
0.00034814814814814816
0.0026208333333333335
0.002127777777777778
-0.0001412037037037035
0.002786574074074074
-0.0032504629629629632
-0.0024009259259259257
-0.0004625000000000002
0.00020555555555555534
0.0003722222222222218
-2.2685185185184807e-05
-0.0024490740740740736
-0.0029310185185185186
0.002773148148148148
-0.0006027777777777779
-0.0006365740740740739
0.0044666666666666665
-0.000952314814814815
-0.00318287037037037
0.0029763888888888887
0.0005333333333333326
-0.0020634259259259256
-0.001594907407407407
-0.0017685185185185178
0.0016337962962962957
-0.004546296296296296
0.0004194444444444449
-0.006838888888888889
-0.001380555555555556
-0.002025462962962963
0.0022245370370370366
-0.0008611111111111106
-0.0017314814814814812
0.0009486111111111105
-0.0018101851851851853
-0.0032407407407407406
0.001169907407407407
-0.0005023148148148144
0.0010166666666666675
0.0027462962962962966
-0.00012870370370370393
0.0007999999999999996
-0.0009324074074074069
0.002714351851851852
-0.00017129629629629613
-0.0009995370370370368
0.002650462962962964
-0.0012708333333333337
-0.0005083333333333329
0.0022851851851851852
-0.00040416666666666677
0.0034962962962962955
7.870370370370275e-06
0.002956018518518519
0.0009532407407407404
-0.00030601851851851835
3.37962962962972e-05
-0.0015712962962962957
-0.0009578703703703702
-0.0016027777777777776
0.002839351851851851
0.0005365740740740738
0.001021759259259259
-0.0037263888888888885
0.001687962962962963
-0.0013097222222222219
0.0007046296296296295
-0.0028546296296296297
0.0003087962962962965
-0.003463425925925926
-0.0008810185185185192
0.004015740740740741
-0.0015041666666666667
-0.0024749999999999998
0.0026851851851851854
0.0008569444444444439
0.0040013888888888885
0.0005398148148148151
0.000919907407407407
-0.0006509259259259257
-0.0028939814814814818
-0.0006342592592592595
0.0004944444444444445
0.0024439814814814814
-0.001322685185185185
-0.0030851851851851843
-0.00021759259259259228
-0.0005375
-0.00022314814814814864
0.0019625000000000003
-0.0003263888888888895
0.00016249999999999964
-0.000624537037037037
0.0007689814814814812
-0.004948148148148148
-0.002412037037037037
-0.0006819444444444447
0.00047499999999999984
0.00023101851851851826
0.0045050925925925935
-0.0009249999999999997
-2.083333333333316e-05
-0.00022129629629629666
-0.0015990740740740748
-0.0008342592592592593
0.0033115740740740744
-0.0002013888888888883
0.002375462962962963
0.0008222222222222221
0.003954166666666668
0.00035138888888888904
0.0010495370370370365
-0.0013050925925925934
0.00025555555555555515
-0.0019259259259259258
0.0020009259259259264
0.0018537037037037035
0.003259722222222222
-0.00027824074074074095
0.0003013888888888886
0.0011717592592592593
-0.0011287037037037032
-9.212962962962976e-05
0.0017365740740740742
-0.002301851851851852
-0.0011291666666666674
0.0001662037037037035
-0.0011634259259259247
-0.0014143518518518518
0.00012916666666666632
-0.0017472222222222225
0.002100925925925926
-0.0008726851851851857
0.0008509259259259261
0.0025208333333333333
0.0018212962962962968
0.0025287037037037027
-0.0013203703703703704
0.003334722222222222
-7.4074074074074e-05
-6.805555555555551e-05
-0.0007462962962962963
-0.0014240740740740737
0.0036902777777777776
-0.0009023148148148151
0.0006060185185185181
0.004683333333333334
0.0001791666666666671
0.0012986111111111115
-0.002427314814814815
-0.0021337962962962964
-0.0012833333333333338
0.0008212962962962965
-0.004344444444444444
-0.003229166666666667
-0.0025722222222222227
-0.0016050925925925926
0.0011712962962962964
0.0011055555555555554
0.003981481481481482
0.0011115740740740745
-0.0008976851851851853
-0.0020208333333333324
0.0010064814814814812
-0.0020462962962962965
-0.004336111111111111
-0.0034018518518518512
-0.0016189814814814814
-0.0016013888888888887
0.003054166666666667
-0.0020379629629629628
0.0006125
0.0023597222222222223
-0.0023541666666666663
-0.0013046296296296293
-0.0016976851851851849
8.888888888888854e-05
0.003191666666666667
-0.0004217592592592591
-0.0006527777777777772
0.0008606481481481481
-0.001347222222222222
0.000734259259259259
-0.0011939814814814816
-0.0002023148148148149
0.00308287037037037
-0.00034629629629629637
-0.0009273148148148148
0.0019722222222222224
-0.0028143518518518517
-0.00011342592592592603
-0.0036902777777777776
0.0018254629629629623
-0.002488888888888888
0.0014819444444444446
0.0028046296296296296
-0.0020833333333333324
-0.0010287037037037042
-0.0015375000000000005
0.002571296296296297
0.0030606481481481483
-0.0006671296296296301
-0.0009722222222222223
0.004590740740740741
0.002512962962962963
0.0006935185185185182
0.0013199074074074074
-0.0016726851851851853
-0.000737037037037037
-0.000989351851851852
0.001219444444444444
8.981481481481481e-05
-0.00014814814814814763
-0.001904166666666667
0.00047314814814814756
0.0004055555555555556
0.0013532407407407414
-0.0025574074074074075
-0.002114351851851851
0.0012944444444444449
-0.000152314814814815
0.003190277777777778
-0.0013148148148148144
0.00175324074074074
0.0002708333333333336
-0.001682870370370371
-0.003269444444444444
0.002806018518518518
-0.001210185185185185
-0.0030203703703703703
-0.000391203703703703
-0.00017268518518518582
-0.000937037037037037
-0.0008550925925925927
0.0008101851851851847
5.925925925925929e-05
0.0002486111111111115
-0.0009620370370370369
0.0005157407407407408
-0.00014537037037037011
0.001259259259259259
-0.0035615740740740746
0.0030282407407407415
-0.00036111111111111104
-0.0010768518518518516
-0.0034337962962962963
-0.0004212962962962964
-0.0011606481481481478
-0.0020995370370370365
0.0008412037037037033
-0.0005787037037037036
-0.0006254629629629625
0.0038199074074074073
0.002481944444444444
0.0011745370370370367
-0.0002842592592592597
-0.0013032407407407407
-0.0029773148148148137
-0.0014888888888888888
-0.001819444444444444
-0.0015546296296296295
0.00045277777777777786
0.0002092592592592596
-0.003191666666666667
0.0007583333333333333
-0.0015902777777777777
0.000771759259259259
-0.002450925925925926
0.0013944444444444442
0.005151851851851851
-0.0011898148148148143
0.0005694444444444448
0.0009995370370370373
-0.0006736111111111114
-0.0037384259259259254
-0.0037523148148148147
0.0009569444444444445
0.0002879629629629632
-0.001144907407407407
0.0002768518518518513
-0.00030648148148148163
0.0004833333333333332
-0.0023981481481481475
-0.001503240740740741
-0.00043981481481481486
-0.003126851851851852
-0.00041666666666666653
0.0010421296296296294
-0.0011874999999999998
0.0026666666666666666
-0.0007518518518518521
-0.0035555555555555557
-0.0035333333333333328
-7.916666666666669e-05
-0.00042314814814814857
0.00030787037037037046
-0.0011328703703703705
-0.0025810185185185176
-0.0009791666666666672
-0.001761574074074074
0.0005180555555555555
0.0004745370370370367
0.0037685185185185187
5.6944444444444215e-05
-0.0006337962962962967
0.005192129629629629
0.002560185185185185
0.00021435185185185215
0.00167962962962963
0.0013935185185185192
0.0002560185185185186
-0.0005143518518518522
0.00033842592592592594
0.0013402777777777781
0.0006814814814814813
0.0001916666666666665
-0.0007560185185185178
0.001111111111111111
0.00023796296296296296
0.0007064814814814815
0.0004976851851851853
-0.0006976851851851848
-0.0017064814814814822
-0.00027453703703703657
-0.0017083333333333334
0.0011986111111111117
0.002060648148148148
-0.0013078703703703707
0.0013134259259259254
-0.0020009259259259264
0.0013055555555555557
-0.0006240740740740741
-0.0009217592592592595
-0.0012189814814814815
0.0009500000000000002
0.0026532407407407403
-0.0013263888888888885
-0.0009902777777777774
-0.0008865740740740738
-0.0002726851851851856
0.0016861111111111109
-0.0005824074074074072
-0.0002180555555555557
-0.0006027777777777785
-0.0002703703703703702
-0.0012444444444444452
0.0020041666666666667
0.002730555555555556
0.0016634259259259263
0.001032407407407407
0.0026837962962962957
0.000256018518518519
0.0010166666666666666
-0.0019328703703703708
-0.0013379629629629629
0.004877777777777777
0.002421296296296297
0.0009152777777777778
0.0010259259259259269
0.0029185185185185186
-0.0018550925925925926
-0.003100462962962963
0.00031759259259259257
-0.0022648148148148146
0.0007638888888888889
0.001208333333333333
-0.00018935185185185152
0.0015412037037037033
0.0004898148148148146
0.0025
-0.00035277777777777776
-0.0009180555555555547
0.0007120370370370366
-0.002070833333333333
-0.0013708333333333335
0.0003611111111111118
-0.002196759259259259
-0.0004208333333333335
0.0024351851851851848
-0.003482407407407407
-0.00184212962962963
0.00030138888888888934
0.0003305555555555554
-6.388888888888866e-05
0.0011365740740740741
-0.002984722222222222
0.0005231481481481477
-0.0027615740740740743
0.0009203703703703704
0.0011231481481481479
0.00012129629629629575
-0.0004032407407407405
-0.0004837962962962961
0.0016384259259259264
0.0012685185185185186
0.0008180555555555553
-0.001075
0.0006134259259259257
-0.0015800925925925928
-0.0006152777777777773
-0.0023703703703703695
-7.268518518518508e-05
5.3240740740740886e-05
-0.005142129629629629
-0.0005250000000000003
-0.0012296296296296296
0.0012541666666666662
-0.0014416666666666666
0.0010578703703703707
-0.00016018518518518476
-0.0006287037037037036
0.0015384259259259255
-0.0018921296296296299
-0.002652314814814815
0.0034125000000000006
0.0005648148148148141
0.0017643518518518518
0.0016138888888888884
-0.0003754629629629632
0.0036717592592592596
-0.0033458333333333335
-0.00040833333333333374
0.0025393518518518517
-0.004033796296296296
8.842592592592563e-05
-0.0004407407407407399
-0.0016171296296296296
-0.0012527777777777771
-2.3148148148148296e-05
0.0019976851851851852
-0.0016458333333333336
-0.00049212962962963
-0.000773611111111111
0.00037499999999999995
-0.0012736111111111106
-0.004470370370370369
0.00012546296296296302
0.001240740740740741
0.0004837962962962963
-0.00032407407407407385
-0.0021203703703703706
-0.000763888888888889
-0.0025300925925925925
0.0030328703703703702
0.0020986111111111114
-0.000653703703703704
-0.0014648148148148148
-0.001081018518518519
-0.0017851851851851854
-0.0023407407407407405
-0.0008592592592592587
-0.0018754629629629627
-0.0022379629629629633
-0.00030046296296296326
-0.0004597222222222217
-0.002201851851851852
0.0010490740740740734
0.003042592592592593
0.00017731481481481456
0.0005203703703703701
-0.00040138888888888874
-0.0006726851851851855
-0.0007629629629629628
-0.0011398148148148146
-0.0011587962962962964
0.001308796296296297
-0.0016763888888888887
-0.0035388888888888887
0.0012435185185185184
-0.0009731481481481479
0.0002578703703703696
-0.000731944444444444
0.0016180555555555547
-0.0002981481481481487
-0.0007300925925925925
-0.0018453703703703705
0.001097685185185185
-3.0092592592592106e-05
-0.0013435185185185186
0.0005828703703703703
-0.0006805555555555553
-0.0013384259259259263
-0.002885648148148148
0.0002921296296296298
-0.001071296296296297
0.0014217592592592595
-0.00038611111111111105
0.002778703703703704
0.002200462962962963
0.0007884259259259257
0.0016981481481481474
-0.000810648148148148
-0.0008013888888888889
-0.0032208333333333334
-0.00010231481481481512
-0.001570833333333334
-0.005749537037037037
0.0029819444444444437
0.0010638888888888887
-0.0007430555555555554
-0.003072685185185185
0.0020388888888888883
-0.003265277777777778
0.002154166666666667
-0.0018606481481481484
-0.0014597222222222223
-0.001758796296296297
0.0010657407407407406
0.0006787037037037043
0.0014365740740740734
-0.00041574074074074094
-0.0006037037037037036
0.00016666666666666726
-0.003056481481481481
0.0017249999999999998
-0.00479074074074074
-0.00014999999999999955
0.0006763888888888884
-0.0010814814814814814
-0.0009893518518518522
0.00044861111111111154
-0.0009814814814814816
-0.001797222222222222
-0.001298148148148148
0.0008490740740740741
0.0018916666666666663
0.0017999999999999997
0.0031222222222222215
0.001312500000000001
-0.0008208333333333332
-0.001662037037037037
0.00021620370370370315
-0.0014273148148148155
0.0025819444444444444
-0.0023111111111111114
-0.002303703703703703
-0.0006837962962962962
-0.0021708333333333336
-0.004554166666666666
-5.3240740740740276e-05
0.0018907407407407406
-0.0018365740740740742
0.003189351851851852
0.0031879629629629636
-0.0002930555555555554
-0.0006912037037037036
-0.000677777777777778
-0.003227777777777777
-4.120370370370379e-05
0.0013087962962962964
-0.0006499999999999996
-0.0008796296296296295
-0.0032375000000000012
-5.3240740740740534e-05
-0.002225
-0.0008212962962962966
-0.0006805555555555562
-0.000586111111111111
0.0011032407407407412
-0.0004263888888888884
0.002470833333333333
-0.0007624999999999995
-0.0008893518518518521
-0.00100462962962963
0.0038032407407407403
-0.0004935185185185189
-8.194444444444473e-05
0.0022097222222222227
0.0001430555555555556
-0.0006523148148148154
0.0014865740740740744
0.000582870370370371
-0.0008162037037037042
0.0014486111111111112
0.000715740740740741
0.002837037037037037
-0.0024023148148148155
1.4814814814814468e-05
0.0015712962962962961
-0.0006351851851851854
-0.00043009259259259275
-0.0005398148148148147
0.001997222222222223
0.003157407407407408
0.00600787037037037
-0.0019240740740740735
-0.0009791666666666662
-0.0013282407407407412
0.0041041666666666666
0.0012259259259259263
-0.0007912037037037031
0.0009944444444444445
0.0004601851851851844
0.0017657407407407402
-0.0007185185185185185
0.00018703703703703713
-0.0020055555555555556
0.00042175925925925947
-0.0027976851851851856
0.001731018518518519
-0.0015148148148148152
0.001142592592592593
0.0015439814814814812
-0.002277314814814815
0.0005342592592592597
-0.0005365740740740735
0.0006981481481481485
-0.0023935185185185188
0.002248148148148148
0.0016189814814814808
-0.0013537037037037042
-0.0020930555555555555
-0.0013055555555555557
0.00018240740740740774
-0.0021259259259259256
-0.0016898148148148146
-0.0011254629629629627
-0.00187037037037037
-0.001156944444444445
0.003167129629629629
0.000605092592592593
0.0010018518518518512
0.0037032407407407413
-0.0034129629629629623
0.0007819444444444442
-0.0008472222222222214
0.0004263888888888887
0.0013226851851851854
-0.001531481481481482
-0.0006069444444444441
0.001306481481481481
1.620370370370359e-05
0.0036333333333333335
-0.0011643518518518524
-0.0010722222222222225
0.0004023148148148147
0.0006249999999999997
0.0023087962962962966
0.0015722222222222218
0.0002749999999999998
8.472222222222227e-05
0.0016763888888888885
0.0007449074074074073
-0.0012935185185185183
0.0006486111111111115
0.0005236111111111108
-0.004531018518518518
-0.003254166666666667
-0.0006078703703703703
-0.0011671296296296302
0.0031967592592592594
-0.0009643518518518517
0.004274074074074073
0.0014810185185185187
0.0027828703703703696
0.0023458333333333335
-0.0008370370370370373
-0.0008050925925925921
-0.0020884259259259263
0.0003263888888888892
0.0007560185185185183
0.002055092592592592
-0.0006939814814814811
0.0020152777777777777
-0.001093981481481481
-0.003124074074074074
0.0024819444444444446
0.000615740740740741
0.00031574074074074105
-0.002031944444444444
0.0003888888888888886
0.0038166666666666666
0.004711574074074075
0.003477777777777777
-0.005498611111111111
-0.000550462962962963
-0.0011634259259259258
-0.0006393518518518518
0.003410648148148148
0.0003930555555555552
0.0022254629629629625
0.0015912037037037045
0.0018814814814814814
-0.0009638888888888891
-0.0031300925925925923
0.0024277777777777783
-0.0015037037037037035
-0.0019833333333333335
-0.00011990740740740705
-0.0019296296296296294
-0.0004962962962962959
-0.0022050925925925927
0.004435185185185185
-0.00125
-0.00015462962962963008
0.00362962962962963
0.00035370370370370406
0.0009615740740740742
0.000765740740740741
-0.0024569444444444443
-0.001291203703703704
0.0033087962962962962
1.38888888888925e-06
-0.003312962962962963
-0.00046481481481481525
-0.003660185185185185
0.00023842592592592568
-0.0004925925925925925
0.0020773148148148157
0.0010324074074074077
-0.00033842592592592616
-0.0025333333333333336
-0.00015416666666666674
0.000368518518518518
0.0002643518518518523
-0.001930092592592592
0.002286574074074074
-1.6203703703703782e-05
0.0009763888888888887
-0.00046342592592592605
-0.0036240740740740743
0.0015444444444444444
-0.0006240740740740741
-0.002704166666666667
0.003248611111111111
0.0004648148148148145
0.0010828703703703703
0.000143055555555556
-0.0009120370370370369
-0.004264351851851852
-0.0022018518518518515
0.001752314814814815
-0.00037962962962963004
0.0014416666666666666
0.0009620370370370365
-0.0007060185185185184
0.0005398148148148145
0.0009879629629629633
0.002061111111111111
0.0005574074074074067
0.0007995370370370369
-0.0008976851851851852
0.0003962962962962956
-0.004020833333333334
-0.000947222222222221
-0.002230092592592592
0.0022166666666666663
-0.002553703703703703
0.0016814814814814813
0.0009587962962962969
0.0008305555555555553
-0.003542592592592592
-0.0001939814814814813
-0.0015023148148148142
0.00014537037037037055
-0.003266203703703704
-0.0011537037037037037
0.0011388888888888887
0.0018898148148148149
0.0034374999999999996
-0.00017314814814814783
-0.0009851851851851853
-0.002075925925925926
0.0035254629629629633
-0.0005875000000000002
0.001611111111111111
-0.002035185185185185
-0.000689351851851852
-0.0024611111111111114
0.0006425925925925925
-0.0014527777777777777
0.0005041666666666667
0.0009310185185185184
-0.0006981481481481483
0.004409722222222223
0.0009138888888888885
-0.0006953703703703701
-0.0012615740740740738
-0.0005365740740740746
0.0012981481481481474
0.0015726851851851863
0.0011532407407407414
0.0008013888888888888
-0.002694444444444444
-0.004027314814814814
7.592592592592605e-05
-0.0015851851851851851
-0.0004944444444444445
-0.001430555555555555
0.00012407407407407378
-0.0021601851851851847
-0.0017629629629629636
0.0001833333333333335
0.00012175925925925966
-0.004112962962962962
-0.0009699074074074074
0.000712037037037037
0.0027703703703703697
0.0025134259259259255
-0.00019166666666666662
-0.004206018518518519
0.0017810185185185184
-0.0004101851851851851
0.0028814814814814814
-0.0004481481481481478
-0.0014574074074074077
-0.0006087962962962963
-0.0017861111111111114
0.001909722222222222
-0.0014231481481481486
-0.0003347222222222221
-0.0012333333333333332
0.00040601851851851866
0.0008273148148148145
-0.0032037037037037034
0.00011666666666666718
0.0008884259259259263
0.0017162037037037033
0.00045185185185185145
0.0016124999999999998
-0.0046509259259259255
-0.001007407407407408
-0.0010648148148148144
0.0007240740740740748
-0.001939351851851852
-0.00013842592592592585
-0.0018694444444444444
-0.0013935185185185194
-4.444444444444443e-05
0.0021592592592592588
-0.0014189814814814814
0.0009587962962962969
-0.0004939814814814819
-0.000723611111111111
-0.0008861111111111112
0.005187037037037038
0.002901388888888889
-0.001918055555555556
0.0007462962962962963
0.0007333333333333332
-0.001760185185185185
-0.0018953703703703704
-0.0019541666666666666
8.055555555555568e-05
-0.001633796296296297
0.0025902777777777777
0.00016712962962962908
-0.0006328703703703707
-0.0008967592592592589
0.0017893518518518519
-0.0006717592592592592
-0.0005240740740740739
0.0027444444444444443
-0.0023708333333333333
-0.0013745370370370378
-0.0008703703703703706
0.0035995370370370374
0.002890740740740741
-0.0030004629629629626
0.0027694444444444437
0.0012245370370370368
-0.0009398148148148147
0.0015087962962962956
0.0004615740740740741
-0.0016902777777777782
-0.002574074074074074
0.0025634259259259256
0.000788425925925926
0.0007574074074074076
-0.001974537037037037
-0.0012481481481481478
-0.00026435185185185237
-0.0008296296296296297
0.0006499999999999996
0.0014958333333333336
-0.0011606481481481483
0.0026009259259259262
2.2222222222222603e-05
-0.0016787037037037033
-0.0004444444444444442
0.0003152777777777778
-0.0011935185185185185
-0.0009282407407407404
-0.002190740740740741
0.00012731481481481486
-0.001546759259259259
-0.001961111111111111
-0.0011101851851851845
-0.0008120370370370375
0.002343055555555555
-0.0010782407407407405
-0.0016513888888888893
0.0011287037037037034
0.004629629629629629
-0.0005337962962962963
-0.0015935185185185182
0.0023407407407407413
0.0007263888888888888
-0.0021064814814814813
0.0007222222222222223
-0.00040740740740740765
0.0022138888888888885
0.0049953703703703705
0.0017638888888888895
0.0007180555555555557
0.0006481481481481485
0.002362037037037037
0.003929166666666667
-0.002571296296296296
-0.001035185185185185
-0.0023759259259259263
0.0004745370370370368
-0.0010314814814814815
-0.0019509259259259256
-0.0009995370370370368
0.0017958333333333335
0.00042407407407407357
-0.00041064814814814816
-0.0009407407407407405
0.0007004629629629634
0.0025277777777777777
0.0016861111111111109
0.0010064814814814815
-0.0009587962962962963
0.0011759259259259262
0.0007865740740740741
-0.0013222222222222216
-0.0019393518518518527
0.0008615740740740736
0.0024680555555555562
0.001725925925925926
0.0022375000000000003
-0.004353703703703703
-0.0007916666666666663
0.004283333333333333
-0.000526851851851852
-0.0018675925925925928
-0.0020699074074074066
0.0007273148148148145
0.0006236111111111108
-0.002223611111111111
-0.0018134259259259262
0.0011847222222222222
0.0029643518518518517
0.0022717592592592594
-0.000255092592592593
0.0005365740740740734
-0.004059722222222222
-0.0008055555555555558
0.0005384259259259265
0.0007587962962962966
0.000658796296296296
0.0038291666666666665
-0.001008333333333333
0.0018976851851851854
0.002009722222222222
-0.0015111111111111109
-0.002161574074074074
-0.002453240740740741
0.0030875000000000004
-0.0007324074074074069
0.0003152777777777776
0.0009143518518518511
0.0020675925925925927
0.0025249999999999995
-0.0009125000000000002
0.001139351851851852
-1.250000000000023e-05
-0.0024703703703703697
-0.004396759259259259
0.0029879629629629627
-0.0005736111111111113
-0.0013578703703703702
0.002372685185185186
0.0006013888888888882
-0.0009111111111111112
0.003184259259259259
0.0017731481481481478
0.0009287037037037045
0.0018319444444444449
0.00457824074074074
0.0018722222222222226
-0.002311111111111111
0.0009976851851851852
-0.006528703703703704
0.003097685185185186
-0.0011648148148148145
-0.0002175925925925928
-0.0012277777777777777
0.000685185185185185
-0.0013180555555555556
0.0008939814814814817
0.0025361111111111114
0.0008652777777777781
0.0010995370370370373
-0.000956018518518518
0.0003143518518518519
-0.0013736111111111113
-0.001335648148148148
-0.0015629629629629628
-0.0017064814814814811
0.0029310185185185186
-0.001541203703703703
-0.0005050925925925926
0.001397685185185185
-0.00018472222222222205
0.0013393518518518518
0.0022685185185185187
-0.0014995370370370366
0.0006495370370370368
-0.000879166666666666
-0.0007064814814814813
0.0021305555555555557
-0.002920833333333333
0.00042962962962962985
-0.0009671296296296291
0.0015569444444444443
-0.0009462962962962962
-0.0003236111111111112
0.002135185185185185
0.0032398148148148147
-0.0008976851851851846
0.00022453703703703722
-0.002053240740740741
-0.0010305555555555552
-0.0006291666666666668
-0.0015361111111111111
0.00023981481481481456
-0.001050462962962963
-0.0004453703703703704
-0.00021203703703703684
0.0023486111111111103
0.00128287037037037
0.0007685185185185186
0.004015277777777778
-0.0010032407407407405
-0.0012268518518518516
-0.0010398148148148152
0.002474074074074074
-0.0020833333333333337
0.002021296296296296
0.0009287037037037034
-0.0007662037037037032
-0.0006384259259259259
0.0024412037037037037
-0.0020865740740740745
-0.0009425925925925931
-0.00018657407407407435
-0.0003657407407407404
0.0003518518518518517
0.0007819444444444444
-0.0032541666666666665
-0.0007828703703703703
0.0010953703703703707
0.002401851851851851
-0.0031337962962962955
-0.0008981481481481477
-0.0008050925925925924
-0.002387962962962963
0.003465277777777778
0.0013865740740740746
0.001841666666666667
0.0009407407407407405
1.8055555555554982e-05
-0.0017759259259259256
0.00015138888888888879
1.6203703703703717e-05
-0.00028750000000000016
-0.002289351851851852
0.0011347222222222223
0.0006736111111111112
-0.002109259259259259
-0.002967592592592593
0.0007768518518518516
-0.0009189814814814815
-0.002352314814814815
0.003468055555555555
0.001939814814814815
-0.002517129629629629
-0.0019254629629629632
-0.0017277777777777775
-0.0030185185185185176
0.00028148148148148195
0.0036638888888888884
0.0023856481481481485
-0.002135185185185185
0.0016416666666666667
3.611111111111073e-05
0.0008717592592592589
-0.0005689814814814813
0.0024550925925925925
1.5740740740740293e-05
0.0007810185185185186
-0.0001023148148148146
-0.0022310185185185176
2.2685185185185258e-05
0.005339351851851852
-0.00022731481481481496
0.0005745370370370374
-0.0003949074074074073
0.0009370370370370374
0.0002384259259259259
-0.0008101851851851848
-0.0009458333333333339
0.0008828703703703709
0.0001648148148148144
0.0012504629629629628
0.0016958333333333337
-0.0014726851851851854
0.0009324074074074077
0.0029879629629629635
-0.0012342592592592602
-0.0014027777777777775
0.0013712962962962958
0.0007819444444444434
-0.0011810185185185192
0.00038564814814814847
0.0004092592592592585
0.0025101851851851856
0.0004407407407407405
0.00011805555555555591
-0.000358333333333333
0.0013574074074074074
0.0012189814814814817
-0.0041041666666666666
-0.0017875
-0.0025749999999999996
-0.0031949074074074067
-0.0007916666666666663
0.0021337962962962955
-0.00010694444444444423
-0.0029578703703703707
0.0014833333333333337
-0.0017375000000000003
0.002043055555555556
-0.0005162037037037039
-0.0027402777777777772
0.00023148148148148117
0.0024805555555555553
0.0006101851851851849
0.0017439814814814816
-6.851851851851874e-05
0.0026726851851851846
0.0003944444444444442
0.004355092592592593
-0.0013717592592592598
-0.0022949074074074074
0.0037763888888888895
0.000422222222222222
-0.0018000000000000002
-0.0023236111111111114
-0.003862962962962963
0.0023138888888888896
-0.0031990740740740734
0.0003824074074074074
0.0011916666666666668
-0.0007935185185185183
-8.287037037037023e-05
0.00016666666666666655
0.0020898148148148147
-0.0005212962962962965
3.9814814814814865e-05
0.0011657407407407408
-0.0014296296296296292
-0.0006884259259259259
-8.009259259259238e-05
0.003276851851851851
0.0009249999999999999
-0.001360648148148148
-0.0004879629629629633
0.002619444444444444
0.0003296296296296296
0.0004305555555555562
-0.0005861111111111111
0.0020481481481481483
-0.0002958333333333332
0.0008620370370370371
-0.0007430555555555558
-0.0017129629629629632
0.00037407407407407414
6.203703703703762e-05
-0.0010583333333333328
-0.0009157407407407411
0.0001546296296296298
-0.00026805555555555507
-0.0015444444444444444
-0.004815740740740741
0.0034990740740740737
-0.0009967592592592586
0.0007004629629629634
0.0019092592592592588
0.00036064814814814813
-0.0006300925925925924
-0.0006231481481481484
0.0008513888888888888
-0.0012226851851851847
0.00013611111111111115
-0.0013078703703703705
0.0007347222222222225
0.00017638888888888888
-0.0008111111111111112
-0.0021930555555555557
0.0004967592592592592
0.0004708333333333325
0.002554166666666666
0.002168981481481482
0.0035458333333333336
-0.0038134259259259267
-6.250000000000006e-05
0.0008245370370370369
0.002218518518518519
-0.0035212962962962967
0.002643981481481481
0.00045509259259259195
0.0007347222222222225
-0.0019245370370370373
0.000696759259259259
-0.000812037037037037
0.0038254629629629632
-0.0002745370370370367
0.0002944444444444441
-0.001001851851851852
-0.0005976851851851849
0.000437962962962963
0.0007842592592592589
-0.00023009259259259245
-0.0010685185185185183
-0.004662037037037037
-0.0004685185185185182
0.0005101851851851851
-0.003081481481481482
0.002335185185185185
0.001564814814814816
0.00269212962962963
0.0013402777777777777
-0.0031185185185185187
0.0006814814814814818
0.00202962962962963
0.0031120370370370364
0.0006162037037037033
9.490740740740724e-05
-0.004800462962962964
0.0009759259259259261
-0.0009185185185185183
-0.0009611111111111112
-0.001836111111111111
-0.0001078703703703707
0.0002009259259259257
0.0010962962962962962
-0.0014638888888888887
0.0009611111111111101
0.0022263888888888893
-0.00047824074074074115
0.0003175925925925922
0.0014972222222222218
-0.0023898148148148147
-0.0011717592592592595
-0.0029643518518518517
0.0007652777777777775
0.00014675925925925878
0.0033759259259259263
0.004470833333333334
-0.0034592592592592596
-0.00016064814814814831
0.0036101851851851855
-0.0037745370370370367
0.0004578703703703702
0.0008680555555555554
-0.00014166666666666714
0.002858796296296296
-0.00021249999999999972
0.001430092592592592
0.0014518518518518513
0.0006777777777777778
-0.002219907407407407
-0.0013564814814814813
-0.0030791666666666667
-0.001332407407407408
0.0003296296296296296
-0.0012111111111111112
-0.0010041666666666667
-0.0017939814814814817
0.004004166666666666
-0.002582870370370371
-0.00014351851851851838
-0.0014754629629629631
-0.004319907407407408
-0.00041805555555555595
-0.0008351851851851858
0.0006847222222222219
-0.002292129629629629
0.002172222222222222
-0.002252777777777778
1.2037037037036996e-05
0.00029907407407407384
-0.00042731481481481505
0.0012115740740740745
-0.0008472222222222216
0.0014523148148148158
1.250000000000023e-05
-0.0004606481481481482
5.3703703703703765e-05
-0.000535648148148148
-0.0020138888888888893
0.002016203703703703
0.0033768518518518522
-0.002156481481481481
-0.0014189814814814814
0.0012791666666666659
-0.002803240740740741
-0.0014495370370370376
0.004271759259259259
-0.004399537037037037
9.398148148148193e-05
-0.0018203703703703704
-0.002384722222222222
0.0012037037037037038
0.00036342592592592584
0.0003509259259259257
0.0019935185185185186
-4.351851851851835e-05
-0.0009745370370370369
0.0014328703703703704
0.005262037037037037
-0.0018962962962962963
-0.0013847222222222219
0.002453703703703704
0.0008699074074074077
0.0011754629629629632
2.0370370370370505e-05
-0.0006430555555555556
0.000862962962962963
-0.0019328703703703697
0.0024578703703703707
-0.001322222222222222
-0.0018208333333333327
0.0009435185185185184
-0.0011726851851851855
0.003083333333333333
-0.002483796296296296
-0.0006643518518518514
0.00019305555555555536
-0.0015296296296296297
0.0032013888888888886
0.0003249999999999996
-0.0002194444444444443
0.0011995370370370376
-0.0008027777777777779
0.0028976851851851846
0.0009212962962962967
4.629629629628477e-07
0.0002157407407407401
0.0005444444444444448
-0.002672685185185186
0.0007787037037037038
0.002643055555555555
-0.0021749999999999994
-0.0007018518518518519
-0.0014125
0.000705555555555556
-0.0014731481481481483
0.0005282407407407419
-0.002554629629629629
-0.002177777777777778
-0.0004129629629629622
-0.0023078703703703707
0.0005018518518518519
-0.0006555555555555559
-0.0007824074074074071
0.00028564814814814805
-0.0018902777777777783
-0.002966203703703704
-0.001834722222222222
-0.002525925925925926
0.0005504629629629625
-0.002162962962962963
0.0003111111111111112
-0.0005287037037037035
-0.0007199074074074067
0.0009120370370370372
-0.0018416666666666674
-0.002934722222222222
0.00044490740740740737
-0.0003282407407407411
0.0010375
-0.000226388888888889
2.9629629629630094e-05
0.0008800925925925923
-0.00011944444444444491
0.003377314814814814
0.0014504629629629626
-0.0023328703703703706
0.0001555555555555559
0.0017472222222222223
0.0008249999999999999
-0.0014231481481481482
0.004025925925925926
-0.0017337962962962962
0.000809259259259259
-0.0019370370370370375
0.0047875
0.0014134259259259258
-0.001419907407407407
0.0028740740740740736
0.0013606481481481482
0.0020393518518518525
0.0017777777777777776
0.0009458333333333335
0.002068518518518518
0.0011379629629629637
-0.0017342592592592594
0.000834722222222222
0.0017291666666666668
0.0014050925925925925
-0.003263888888888889
-8.287037037037089e-05
-0.0011888888888888884
-0.002622222222222222
0.0009773148148148145
0.001638425925925926
-0.0007680555555555558
-0.0012907407407407405
0.001334259259259259
0.0011851851851851852
-9.212962962962944e-05
-0.0012189814814814817
-0.0030120370370370375
0.0019439814814814812
0.0001199074074074076
0.0039032407407407405
-0.0023254629629629628
0.0005087962962962968
0.0012287037037037036
0.0013259259259259257
0.003793981481481482
0.0001185185185185178
0.0027921296296296296
-0.0018851851851851846
-0.0010532407407407409
-0.00023379629629629618
-0.0008624999999999997
0.002226388888888889
-0.0012708333333333332
0.0006731481481481475
-0.0029731481481481475
0.0010833333333333337
-0.00257962962962963
0.0005800925925925927
0.001460648148148148
0.0011902777777777777
-0.0011328703703703698
0.0026314814814814816
-0.0016800925925925928
-0.0024745370370370372
-0.0008976851851851848
0.0009245370370370374
0.0013032407407407409
-0.0007435185185185178
0.0012944444444444444
0.0006986111111111115
-0.0013537037037037042
-0.00266388888888889
-0.0030995370370370374
0.0010509259259259265
-0.00044398148148148123
-0.0009606481481481478
-0.0013680555555555555
-0.00212037037037037
-0.0008865740740740738
0.0017
0.0029671296296296286
4.490740740740702e-05
0.0010333333333333336
-0.0025337962962962957
0.00011944444444444414
0.0006449074074074075
0.0005361111111111114
-0.0016013888888888892
-0.0003546296296296297
0.0008921296296296294
0.003464351851851852
0.0014587962962962966
-0.0017652777777777777
0.00199537037037037
0.0018666666666666669
0.0005555555555555553
-0.0023791666666666666
0.0026050925925925916
-0.0017856481481481478
0.0016907407407407407
-0.0017000000000000006
-0.0019111111111111115
0.0014027777777777767
0.0006124999999999999
-0.0013402777777777777
-0.0012689814814814816
-0.0004967592592592593
-0.002188425925925926
0.0006050925925925929
0.0004888888888888889
-0.004009259259259259
0.0014212962962962966
-0.003742129629629629
-0.0018689814814814812
0.0011504629629629632
-0.0006412037037037035
-0.0008166666666666665
0.0007768518518518524
0.00021712962962962975
-0.0016175925925925923
0.004359259259259259
-0.0020138888888888893
0.0007634259259259264
-0.0009768518518518514
5.8333333333333976e-05
-0.0008810185185185185
0.00025185185185185185
-0.002718055555555556
0.0022439814814814813
0.0015537037037037034
0.0008532407407407402
-0.0017703703703703707
0.0010671296296296301
0.0027037037037037043
-0.000916203703703704
0.0036425925925925922
0.000991666666666667
0.003098611111111111
-0.0005171296296296292
0.0017439814814814816
0.0022101851851851853
-0.002505555555555555
-0.001131944444444445
-0.0016055555555555554
0.000511574074074074
0.0018884259259259262
0.002293518518518519
0.0021430555555555565
-0.0027370370370370374
0.0011055555555555558
-0.0015518518518518518
-0.0008930555555555558
0.000890277777777778
1.6666666666666437e-05
-0.0009023148148148141
-0.0009060185185185179
0.0048120370370370365
0.0007254629629629627
-0.0015800925925925928
0.00017962962962962995
0.0007509259259259263
0.00032592592592592563
0.002246759259259259
0.0014435185185185187
-0.00030833333333333315
-0.0003069444444444441
0.0005222222222222223
0.002108333333333334
-0.002106481481481481
0.002605555555555555
0.00022222222222222267
-0.0028037037037037037
0.0012347222222222221
0.0036620370370370366
0.0001925925925925927
-0.0005050925925925921
0.002317592592592593
0.0014111111111111112
6.851851851851839e-05
0.00019074074074074056
-0.0018268518518518514
0.000622685185185185
0.003560185185185185
0.00011574074074074072
-0.0030430555555555562
-0.0005629629629629625
0.0009578703703703698
-0.0009958333333333332
-2.5925925925925864e-05
0.0006222222222222228
0.002658796296296296
0.00015462962962962932
0.0047768518518518524
0.0005097222222222214
0.0017092592592592595
0.0009513888888888889
-0.00134074074074074
-0.0009537037037037038
0.0008736111111111106
-0.00018888888888888864
0.0017370370370370372
-0.0012018518518518515
-0.001127777777777778
0.0026527777777777778
0.0007018518518518519
0.0023435185185185178
0.0013717592592592598
-4.62962962963426e-07
2.129629629629639e-05
0.00013379629629629622
-0.0016921296296296298
0.0027476851851851855
-0.0005768518518518515
0.0017606481481481481
-0.002103703703703704
0.00022037037037037
0.0009060185185185179
-0.001209259259259259
-0.0009111111111111112
-9.76851851851851e-05
-0.0030370370370370364
0.0015930555555555557
-0.001306018518518519
-0.0027226851851851843
-0.0002652777777777777
0.0018328703703703706
-0.0009828703703703705
-0.002038888888888889
-0.0003907407407407405
-0.0016939814814814819
-0.003985648148148148
0.002035185185185185
-0.0020550925925925923
0.0003111111111111113
-3.148148148148168e-05
0.0005175925925925922
0.0001291666666666667
0.00132037037037037
-0.0001851851851851851
-0.001739351851851852
-0.0022199074074074074
-0.0007717592592592594
0.0008324074074074075
-0.0010245370370370376
-0.00032268518518518535
0.0005078703703703709
0.001664814814814815
-0.0016606481481481483
0.001422685185185185
0.0019689814814814817
-0.0018240740740740737
0.0014777777777777777
-0.0027912037037037046
0.0009143518518518515
0.0006083333333333334
-0.0011277777777777775
-0.0006500000000000001
-0.001693518518518518
0.0016680555555555563
-0.001044907407407408
-0.00013518518518518488
0.0018212962962962968
-0.00042546296296296283
-0.000921296296296296
0.003230555555555555
0.0014370370370370377
-0.0027740740740740738
-0.0023175925925925933
0.000306018518518519
0.0007912037037037035
0.0006226851851851852
0.00011435185185185197
0.0006763888888888884
0.0005662037037037035
-0.0017518518518518517
0.00040648148148148124
-0.0007504629629629632
0.00021898148148148113
0.0024462962962962962
-0.0007032407407407408
0.00212037037037037
-0.001165740740740741
0.002249074074074074
0.0011907407407407405
0.003094444444444444
-0.00299074074074074
0.000927314814814815
0.0015319444444444445
0.0031861111111111113
0.000993055555555556
0.0009513888888888886
-0.0016763888888888887
-0.0003148148148148149
-0.000506481481481482
0.0001601851851851858
-0.001056481481481482
-4.490740740740696e-05
-0.002656018518518519
-0.0013953703703703706
-0.00041712962962962884
0.0017699074074074078
-0.002278240740740741
0.002625925925925926
0.0010361111111111111
-0.0013851851851851853
0.00232824074074074
-0.0018999999999999998
-0.0004652777777777773
-0.0012800925925925922
-0.0029259259259259256
1.3888888888879648e-06
-0.0009305555555555553
0.0020597222222222228
0.00035000000000000054
0.00044907407407407396
-0.00016342592592592643
-0.002437962962962963
0.0014541666666666665
0.003951388888888889
0.0023273148148148146
-0.001640740740740741
-0.001991203703703704
0.0032402777777777777
-0.003397222222222222
0.00042222222222222216
0.0004259259259259257
0.0003888888888888885
0.0004041666666666669
-0.0030870370370370374
0.0002819444444444441
-0.0029319444444444445
-0.001135648148148148
-0.0019662037037037035
0.0032291666666666658
-0.0027912037037037037
0.0019314814814814815
-0.0008870370370370375
-0.002517129629629629
0.0008717592592592591
0.0009944444444444438
0.0002921296296296297
-0.0035712962962962964
-0.00030092592592592573
-0.0008592592592592598
-0.0001912037037037036
0.0019500000000000006
-0.001813888888888889
0.0010259259259259262
-0.006528240740740741
0.0020745370370370358
-0.0023231481481481475
-0.000319907407407407
-0.005180092592592593
9.722222222222166e-05
-0.0001060185185185184
0.00291712962962963
-0.0011074074074074074
-0.0005907407407407407
0.0025481481481481483
0.00041111111111111095
-0.0020953703703703703
0.0034333333333333325
-0.001759722222222222
0.00030648148148148163
-0.0003037037037037039
0.00010185185185185182
7.73148148148149e-05
0.0006351851851851854
-0.00037916666666666703
5.3240740740740534e-05
0.0024439814814814814
-0.0031574074074074083
-0.0017981481481481488
-0.0027837962962962972
-0.002102777777777778
0.0015629629629629624
0.001006018518518519
-0.002862037037037036
0.002136111111111111
-0.0014023148148148148
0.0012208333333333335
0.00010046296296296282
-0.0016981481481481485
0.0019736111111111117
-0.0034115740740740734
-2.4537037037037163e-05
-0.0031782407407407406
0.0032004629629629622
-0.0013222222222222227
0.004552777777777777
0.000911111111111111
0.0024481481481481485
-0.003516666666666667
-0.0005606481481481476
0.00031527777777777777
-0.003160648148148149
-0.002566203703703704
0.002435185185185185
0.0047777777777777775
0.0013865740740740737
-0.00042083333333333236
-0.0021106481481481484
-0.0002282407407407413
0.00195
-0.0021310185185185186
0.0036587962962962963
-0.004065740740740741
0.004455092592592592
0.0002740740740740745
-0.000651851851851852
-0.003324537037037037
-0.0010537037037037034
-0.0010106481481481477
-0.0024773148148148146
-0.0005180555555555551
0.000686111111111111
0.002521759259259259
-0.0007509259259259259
0.0007972222222222221
0.00029999999999999943
0.00392037037037037
0.0033870370370370365
-0.0018486111111111114
-0.0013703703703703705
0.002167592592592592
-0.0017083333333333336
-0.0003833333333333334
0.0018972222222222225
-0.0025509259259259265
0.002151388888888888
0.0006935185185185191
-0.0013097222222222219
0.0035611111111111112
0.00047407407407407435
-0.001968518518518519
-0.0006259259259259262
0.0024990740740740737
0.0005143518518518521
0.0009574074074074073
-0.0013736111111111106
-0.0008337962962962965
-0.0008662037037037033
-0.00046527777777777735
0.005144444444444444
-0.00043518518518518597
-0.0008962962962962962
-0.0005157407407407412
0.0016175925925925923
0.0006064814814814819
0.0015083333333333335
0.0019569444444444443
0.0013356481481481479
-0.0022583333333333335
0.002170370370370371
-0.0005444444444444447
0.0005569444444444449
0.0024402777777777773
-0.0002518518518518516
0.0006175925925925919
0.003149074074074074
-0.0012689814814814816
0.0007865740740740743
-0.0012652777777777777
0.0014875
-0.0002574074074074071
0.0016898148148148143
-0.0016148148148148146
-0.0016083333333333334
4.9999999999999826e-05
-0.0007851851851851855
-0.002293055555555555
-0.000159259259259259
-1.6666666666667145e-05
0.0014069444444444448
-0.0008624999999999997
-0.0009657407407407408
-0.0008249999999999999
0.0024439814814814814
0.0003004629629629627
-0.002583796296296296
-0.002096296296296296
-0.002026851851851852
-0.0006870370370370367
-0.0019828703703703705
-0.0016643518518518526
0.00036064814814814786
0.00021249999999999985
-0.0025939814814814814
-1.3888888888888901e-05
0.001764351851851852
0.0012337962962962964
0.00012037037037037048
0.0018569444444444443
0.002269444444444445
0.0022152777777777774
0.0014712962962962965
0.001406481481481481
0.0016296296296296297
-0.0005157407407407408
0.002221296296296296
-0.001560648148148149
-0.0008041666666666668
-0.001303703703703703
-0.00011342592592592577
0.0010143518518518518
0.001886574074074074
-0.001896759259259259
-0.0007782407407407403
0.00016064814814814818
-0.0008967592592592591
0.0030055555555555556
-0.0010625000000000005
0.0016773148148148146
-0.001680555555555555
-0.0001875000000000005
-0.0010467592592592594
0.0005069444444444453
0.003998148148148149
-0.0005189814814814812
-1.8981481481481448e-05
-0.002850925925925926
-0.0029912037037037034
-0.00018472222222222167
0.0011657407407407413
-0.0005870370370370372
0.001761574074074075
-0.0010249999999999999
0.0037115740740740737
-0.0016069444444444445
0.0029472222222222226
0.0020671296296296293
0.0002703703703703708
-0.0002990740740740738
0.0023537037037037033
-0.0010175925925925927
0.0006245370370370372
-0.0034550925925925925
0.0023740740740740736
-0.0009981481481481477
0.0020949074074074073
0.0014986111111111116
0.00048657407407407444
-0.001961111111111111
0.0006374999999999998
0.00020509259259259235
-0.0020439814814814813
0.0011694444444444443
-0.0017166666666666667
-0.002914351851851852
0.0017259259259259257
-0.0008129629629629624
0.0006814814814814813
0.004723148148148148
-0.0018203703703703704
-0.002434259259259259
0.00028055555555555565
-0.0020435185185185174
0.002200925925925925
-0.0011203703703703712
-0.0007324074074074073
-0.0018092592592592592
-8.703703703703722e-05
-0.002868518518518518
0.0014537037037037038
-0.0012379629629629633
0.0013712962962962969
-0.0015273148148148147
0.0032379629629629625
-0.002950462962962963
-0.0035467592592592586
-0.0007527777777777783
-0.0009212962962962964
0.0032250000000000004
-0.0018208333333333332
-0.0012898148148148148
-0.001963888888888889
-0.0036875
-0.0020287037037037027
0.00012268518518518607
0.004235185185185186
0.0009125000000000001
-0.0009810185185185187
-0.002104166666666667
-0.0005222222222222224
-0.0012319444444444441
-0.0014115740740740738
0.00033055555555555513
0.001675
-0.00023518518518518525
-0.0013583333333333327
-0.0024888888888888894
0.002788425925925927
-0.00023101851851851877
0.0005527777777777779
-0.0028421296296296298
-0.0036800925925925933
-0.00029120370370370373
0.0008629629629629627
0.00018796296296296283
0.0022421296296296295
0.0009685185185185185
0.0011583333333333333
-8.888888888888877e-05
6.111111111111081e-05
-0.0037689814814814817
-0.0028129629629629624
4.1666666666666706e-05
0.0012310185185185182
-0.001269907407407408
0.003105092592592592
0.0030564814814814816
0.0007601851851851848
-0.004322222222222222
0.0016106481481481482
-0.0009671296296296302
0.0033449074074074076
0.0006222222222222226
-0.002713888888888889
0.001523148148148148
-0.003413425925925926
-0.0029935185185185178
0.0019555555555555554
0.0013638888888888882
-0.00039074074074074087
0.00079537037037037
-0.00020138888888888913
-0.002636111111111111
-0.0017541666666666662
-0.0015879629629629627
-0.0017800925925925929
-0.002056018518518519
0.0003203703703703704
-0.0023541666666666663
-0.00024583333333333326
0.0001361111111111108
-0.0019750000000000006
-0.0016634259259259267
-0.00036018518518518534
-0.0015564814814814818
-0.00012685185185185176
0.000505092592592593
0.0034874999999999993
-0.0037550925925925916
0.00032638888888888865
0.00011342592592592628
0.0019949074074074066
0.0011078703703703702
0.0015027777777777778
0.005123148148148149
0.0010689814814814815
0.0009375000000000003
-0.001169907407407407
0.003831481481481481
0.00024398148148148212
0.0010162037037037038
-0.0010990740740740744
-0.0014388888888888895
-0.002733333333333333
0.000857407407407407
-0.0007083333333333337
-0.003307407407407407
0.0017328703703703707
-0.0015986111111111108
0.0020625
0.0011328703703703705
0.0030962962962962966
0.00019305555555555536
0.0018564814814814817
0.002656481481481481
-0.0007907407407407407
0.0010916666666666663
0.0035333333333333336
0.00459212962962963
-0.0032046296296296293
-0.002501388888888889
0.001000925925925925
-0.00013287037037037038
0.0006907407407407402
-0.0025300925925925925
0.0032064814814814807
-0.0009069444444444437
0.0010527777777777777
0.0012638888888888895
0.0019018518518518516
-8.796296296296099e-06
-0.00016203703703703744
-8.333333333333508e-06
0.0019430555555555557
0.0010148148148148147
0.0014925925925925929
-0.002805092592592592
-0.0009287037037037036
0.00014675925925925916
-0.00024907407407407403
-0.002136111111111111
-0.001285185185185185
-0.001268981481481482
-0.0017921296296296296
0.002655555555555555
-4.8611111111111156e-05
0.002390740740740741
-0.0014055555555555549
-0.0009347222222222221
-0.002037962962962963
0.002311574074074074
-0.0027254629629629625
-0.0005337962962962953
0.0004884259259259257
0.0006018518518518524
0.00029027777777777743
0.0005685185185185187
-0.000991203703703704
0.002088425925925926
-0.0014189814814814811
-0.00025324074074074165
0.0005277777777777775
0.0003342592592592594
0.0006592592592592594
-0.0008916666666666669
-0.001382407407407407
0.0031388888888888885
0.0009995370370370375
0.0007194444444444443
0.0003990740740740738
-0.0011425925925925918
0.0010990740740740741
0.0017768518518518515
-0.0004319444444444444
-0.00285787037037037
0.002556481481481481
0.0022092592592592593
-0.00028287037037037007
0.00030277777777777773
-0.0003902777777777773
-0.0020587962962962964
0.0013856481481481482
-0.0008787037037037044
-0.00290462962962963
-0.002235185185185185
-0.0010787037037037035
0.0003541666666666666
0.0005374999999999999
0.0017050925925925927
0.003134259259259259
0.0008763888888888888
0.00035231481481481496
0.00010277777777777764
-0.0016722222222222225
0.00048472222222222195
0.0025291666666666665
-0.00012407407407407403
0.0022736111111111112
0.0006972222222222222
0.002080092592592592
-0.0008842592592592595
0.002236574074074074
0.0006458333333333339
-0.005243981481481481
-0.0007564814814814811
0.0023541666666666663
-3.796296296296277e-05
0.0004046296296296295
0.0007282407407407407
-0.0008935185185185183
0.00016481481481481452
-0.000103240740740741
0.0011712962962962964
0.0004592592592592593
-0.003687037037037037
0.001632407407407407
0.0011731481481481484
-0.0015629629629629633
-0.0009643518518518521
0.003966666666666667
-0.0021180555555555558
-0.00030370370370370355
-0.00034398148148148124
0.0023157407407407406
0.0007388888888888888
-0.0010944444444444441
-5.555555555555329e-06
-5.138888888888946e-05
0.0019004629629629634
-0.0014884259259259265
0.0004226851851851854
0.0018574074074074077
0.0030620370370370363
-0.0007888888888888886
-7.546296296296282e-05
0.0020296296296296304
-0.0035402777777777776
0.0003472222222222224
-0.0014115740740740733
-0.0013351851851851853
-0.0009555555555555554
0.003972685185185186
0.002086111111111111
0.0022069444444444437
-0.0009597222222222219
0.0005703703703703708
0.0002638888888888886
-0.0037842592592592598
-0.003233333333333334
0.0005189814814814818
0.0008819444444444443
0.002651388888888889
-0.0020458333333333335
-0.0033273148148148155
0.0030777777777777774
0.0002486111111111108
-0.0005217592592592591
-0.0013111111111111114
-0.0006407407407407404
-0.0021939814814814808
-0.0015763888888888891
0.002203240740740741
0.0012634259259259272
0.0028194444444444447
-0.002796296296296296
0.0014458333333333328
-0.00413287037037037
0.001674537037037037
0.0002611111111111114
0.004306944444444444
-0.0005893518518518522
-0.0017518518518518517
0.0012152777777777771
0.0005374999999999998
-0.001333333333333334
-0.001565277777777778
0.0013032407407407407
-0.0026773148148148147
0.0008222222222222221
-0.0022962962962962963
0.0001532407407407401
0.0008537037037037032
-0.0011273148148148154
0.00013055555555555517
-0.0006953703703703707
-0.0009203703703703699
-0.0002648148148148142
-0.001396759259259259
0.0017828703703703709
-0.0006949074074074078
-0.0025981481481481476
-0.00047453703703703747
0.0035
0.0001092592592592593
0.000205092592592593
-0.0013611111111111111
-0.0014185185185185186
-0.0009416666666666663
0.004023148148148148
0.00039768518518518457
0.0027041666666666664
0.0002013888888888888
-0.0015393518518518514
0.0003273148148148146
0.0017143518518518517
0.002357407407407408
-0.0032893518518518515
0.0013819444444444445
0.0026907407407407405
0.00038750000000000037
-0.00024351851851851767
0.00018611111111111118
0.0021967592592592594
0.0003819444444444444
-0.0013750000000000008
0.0009787037037037039
0.0006564814814814814
-0.0013962962962962967
0.000684259259259259
-0.000215740740740741
-0.0015212962962962966
-0.0005893518518518521
0.004239814814814814
0.002226388888888889
0.002135185185185185
-0.0009736111111111107
0.0018513888888888896
0.00453888888888889
-0.00047777777777777776
0.00017314814814814791
0.0023268518518518517
-0.001468981481481481
0.0015564814814814818
0.0019333333333333331
-0.0023328703703703706
-0.0007388888888888888
-0.0004263888888888886
0.00041296296296296296
0.0006319444444444441
0.0020027777777777782
-8.33333333333337e-05
-0.0023962962962962957
0.002414351851851852
-0.0006953703703703698
-0.002123148148148148
-0.0003601851851851855
-0.0011458333333333331
0.00013472222222222217
-0.00024351851851851867
0.0032171296296296292
-0.00043148148148148164
0.0011166666666666664
0.000531481481481481
0.0012462962962962968
0.0006722222222222222
-0.0011555555555555564
0.0009222222222222222
0.0011773148148148146
0.0008342592592592593
-0.0013083333333333339
0.0010708333333333331
-0.0003782407407407408
4.351851851851835e-05
-0.000674999999999999
0.0019458333333333337
-0.002888425925925926
0.00024120370370370387
-6.4814814814821165e-06
-0.0016462962962962957
-0.0005740740740740735
-0.003951388888888889
0.0004282407407407405
0.0016222222222222224
-0.0011740740740740746
0.0001722222222222222
0.0006129629629629632
-0.002322222222222222
0.000153703703703704
0.0010245370370370371
0.0032444444444444443
0.0043476851851851845
0.000148148148148148
0.0015523148148148147
-0.002941203703703704
0.003382407407407407
0.0006263888888888889
0.0001379629629629629
-0.0005662037037037035
0.001962962962962963
-0.0006236111111111109
0.000485648148148148
0.001472222222222222
-0.000408796296296296
0.001091666666666667
0.00040046296296296255
-0.0013407407407407409
-0.0007773148148148146
0.0008768518518518514
0.000447685185185185
-0.00023611111111111106
-0.0037787037037037034
-0.003581018518518519
0.003382407407407407
0.0017356481481481476
0.002312037037037037
0.0002134259259259258
-0.0005925925925925919
-0.0003560185185185188
0.0023087962962962958
-0.0010425925925925924
0.0003101851851851857
-0.0006972222222222226
0.0018467592592592591
-0.0003013888888888891
-0.00429074074074074
0.0005351851851851845
-0.002269444444444445
-0.0013597222222222225
0.0007814814814814812
-0.0021087962962962965
0.0021013888888888888
0.00124074074074074
0.0004458333333333337
-0.0004995370370370366
0.0007337962962962957
0.0016379629629629624
0.00012407407407407397
-0.0034953703703703705
-0.0023041666666666666
0.002773611111111111
-0.0008365740740740739
-9.25925925925928e-05
1.5740740740740358e-05
0.0005578703703703717
0.002121759259259259
5.2314814814814065e-05
-0.001699537037037037
-0.001860648148148148
0.0023828703703703707
-0.003350925925925926
0.000998611111111111
-0.0019055555555555549
0.000538425925925926
-0.0026902777777777775
-0.002040740740740741
0.0032027777777777775
-0.0006384259259259256
0.003786111111111111
0.0006384259259259261
-0.0026703703703703703
0.0009083333333333335
-0.0020787037037037037
0.0009694444444444441
-0.001727314814814815
-0.0003171296296296298
0.0025712962962962964
-0.0019361111111111107
6.157407407407397e-05
-0.00041435185185185146
-0.002137962962962963
-0.0012009259259259258
0.0029629629629629637
-0.0010796296296296294
0.0029171296296296298
0.001173148148148148
-0.000987962962962963
0.0016800925925925924
0.0025592592592592603
-0.0005240740740740749
0.004225462962962963
0.0008375000000000002
0.0017949074074074076
-0.00012268518518518536
0.0007037037037037043
-0.0016217592592592599
0.0037685185185185187
-0.0002722222222222223
0.002639351851851852
-0.004080092592592593
0.00014999999999999942
0.0005231481481481486
-2.8240740740741227e-05
0.0017754629629629624
0.0018231481481481477
0.00020555555555555572
-0.0029893518518518515
-0.0020203703703703703
0.0021699074074074077
0.002476851851851852
0.002494907407407408
0.000985185185185185
0.004013888888888888
-0.0002615740740740735
0.00025601851851851805
0.0010375000000000004
-0.0006787037037037036
0.001972685185185185
-0.002741203703703704
0.0014402777777777775
0.0018421296296296298
0.0004986111111111111
0.00349537037037037
-0.001477314814814815
-0.003505092592592593
-0.0019143518518518513
0.0005921296296296294
-0.0005773148148148151
-0.0023601851851851848
0.0028467592592592594
-0.0005527777777777773
0.001369907407407407
-0.00034814814814814837
-0.0010837962962962956
0.0016162037037037035
0.0004337962962962968
-0.0013847222222222219
0.0028662037037037037
-0.0013458333333333336
0.0021134259259259257
0.00031759259259259235
-0.0012277777777777777
-0.0011578703703703712
0.0014782407407407407
-0.0013296296296296294
0.0012245370370370368
0.0004550925925925928
0.0013611111111111107
-0.000711574074074074
0.001925
0.0008435185185185184
0.0013018518518518516
0.0005351851851851851
-0.001546296296296296
0.0013652777777777778
-0.0037828703703703705
0.0007652777777777779
0.000906018518518519
-0.0008587962962962959
0.0002759259259259256
0.0021356481481481474
-0.0016546296296296294
-0.0014643518518518519
0.0004999999999999995
0.00021759259259259247
-0.003087962962962963
-0.0010379629629629625
-0.002583333333333334
0.0010912037037037036
0.0005611111111111111
-0.0006902777777777774
-0.0009768518518518518
-0.0003620370370370371
-0.0007810185185185189
0.0017277777777777777
0.0002629629629629626
-0.0004912037037037041
-0.00024166666666666672
0.0009587962962962963
-0.005115277777777777
-0.00467037037037037
-0.0014962962962962966
0.0024694444444444434
-0.00044907407407407445
0.0023305555555555553
0.0008069444444444444
0.0023430555555555557
0.0048472222222222215
-0.0017967592592592592
0.0002495370370370369
-0.0026444444444444445
-0.0026847222222222225
-0.003545833333333334
-0.00023703703703703677
1.0185185185184898e-05
-0.0021749999999999985
0.00011388888888888881
-0.0004685185185185181
-0.0034500000000000004
-0.0018601851851851854
-0.00020138888888888867
0.000762962962962963
0.0008282407407407407
-0.001509722222222222
0.0006120370370370359
-0.002381481481481481
-0.0006361111111111107
0.002373148148148148
0.0013421296296296297
-0.0019578703703703702
0.0019351851851851848
-0.0017240740740740734
-0.0013314814814814812
0.00026990740740740724
-0.00034351851851851834
0.0016569444444444444
0.004132870370370371
-0.0007703703703703705
2.731481481481534e-05
0.0005763888888888888
0.0028300925925925924
-0.0011041666666666663
-0.0010263888888888888
0.0007050925925925931
-0.00032314814814814776
-0.0013023148148148143
-0.002047685185185186
0.0020995370370370378
-0.0007398148148148142
-0.002336111111111111
-0.0038773148148148143
-0.0034004629629629628
0.0016314814814814814
0.0008319444444444443
-0.0016574074074074071
-0.001311111111111111
0.0020861111111111115
-0.002143518518518519
0.0014171296296296302
-0.0017837962962962968
0.0004458333333333333
0.0007624999999999995
-0.0007277777777777784
0.00044722222222222255
-0.005086574074074074
0.0005050925925925922
0.0025439814814814813
0.0006375
-0.00120462962962963
0.0010819444444444446
0.0017402777777777779
0.0012125
0.001969444444444444
-0.002562962962962963
0.0004046296296296298
0.00032546296296296235
-0.0009273148148148144
0.0013601851851851848
0.0026439814814814815
-0.00020185185185185274
-0.0014953703703703706
-0.0026148148148148146
0.0010495370370370368
-0.001444444444444445
-0.0017087962962962966
0.0006523148148148143
0.0004583333333333335
-0.0012203703703703701
-0.001931944444444445
-0.0010712962962962959
-0.0006430555555555557
-0.0020106481481481477
-0.0024986111111111116
0.002169444444444444
0.00014768518518518486
0.001433796296296296
0.0030416666666666656
-0.00026342592592592623
-0.0006907407407407402
0.00039351851851851863
-0.002025925925925926
0.002699537037037037
0.001721296296296296
-0.0012555555555555553
0.0018018518518518518
0.0029231481481481487
0.0006638888888888894
0.0016027777777777776
-0.0008675925925925927
-0.00047037037037037034
-0.0018777777777777777
0.00037407407407407447
0.0038268518518518517
0.0012263888888888884
-0.0009592592592592595
-0.0016787037037037033
0.0017842592592592593
-0.00022870370370370384
0.0008069444444444437
-0.003730092592592593
-0.003600462962962962
0.0014398148148148146
-0.00041018518518518525
-0.0009189814814814808
-0.0009490740740740738
-0.003231944444444444
-0.0006143518518518523
-0.0030333333333333328
-0.0006902777777777778
-0.002350925925925925
-8.333333333333186e-06
0.001418981481481482
0.0004768518518518515
-0.0007624999999999998
-0.0018625000000000004
0.0013467592592592585
0.00039166666666666695
-7.08333333333328e-05
-0.0007884259259259263
0.00020601851851851882
0.0012685185185185184
0.000676388888888889
-0.0009722222222222218
-0.001523148148148148
-0.002805555555555555
0.0007532407407407408
0.0006402777777777779
-0.0006893518518518517
0.00044351851851851865
-0.005920833333333334
-0.00011898148148148122
-0.0003518518518518519
-0.0020120370370370366
-0.0032652777777777775
-0.004268518518518518
0.0049671296296296295
0.0016708333333333336
0.0011337962962962953
0.0012749999999999997
-0.0002791666666666665
-0.0019194444444444443
-0.0018375000000000002
9.444444444444368e-05
-0.00022453703703703698
0.0029564814814814805
-0.0006893518518518527
0.0004944444444444437
0.0029240740740740737
0.004475462962962963
-0.002912037037037037
-0.0014708333333333335
0.00048472222222222227
0.0026856481481481484
-0.0005810185185185177
-0.002013425925925926
-0.002943518518518518
0.0017296296296296294
0.0015555555555555561
4.444444444444405e-05
-0.0012490740740740745
-0.00011944444444444452
0.0037865740740740746
-0.002141666666666667
0.0009129629629629626
1.8518518518518793e-05
-0.0031694444444444443
0.0008129629629629627
-0.0015379629629629628
3.65740740740739e-05
-0.0024749999999999998
0.002042592592592593
0.001097222222222222
-0.003909722222222222
-0.00025138888888888894
-6.296296296296322e-05
0.0007782407407407406
0.0011449074074074072
0.0024004629629629627
-0.0027476851851851855
-0.0015370370370370368
2.7777777777778125e-05
-0.0002046296296296292
0.003255555555555556
-0.00026620370370370383
-0.0022666666666666664
-0.002571296296296297
0.00011759259259259324
0.0005782407407407402
-0.0009189814814814818
-0.0022064814814814816
0.003599074074074074
-0.0006597222222222222
-0.002109259259259259
0.00012268518518518471
9.212962962962976e-05
0.0003847222222222225
0.0012726851851851853
-0.0016037037037037035
0.0019486111111111117
0.0018949074074074068
-0.0013990740740740743
0.00027824074074074085
0.0003944444444444447
0.0020995370370370365
0.0014624999999999998
0.0005337962962962961
0.0028388888888888886
0.002293981481481481
0.00227037037037037
0.00020092592592592582
-0.0026069444444444447
3.888888888888884e-05
-0.002259259259259259
0.0023263888888888887
0.0002893518518518525
-0.001304166666666666
0.004044907407407407
-0.0004750000000000001
4.3981481481482164e-05
0.0003939814814814817
-0.0005240740740740742
-0.0012180555555555553
0.003474074074074074
-0.0008902777777777779
-0.004965277777777778
-0.0026083333333333327
6.43518518518519e-05
3.240740740740705e-06
-0.0007578703703703701
-0.0009259259259259256
0.0011689814814814818
0.0017101851851851855
0.002123148148148148
0.0031074074074074077
0.0015990740740740742
-0.00031759259259259257
-0.0003629629629629631
-0.0012259259259259263
0.0001375
0.001527314814814815
-0.0031685185185185184
-0.00026111111111111105
-0.003723611111111111
0.0016805555555555556
-0.00205787037037037
-0.004517129629629629
0.00012453703703703642
-0.002357407407407408
-0.0012958333333333337
0.005542129629629629
-0.00048240740740740747
-0.0005537037037037036
-0.0010578703703703707
-0.0007944444444444435
-0.0016421296296296292
0.00047824074074074115
0.00032824074074074044
0.0014851851851851857
0.0013666666666666669
-0.0009703703703703705
0.0017865740740740739
0.0015055555555555556
0.005009259259259259
0.0027805555555555556
-0.002470833333333333
-0.0016245370370370372
0.00019074074074074067
-0.0017143518518518519
-0.0018055555555555557
0.0005333333333333331
0.00021388888888888881
0.006078703703703703
-0.0005500000000000004
-0.0009490740740740739
-0.0003810185185185187
-0.00045972222222222275
-0.00022777777777777808
0.0015481481481481483
0.0012439814814814818
0.00021620370370370367
-0.003540277777777778
0.0013375000000000001
0.0006023148148148147
0.00029537037037036994
-0.001406481481481481
0.0014171296296296297
-0.0010037037037037048
-0.004156018518518519
0.0005106481481481484
-0.0014583333333333336
0.0017861111111111105
0.00102824074074074
-0.0015273148148148147
-0.002675
0.0008467592592592591
0.0006643518518518518
0.0024555555555555554
-0.001781018518518519
0.002518518518518519
-0.00033796296296296276
0.002840740740740741
-0.0008148148148148153
-0.0011421296296296292
0.0011865740740740743
-0.004103240740740741
-0.0005124999999999996
0.0013435185185185186
0.0028365740740740743
0.001945370370370371
0.002853703703703704
0.0022902777777777774
-0.0029759259259259257
0.0016962962962962967
-0.0015208333333333326
-0.002501851851851852
0.0002680555555555559
-0.0016157407407407407
0.0014027777777777775
0.0003287037037037039
0.0026467592592592597
-0.001840277777777778
-0.0050254629629629625
0.0018513888888888885
0.004451851851851852
-0.0011962962962962962
0.0012939814814814812
-0.0037870370370370362
-0.0011259259259259258
0.0016805555555555556
-0.0018870370370370373
-0.0015967592592592591
-0.002483796296296296
-0.00010648148148148196
0.0029810185185185183
-0.0008865740740740742
0.002909259259259259
-0.002144444444444444
0.0013694444444444442
-0.0024833333333333335
1.1111111111111301e-05
0.0023027777777777777
-0.00043518518518518456
-0.0009879629629629628
-0.0022412037037037036
0.0017625000000000002
-0.0010393518518518514
0.0005273148148148144
0.0008393518518518515
-0.001015277777777777
0.0005254629629629631
-0.00014722222222222271
7.870370370370531e-06
-0.002511111111111111
0.0017842592592592593
0.0040648148148148145
-0.004126388888888889
0.0005541666666666669
0.003963425925925925
0.001175925925925926
-0.004201851851851852
0.0035421296296296294
-0.002194444444444444
-7.8703703703703e-05
-0.002627777777777777
-0.0015249999999999999
-0.0007689814814814814
0.0005986111111111107
-0.0012064814814814818
0.0009208333333333334
-0.002044907407407408
-0.0032939814814814815
-0.003575462962962963
0.0008995370370370368
0.002714814814814814
-0.0029453703703703708
0.0011236111111111117
-0.0016662037037037036
0.0018592592592592593
-5.833333333333372e-05
-0.0006550925925925926
-0.0031046296296296295
0.0004402777777777776
0.00011388888888888919
0.004249537037037037
0.0013726851851851847
-0.001411111111111111
0.0006912037037037034
0.00359074074074074
0.0011898148148148148
-0.0025319444444444443
-0.002727777777777778
0.0002578703703703702
0.00010833333333333348
-0.0006259259259259258
-0.00036111111111111093
-0.0016078703703703706
0.00021712962962962937
0.0035611111111111125
0.0017666666666666668
0.003539351851851852
-0.0007874999999999996
0.0010518518518518524
-0.0006870370370370373
0.002235185185185185
0.001977777777777778
-0.002987037037037037
-0.0021277777777777775
-0.00019490740740740729
0.0007467592592592593
0.0019504629629629635
0.00047777777777777765
-0.004082407407407407
-0.0002273148148148142
-0.0008833333333333336
6.1111111111111e-05
-0.002735185185185185
0.003522222222222222
-0.0011199074074074074
-0.0006763888888888888
-0.0012532407407407405
-0.0002777777777777788
-0.0006407407407407415
0.0012763888888888896
0.000460648148148148
4.2129629629630195e-05
0.0014768518518518522
-0.0030976851851851847
0.003659722222222222
-0.0023972222222222225
0.00326712962962963
-0.0002240740740740744
0.00036342592592592584
-0.00013425925925925978
-1.990740740740727e-05
-0.0005004629629629636
0.0025833333333333324
-0.0025268518518518526
0.0012374999999999995
0.0006634259259259261
0.00012962962962962922
-0.0021865740740740743
0.0011958333333333335
0.00026064814814814825
-0.0006921296296296296
0.00041527777777777803
-0.0017546296296296296
-0.001549537037037037
-0.0009495370370370369
0.002702314814814815
0.0010467592592592592
-0.0026625
0.0013425925925925927
0.0001453703703703698
0.0016583333333333337
-0.0010819444444444446
0.003456481481481481
0.0006009259259259261
0.0012046296296296295
-0.0009166666666666662
0.0029402777777777778
0.0003893518518518522
-0.0028606481481481478
0.0007527777777777778
-3.3333333333333e-05
3.9351851851851885e-05
0.0020662037037037038
0.0014685185185185185
-0.0010083333333333333
-0.0016541666666666664
0.0027333333333333337
-0.004070833333333333
-0.0011564814814814816
-0.001366203703703704
-0.0007310185185185179
0.0014773148148148148
-0.0014680555555555553
-0.001496296296296296
-0.00018240740740740736
-0.0016888888888888886
0.0025879629629629625
0.0024861111111111112
0.001109722222222222
0.0003300925925925932
0.0028171296296296286
-0.0008615740740740743
-0.002407407407407408
0.007559259259259259
-0.0014421296296296296
0.0012754629629629628
0.003175
-0.0035578703703703705
0.0011249999999999995
-0.002494907407407407
0.0006513888888888889
0.001477777777777778
-0.002766666666666667
-0.0005939814814814816
0.0012689814814814816
0.006038888888888889
-0.0020865740740740736
0.0009097222222222217
-0.00018194444444444497
0.0005490740740740743
-0.002350925925925926
-0.0005328703703703703
0.003435648148148148
-0.0011268518518518518
-0.00034907407407407364
-0.002482407407407408
-0.0010921296296296293
9.166666666666688e-05
-0.001031944444444445
0.0007023148148148141
0.0037884259259259256
0.001982407407407407
0.0009745370370370371
0.0002995370370370367
-0.00012175925925925959
-0.0004009259259259259
0.0014138888888888886
-0.0003032407407407412
-0.0008310185185185182
0.003193055555555556
-0.0006625
-0.0026222222222222224
-0.0006240740740740743
-0.0015328703703703704
-0.0006388888888888889
0.00025324074074074105
0.001673611111111111
0.003108796296296296
-0.003358333333333333
0.001656481481481481
-0.0007111111111111109
0.0018185185185185188
-0.00039212962962962964
0.000705555555555556
8.888888888888872e-05
0.0007662037037037031
0.0006486111111111109
0.0007337962962962962
0.0015277777777777779
-0.00115
0.0010685185185185181
0.002120833333333333
0.0010388888888888887
0.0036976851851851854
0.001235185185185186
-0.00024675925925925945
-0.0007740740740740743
-0.0009768518518518518
-0.005417129629629629
-0.00225324074074074
0.002439814814814815
-0.0009578703703703695
-0.001550925925925926
-0.0006731481481481483
0.00037638888888888894
-0.0006509259259259255
-0.0016888888888888889
-0.001094444444444445
0.0027120370370370367
-0.004946759259259259
-0.0013351851851851847
-0.0009518518518518515
-0.0009819444444444448
-0.0010518518518518513
-0.0007625
-3.7037037037040667e-06
-0.0012430555555555558
0.0005032407407407404
-0.0033912037037037044
-0.0005680555555555557
0.0005245370370370375
-0.0009282407407407405
-0.0010879629629629625
-0.00018240740740740736
-0.0011291666666666668
0.00023240740740740692
-3.9351851851851885e-05
-0.0013421296296296304
-5.2777777777778516e-05
-0.0006287037037037038
0.001354166666666666
-0.003401851851851852
-0.0030222222222222226
-0.0018509259259259258
-0.000613425925925926
-0.0006949074074074075
-0.0030393518518518512
-0.000772222222222222
-0.001179166666666667
0.001546296296296296
0.000588888888888889
-0.00015416666666666666
-0.0016763888888888883
0.0006226851851851853
-0.0028291666666666665
0.002902314814814814
-0.0012912037037037033
0.0016083333333333334
0.000829629629629629
-0.0014546296296296302
-0.00037962962962962945
-0.0011680555555555554
-0.000799074074074074
0.00023287037037037118
-0.001981944444444444
0.001165740740740741
-0.0014351851851851852
-0.0035967592592592596
-0.0009064814814814819
0.0016629629629629629
0.0006569444444444446
0.00042453703703703707
-0.0040999999999999995
-0.001312037037037037
-0.0010652777777777776
0.002618981481481482
-0.0012643518518518516
-4.49074074074076e-05
9.398148148148083e-05
-0.0007569444444444437
-8.611111111111113e-05
-0.0014583333333333336
-0.00292037037037037
0.002096296296296296
-0.0012231481481481477
0.001702777777777777
0.0003037037037037034
0.003644907407407408
-0.002175
4.953703703703723e-05
-5.8333333333334105e-05
0.0024291666666666663
0.0018467592592592587
-0.003077777777777777
0.0005648148148148143
-0.0010685185185185186
-0.0010259259259259258
0.002318981481481481
-0.0006458333333333329
0.0030490740740740734
-0.0002921296296296298
0.0008023148148148153
0.0019310185185185183
-0.0008643518518518518
0.0010300925925925933
0.0017967592592592594
-0.00205925925925926
-0.0004537037037037035
-0.0010555555555555557
-0.001909259259259259
-0.0007328703703703706
0.001234722222222222
0.0025166666666666666
-0.002275
-0.0016500000000000002
-0.0004268518518518515
-0.003339814814814815
0.0011092592592592588
-0.0002958333333333331
0.002678240740740741
-0.0013532407407407406
-0.0006675925925925925
0.001546296296296296
-0.002765740740740741
-0.000305092592592592
0.001114351851851852
-0.0012592592592592594
-0.00032361111111111143
-0.0024458333333333333
-0.0011874999999999995
0.0007018518518518522
-0.002578703703703704
-0.00018333333333333371
-0.0023407407407407405
0.0001393518518518522
0.0011888888888888884
-0.0031194444444444447
-0.0018837962962962955
0.0018175925925925924
0.0030958333333333337
-0.000915277777777778
-0.0018694444444444446
0.004803703703703703
-0.0005078703703703703
0.0023629629629629634
0.0032949074074074074
0.0001203703703703706
-0.0013245370370370366
0.0009745370370370367
-0.0011773148148148146
-0.001582407407407407
-0.0011273148148148143
-0.00038009259259259284
-0.0013208333333333331
0.00035555555555555584
0.0010796296296296294
0.0005236111111111112
7.731481481481494e-05
-0.0001013888888888889
0.00037962962962962945
0.0010347222222222218
0.0003722222222222221
0.0009296296296296295
-0.0017537037037037037
-6.898148148148108e-05
0.0015166666666666666
0.004763888888888889
