"Profitability (RMW) after publication, net of costs · sign-flip|0.0016578616352201255"
0.00023018867924528294
0.003232704402515724
0.003954716981132076
0.0008842767295597481
-0.003651572327044025
-0.00043018867924528417
-0.0017371069182389937
0.0007408805031446545
-0.0026352201257861634
-0.003849056603773584
0.0018729559748427674
-0.0020817610062893086
0.0023836477987421384
-0.0008163522012578618
0.0006641509433962262
0.0014528301886792456
-0.0014113207547169812
0.0015710691823899372
-0.0021056603773584905
0.0009962264150943398
0.0010792452830188683
-0.001158490566037736
-0.002650314465408805
0.00089937106918239
-0.00027169811320754725
0.00034465408805031455
0.003796226415094339
0.0010968553459119496
0.0019899371069182392
-0.0009320754716981131
-0.0016213836477987423
-0.0021283018867924524
-0.0011698113207547173
0.0012679245283018865
-0.0020150943396226415
-0.0004075471698113202
-0.002127044025157233
-0.0026037735849056606
0.0008691823899371065
0.0017308176100628934
-0.0009647798742138369
-2.012578616352198e-05
0.0015937106918238995
-5.660377358490554e-05
0.0010477987421383648
0.0017471698113207554
-0.0019836477987421382
-0.0015937106918238997
-0.002071698113207547
-0.00070188679245283
0.0003974842767295603
-0.0014817610062893077
-0.002968553459119497
-0.0017383647798742137
0.0011069182389937106
-0.00017987421383647826
-0.0027937106918238994
0.00010691823899371061
0.000187421383647799
-0.0006842767295597491
-0.0013220125786163521
0.002085534591194969
-0.001450314465408805
-0.0005132075471698114
0.0012742138364779875
0.00140754716981132
0.00047044025157232734
-0.0010075471698113207
-0.001589937106918239
-0.003216352201257862
0.001872955974842767
0.002215094339622642
-0.00020251572327044056
-0.005367295597484277
0.002576100628930818
0.003989937106918239
0.0004578616352201252
0.0008176100628930818
0.0019660377358490565
-3.1446540880503434e-05
-0.0013295597484276733
-0.0003031446540880501
-0.0011194968553459121
0.00019622641509433965
0.0032150943396226416
0.0016930817610062894
-0.0002213836477987421
0.003169811320754717
-0.002510691823899371
0.0006503144654088048
0.0014779874213836474
0.0009333333333333338
-0.0035308176100628933
-0.0010163522012578618
0.00020251572327043994
0.0011685534591194967
0.00030062893081760983
-0.0022830188679245278
-0.0012440251572327042
-0.0005949685534591197
0.0009974842767295601
-0.0039522012578616355
-0.0005283018867924531
-0.0012037735849056606
-0.000537106918238994
-0.0003144654088050314
-0.0033308176100628937
0.0013031446540880502
-0.0005622641509433963
0.000782389937106918
0.00017987421383647826
0.002757232704402516
0.0024415094339622643
-0.0002943396226415094
-0.002479245283018868
-0.00023522012578616416
-0.00012327044025157237
0.00180125786163522
-0.002037735849056604
0.00045408805031446576
0.003308176100628931
-0.0015207547169811327
-0.0005459119496855345
-0.0005509433962264152
-0.0008012578616352193
-0.0024440251572327046
0.0018591194968553457
0.0003320754716981134
-0.0028276729559748434
0.0015320754716981139
0.0017056603773584905
-0.00289685534591195
-0.0016176100628930816
0.0022377358490566043
-0.002389937106918239
0.0016905660377358493
0.0015421383647798745
0.0020025157232704412
-0.0030930817610062894
-0.0009333333333333335
-0.000959748427672956
0.0014930817610062893
-0.0007496855345911949
0.00044905660377358476
0.0025798742138364783
-0.0002754716981132078
-0.0007836477987421379
-0.0004842767295597488
0.0008981132075471704
0.001641509433962264
0.0003861635220125787
-0.001589937106918239
2.515723270440245e-05
-0.00029433962264150895
0.0026792452830188677
-0.00013081761006289338
0.0008012578616352199
-0.0023044025157232706
-0.0012037735849056606
-0.00129685534591195
0.00348427672955975
0.0018540880503144657
0.002837735849056604
-0.00016477987421383632
0.0007509433962264152
0.003538364779874214
0.0005547169811320753
0.001247798742138365
-0.0021949685534591195
-0.0009257861635220126
0.0012037735849056608
-0.0016427672955974843
-0.0014000000000000002
-0.0020138364779874215
0.0018490566037735851
0.0014100628930817608
-0.0011911949685534595
0.0022113207547169817
0.0017320754716981133
0.002174842767295598
0.004361006289308175
0.0009748427672955977
-0.0009647798742138369
-0.00010817610062893077
0.0006654088050314463
-4.276729559748423e-05
0.001567295597484277
-0.00017106918238993712
2.6415094339622526e-05
0.004033962264150944
-0.000978616352201258
0.003339622641509435
0.0002540880503144653
-0.0020729559748427673
-0.001750943396226415
0.0013270440251572323
0.001952201257861635
-0.0006767295597484279
0.0012742138364779875
-0.000587421383647799
0.0005056603773584907
-0.004225157232704402
-0.0012943396226415098
0.0003496855345911946
-0.0018314465408805036
-0.0018716981132075466
-0.0022025157232704396
0.0036805031446540877
-0.0006477987421383645
0.0010754716981132074
0.0011333333333333334
0.00279119496855346
0.00030943396226415005
0.0002452830188679252
-0.0026993710691823906
0.005582389937106918
-0.0010427672955974849
-0.003168553459119497
-0.003567295597484277
-0.0008364779874213836
0.0026729559748427676
0.0011358490566037733
0.0009119496855345914
0.0005962264150943394
-0.0014591194968553458
-0.0020125786163522016
-0.001412578616352201
-0.0029182389937106915
0.0011069182389937112
0.0006276729559748425
0.003963522012578617
-0.0009849056603773582
0.00022641509433962302
-0.0001320754716981134
0.0012817610062893085
0.0008540880503144659
-0.0015685534591194966
-6.792452830188681e-05
0.0015559748427672955
8.427672955974892e-05
0.0006754716981132073
0.0020981132075471695
-0.0023836477987421384
-0.0030805031446540887
0.0011031446540880506
-0.0014792452830188687
-0.0009748427672955975
0.0009383647798742138
-0.0002591194968553459
0.002530817610062893
-0.0022452830188679244
0.0015811320754716978
0.0007559748427672955
-0.0013635220125786166
0.00033710691823899455
0.003446540880503144
-0.0028654088050314467
-0.0026842767295597483
0.0005459119496855345
0.0006679245283018866
0.0033006289308176113
0.0004566037735849058
-0.0018415094339622646
-0.00019245283018867927
0.0007106918238993711
-0.00013207547169811308
-0.0026792452830188677
-0.002846540880503144
-0.0015446540880503143
0.002922012578616352
0.0007220125786163522
0.001744654088050315
4.4025157232704876e-05
-0.0031069182389937104
-0.002158490566037736
0.0034213836477987422
-0.001072955974842768
0.0030075471698113206
0.0031911949685534597
-0.0012452830188679248
-0.00026918238993710666
-0.001027672955974843
0.002647798742138365
0.0012163522012578617
0.0015044025157232713
0.00033459119496855337
0.00012327044025157202
0.0001761006289308177
0.003118238993710692
0.0001270440251572325
0.0011509433962264152
-0.004113207547169812
-0.001116981132075472
-0.00039245283018867974
-0.0008201257861635221
0.0015949685534591195
-0.0034729559748427675
-0.0001937106918239002
-0.0021471698113207545
0.0006339622641509441
0.0011660377358490568
0.0019182389937106915
-0.003172327044025157
0.0014465408805031446
-0.0013295597484276724
0.004833962264150941
0.00079748427672956
0.0015735849056603775
0.004071698113207548
-0.0014314465408805032
0.0044213836477987436
-0.0025333333333333328
0.0026150943396226417
0.0006943396226415095
8.427672955974874e-05
0.0010389937106918244
0.0001308176100628928
-0.0018880503144654088
-0.0009962264150943398
0.0034377358490566036
-0.0008213836477987421
0.00023396226415094354
0.0004867924528301891
-0.00026037735849056547
0.0008264150943396225
0.0019459119496855353
0.0009886792452830186
-0.0018993710691823896
0.002979874213836477
0.00020880503144654093
0.0036968553459119503
0.0006012578616352205
0.0005119496855345907
-0.0015584905660377356
-0.001508176100628931
-0.0012830188679245284
0.0008050314465408807
-0.0005597484276729559
-0.000788679245283019
0.0023886792452830195
0.0009383647798742144
-0.0006654088050314467
3.144654088050317e-05
-0.0026150943396226417
-0.001030188679245283
-0.0020201257861635217
0.0005371069182389936
-0.002925786163522013
0.0022377358490566035
0.000628930817610063
-0.0009886792452830184
0.004128301886792454
-0.002758490566037736
-0.0011044025157232705
0.00023773584905660387
0.0007735849056603772
-0.0006893081761006291
-0.0008062893081761008
0.000359748427672956
-0.001538364779874214
0.0006364779874213836
0.0002490566037735849
-0.0007220125786163518
0.001627672955974843
0.0029635220125786167
0.0006591194968553464
-0.001964779874213836
-0.002777358490566038
0.0022402515723270447
0.0012477987421383651
-0.0008716981132075468
0.0007245283018867925
0.0006930817610062892
-0.0006327044025157227
0.0006440251572327044
-0.0009949685534591196
0.0003811320754716982
0.0015182389937106917
-0.0007207547169811323
-0.0021559748427672954
0.0030452830188679243
0.004054088050314466
0.0005471698113207545
-0.002989937106918239
0.00030062893081761005
0.0023371069182389933
0.0005899371069182388
0.006532075471698112
-0.00035849056603773545
-0.0012226415094339627
0.004098113207547169
-0.0012654088050314469
-0.002827672955974843
0.0016440251572327042
0.003274213836477987
-0.00189182389937107
-0.000489308176100629
-0.0025006289308176105
-0.0004025157232704401
4.779874213836484e-05
0.0002578616352201255
-0.000826415094339623
0.004291823899371069
0.0029433962264150946
0.002238993710691824
0.0009987421383647803
0.0027522012578616354
-0.0002490566037735841
0.00046415094339622624
0.00140251572327044
0.0016327044025157237
0.0028515723270440252
-7.547169811320622e-06
-0.002386163522012579
0.002460377358490566
0.0012176100628930816
0.0012075471698113208
-0.0008352201257861634
-0.001270440251572327
-0.0013119496855345913
-0.0013433962264150947
0.00013962264150943395
0.001774842767295598
-0.0008289308176100631
0.0003698113207547171
0.001986163522012579
-0.00039874213836477976
-0.0011937106918238991
0.0024993710691823896
-0.0016578616352201257
0.0002742138364779876
-0.002513207547169811
0.0006654088050314472
-0.0006327044025157231
-0.0015194968553459121
-0.0007207547169811319
-0.0028591194968553457
0.00028930817610062936
-0.0015647798742138362
-0.0011987421383647797
0.0023723270440251577
0.001220125786163522
-0.0010264150943396228
-0.0023547169811320755
-0.0024176100628930824
-0.006028930817610062
-0.0022440251572327053
-0.00140251572327044
0.00015220125786163534
0.0016880503144654083
0.001281761006289308
-0.0020339622641509436
-0.0007635220125786161
0.002158490566037736
0.0026364779874213837
0.0008993710691823905
0.00100125786163522
-0.0035761006289308176
0.0027119496855345913
0.0019559748427672953
-0.002563522012578617
-0.001908176100628931
-0.0017698113207547169
-0.00025031446540880515
0.000986163522012579
0.002269182389937107
0.004226415094339622
0.0004125786163522016
-0.002618867924528302
0.0009685534591194972
0.0019911949685534596
-0.0025371069182389934
0.0014037735849056607
0.003411320754716981
0.0025119496855345916
0.00013333333333333348
0.001466666666666667
0.0008628930817610058
-0.002689308176100629
0.0013094339622641512
-0.0028842767295597484
-0.002166037735849057
-0.0007069182389937112
0.0005245283018867926
0.0005647798742138367
0.000548427672955975
-0.0006918238993710689
-0.0009245283018867922
-0.000552201257861635
0.001270440251572327
0.0015144654088050313
-0.00022138364779874161
0.0023081761006289313
-0.0012515723270440252
0.0017723270440251572
-0.0015559748427672957
-0.002564779874213837
-0.0009559748427672954
-0.000807547169811321
0.004977358490566038
-0.0018176100628930828
-0.0033245283018867927
-0.002768553459119497
0.0006503144654088044
0.0003232704402515718
0.0031836477987421384
-0.0018176100628930817
-0.0017660377358490569
0.003895597484276729
0.003954716981132076
-0.0007522012578616351
-0.0012352201257861642
0.0010943396226415093
-0.00046415094339622646
-0.0032276729559748427
-0.0014377358490566038
-0.002983647798742138
-0.003637735849056604
0.00041886792452830164
0.0010427672955974846
-7.672955974842795e-05
-0.00023144654088050245
8.930817610062922e-05
-0.0021459119496855346
-0.001340880503144654
-0.0026943396226415096
-0.00030566037735849083
-0.0004427672955974843
0.0031723270440251576
0.00017861635220125827
-0.0006427672955974847
-0.0013031446540880502
-0.0001484276729559749
4.654088050314511e-05
-0.0005811320754716977
-0.00043018867924528314
-0.0001320754716981128
-0.0006955974842767295
0.003327044025157233
4.779874213836484e-05
0.00039748427672956003
0.0037220125786163512
-0.0019182389937106921
-0.00180503144654088
0.0007584905660377361
-0.00015345911949685539
-0.002286792452830189
-0.003091823899371069
-0.0016628930817610065
-0.0009232704402515721
-0.0030163522012578614
-0.0018591194968553457
0.004638993710691823
-0.0013496855345911953
0.003528301886792453
-0.0004955974842767294
0.0007698113207547166
-0.0009144654088050309
0.0020465408805031443
0.00020000000000000023
0.0007220125786163521
0.0023647798742138368
0.0007547169811320758
0.0010113207547169812
-0.0014402515723270443
0.0022968553459119497
0.0013698113207547171
-0.0006465408805031447
0.0007283018867924524
-0.00021761006289308172
-0.001816352201257862
-0.000831446540880503
0.00046540880503144705
-0.00039371069182389946
-0.00048301886792452835
0.00014088050314465394
-0.0008452830188679246
0.0013962264150943389
0.0019006289308176102
-0.0004427672955974843
0.0003610062893081763
0.0015333333333333338
-0.0012855345911949683
-0.0016389937106918242
0.002777358490566038
0.00229937106918239
0.003444025157232705
-0.0016641509433962267
0.0009044025157232708
-0.0007194968553459119
-2.1383647798742577e-05
-0.00010691823899371026
-0.0022188679245283014
0.0010943396226415101
-0.0032301886792452834
0.003133333333333334
0.0007094339622641509
0.00047547169811320775
-0.001739622641509434
0.003096855345911949
-0.0011257861635220125
-0.0010704402515723276
-0.00034968553459119545
-0.0021371069182389937
-0.001906918238993711
-0.00150188679245283
0.0005081761006289307
0.0003635220125786161
0.0014968553459119493
-0.0009496855345911944
0.0030289308176100634
0.0002943396226415092
-0.0008591194968553461
-0.0016352201257861642
0.0011861635220125786
0.0004742138364779873
-0.0002930817610062898
-0.001008805031446541
-0.00019748427672955992
-0.0014716981132075473
-0.0022591194968553455
-0.00024402515723270438
0.0018314465408805025
-0.0030088050314465414
0.0013383647798742137
0.0012792452830188681
0.0004955974842767295
0.0008779874213836481
-0.0014113207547169807
-0.0006880503144654085
-0.0016490566037735853
-0.0013320754716981136
-0.00019622641509433992
-0.003768553459119497
0.0014855345911949688
0.002846540880503144
0.00020377358490566064
0.000208805031446541
-0.002318238993710692
0.0010490566037735845
0.0023647798742138368
0.0018000000000000002
0.003457861635220126
-0.0017974842767295594
-0.0015786163522012583
-0.0004276729559748428
0.00039874213836477976
0.0005735849056603778
-0.004377358490566037
0.003535849056603774
-0.002061635220125786
0.0012352201257861634
0.0023962264150943395
0.0024037735849056605
0.0013320754716981131
0.001646540880503145
-0.0035647798742138364
0.0025484276729559755
-0.0022012578616352205
-0.002064150943396226
0.0010314465408805041
-0.00039999999999999975
-0.0004603773584905663
0.0003735849056603775
-3.8993710691823795e-05
0.0005597484276729564
-0.0003522012578616357
-0.0007207547169811324
-0.0020037735849056607
5.6603773584905884e-05
-0.0010679245283018869
-0.000715723270440252
0.0011685534591194967
0.0014188679245283019
-0.0008993710691823899
0.003261635220125786
-0.00032327044025157214
-0.0004226415094339625
-0.0018251572327044026
-0.0014264150943396235
-0.00031446540880503116
-0.0005509433962264153
0.0010591194968553458
0.0018465408805031453
-0.002489308176100629
-0.0027798742138364775
0.0007220125786163516
-0.0003408805031446537
0.0009471698113207549
-0.003505660377358491
0.0035446540880503144
0.0002515723270440249
0.00380503144654088
-0.00042389937106918275
0.0005383647798742139
-0.0003257861635220123
-0.00026037735849056607
-0.0010666666666666665
-0.0004905660377358488
-0.0017245283018867924
-0.002408805031446541
-0.002066666666666666
-0.0009672955974842763
-0.0014553459119496855
0.0033383647798742133
0.002778616352201258
-0.0032805031446540883
-0.0020402515723270437
0.00025408805031446535
-0.0003635220125786167
-0.0012276729559748422
-0.0014415094339622642
0.0013509433962264152
-0.0012452830188679242
-7.798742138364777e-05
0.0006289308176100625
-0.0005333333333333328
0.002913207547169812
-0.0012855345911949683
-0.0029383647798742144
0.0003773584905660376
-0.000743396226415094
-0.005159748427672957
0.0040616352201257875
-0.0013333333333333335
0.001421383647798742
-0.003028930817610063
0.0017874213836477995
0.0011031446540880503
0.0035396226415094346
-0.0005358490566037733
-0.00035471698113207514
0.00048679245283018903
0.0020339622641509436
6.666666666666674e-05
-0.0035006289308176105
-0.002338364779874214
-6.0377358490566024e-05
0.0021006289308176103
0.0004515723270440258
-0.0022817610062893083
0.001228930817610063
0.00022264150943396237
-0.0019522012578616352
-0.003150943396226415
-0.0016691823899371075
-0.001342138364779874
-0.0006754716981132077
-0.0009421383647798734
0.0003849056603773587
0.0018742138364779878
-0.0007006289308176099
0.002449056603773585
0.0007459119496855347
-0.003480503144654088
-0.00037861635220125684
-0.0022918238993710695
-0.0009798742138364782
5.283018867924549e-05
-0.0009572327044025157
-0.0013081761006289306
0.0015874213836477985
-0.0008276729559748429
-0.002211320754716981
-0.003271698113207547
-0.0008314465408805034
3.144654088050308e-05
0.0001345911949685538
-0.0016226415094339626
0.003378616352201258
-0.001232704402515723
0.002109433962264151
-0.0003823899371069182
-0.004818867924528302
0.0010490566037735848
-0.0012603773584905658
-0.004143396226415095
0.0016138364779874218
-0.00010314465408805012
-0.0019937106918239
-0.0007974842767295599
0.002322012578616352
0.0010792452830188685
-0.0022050314465408803
-0.001184905660377358
0.0001044025157232702
0.0006817610062893081
0.0005911949685534591
-6.66666666666663e-05
0.0006251572327044026
0.00038616352201257896
-0.0006452830188679238
0.000640251572327044
0.0012955974842767297
0.00040628930817610085
0.00013710691823899405
0.0003446540880503144
-0.0005257861635220128
-0.00036352201257861645
0.0009635220125786165
-0.00019748427672956035
0.002116981132075472
-0.004159748427672955
-0.0026289308176100632
0.0011308176100628925
0.000632704402515724
0.0005509433962264155
-0.0023748427672955976
9.182389937106902e-05
0.00032327044025157235
-0.0037849056603773586
-0.0031723270440251576
-0.0008591194968553466
-0.003173584905660377
0.0026226415094339627
0.0003962264150943393
0.0007245283018867923
0.0003459119496855346
0.001509433962264151
-0.0010855345911949684
-0.0010955974842767296
-0.0038603773584905653
-0.004554716981132076
-0.0014955974842767294
5.031446540880385e-06
-0.00017106918238993712
-0.0004981132075471697
0.000968553459119497
0.0017069182389937104
-0.0007962264150943399
-0.0025283018867924526
-0.0003823899371069182
-0.002915723270440251
0.0017484276729559747
-0.0008893081761006288
-0.0021572327044025157
-8.0503144654088e-05
0.002660377358490566
-0.0014163522012578614
-0.0015836477987421385
0.0014150943396226414
0.00025157232704402493
0.0042452830188679245
-0.0016251572327044034
-0.002654088050314465
-0.0002465408805031448
-0.0015899371069182388
0.0019295597484276733
-0.0027547169811320757
-0.002724528301886793
0.000890566037735849
-0.0010893081761006293
-0.0005471698113207548
0.0028352201257861634
-0.004457861635220125
0.0015333333333333334
-2.5157232704399746e-06
-0.0004553459119496858
0.0009823899371069185
-0.0005018867924528298
0.00031194968553459155
0.001178616352201258
0.0005257861635220125
0.0031471698113207545
-0.0012553459119496854
0.0007157232704402515
-0.0018767295597484277
-0.0003094339622641511
0.002651572327044025
0.00042641509433962214
-0.0015459119496855347
0.00040000000000000045
-0.0009295597484276728
-0.0001496855345911949
0.002622641509433963
-0.0011333333333333334
0.0027308176100628934
-0.0011169811320754714
0.0007597484276729561
0.0032100628930817614
-0.0025220125786163524
-0.0002477987421383649
-0.0016918238993710686
-0.00012452830188679253
-0.0006377358490566038
-0.0009559748427672958
0.0024830188679245287
-0.001104402515723271
0.0019861635220125786
-0.000509433962264151
0.0015044025157232705
0.00031320754716981106
-0.0003283018867924529
0.002788679245283019
-0.0011018867924528304
0.0016603773584905662
-0.0020264150943396226
-0.0010867924528301888
-0.0003182389937106921
0.0025735849056603773
0.0017169811320754719
-0.0007622641509433963
-4.276729559748393e-05
0.0018201257861635216
-0.003358490566037736
-0.0010805031446540882
-0.0037194968553459122
0.0007584905660377363
-0.0010327044025157236
-0.00025283018867924546
-0.0017698113207547175
-0.0004654088050314466
0.0018540880503144657
0.0008050314465408805
0.0015647798742138366
-0.00043522012578616376
0.0005899371069182392
-0.003725786163522013
0.001938364779874214
0.002832704402515724
0.000986163522012579
0.000548427672955975
0.0014716981132075475
7.295597484276746e-05
0.0011345911949685536
-0.00017735849056603776
-0.0012327044025157237
0.00032578616352201207
0.0006792452830188683
0.0025371069182389934
3.522012578616379e-05
0.0005610062893081759
-0.003616352201257862
-0.0005924528301886791
0.000874213836477987
0.0015761006289308182
-0.0007660377358490565
-0.0020704402515723266
0.001743396226415094
0.001013836477987421
4.654088050314503e-05
0.0021798742138364772
-0.0015610062893081764
0.0032691823899371063
-0.0006918238993710688
-0.0038301886792452837
-6.163522012578604e-05
0.0008830188679245284
0.0006503144654088053
0.00041383647798742205
0.0013069182389937105
1.006289308176077e-05
0.0010176100628930822
-0.0024415094339622643
-0.0017471698113207543
-0.0033685534591194975
-0.0016427672955974843
0.002471698113207547
0.004320754716981132
-0.001538364779874214
-0.0016377358490566039
-0.000618867924528302
0.0020050314465408802
-0.0022440251572327045
0.000715723270440252
0.0018968553459119495
-0.0010389937106918244
0.0010981132075471697
0.0001622641509433965
-0.001872955974842768
-0.0009509433962264151
0.0036226415094339627
-0.0012452830188679237
0.0015597484276729564
0.0037937106918238986
-0.003958490566037736
-0.0008427672955974845
-3.3962264150942884e-05
-0.0002364779874213831
0.0002691823899371071
-0.003675471698113208
-2.264150943396217e-05
0.0002867924528301889
-0.003723270440251573
-0.0019333333333333338
0.0023094339622641512
-0.00022893081761006352
-0.0032440251572327045
0.0014427672955974846
0.004615094339622642
-0.001737106918238993
0.002306918238993711
0.001757232704402516
0.0024251572327044025
-0.00037861635220125755
-5.5345911949685377e-05
0.0018415094339622642
-0.0023018867924528303
0.000865408805031446
-0.0006226415094339618
-0.002896855345911949
-0.001529559748427672
0.0014490566037735852
0.0024050314465408804
0.0021069182389937104
-0.002056603773584906
-0.0004377358490566035
-0.0014666666666666667
0.001035220125786163
-0.00014968553459119533
-0.0029572327044025152
0.0022314465408805034
-0.0016578616352201261
-0.0032050314465408808
0.0006339622641509433
-0.0011345911949685542
0.0002817610062893084
0.0011798742138364785
0.0026842767295597487
0.0013194968553459125
0.002807547169811321
0.0032415094339622638
-0.0012427672955974839
0.002166037735849057
0.002739622641509434
0.00034716981132075454
0.0002968553459119498
-0.002345911949685534
-0.0006867924528301885
0.003988679245283018
-0.0007371069182389939
-0.0006364779874213839
-0.0009559748427672959
-0.0010000000000000002
0.00014842767295597447
-0.0010981132075471697
0.0011459119496855345
0.0008213836477987417
-0.0003245283018867924
0.0019496855345911954
-0.000537106918238994
0.0015270440251572326
-0.0006578616352201258
0.00012830188679245318
0.0009270440251572332
-1.2578616352201008e-05
-0.0033672955974842775
0.004230188679245283
-0.0015345911949685535
-0.0017132075471698108
-0.00046918238993710724
-0.00010691823899371111
-0.002465408805031446
0.002793710691823899
0.001162264150943396
-0.0011798742138364783
-0.0005987421383647797
0.0018213836477987424
0.00032075471698113226
0.000671698113207547
-0.0015735849056603775
0.0003886792452830191
-0.0014389937106918241
-0.00028805031446540866
0.001779874213836477
0.0016188679245283024
0.002845283018867924
0.00014339622641509434
0.0014352201257861635
-0.0024578616352201256
0.0035069182389937115
0.0022654088050314465
0.0016238993710691824
0.0015987421383647804
-0.0013081761006289306
-0.0015270440251572326
0.00010817610062893112
-0.001106918238993711
-0.002374842767295597
-0.002387421383647799
-0.0012062893081761
0.00021006289308176125
-0.0009773584905660374
0.00041635220125786187
-0.0014289308176100633
0.0010301886792452833
0.0006603773584905658
0.0018754716981132077
-0.0022729559748427665
0.002612578616352201
0.002494339622641509
0.0014465408805031444
-0.000989937106918239
3.647798742138345e-05
-0.001622641509433962
-0.0012779874213836484
-0.004566037735849056
0.0009144654088050314
0.00149685534591195
0.00169559748427673
0.0018842767295597486
0.0017786163522012582
-0.0044817610062893075
-0.0006893081761006288
-0.00025283018867924546
0.00044150943396226416
-0.003272955974842768
-0.001953459119496856
-0.0004452830188679242
-0.0021220125786163523
0.003758490566037737
-0.0018301886792452832
0.0018792452830188684
-0.0018591194968553457
0.001386163522012579
-0.002159748427672956
0.0007874213836477986
0.0027396226415094343
0.002018867924528302
-0.001886792452830189
-0.001023899371069182
-0.0029446540880503145
0.0006176100628930819
-0.0007874213836477988
-7.547169811320766e-05
-0.00220125786163522
-0.0015685534591194966
-0.002405031446540881
0.00299622641509434
0.0010880503144654091
0.003957232704402516
-0.0018465408805031435
-0.0026716981132075476
0.0011685534591194978
0.0011584905660377354
0.0007232704402515723
-0.0022893081761006283
-0.0001836477987421383
0.0035194968553459126
-0.0001006289308176105
-0.003686792452830188
0.0027635220125786166
-0.0019421383647798746
0.0019911949685534596
-0.003862893081761007
-0.0044238993710691826
0.004543396226415094
-0.0007522012578616354
0.00046666666666666623
0.0007484276729559748
0.0017962264150943397
-0.0004955974842767294
0.0014201257861635216
-6.037735849056611e-05
-0.00018113207547169834
-0.0009018867924528297
0.0012691823899371076
0.00042515723270440263
-0.00209685534591195
0.0011396226415094342
0.0003396226415094341
-0.0012955974842767297
0.0037194968553459122
0.0034050314465408813
-0.0019886792452830193
-0.004602515723270441
-0.0003547169811320756
0.001169811320754717
0.0013584905660377366
0.001972327044025157
-0.0008666666666666667
-0.000974842767295598
0.001471698113207547
0.0014628930817610064
0.0001597484276729561
-0.0012943396226415098
-0.0008050314465408805
-0.0013459119496855342
0.0004289308176100625
-0.00010691823899371052
-0.0007874213836477986
-0.0007672955974842771
0.0010603773584905662
-0.0038704402515723282
-0.0018792452830188684
-0.0010591194968553458
-0.002119496855345912
-0.0026163522012578617
-0.0029509433962264155
0.0015106918238993712
-0.0004880503144654096
0.000710691823899371
-0.001289308176100629
0.00027547169811320766
0.0016742138364779873
0.001518238993710692
-0.0009157232704402519
-0.0028012578616352203
-0.0007773584905660379
0.0015886792452830191
-0.00047044025157232707
0.00017987421383647842
0.00015345911949685503
0.0003257861635220125
-0.0038088050314465417
-2.1383647798742577e-05
-0.0031484276729559753
0.0012867924528301884
0.0007823899371069183
-0.0011886792452830192
-0.0004553459119496862
-0.0015823899371069186
0.0014138364779874213
-0.0019647798742138366
0.0026264150943396225
-0.0007069182389937111
0.00043396226415094307
0.0017132075471698114
0.0011559748427672956
0.0020540880503144656
0.0002628930817610063
-0.002534591194968553
-4.025157232704326e-05
0.0020213836477987416
0.002854088050314465
-4.025157232704378e-05
0.0036641509433962263
0.0016377358490566036
-0.0022716981132075474
0.0008943396226415091
-1.2578616352198126e-06
0.0028792452830188682
0.0016150943396226417
-0.002816352201257862
0.001982389937106918
-0.0010742138364779876
-3.018867924528279e-05
0.0033924528301886793
-0.0011723270440251574
-0.0010264150943396226
-0.0014188679245283017
0.0042993710691823905
-0.001989937106918239
-0.0008805031446540883
0.0005433962264150944
-0.002533333333333333
0.002168553459119496
0.00042767295597484256
0.0021383647798742136
-0.003070440251572327
-0.0006591194968553456
0.0005987421383647799
-0.0011698113207547168
0.0018125786163522013
-0.0011220125786163522
-0.0016176100628930814
0.0016993710691823895
-0.0021886792452830185
-0.0011647798742138366
0.0031974842767295607
-6.666666666666666e-05
-0.0016666666666666679
-0.001748427672955975
0.0002930817610062892
-0.0032176100628930806
0.0013849056603773586
0.00011949685534591158
0.0021811320754716976
0.003914465408805032
0.001244025157232705
-0.0003283018867924529
0.00039999999999999975
0.005672955974842767
-0.004772327044025158
-0.0003270440251572328
0.0007572327044025159
-0.0042578616352201264
0.0009547169811320757
0.00028553459119496846
-0.0011069182389937106
0.00010062893081761041
-0.0022817610062893083
0.0002188679245283018
-0.00020377358490566045
-0.0024088050314465402
0.0009748427672955977
0.0005094339622641511
0.0011169811320754716
0.0010591194968553456
-0.0014452830188679245
0.00014213836477987402
-0.00012704402515723303
-0.004699371069182389
0.0018163522012578613
-0.0023106918238993716
-0.00046163522012578604
-0.003431446540880503
-0.0016779874213836477
-0.00229937106918239
0.00016226415094339625
0.00014591194968553462
0.00015345911949685539
-0.00299245283018868
0.004518238993710692
0.0023635220125786172
0.00180125786163522
0.0005547169811320757
0.0016704402515723275
0.003982389937106918
0.0022062893081761007
-0.0011207547169811319
0.0010616352201257859
0.002714465408805031
-0.00036981132075471673
-0.00032327044025157235
0.002606289308176101
0.0003861635220125787
-0.0009358490566037735
-0.0014276729559748427
-0.002230188679245283
0.0019924528301886795
0.0019773584905660377
0.0013320754716981136
-0.0023371069182389938
-0.003572327044025157
-0.00259245283018868
0.0013949685534591196
0.0009433962264150941
-0.00018993710691823885
0.00032201257861635263
0.0008968553459119494
-0.00023647798742138345
0.002139622641509434
-0.0013207547169811322
8.176100628930789e-05
0.000359748427672956
-5.157232704402493e-05
0.0030880503144654096
-0.0016389937106918242
-0.0005144654088050324
-0.00169811320754717
0.0006578616352201257
0.0009672955974842766
-0.0004654088050314466
0.0004327044025157233
-0.0014893081761006297
-0.005955974842767296
-0.0029144654088050317
0.0016641509433962267
0.0008176100628930818
-0.002452830188679246
-0.00100377358490566
0.0001534591194968552
5.534591194968557e-05
-0.0008578616352201259
0.0003144654088050314
0.0009723270440251572
0.0038113207547169816
0.000522012578616352
0.0020855345911949684
1.8867924528302515e-05
0.0015647798742138364
-0.002057861635220126
0.002690566037735849
-0.0004754716981132072
0.0012943396226415096
0.0004893081761006295
0.0026566037735849058
-0.0019672955974842764
-7.547169811321145e-06
-0.0015383647798742133
0.0004025157232704396
0.002441509433962264
-0.0039786163522012585
0.0009132075471698116
-0.001889308176100629
0.0031496855345911953
-0.002249056603773585
-0.002984905660377358
7.421383647798788e-05
0.00060503144654088
-0.0009069182389937106
0.0012943396226415094
0.0017106918238993715
-0.0011496855345911948
0.0012163522012578615
0.0009974842767295597
-0.0008679245283018867
-0.0005094339622641511
-0.0012779874213836473
-0.0022125786163522017
0.0008729559748427673
-0.00048050314465408793
0.0025358490566037735
0.002353459119496855
0.0010113207547169814
-0.0010503144654088056
-0.0025207547169811316
-0.0004654088050314465
-0.000269182389937107
-0.0012805031446540876
-0.0010113207547169814
-0.0003006289308176101
0.0012616352201257858
-0.0011861635220125788
-0.0018389937106918239
-0.002523270440251573
0.001771069182389938
0.0012238993710691824
-0.0003874213836477994
-1.257861635220092e-05
-0.0027622641509433966
-0.0004415094339622637
-0.0010176100628930818
-0.0002792452830188682
0.002176100628930818
-0.0012553459119496854
-0.00041509433962264155
-0.002391194968553459
0.0024113207547169814
0.0012012578616352205
-0.0028100628930817616
8.805031446540958e-06
0.000922012578616352
0.0017823899371069182
6.666666666666718e-05
0.0014301886792452833
-0.0009207547169811316
0.0010855345911949693
-0.00019371069182389937
-0.00014213836477987375
-0.0002540880503144652
-0.0014364779874213834
0.0017773584905660378
5.911949685534586e-05
-0.0006402515723270444
-0.0018679245283018868
-0.0009471698113207549
0.0013295597484276733
-0.000520754716981132
-0.0009006289308176098
-0.0013446540880503147
-0.002742138364779875
-0.0007937106918238996
-0.0017823899371069184
-0.0033522012578616352
0.0015069182389937108
0.0022075471698113206
-3.396226415094374e-05
0.00259496855345912
-0.0013496855345911947
0.003402515723270441
-0.0003698113207547171
-0.0008025157232704402
0.0013018867924528296
0.0015119496855345912
-0.0012779874213836473
0.0023962264150943395
0.002050314465408805
0.0011257861635220125
-0.0016503144654088048
-0.004017610062893082
-0.00199748427672956
0.0011333333333333332
-0.0022440251572327045
-0.0017396226415094345
-0.0018578616352201262
0.001991194968553459
-0.0007094339622641509
-0.001047798742138365
-0.00023018867924528332
-0.0011207547169811323
-0.0006251572327044019
0.0006138364779874218
0.0026779874213836473
0.0003358490566037735
0.0006301886792452832
-0.000613836477987421
-0.001477987421383648
7.29559748427672e-05
-0.002574842767295597
-0.0022465408805031452
0.0028113207547169816
-0.0038452830188679243
-0.000718238993710692
0.001472955974842767
-5.5345911949685377e-05
-0.001347169811320755
0.00028679245283018856
-0.0002918238993710692
0.0007144654088050317
-0.00023270440251572323
0.0024176100628930824
0.0010012578616352202
-0.003179874213836478
-0.001991194968553459
-0.001236477987421384
-0.002974842767295598
-0.00042893081761006304
-0.0006729559748427675
0.0015471698113207547
-0.002539622641509434
-0.00025660377358490576
-0.0007194968553459125
0.0009572327044025157
0.00024150943396226453
0.003266666666666666
0.004457861635220126
0.0006251572327044028
0.00035220125786163516
0.0010540880503144645
-0.0016867924528301886
-0.002884276729559748
-0.0005748427672955975
0.00025031446540880515
-0.0016301886792452834
-0.0048125786163522016
-0.0011710691823899374
0.0026779874213836478
-0.0009886792452830188
-0.0017383647798742143
0.0013081761006289306
0.0005270440251572323
0.0011698113207547166
0.0007069182389937106
0.001017610062893081
0.002542138364779874
-0.0005584905660377361
-0.0014452830188679243
0.0016918238993710692
-0.00021257861635220132
-0.0002691823899371069
-0.0018289308176100633
-0.00038490566037735843
0.0008427672955974849
0.0014691823899371066
-0.0016327044025157228
-0.0010050314465408802
0.00029937106918238995
0.0036452830188679246
0.0037371069182389935
-0.004484276729559749
-0.0006578616352201251
0.0007559748427672959
0.0013081761006289306
6.2893081761006e-05
0.001967295597484277
0.0012251572327044028
-0.0008729559748427678
0.0002779874213836475
0.00014213836477987445
-0.0001433962264150946
-0.002250314465408804
-0.002440251572327044
0.0009320754716981135
0.0009220125786163523
-0.00015974842767295554
0.000647798742138365
-0.0020150943396226415
0.0026025157232704398
-0.0014025157232704405
-0.0018477987421383645
0.002430188679245283
0.0012226415094339625
0.0016226415094339622
-0.0003433962264150944
0.0008364779874213833
0.0014855345911949684
0.003217610062893082
-0.0017735849056603776
0.0005257861635220128
-0.0013622641509433969
0.001711949685534592
0.0012716981132075463
-0.0005748427672955977
0.002866666666666667
0.0003861635220125783
-0.0019433962264150944
0.0008603773584905661
0.002256603773584905
0.0025660377358490568
0.0031786163522012577
-0.00017861635220125827
-0.00024150943396226382
-0.0016955974842767297
-0.0003358490566037735
-0.0007911949685534587
0.0022716981132075474
-0.0010163522012578618
-0.0002792452830188679
-1.383647798742178e-05
-0.0018025157232704396
-0.0031220125786163527
0.0004226415094339616
0.002836477987421384
0.0010415094339622632
0.0018201257861635216
8.427672955974805e-05
0.0007056603773584905
-0.003962264150943397
7.672955974842803e-05
-0.002559748427672956
0.0008415094339622645
0.0024352201257861637
-0.00371320754716981
0.0038452830188679243
0.0004855345911949688
-0.0003144654088050314
0.001155974842767296
0.0006993710691823898
0.0005836477987421381
-0.004372327044025157
-0.0032415094339622638
-0.0020150943396226415
-0.0019647798742138366
-0.001232704402515723
-0.003398742138364779
0.00047547169811320753
0.0011320754716981133
0.0017270440251572325
0.00017232704402515747
-0.00020377358490566107
1.5094339622641331e-05
0.0011081761006289305
0.003944654088050314
-0.0003547169811320755
-0.003376100628930818
-0.0012188679245283027
-0.0012264150943396225
0.001266666666666667
-0.0007396226415094338
4.276729559748393e-05
0.0033811320754716977
0.0008163522012578616
0.0026025157232704406
0.001391194968553459
0.003046540880503145
0.0005006289308176099
0.0007220125786163521
-0.00030062893081761027
0.0002012578616352205
0.0010830188679245285
-0.0026628930817610063
-0.00044528301886792473
9.18238993710691e-05
-0.0016301886792452834
-0.0019547169811320753
-0.001085534591194969
-0.0024238993710691817
-0.0006314465408805032
0.0023672955974842766
0.0002855345911949689
0.0006792452830188679
0.0005132075471698117
-0.0021547169811320754
-0.0008113207547169811
-0.002515723270440252
0.001
-0.0014918238993710691
0.00044654088050314505
0.00011949685534591197
0.000388679245283019
-0.0032339622641509433
0.004447798742138365
0.001169811320754717
-0.00018867924528301905
0.005355974842767295
-0.001611320754716981
0.00018993710691823972
-6.918238993710659e-05
0.0034389937106918244
-0.0008427672955974843
-0.00011320754716981186
-0.001867924528301887
0.0022050314465408803
-0.0007408805031446544
-0.0004415094339622639
-0.00025157232704402514
6.91823899371068e-05
-0.0008817610062893082
-0.0003610062893081758
0.0009069182389937103
-0.005789937106918239
0.0005232704402515719
0.0009157232704402519
-0.0040616352201257875
-0.0009597484276729554
0.002057861635220126
0.00035471698113207514
-0.0005723270440251571
-0.0014176100628930817
0.0017559748427672956
-0.00042767295597484245
-0.0021459119496855346
0.00021761006289308188
0.0033245283018867922
0.0017924528301886795
0.0009811320754716988
-0.00031446540880503154
0.00013459119496855374
0.0006238993710691826
0.0007886792452830186
-0.0010490566037735852
0.0007194968553459122
0.001211320754716981
0.0006641509433962261
-0.0008855345911949686
0.004291823899371069
0.0006553459119496851
-0.0005471698113207548
-0.00032578616352201223
-0.0015232704402515724
-0.00020377358490566028
-0.0018465408805031448
0.0026125786163522014
0.00037861635220125847
-0.0016264150943396233
0.00047672955974842763
-0.0011962264150943399
-0.0008955974842767293
-0.003479245283018869
0.0004163522012578615
-0.0028855345911949683
-0.0003836477987421386
0.0021823899371069184
-0.0005270440251572325
-0.0013886792452830195
0.0004088050314465409
0.0030314465408805033
-0.0006779874213836475
-3.773584905660346e-05
0.0007547169811320752
0.003283018867924528
0.0024981132075471697
-0.0022893081761006288
0.0034628930817610063
-0.002821383647798743
0.0028465408805031446
0.001662893081761006
-0.002152201257861635
6.289308176100809e-06
0.0022012578616352205
0.0009534591194968558
-0.0002213836477987421
0.004505660377358491
-0.0022553459119496865
-5.031446540880473e-06
0.0010088050314465409
0.002166037735849056
-0.0015748427672955978
-0.00259874213836478
0.0019308176100628935
-0.00024150943396226423
0.00018742138364779843
-3.270440251572333e-05
0.0005283018867924525
0.0025232704402515732
-0.001593710691823899
0.002647798742138365
-0.000786163522012579
0.002169811320754716
-0.0019245283018867927
0.004649056603773585
-0.0025283018867924526
-0.0019157232704402523
0.0016918238993710692
0.0007383647798742142
-0.0013371069182389938
-0.0011018867924528304
0.0004150943396226417
0.00012201257861635219
0.0010339622641509431
0.0014339622641509435
0.0019345911949685537
0.0032188679245283023
-0.00021383647798742128
0.00010943396226415058
0.000688050314465409
-0.0005597484276729557
-0.0007459119496855347
-0.0017899371069182398
-0.002457861635220126
0.002872955974842768
0.0035169811320754714
-0.0008000000000000003
0.002026415094339623
-0.0013886792452830192
-0.0019974842767295593
-0.0015396226415094333
0.001791194968553459
0.0008805031446540883
0.0006805031446540883
0.0002993710691823898
-0.0011735849056603773
0.0009270440251572329
-0.0017911949685534595
0.0002603773584905658
0.002037735849056604
-0.0001283018867924524
-0.0006050314465408807
-0.0005031446540880507
0.000948427672955975
0.0021169811320754716
8.553459119496856e-05
-0.0002578616352201262
-0.00026289308176100616
-0.0018213836477987424
-0.0001974842767295592
-0.0012226415094339625
0.0007320754716981135
-0.0036578616352201266
-0.0012679245283018865
-4.779874213836475e-05
0.0014641509433962264
0.0008981132075471693
-0.0023610062893081756
0.0019031446540880505
-0.0007786163522012575
0.0017496855345911946
-0.0022251572327044024
-0.00010188679245283075
0.002277987421383648
6.037735849056576e-05
0.0013081761006289308
0.0023748427672955976
-0.0013044025157232704
-0.002750943396226415
-0.0013396226415094338
0.0024490566037735848
-0.0008616352201257862
-0.0035672955974842776
-0.0044251572327044025
-0.0003534591194968548
0.0021069182389937113
0.0017660377358490569
0.0012364779874213833
-0.0014993710691823898
-0.0031861635220125782
0.0026301886792452836
-0.0016201257861635223
0.0005283018867924527
0.00219874213836478
-0.0001119496855345913
-0.0031911949685534597
0.0009522012578616351
-0.0007421383647798743
0.0025169811320754723
-0.0018503144654088055
-0.0011823899371069175
7.798742138364741e-05
0.0007534591194968553
0.001752201257861635
-0.000649056603773585
0.0003182389937106917
0.0005408805031446537
0.002111949685534592
-0.001367295597484277
0.0005056603773584907
0.002528301886792453
-0.002655345911949686
0.001953459119496856
-0.000490566037735849
-0.0006440251572327043
0.0002955974842767291
-0.0012364779874213835
0.001705660377358491
0.0014377358490566042
0.0011698113207547166
0.0008666666666666663
-0.0017647798742138365
-0.0018251572327044026
-0.003212578616352201
0.0002704402515723269
0.0003635220125786168
0.002320754716981132
0.0005459119496855345
0.0004012578616352202
-0.0004452830188679248
0.0014805031446540884
0.0002855345911949687
-0.0033207547169811316
-0.004211320754716981
-0.0011157232704402521
-0.0020415094339622636
-0.00037484276729559773
0.002168553459119497
-0.0008301886792452832
0.003483018867924528
-0.0011811320754716978
-0.0019144654088050315
-0.0014251572327044027
0.0006553459119496852
0.0005408805031446544
-0.00015849056603773611
-0.000906918238993711
0.00043522012578616344
-0.0023723270440251577
-0.00020503144654088085
0.0023823899371069185
-0.0006830188679245286
-0.0005396226415094345
-0.0009069182389937103
0.002246540880503145
-0.0020603773584905666
0.001007547169811321
0.00014339622641509417
-0.0003798742138364784
-0.001929559748427673
0.00018742138364779851
0.0013232704402515723
0.00022264150943396245
0.002041509433962264
-0.003652830188679245
-0.002838993710691824
-0.0028226415094339623
-0.0033106918238993716
-0.0031031446540880515
-0.003343396226415095
0.0013106918238993711
0.0010704402515723272
0.00012830188679245294
3.7735849056596125e-06
-0.00038867924528301895
0.0026088050314465407
0.0046452830188679255
-0.0008037735849056602
-0.00038867924528301873
0.0012264150943396225
0.0017245283018867924
-0.00029685534591194997
-0.00023018867924528316
-0.001548427672955975
0.0007874213836477989
0.003272955974842767
-0.0005924528301886793
0.0013534591194968551
-0.0002201257861635223
0.0013232704402515725
-0.0016352201257861635
0.0003572327044025157
-0.0011672955974842767
-0.0012930817610062896
-0.00013584905660377351
0.0009345911949685537
-0.002508176100628931
-0.00309182389937107
-0.0026830188679245284
-0.002574842767295597
-0.001518238993710692
0.0009194968553459119
0.00046163522012578653
0.0010213836477987424
0.001934591194968553
-6.54088050314464e-05
0.0017836477987421388
0.0005886792452830191
-0.0007232704402515719
0.0026540880503144655
-0.0010238993710691827
-0.00021886792452830168
-0.0015849056603773589
-0.0005522012578616349
-0.0009962264150943398
0.003628930817610063
0.002270440251572327
0.0008955974842767293
-0.000623899371069182
0.0030817610062893073
0.0022150943396226416
-0.0024981132075471697
-0.0002691823899371069
-0.0011094339622641513
0.0008427672955974843
-0.0017459119496855344
0.0008578616352201258
-0.0014515723270440253
-0.0022805031446540888
0.0015157232704402514
-0.002373584905660377
0.0024704402515723276
-0.0009496855345911951
0.0013886792452830188
0.00016100628930817626
0.0018415094339622646
0.0028088050314465413
-0.00033584905660377385
-0.0016163522012578617
-0.000686792452830189
1.2578616352201094e-05
0.0009761006289308179
0.0004918238993710702
0.0009194968553459119
-0.0002490566037735849
0.0005169811320754717
-0.0028327044025157236
-0.0010666666666666665
0.0004477987421383655
0.002598742138364781
0.00041886792452830234
0.00209685534591195
-0.0007622641509433966
-0.0006389937106918233
-0.0010364779874213836
0.0023471698113207546
0.0006893081761006286
-0.002174842767295597
-0.000867924528301887
0.0016251572327044023
-0.004879245283018868
0.0001597484276729561
-0.0008503144654088052
-0.00229433962264151
0.0004679245283018866
-0.0004490566037735851
0.0027056603773584907
0.0031308176100628927
0.0007597484276729563
0.00033584905660377396
0.002369811320754717
-0.00012201257861635285
-0.001343396226415094
0.004864150943396226
0.00024150943396226418
-0.0007194968553459116
0.002318238993710692
-0.0003937106918238994
0.00047547169811320753
-0.001264150943396227
0.0005270440251572325
0.0005974842767295595
0.0012037735849056601
0.0011987421383647802
-0.0017597484276729556
-0.0012176100628930816
-0.0007283018867924526
0.0006377358490566038
-0.001430188679245283
0.0017232704402515729
-0.002577358490566038
0.0004528301886792452
0.0004415094339622639
0.001831446540880503
0.0011320754716981135
-0.0005786163522012581
0.0019924528301886795
0.006391194968553459
-0.0018591194968553472
0.0021811320754716985
-0.002935849056603774
-0.0022176100628930814
0.0027308176100628934
0.0016553459119496858
-0.0005836477987421384
0.0012025157232704406
-0.0021635220125786163
-0.00041635220125786106
-0.00459874213836478
-0.002118238993710692
0.0005723270440251572
0.0001056603773584901
-0.0015283018867924534
-0.0008
-0.0018427672955974846
0.00017358490566037735
0.0020553459119496856
0.0009811320754716983
9.811320754716983e-05
0.0009572327044025151
0.0012477987421383654
0.00033081761006289323
-0.0005446540880503145
0.0026163522012578612
0.0034981132075471684
-0.0014993710691823898
0.005343396226415095
-0.002554716981132076
-0.001280503144654088
-0.001038993710691824
0.0006578616352201256
-0.0023106918238993716
0.0005484276729559749
0.0012792452830188677
0.0011987421383647797
0.0005647798742138363
0.0018150943396226414
-0.004972327044025157
-0.0011169811320754723
0.0019081761006289305
0.0006088050314465408
-0.000861635220125786
0.0012301886792452832
-0.0002603773584905665
-0.0007446540880503143
0.0032754716981132073
-0.002008805031446541
0.0017207547169811321
0.0027547169811320753
0.0007484276729559743
-0.000210062893081761
-0.002186163522012578
-0.0016729559748427671
8.930817610062857e-05
0.0006075471698113207
-0.0026050314465408805
0.001920754716981132
-0.0013245283018867929
-0.0020314465408805037
0.00010691823899371075
-0.002067924528301887
0.0016503144654088048
0.0017433962264150943
-0.002621383647798742
-0.0020238993710691828
-0.00509685534591195
-0.002187421383647799
0.0018893081761006286
0.0007459119496855352
-0.00030314465408805014
0.004343396226415095
-0.0012276729559748427
-0.001286792452830188
0.00040880503144654143
-0.00041383647798742145
0.00150062893081761
-0.0008327044025157234
0.0022427672955974837
0.0024037735849056605
0.002167295597484277
-0.0014578616352201258
-0.0008691823899371063
-0.00027421383647798793
-0.0011597484276729558
0.0003169811320754714
-0.0006905660377358492
0.0013257861635220128
0.000277987421383648
-0.0006163522012578615
9.685534591194993e-05
0.0007094339622641508
-0.0005106918238993711
0.001883018867924528
-0.000841509433962264
0.0029522012578616355
-0.001630188679245283
-0.0013924528301886793
0.0010792452830188687
8.679245283018942e-05
-0.0017924528301886795
0.0001559748427672964
0.0002867924528301888
-0.0021962264150943395
-8.805031446540783e-06
6.163522012578627e-05
0.0035220125786163525
-0.004236477987421382
-0.0030729559748427673
-0.0006591194968553461
-0.002388679245283018
-0.0016729559748427671
-0.004633962264150943
0.0010238993710691827
0.0010616352201257863
0.001582389937106918
0.0027044025157232704
-0.0011559748427672951
-0.0018125786163522017
-0.0018867924528301883
0.002968553459119497
0.0005320754716981137
-0.0008553459119496856
0.0009283018867924529
-0.002314465408805032
0.003090566037735849
0.00023647798742138353
0.003959748427672956
0.0016830188679245284
0.0012993710691823904
0.002727044025157233
-0.0034754716981132074
0.0015836477987421385
-0.0006100628930817608
0.0028364779874213842
0.0011220125786163525
0.00031823899371069173
0.0014440251572327043
0.002123270440251572
0.0007069182389937103
-0.0005547169811320753
0.0009257861635220129
-0.00024150943396226366
0.0007761006289308174
0.001832704402515724
0.0004578616352201258
-0.001767295597484277
0.0013232704402515723
9.937106918238964e-05
-0.003374842767295597
-0.0016566037735849055
-0.00029685534591194953
-0.002056603773584906
-0.0028716981132075473
0.0010264150943396226
-0.0005207547169811318
-0.003033962264150943
-0.0014830188679245285
0.002173584905660378
-0.0018415094339622646
0.002213836477987419
0.0023849056603773592
-0.0026477987421383636
1.2578616352201618e-05
0.00026289308176100665
-0.002016352201257862
-0.0029421383647798755
0.003359748427672956
0.00026918238993710666
-0.0030918238993710686
-0.0007924528301886792
-9.68553459119498e-05
0.0003471698113207551
-0.002298113207547169
0.0007949685534591194
0.0024880503144654085
-0.0022402515723270447
0.00041635220125786133
0.0017622641509433962
0.0037710691823899358
0.000869182389937107
0.005144654088050315
-0.002012578616352201
0.00018238993710691865
0.0007647798742138369
-0.0020893081761006287
-0.00339119496855346
0.0007610062893081758
-0.0026830188679245284
-0.0008327044025157232
0.001953459119496856
-0.00013962264150943455
-0.002817610062893082
0.004254088050314465
-0.0014893081761006286
0.0009572327044025154
-0.0013257861635220126
0.0004188679245283012
0.001066666666666667
0.00018742138364779914
-0.002514465408805031
0.004671698113207548
-0.0017031446540880502
0.0006805031446540878
-0.0009333333333333332
4.150943396226403e-05
2.6415094339622526e-05
0.00023899371069182462
-2.641509433962244e-05
0.0016779874213836488
-0.003222641509433963
0.001241509433962265
-0.000981132075471698
-0.0006742138364779876
-0.0033144654088050314
-0.001567295597484277
-0.0016528301886792455
-0.0023949685534591196
0.0008289308176100627
0.0006327044025157235
-0.0013270440251572327
-0.0007987421383647797
-0.004281761006289309
-0.0006276729559748426
-0.0007408805031446541
0.0010113207547169812
0.002044025157232704
0.002305660377358491
0.0003534591194968556
-5.7861635220125565e-05
0.0033106918238993708
0.001036477987421384
-0.0003408805031446541
-0.0003295597484276731
0.0011471698113207551
-0.00401383647798742
0.001193710691823899
-0.0024880503144654085
-0.000837735849056604
-0.000978616352201258
-0.0038150943396226423
-0.0004628930817610063
0.0024578616352201256
-0.001465408805031446
0.003465408805031446
0.0010528301886792448
-0.002305660377358491
-0.0002578616352201253
0.0019509433962264153
0.005519496855345912
-0.0018616352201257865
0.000729559748427673
-0.0013823899371069185
-0.00015849056603773565
-0.002784905660377359
-0.003481761006289309
0.002681761006289308
-0.0013987421383647803
0.002260377358490566
0.0008603773584905663
0.0008364779874213844
0.00040377358490566027
-0.0012176100628930816
0.004028930817610062
0.0033685534591194966
-0.004041509433962265
0.0013270440251572327
0.0005647798742138368
-0.0027169811320754715
0.0015786163522012579
3.270440251572316e-05
-0.0017761006289308172
0.001488050314465409
0.0018440251572327045
0.003070440251572327
-0.0008855345911949686
-0.0018691823899371067
-0.0009685534591194965
0.002630188679245283
0.0024301886792452826
-0.0015723270440251575
-0.0004918238993710695
-0.00038364779874213817
-0.0004000000000000003
0.00039496855345911945
-0.0033345911949685535
0.00030314465408805
0.00300880503144654
0.0035383647798742143
0.0021962264150943403
0.0033459119496855347
0.0004415094339622638
9.937106918239017e-05
0.0006767295597484277
-0.0022012578616352205
-0.0011949685534591195
0.0015522012578616353
0.0010943396226415093
-0.002230188679245284
-0.001538364779874214
-0.000618867924528302
-0.0003660377358490566
-0.00010314465408805083
0.002514465408805032
-0.0011371069182389937
-0.00023144654088050296
-0.0026540880503144655
0.00012578616352201225
0.00035220125786163516
-0.004847798742138364
-0.0012188679245283018
0.0014012578616352204
-0.0006327044025157238
-6.540880503144666e-05
-0.00050062893081761
0.002057861635220126
0.0011257861635220125
-0.0017421383647798743
0.0012050314465408805
-0.0013182389937106923
0.0017094339622641512
-0.0015358490566037728
0.0031597484276729556
-3.3962264150943975e-05
-0.0012666666666666668
0.00025786163522012565
-0.002719496855345912
0.0017421383647798748
0.00309937106918239
0.0012817610062893085
-4.905660377358474e-05
0.0032427672955974846
-0.0010553459119496855
-7.924528301886792e-05
-0.0019119496855345916
0.003745911949685535
-0.002237735849056604
-0.0030578616352201263
0.0003157232704402518
-0.006178616352201257
-0.0005987421383647799
-0.00014716981132075502
4.150943396226416e-05
-0.00022012578616352178
-0.004774842767295597
-0.003187421383647799
-0.0006025157232704408
0.00021383647798742123
-0.0017006289308176103
-0.0007672955974842766
-0.0005081761006289307
-0.0009345911949685532
0.0021786163522012586
0.002916981132075472
0.00015849056603773576
0.001530817610062893
0.0006440251572327048
-0.00016729559748427636
-0.0011597484276729565
0.002543396226415095
-0.0011371069182389937
0.002342138364779873
0.0005974842767295595
-0.0006427672955974846
-0.000464150943396226
-0.0012088050314465412
0.000382389937106918
-0.0008465408805031447
0.0006553459119496856
0.0034150943396226417
-0.0014981132075471697
0.00012075471698113199
0.004075471698113208
0.0013345911949685539
-0.0014163522012578618
0.0010125786163522016
0.0018440251572327045
0.002457861635220126
0.00018364779874213856
-0.0001496855345911948
-0.0011861635220125786
-0.0014440251572327043
0.0014968553459119498
6.037735849056576e-05
-0.0010654088050314461
-0.0021408805031446544
-0.0017408805031446544
0.00229308176100629
-0.0005345911949685529
-0.0014264150943396224
-0.001786163522012578
-0.0011006289308176103
-0.0011295597484276732
-0.001426415094339623
-0.0007698113207547171
6.415094339622598e-05
-0.0014289308176100631
0.0012477987421383645
-0.0006377358490566041
-0.0023584905660377353
-0.003592452830188679
0.0015849056603773584
0.0013232704402515723
0.0008000000000000003
0.0013182389937106923
-0.0003635220125786161
0.002431446540880503
0.002109433962264151
0.00045534591194968565
0.0008515723270440251
0.0006276729559748428
-0.0016503144654088048
-1.2578616352201618e-06
-0.001379874213836478
-0.00045408805031446544
-0.0009572327044025155
-0.0010150943396226412
-0.00309811320754717
-0.0017408805031446544
0.002435220125786164
-0.0016490566037735848
-0.00048805031446540924
-0.0006540880503144655
-0.0016855345911949687
-0.00020880503144654066
-0.003684276729559749
0.0022012578616352196
-0.00032830188679245227
0.00160754716981132
0.001886792452830189
0.0009018867924528305
-0.002729559748427673
-0.00023773584905660368
0.0005471698113207544
-0.002718238993710692
-0.0040792452830188675
0.002615094339622642
0.001527044025157233
0.002993710691823899
-0.0016943396226415093
-0.00033207547169811284
-0.001988679245283019
-0.0006188679245283017
-0.00028553459119496835
-0.00023270440251572287
-0.001162264150943396
-0.0022490566037735855
-0.00025031446540880515
0.0019584905660377356
-0.0028830188679245285
0.0006088050314465412
0.001119496855345912
-8.930817610062888e-05
0.001761006289308176
-0.0015056603773584906
0.0004981132075471699
0.0039006289308176107
-7.044025157232716e-05
0.0014641509433962264
0.003383647798742138
0.0032264150943396228
0.0026289308176100637
0.000608805031446541
-0.0003383647798742141
0.0003182389937106922
0.0028
0.003700628930817611
-0.0008427672955974843
0.001734591194968553
-0.0022477987421383656
-0.0012993710691823898
-0.0023433962264150948
-0.00040754716981132057
0.002260377358490566
0.0009245283018867926
0.0012578616352201255
-0.0009396226415094342
-0.0004729559748427668
0.0002918238993710695
0.000984905660377359
-0.0026427672955974843
-4.9056603773585266e-05
0.0015132075471698116
-0.0018616352201257867
0.0003622641509433963
0.0014981132075471703
-0.0014465408805031449
-0.0017534591194968549
-0.0012037735849056604
0.0025471698113207555
-0.0006088050314465408
-0.0010025157232704408
0.0018578616352201264
0.002611320754716981
-0.0004314465408805029
-9.433962264150917e-05
-0.001734591194968554
-0.0011182389937106922
-0.00010188679245283066
0.0007446540880503146
0.000720754716981132
0.001056603773584906
0.0012981132075471696
0.0021018867924528306
-0.00027044025157232693
-0.001235220125786164
-0.0017383647798742143
0.0011106918238993713
-0.0025786163522012583
0.001514465408805032
-0.0014075471698113207
0.0004138364779874212
0.0016100628930817607
-0.0008150943396226417
0.0004465408805031448
-0.0017622641509433962
-0.0019283018867924534
0.002967295597484277
0.0002465408805031446
-0.00015974842767295592
0.0027974842767295592
-0.00059748427672956
-1.5094339622641221e-05
-0.0003006289308176105
-0.002086792452830189
0.002
0.0007308176100628934
0.002563522012578616
-0.0003685534591194966
0.0018880503144654088
-0.0001270440251572332
-0.0022289308176100626
-0.0012289308176100626
0.0005119496855345907
-0.0014050314465408808
-0.0016515723270440256
0.002588679245283019
-0.000672955974842767
-0.000938364779874214
-0.001005031446540881
-0.0011320754716981133
-0.0003320754716981135
0.0023710691823899373
0.0012176100628930825
0.0003635220125786161
0.002064150943396227
0.0003685534591194967
0.0016528301886792449
8.301886792452814e-05
-0.0008226415094339621
-0.003797484276729561
0.0013685534591194963
0.0003534591194968557
0.00027421383647798723
0.004569811320754717
0.0015610062893081766
0.0003446540880503143
-0.0032666666666666673
-1.7456336865175418e-19
-0.0030603773584905658
0.0008666666666666668
0.0008830188679245286
-0.0011220125786163525
-0.00399622641509434
0.0005106918238993711
-0.0022742138364779878
0.0004666666666666666
-0.0024415094339622643
-0.00026540880503144647
-0.00030062893081760967
0.0025572327044025163
-0.0005937106918239
-0.0017534591194968557
0.000525786163522013
-0.0007396226415094335
-0.0007798742138364782
-0.001403773584905661
-0.0019106918238993714
-0.000558490566037736
-0.0006943396226415093
0.0021861635220125786
0.0030427672955974845
0.0041056603773584905
-0.0025672955974842767
-0.0035924528301886803
0.0019119496855345916
-0.005130817610062894
-0.0021308176100628936
0.0040201257861635226
-0.0001886792452830188
-0.0003559748427672955
-0.0019547169811320758
-0.00045408805031446544
0.003514465408805031
-0.003949685534591195
-0.0005408805031446542
-0.0025144654088050315
2.7672955974842207e-05
-0.0008515723270440251
0.0007433962264150945
0.00042515723270440247
0.0011371069182389939
0.00033081761006289296
0.00012704402515723267
0.00024150943396226434
0.0021635220125786163
0.0017773584905660376
0.0019672955974842764
-0.002089308176100629
0.0007257861635220121
-0.0015748427672955976
0.005031446540880504
0.0005106918238993706
-0.00039748427672956
-0.0024855345911949686
-0.0035924528301886794
-0.0018515723270440259
-0.001237735849056604
0.002625157232704403
-0.0026150943396226417
0.003865408805031446
-0.0012062893081761007
0.0002955974842767295
-0.0017622641509433962
0.00019245283018867875
0.0028440251572327043
-0.00139874213836478
-1.2578616352201094e-05
0.0013660377358490567
-0.0001333333333333329
-0.0008817610062893085
-0.00014339622641509398
-0.0006201257861635219
-0.00130314465408805
-0.0003345911949685537
3.0188679245283012e-05
0.00025660377358490593
0.00048679245283018903
0.0006666666666666669
0.0032477987421383647
0.0008955974842767293
-0.0012679245283018867
0.0021144654088050318
0.0028603773584905657
0.0025471698113207534
-0.002169811320754717
0.0008213836477987421
-0.0019106918238993714
0.0027069182389937115
0.0013949685534591194
-0.004168553459119497
-0.001309433962264151
-0.000759748427672956
0.0006163522012578616
-0.0005924528301886798
0.0019773584905660377
-0.0015496855345911943
0.0007635220125786166
0.002376100628930818
-0.0006767295597484276
0.0028603773584905652
0.0013308176100628932
-0.001509433962264151
-0.00309559748427673
0.000602515723270441
0.0025220125786163524
-0.0003169811320754715
-0.00300503144654088
-0.00038993710691823943
0.001680503144654088
-0.0012591194968553459
0.004569811320754717
0.00044779874213836504
-0.002036477987421384
0.004983647798742138
-0.0008062893081761002
-0.0011308176100628933
0.00219119496855346
-0.003982389937106919
0.0053823899371069185
-0.0003207547169811318
0.004527044025157233
0.0006339622641509432
-0.001646540880503145
0.0017886792452830183
-0.0010238993710691823
-0.0003358490566037737
0.0007157232704402514
-0.0020654088050314472
-0.002841509433962264
0.001022641509433962
0.0002981132075471701
-0.002308176100628931
-0.0006654088050314461
-0.002957232704402516
-0.002459119496855346
-0.0005270440251572327
0.0026213836477987423
0.0012289308176100626
0.002729559748427673
-0.0006088050314465408
-0.0001547169811320752
-0.0033484276729559745
0.00260251572327044
0.0022364779874213835
-0.000664150943396226
-0.002597484276729561
-0.001986163522012579
-0.001460377358490566
-0.002035220125786164
0.00017232704402515711
0.0013056603773584905
0.0028088050314465417
-0.00014465408805031425
-0.001249056603773585
-0.002886792452830189
-0.0019899371069182392
0.00034968553459119523
-0.001182389937106919
0.00019371069182389934
0.0006125786163522015
0.0011861635220125786
-0.000557232704402516
0.0030050314465408802
-0.001748427672955975
-4.1509433962263855e-05
0.0022855345911949685
-0.0002427672955974846
-0.0006704402515723268
0.0016830188679245284
0.0010427672955974846
-0.00017106918238993728
0.0002364779874213838
0.0004113207547169816
0.0015006289308176098
0.0019081761006289311
0.00017861635220125792
-0.00018490566037735837
-0.0031132075471698114
-3.144654088050352e-05
0.0022327044025157233
0.0006264150943396221
-0.0010427672955974842
-0.0001937106918238997
0.0008880503144654084
-0.0024213836477987418
-0.0006566037735849057
0.0035987421383647795
0.003152201257861635
-0.001040251572327044
0.000566037735849057
7.924528301886757e-05
0.004275471698113209
0.0006553459119496858
0.0027974842767295597
-0.002636477987421384
0.0006767295597484276
-0.00016729559748427715
0.0014767295597484284
0.0011044025157232703
-0.0006150943396226422
-0.0001496855345911949
-0.0005232704402515721
0.0027031446540880513
0.0037974842767295597
0.001781132075471698
-0.0007081761006289309
0.00013081761006289246
0.0004792452830188682
0.0010050314465408804
-0.0017874213836477988
0.00034213836477987424
0.001943396226415094
0.0032842767295597486
-0.0008830188679245286
0.0017811320754716974
0.0011547169811320754
-0.0012855345911949685
-0.0014515723270440248
0.0005773584905660376
-0.004233962264150943
-0.0018301886792452826
-0.0006377358490566034
0.0018050314465408808
-0.0005069182389937109
-0.0021245283018867926
0.003410062893081762
0.0012037735849056608
-0.0026251572327044025
-0.0027987421383647796
0.0029484276729559757
0.000908176100628931
-0.002138364779874214
-0.002490566037735849
-0.0017069182389937113
0.000647798742138365
-0.0019823899371069183
-0.0006867924528301889
-0.00023396226415094338
-0.0003018867924528298
0.0006201257861635221
0.0002389937106918236
0.001641509433962264
-0.0026704402515723277
0.002353459119496855
-0.003533333333333333
-0.0006301886792452829
-0.0004981132075471698
-0.0019672955974842764
0.002176100628930818
0.0009371069182389935
0.0007723270440251572
-0.003153459119496856
0.0012528301886792453
0.0019811320754716984
-0.0033220125786163515
0.0014176100628930817
-0.0029207547169811322
0.0023597484276729557
-0.003163522012578617
-0.001872955974842767
-0.0004754716981132068
0.003479245283018867
-0.0014515723270440255
0.0010553459119496858
0.00032201257861635166
-0.000847798742138365
0.0023484276729559754
0.0007056603773584901
-0.0007735849056603771
0.001729559748427673
-0.0010729559748427675
-0.0005559748427672956
0.0017333333333333335
-0.0001949685534591195
0.0011006289308176107
-0.0004276729559748426
0.003686792452830189
0.0024289308176100636
-0.0038213836477987424
-0.0029320754716981134
0.0013484276729559751
0.0019911949685534587
-7.924528301886788e-05
0.0019371069182389934
-0.0023672955974842766
0.00036603773584905697
-0.0003874213836477985
-0.0011911949685534592
-0.0022805031446540883
-0.0008088050314465401
0.0006943396226415089
-0.00011949685534591192
0.0012440251572327047
-0.00010188679245283083
-2.0125786163522327e-05
-0.0019937106918238995
-0.0025937106918238998
-0.0019761006289308173
0.0018842767295597486
-0.0002704402515723271
-0.0012767295597484274
0.0014666666666666667
-0.0008465408805031443
0.0015496855345911947
-0.004472955974842768
0.0004817610062893087
4.779874213836475e-05
0.004481761006289308
0.00011320754716981108
0.002181132075471698
0.0009383647798742142
-0.0003446540880503135
0.0007446540880503148
-0.00018490566037735872
0.001283018867924528
-0.0005358490566037735
0.0016842767295597487
-0.0036238993710691818
-0.0003899371069182396
-0.004171069182389937
-0.001636477987421384
0.0006176100628930811
-0.0005635220125786166
0.000971069182389937
-0.0007836477987421385
0.002169811320754717
0.001163522012578617
0.0020528301886792457
-0.0004528301886792452
-0.0008641509433962264
-0.0014578616352201258
0.00160377358490566
-0.0014566037735849059
0.002030188679245283
0.002772327044025157
-0.00039245283018867925
-0.001036477987421384
-0.003537106918238993
0.0010654088050314461
0.00035723270440251567
0.0005320754716981136
-0.0009584905660377356
-0.0012088050314465412
0.0024138364779874217
0.00019874213836477956
-0.0011861635220125784
0.0016000000000000005
0.00210062893081761
-0.0020616352201257853
0.0018515723270440259
0.00015849056603773584
0.0016566037735849058
-0.0026150943396226417
-0.0002679245283018866
-0.0004830188679245285
-0.0047748427672955965
0.0027433962264150936
-0.0013345911949685539
0.0012943396226415094
0.00040125786163522
-0.00021761006289308172
0.0007283018867924528
0.0009044025157232711
-0.003376100628930817
-0.0005723270440251574
0.0029660377358490565
-0.0022993710691823896
-0.0007257861635220133
0.0008855345911949683
-0.0012955974842767297
0.0013647798742138367
0.0017119496855345915
0.0012767295597484278
-0.0018855345911949683
-0.0008578616352201258
-0.0017874213836477988
-0.004630188679245283
-0.00019371069182389942
0.0017559748427672956
0.0010352201257861637
0.0020050314465408802
0.002149685534591195
-0.003793710691823899
-0.002044025157232705
-0.0005471698113207548
0.0006062893081761006
-1.0062893081760422e-05
0.0011283018867924528
-0.0009069182389937112
0.0024327044025157234
0.002237735849056603
0.0017811320754716985
0.0003874213836477986
0.002076729559748428
-0.0004968553459119503
-0.0027069182389937115
0.002436477987421384
-0.0008754716981132075
-0.0038125786163522015
-0.0014201257861635225
-0.0019899371069182392
-7.54716981132077e-05
-0.005335849056603776
0.0015320754716981145
-0.00023144654088050296
0.002314465408805032
0.00410062893081761
0.0011408805031446543
-9.433962264150978e-05
-0.0010377358490566034
0.0017358490566037738
-0.0024301886792452835
0.000861635220125786
-0.003363522012578617
0.0012301886792452825
0.001651572327044025
0.00044276729559748437
-0.004558490566037737
-0.0007484276729559751
-0.001320754716981132
0.001022641509433962
-0.00011194968553459126
0.0002515723270440253
-0.0006805031446540886
0.0006113207547169812
0.00079748427672956
-0.0032264150943396228
-0.0013308176100628934
-0.0007635220125786164
-0.001646540880503145
0.0023006289308176095
0.00048176100628930803
4.905660377358491e-05
0.003144654088050315
-0.0008012578616352202
-0.0010817610062893084
0.0022553459119496852
-0.0008415094339622643
0.002374842767295597
0.00025786163522012554
0.0006226415094339625
-0.00511320754716981
-0.0022088050314465414
-0.00027169811320754725
-0.0017358490566037738
-0.003778616352201258
-0.002340880503144654
0.0029723270440251575
0.000651572327044025
-0.0008301886792452834
-0.0013119496855345909
0.002157232704402516
0.00039999999999999975
-0.002241509433962264
-0.00012830188679245294
8.553459119496864e-05
-0.00219622641509434
0.0012943396226415096
-0.0005672955974842761
-0.0006666666666666668
0.000718238993710692
-0.003314465408805031
-0.0010968553459119496
0.001807547169811321
-0.0004654088050314468
-0.0031157232704402513
-0.0010062893081761001
0.005177358490566038
7.672955974842777e-05
-0.00016981132075471661
0.001344654088050314
6.28930817610046e-06
-0.0009358490566037741
0.0039786163522012585
-0.00229559748427673
0.001426415094339623
0.002289308176100629
-0.0021220125786163527
-0.0014867924528301887
0.0009660377358490572
-0.00013836477987421396
0.0026150943396226417
0.001363522012578616
-0.0033509433962264153
-0.00017861635220125808
-0.0011811320754716976
-0.002002515723270441
0.00110188679245283
-0.0017182389937106918
0.003984905660377359
-0.0016981132075471706
-0.0007547169811320754
-0.00043522012578616344
0.001304402515723271
0.003791194968553459
-0.0026377358490566037
0.0007081761006289312
-0.00360880503144654
-0.001184905660377359
-0.0016477987421383644
-0.0018540880503144662
0.0002364779874213837
0.0001232704402515723
0.0010075471698113207
0.0011044025157232703
0.003481761006289308
0.004318238993710692
0.0025446540880503144
0.0008566037735849056
0.0008264150943396228
-0.0006779874213836472
-0.0004654088050314468
-0.0009471698113207545
-1.7456336865175418e-19
-0.002183647798742138
0.0015295597484276727
0.0003484276729559753
0.0008125786163522015
0.0026238993710691826
-0.0002566037735849055
-0.00036226415094339667
1.6352201257861232e-05
-0.0012842767295597483
2.1383647798742313e-05
-0.0032679245283018872
0.0019874213836477985
-0.001020125786163522
0.0031421383647798743
-0.0008616352201257864
0.0006276729559748431
0.0032276729559748436
-0.001606289308176101
0.0027333333333333333
-0.0001396226415094336
-0.0007257861635220122
-0.0004943396226415088
0.0008540880503144654
0.0006037735849056607
0.001215094339622642
-0.0009169811320754717
-0.0009522012578616351
0.0005069182389937106
-0.00023018867924528275
-0.002120754716981132
-0.0005849056603773582
-0.0006943396226415097
0.0010025157232704401
0.00030566037735849013
0.000825157232704402
-0.0012314465408805036
-0.0012352201257861636
0.0012138364779874212
-0.0015735849056603773
-0.00023144654088050348
0.0005383647798742137
0.002681761006289308
-0.0015169811320754716
-0.0005798742138364781
-0.0010981132075471706
-0.0020729559748427673
-0.0011421383647798743
-0.0011383647798742145
-0.002689308176100629
0.0017132075471698114
0.0022616352201257866
-0.0009257861635220126
0.0023496855345911953
-0.0014238993710691825
-0.0004955974842767297
-0.0017773584905660378
0.00400503144654088
0.0003547169811320755
-0.0007974842767295599
-0.0018050314465408804
8.553459119496838e-05
-0.002633962264150943
-0.0008125786163522012
-0.001188679245283019
0.0010691823899371066
0.0005232704402515724
0.0007270440251572331
-0.00015220125786163477
-0.000641509433962264
0.0006452830188679241
-0.001067924528301887
0.004042767295597485
0.000578616352201258
0.0007169811320754717
0.0016301886792452825
0.0017006289308176099
-0.00034591194968553466
-0.003008805031446541
0.00020880503144654118
0.004275471698113208
-0.0014716981132075475
0.0019509433962264153
-0.0001182389937106919
0.003217610062893082
0.002654088050314466
-0.0025383647798742134
-1.1320754716980758e-05
-0.0014113207547169814
-0.0012704402515723273
-0.002437735849056604
-0.0031295597484276723
-0.001264150943396226
0.0005773584905660377
0.0010943396226415093
-0.0014050314465408804
0.002115723270440252
-0.0013710691823899373
0.0023320754716981136
5.534591194968572e-05
0.002976100628930818
0.0021358490566037733
-0.001223899371069182
0.0024314465408805034
-0.0011559748427672958
-0.0007006289308176102
-3.3962264150943324e-05
0.0004616352201257859
-0.00048805031446540865
0.0001371069182389937
0.001347169811320755
-0.0013886792452830186
-0.0017773584905660376
0.0006125786163522018
0.001680503144654088
-0.003554716981132075
0.0005396226415094337
-0.0006075471698113212
-0.0010050314465408806
0.002089308176100629
-0.0009056603773584903
0.00012955974842767325
-0.002768553459119497
-0.0034867924528301886
0.002867924528301887
-0.000319496855345912
-0.0009283018867924529
0.002216352201257862
0.001739622641509434
-0.0012465408805031445
-0.0013647798742138365
-0.00320251572327044
0.0006050314465408805
0.0005710691823899372
-0.0003270440251572328
0.0003861635220125787
0.0025433962264150944
0.001179874213836478
0.006158490566037737
0.002766037735849056
0.0022238993710691824
0.0017773584905660382
0.00011572327044025192
-0.0012981132075471696
-0.002242767295597485
0.0016314465408805029
-0.0005484276729559753
-0.000290566037735849
-0.0020314465408805037
0.0014981132075471701
-0.0005597484276729561
0.001877987421383648
0.0006213836477987418
-0.0017773584905660378
0.006840251572327045
0.0009786163522012576
-0.001207547169811321
-0.0034276729559748424
-0.0012779874213836482
0.0036503144654088052
0.0010742138364779879
-0.0012226415094339623
0.0010125786163522014
-0.003562264150943396
-0.0008352201257861643
-0.0021509433962264156
-0.00043396226415094334
0.0009559748427672958
-0.003244025157232704
-0.002308176100628931
0.0026754716981132083
0.0009408805031446545
0.0003672955974842768
-0.0007144654088050315
-0.001559748427672956
-0.001711949685534592
-0.0006037735849056602
-0.0032880503144654093
0.0021647798742138367
0.0012591194968553452
0.0008666666666666671
0.002750943396226415
-0.0014176100628930813
-0.0018465408805031448
0.0008805031446540878
0.002635220125786163
-0.001913207547169811
-0.0004918238993710699
0.0016452830188679248
0.0030226415094339616
-0.004081761006289308
-0.0044364779874213845
0.0007132075471698114
-1.2578616352201008e-05
-0.0004893081761006291
0.0021182389937106924
-0.0009987421383647799
0.0009157232704402518
0.0034830188679245287
-0.0005559748427672956
-0.0007773584905660381
0.0006264150943396233
-0.005093081761006289
0.00048553459119496904
0.002977358490566037
-0.0023962264150943395
-0.0004012578616352196
0.0013270440251572323
0.0021773584905660378
0.0009283018867924527
0.0004352201257861632
-0.0006163522012578619
-0.004436477987421384
0.0016503144654088052
-0.000788679245283019
5.660377358490567e-05
-0.001079245283018868
-0.0002628930817610062
0.00220125786163522
0.0020792452830188687
0.002163522012578616
0.002522012578616352
0.0015924528301886791
0.0012163522012578617
-0.0026289308176100632
0.0021308176100628936
-0.00013333333333333402
0.0015081761006289311
-0.0011672955974842765
-3.647798742138469e-05
-0.0033157232704402514
-0.0007534591194968555
-0.0014641509433962268
0.00012327044025157218
0.0006402515723270437
-0.0013886792452830192
-0.001977358490566038
-0.0026427672955974856
0.001889308176100629
-0.0016817610062893075
-0.0026993710691823893
0.0003559748427672953
-0.0024553459119496853
0.00034716981132075486
0.0005433962264150945
0.0013132075471698117
-0.0020603773584905666
-0.0009836477987421382
-0.001781132075471698
-0.00011949685534591188
0.006145911949685534
0.002888050314465409
-0.0007773584905660381
-0.0005987421383647801
0.00021006289308176092
-0.00011698113207547138
-0.0023345911949685535
0.0021421383647798747
-0.001167295597484276
0.00029685534591194975
-0.0013610062893081767
-0.0033018867924528295
-0.00090062893081761
-0.002144654088050315
0.0002062893081761007
-0.002906918238993711
0.0009836477987421378
-0.0020062893081761006
-0.0005899371069182384
0.0007672955974842766
-0.0016226415094339622
-0.00021509433962264217
-0.0015232704402515726
-0.0015320754716981134
-0.0015911949685534583
0.0018578616352201258
0.0009836477987421387
-0.0003635220125786163
-0.0003672955974842768
0.0007471698113207547
-0.0022905660377358496
-0.0026012578616352207
0.0006301886792452829
0.0007949685534591195
-0.00029433962264150955
0.0004893081761006288
0.0007685534591194968
0.00032452830188679235
-0.0015283018867924528
-0.000578616352201258
0.0001610062893081772
0.0012238993710691824
8.301886792452832e-05
-0.0010477987421383653
0.0008779874213836476
0.00029433962264150933
-0.0006817610062893081
0.0033798742138364778
0.0011911949685534595
-0.001810062893081761
-0.0010955974842767296
0.0003572327044025155
0.0009094339622641506
0.0022918238993710695
-0.0034779874213836473
0.0017320754716981133
-0.0010188679245283017
0.0004603773584905663
-0.001837735849056604
0.0009257861635220126
0.0010654088050314466
0.0010968553459119498
0.0008238993710691825
3.522012578616335e-05
0.0026830188679245284
0.002369811320754717
0.0027496855345911955
-0.0009371069182389931
9.937106918238982e-05
-0.0018981132075471703
0.0009245283018867926
0.0002893081761006292
-0.0002301886792452831
0.0005446540880503146
-0.00013207547169811297
0.00040880503144654127
-0.002042767295597484
-0.002805031446540881
-0.0012729559748427674
9.685534591194985e-05
0.0014540880503144651
-0.0033622641509433973
0.0010050314465408804
0.0011056603773584904
-0.0023522012578616356
1.3836477987421954e-05
-9.811320754717e-05
0.004056603773584906
0.0019132075471698115
0.0016666666666666668
-0.005674213836477988
-0.00013207547169811324
-0.0005811320754716984
0.0011396226415094338
0.002836477987421384
-0.00028301886792452864
3.2704402515722634e-05
0.0004339622641509428
0.0013584905660377366
-0.0010515723270440253
0.0017547169811320757
-0.000323270440251572
0.00041132075471698076
-0.001718238993710693
0.0008389937106918244
0.0006314465408805034
0.0036012578616352203
0.0017031446540880506
-0.0026213836477987423
-0.00020125786163522022
0.0011257861635220123
-0.0006930817610062896
0.0018264150943396226
0.0016691823899371075
9.559748427673038e-05
0.0042855345911949685
-0.0028012578616352203
-0.0012729559748427671
0.0007232704402515726
0.0023408805031446545
-2.8930817610063023e-05
0.00035220125786163516
0.0023031446540880507
-0.003309433962264151
-0.0008075471698113206
-0.0006402515723270437
-0.0019220125786163522
-0.0004037735849056606
0.001426415094339623
-0.001152201257861635
-0.001210062893081761
-0.0005446540880503143
-0.001066666666666667
0.0008427672955974845
8.176100628930816e-05
-0.0009371069182389934
0.0011911949685534586
0.0005446540880503143
0.00250314465408805
-0.001437735849056604
-0.0028578616352201262
-0.003914465408805032
0.00018993710691823901
0.0009610062893081759
0.0018993710691823902
-0.0003823899371069186
-0.0008729559748427666
0.00024276729559748425
-0.003119496855345912
0.0014339622641509433
0.000508176100628931
-0.0014654088050314465
-0.0001610062893081759
-0.0006327044025157231
0.0020452830188679248
0.002701886792452829
-0.0004930817610062896
-0.0027874213836477984
0.001675471698113207
0.0029874213836477994
-0.0012729559748427671
-0.00010314465408805047
0.0039874213836478
0.00038490566037735854
-0.002065408805031447
0.0004465408805031448
0.0005471698113207542
-0.0024515723270440255
-0.0014100628930817601
-0.00041132075471698055
-0.0003584905660377356
0.0011169811320754718
0.00028301886792452853
0.0006968553459119494
0.0018578616352201253
-0.0003874213836477987
-0.00190188679245283
-0.0015371069182389936
0.001659119496855346
0.0028930817610062893
-0.000851572327044025
-0.0012817610062893085
-0.0026767295597484287
0.0016855345911949682
0.00015220125786163556
0.001747169811320755
-0.0006050314465408804
0.0025899371069182395
0.0028062893081761
0.0010314465408805032
-0.0024981132075471697
0.000838993710691824
-0.00011194968553459126
0.0033849056603773584
-0.0007911949685534594
-0.0027861635220125785
-0.00032578616352201207
0.0024666666666666674
-0.00040251572327044055
0.003221383647798742
-0.00350062893081761
-0.0016490566037735848
0.0017144654088050318
0.001142138364779874
0.001981132075471699
0.0004100628930817614
2.5157232704403063e-05
0.002625157232704403
-7.42138364779878e-05
0.0035798742138364783
0.0036138364779874223
0.0014188679245283017
0.0002880503144654088
0.0012364779874213835
0.0011320754716981135
0.0028729559748427672
-0.000417610062893081
-0.0010842767295597487
0.0011471698113207547
0.0003811320754716982
0.0005459119496855338
-0.00012075471698113252
0.00099748427672956
0.0014402515723270439
0.00016100628930817583
-0.0012503144654088052
0.0002301886792452829
0.0014402515723270439
0.0012000000000000001
-0.002391194968553459
0.0009735849056603773
0.0014314465408805032
-0.0005773584905660379
-0.0024314465408805026
-0.0006150943396226418
0.001314465408805031
0.001289308176100629
0.0009622641509433968
-0.002470440251572327
-0.000670440251572327
-4.025157232704413e-05
-0.0026742138364779875
0.00028679245283018894
0.0015069182389937106
0.00024402515723270468
-0.0006805031446540882
0.0019245283018867925
0.0026012578616352203
0.00015849056603773603
-0.004592452830188679
-0.002348427672955974
0.002367295597484277
-0.0024352201257861633
-0.0015157232704402514
-0.00017484276729559726
0.001992452830188679
-0.0005786163522012581
0.00010943396226415076
0.0009723270440251583
-0.001309433962264151
-0.001646540880503145
-0.002127044025157233
0.00045911949685534595
0.0008742138364779868
7.547169811320762e-05
-0.00370817610062893
0.004377358490566037
0.00010188679245283014
-0.0020301886792452833
0.0003572327044025153
0.0004729559748427672
0.0022226415094339625
0.002511949685534591
0.0024188679245283015
-0.002371069182389937
-0.0008276729559748426
-0.001108176100628931
0.0014578616352201262
4.528301886792478e-05
-0.0029157232704402525
0.0009484276729559746
0.0013761006289308173
0.0006729559748427675
-0.0006440251572327044
-6.289308176100591e-06
0.001304402515723271
-0.00047295597484276733
0.002561006289308176
0.0013522012578616354
-0.0010062893081761006
7.798742138364781e-05
-0.0007157232704402515
-0.0022075471698113206
-0.003184905660377359
0.0037018867924528288
-0.0029358490566037737
-0.003411320754716981
0.0004905660377358492
0.0032666666666666673
0.001675471698113208
0.0002553459119496857
0.0017949685534591198
-0.0015710691823899372
-0.0011371069182389939
-0.0024113207547169814
-0.0023031446540880507
0.00020125786163522038
0.002729559748427673
-0.0005132075471698111
-0.0023106918238993716
0.0018465408805031444
0.0014452830188679243
-0.0012352201257861634
0.000922012578616352
0.0022327044025157233
-0.00037735849056603755
-0.0022176100628930814
0.0009371069182389935
-0.0027811320754716983
0.000908176100628931
-0.0007081761006289306
-0.002182389937106918
0.0038314465408805028
0.0001433962264150946
-0.00047421383647798754
-0.0014628930817610067
0.0014427672955974846
-0.0015534591194968556
0.0007584905660377364
-0.001983647798742138
0.0013823899371069185
-0.001010062893081761
0.0003622641509433964
0.0006968553459119495
0.00024654088050314507
-0.00045408805031446533
0.0028301886792452833
0.00491572327044025
-0.002981132075471698
0.004108176100628931
-0.005665408805031447
0.005311949685534592
2.1383647798742272e-05
-0.0007459119496855348
-0.0019056603773584912
-0.0018364779874213842
-0.0004314465408805029
0.0011471698113207547
-0.0022654088050314465
-0.001856603773584905
0.0013584905660377364
-0.0020628930817610065
0.003691823899371069
0.00025786163522012587
0.0012301886792452827
-0.003948427672955975
0.0035245283018867923
-0.0002566037735849056
-0.0015886792452830185
-0.0002540880503144656
-0.0005685534591194974
0.00012578616352201252
0.002133333333333334
-0.0017157232704402517
0.003232704402515724
0.0001182389937106919
0.0029270440251572337
0.0009987421383647796
0.0012943396226415096
-0.0016566037735849062
-0.0002691823899371066
-0.0030893081761006282
-0.0015257861635220127
0.002338364779874214
8.427672955974814e-05
0.0013446540880503147
0.00028301886792452875
-0.0005295597484276733
0.0023119496855345915
-0.0010905660377358488
0.0016867924528301884
0.0029886792452830193
-0.0024226415094339617
-0.0005962264150943402
0.00014716981132075426
-0.0018490566037735851
0.0011421383647798745
-5.2830188679244965e-05
0.0008679245283018863
0.00015094339622641505
-0.00018364779874213873
0.0005220125786163517
0.00240125786163522
0.0013182389937106923
0.002373584905660377
0.0014955974842767296
-0.0010339622641509436
-0.0017622641509433962
-0.0019647798742138366
0.0008289308176100628
-0.0016930817610062894
0.0007710691823899378
0.002070440251572327
-0.0012830188679245284
-0.002850314465408805
-0.003942138364779874
-0.0005547169811320757
-0.0025786163522012583
0.006608805031446542
0.001162264150943396
0.0013911949685534593
0.0028238993710691827
-0.00035597484276729546
0.0007484276729559748
0.0019446540880503147
-0.0011283018867924528
0.0006037735849056601
-0.00037232704402515693
-0.000657861635220126
0.0032163522012578615
0.00017232704402515706
-0.0003899371069182387
-0.0008842767295597485
-0.001177358490566038
2.3899371069182945e-05
0.003563522012578617
-0.0018075471698113202
-0.0036440251572327047
-0.001958490566037736
-0.0003207547169811315
-0.0012339622641509434
-0.001889308176100629
0.0038327044025157245
0.0019597484276729564
0.0010440251572327044
0.0033446540880503143
-0.0037182389937106923
-0.002149685534591195
0.0007710691823899368
-0.0029660377358490565
0.0013849056603773586
0.00011194968553459108
-0.0006465408805031445
-0.003514465408805032
0.00040000000000000056
-0.0014767295597484281
-0.005030188679245284
3.3962264150943846e-05
-0.002649056603773585
0.0018981132075471703
-0.0023597484276729557
-0.0011798742138364778
-0.002950943396226415
0.0027295597484276735
0.0027672955974842772
-0.0016540880503144654
-0.003616352201257862
0.00043647798742138376
0.001669182389937107
-0.0025622641509433965
-0.0018792452830188675
0.0024515723270440255
3.144654088050291e-05
-0.0018591194968553455
-0.0025672955974842767
-0.0007157232704402516
-0.0017786163522012577
-0.0012767295597484274
0.001979874213836478
-0.0014402515723270432
0.0027383647798742143
-0.0013572327044025156
0.0030289308176100634
0.0015660377358490565
-0.0014716981132075467
0.0041056603773584905
-0.000719496855345912
-0.00023396226415094338
0.0018993710691823902
-0.002646540880503145
0.0011874213836477981
0.0023144654088050323
-0.0014817610062893081
-0.00069811320754717
-0.0013157232704402513
0.0003547169811320753
0.00033710691823899406
-0.0028691823899371074
0.001133333333333333
-0.0015962264150943394
0.002120754716981132
0.000610062893081761
0.0005622641509433964
0.002259119496855346
-0.00339119496855346
0.001440251572327044
0.0023044025157232706
-0.0007194968553459126
0.002783647798742138
-0.0016452830188679246
-0.0006188679245283018
-5.0314465408808e-06
0.0011119496855345916
-0.0007081761006289313
0.0015672955974842767
-0.0019484276729559746
-0.0006742138364779871
-0.00019748427672955973
-0.0007798742138364777
-0.0007144654088050319
0.0026528301886792455
-0.0023496855345911953
0.0018427672955974846
0.0006566037735849058
0.002516981132075472
0.001042767295597484
2.8930817610062413e-05
0.0011660377358490566
-0.0009999999999999998
-0.0014125786163522013
-0.0020553459119496856
-0.0004930817610062894
-0.003430188679245283
-0.0006955974842767292
0.0033471698113207546
0.0016805031446540883
0.001474213836477988
-0.00027421383647798723
0.001138364779874214
0.0019119496855345907
-0.001218867924528301
-0.0010100628930817613
-0.0005660377358490567
0.0004012578616352201
0.0030301886792452833
0.0025937106918238993
-0.00010188679245282987
2.138364779874223e-05
-0.000910691823899371
-0.0004125786163522013
0.003260377358490567
-0.002818867924528301
-0.001306918238993711
4.402515723270462e-05
0.0030352201257861635
-0.00039371069182389914
0.0020490566037735846
0.00047924528301886854
-0.0006
-0.0013182389937106916
0.0020238993710691828
0.0004993710691823901
0.00042012578616352185
0.003672955974842767
0.0013811320754716983
-0.0021748427672955975
0.002236477987421384
-0.002221383647798742
-0.0013710691823899377
0.0027635220125786166
-2.8930817610063372e-05
-0.0014389937106918244
-5.786163522012596e-05
-0.00020377358490566053
0.003725786163522013
-0.0004968553459119495
-0.0018779874213836483
0.003696855345911949
8.050314465408831e-05
-0.000825157232704402
0.0004440251572327049
0.005427672955974843
0.0005735849056603776
0.003621383647798742
-0.0001761006289308175
0.0014477987421383644
0.0018767295597484277
-0.0012993710691823898
0.0031383647798742154
0.001469182389937107
0.0010402515723270443
-0.0005823899371069181
-0.0012176100628930816
0.00027044025157232676
-0.0015798742138364778
0.0005245283018867926
0.00045283018867924566
0.0019106918238993714
-0.0009509433962264155
0.001525786163522012
0.0038553459119496855
-0.0012955974842767297
-0.002535849056603774
0.0003371069182389935
-0.0019433962264150944
-5.031446540880385e-06
0.0024842767295597487
0.0007484276729559748
-0.00033081761006289296
0.0009962264150943396
0.00031698113207547136
-0.0003182389937106915
0.0030905660377358486
0.0013484276729559745
-0.0015157232704402512
0.0014754716981132078
0.0024
-0.0014389937106918241
-0.0014880503144654093
0.0010842767295597485
0.0027081761006289306
0.0028578616352201262
-0.0033886792452830186
0.000440251572327044
-0.00047798742138364735
-0.00026666666666666657
1.383647798742178e-05
-0.001745911949685535
-0.00024528301886792394
2.893081761006285e-05
-0.0029773584905660377
-0.00038364779874213817
-4.528301886792408e-05
0.003222641509433963
0.00019245283018867978
-0.00099245283018868
0.0027647798742138365
-5.911949685534586e-05
0.00020125786163522038
0.0009308176100628932
-0.004085534591194968
-8.427672955974831e-05
0.0023937106918238992
-0.00100377358490566
-0.00031949685534591194
0.0029911949685534596
0.0012566037735849058
0.0008289308176100624
-0.0007157232704402516
-0.0018415094339622646
-0.0005622641509433961
-0.0019849056603773586
0.0006100628930817605
-0.0025496855345911945
0.0007735849056603773
-0.0011295597484276736
0.0021257861635220125
0.0006641509433962266
-0.00032830188679245314
-0.0001308176100628928
-0.0028012578616352195
-0.0012553459119496856
0.0002830188679245279
-0.0010377358490566034
-0.0005974842767295597
0.0018427672955974841
-0.0027999999999999995
-0.0015685534591194969
-0.0025572327044025163
0.00032201257861635193
0.0011911949685534595
0.00014842767295597525
0.0011622641509433961
-0.0013433962264150939
0.0030276729559748426
-0.0026377358490566037
-0.000539622641509434
-0.0022918238993710704
0.0002465408805031453
0.0009496855345911951
-0.0011257861635220123
-0.002622641509433962
-0.0009949685534591196
-0.0024062893081761003
-0.000392452830188679
0.0009245283018867923
0.0014805031446540884
-0.0017547169811320757
-0.001091823899371069
-0.0018465408805031442
0.0008993710691823897
0.000264150943396226
0.00089685534591195
-0.00021761006289308153
-0.001093081761006289
-0.0031471698113207545
0.0014402515723270443
0.003047798742138365
0.0016113207547169804
-0.000616352201257862
8.930817610062904e-05
0.001737106918238993
-0.00038238993710691855
-0.0005899371069182389
-0.0018138364779874212
0.0032981132075471696
0.0004893081761006288
0.0010264150943396233
0.00044402515723270474
0.002192452830188679
0.00025157232704402493
-0.0002767295597484265
-0.0023836477987421384
-0.00015974842767295603
-0.0012666666666666664
-0.0003358490566037738
-0.0010264150943396224
-0.0002477987421383642
-0.0016352201257861635
-0.0010943396226415093
0.0016088050314465403
0.0012729559748427674
0.0011597484276729558
-0.001433962264150943
-0.00026918238993710704
-0.000588679245283019
-0.0007572327044025156
-0.001725786163522012
0.0009295597484276728
0.0009018867924528297
-0.000530817610062893
-0.00110062893081761
0.0022566037735849065
0.0010918238993710694
-0.0001710691823899374
0.0004603773584905659
-0.002781132075471698
0.0008603773584905655
-0.00169811320754717
0.00024779874213836457
0.0015194968553459121
0.0029610062893081755
-0.0009836477987421393
-0.001567295597484276
0.0008289308176100627
-0.0025886792452830187
-0.002971069182389938
-0.001583647798742138
-0.0004301886792452833
-0.0025547169811320747
0.0008012578616352201
-0.005040251572327043
-0.0027937106918238994
-0.0011836477987421379
0.0004276729559748432
0.0006150943396226415
-0.00130062893081761
0.0005069182389937108
0.0008452830188679246
0.001728301886792453
-0.0003056603773584908
-0.0018339622641509433
0.001825157232704402
0.002368553459119497
0.0017132075471698112
-0.000867924528301887
-0.0015911949685534592
0.000519496855345912
-0.005155974842767295
-0.0028201257861635216
0.002240251572327044
0.0002779874213836481
-0.005015094339622642
-0.0009987421383647799
-7.04402515723267e-05
-0.002914465408805031
0.0007698113207547172
-0.0012641509433962265
-0.0020364779874213835
0.0010855345911949688
-0.0014591194968553458
-0.002367295597484276
-0.002744654088050314
-0.003422641509433963
-0.000786163522012578
-0.00069937106918239
0.0014578616352201258
0.00047044025157232675
0.0012138364779874218
-0.0009006289308176102
-0.0007459119496855347
0.0013811320754716983
0.0014767295597484284
0.002038993710691824
-0.0032062893081761007
0.0029773584905660377
0.0018591194968553464
0.002407547169811321
-0.0002075471698113206
-0.0008578616352201252
0.0009358490566037736
0.0001308176100628929
-0.0006327044025157227
0.0026025157232704406
-0.002854088050314465
-0.003927044025157233
1.2578616352201618e-06
0.0027119496855345913
-0.002626415094339623
0.0012289308176100632
0.001314465408805031
-0.0011308176100628933
-0.0021836477987421388
-0.0030389937106918233
0.004723270440251573
-0.0021509433962264156
-0.0007031446540880504
-0.0010150943396226412
0.0011408805031446546
-0.0027144654088050316
-0.0005069182389937108
0.001194968553459119
0.0014855345911949694
0.0017031446540880502
0.00027044025157232676
-9.68553459119498e-05
0.0015471698113207544
-0.0008050314465408805
-0.0030075471698113206
-0.003050314465408806
-0.0011672955974842767
-0.0010704402515723272
0.0017194968553459122
0.0006867924528301885
0.0017446540880503144
0.0011069182389937104
0.0039786163522012585
0.0007911949685534587
0.0007635220125786175
-0.0007408805031446541
3.7735849056601363e-06
-0.0013358490566037734
0.004241509433962264
-0.0003547169811320749
0.0016176100628930816
0.0012880503144654081
0.000986163522012579
0.0014490566037735852
0.0006188679245283018
-0.001231446540880503
0.004015094339622643
0.0014163522012578618
-0.0024767295597484286
0.001820125786163522
-0.0018415094339622648
-0.0030880503144654087
-0.0007308176100628935
0.0011710691823899376
0.0005169811320754719
0.0022817610062893083
0.0011886792452830194
0.002338364779874214
0.0015786163522012579
0.002093081761006289
0.0004679245283018868
-0.0014968553459119493
-0.000681761006289308
-0.00370817610062893
-0.00023396226415094354
-0.002828930817610062
0.000578616352201258
0.0016654088050314468
0.0032503144654088046
-0.0015207547169811323
-0.0017006289308176105
-0.0002528301886792446
0.003745911949685535
0.002067924528301887
0.0005849056603773585
-0.0009509433962264159
0.0006150943396226416
0.0011459119496855345
0.0030037735849056603
0.004123270440251572
0.0004628930817610061
0.0005433962264150945
0.0029635220125786162
0.0005308176100628929
0.0046188679245283
0.0008289308176100625
0.002876729559748427
-0.0006918238993710692
-0.003920754716981132
0.003584905660377359
0.0002452830188679245
-0.0005232704402515718
-0.0017169811320754719
-0.0035924528301886794
0.00014465408805031511
0.0021396226415094336
0.003339622641509434
0.0004264150943396228
-0.0022641509433962265
0.00011069182389937062
0.0007119496855345914
0.0008641509433962269
0.0011144654088050315
-0.0004515723270440245
-0.0009597484276729554
0.002057861635220126
0.0035232704402515724
-0.0012301886792452832
-0.0013987421383647798
-0.0018754716981132073
-0.0015371069182389938
-0.0013157232704402518
-0.00016226415094339642
0.00045911949685534606
0.0001371069182389938
0.000563522012578616
-0.001722012578616352
-0.00016352201257861606
0.0025949685534591193
-9.308176100628953e-05
0.0008188679245283021
-0.0030427672955974845
-0.0010716981132075471
-0.0015974842767295598
0.0006176100628930819
0.0020716981132075474
-0.00041006289308176115
-0.0014238993710691823
0.0015459119496855345
-0.0028578616352201254
0.0014125786163522007
0.0023358490566037734
0.00011949685534591197
0.0026993710691823906
-0.0014704402515723274
1.132075471698163e-05
-0.0057861635220125785
-0.001256603773584906
0.0009119496855345914
0.005461635220125786
0.0015610062893081766
-0.002173584905660378
-0.0028754716981132075
-0.001017610062893082
-0.00109685534591195
-0.0008817610062893083
0.002286792452830189
0.0017836477987421388
0.0014075471698113203
0.0017094339622641505
-0.00013584905660377332
-0.004105660377358491
-0.0006188679245283016
-0.0013459119496855348
0.0009358490566037739
-0.001149685534591195
0.00041509433962264155
-0.0006628930817610063
0.0018654088050314463
0.0025157232704402514
-0.001352201257861635
-0.000347169811320755
-0.0015408805031446543
-0.0021911949685534593
-0.0032301886792452826
-0.00020628930817610022
-0.002563522012578617
0.0014880503144654082
0.0019622641509433967
0.0008553459119496856
0.0005132075471698113
0.0008679245283018872
0.0013911949685534593
-0.0002465408805031442
-0.00012578616352201268
-0.0018918238993710689
0.0035572327044025164
0.0006528301886792455
0.0001987421383647798
0.0011572327044025153
0.0005999999999999997
0.001237735849056604
0.002719496855345912
-0.0003559748427672954
-0.0008238993710691824
0.0006364779874213837
-0.0010427672955974849
-0.00015471698113207554
0.0037044025157232704
0.0006503144654088052
0.002855345911949686
0.0013471698113207548
-0.0017987421383647804
0.002630188679245283
-0.0007899371069182392
0.0012867924528301897
0.0012603773584905663
0.0030314465408805024
-0.0013534591194968558
-1.7610062893081567e-05
0.0021761006289308174
0.001844025157232704
-0.002076729559748428
-0.0013547169811320757
0.0008528301886792455
-0.0013559748427672954
-0.0010452830188679239
-4.276729559748446e-05
-0.001083018867924528
-0.0005408805031446535
0.0015937106918238997
-0.0029522012578616363
0.00020251572327043994
0.002309433962264151
-0.0048553459119496855
0.002783647798742139
-0.002109433962264151
0.00269559748427673
-0.0006955974842767295
0.0020742138364779872
-0.0001849056603773588
-0.00260754716981132
0.003420125786163522
0.0012389937106918236
-0.0013647798742138367
0.0007169811320754718
-0.001037735849056604
-0.0005194968553459123
-0.0005119496855345916
0.0019496855345911954
0.00021132075471698121
0.0031371069182389933
0.0020176100628930818
-0.0025710691823899365
-0.0006955974842767295
-0.002852830188679245
0.0014012578616352195
0.0012088050314465408
0.0026389937106918245
-0.00039371069182389946
0.00042012578616352185
0.000309433962264151
-0.001762264150943396
0.002076729559748427
-5.6603773584905626e-05
0.0024163522012578616
-0.0004339622641509436
0.0025433962264150944
0.001811320754716981
0.004166037735849056
0.004827672955974843
-0.0013899371069182387
0.0019232704402515728
0.003969811320754717
-0.0019132075471698115
-0.0007471698113207542
-0.0009257861635220129
0.0013257861635220128
0.0018352201257861636
0.0017849056603773587
0.004125786163522014
-0.0015396226415094337
0.00046792452830188676
-0.0018352201257861636
-0.0002654088050314463
-0.0007044025157232703
0.0010968553459119507
-0.0012452830188679246
-0.0006201257861635222
0.001479245283018868
-0.000640251572327044
-0.0016389937106918242
-0.0013245283018867929
0.00220125786163522
-0.0007433962264150947
-0.00017358490566037735
-0.0005094339622641508
0.0033823899371069185
-0.001518238993710692
0.00032955974842767297
0.002320754716981132
-0.002620125786163522
-0.0019949685534591194
0.001417610062893082
-0.0012163522012578615
-3.647798742138347e-05
0.0024150943396226416
-0.004236477987421383
-0.00027672955974842765
0.0008566037735849053
-0.0015471698113207547
-0.002086792452830189
-0.0002477987421383642
0.002440251572327044
-0.0009496855345911954
-0.0037132075471698117
-0.0010012578616352202
-0.0017081761006289308
-0.001622641509433963
-0.002173584905660377
-0.003422641509433962
0.002062893081761006
0.0006591194968553461
0.0016679245283018867
0.0003911949685534595
-0.0009333333333333338
-0.002715723270440251
0.00026163522012578606
0.0007773584905660376
0.0009169811320754717
-0.0036150943396226413
0.0006855345911949686
9.685534591194985e-05
0.0016389937106918238
0.0003484276729559747
0.0032050314465408808
0.0034855345911949686
0.0016830188679245284
0.0027811320754716983
-0.0010088050314465405
0.0006867924528301891
-1.0062893081761294e-05
0.003256603773584906
0.0031622641509433964
-0.0015886792452830185
-0.0007446540880503148
-3.899371069182432e-05
0.0024855345911949686
0.00033207547169811355
0.0005257861635220128
0.0022213836477987417
-0.0020490566037735846
-0.0011610062893081762
-0.0006515723270440258
0.0001383647798742144
0.0041610062893081765
0.002252830188679245
-0.0026289308176100624
0.0017962264150943397
0.0018515723270440252
0.0018628930817610064
0.0022679245283018863
-0.0014163522012578618
0.00022641509433962267
0.002514465408805031
0.0010716981132075476
0.001280503144654088
-0.0007698113207547175
7.79874213836475e-05
-0.0009358490566037736
0.0040352201257861636
2.0125786163521718e-05
-0.0002075471698113212
0.00027421383647798777
-0.0012691823899371071
0.0036276729559748424
-0.0027547169811320757
0.0013509433962264155
0.0028729559748427672
8.176100628930825e-05
-0.0007735849056603772
0.0023937106918238997
0.0016314465408805033
-0.0021572327044025157
-0.0009509433962264151
-0.00019496855345911928
0.002070440251572327
-0.0009572327044025159
-0.001072955974842767
0.001627672955974843
-0.0027094339622641514
0.0007371069182389938
-0.0007182389937106918
-4.905660377358491e-05
-0.0006150943396226414
0.0017433962264150943
-0.0010578616352201258
0.001923270440251572
-0.0014012578616352201
0.00012578616352201268
0.001333333333333333
0.003361006289308176
0.0013371069182389935
0.003628930817610064
0.0010754716981132082
0.0007245283018867923
7.044025157232644e-05
-0.000223899371069182
-0.002703144654088051
0.0022918238993710704
9.43396226415098e-05
-0.0014540880503144656
-0.0009320754716981132
0.0006138364779874213
-0.002651572327044025
-0.001057861635220126
-0.0020025157232704395
-0.0005408805031446541
-0.0002176100628930813
-0.0013635220125786166
-0.0006327044025157232
-0.0008037735849056604
0.00020628930817610103
0.0029836477987421387
0.0013106918238993711
-0.002861635220125786
0.0002930817610062892
-0.0008930817610062894
-0.0008515723270440259
0.002228930817610063
0.0003345911949685534
-0.0009144654088050313
-0.0002930817610062893
-0.0017547169811320757
-0.0003031446540880509
0.001558490566037736
0.0005899371069182388
0.00250062893081761
0.00043773584905660375
-0.004773584905660377
0.0003874213836477983
-0.0015144654088050313
0.003154716981132076
0.00015471698113207532
0.00109559748427673
-0.0005798742138364778
-0.0013371069182389935
0.0026754716981132074
0.00271069182389937
-0.0004905660377358488
0.00034088050314465414
0.0014163522012578618
0.00269308176100629
-0.0019559748427672953
0.0021345911949685542
-0.0016666666666666674
-0.0013056603773584905
-0.0008327044025157234
-0.0011522012578616355
-0.0012842767295597488
0.0008666666666666668
-0.0029257861635220124
-0.0006251572327044026
-0.003006289308176101
-0.0020188679245283017
0.0009421383647798745
-7.547169811320735e-05
-0.0007761006289308175
0.0011635220125786167
-0.0022515723270440254
0.0025496855345911954
-0.00421132075471698
0.0018477987421383645
0.0014339622641509433
0.0023245283018867922
0.0005685534591194967
-0.0018301886792452832
-0.0005962264150943396
-0.0003672955974842761
0.0004779874213836476
0.0007635220125786164
-0.0007647798742138363
0.002251572327044025
0.003305660377358491
-0.0012100628930817614
0.0010742138364779879
-0.0004025157232704401
-0.0011396226415094338
0.0013547169811320757
0.0016176100628930816
0.0016364779874213835
0.0003358490566037738
-0.0005081761006289306
0.0033534591194968547
-0.0004729559748427672
0.0013823899371069178
0.0016742138364779873
0.0004150943396226416
0.00025660377358490566
0.0018150943396226416
0.0015320754716981134
0.0014553459119496857
-0.0016452830188679241
-0.003875471698113208
0.0015496855345911947
-0.0006830188679245288
-0.0006817610062893082
-0.0011610062893081757
-0.0029622641509433963
-0.002986163522012579
-0.0007220125786163523
0.0002742138364779873
0.0015358490566037735
-0.00032452830188679235
-0.0014327044025157231
0.0008855345911949687
-0.00200503144654088
-0.0024490566037735848
0.003089308176100629
-2.641509433962292e-05
-2.5157232704402365e-05
-0.0004817610062893078
0.0004691823899371068
-0.0006276729559748428
-0.0013081761006289313
-0.0002402515723270436
0.0012000000000000003
0.00012830188679245302
0.002352201257861636
0.0012264150943396223
0.0005018867924528305
-0.0005232704402515724
-0.0020641509433962264
0.003215094339622642
-0.0013069182389937107
-0.0019031446540880494
-0.003172327044025157
-0.001220125786163522
0.00023647798742138345
0.001237735849056604
0.002768553459119497
0.0024037735849056605
0.0007031446540880504
0.0015270440251572326
0.0013823899371069185
0.0016955974842767293
0.00027798742138364775
0.0028088050314465404
0.0020440251572327044
-0.0028238993710691827
-0.000259119496855346
-0.0010591194968553462
0.0008389937106918239
-0.0001647798742138364
0.0009849056603773582
-0.002339622641509434
0.002212578616352202
-0.0008440251572327034
0.0011911949685534588
-0.0014415094339622642
0.000683018867924529
0.002277987421383648
0.002743396226415094
-0.00037610062893081756
-0.001504402515723271
-0.00040251572327044044
0.0002742138364779876
-0.0005773584905660377
-0.0004666666666666664
-0.00022264150943396218
-0.0013987421383647796
0.0004226415094339623
0.0006389937106918242
-0.002011320754716981
0.0008327044025157235
-0.0005962264150943396
-0.0017207547169811326
-0.0004289308176100632
0.0007786163522012579
0.00025408805031446545
5.66037735849051e-05
-0.0011132075471698114
-0.0010037735849056598
-0.0002528301886792456
0.0014251572327044024
-0.00079496855345912
0.0019308176100628926
0.0013220125786163521
-0.002187421383647799
-0.00240125786163522
-0.0005144654088050315
0.0011194968553459117
-0.0005735849056603779
0.0037157232704402516
-0.005538364779874214
0.0016943396226415089
-0.001013836477987421
-0.0006842767295597485
0.00018490566037735864
0.0005320754716981129
-0.00010188679245283014
0.0028817610062893085
-0.0025358490566037735
-0.0028515723270440252
0.0008616352201257868
0.0005144654088050316
-0.0009245283018867923
0.0012603773584905658
-0.0005874213836477985
0.003051572327044025
-0.001615094339622642
0.003168553459119497
-0.0018779874213836483
0.002911949685534592
0.0005446540880503144
-0.002815094339622642
7.547169811320971e-06
0.00020377358490566028
0.0003584905660377357
0.003256603773584906
-0.002032704402515723
-0.0002679245283018869
0.0024201257861635223
-0.001431446540880503
0.0005408805031446545
-0.003075471698113208
-0.0019182389937106928
0.0010314465408805032
-0.003132075471698114
-0.0029433962264150937
0.0010742138364779874
0.00018616352201257855
-0.000657861635220126
-0.00037987421383647786
-0.002519496855345912
0.0008490566037735848
-0.0014842767295597489
0.0024540880503144662
0.004498113207547169
0.0014830188679245287
-0.0008427672955974837
0.0026452830188679246
-0.0029786163522012594
-0.0004905660377358492
0.0025522012578616353
-0.00169811320754717
0.004387421383647799
0.000309433962264151
0.00027798742138364775
-0.0013257861635220124
0.0013257861635220126
0.0010767295597484277
-0.0009295597484276732
-0.0030666666666666663
0.0013295597484276724
0.0014213836477987413
3.899371069182388e-05
-0.005363522012578616
0.0001547169811320752
0.0011132075471698116
-0.00041132075471698103
-0.000683018867924528
-0.00014591194968553424
0.002737106918238994
0.0007232704402515724
0.00120377358490566
-0.003055345911949685
0.001582389937106918
0.0017245283018867933
0.0019044025157232709
0.0024012578616352206
-0.002266666666666667
-0.003088050314465409
-0.0029345911949685533
-0.001379874213836478
-5.283018867924461e-05
0.0012465408805031443
0.0016578616352201257
0.0019358490566037737
-0.0015220125786163518
0.0008704402515723272
-0.002026415094339623
0.00035094339622641544
-0.0023006289308176104
-0.0014591194968553462
-0.0011937106918238991
0.0011283018867924526
0.0020314465408805033
0.0020855345911949693
0.0004893081761006288
0.0008327044025157234
0.00409433962264151
-0.0017761006289308174
-0.002418867924528302
0.0005295597484276733
-0.004261635220125786
-0.0019647798742138366
-0.001422641509433962
-0.0009773584905660379
-0.002584905660377358
0.001129559748427673
0.001337106918238994
0.00012075471698113178
-0.0008616352201257862
0.0008251572327044028
0.0015308176100628933
0.00047547169811320775
-0.00039371069182389876
0.0008377358490566037
0.0015999999999999994
0.0017421383647798741
0.0004905660377358493
0.0025572327044025163
-0.0032641509433962265
0.0008679245283018867
0.0024138364779874217
-0.00016352201257861627
0.003350943396226415
-0.0023924528301886797
-0.0018754716981132077
0.0016691823899371075
0.0011987421383647802
0.0035974842767295596
0.0005232704402515719
-0.0008553459119496856
-0.0001320754716981135
-0.002056603773584906
0.000745911949685535
-0.0013018867924528305
-0.0012427672955974845
-0.0011861635220125786
0.0030327044025157245
0.0015899371069182384
0.002044025157232705
-0.0005295597484276728
0.003583647798742139
0.0026591194968553465
-0.0009245283018867928
0.0013911949685534596
-0.0007006289308176099
-0.0018389937106918239
0.002457861635220126
0.0038603773584905653
-0.0020477987421383646
-0.00080503144654088
-0.001808805031446541
-0.0020817610062893077
-0.0032264150943396228
0.0014968553459119498
-0.00011069182389937123
0.00014213836477987483
-0.0014050314465408802
-0.004217610062893082
0.00269559748427673
0.0038100628930817612
0.003388679245283019
0.0030062893081761006
-0.0029622641509433963
0.0013937106918238996
-0.003373584905660378
-0.00401132075471698
-0.0008779874213836481
0.0016062893081761006
-0.0016704402515723275
-0.001130817610062893
-0.0006930817610062888
0.0009924528301886793
-0.0006389937106918241
-0.0009836477987421382
0.003789937106918239
-0.002929559748427673
0.002033962264150943
0.0007647798742138362
-0.0019685534591194964
-0.002057861635220125
0.00046037735849056616
0.0015194968553459128
-0.0003119496855345913
-0.0028981132075471703
0.0017811320754716978
0.0023597484276729557
-0.00035597484276729557
-0.0005446540880503145
-8.301886792452798e-05
-0.0036830188679245293
-0.0004968553459119491
-0.00016226415094339685
0.00028301886792452837
-0.0012515723270440256
-0.001430188679245283
0.0009396226415094338
-0.0023119496855345915
0.0026050314465408805
0.001942138364779874
0.00026163522012578633
-0.0019408805031446547
5.031446540880822e-06
-0.0020088050314465405
-0.0002402515723270436
-0.0015534591194968554
0.002415094339622641
-0.002971069182389937
0.0028000000000000004
0.0006000000000000004
0.0011522012578616353
-0.0031106918238993707
0.0010088050314465413
0.0016905660377358493
-0.002529559748427673
0.0018050314465408808
-0.00044528301886792435
-0.0012226415094339616
-0.0006163522012578623
0.0007672955974842767
-0.0025232704402515724
0.0034628930817610063
0.001749685534591195
0.0015044025157232705
0.002162264150943397
0.0010176100628930822
0.00010062893081760997
0.0010742138364779874
0.002080503144654088
-0.0037408805031446547
0.001442767295597484
-0.0008088050314465407
-0.0006062893081761004
3.773584905660398e-05
0.0016968553459119503
0.0019911949685534596
-0.0024830188679245287
0.001628930817610063
-0.0014515723270440257
0.0025723270440251573
-0.0014226415094339623
0.0008100628930817608
0.004654088050314464
0.002077987421383648
-0.0008679245283018872
-0.001548427672955975
-7.79874213836482e-05
0.0018075471698113202
-0.0025597484276729567
0.0020742138364779877
0.0022201257861635226
0.0005295597484276727
-0.0019044025157232713
0.0015081761006289311
0.002516981132075472
-0.00022767295597484274
-0.0011748427672955972
-0.0008188679245283018
0.0019257861635220128
-0.0013773584905660387
-0.0004176100628930819
0.004164779874213836
0.0016251572327044025
0.0006968553459119492
0.0007974842767295599
-0.0010729559748427677
-0.00430440251572327
-0.0004704402515723272
0.002779874213836478
-0.0012100628930817607
-9.056603773584911e-05
0.0009949685534591196
-0.0002503144654088047
-0.0028213836477987415
0.0022440251572327045
-0.0018704402515723273
-0.0034779874213836473
-8.805031446540906e-05
-0.00025911949685534586
-0.0023635220125786164
-0.0007786163522012579
-0.0025283018867924534
0.002924528301886792
-0.00026037735849056596
-0.00100125786163522
-0.0014830188679245283
-0.0009333333333333335
-0.00011698113207547202
-0.003021383647798742
0.002642767295597484
-0.0006415094339622645
-0.0007836477987421387
-0.00044528301886792435
-0.001158490566037736
0.0006477987421383642
-0.0025836477987421376
0.0017735849056603771
0.004030188679245283
-0.0014440251572327043
-0.0005899371069182394
-0.0026842767295597483
-0.0020805031446540887
0.0033232704402515723
-0.0029962264150943394
-0.00039999999999999986
0.0005471698113207546
-0.0023849056603773584
-0.0025194968553459117
0.0021245283018867926
0.0020628930817610065
-0.0005207547169811325
-0.0003786163522012576
-4.528301886792364e-05
-0.0009723270440251574
-6.666666666666744e-05
-0.0018025157232704405
0.004371069182389937
-0.00190062893081761
0.005885534591194968
0.0011811320754716982
0.002250314465408805
-0.00140251572327044
-0.0015635220125786169
0.00045157232704402534
-0.0005018867924528305
0.0036000000000000003
-0.0008389937106918239
-0.0018377358490566046
-0.00350566037735849
0.0032880503144654093
0.000876729559748427
0.0015723270440251569
-0.0015748427672955972
-0.003665408805031447
-0.001187421383647799
0.0007610062893081764
0.00013459119496855347
-0.00021132075471698108
-0.0022125786163522017
-2.2641509433962214e-05
0.0020930817610062893
0.0003396226415094341
0.0020377358490566043
-0.00070188679245283
0.0020025157232704404
0.0015949685534591199
0.0004893081761006291
0.0018327044025157233
-0.0030150943396226415
0.000366037735849056
0.00020377358490566045
-0.0026138364779874214
0.0013308176100628932
0.00010566037735849115
0.0019207547169811324
-7.547169811320763e-05
-0.002288050314465409
-0.001588679245283019
0.0032050314465408808
-0.0015433962264150944
0.00013962264150943325
-0.0010163522012578618
0.001981132075471698
0.0001471698113207543
0.0003144654088050312
0.00023144654088050332
-0.0005358490566037731
0.0015849056603773584
0.00031069182389937113
0.0028025157232704394
-0.0022955974842767297
-0.000369811320754717
0.0015811320754716986
-0.0023245283018867927
-0.00032578616352201293
-0.0006654088050314467
0.000547169811320755
0.0006389937106918237
-0.0004163522012578617
-0.001427672955974843
-0.0014264150943396226
0.0013748427672955973
-0.0027672955974842764
-0.0005534591194968553
0.0005849056603773585
-0.0014679245283018873
0.0010779874213836475
-0.0005522012578616355
0.0033333333333333335
-0.003777358490566038
0.0015320754716981134
0.0023207547169811324
0.0025635220125786165
0.0005610062893081759
-0.0008930817610062896
0.0005144654088050315
0.000363522012578617
0.0015748427672955972
-0.00299874213836478
-0.002411320754716981
0.0026943396226415096
-0.0010276729559748428
-0.001879245283018868
0.0011572327044025157
0.0012666666666666672
0.0012528301886792455
9.559748427672933e-05
-0.0015257861635220129
0.0020452830188679243
-0.0007773584905660378
-0.001763522012578617
-0.0008729559748427678
0.0007622641509433955
-0.00039622641509433945
-0.0006666666666666665
0.0011119496855345912
-6.415094339622625e-05
0.00030314465408805047
-0.0010251572327044031
-9.433962264150925e-05
0.000767295597484277
0.0002943396226415096
0.0026540880503144655
-0.0009433962264150938
-0.0003622641509433963
-0.0018955974842767296
0.0015522012578616348
0.0005899371069182386
-0.0011471698113207547
-0.00016603773584905683
0.0012415094339622644
-0.0005056603773584906
0.0005949685534591197
-0.0006389937106918238
0.003113207547169811
0.001989937106918239
-0.00011698113207547208
-0.002422641509433962
0.00129559748427673
0.0025446540880503144
-0.0007685534591194969
0.00027421383647798707
-0.0006729559748427674
-0.0005194968553459123
-0.0011924528301886792
-0.0023622641509433964
-0.0004100628930817607
-0.0006176100628930819
0.0019371069182389936
0.0029849056603773586
-0.001011320754716981
-0.005437735849056604
0.00033710691823899335
0.0030100628930817613
0.0026855345911949687
-0.0007270440251572326
0.00034339622641509435
0.002572327044025157
0.0004125786163522014
-0.0016893081761006293
0.0009635220125786165
0.0007006289308176097
0.0019232704402515728
-0.0012125786163522012
0.0005811320754716982
0.0024490566037735848
-0.0010918238993710696
-0.00045911949685534573
-0.001567295597484277
-0.0006226415094339625
0.0006088050314465411
0.001377358490566038
0.0009874213836477987
0.0015647798742138368
-0.0004377358490566039
0.0025509433962264154
0.0014591194968553453
0.00042264150943396216
-0.0007396226415094341
0.0020075471698113205
-0.002139622641509434
0.0009333333333333333
0.00022138364779874194
0.004711949685534591
0.0002000000000000003
0.0007949685534591192
-0.003735849056603774
-0.0011094339622641507
0.002820125786163521
-0.004444025157232706
3.899371069182375e-05
0.002612578616352201
-0.003408805031446541
-4.02515723270443e-05
-0.0009157232704402516
0.001547169811320754
0.0022742138364779873
0.0010251572327044025
0.0019358490566037734
0.0006477987421383648
0.004208805031446541
-0.0009433962264150945
-0.0021295597484276728
-0.0010226415094339622
-2.8930817610063243e-05
-0.002649056603773584
0.0013270440251572327
-0.0013006289308176095
0.0015622641509433959
0.0005559748427672958
-0.0022742138364779878
-0.0008415094339622643
0.0013484276729559747
-0.00031069182389937124
-0.0008138364779874216
0.00013207547169811294
-0.001470440251572327
0.003948427672955975
-0.0035924528301886803
0.003606289308176101
7.92452830188678e-05
3.018867924528336e-05
0.0019610062893081768
0.0001861635220125784
0.0006301886792452837
0.0016251572327044025
-0.0010251572327044025
0.0008163522012578618
-0.0004163522012578617
0.00130188679245283
-0.0014553459119496846
0.0008930817610062892
-0.0006377358490566043
-0.004783647798742138
0.0002062893081761006
0.00043018867924528287
0.0008037735849056599
-0.0013559748427672956
0.0041056603773584905
-0.00035974842767295614
0.003269182389937107
0.003306918238993711
0.00023522012578616346
0.001423899371069183
-0.0028553459119496855
-0.0034037735849056596
0.0013144654088050316
-0.002077987421383648
-0.00046666666666666634
-0.0003660377358490567
0.002470440251572327
0.00038238993710691785
-0.0021635220125786167
-0.0012352201257861634
-0.00047169811320754777
0.0030377358490566043
0.0003257861635220128
0.00033962264150943437
-0.0002553459119496857
0.0006025157232704399
-0.0010716981132075473
-0.0015597484276729564
0.0017547169811320757
-0.0013836477987421382
-0.0014025157232704405
-0.0005534591194968554
0.0021157232704402517
0.0003031446540880505
0.0005962264150943399
-0.0014968553459119498
0.002715723270440251
-0.0011119496855345914
0.0019823899371069183
0.0003698113207547173
0.0010213836477987418
0.0014364779874213847
0.0004226415094339625
0.0011937106918238996
0.004725786163522013
0.0005232704402515733
-0.00044779874213836466
-0.0002905660377358489
-0.0003182389937106917
-0.00210062893081761
-0.003413836477987421
0.00014842767295597498
0.0014880503144654089
0.001038993710691824
-0.0024566037735849052
-0.0004779874213836479
0.001460377358490566
0.0012226415094339625
0.00010817610062893043
0.002679245283018869
0.0007849056603773581
0.0003899371069182383
-0.001739622641509434
-0.0008641509433962269
0.0010993710691823903
0.0018817610062893087
-0.001525786163522013
-0.0006905660377358488
0.0002792452830188682
0.0009899371069182394
6.163522012578593e-05
-0.002056603773584906
-0.00019748427672955956
0.0005182389937106919
-0.003118238993710692
-0.0004415094339622639
-0.0017949685534591191
-0.0027283018867924527
0.0014125786163522013
0.0026503144654088048
0.001387421383647799
0.0028729559748427677
-0.000924528301886792
0.0008666666666666665
-0.0022314465408805034
-0.0007069182389937106
-0.0023408805031446545
0.0007798742138364779
-0.00022264150943396215
-0.00079748427672956
-0.0031220125786163527
0.0011937106918238993
-0.0014666666666666667
0.0010968553459119498
-0.001431446540880503
0.00039748427672955955
0.0007232704402515726
0.003134591194968553
-0.004028930817610062
-0.003811320754716981
0.0009194968553459117
0.000612578616352201
0.0006075471698113204
-0.00289811320754717
9.55974842767296e-05
0.004045283018867924
-9.43396226415094e-05
0.002587421383647799
-0.0018125786163522017
-0.002906918238993711
-0.0022364779874213835
4.025157232704396e-05
0.0011761006289308178
-0.0018327044025157233
0.00031320754716981166
0.0015031446540880503
-0.00014842767295597525
0.0028930817610062893
-0.001149685534591195
-0.00047295597484276706
-0.0013069182389937105
0.003423899371069183
-0.001662893081761006
0.0002893081761006288
-0.00030188679245283064
0.00090062893081761
0.0007610062893081758
0.00031194968553459107
-0.0005421383647798741
0.0005886792452830187
0.0009031446540880498
-0.0017949685534591193
-0.00043773584905660364
0.005359748427672955
-0.0005094339622641514
0.0032415094339622646
0.0024842767295597487
0.00021635220125786216
3.5220125786163486e-05
-0.0003094339622641512
-0.002981132075471699
0.0013106918238993711
-0.0010000000000000009
0.0016327044025157237
0.00019622641509433938
-0.0012138364779874216
0.0016289308176100636
0.0003660377358490567
0.0017735849056603776
0.001270440251572327
0.0032654088050314465
-0.00044905660377358487
-0.0005522012578616349
0.004240251572327044
-0.002757232704402516
-0.0014100628930817612
-0.0005547169811320758
-0.0008918238993710694
0.0023396226415094345
0.0029308176100628935
0.0003962264150943396
2.641509433962244e-05
-0.002566037735849056
-0.00021383647798742123
0.002811320754716981
0.0037308176100628934
-0.0017396226415094345
0.0020226415094339624
-7.295597484276716e-05
0.0017911949685534595
0.0010012578616352208
-0.001881761006289309
-0.0004012578616352201
-0.00036100628930817614
0.0009408805031446541
-0.0010792452830188678
0.002015094339622642
0.002332075471698113
-0.0035635220125786165
-0.000728301886792453
-0.001129559748427673
0.0020238993710691828
0.0017433962264150943
-0.0008981132075471699
-0.0027220125786163525
0.0001911949685534585
-0.0012578616352201255
0.0004616352201257863
-0.0019471698113207546
-0.000890566037735849
-0.0028176100628930826
-0.0013069182389937107
-0.001879245283018868
0.001166037735849056
0.0012062893081761009
0.0030679245283018876
0.0008465408805031448
-0.002246540880503144
0.0009496855345911948
-0.0016113207547169804
-0.004372327044025158
0.0033924528301886784
-9.182389937106928e-05
-0.0007207547169811319
-0.0005408805031446542
-0.0009962264150943396
-0.0014276729559748427
-0.002183647798742138
0.0004930817610062892
-0.0029333333333333334
0.0010943396226415101
-0.0026226415094339627
-0.0002402515723270441
0.0005207547169811319
-0.0009559748427672959
0.0023245283018867922
0.0017295597484276728
0.0034364779874213837
0.0019698113207547176
0.0007509433962264152
0.0004603773584905663
0.001086792452830189
-0.0015245283018867927
0.0021220125786163523
-0.00036100628930817586
0.0024352201257861637
-0.00031069182389937135
-0.003415094339622643
-4.654088050314468e-05
-0.0015911949685534594
0.001524528301886793
0.0022528301886792453
0.0006767295597484276
-0.0016238993710691824
0.00014591194968553492
-0.0005396226415094337
-0.0025823899371069186
-0.0005471698113207551
-0.0004289308176100626
-0.0010138364779874215
0.001316981132075472
0.00015220125786163512
-0.0006704402515723269
0.0009672955974842769
0.0009685534591194973
-0.00014591194968553527
0.000776100628930818
-0.0027295597484276735
0.001149685534591195
0.0021748427672955975
-0.00022264150943396158
-0.0023937106918238997
-0.000810062893081761
0.0007094339622641514
-7.42138364779872e-05
0.0010012578616352202
-0.0016855345911949682
-0.0009132075471698113
-0.0036251572327044026
-0.001216352201257862
0.0014842767295597484
0.0006905660377358493
-0.0012415094339622644
-0.0005006289308176099
-0.0016389937106918236
-1.635220125786158e-05
-0.000161006289308176
0.002587421383647799
5.534591194968542e-05
0.0003018867924528301
0.0018301886792452832
0.0014012578616352201
-9.937106918239033e-05
0.00017610062893081742
-0.0020540880503144656
0.0003383647798742133
0.0008427672955974845
0.0012276729559748422
0.0003572327044025155
-0.0014339622641509433
0.0006238993710691821
0.0018402515723270434
-0.0005899371069182391
-0.0030100628930817613
0.00028176100628930854
-0.0008666666666666668
-0.0010138364779874217
-0.0006088050314465412
0.0030666666666666663
0.005132075471698113
0.002574842767295597
0.0013761006289308175
-0.0013157232704402516
0.0020113207547169812
0.0018415094339622642
-0.001187421383647799
0.004667924528301887
-0.0026993710691823893
0.0022981132075471696
0.0012050314465408805
-0.0015962264150943392
-0.00030566037735849013
-0.0009773584905660377
0.0005295597484276728
0.0005962264150943397
-0.0013270440251572332
-0.0015534591194968556
0.00045786163522012547
-2.1383647798741615e-05
-0.0018427672955974848
0.0018402515723270443
-0.0011786163522012583
-0.0016805031446540876
0.0030842767295597485
0.0013735849056603772
0.0017660377358490566
0.002084276729559748
0.0011924528301886792
0.0012930817610062898
0.0005257861635220126
0.0015320754716981126
0.0020578616352201263
-0.0009106918238993706
0.0031786163522012577
0.0003433962264150943
-0.0007685534591194972
0.002135849056603774
-0.0016440251572327046
0.0012641509433962258
-0.0021421383647798743
-0.0024138364779874217
0.0008427672955974845
-0.002669182389937107
0.003591194968553459
0.0005421383647798748
-0.0024138364779874217
0.003032704402515723
-0.003040251572327044
0.0007610062893081761
-0.0015685534591194966
-0.002888050314465409
-0.00012704402515723243
1.2578616352201531e-05
-0.0011710691823899365
0.0016075471698113208
0.0026389937106918245
0.003240251572327044
0.0015937106918238995
0.0014679245283018864
0.0008138364779874219
0.0009572327044025157
-0.002031446540880503
0.0026389937106918236
-0.0006716981132075468
-0.0012540880503144653
0.00040628930817610014
6.792452830188665e-05
-0.0010716981132075467
-0.0011974842767295596
0.0009157232704402519
0.0011471698113207551
-0.0014138364779874215
-0.0049132075471698105
-0.0029547169811320753
0.0037735849056603774
-0.000733333333333333
0.001622641509433963
0.0008792452830188679
-0.00109811320754717
0.0003622641509433957
0.0011144654088050315
0.0012440251572327042
-0.000786163522012579
-0.002459119496855346
0.0011849056603773583
0.0013886792452830195
0.0004276729559748426
-0.0010540880503144654
-0.002216352201257861
0.003355974842767296
0.0004
0.00110062893081761
0.0008666666666666665
0.0012754716981132077
-0.0019710691823899376
0.0021962264150943395
0.00044905660377358503
0.002713207547169812
0.0008188679245283018
-0.0012289308176100626
0.0022616352201257866
-0.0007534591194968551
-4.7798742138364663e-05
-0.0030918238993710694
0.0023647798742138368
-0.0023484276729559745
-0.0014037735849056607
0.0010327044025157236
0.00010062893081760997
-0.004778616352201258
-0.00041761006289308176
-0.0013308176100628934
-0.0012100628930817611
-0.0036981132075471694
-0.00048679245283018876
0.0018100628930817608
-0.0019358490566037734
0.0008415094339622639
0.000630188679245283
0.0004327044025157229
0.002438993710691825
0.00032452830188679213
-0.001953459119496856
-0.0003396226415094337
-0.001958490566037737
0.0023698113207547174
0.0010238993710691823
-0.000957232704402516
-0.0018566037735849058
0.0018792452830188684
0.0015534591194968559
0.0004817610062893087
-0.003329559748427673
-0.0003999999999999999
-0.0008578616352201258
-0.0024792452830188676
0.001264150943396226
-8.050314465408866e-05
-0.001164779874213836
-0.0004201257861635226
2.5157232704401884e-05
0.0016339622641509436
-0.0027157232704402515
-0.000861635220125786
0.0031597484276729565
0.0008880503144654087
-0.00240125786163522
0.0013106918238993711
0.0053559748427672955
0.00043270440251572345
0.002284276729559748
-0.0031144654088050318
0.0015295597484276727
0.0009169811320754716
-0.0008289308176100631
0.00220125786163522
-0.0012238993710691826
0.0006767295597484286
-0.0007006289308176097
0.00022012578616352222
-0.0028867924528301883
-5.157232704402498e-05
-0.003062893081761006
-0.0016238993710691826
-0.0016201257861635223
0.0002641509433962268
0.0016691823899371075
0.0033358490566037734
-0.00039874213836477997
0.0005874213836477985
0.0008754716981132075
-0.003529559748427673
0.0014968553459119498
-0.001238993710691824
0.0034276729559748432
-0.0017974842767295594
0.0016654088050314468
0.002781132075471698
-0.002028930817610063
-0.002015094339622642
0.0002327044025157236
-0.0006503144654088052
0.0020364779874213843
-0.0018465408805031448
-0.002294339622641509
0.002669182389937107
-0.0019748427672955974
-0.0016364779874213835
0.0020188679245283017
-0.00033962264150943393
-0.0013106918238993711
-0.0003320754716981128
-0.001821383647798743
0.0010578616352201258
0.001558490566037736
0.00219748427672956
-0.0006289308176100634
0.0011522012578616357
0.0015547169811320756
-0.0009396226415094338
0.002183647798742138
0.0004515723270440251
0.0004201257861635222
-0.0023106918238993716
0.000680503144654088
0.0009094339622641508
0.004045283018867925
0.0014201257861635225
0.0009584905660377358
7.044025157232684e-05
-0.000410062893081761
-0.00048679245283018903
0.0009157232704402519
-0.0019144654088050319
-0.0019459119496855347
0.00043522012578616273
-0.0005773584905660375
0.0008314465408805033
-0.0013534591194968558
-0.00031572327044025153
-0.004228930817610063
0.003983647798742138
-0.0018654088050314463
-0.00019622641509434044
0.0011484276729559748
0.0018918238993710695
0.0009748427672955977
0.00219622641509434
-0.0013924528301886797
0.0007899371069182392
0.002388679245283019
0.00013836477987421396
-0.0019169811320754711
-3.8993710691823904e-05
-0.0003157232704402517
0.000543396226415095
0.004357232704402515
-0.00230943396226415
0.0034616352201257868
-0.001231446540880503
-0.0001572327044025163
0.00042012578616352185
0.0001006289308176098
0.001183647798742139
-1.2578616352191362e-06
0.0025471698113207547
0.0007849056603773589
-0.0001748427672955973
-0.0012704402515723273
0.0019119496855345916
0.0012767295597484278
-0.003378616352201258
-0.0008867924528301885
0.00019119496855345884
0.0029081761006289303
0.0020930817610062893
-0.0009761006289308176
-0.00043270440251572275
0.0016490566037735848
-0.0028037735849056607
-0.0018893081761006297
-0.002510691823899371
-0.0010528301886792459
-0.00025031446540880504
-0.001450314465408805
-0.000758490566037736
0.0023849056603773584
-0.0009421383647798743
-0.0005911949685534596
-0.0009635220125786167
-0.0011421383647798743
0.0025257861635220123
-0.0035886792452830187
-0.002247798742138365
0.0008553459119496854
-0.0019408805031446547
0.0036264150943396225
-0.0021408805031446544
0.00016981132075471686
-0.0015949685534591195
8.050314465408835e-05
0.0040905660377358495
0.0018716981132075464
0.001837735849056603
-0.0001006289308176098
-0.00045408805031446533
-6.79245283018869e-05
0.0007459119496855343
0.002111949685534591
7.421383647798702e-05
-0.0011836477987421385
0.0007911949685534585
0.002844025157232704
-0.0005861635220125788
-4.528301886792443e-05
0.0037886792452830192
0.0014691823899371068
0.0013823899371069182
-0.0013459119496855344
-0.0007459119496855345
0.0032440251572327045
-0.0016188679245283024
0.000988679245283019
-0.0025522012578616353
-0.0009874213836477985
0.00199748427672956
-0.0015798742138364785
-0.0008918238993710691
0.001485534591194968
-0.0009660377358490569
-0.0002578616352201262
0.0027106918238993705
0.0007144654088050315
0.0023849056603773592
-0.0031396226415094327
0.0016566037735849058
0.002237735849056604
-0.0015031446540880503
-0.0005823899371069185
0.004836477987421384
-0.004319496855345912
-0.003847798742138365
-0.00016981132075471643
0.002304402515723271
0.0010515723270440253
-0.0006389937106918239
-0.0010289308176100634
-0.0019660377358490565
-0.0014691823899371068
-0.0008930817610062892
0.003047798742138365
0.0017886792452830188
-0.0031974842767295594
0.0032566037735849065
0.0022012578616352222
0.0025735849056603777
0.001182389937106918
0.002167295597484277
0.0008150943396226412
0.003328301886792453
-0.0010591194968553458
0.0037496855345911955
0.0017459119496855344
0.0034955974842767294
0.0005610062893081761
-0.0016968553459119507
-0.0034591194968553456
-0.002454088050314466
-0.0008503144654088049
0.003172327044025157
-0.0033006289308176104
0.0005723270440251575
-0.00015723270440251534
-0.00010817610062893043
0.000628930817610063
0.0016855345911949682
-0.00042515723270440285
-0.0021207547169811328
0.0032465408805031452
-0.003825157232704403
0.0012352201257861634
-0.0017081761006289306
-0.0002452830188679245
0.0026968553459119503
0.0008779874213836478
0.0023496855345911953
0.0027572327044025164
0.0006955974842767298
-0.0010238993710691823
-0.0008603773584905663
-3.2704402515723596e-05
-0.0003358490566037735
0.001489308176100629
0.0011207547169811319
-0.0005647798742138365
0.0013056603773584907
-0.0006327044025157234
-0.0021723270440251576
0.00010188679245282971
-0.0006779874213836477
-0.0023522012578616356
-0.0019761006289308173
0.00459874213836478
-0.0020100628930817617
0.0006704402515723275
0.002911949685534591
-0.0018150943396226416
0.0007886792452830191
0.0008490566037735846
0.0029522012578616346
0.0004893081761006288
0.001991194968553459
0.001529559748427673
0.00017106918238993728
-0.004042767295597484
-0.0009660377358490567
-0.00015723270440251585
0.0018566037735849065
-0.0029295597484276736
-0.0026930817610062896
0.001522012578616352
7.547169811320744e-05
-0.00045157232704402534
0.00035220125786163483
9.811320754717008e-05
-0.004194968553459121
0.0002918238993710694
0.00029937106918238935
-0.0012641509433962265
-0.002771069182389937
-0.0006943396226415093
-0.0010138364779874213
-0.0025937106918239
-0.0041622641509433955
-0.0014226415094339623
0.0005069182389937108
0.0018251572327044022
-0.0015987421383647797
-0.004638993710691824
0.0003031446540880502
-0.0024415094339622647
0.001363522012578616
-0.0005849056603773584
0.002708176100628931
0.0019534591194968554
0.002244025157232705
-0.0030327044025157232
0.00429937106918239
0.0011698113207547173
0.0007396226415094342
0.0018301886792452828
-6.289308176100634e-05
-0.002617610062893082
0.00350188679245283
0.0007748427672955974
0.0007597484276729567
-0.0006113207547169816
-0.0012654088050314469
0.00014716981132075448
0.002252830188679245
0.0009257861635220124
0.00014339622641509455
-0.0030566037735849064
7.295597484276694e-05
0.00034716981132075486
0.001572327044025158
0.004129559748427674
-5.5345911949685024e-05
-0.002242767295597485
0.0006314465408805032
0.002813836477987421
-0.004972327044025159
-0.002135849056603773
-0.0010226415094339622
-0.0006075471698113207
-0.00016981132075471697
-0.0016930817610062896
0.001257861635220126
0.0021320754716981135
0.000840251572327044
-0.0031572327044025158
0.0008628930817610053
0.00016352201257861633
-0.0009169811320754714
0.0031232704402515718
-0.002260377358490566
0.0032301886792452834
0.0010591194968553456
-0.0030754716981132068
0.0017710691823899375
-0.0007647798742138366
-0.0006704402515723277
-0.0006842767295597485
-0.0029949685534591194
-0.0025874213836477988
-0.002449056603773585
-0.00017232704402515711
-0.0003748427672955977
-0.00022138364779874245
0.0008339622641509434
-0.004274213836477986
-0.0019874213836477985
0.0009446540880503148
-0.0009987421383647803
0.0032955974842767298
-0.000833962264150943
0.0005006289308176106
-2.515723270440245e-05
-0.0011660377358490568
0.0015144654088050317
-0.003358490566037736
0.00017610062893081758
0.0026503144654088056
-0.001475471698113208
-0.0019320754716981134
-0.0010251572327044025
0.002656603773584906
-0.0008679245283018861
8.805031446540897e-05
-0.003328301886792453
-0.0040100628930817605
0.0016628930817610067
0.0011937106918239
-0.005793710691823899
-0.0010465408805031447
-0.0015987421383647801
-4.779874213836519e-05
-0.0020477987421383646
0.001018867924528301
-0.000320754716981132
-0.0011672955974842763
-0.004144654088050315
0.00029685534591194904
-0.0033836477987421384
0.0019685534591194973
0.0017069182389937109
-0.004337106918238994
0.0018050314465408808
0.0012968553459119492
0.00014716981132075502
-0.0017094339622641512
0.000327044025157233
0.0001861635220125782
0.0021383647798742145
0.003467924528301888
0.0004477987421383645
-9.68553459119494e-05
0.001067924528301887
-0.00032830188679245335
-0.0026075471698113204
0.0006830188679245284
-0.0017119496855345913
0.002090566037735849
-0.0013811320754716983
0.002582389937106918
-0.001489308176100629
-0.0005169811320754715
0.0011861635220125786
-0.004874213836477987
0.002432704402515724
-0.00020628930817610008
-0.00016477987421383667
-0.002394968553459119
0.0007710691823899368
-0.0012226415094339625
0.0004830188679245286
0.0004025157232704401
0.00032955974842767313
0.0011371069182389934
-0.0006779874213836481
-0.0004742138364779872
-0.0004062893081761002
-0.0016566037735849062
0.0005710691823899372
-0.00219874213836478
0.0016679245283018871
0.002161006289308177
0.0001496855345911954
-0.004519496855345912
-0.0034276729559748432
0.003255345911949686
-0.0009496855345911948
-0.002805031446540881
-0.0001635220125786165
0.0016742138364779873
-0.0005383647798742135
0.00025031446540880504
0.0008188679245283018
-0.00011446540880503149
0.0008591194968553456
-0.001280503144654088
-0.0011283018867924526
0.0016792452830188683
-0.00026037735849056623
-0.0011786163522012581
-0.00017232704402515747
-0.0001182389937106919
-0.0018490566037735851
-4.7798742138364406e-05
-0.0016566037735849055
-0.002189937106918239
-0.0015660377358490561
0.0005308176100628935
-0.0028515723270440252
0.0026276729559748424
0.0019396226415094343
-0.001391194968553459
-0.0007119496855345914
0.003441509433962265
-0.0039949685534591195
0.0027345911949685536
-0.0008402515723270441
-6.289308176100626e-05
-0.0006088050314465404
-0.0002679245283018868
0.0009283018867924532
-0.00020628930817610087
-0.003972327044025158
0.0007194968553459123
-0.0008754716981132077
-0.0017622641509433962
0.002109433962264151
-0.00047798742138364795
0.0011257861635220125
0.002976100628930818
-0.0005798742138364782
-0.0008201257861635218
0.0006968553459119503
0.001021383647798742
0.0024704402515723267
0.002470440251572328
0.0004817610062893082
-0.0032062893081761007
-0.0008125786163522009
0.0036427672955974847
0.0030125786163522016
-0.002548427672955975
-0.004732075471698113
-0.0014465408805031446
0.002237735849056604
-0.001143396226415094
-0.0002477987421383653
-0.0011232704402515726
-0.0001207547169811317
-0.002177358490566038
-0.0010188679245283021
0.0027660377358490573
0.0017534591194968549
0.001225157232704402
0.0032062893081761007
0.00012201257861635273
0.0028465408805031455
-0.0011459119496855343
-0.0011383647798742134
0.0012339622641509436
-0.001125786163522013
0.00015723270440251563
-0.002057861635220126
-0.0023446540880503143
0.0010314465408805032
0.0010226415094339624
0.00012075471698113195
0.0022981132075471696
0.0019333333333333338
0.00037232704402515666
-0.004852830188679246
0.0003056603773584905
-0.0004880503144654091
-0.0010981132075471697
-0.0011823899371069182
-0.0008075471698113209
-0.0006188679245283018
0.0012251572327044021
-0.004922012578616352
0.00014088050314465424
-0.0009333333333333332
0.0005270440251572324
0.0033333333333333344
7.169811320754705e-05
-0.0005698113207547172
0.0015283018867924525
0.0004150943396226413
-0.0007635220125786161
-8.679245283018863e-05
0.0037144654088050316
-0.0034364779874213837
0.0007534591194968555
0.0012553459119496858
-0.003373584905660378
-0.003178616352201258
0.0014540880503144645
-0.00042767295597484316
-0.0009761006289308178
0.00109937106918239
-0.0003182389937106915
-0.000669182389937107
-0.0004050314465408803
0.0005509433962264148
4.4025157232704e-05
-0.000259119496855346
-0.006389937106918237
0.002782389937106918
0.0009723270440251574
0.0002691823899371066
-0.0004352201257861637
0.0009937106918238988
0.0014276729559748434
0.005225157232704402
-0.0012415094339622641
0.00250566037735849
0.004070440251572327
0.0006930817610062892
0.002075471698113208
0.00018867924528301913
-0.0017861635220125791
0.0026037735849056606
-0.0014452830188679245
0.0006088050314465407
0.0015295597484276725
0.002129559748427673
0.001612578616352201
0.003930817610062894
-0.002197484276729559
-0.001939622641509434
0.0008729559748427675
-0.004002515723270438
-0.0011081761006289305
-0.0033484276729559745
-0.0004125786163522012
0.002187421383647799
0.0005924528301886789
0.0008113207547169811
0.000519496855345912
0.002927044025157233
0.002027672955974843
-0.0018830188679245287
0.0005459119496855344
0.00016100628930817626
-0.0032968553459119506
0.0026628930817610068
-0.0033911949685534585
0.0003094339622641508
0.0005874213836477989
-0.0011220125786163522
-0.0010176100628930818
-0.00043522012578616333
0.0007911949685534596
0.0010301886792452829
0.0010943396226415093
1.2578616352199873e-06
-0.0033484276729559754
-0.0005433962264150943
-0.0018955974842767296
0.00069559748427673
0.0027610062893081763
0.002412578616352201
0.004138364779874213
-0.0004427672955974845
0.0007207547169811326
0.0006050314465408805
-0.0012855345911949687
-0.0018339622641509433
-0.0008452830188679244
0.00289308176100629
-0.0011698113207547177
-0.0030327044025157232
0.0018930817610062888
0.0034842767295597487
-0.0007509433962264152
0.0017446540880503144
0.003303144654088051
0.001119496855345912
-0.0003069182389937104
-0.0016779874213836484
-0.0022050314465408808
-0.0003182389937106925
0.0012704402515723275
0.0009283018867924529
-0.001781132075471698
-0.0012628930817610063
0.0014578616352201258
0.0006389937106918233
0.001077987421383648
-0.0009006289308176104
0.0011924528301886792
0.002586163522012579
-0.0005119496855345916
-0.00019119496855345944
-0.0028943396226415096
0.0019584905660377364
-0.00045911949685534595
0.002891823899371069
0.0011056603773584904
-0.002608805031446541
-0.0006012578616352202
-0.001979874213836478
0.000969811320754717
9.68553459119495e-05
0.00045660377358490575
-0.002322012578616352
0.0008742138364779877
-0.0014276729559748427
0.0032075471698113215
0.00180503144654088
-0.0024289308176100627
0.0009144654088050309
0.002827672955974843
0.001525786163522013
0.001987421383647799
-0.0008150943396226415
-0.002672955974842767
0.0006679245283018865
0.0005798742138364779
-0.0005849056603773586
7.67295597484276e-05
-0.001530817610062893
0.0038465408805031455
-0.0002817610062893083
0.0026842767295597483
-0.0010402515723270448
-0.0009572327044025157
-0.002269182389937107
-0.0011031446540880506
0.001513207547169812
0.0007761006289308176
-0.004568553459119498
-0.0013610062893081765
0.0015911949685534594
-0.0001283018867924525
-0.0012238993710691818
0.0003220125786163525
-0.00398993710691824
-0.0017723270440251568
0.002313207547169812
0.0027509433962264154
0.0031006289308176103
0.0037056603773584903
-0.0003257861635220123
3.0188679245283273e-05
-0.0038553459119496855
0.00310188679245283
-0.0009660377358490569
-0.0010276729559748426
-0.0010528301886792457
-0.0024364779874213836
0.0026364779874213833
-0.0021547169811320754
-9.30817610062891e-05
0.00020000000000000074
-0.001938364779874214
-0.0020012578616352204
0.0006289308176100631
-0.000412578616352201
0.0005748427672955979
0.0001823899371069185
0.0020050314465408802
-0.0008113207547169808
0.0015874213836477985
1.006289308176077e-05
-0.00039245283018867947
-2.7672955974843122e-05
-0.0008138364779874219
-0.0018830188679245282
0.002527044025157233
0.002222641509433962
0.002958490566037736
-0.002026415094339622
0.000542138364779874
-0.0003547169811320758
0.0018981132075471694
0.004998742138364779
-0.000833962264150943
0.0014276729559748427
-0.001919496855345912
-0.002276729559748427
-0.0015647798742138362
0.0004893081761006291
-0.0007597484276729557
0.0011056603773584902
0.002493081761006289
0.0017597484276729563
-0.00025786163522012587
-0.00018867924528301872
-0.0002968553459119491
-0.00035597484276729557
-0.0006377358490566038
-0.0007358490566037746
-0.0005320754716981133
-0.00021886792452830168
-0.0019773584905660386
0.0013358490566037738
0.0020276729559748435
0.002362264150943397
0.0035786163522012575
-0.0005421383647798746
0.0019157232704402514
0.0005245283018867925
-0.00028176100628930854
-0.0033685534591194966
0.00230440251572327
0.0003119496855345912
0.0002490566037735847
-0.00020754716981132078
0.00018742138364779862
-0.0034729559748427675
0.0023672955974842766
0.0005899371069182391
-0.00430566037735849
-0.00041761006289308186
0.0022339622641509437
0.00016477987421383667
-0.0008993710691823899
0.00022264150943396253
-0.002113207547169811
0.0008842767295597481
0.003178616352201258
0.0006251572327044028
0.002584905660377359
-0.0035320754716981133
-0.0009182389937106918
-0.0033358490566037743
0.0026289308176100637
0.0005119496855345914
0.0036792452830188686
-0.0021685534591194973
0.003905660377358492
0.0008088050314465412
0.00035471698113207525
-0.0014742138364779874
0.001451572327044025
-0.0020503144654088054
-0.00180503144654088
0.0026955974842767295
0.0034088050314465402
-0.0014037735849056602
-0.003410062893081762
-0.00229433962264151
0.0003383647798742141
-0.0003433962264150944
-0.00299496855345912
0.001270440251572327
-0.0019421383647798746
0.0018389937106918239
0.0005119496855345912
-0.0016905660377358489
-0.0012830188679245286
0.003537106918238993
-9.937106918238982e-05
-0.0008591194968553456
-0.001452830188679245
0.002840251572327045
-0.00048050314465408853
-0.0015358490566037735
0.0008742138364779879
-0.003139622641509434
-0.0007056603773584904
0.002064150943396226
-0.0012113207547169806
-0.001378616352201258
-0.002042767295597484
0.0001283018867924533
0.0019635220125786166
-0.0012503144654088057
0.002306918238993711
-0.0007962264150943392
-0.0005031446540880504
-0.0006176100628930815
0.0018955974842767296
0.0027786163522012576
0.0018993710691823907
0.0006264150943396226
0.0032654088050314465
-0.0040226415094339624
-0.0006754716981132075
0.0011257861635220131
-0.0003044025157232702
0.00013081761006289298
3.0188679245283185e-05
0.0017044025157232712
0.0014968553459119498
-0.001593710691823899
-0.0013270440251572327
-5.031446540880996e-06
-0.0012389937106918243
-0.0014440251572327037
-0.0002427672955974844
-0.00025660377358490566
-0.0005471698113207545
0.003537106918238994
0.0007459119496855349
-0.0008025157232704398
0.004108176100628931
-0.0019157232704402514
-0.0007635220125786161
0.0006842767295597488
0.0003660377358490564
-0.0011408805031446537
-0.0007987421383647799
0.0032641509433962265
-0.0002566037735849052
0.004540880503144654
-0.005509433962264151
-0.0016968553459119496
-0.002396226415094339
0.0004490566037735852
-0.0023169811320754713
0.001144654088050314
-0.0019144654088050315
-0.0018452830188679249
-0.00045408805031446533
0.0006603773584905665
-0.0025761006289308176
-0.004046540880503146
0.0011823899371069182
0.00030062893081761005
-0.002923270440251573
-0.0003383647798742134
0.0009232704402515724
0.002110691823899371
0.0012867924528301889
0.001885534591194969
-0.00046415094339622624
-0.000724528301886792
0.0002842767295597485
-0.0011220125786163525
-0.003373584905660378
0.0002905660377358494
0.005110691823899371
-0.00023018867924528308
-0.00209559748427673
-0.0004893081761006285
0.0010893081761006295
-0.0011157232704402512
-0.002410062893081761
-0.002991194968553459
-0.0036125786163522006
0.0005823899371069183
0.0008918238993710689
-0.0021874213836477986
0.0019056603773584906
-0.00010943396226415094
-0.00100377358490566
-0.0011446540880503148
-0.0005547169811320751
-0.0006125786163522013
0.0035106918238993713
-0.0003597484276729566
0.00017987421383647783
-0.0014729559748427677
0.0019308176100628937
-0.001761006289308176
0.0011635220125786165
-0.0006867924528301885
-0.0014792452830188678
-0.0014113207547169812
0.0006792452830188681
0.0011421383647798752
-0.001583647798742138
-0.0009056603773584907
-0.002657861635220126
0.004771069182389937
-0.0031886792452830194
0.0008654088050314467
-0.0005786163522012582
-0.001090566037735849
0.0007031446540880502
0.0014540880503144656
0.001037735849056604
-0.0002704402515723271
0.00012075471698113213
-0.0007861635220125784
-0.0029283018867924527
-0.004513207547169812
-0.0021006289308176107
-0.0026226415094339627
7.29559748427673e-05
0.0025270440251572318
0.0043710691823899365
-0.004958490566037735
-0.002373584905660377
-0.00014213836477987489
-0.00010943396226415111
0.00030062893081760994
0.0049283018867924515
0.0007295597484276736
0.0013484276729559743
-0.0027056603773584903
0.0008679245283018866
0.0025572327044025155
-0.0017396226415094336
-0.0021421383647798747
-0.0008427672955974845
0.0036943396226415096
-2.3899371069182508e-05
-0.001576100628930818
-0.0002591194968553466
0.0012490566037735853
0.0016025157232704404
-0.003548427672955975
-0.001610062893081761
-0.0019471698113207546
0.003864150943396226
0.002110691823899371
-0.002472955974842768
0.001187421383647799
-0.00019748427672955948
0.0005660377358490562
0.0007433962264150945
0.0018062893081761007
-0.002778616352201258
-0.0020377358490566034
-0.0011270440251572324
0.002167295597484277
0.00038742138364779874
-0.00018113207547169823
0.00015723270440251585
0.0007308176100628926
-0.0014000000000000004
0.0006704402515723272
-0.0016088050314465414
-0.0010792452830188685
-0.001240251572327044
-0.0015333333333333334
0.0014893081761006286
-0.0003132075471698118
-1.132075471698137e-05
-0.001642767295597485
0.0007735849056603772
-0.0031006289308176103
0.002026415094339623
-0.002415094339622642
-0.0007094339622641506
0.0007496855345911949
0.0005710691823899369
0.0013119496855345915
-0.00011194968553459161
-0.0015169811320754716
-0.003935849056603773
0.002890566037735849
0.0006452830188679242
-0.002657861635220126
-0.0005069182389937109
-0.001320754716981132
0.0008339622641509428
0.0011358490566037737
0.0027257861635220128
-0.00028301886792452804
-0.0018981132075471703
0.00038113207547169775
0.0019220125786163513
0.0015647798742138362
0.0010427672955974846
0.0010654088050314468
-0.0005194968553459128
0.001257861635220126
0.0003572327044025157
0.0007773584905660377
-0.0006377358490566043
-0.0011144654088050317
0.0024817610062893083
-0.00349433962264151
-4.402515723270462e-05
0.0008654088050314464
-0.0020100628930817604
-0.0005610062893081759
0.001944654088050315
0.0022893081761006296
0.00046415094339622624
0.004626415094339624
-0.0015647798742138362
-0.0018968553459119502
0.003994968553459121
-0.004879245283018869
-0.0013182389937106912
-0.0023320754716981136
-0.0036792452830188677
-0.0006452830188679247
-0.0021069182389937113
-1.5094339622641243e-05
0.0020641509433962264
-0.0018150943396226414
0.0022515723270440254
0.0013761006289308175
-0.0004943396226415096
-0.00042012578616352185
0.0002163522012578619
0.0037773584905660385
0.0015823899371069186
-0.00016603773584905683
-0.004142138364779875
-0.001608805031446541
-0.0018427672955974835
-0.00022012578616352178
0.0025031446540880503
-0.00010691823899371018
-0.000849056603773585
0.001555974842767296
0.00020503144654088028
-0.0004578616352201258
-0.0038427672955974844
0.0023723270440251572
0.0012993710691823902
-0.002813836477987421
0.0014830188679245283
0.00024150943396226445
0.0031710691823899377
-0.003036477987421384
-0.0002767295597484279
0.002364779874213837
-0.0011723270440251576
-0.0004050314465408807
-0.0008792452830188685
0.0012880503144654084
-0.004872955974842767
0.002617610062893082
-0.00044025157232704444
-0.002090566037735849
-0.0012893081761006287
-0.0003345911949685538
-0.0007522012578616356
0.0034314465408805035
-0.0009245283018867926
0.0018289308176100629
0.003554716981132075
-0.0011283018867924526
-0.0018276729559748425
0.0035735849056603777
-0.0012075471698113208
-0.002169811320754717
0.0010867924528301885
-0.00010314465408805022
0.00011949685534591162
0.0004050314465408809
-0.0029056603773584904
0.0001383647798742139
0.0006729559748427674
-0.00569937106918239
-0.0018264150943396232
-0.0009823899371069183
0.0049119496855345906
-0.0007811320754716975
0.0017044025157232706
-0.0015320754716981137
0.0005031446540880507
0.0008943396226415092
-0.0029257861635220124
-0.003249056603773585
-0.00012704402515723286
-0.0007899371069182386
-0.0015937106918238995
0.001178616352201258
-0.0027308176100628934
-0.0014628930817610073
0.0017471698113207547
0.004262893081761007
0.002247798742138365
-0.0004138364779874209
0.00019748427672955965
-0.002569811320754717
-0.0005194968553459123
-0.001723270440251573
0.00219622641509434
-5.283018867924505e-05
-0.0024628930817610067
0.0022792452830188675
-0.0005408805031446544
0.0035886792452830196
-0.0014251572327044022
-0.0003308176100628935
0.0017257861635220125
-0.0007522012578616351
-0.0005798742138364778
0.0006201257861635223
-0.0026150943396226417
0.0026893081761006294
-0.0012100628930817614
0.0018591194968553464
-0.002171069182389936
-0.0009018867924528303
0.0007547169811320754
-0.0038691823899371074
9.93710691823899e-05
-0.001957232704402516
0.0014540880503144656
-0.004047798742138365
0.0012440251572327047
-0.0009559748427672958
0.0004138364779874216
-0.0011823899371069184
0.002272955974842768
-0.000909433962264151
0.003476729559748427
0.0016138364779874218
0.0002779874213836478
0.0005911949685534593
0.00011572327044025118
0.003361006289308176
-0.0011471698113207547
-0.00089685534591195
3.2704402515722986e-05
0.0027182389937106914
0.0024742138364779874
-0.0009999999999999996
-0.00229811320754717
-0.0010893081761006295
0.001423899371069182
0.0026352201257861642
-0.0006465408805031449
0.0001371069182389938
-0.0002628930817610063
0.0026226415094339627
0.0042012578616352205
0.0009157232704402518
0.0010767295597484282
0.0021056603773584905
-0.0013635220125786166
0.0014352201257861637
-0.0016339622641509436
0.0005018867924528299
0.002106918238993711
-0.00020125786163522014
0.0013685534591194963
0.0021371069182389937
-0.0011849056603773585
0.0015685534591194977
-0.0001232704402515723
0.001450314465408805
0.0021937106918238996
-0.0005094339622641507
-0.0010100628930817606
-0.0012779874213836482
0.00039245283018867936
0.004122012578616352
-0.002651572327044025
0.0001396226415094342
0.002085534591194969
0.002265408805031447
0.0006767295597484276
0.002108176100628931
-0.0003358490566037737
-2.0125786163522327e-05
0.0001018867924528304
-0.000747169811320755
0.000718238993710692
-0.002772327044025158
0.0036716981132075472
0.0026364779874213833
0.0016918238993710692
-0.004149685534591195
0.001676729559748428
0.0027597484276729567
-0.00209685534591195
0.0007157232704402515
-0.0003987421383647803
-0.001642767295597485
0.0016377358490566036
0.000415094339622641
-0.0022968553459119497
0.0004566037735849062
0.00024150943396226488
0.0010000000000000002
-0.00030566037735849083
-0.0012754716981132077
0.0010264150943396224
0.00026415094339622604
-0.0002628930817610065
8.553459119496891e-05
0.0003899371069182393
0.000510691823899371
-0.0021937106918238996
0.001350943396226415
-0.0027006289308176105
0.00026792452830188645
-0.004196226415094341
-0.002318238993710692
-0.0009018867924528302
0.003952201257861636
0.0018993710691823896
0.0007194968553459119
-0.0016930817610062894
2.1383647798742926e-05
0.0021018867924528298
0.0024880503144654093
-0.00016603773584905664
-0.0017559748427672963
0.004529559748427673
0.0011987421383647795
-0.0028930817610062893
0.0005044025157232704
-0.0008314465408805034
0.0004842767295597485
0.0013308176100628928
-0.0008503144654088049
9.308176100628927e-05
-0.0005811320754716978
0.0023459119496855346
0.0028327044025157236
-0.0013748427672955975
-0.0019823899371069183
0.0006138364779874215
0.0006591194968553465
-0.00016855345911949695
-0.0032012578616352197
-0.0004389937106918238
-0.0025308176100628937
0.00018616352201257887
-0.0022213836477987417
0.002509433962264151
-0.0018251572327044022
0.002272955974842768
0.0005823899371069182
-0.0017572327044025155
-0.000716981132075472
-0.002259119496855346
-0.0005157232704402518
0.002405031446540881
0.00037861635220125717
0.0004729559748427676
3.773584905660311e-06
0.0019144654088050319
0.001529559748427673
-0.001554716981132076
-0.0007685534591194968
0.0014603773584905661
0.0021937106918239
0.0039383647798742144
-0.0004993710691823904
0.003651572327044025
-0.004444025157232704
-0.001212578616352201
-0.000667924528301887
-9.937106918239017e-05
0.0006490566037735851
0.0015471698113207544
-0.0011660377358490574
-0.0004767295597484275
-6.792452830188708e-05
-0.0002792452830188679
-0.0014150943396226416
0.00021257861635220115
0.00042641509433962235
-0.0017119496855345913
-0.002861635220125786
0.001738364779874214
0.0008540880503144656
-0.0003773584905660379
-0.0008327044025157237
-0.00049937106918239
-0.0035232704402515724
0.0013597484276729563
-0.001041509433962264
-0.0004050314465408803
0.0012138364779874214
-0.003028930817610064
-0.002220125786163522
-0.0026251572327044025
-0.0012943396226415096
-0.0010654088050314466
0.0031962264150943395
-0.004075471698113208
-3.2704402515723244e-05
-0.0009018867924528303
0.0034616352201257868
0.004388679245283019
-0.00023522012578616337
-0.0015534591194968554
-0.0004415094339622638
-0.0030742138364779877
0.001979874213836478
-0.0038226415094339623
0.000562264150943397
0.0029157232704402516
-0.0022792452830188675
0.001553459119496855
-0.0017685534591194976
-0.0005509433962264153
-0.0018339622641509428
-0.001055345911949685
-9.937106918239008e-05
0.0014075471698113205
-0.003173584905660377
-0.0004125786163522014
0.00022264150943396237
0.0002616352201257859
0.001671698113207547
0.0005433962264150944
5.534591194968511e-05
0.00021132075471698073
0.0006855345911949684
0.0014566037735849059
-0.0007358490566037734
0.000779874213836478
0.0006918238993710697
0.0006628930817610067
-0.0033672955974842775
-0.00042893081761006315
0.00025534591194968534
0.00014968553459119506
-0.000611320754716981
-0.0009320754716981135
0.0014528301886792452
-0.0016025157232704402
0.0016742138364779881
-0.0006955974842767296
-0.00020754716981132078
-0.004041509433962264
0.0006213836477987418
0.0010553459119496855
-0.0006742138364779871
0.0017572327044025155
0.0010163522012578614
0.0009559748427672956
-0.0018452830188679249
-0.0015987421383647797
-0.0027308176100628934
0.003376100628930817
0.0018628930817610064
-0.0005056603773584902
0.0005094339622641507
-0.0015345911949685538
0.003817610062893082
0.002479245283018868
0.00025660377358490604
-0.0023169811320754713
-0.0013069182389937103
-0.0036654088050314467
-0.002075471698113207
-0.0033811320754716977
-0.0011647798742138364
0.0007257861635220127
0.00030314465408805025
0.004279245283018868
0.001991194968553459
0.0019169811320754722
-0.0024893081761006297
-0.001080503144654088
-0.0005610062893081758
0.0011911949685534592
-0.00020503144654088039
-0.0002553459119496856
0.00041006289308176055
0.0004880503144654088
0.0007937106918238994
-0.00021635220125786146
8.805031446540879e-05
0.0018628930817610064
0.00040000000000000013
7.421383647798692e-05
-0.00017610062893081777
-0.00020125786163522014
-0.0008855345911949681
-0.002493081761006289
0.0007911949685534591
0.0022389937106918243
0.00021006289308176125
-0.0012654088050314464
0.0014867924528301892
0.001636477987421384
-0.0016754716981132076
-0.00038616352201257896
0.00016226415094339598
0.0012125786163522014
-0.002866666666666667
0.0008666666666666668
0.0012553459119496858
-0.0009886792452830188
-0.0011157232704402517
0.0007836477987421381
0.00024150943396226477
-0.0014641509433962257
-0.0006000000000000002
0.0010213836477987418
0.0011320754716981133
-0.0017283018867924529
0.003093081761006289
-0.0013748427672955973
0.003974842767295598
-0.0010578616352201258
-0.002254088050314465
-4.905660377358518e-05
0.0014238993710691827
0.0011761006289308178
0.0020817610062893086
0.002123270440251572
0.0008251572327044023
-0.002284276729559748
0.0003811320754716982
0.000768553459119497
0.00024779874213836506
-0.0005974842767295595
-0.0017823899371069182
-0.0026893081761006294
0.0028088050314465413
0.001611320754716981
-0.0012553459119496852
-0.0006452830188679247
0.0022163522012578615
-0.0028654088050314467
0.0005937106918238995
0.0016591194968553458
0.002355974842767296
-0.0034591194968553447
0.00015849056603773538
-0.002260377358490566
-0.0012452830188679246
8.805031446540863e-05
0.0007974842767295597
-0.0003081761006289309
0.0026603773584905665
-0.0023157232704402514
0.0002779874213836481
-0.000376100628930818
-0.001438993710691824
0.0029018867924528297
0.0015509433962264147
-0.0015811320754716975
0.002369811320754717
-0.0002654088050314466
-0.0014377358490566042
0.0011157232704402512
0.002428930817610063
0.0025723270440251573
-0.0011610062893081764
-0.0005295597484276729
0.0002993710691823898
-0.00044150943396226416
-0.0029433962264150933
0.0016402515723270435
0.0009018867924528303
0.001235220125786164
-0.0005622641509433965
-0.0035471698113207543
0.002686792452830189
0.0007308176100628932
-0.001430188679245283
-0.0029723270440251575
0.0021622641509433963
0.002013836477987422
-0.003656603773584906
0.0013496855345911957
0.0009421383647798738
-0.00089433962264151
-0.00031446540880503165
-0.00339748427672956
-0.002807547169811321
-0.0004716981132075475
0.004220125786163522
-0.0013371069182389938
0.0021157232704402513
-2.138364779874223e-05
0.00013207547169811316
0.001831446540880503
0.0021547169811320754
-0.002290566037735849
-0.0006742138364779876
0.0005283018867924532
-0.0016603773584905662
-0.0001874213836477987
-0.0010251572327044025
-0.0015974842767295598
0.00026415094339622664
-0.00028553459119496846
-0.0002088050314465408
-0.0009647798742138363
-0.0004490566037735849
-0.002096855345911949
-0.0012729559748427671
0.0010251572327044027
-0.001145911949685535
-0.0026767295597484274
-0.0006754716981132075
0.001964779874213836
0.0007106918238993714
0.0004641509433962266
0.0059698113207547155
0.0022591194968553463
0.004225157232704402
-0.0015811320754716986
0.00013710691823899326
9.685534591194975e-05
-0.0022591194968553463
-0.002680503144654088
0.000705660377358491
0.0005358490566037736
0.000591194968553459
0.0006276729559748429
0.0015144654088050315
-0.0005207547169811321
0.00059748427672956
0.0018050314465408808
-0.0010918238993710694
0.003358490566037736
0.00047672955974842806
-0.0008503144654088053
-0.0013408805031446542
0.0016477987421383644
0.001640251572327044
0.0009811320754716986
0.0011006289308176103
0.0009257861635220129
0.0006830188679245281
0.002969811320754717
0.00015220125786163512
0.002025157232704403
0.0033798742138364786
-0.0016075471698113208
-0.004154716981132075
-0.0041635220125786155
0.0034238993710691825
0.005462893081761007
0.00350062893081761
0.0034628930817610067
0.0042993710691823905
-0.005101886792452831
-0.00029937106918238957
0.002332075471698113
0.002376100628930818
-0.002617610062893082
-0.0013723270440251579
0.0013257861635220128
0.0007962264150943392
-0.00018993710691823923
-0.004462893081761007
0.00036100628930817614
-0.0028402515723270445
0.004089308176100629
-0.002266666666666667
0.002572327044025158
0.0003295597484276733
0.0005056603773584904
-0.0008339622641509436
-2.012578616352189e-05
0.0009786163522012583
0.001379874213836478
0.000417610062893082
0.0026729559748427676
-0.0034779874213836473
-0.000392452830188679
-0.0006930817610062896
0.0029408805031446547
-0.00709937106918239
0.0015584905660377358
0.0014654088050314467
0.002094339622641509
-3.77358490566039e-05
-0.002168553459119497
0.0038477987421383654
-0.00024779874213836473
-0.0010075471698113207
-0.0013786163522012582
-0.0007283018867924526
0.0016893081761006287
-0.001320754716981132
-0.0011849056603773585
0.0013283018867924535
-0.0002842767295597486
0.005213836477987421
-0.003030188679245283
0.0021937106918239
-0.000710691823899371
0.0005383647798742143
0.0030591194968553463
0.0016767295597484274
-6.918238993710709e-05
0.0005811320754716976
0.0011358490566037735
0.005376100628930818
0.00040628930817610074
0.0031220125786163527
0.004758490566037737
-0.0006867924528301888
0.0020742138364779877
-0.0003823899371069173
-0.0004968553459119493
0.0012251572327044026
0.0021308176100628936
-0.005805031446540881
-0.0023270440251572325
-0.00129685534591195
0.002529559748427673
0.0012553459119496858
0.0006993710691823899
0.003286792452830189
-0.003698113207547171
-0.0025484276729559755
0.0023798742138364786
0.0007119496855345911
0.0007547169811320749
-0.00025031446540880537
-0.00039119496855345915
0.0011471698113207545
-0.0024981132075471693
-0.0029270440251572324
-0.00044402515723270474
-0.004041509433962264
-0.001139622641509433
0.0010855345911949688
0.00419245283018868
0.00160125786163522
-0.002051572327044025
-0.001890566037735849
0.0002402515723270439
0.0013446540880503147
-0.0010012578616352206
2.515723270440245e-05
0.0025911949685534594
0.004096855345911949
0.0012327044025157228
0.0022062893081761007
-0.001188679245283019
-0.002426415094339623
0.0002779874213836479
-0.0015283018867924532
0.002838993710691824
-0.003013836477987422
0.0010893081761006289
-0.00028301886792452837
0.00043647798742138343
-0.0009572327044025157
0.0017798742138364775
0.00200754716981132
-0.000540880503144654
0.0016201257861635228
0.001784905660377358
-0.0007698113207547171
0.0006201257861635218
0.0029660377358490565
0.0023610062893081774
-0.0013559748427672956
-0.0033446540880503147
-0.0021270440251572324
0.0008729559748427678
0.0005006289308176098
-4.025157232704396e-05
-0.0006842767295597491
-0.0017949685534591198
0.0007647798742138367
-0.000745911949685535
0.0005094339622641507
0.0018603773584905665
-0.0007610062893081762
-0.004215094339622641
-0.0047018867924528305
-0.0014251572327044024
-0.003622641509433962
-0.0017421383647798743
-0.0017056603773584905
-0.0017773584905660376
0.0017094339622641512
0.0007735849056603775
-0.0024641509433962266
-0.0009622641509433959
-0.0009132075471698115
0.0013358490566037738
0.0009257861635220126
-0.0005622641509433957
0.00016352201257861614
-0.00047798742138364746
-0.000950943396226415
0.0005446540880503143
-0.0012742138364779873
-0.0013647798742138365
0.0008503144654088049
0.0019446540880503143
-0.001369811320754717
1.3836477987420907e-05
-0.0029610062893081768
0.004318238993710693
-0.003090566037735849
-0.0012176100628930818
0.0019672955974842773
-0.0009496855345911946
0.005246540880503143
-0.0005132075471698115
-4.402515723270409e-05
0.0035194968553459126
0.0003823899371069187
0.0012641509433962265
0.00260503144654088
0.001055345911949686
-0.0014201257861635225
-0.0003823899371069181
-0.0008528301886792446
-1.2578616352201531e-05
-0.001416352201257862
6.918238993710716e-05
0.00021635220125786173
0.0023635220125786172
-0.00043144654088050406
0.0013106918238993711
0.0011232704402515726
0.00047044025157232696
0.002641509433962264
0.0007358490566037735
0.0007534591194968555
0.001169811320754717
-0.001217610062893081
0.00042138364779874217
-0.00021006289308176073
-0.00024402515723270468
5.031446540880473e-05
-0.0008855345911949684
-7.547169811320831e-05
-0.00200377358490566
-0.0015044025157232707
-0.00219748427672956
0.004442767295597483
0.00020754716981132042
0.0028930817610062893
-0.00010188679245283044
-0.0005270440251572323
0.0003547169811320752
0.0007987421383647799
-0.004904402515723271
-0.00120125786163522
-0.000997484276729559
-0.0008918238993710691
-0.0019081761006289305
-0.0017031446540880506
0.0012427672955974845
0.002167295597484277
0.0022327044025157237
0.0008691823899371072
0.00031194968553459123
7.421383647798706e-05
0.0004339622641509435
-0.001187421383647799
0.0016113207547169817
-0.000842767295597484
0.0008226415094339624
-0.00169811320754717
0.0018842767295597486
0.0032075471698113206
-0.0012691823899371067
0.0027144654088050316
-0.00021886792452830144
0.0020477987421383646
0.003362264150943397
-0.0004691823899371069
0.0006226415094339621
0.0025559748427672964
0.00349056603773585
0.0004025157232704406
0.0003761006289308174
-0.0012100628930817607
0.0008402515723270441
0.00100503144654088
-0.0003433962264150945
0.0006452830188679241
0.003582389937106918
-0.0008150943396226418
0.002437735849056604
-0.0008867924528301889
-0.0013773584905660376
0.002060377358490566
-0.002109433962264151
-0.0003849056603773585
-0.0004628930817610061
0.0023194968553459116
-0.0004729559748427675
0.0016465408805031452
-0.0036226415094339627
0.0014628930817610062
-0.000557232704402515
-0.003755974842767296
0.00028930817610062947
0.00159119496855346
-0.001768553459119497
0.0027320754716981138
-0.0030679245283018867
-0.0019144654088050315
-0.0027232704402515725
-0.0024968553459119493
0.0007069182389937107
0.0009937106918239008
-0.0016037735849056618
-0.0025672955974842763
-0.0018993710691823902
-0.0020742138364779872
0.00021383647798742123
0.00026163522012578633
-0.0012981132075471696
-0.0023421383647798744
0.0007584905660377354
-0.000893081761006289
0.0020062893081761006
0.0005106918238993714
-0.0016666666666666672
0.002129559748427673
-0.0007157232704402516
-0.00042767295597484305
0.000510691823899371
0.0011672955974842774
0.0009157232704402516
0.0004754716981132072
0.00023144654088050315
0.0011446540880503144
-0.0013572327044025156
0.0005396226415094345
-0.0008176100628930818
0.0006628930817610061
7.672955974842725e-05
3.647798742138347e-05
0.0019408805031446536
0.0039937106918238995
-0.0006691823899371071
-0.0017408805031446544
0.0015031446540880499
-0.0016188679245283024
-0.000382389937106918
0.0006805031446540879
0.0007421383647798742
-0.0006641509433962266
6.289308176100652e-05
-0.0011383647798742143
0.0039509433962264156
-8.427672955974827e-05
-0.0042704402515723276
0.0008754716981132077
0.0005547169811320753
0.00015094339622641489
0.0004226415094339623
-0.00032955974842767286
0.0018666666666666666
0.00033962264150943356
-0.0012465408805031443
-0.0006930817610062896
-0.0007056603773584911
0.002369811320754718
0.0029974842767295598
0.0014515723270440248
-0.0013056603773584912
0.001130817610062893
-0.002147169811320754
0.004789937106918238
-6.415094339622616e-05
0.0020377358490566034
0.002647798742138365
-0.0021018867924528306
-0.0028955974842767305
-0.000838993710691824
-0.00024025157232704375
0.0005962264150943401
7.421383647798771e-05
-0.001148427672955974
0.0009823899371069187
0.00045786163522012623
-0.002638993710691824
0.0007396226415094339
0.0020553459119496856
-0.0014566037735849054
-0.0015295597484276731
-0.0008767295597484274
-0.0007421383647798742
-0.0011207547169811319
0.0005610062893081755
-0.0017987421383647798
0.0013446540880503147
0.0007081761006289308
-0.0005547169811320756
0.001475471698113208
-0.0016138364779874218
0.002583647798742138
0.002475471698113208
-0.0032188679245283023
0.00031320754716981155
-0.0013723270440251572
-0.0011031446540880506
-0.00010691823899371061
0.002308176100628931
0.0001132075471698108
0.0018440251572327045
0.0027911949685534595
0.0015333333333333338
-0.0034301886792452835
0.0020477987421383646
-0.002821383647798742
0.001992452830188679
-0.003007547169811321
-0.00039874213836477943
0.0007798742138364779
0.0006691823899371074
0.0012352201257861642
-0.004215094339622641
-0.004545911949685536
0.000654088050314465
0.0002616352201257866
-0.0007937106918238998
-0.0008213836477987425
-0.0016377358490566036
0.0023308176100628928
-0.0015987421383647795
0.00199748427672956
0.0011194968553459115
0.0008553459119496856
0.0015006289308176096
0.0016729559748427673
0.0009874213836477993
-0.0009584905660377353
0.00016100628930817596
0.0028364779874213834
-0.003259119496855346
-0.005694339622641509
-0.002548427672955975
-0.00027044025157232676
-0.0031849056603773583
0.0025861635220125793
0.0012603773584905663
0.0009597484276729559
0.0005547169811320756
-0.0020729559748427673
-0.00028805031446540893
0.0009685534591194968
-0.0007018867924528301
0.004044025157232705
-0.0008037735849056608
-0.0020301886792452838
-0.0003295597484276728
0.0011773584905660378
0.0024503144654088056
-0.0018742138364779874
-0.002076729559748428
-0.0027182389937106923
0.0005069182389937108
0.0017333333333333337
-0.001621383647798743
-0.00139748427672956
0.0004452830188679245
-0.00010566037735849076
-0.0006176100628930817
0.0037622641509433966
0.0026943396226415096
-0.0013974842767295601
-0.0011333333333333328
0.00045031446540880465
4.779874213836423e-05
0.0001660377358490565
-0.00037484276729559784
-0.0016377358490566043
-0.0013748427672955978
-0.0016918238993710692
-0.0004515723270440255
0.0029333333333333334
0.001143396226415094
0.001689308176100629
-0.00022138364779874237
0.00029937106918238935
0.0012767295597484278
0.0027886792452830197
-0.0009937106918238995
-0.004469182389937107
-0.002836477987421384
0.002631446540880503
0.0008402515723270443
0.0011484276729559755
0.0010138364779874217
0.00021635220125786137
-0.001529559748427673
0.003773584905660378
0.0026264150943396225
0.0015031446540880507
0.0006100628930817615
-0.000451572327044025
-0.002841509433962263
0.0005056603773584904
-0.0019786163522012576
0.0017132075471698114
-0.0022314465408805034
0.0006352201257861637
-0.0015396226415094342
0.0014905660377358492
-0.0006968553459119496
-0.00042264150943396275
-0.001015094339622642
0.004046540880503146
-0.0003635220125786163
0.001236477987421384
0.001589937106918239
0.0009396226415094342
0.0014037735849056609
-0.0011987421383647802
0.0007283018867924532
0.002357232704402516
0.0010591194968553462
-0.0014238993710691823
-0.001728301886792453
0.00026163522012578595
0.00017106918238993712
-0.002586163522012579
-0.0002855345911949685
0.00012327044025157202
0.0017786163522012582
-0.0022654088050314473
0.002114465408805031
-0.0027295597484276726
-0.001137106918238994
0.0001031446540880503
0.0007257861635220132
-0.00390062893081761
-0.0020314465408805037
0.0012503144654088048
-0.0026452830188679246
0.0017823899371069184
0.0017044025157232706
0.002888050314465409
0.00019371069182389923
0.00022138364779874237
-0.0017333333333333335
-0.0017660377358490562
0.0005295597484276733
0.0020540880503144656
-0.0017647798742138365
0.0010402515723270448
-0.0005484276729559749
0.00042515723270440247
0.0012679245283018865
0.0002930817610062889
0.0026276729559748433
0.000761006289308177
0.0013584905660377357
-0.0031433962264150943
-0.0009911949685534592
-0.004920754716981132
-0.0025106918238993704
-0.0007094339622641517
-0.0013660377358490562
-0.00031194968553459134
0.00012201257861635203
-0.0020201257861635225
-0.0025622641509433965
-0.0013610062893081756
-0.0018754716981132077
0.0008943396226415096
0.00042138364779874244
0.00031320754716981084
-0.0013194968553459118
-0.000825157232704402
-0.001446540880503145
0.0004930817610062892
-0.0005081761006289307
0.0007987421383647802
0.00036981132075471673
0.0026138364779874214
-0.001792452830188679
0.0018314465408805032
0.0012679245283018865
0.0013811320754716979
0.0008654088050314466
0.0005056603773584904
0.00015094339622641497
0.0007320754716981134
0.0004100628930817609
-0.0020251572327044027
-0.0009811320754716975
0.0024503144654088056
-0.0007169811320754722
-0.00044654088050314505
-0.002129559748427673
0.00030691823899371056
0.004568553459119496
-0.0011723270440251576
-0.0020327044025157228
0.00199496855345912
0.0016490566037735848
-0.0009132075471698113
0.0009484276729559744
0.00011949685534591205
-7.295597484276746e-05
0.001379874213836478
0.0008628930817610066
0.0005911949685534591
-0.001855345911949685
0.0003031446540880507
0.001871698113207547
-0.0017119496855345913
0.0013496855345911953
0.001362264150943396
-0.00012830188679245294
-0.0004641509433962266
-0.00039622641509434
0.002779874213836479
0.0019106918238993714
-0.0036465408805031446
-0.001187421383647799
0.0030981132075471704
0.00250314465408805
-0.001373584905660378
0.0024000000000000002
-0.0016943396226415093
9.308176100628961e-05
-0.0006641509433962263
0.0014000000000000002
-0.0009371069182389942
-0.0012150943396226413
0.0013974842767295597
0.0016566037735849055
0.0006716981132075474
0.002579874213836478
-0.0001622641509433959
0.0012427672955974845
-0.0009987421383647803
-0.00109937106918239
0.0012704402515723275
0.0011220125786163522
0.0006088050314465404
-0.0022918238993710686
-0.0018993710691823902
-0.0011006289308176107
0.0024628930817610067
0.00014339622641509374
-0.00029685534591194997
0.00349685534591195
-0.002772327044025158
-0.0009106918238993703
0.001348427672955975
0.001374842767295598
0.00039496855345911945
-0.0023257861635220126
0.0018805031446540868
0.0020050314465408807
0.00022138364779874202
0.0013132075471698112
0.002446540880503145
-0.0005874213836477985
-0.0012943396226415094
-0.0027597484276729563
0.0007257861635220127
-0.0006176100628930817
-0.0029899371069182384
-0.0012616352201257858
-0.00210440251572327
0.0029182389937106924
-0.0019698113207547163
-0.00019245283018867927
0.0001320754716981135
-0.0006213836477987418
0.0012880503144654088
0.0019698113207547168
0.00012830188679245283
0.001408805031446541
0.002176100628930818
-0.001016352201257862
0.0004691823899371069
-0.0009685534591194967
-0.004472955974842768
0.0009471698113207551
-0.0006402515723270443
-0.0012088050314465412
-0.003666666666666667
-0.00023396226415094373
0.000973584905660377
-0.0015547169811320754
4.9056603773585e-05
0.00041761006289308186
0.0019899371069182392
-0.0032490566037735847
0.0007308176100628927
-0.0019710691823899367
-1.2578616352201618e-06
-0.0010075471698113207
0.0036000000000000003
0.0049874213836478
0.002994968553459119
-0.00209937106918239
0.005420125786163522
0.0010540880503144656
0.0024981132075471706
-0.003119496855345911
-0.001431446540880503
-7.295597484276751e-05
0.001436477987421384
0.00037232704402515726
-0.0026779874213836478
-0.0015157232704402516
-0.0014603773584905661
-0.0018993710691823898
0.0018238993710691822
0.0005194968553459123
-0.001178616352201258
-0.0036817610062893076
-0.0034691823899371077
-0.0021245283018867926
-0.000808805031446541
0.002393710691823899
0.0010452830188679245
-0.0020314465408805033
0.0010402515723270443
-0.001377358490566037
-0.00022264150943396218
0.002787421383647799
-0.0007547169811320749
-0.0031371069182389937
-0.002759748427672956
-0.00019496855345911906
0.001347169811320755
-3.522012578616379e-05
-0.0005559748427672955
-0.0020289308176100625
-0.0020264150943396226
0.001449056603773585
0.0010641509433962266
-0.0012553459119496856
0.00039874213836477986
0.0009056603773584903
0.001226415094339622
-0.0018377358490566042
0.0017572327044025162
0.0028691823899371065
-0.0012125786163522012
0.0012113207547169806
0.00011069182389937154
-2.0125786163522023e-05
0.0005874213836477987
-0.0013949685534591196
-0.0035572327044025164
0.0020742138364779872
1.2578616352198126e-06
-0.00018993710691823866
-0.001181132075471698
0.003465408805031447
-0.0005194968553459122
0.0011798742138364778
5.157232704402541e-05
0.0017559748427672956
-0.0032276729559748427
-0.0024188679245283023
-0.003655345911949685
-0.0025396226415094355
0.0005333333333333337
0.0015459119496855347
0.0036327044025157235
0.00180503144654088
-0.0021672955974842765
0.0002389937106918234
2.5157232704398873e-06
-0.0001471698113207543
0.0010025157232704405
-0.0011937106918238991
0.002387421383647799
0.0004930817610062893
0.0018666666666666664
0.00047044025157232707
0.0017320754716981133
0.0005358490566037736
-0.0017660377358490569
0.002143396226415095
-0.002133333333333333
-0.001358490566037736
0.002613836477987423
-0.0009358490566037732
-0.0032616352201257867
0.0011371069182389939
-0.0012528301886792449
-0.00017987421383647834
0.0008314465408805036
0.0008276729559748424
0.00010314465408805022
0.0005647798742138364
-0.004040251572327044
0.0005660377358490566
0.002952201257861635
0.0007232704402515724
0.0018591194968553479
0.0007383647798742136
-0.002894339622641509
-0.0031459119496855346
0.0025584905660377363
0.0028654088050314463
0.0009584905660377353
-0.0017308176100628932
0.0019081761006289311
0.0009421383647798745
0.0011962264150943394
-0.0005106918238993714
-0.0024993710691823905
0.000671698113207547
0.00044905660377358487
-0.0022327044025157233
-0.0014314465408805032
0.003091823899371069
-0.0031622641509433964
-0.002889308176100629
0.0010792452830188678
0.0014867924528301887
-0.00029559748427672976
-0.001786163522012579
0.0002842767295597485
-0.0021509433962264147
0.00025283018867924535
-0.0017685534591194972
-0.002246540880503145
0.0006830188679245288
0.0004201257861635222
0.0013383647798742141
0.003672955974842767
-0.0007836477987421387
-0.0005308176100628933
-0.0014830188679245285
-0.00070440251572327
0.0008377358490566044
-0.0003509433962264151
0.0031433962264150943
0.0029132075471698118
0.001059119496855346
0.0002566037735849059
0.00035723270440251567
-3.2704402515723244e-05
-0.000516981132075472
-0.0004452830188679243
-0.0015924528301886796
-0.001827672955974843
-0.0027761006289308172
-0.0028805031446540877
-0.0004503144654088052
-0.00015974842767295603
0.0017584905660377357
-0.00028427672955974874
-0.0007056603773584901
0.0006377358490566037
0.0020402515723270446
0.00150566037735849
0.0011484276729559748
-0.0019018867924528301
-0.0008792452830188682
0.0010905660377358488
-5.283018867924536e-05
-0.0005069182389937105
-0.0036364779874213833
-0.003418867924528302
0.001606289308176101
-0.000688050314465409
-0.003768553459119497
0.0002729559748427671
-0.0012943396226415096
-0.0002327044025157234
0.0031257861635220134
0.0010477987421383642
-0.00035471698113207585
-0.0018993710691823902
0.001378616352201258
0.00298616352201258
0.0029194968553459114
0.0015761006289308176
0.003285534591194969
0.0014075471698113196
-0.0012993710691823902
-0.0038176100628930817
0.000981132075471698
-0.00030188679245283004
0.0008440251572327048
0.0032
0.003849056603773585
-0.0022704402515723275
0.0017433962264150934
-0.00036855345911949696
0.0025056603773584906
2.1383647798741703e-05
-0.0023320754716981127
0.0010616352201257863
0.0019182389937106917
-0.001670440251572327
-0.0011911949685534586
-0.0008830188679245284
-0.002820125786163522
0.0037974842767295597
0.0007106918238993713
0.0018943396226415096
-0.0008993710691823904
-0.001752201257861635
-0.0031937106918238996
2.5157232704402363e-06
-0.0005911949685534591
0.0015635220125786167
0.0033723270440251573
1.8867924528301183e-05
-0.0014125786163522018
-0.002192452830188679
-0.0005999999999999998
-0.0028905660377358494
0.0005484276729559744
0.0006503144654088046
0.0011132075471698114
-0.0003710691823899367
-0.002028930817610063
-0.0013283018867924529
-0.0018578616352201253
-0.00039874213836477943
-0.0007597484276729554
-0.001503144654088051
-0.0007320754716981136
0.002506918238993711
0.0005056603773584909
-0.0023823899371069185
-0.0022201257861635217
0.0023610062893081765
0.0006314465408805034
-0.00027924528301886796
0.000716981132075472
0.0018842767295597486
-0.0023333333333333335
-0.00033836477987421394
-0.0026968553459119503
0.0004515723270440252
-0.00020754716981132078
-0.0008515723270440253
0.0015081761006289305
-0.0033911949685534594
-0.0012968553459119497
-0.00016100628930817653
0.0010867924528301885
-0.0018767295597484277
-0.0013534591194968558
0.00019622641509433895
0.0012515723270440252
-0.0012616352201257862
0.00012452830188679225
-0.0001295597484276728
0.002119496855345912
0.00038113207547169813
0.0031836477987421397
-0.003071698113207547
0.0014050314465408804
0.0006767295597484271
0.0015924528301886787
-0.0013031446540880507
-0.0001446540880503146
-0.00013710691823899383
-0.003142138364779875
0.0009144654088050313
0.0036264150943396225
-0.0016641509433962267
0.0027484276729559747
0.0019056603773584908
0.00032327044025157257
0.0010075471698113205
0.001684276729559748
-0.0022125786163522012
0.0017132075471698108
2.138364779874223e-05
-0.002732075471698113
-0.0015371069182389938
-0.0015018867924528304
0.003464150943396226
-0.0003144654088050318
-0.0019672955974842773
0.0019622641509433967
-0.001506918238993711
-0.00010440251572327064
0.0011811320754716982
0.0017836477987421386
-0.00023773584905660352
-0.0013283018867924529
0.0013735849056603774
-0.000719496855345912
-0.002527044025157233
0.0008025157232704406
0.0011194968553459121
-0.0013735849056603772
-0.0029987421383647806
-0.0013723270440251572
0.0005408805031446541
-0.00010440251572327011
0.0005849056603773585
-0.0006893081761006292
0.0006163522012578614
0.00010943396226415111
0.0006276729559748428
0.00015094339622641434
-0.001091823899371069
0.003098113207547171
-0.0027949685534591194
-0.0019358490566037734
0.003322012578616353
-0.0009132075471698113
0.0022176100628930823
0.000782389937106919
0.003188679245283019
-0.0002930817610062892
-0.0014327044025157234
0.0018528301886792458
0.00090440251572327
-0.0007836477987421388
-0.0007308176100628932
-0.0017207547169811317
-0.004255345911949686
-0.00038867924528301933
0.0013710691823899373
0.0001811320754716982
0.0028805031446540877
-0.00037987421383647803
0.000708176100628931
-0.0011157232704402517
-0.001972327044025157
-0.002608805031446541
-0.0011119496855345914
0.0006918238993710691
-0.002330817610062893
0.0021182389937106916
-0.001010062893081761
-0.0004465408805031445
0.000875471698113207
-0.0010578616352201256
-0.0018930817610062893
-0.001642767295597485
-0.0005396226415094346
-0.0017069182389937104
-0.00013459119496855355
0.00199496855345912
0.0005194968553459117
0.00013333333333333337
0.0017522012578616356
0.002515723270440252
0.0012742138364779875
-0.003060377358490566
0.0020830188679245285
0.001257861635220126
-0.0005245283018867922
-0.0015371069182389936
7.672955974842795e-05
-0.0011584905660377359
-0.00028301886792452864
0.001773584905660377
-0.0017031446540880502
-0.00089937106918239
0.0016918238993710692
-0.002203773584905661
0.0003270440251572328
-0.0026138364779874214
0.0008880503144654087
-0.0002905660377358492
0.0010125786163522014
-0.000847798742138365
0.0009194968553459119
-0.0019182389937106917
-0.00020125786163522022
0.0016037735849056608
0.0008779874213836476
0.0018981132075471703
0.007050314465408805
-0.0016364779874213835
0.0006012578616352197
0.00015974842767295575
-0.0002792452830188675
-0.0011937106918238991
0.00270817610062893
-0.002777358490566038
-0.0010100628930817606
-0.0025811320754716986
-0.0014314465408805032
-0.002856603773584906
-0.0027358490566037736
0.003106918238993711
-0.0019006289308176106
0.0004616352201257862
-0.00034088050314465355
0.0013106918238993711
-0.003374842767295598
0.0010238993710691827
-0.004435220125786165
0.001963522012578616
-0.0017006289308176103
0.004111949685534592
0.0009371069182389942
-0.0003446540880503143
-0.000686792452830189
-0.0008389937106918233
-0.0006981132075471695
-6.415094339622651e-05
0.002343396226415094
-0.001270440251572327
0.0026415094339622643
0.0009006289308176097
-0.004881761006289309
0.0047320754716981125
-0.0008377358490566035
0.0023798742138364777
0.0005421383647798747
-0.004816352201257862
-0.000277987421383648
-0.0010591194968553458
-0.0008792452830188682
-0.002446540880503144
0.00025660377358490593
0.004657861635220125
0.005044025157232705
-0.0023798742138364786
0.002391194968553459
-0.00026163522012578595
0.0008817610062893082
-0.002735849056603772
0.0025056603773584906
-0.0005861635220125785
-0.00011446540880503123
-0.0008327044025157232
-0.0023345911949685535
-0.0028025157232704407
-0.001154716981132075
0.0008566037735849059
0.003411320754716981
0.0017345911949685538
0.0005245283018867922
0.0005471698113207546
0.0012515723270440245
0.0029006289308176098
0.0013358490566037736
0.0025069182389937106
0.0006088050314465408
-0.0023433962264150943
-0.0017685534591194972
6.540880503144615e-05
0.0050213836477987425
-0.0002339622641509432
0.0016968553459119498
0.0008477987421383646
-0.0011245283018867923
-0.0034742138364779874
0.0003622641509433963
0.0011823899371069182
-0.000909433962264151
0.00013459119496855347
0.00022767295597484258
-0.0005622641509433965
-0.00015471698113207532
-0.0005069182389937105
-0.0033572327044025154
0.0014276729559748423
-0.0014805031446540882
0.004934591194968555
0.00140377358490566
-0.0010339622641509433
0.0010150943396226408
-0.0019295597484276733
-0.0024981132075471697
0.0006062893081761006
-0.0022767295597484285
0.0016037735849056603
0.0005446540880503145
0.0005735849056603773
0.002841509433962264
0.0022188679245283022
0.0020402515723270446
0.002909433962264151
-0.0025094339622641505
-0.0012025157232704402
0.000277987421383648
0.0003333333333333338
-0.00023647798742138318
0.0027987421383647796
-0.0016616352201257857
0.0006893081761006288
0.001171069182389937
-0.0011685534591194973
0.0020427672955974844
-0.0019006289308176102
-0.002376100628930818
0.0025459119496855347
-0.000831446540880503
0.0006389937106918237
0.0023823899371069176
0.0002163522012578612
-0.002062893081761007
0.002454088050314466
0.0005157232704402517
-0.002257861635220126
-0.0019232704402515732
0.0006754716981132069
0.0002540880503144657
-0.0011358490566037737
0.00031698113207547207
0.0009836477987421387
-0.0009572327044025155
-0.0017811320754716978
-0.004447798742138365
0.00037232704402515726
-0.002467924528301887
-0.0027635220125786166
-0.0007534591194968555
0.0006993710691823897
0.0003911949685534586
0.0015320754716981132
0.0002805031446540879
0.00026163522012578633
-0.0004226415094339626
-0.0022578616352201264
0.0012855345911949685
-0.0029773584905660373
0.0004616352201257861
-0.0004012578616352201
-0.00047672955974842823
0.002247798742138365
-0.002738364779874214
0.0027157232704402515
-0.0001823899371069184
0.0021509433962264147
0.0018540880503144655
-0.0015132075471698113
-0.0009849056603773584
-0.000111949685534591
-0.0009748427672955969
-0.002138364779874214
-0.001826415094339623
-0.0024578616352201265
0.0023169811320754713
-0.0005974842767295601
-0.003132075471698113
0.005207547169811321
0.0043106918238993725
0.0025006289308176096
-0.00014968553459119506
-0.00034213836477987424
-7.044025157232713e-05
0.0007245283018867925
-0.0020012578616352204
0.0017635220125786165
0.0026591194968553465
-0.001929559748427673
0.0013257861635220121
-0.0030880503144654087
0.00017735849056603811
-0.0006100628930817613
-0.0023408805031446545
0.002111949685534591
-0.0021132075471698114
0.00042264150943396216
-0.0005735849056603771
0.002057861635220126
-0.000660377358490566
0.00040503144654088026
0.0035924528301886794
0.00018238993710691857
-0.0029710691823899363
0.002408805031446541
-0.0022654088050314465
-0.001838993710691824
0.003271698113207547
0.0026440251572327042
-0.0020012578616352204
-0.0007031446540880501
-0.0009509433962264153
-0.002377358490566038
-0.0007522012578616353
-0.00024402515723270476
0.000567295597484276
-0.0005106918238993714
0.001534591194968553
0.005977358490566037
-0.002181132075471698
2.767295597484286e-05
0.0029496855345911956
0.0001622641509433965
0.0019220125786163524
0.001421383647798742
0.0012880503144654088
0.000810062893081761
-0.0001962264150943395
0.0024440251572327037
-0.0003924528301886797
-0.0018075471698113207
-0.0016616352201257862
-0.0033811320754716977
0.0034264150943396224
-0.0012767295597484278
0.0023446540880503143
0.0011496855345911954
0.002061635220125786
0.001681761006289308
0.003037735849056604
-0.0015937106918238995
0.0012603773584905663
-0.0003308176100628931
0.00022515723270440303
0.000431446540880503
0.0003672955974842768
0.001015094339622641
0.0015245283018867925
-0.0019245283018867927
-0.0012905660377358493
-3.773584905660383e-05
-0.003416352201257861
-1.3836477987421082e-05
0.0012968553459119497
0.0004905660377358486
-0.0008150943396226417
0.0006025157232704406
0.0006817610062893084
-0.0017081761006289306
-0.0006742138364779879
-0.0013345911949685534
-0.002035220125786164
0.0015685534591194969
0.003750943396226416
-0.0009345911949685532
0.0007396226415094343
-0.001032704402515723
0.0009031446540880507
-3.647798742138356e-05
0.0004339622641509433
-0.0028465408805031446
-0.0011182389937106911
0.0004289308176100635
-0.002445283018867925
7.547169811320273e-06
0.0006452830188679242
0.00011446540880503158
0.001181132075471698
-0.001007547169811321
0.0029119496855345914
-0.00018867924528301973
-0.0031811320754716985
-0.0022729559748427674
-0.001572327044025158
-0.00010314465408804986
0.0005861635220125788
0.00030314465408805025
-0.0001999999999999997
-0.0021220125786163523
-0.0012930817610062894
-7.044025157232723e-05
-0.0013119496855345915
0.002430188679245283
-0.0019182389937106917
0.0041761006289308174
-0.0004025157232704401
-0.0013597484276729563
-0.0029962264150943394
-0.0014226415094339628
-0.0005232704402515724
0.0022955974842767306
-0.0031861635220125782
-0.0024352201257861637
-0.001104402515723271
0.0024817610062893088
0.0006201257861635221
0.0016025157232704404
0.0023534591194968556
0.0010113207547169812
0.002369811320754717
-0.0037144654088050308
-0.001626415094339623
-0.0017698113207547169
0.0007924528301886797
0.0010301886792452833
-0.0040088050314465405
0.0017106918238993711
0.001924528301886792
-0.0033509433962264153
0.0022993710691823896
-0.001627672955974843
-0.0004150943396226412
-0.00023270440251572312
0.003220125786163522
0.0026704402515723273
0.0012440251572327047
-7.798742138364794e-05
-0.0015899371069182395
-0.0009999999999999998
-0.0012377358490566041
0.0007735849056603775
-0.0012427672955974845
-0.0005861635220125785
-0.0010805031446540882
-0.0011358490566037735
0.0010616352201257857
-0.0031823899371069184
0.0017345911949685538
0.0006364779874213837
0.00169811320754717
-0.003974842767295598
0.0015270440251572322
-0.00013710691823899394
-0.0006842767295597485
-0.0010955974842767296
0.002764779874213837
-0.002554716981132076
0.0006477987421383642
-9.811320754716914e-05
-0.0019496855345911947
-0.0014716981132075464
-0.0014062893081761003
-0.0009710691823899373
-0.0039245283018867925
-0.001820125786163524
0.0012138364779874212
0.00279748427672956
0.0005471698113207546
-0.0015911949685534594
-0.00249182389937107
-0.00025786163522012576
0.0016767295597484274
0.0007962264150943396
0.0014528301886792458
-0.0012905660377358493
-0.0010352201257861637
0.0021496855345911952
0.0021132075471698123
0.002213836477987421
0.0006427672955974843
-0.001435220125786164
0.0012377358490566048
-0.0007471698113207549
0.0014540880503144653
-0.0025018867924528304
0.0005949685534591189
-0.00039119496855345915
0.002238993710691824
0.0007308176100628929
-0.0008012578616352201
-0.00017358490566037735
-0.000742138364779874
-0.0010389937106918244
-0.0020314465408805033
-0.0016654088050314464
-0.0022578616352201255
-0.00200251572327044
-0.0020490566037735846
-0.00029559748427672943
0.0009232704402515726
0.0021710691823899377
0.0013018867924528303
-0.003563522012578617
0.0034515723270440255
0.0009861635220125783
0.0025509433962264154
-0.0005823899371069183
0.0006704402515723269
0.00021257861635220115
-0.0003823899371069184
0.0011584905660377354
0.002466666666666666
0.0018553459119496855
-0.0037874213836477993
0.0031974842767295594
0.0008264150943396225
0.0036628930817610072
0.0011106918238993708
0.002071698113207548
-0.0010402515723270441
-0.0036503144654088044
0.004600000000000001
-0.0024566037735849057
0.0016188679245283024
0.0010805031446540878
0.0006251572327044023
-0.00028679245283018867
0.00120125786163522
-0.0036641509433962263
0.0005446540880503146
-0.00019119496855345936
-0.0020779874213836475
0.0011081761006289314
-7.42138364779872e-05
0.0016452830188679246
0.0026591194968553465
-0.00160125786163522
0.0012364779874213835
-0.0005396226415094339
-0.0015735849056603775
-0.0027861635220125776
-0.0006792452830188681
-0.00459496855345912
-4.65408805031445e-05
6.289308176100612e-05
-0.0009496855345911954
-0.0009421383647798742
-0.0038528301886792456
-0.0020742138364779872
0.001732075471698113
0.0030679245283018867
0.0001836477987421383
-0.0013069182389937107
0.0008150943396226412
-0.0007270440251572325
0.00020125786163522006
-0.0018452830188679244
-0.0003509433962264149
-0.0004918238993710697
-0.0024163522012578616
0.003376100628930818
-0.0022553459119496852
0.0018654088050314467
-0.002854088050314465
-0.0021748427672955983
-0.0003056603773584906
0.0008188679245283019
-0.0011459119496855347
0.002857861635220126
-2.5157232704402538e-05
-0.0031811320754716985
-0.0005899371069182391
0.0024616352201257867
-0.0025635220125786165
0.0009106918238993712
0.00038993710691823954
-0.0014100628930817614
-0.0021874213836477986
-0.0012830188679245284
0.0014641509433962266
0.002236477987421384
0.0005886792452830191
0.0019459119496855347
-0.00026037735849056563
0.001178616352201258
-0.002630188679245284
-6.918238993710611e-05
-0.001684276729559748
0.002906918238993711
0.0020176100628930818
-0.0009987421383647796
-0.0015748427672955978
-0.0013660377358490567
-0.0018754716981132077
-4.779874213836475e-05
0.0003572327044025159
-0.0005660377358490571
0.0017735849056603776
-0.004225157232704403
0.0021622641509433955
-0.0006943396226415091
-0.0009119496855345911
0.004067924528301887
-0.00109811320754717
0.0005748427672955979
-0.0004641509433962261
-0.00027295597484276745
-0.0026075471698113204
0.002174842767295598
-0.0007283018867924526
0.001540880503144654
-0.0007169811320754715
0.00099748427672956
0.0018125786163522024
0.0026025157232704406
0.0017949685534591193
-0.0002628930817610062
0.0008389937106918244
0.0007132075471698114
0.0011811320754716984
-0.00044905660377358487
0.0005182389937106914
0.0018679245283018868
0.0019886792452830184
-0.004125786163522011
-0.0006113207547169804
0.001379874213836478
-0.0025534591194968552
0.0005710691823899374
0.0017471698113207547
0.0017547169811320757
0.0018867924528301883
-0.0002955974842767295
-0.00038113207547169845
-0.004028930817610063
0.0033031446540880503
0.003325786163522013
-0.0013949685534591196
0.0005635220125786166
0.00027924528301886834
-0.00036226415094339667
0.0009157232704402516
-0.0019647798742138366
0.001220125786163522
0.0022742138364779878
-0.0001383647798742136
0.0001949685534591202
-0.0013194968553459118
-0.0006955974842767299
-0.0013270440251572334
-0.004352201257861636
-0.0012880503144654086
0.0018314465408805032
-0.003684276729559749
-0.0014742138364779874
-0.003744654088050315
-0.0012427672955974843
-0.004935849056603773
-0.0019836477987421382
-0.0011308176100628935
-0.002002515723270441
0.0012339622641509432
0.0022830188679245273
-0.0011861635220125795
0.0012742138364779877
8.805031446540871e-05
-0.00018113207547169806
0.0007924528301886797
0.0016138364779874218
0.001427672955974843
-0.0019823899371069183
0.0016905660377358493
0.0022704402515723275
8.176100628930795e-05
0.004418867924528302
-0.0008427672955974845
0.00046540880503144645
-0.0015358490566037735
-0.0018402515723270443
1.2578616352199873e-06
0.00021006289308176073
0.0017358490566037738
0.0013245283018867929
-0.0011194968553459121
-0.0014150943396226408
-0.001740880503144654
0.0005811320754716975
0.0006654088050314463
-0.0021333333333333334
0.0018515723270440248
0.0004905660377358494
0.000588679245283019
-0.004947169811320755
0.0010440251572327041
0.000930817610062893
0.0006515723270440254
0.0017144654088050307
-0.001561006289308176
0.0020540880503144656
0.0012591194968553459
0.00021006289308176125
-0.00047798742138364746
0.0013044025157232695
-0.0007207547169811319
-0.00016603773584905648
0.001311949685534592
0.001280503144654088
0.0028150943396226427
-0.0018301886792452832
0.00012452830188679272
0.0002037735849056603
-0.00034591194968553444
-0.0017911949685534595
-0.004661635220125786
-0.0009031446540880507
-0.00034465408805031493
-0.0045635220125786165
0.0024679245283018864
-0.0012251572327044028
-0.003667924528301887
-0.0014893081761006286
0.00016352201257861633
-0.002028930817610063
-0.0008075471698113212
-0.0021610062893081764
-0.0031647798742138362
-0.003534591194968553
0.002483018867924528
-0.002377358490566038
0.00044150943396226416
-0.0006125786163522018
0.0011559748427672958
0.0026981132075471702
0.0013584905660377357
-0.0003194968553459127
0.0012666666666666672
-0.000571069182389937
-0.0005899371069182386
-0.00023270440251572312
0.0008176100628930821
-0.0010842767295597485
0.0005572327044025162
-0.0003924528301886794
-0.002567295597484277
0.0004339622641509433
0.00219748427672956
0.0017547169811320752
0.00017861635220125778
0.0031597484276729565
-0.0013710691823899373
-4.779874213836423e-05
0.0026264150943396225
-0.0012767295597484274
-0.002119496855345912
-0.0005836477987421383
-0.00269937106918239
0.0004805031446540882
0.0012075471698113208
0.003617610062893081
-0.00109559748427673
0.0012465408805031448
-0.0011094339622641507
-0.0021031446540880506
0.0040490566037735855
0.0032716981132075466
0.0012238993710691822
-0.003217610062893082
-0.0005056603773584906
0.0005283018867924532
-0.0002465408805031449
0.0009748427672955969
-0.0006566037735849054
0.0022691823899371076
-0.0016088050314465407
-0.0012213836477987425
-0.0008880503144654087
0.001110691823899371
-0.0008918238993710691
0.002542138364779874
0.002738364779874213
0.001374842767295598
-0.003963522012578616
0.00029433962264150933
0.004626415094339623
-0.0021610062893081764
-0.0007685534591194969
0.0020905660377358495
-0.0017534591194968553
-0.0008515723270440253
0.00010314465408805065
-0.0005974842767295597
0.0001522012578616352
-0.0014125786163522015
-0.0024968553459119498
-0.0025459119496855347
-0.0012075471698113202
-3.396226415094367e-05
0.0022943396226415094
0.0051044025157232715
0.0015094339622641513
0.004636477987421384
-0.002569811320754717
0.003573584905660377
-0.0008188679245283014
0.00018993710691823912
0.002764779874213837
0.0006465408805031448
0.0032893081761006296
-0.0005433962264150944
0.0017811320754716985
0.0011811320754716978
0.0004138364779874216
-0.0003685534591194974
-0.00017610062893081793
-3.899371069182369e-05
-0.0023610062893081765
-0.0006238993710691822
0.0007358490566037742
-0.0025220125786163524
9.559748427672968e-05
-0.0016540880503144654
-0.0011924528301886798
0.0017094339622641512
-0.00020628930817610087
0.00045786163522012563
-3.522012578616344e-05
-0.0008012578616352197
0.002159748427672956
-0.0028188679245283025
-0.0012817610062893087
0.0009861635220125783
-0.0014880503144654089
0.0005358490566037736
-0.0013547169811320757
0.0014276729559748434
0.0013132075471698117
0.0005660377358490566
-0.0013383647798742137
-0.0014566037735849054
-0.0013899371069182396
0.0019647798742138366
-0.0023836477987421384
0.0005459119496855348
-0.000518238993710692
0.00037610062893081756
0.00029811320754717007
0.0006553459119496861
0.0004830188679245282
0.0029056603773584913
-0.0018264150943396226
-7.798742138364794e-05
0.0015786163522012585
-0.00042767295597484316
-0.0006377358490566038
-0.0003106918238993709
-0.000851572327044025
0.0010628930817610063
0.0003773584905660381
0.0037987421383647783
-0.0032150943396226416
-0.0015647798742138362
-0.00045911949685534573
-0.002919496855345912
0.003870440251572326
-0.0029886792452830185
-0.00036352201257861704
-0.0011522012578616353
-0.0017446540880503144
0.0031584905660377357
0.0008930817610062894
0.0016729559748427678
-0.0006075471698113206
0.0010188679245283021
-0.003164779874213837
-0.0016943396226415093
-0.0029345911949685537
0.0009924528301886795
-0.0022528301886792453
0.00249937106918239
0.0006855345911949684
0.003184905660377359
0.0027635220125786157
-0.00028176100628930827
-0.0015433962264150944
-0.0037182389937106914
0.0005622641509433961
0.001041509433962264
0.0002415094339622639
0.0006867924528301886
0.004161006289308176
-0.0010792452830188672
-0.0017911949685534595
-0.00037484276729559687
-0.0031371069182389937
-0.0006767295597484276
5.53459119496854e-05
0.003459119496855346
0.001577358490566038
-0.00014716981132075423
-0.0020817610062893077
0.0016918238993710692
-0.0031333333333333335
0.002587421383647799
0.0011257861635220123
-0.0021433962264150942
-0.002611320754716981
0.0022716981132075474
-0.0006276729559748427
-0.0015660377358490572
0.00022389937106918233
0.0020364779874213835
-0.0010314465408805037
0.0007283018867924529
0.0018415094339622638
0.0021836477987421388
0.0016201257861635213
-0.0018465408805031444
-0.004368553459119496
-0.0011119496855345912
0.005055345911949686
-0.0022817610062893083
0.001700628930817611
-0.0010691823899371064
-0.0021006289308176103
0.0008528301886792455
-0.001417610062893082
-0.000679245283018868
0.001250314465408805
0.001469182389937107
-7.295597484276738e-05
-0.002981132075471698
0.0029647798742138366
-0.0018855345911949685
-0.0018276729559748418
-0.0014314465408805032
-0.001329559748427673
0.0006540880503144654
-0.0015886792452830191
-0.0020176100628930818
0.0006150943396226415
8.176100628930816e-05
0.002652830188679245
0.003002515723270441
-0.0010729559748427677
-0.0020830188679245285
0.002308176100628931
0.0014566037735849059
0.0013496855345911953
0.0027559748427672956
0.0009924528301886793
0.0023220125786163523
-0.00013710691823899348
-0.0003886792452830189
-0.0009823899371069183
-0.001566037735849057
-0.0017761006289308183
-0.0002540880503144651
-0.0014817610062893081
0.0010125786163522014
0.003826415094339623
-0.00015471698113207546
-0.001435220125786164
-0.001485534591194968
0.0030490566037735855
-0.0010238993710691823
-0.0016553459119496858
0.0006201257861635224
0.0014767295597484281
0.0010427672955974844
-0.00015471698113207554
-0.0006867924528301886
0.0015106918238993712
-0.0006025157232704406
0.002077987421383648
0.0013169811320754717
-0.001628930817610063
-0.0034025157232704406
0.0007698113207547172
-0.000762264150943396
-0.00016603773584905683
0.002513207547169811
0.0008566037735849053
0.00039496855345911983
-0.0018314465408805032
-0.00021886792452830144
-0.0031106918238993715
0.0022918238993710695
0.0006327044025157231
6.918238993710706e-05
0.0009106918238993713
0.0013748427672955973
0.0029056603773584904
-0.004364779874213837
0.003338364779874214
0.0005094339622641511
0.0008830188679245284
-0.0003911949685534594
0.0015295597484276736
0.0013823899371069178
0.0007383647798742135
-0.0005937106918238994
1.7610062893082526e-05
-0.00015094339622641524
-0.0021635220125786167
0.002758490566037736
-0.0013572327044025156
0.0017962264150943395
0.0027647798742138365
-0.0007798742138364783
0.0029911949685534588
0.0020742138364779872
-0.0005044025157232704
-0.0012880503144654086
0.0007182389937106916
0.004164779874213836
-0.0005446540880503143
0.0006616352201257865
0.00016981132075471713
0.0012716981132075472
-0.0008930817610062898
-5.031446540880455e-05
0.0038528301886792456
-0.0038251572327044022
-0.0025647798742138364
-0.0006666666666666664
-0.001235220125786164
-0.0008679245283018869
-0.0013446540880503153
0.0032742138364779878
0.0014163522012578614
-0.0004955974842767298
-0.0003735849056603776
-0.0001949685534591195
0.00019371069182389915
-0.0031144654088050326
-0.0025194968553459126
-0.0026352201257861642
0.0008591194968553461
-0.0012025157232704409
0.000275471698113208
-0.005182389937106917
-0.0009396226415094338
-0.005074213836477987
0.00013459119496855325
0.0040238993710691815
0.0014930817610062889
-0.001466666666666666
-0.0007207547169811321
-0.00037861635220125803
0.0004716981132075474
0.0024415094339622643
-0.0024402515723270443
-0.0010415094339622638
0.0002628930817610066
-0.00014213836477987461
-0.000309433962264151
0.00043522012578616387
-0.0006616352201257862
0.001889308176100629
-0.0008276729559748427
0.0031433962264150947
-0.0009081761006289309
0.0021937106918238996
0.001162264150943396
-0.0005723270440251571
0.0008226415094339621
-0.0052729559748427675
-0.00028176100628930854
0.003529559748427673
-0.00023144654088050275
-0.00035849056603773637
0.0002452830188679248
0.0009773584905660379
0.0017421383647798741
0.0006025157232704403
0.0019723270440251566
0.000576100628930817
0.0012855345911949691
-0.0021949685534591195
0.0008251572327044026
0.00169433962264151
-5.031446540880996e-06
0.001021383647798742
-0.0007044025157232706
-0.000871698113207547
1.635220125786158e-05
0.0020691823899371066
0.002860377358490567
-0.0015144654088050308
0.00032075471698113226
-0.0010855345911949688
0.00310188679245283
0.0006465408805031447
0.0014654088050314465
-3.3962264150943324e-05
0.0008716981132075474
0.0018540880503144657
-0.003535849056603774
-0.0006415094339622642
0.00024025157232704375
0.0013446540880503147
0.0004100628930817607
0.00269685534591195
0.002586163522012578
-0.0003773584905660379
0.0001974842767295598
0.0006415094339622642
0.0017106918238993711
-0.0022918238993710695
-0.00022515723270440268
0.0005383647798742138
-0.000718238993710692
0.0016264150943396233
4.52830188679243e-05
0.001461635220125786
-0.0003735849056603776
0.0014213836477987424
-0.000988679245283019
0.0006867924528301877
0.0013383647798742141
0.0029547169811320753
-0.00139874213836478
0.005611320754716982
-0.0034389937106918244
7.169811320754722e-05
-0.0003056603773584904
-0.001508176100628931
0.0023371069182389933
0.00029685534591194964
0.0015773584905660373
-0.0013006289308176106
0.00011069182389937086
7.547169811320447e-06
-0.0002654088050314468
-8.553459119496821e-05
-0.0024201257861635223
-0.0009232704402515726
-0.003695597484276729
0.0002578616352201255
0.0010553459119496858
-0.0006415094339622644
0.0007371069182389939
-0.003284276729559749
0.0022616352201257858
0.0021433962264150942
-0.0013522012578616358
0.002961006289308176
0.004288050314465408
0.0019320754716981128
-0.0025698113207547166
0.0020578616352201263
-0.0015446540880503141
0.0013421383647798742
-0.0006301886792452832
0.004522012578616352
-0.0016641509433962254
0.0008742138364779871
-0.0017044025157232706
0.00031698113207547185
0.0016679245283018871
-0.0006993710691823902
0.0001157232704402513
-0.0004477987421383649
-0.0009911949685534592
-0.0014930817610062882
0.0005396226415094339
0.0006226415094339625
-0.0018037735849056604
0.0009597484276729557
-0.001111949685534591
-0.002645283018867924
5.408805031446608e-05
0.0014754716981132076
0.001339622641509434
0.002650314465408805
-0.0027044025157232712
-0.004251572327044025
-0.0029874213836477985
0.003968553459119497
-0.00019371069182389986
0.0008251572327044029
0.00149433962264151
0.0007408805031446546
-0.0022943396226415094
-0.0016465408805031445
0.0012050314465408807
-0.000567295597484277
-0.0008578616352201258
0.0005396226415094339
0.0005006289308176103
-0.00037861635220125787
-0.0013283018867924522
0.0009522012578616351
-0.0043119496855345925
0.00017861635220125786
0.0013999999999999998
-0.0012893081761006292
-0.0024427672955974846
-0.001740880503144654
-0.0017094339622641512
-0.003155974842767296
-0.0037974842767295597
-0.002748427672955975
-0.0013056603773584912
-0.001465408805031446
-0.0005861635220125794
0.00043018867924528374
0.005962264150943395
0.001939622641509434
0.0009006289308176106
-0.0008352201257861634
-0.0005144654088050314
0.00429811320754717
-0.0013672955974842762
0.0031295597484276728
0.001875471698113208
-0.00040503144654088156
0.0008163522012578619
0.002860377358490566
-0.001167295597484277
0.0016553459119496854
0.0014679245283018875
0.0010779874213836475
-0.0011433962264150947
-0.003689308176100629
0.001067924528301887
-0.00045408805031446565
0.0005924528301886797
-0.0017773584905660378
-0.0033610062893081765
-0.005935849056603771
0.001884276729559749
-0.0007773584905660379
0.0021484276729559753
0.0020918238993710694
0.0033496855345911953
0.0007723270440251574
0.0011635220125786163
0.00012201257861635212
-0.0033207547169811324
0.0016100628930817607
-0.0005635220125786164
-0.0007522012578616349
-0.0021044025157232705
-0.0006968553459119494
0.0026264150943396234
0.0017081761006289306
-0.0036503144654088052
0.00017358490566037743
-0.002803773584905661
-0.0009660377358490564
-0.0035949685534591193
-0.003455345911949686
0.00042641509433962273
-0.0009194968553459123
-0.0007358490566037732
0.00026540880503144674
-0.002155974842767296
0.0004679245283018862
0.0014276729559748434
0.0005899371069182388
-0.002635220125786164
0.00020377358490566064
0.0026691823899371078
-0.005988679245283018
0.0003949685534591193
0.0020566037735849046
0.0031748427672955975
-0.005311949685534592
0.0017698113207547175
0.001309433962264151
0.003568553459119497
-0.0018100628930817614
0.00033962264150943415
0.002115723270440252
0.00199496855345912
-0.0041748427672955975
0.0026062893081761
0.0006905660377358492
-0.0010955974842767296
0.0007823899371069185
-0.0015899371069182384
0.0016566037735849055
-0.0029245283018867925
0.0015899371069182388
0.0011232704402515726
-0.0018515723270440254
0.000344654088050314
-0.0014817610062893081
0.0017622641509433955
0.002641509433962264
-0.0004188679245283015
-0.0002754716981132074
-0.001161006289308176
-0.00030188679245283037
-0.00047169811320754707
-0.000725786163522013
0.0038000000000000004
-0.003621383647798742
-0.00014213836477987489
0.0018515723270440252
-0.0015408805031446543
0.002558490566037736
-0.0026867924528301886
-1.1320754716980584e-05
0.0023748427672955976
0.0003610062893081757
0.00022264150943396253
-8.930817610062888e-05
-0.00016352201257861668
-0.002222641509433963
-0.0020377358490566043
0.0008867924528301888
-0.002168553459119497
0.0016792452830188683
-0.003667924528301887
0.000664150943396227
2.7672955974842773e-05
-0.0009710691823899375
0.001329559748427673
0.0005358490566037733
-0.00023647798742138388
-0.0009308176100628927
-0.0009924528301886793
-0.001181132075471698
-0.0025962264150943396
-0.001155974842767296
-0.0002000000000000003
-0.0011572327044025157
-0.0011937106918238991
-0.0006364779874213834
-0.001280503144654088
-0.0013660377358490565
-0.00309056603773585
-0.0013295597484276733
-0.003548427672955975
-0.0009761006289308178
-0.00018993710691823928
-0.002860377358490567
-0.0008188679245283018
-0.00044779874213836423
0.002189937106918239
0.0024226415094339626
-0.002747169811320756
-0.0004327044025157238
0.00011320754716981108
-0.0008641509433962265
0.003481761006289309
-0.0014867924528301887
-0.0021547169811320754
-0.0017144654088050316
-0.0008981132075471697
-0.003397484276729559
0.0006339622641509436
-0.002027672955974843
-0.0027484276729559756
0.0008867924528301886
-0.0013471698113207543
-0.0007069182389937112
0.0008553459119496852
0.0011018867924528293
0.003189937106918239
0.0017006289308176099
0.0011018867924528304
0.001289308176100629
-0.001850314465408805
5.283018867924514e-05
0.0011962264150943399
0.0002327044025157234
-0.002837735849056604
0.0017937106918238998
0.00011446540880503106
-0.0033320754716981136
-0.0012000000000000001
-0.0033132075471698115
0.0036062893081761013
0.0009610062893081762
0.0028817610062893085
0.0003685534591194965
-0.0026251572327044025
-0.001610062893081761
-0.0017559748427672956
0.004601257861635221
-0.00030691823899371077
-0.0010138364779874213
-0.00019874213836477972
0.0014150943396226416
0.0017194968553459124
-0.0022163522012578615
-0.0005761006289308173
0.001367295597484277
-0.00029937106918239033
0.0009421383647798746
-0.0005937106918238992
-0.003479245283018868
0.003561006289308176
0.00044276729559748415
-0.0021144654088050313
0.00044025157232704406
-0.004810062893081761
0.0010188679245283023
0.000220125786163522
0.00012955974842767282
0.0012176100628930816
-0.0003358490566037734
0.0002138364779874214
-5.157232704402489e-05
0.001972327044025157
-0.0005937106918238993
0.0020314465408805037
0.0009106918238993715
0.00010440251572327064
0.0021723270440251585
0.00033962264150943323
-0.0015220125786163526
-0.0005408805031446544
-0.00026163522012578595
-0.0012641509433962263
-0.0004893081761006295
0.0017194968553459124
0.0006880503144654092
0.002327044025157233
0.0017119496855345913
-0.0009308176100628932
0.0025257861635220123
0.0005207547169811319
0.002554716981132076
0.0003207547169811318
-7.672955974842809e-05
0.000328301886792453
-0.0010918238993710694
-0.0017018867924528302
-1.6352201257861405e-05
-0.0005622641509433968
0.0012050314465408803
0.001577358490566038
0.002528301886792453
-0.00045911949685534595
-0.0008037735849056608
0.0009207547169811316
-0.0016490566037735853
-0.0019987421383647797
-0.00041635220125786117
0.0006566037735849057
-0.0015383647798742133
0.0009194968553459123
0.0006415094339622642
0.0005433962264150938
0.0007522012578616353
0.0023194968553459116
-0.0008955974842767298
0.0018981132075471694
-0.0020704402515723266
-2.5157232704402626e-05
0.0017207547169811321
0.0011660377358490568
0.00020125786163522014
-0.0007823899371069183
0.0012138364779874214
-0.0009698113207547174
0.0007610062893081758
-8.679245283018855e-05
-0.002827672955974843
-0.0013220125786163525
0.00024654088050314447
0.002701886792452831
0.00039622641509433945
0.001758490566037736
0.0003635220125786168
0.00339622641509434
0.000412578616352201
0.0017232704402515729
-0.0002150943396226413
-0.0003031446540880508
-0.00400251572327044
0.0013484276729559751
0.0007433962264150949
-0.0002792452830188682
0.0018792452830188675
0.002322012578616352
-0.0011169811320754716
-0.0010490566037735852
-2.8930817610062586e-05
-0.0015207547169811323
0.002389937106918239
0.0027383647798742148
6.2893081761006e-05
0.0023584905660377366
-0.0006830188679245281
0.0027371069182389944
-0.002330817610062893
-0.001510691823899371
-0.00048679245283018876
0.0011509433962264162
-0.000764779874213837
-0.0002679245283018862
-0.0009169811320754713
-0.0031610062893081756
6.666666666666691e-05
-0.0008339622641509434
-0.004602515723270441
0.0004352201257861635
-0.0010654088050314468
0.001290566037735849
0.002961006289308176
0.0020163522012578614
0.002306918238993711
-0.0014654088050314467
-0.00037358490566037774
-0.0003132075471698112
0.0003383647798742137
-0.0015257861635220127
0.0020163522012578623
0.0007283018867924526
0.0014276729559748425
-0.002119496855345912
-0.0007798742138364779
0.0014654088050314467
0.0038113207547169816
0.0036930817610062888
0.0007723270440251565
0.0006138364779874214
-0.0009371069182389937
0.001060377358490566
0.001284276729559749
-0.0026050314465408805
0.0007861635220125787
0.0025106918238993713
0.0007597484276729563
0.0009899371069182396
-0.0030955974842767305
-0.0011044025157232707
0.002584905660377359
-8.427672955974839e-05
9.811320754717e-05
0.0015106918238993717
-0.0017421383647798743
-0.001178616352201258
0.0002301886792452828
0.0024817610062893088
-0.0009119496855345914
0.0007031446540880505
-0.0003358490566037738
-0.0032805031446540883
-0.00025660377358490566
0.0007132075471698111
-0.0028088050314465413
-0.0005132075471698113
0.0010062893081761008
0.002088050314465409
-0.0007320754716981132
-0.0024213836477987418
-0.0004993710691823901
0.0004427672955974839
-0.003896855345911949
0.0017421383647798741
0.0018062893081761007
-0.0024264150943396224
-0.0008301886792452831
0.001743396226415094
0.002522012578616353
0.0028578616352201262
0.003122012578616353
0.0017773584905660382
4.025157232704387e-05
-0.0008704402515723272
0.0009308176100628936
0.0012691823899371071
-0.00015345911949685587
-0.0022490566037735847
-0.0003081761006289309
-0.0004981132075471697
-0.001179874213836477
0.00018616352201257844
-0.0032389937106918234
0.0011811320754716987
0.0015836477987421385
-0.001728301886792453
-0.0011949685534591201
0.0013861635220125785
0.00015723270440251553
-0.0003836477987421388
-0.0012201257861635224
-5.2830188679245094e-05
0.001747169811320755
0.0024981132075471697
0.0016905660377358493
0.0010125786163522007
0.004026415094339622
0.0005572327044025162
0.0016264150943396233
-0.0009610062893081767
-0.002467924528301887
0.00044402515723270403
0.0014477987421383648
-0.0008364779874213837
0.0002276729559748418
0.0005635220125786169
0.004309433962264152
0.002116981132075472
-0.003027672955974843
-0.002433962264150944
0.0005018867924528305
0.0012138364779874218
-0.0032327044025157233
-0.001044025157232705
-0.0011031446540880503
0.00479496855345912
0.0015446540880503143
0.0011647798742138366
-0.0014666666666666671
-0.001316981132075472
-0.0017949685534591198
-0.0003534591194968548
-0.0006213836477987425
-6.666666666666674e-05
0.004124528301886793
6.0377358490566024e-05
0.0022213836477987417
0.0006654088050314468
0.00023018867924528332
0.0010377358490566036
0.0002226415094339626
-0.0014314465408805028
0.0020528301886792457
-0.0006553459119496857
-0.0011786163522012575
0.00020880503144654058
0.0011735849056603777
-0.0021257861635220125
0.0009031446540880507
-0.00018867924528301856
-0.00338993710691824
0.00036226415094339656
-0.0022955974842767297
0.0006842767295597488
-0.007
0.0018138364779874206
0.000922012578616352
0.0008918238993710696
0.00032704402515723276
-8.427672955974823e-05
-0.00230817610062893
-0.0006792452830188685
0.0006088050314465405
8.805031446540945e-05
-7.79874213836482e-05
0.004976100628930817
-0.0027056603773584907
0.002137106918238993
-0.0026402515723270435
0.004474213836477988
-0.003090566037735849
0.003222641509433961
-0.002251572327044025
-0.00027295597484276724
0.0014477987421383648
0.00011194968553459144
0.00027169811320754703
0.0006088050314465408
-0.0014314465408805028
0.0035031446540880512
-0.0002830188679245281
0.0022779874213836484
-0.001781132075471698
0.00033962264150943426
-0.000208805031446541
0.001354716981132076
-0.002470440251572327
-0.0021383647798742136
0.002865408805031447
0.0015735849056603773
-0.0021408805031446544
-0.0019522012578616352
0.0012062893081761005
0.0013169811320754715
-0.0008830188679245281
-0.0005849056603773585
-0.0010503144654088047
0.0008591194968553454
0.004098113207547169
-0.0005748427672955974
-0.0024968553459119498
-0.0002817610062893081
0.0005660377358490558
-4.528301886792491e-05
-0.00043522012578616273
0.003684276729559747
-0.003635220125786164
0.0003635220125786164
-0.000971069182389937
0.0005572327044025162
-0.0014654088050314467
0.0033018867924528303
0.0009849056603773588
-0.0003283018867924528
0.0021207547169811323
-0.0007823899371069186
-0.0028125786163522015
0.0016050314465408807
-0.0009257861635220133
-0.001036477987421384
-0.00021886792452830168
-0.0027610062893081763
-0.0011748427672955977
0.00014465408805031452
-0.0005471698113207545
-0.0002490566037735847
-0.0006691823899371068
-2.51572327044076e-06
-0.002123270440251573
-0.003242767295597484
-0.0028515723270440252
0.0007320754716981134
0.003677987421383647
-0.0013232704402515723
0.0008591194968553461
-0.0004981132075471697
-0.0019672955974842764
0.0034490566037735843
-0.0002025157232704403
-0.0005056603773584915
0.0025534591194968557
-0.001316981132075472
0.004249056603773585
0.001806289308176101
0.000393710691823899
0.0019849056603773586
0.0007710691823899373
0.0007559748427672953
0.003304402515723271
0.0011522012578616353
0.001805031446540881
-0.0014125786163522018
0.0017056603773584905
0.0012163522012578615
0.0005786163522012574
-0.0035698113207547175
-0.0004918238993710694
-0.0022616352201257858
0.0018603773584905667
0.001540880503144654
0.0017761006289308174
0.0004981132075471695
-0.0013144654088050314
0.003285534591194969
0.0006591194968553465
0.004041509433962266
0.0002993710691823895
9.30817610062894e-05
0.002758490566037736
-0.0009132075471698115
0.0030125786163522007
-0.0035647798742138364
-6.415094339622712e-05
0.004171069182389937
0.0020603773584905657
0.0007987421383647799
-0.0029522012578616355
0.0004528301886792456
-0.00015849056603773584
-0.0012704402515723277
-0.0026377358490566037
-0.002910691823899371
-0.002342138364779875
0.0004201257861635222
-0.0015761006289308176
-0.0011937106918238993
-0.002303144654088051
0.004410062893081761
0.003187421383647799
0.0009044025157232708
-0.00033962264150943393
-0.00016477987421383632
0.0014465408805031446
0.0026465408805031445
-0.003362264150943397
-0.0006817610062893085
-0.0010566037735849063
-0.0020616352201257866
-0.0020830188679245285
0.0007773584905660381
0.00036981132075471695
-0.0005433962264150948
-0.001119496855345913
0.0024465408805031444
0.0018113207547169813
-0.0023559748427672968
-0.0004893081761006291
-0.0019446540880503147
0.0028968553459119504
0.0010251572327044023
-0.003446540880503145
-0.001322012578616352
0.0009018867924528303
-0.0006100628930817606
0.002143396226415095
-1.5094339622641069e-05
-0.0009823899371069187
-0.0010540880503144654
0.0024402515723270434
0.00035471698113207585
0.0011949685534591193
0.001245283018867925
-0.0010968553459119494
0.0007761006289308179
0.0019849056603773586
0.0015459119496855343
0.004066666666666666
-0.000572327044025157
0.0008893081761006284
-0.002450314465408805
0.0018402515723270443
-0.003327044025157233
0.0006075471698113203
-0.002533333333333334
-0.00045911949685534595
0.0007861635220125788
0.0016968553459119496
-0.0010440251572327044
-0.0026540880503144655
-0.0013245283018867926
0.0015383647798742138
0.0006918238993710689
0.0007811320754716987
0.0021622641509433955
-0.0012754716981132077
0.0003647798742138364
0.00339496855345912
0.0016930817610062896
0.0016314465408805029
0.001820125786163522
0.001284276729559749
-0.00039748427672955976
0.002581132075471698
0.0021974842767295603
0.0010276729559748434
-0.002013836477987421
0.003446540880503145
