"Small-firm January after publication, net of costs · sign-flip|-0.005071272664370744"
0.0005239908163104844
-0.0005362126716044726
0.0003952430375367583
-1.7450582629617275e-05
-0.0004238697299932382
0.0006309902344671415
0.0007332028117186395
-0.00028221131921183815
-0.0006623248572911259
1.4513060024217257e-05
0.0010665078391596293
0.00018402446887138125
-0.0016029076441634823
-0.0006133525184381439
-0.0006836863707128369
-2.7580946989353762e-05
-0.0005516142221383529
0.0004909515497476058
0.00024173703826013118
0.0004959805632872576
-0.0011016385966567596
0.0002208598701074052
0.0008890173137708169
-0.0012098708936799233
-0.001267438788507808
0.0009286329826547783
0.00023400009435297435
-0.0016615637432970077
1.0946517588967246e-05
-0.0012044676133415105
0.00048724033275149016
0.0003598826878017329
0.001169179600886918
0.0005817033856992342
0.0010752480696953972
-0.0014467062949159472
1.8194398578416847e-06
-0.0009123130631693164
0.0004403469044361624
0.0011452799924517622
-0.0015827192527244425
-0.0006240993222311332
-0.0005832507744806654
-0.0011859712852447678
-0.0007234467141576642
0.001798350395496218
0.0016513484612602411
-0.0009274001037882721
-0.0009673177021905616
5.256875973015064e-05
0.00022401440455410343
0.00037860860813637156
0.0006423660580899813
-0.0005777625764652229
4.259565032787665e-05
-5.759777326980224e-05
0.0012716941076567436
0.0004158308565677534
0.00059733452847101
-0.0011769165447940745
-0.00017412369674953994
-0.0014928983661209921
-0.0002689861772892391
-0.001218309194697363
0.00035617147080561706
-0.0015607412998694785
0.00016739003947099435
0.00048267050368762865
-8.491924957934298e-05
-0.0011077432341054553
-0.0019608262175465083
2.480067934141623e-05
0.0016364910128791813
9.133839694296369e-05
0.000318103190703087
0.00047973298108222866
0.0013412542655407212
0.00011864729285590736
-8.777185450771336e-05
-0.0007807000990706234
-0.00021613278608608155
0.0006485556132157065
-0.0020942161626645284
-0.0014300718655155605
-0.00017257630796810872
-0.0003458115142079855
5.745309870893671e-05
0.0015838797943105156
7.593684640908304e-05
-0.0006199289207592271
0.0008761790190435755
-0.0005369863659951881
-3.2537623248572845e-05
-0.00042371247503577544
0.0009578037772640781
0.0006308329795096789
-0.000634556776902392
9.466276674372168e-05
-0.0003060385903665613
-0.000803995848469123
0.0017666289254768758
-0.00012058152883269654
0.00013056721863156744
-0.00043779622902612023
-0.00014859178185592305
-0.00017041247975342426
-0.00047779874510543946
0.0005185749555754745
0.0010511188690223462
0.00015671557295843746
-7.005708354956004e-06
-0.0008920397540532468
-0.0007328883018037144
-0.0010738579358714286
-7.602176408611293e-05
0.00017837901589847608
-0.0003979509679042631
-0.0012874699249893855
-0.0005288625748926735
-0.0004567517415986539
-0.0016351008790552123
0.000657066251513579
0.0003023997106508782
0.00043617650296425594
0.00047973298108222866
0.0012403594848327593
-0.00019028636127753918
-0.00034379236055416643
-0.0011089037756915286
0.00041683414319636437
-0.0003676322121054867
-0.0011027142205658033
-0.0009004780550706863
1.0487333113176552e-05
0.000543333176078376
0.0008914956519004262
0.00044894246041106444
-0.0005261546445251687
6.201034737620103e-05
0.001097842461983614
-0.0013868173169159159
0.00029295812300482763
0.001339090437326037
-0.00020414052302998863
0.0007814737934613387
0.0004047569624632416
0.0005618295041751192
0.0002921120913336793
0.0007074287241905299
0.0009742809517070025
0.0013036451699139815
-0.0008423660580899814
-0.00019060087119246422
-0.0007090610306489914
0.0010498734097592426
0.0004148999072195754
-0.0012599314368385462
-0.00036839332609960517
4.073375163152011e-05
0.00031091034894875077
-0.0004926561934864999
0.0007971049362331147
5.511943514019273e-05
-0.0016072478809894483
-0.0003222138352911577
0.00047067824063153605
-0.0008716941076567438
0.0003536931326760077
-0.000881667217059018
-1.372678523690447e-05
0.00014340551335880882
-0.00011439197370697122
-0.00011431963642653844
-0.0005118412982969288
-0.0003491358840087436
-0.0010749461401770692
-0.0013701105502350963
0.0010383403311789406
0.0011935509741944612
0.0012703039738327752
-0.000503789844474847
-0.0022108144234246983
0.0006764809485619034
-0.0004447594785425613
0.0007095202151247819
-5.615574530987016e-06
-0.0002815948797785852
-0.0001456542592505228
0.0007669308549952036
0.0012207026151499426
0.0011715730213394976
0.001052810932364643
0.0005209683760280544
-0.0021226856001635456
0.00045706625151357907
0.0015642355050242962
3.825541350191065e-05
0.0009669308549952038
-0.0008848469122989104
-0.0004267349153182055
0.0008257442090861917
-0.001655059678256357
0.00021690648047679707
-0.00022200783129688165
0.0020423786384865784
-0.0005977213756663678
-0.00018201789561415906
0.0002578399459042947
-0.0010179946847824377
-0.0009181881083801169
0.0003928496170841786
-0.0003676196317088896
-0.0007052648959758456
-0.0001766020348791497
0.0003324165369313266
-0.001697310940227391
-0.0007538503876334702
0.0003520010693337109
-0.0006131229262002486
-0.0009335896589139973
-0.00017357959459671958
-0.0006727697315657878
-0.00020684845339749328
-0.0002733861709990407
0.0006874699249893853
0.00023950087276501387
4.8156185623751766e-05
0.0007003931373936562
-0.0004283672217766665
0.0009533912031576795
0.0010225645138462992
-0.0011480602600996996
-7.936657703133976e-06
-0.001262711704486484
-0.001678657357173185
0.00016739003947099435
-0.0005246072557437376
-0.002071392178138416
0.00030217011841298313
0.001257453098708937
0.0004393436178075515
0.00041226431413250324
0.0012645012659024076
-0.0008660360742872419
-0.00020916953656964046
0.00024762466386752844
-0.000537602805428441
-0.0018097985563994908
0.0005000062901982987
0.0013968753439952196
7.771382742840953e-05
0.00039772137566636794
-0.0001906857888694942
0.0006435265996760547
7.825792958123009e-05
-0.001308831438411096
-0.00013164284254061116
-0.00029559371609189983
0.0002004293060338728
0.0018432246701577271
0.0006849192495793428
-5.203723797392731e-05
0.0006366356874400466
0.0011741362771461373
-0.00017412369674954
3.725212687329993e-05
0.0009766146152757466
-0.0022645861835794375
-0.0008463917850010221
-0.0003938529037127896
0.00012569546004937812
-0.0008339277570725419
-0.0003472016480319543
-0.0002784875218191254
0.0011213678036200094
0.0011396219590822602
0.00047655328584233624
-0.00018154613074177178
0.0006978424619836139
-0.00047941847116730337
0.0006301442027959931
0.00018797785850198929
8.275542136465857e-05
-0.001123761224072589
-0.0005472739853123869
0.0011972621911905774
0.0008303737950338884
0.00056816373386171
0.0008978424619836142
-7.632369360444097e-05
-0.0013152505857747167
-0.0006965246654400782
0.00026209526505323094
-0.0013059662530861286
0.000969179600886918
0.00010108191410734222
0.001011273607900489
-3.4616533786227766e-05
-0.0005802283341982357
0.0009722743784497808
0.0014768803761538586
0.00016723278451353173
-0.0005471293107515215
-0.0002708354955889986
8.244091144973358e-05
-0.0003476608325077449
0.0009179585161422215
-0.0003646821091034895
-1.2493906370398303e-05
0.0013793225456432516
0.00015524052145743866
0.00016491170134138471
-0.0005435627683162713
-0.0004227941060841943
-0.0002350882986586154
-0.0006901778553568902
-0.00017156044094290062
0.0017088314384110961
0.00018077243635105614
6.21676023336635e-05
8.305735088298688e-05
-0.00048430281014608996
-0.0011653834662137725
-0.0007178012611847589
0.000586345552043528
0.0013584202166973312
-0.0009067399474768442
0.0004878567721847431
0.000772117123492318
0.001418925634130616
-0.0007343633533047131
0.0010658913997263766
0.0003961739868849367
-0.0007971772735135475
0.00031910647733169787
-0.0018880989448192356
-0.0006050714723781666
-0.0006121919768520705
0.00047083549558899846
0.0005646821091034894
-0.0020484109386548414
-0.0013690223459294553
0.0011666289254768758
-0.0009305672186315673
0.0011677768866663522
-0.0025995235174788886
0.0007277020333066001
-0.0005415561950590493
-0.0013311962384614175
-0.0001352093849758613
0.0011444937176644495
0.0011585051343743612
-0.0004764809485619036
-0.002494989857055243
0.0009150209935368215
-0.0003747401361827932
-1.2030004245884935e-06
-0.0008888726392099513
-4.228114041295143e-05
0.0013019405261750878
-0.0006987608309351952
-0.0001992687644477992
-0.0003341211806702205
-0.0020215738076142854
0.00015601421584815467
7.632369360444102e-05
-0.0010224072588888363
-0.00014572659653095578
-0.0004663505842021671
-6.332814391973709e-05
0.0003246072557437374
-0.00035493859193911086
-0.00029621015552515307
-0.00042928559072824785
-0.001570799326948782
-0.00128724033275149
-0.0003164834646412229
0.00035152930446132323
0.000700235882436194
0.00042411190262773034
0.000995400292494221
0.0005993411017282319
0.001023797392712805
0.000867668380745703
-0.00033728829551351593
-0.0001574892673491533
0.00044746740891006597
0.0006320784387727822
-0.0006865515560378043
0.0004661933292447044
-8.692582283656485e-05
0.00013450802786557845
-3.083297950967924e-05
0.0010506471041499587
0.00033582582440911464
5.071472378166619e-06
0.0008354028085735405
-0.0006833718607979118
0.0001662294978849207
0.0009692519381673506
-0.0012446871412621283
-0.002312240725888884
-0.0001296362692833893
-0.0013139327892311805
0.0002945055117862591
-0.0009948687707379976
-0.0015197354971615482
-0.00013953704140523036
1.3497192999009069e-05
-0.0012156012643298583
0.0007632919752795206
0.0005880501957824221
-0.00032963626928338906
-0.0009160966174458651
-0.0002771823056721863
-0.0011365271815193976
-0.001324692173420767
0.0003147788209023289
0.0018280652922583387
-0.001367547294428457
-0.0013294915947225238
0.0004213190545831959
0.00033018037143620966
-5.582079225047562e-05
0.0005563287257630798
0.00046610841156767476
-0.0008162177037631114
8.460473966441777e-05
0.0012473950716296333
-0.00015524052145743887
-0.0014511188690223462
-0.0004967542576779733
0.000296826594958406
-0.00031780126118475887
0.00034301866616345095
0.0010746316302621443
-0.00014688713811702902
-7.540532465285974e-05
0.0008097136387224608
0.0007594235033259425
-0.0012505747668695257
-0.0020816074601751823
-1.7136072714692117e-05
-0.0007553977764149015
-0.0011236039691151264
0.0009365271815193974
-0.0002693604440879999
-0.00037343492003585443
-0.0003816310484188014
0.0018306883049488138
0.0006558207922504757
-0.0017677171297825164
0.0006108741803085342
-0.00038711924643424384
0.0012963674104826154
-0.0016423786384865784
-0.0006876271799468479
-0.0008935871428346779
0.00044708056171470815
-0.0019230724473589032
0.0007120834709314212
0.0001162538724033277
0.0016542136465852086
-0.000702556965608341
0.0013925476875658507
-0.0002979147992640469
-0.0005752842383356133
0.0007951707002563256
-0.00037984148700287754
-0.000870763158308566
-0.0013906857888694943
-0.0004575254359893696
-0.00018293626456574035
-0.00044762466386752837
-0.0011268560016354514
3.841266845937328e-05
0.00016746237675142704
0.0005344356905851458
0.0011374581308675755
-0.0002491720526489598
-0.0006131952634806811
0.000236176502964256
-0.0024932128760359173
0.0016480240914594835
0.0010484832759352742
-0.000557876114544511
0.001364924281737982
0.0005586498089352266
-0.0003147064836218963
0.00027973298108222857
-0.00022571904829299738
-0.0001568728279159003
-0.0007938654841093866
0.0005280888805019578
0.0020169190608733943
0.0019479879228192665
0.0006152144171345003
3.176392885785721e-05
-0.0009736645122737493
-0.0011297935242408517
0.00023950087276501398
-0.00023981538267993908
-0.00019903917220990392
-0.0011318126778946708
-0.0024828403390416884
-0.0010330093881209608
0.0010635703165542295
-0.0010798902360396908
-0.0008781132550203647
-0.0011821751505716217
-0.0006087103520938497
-0.001318417700618012
-0.0004962950732021829
0.0008271217625135632
-0.0007297935242408516
0.0016319337642119172
0.001080277083235049
0.001492970703401425
8.669623059866971e-05
-0.0016049991350977342
-0.00013443569058514565
-8.646663836077437e-05
0.0019944819235426397
5.272601468761319e-05
4.073375163152022e-05
0.0017311962384614177
-0.00027864477677658775
-0.000744336462706987
-0.000529019829850136
0.0008000424588385151
0.0014749461401770694
0.0005153229230551493
-0.00034952273120410123
0.0013647670267805192
-0.0004186111242156909
0.0013504536805522794
0.0007233743768772313
0.0004515654731015395
-0.00042657766036074306
0.0008043826956644807
-0.0005791527102891921
0.001025888883647057
3.2380368291110186e-05
-0.0011255382050919158
0.0018463917850010223
-0.0004966819203975405
0.00014549700429306034
0.002615915774244783
-0.0004422088031325188
-0.001390069349436241
0.00026642292148259985
-0.000612965671242786
-0.0009102215722350648
0.002344506298061046
0.00026062021355223236
-0.0004801198282775864
0.00015330628548064986
0.0016153716720919628
-0.0002549747605793273
-0.00017938230252708708
0.00010162601626016262
0.0010145130600242172
0.0013008649022660443
0.0003975641207089053
-0.00033691402871475503
0.0005706420719913196
0.0014241842399081632
-0.00027864477677658775
0.002021403972260225
0.0004479391737824535
-0.0009147064836218962
0.00014556934157349314
0.0021080703244169773
-0.0017481325973801322
-2.1089462345300524e-05
0.00172539353053105
-6.38722460725574e-05
-0.0003317277602176408
-1.2493906370398249e-05
-0.00035013917063735425
0.001009556383764998
-0.0025257080404459753
-0.0007581057067824063
-0.0012902627730339202
-0.0002889449764903837
0.0009641505873472663
0.0001397666336431255
0.0006836014530358068
-0.000679962573320124
0.0014838436256702995
0.0011308817285464923
0.0004642590932679154
-0.0016286817316915913
-0.0006698322089603877
-0.0024187809595697506
-0.0016385825038134328
-0.00021977166580176431
-0.0013611281470648363
0.0004228664433646271
-0.0009759855954458968
-0.00026797031026403107
-0.0007802409145948326
0.0004918824990957841
0.0015126999103646742
0.0006645012659024078
0.00012738752339167485
0.0003353540595367269
-0.00011508075042065684
-0.0007750546460977181
0.0013628327908037298
0.001219928920759227
-0.0008182242770203332
-3.8025821264015354e-05
-0.000752230661571606
0.000554938591939111
-0.00131045116447296
-5.761035366639938e-05
6.658017644006249e-05
-9.304304068185756e-05
0.000373821767231212
-0.0019834206098347253
-0.00033985155132015566
0.0017886068783318396
-0.00047540532465285975
-0.00019772137566636782
-0.0005974917834284726
-0.0006150571621770378
-0.00048630938340331163
0.002345981349562045
0.0009348225377805036
0.0006996194430029408
4.785425610542365e-05
0.00024498907078045635
-0.0016674387885078077
-0.0004953641238540046
0.0003255382050919155
-0.002286950983629759
-0.001254757748738029
-0.0003242927458288121
0.002022262584327971
0.0004655768898114512
-0.00013721595823308337
-0.00038766334858706417
-0.0008181519397399005
0.00021597553112861896
-0.00012012234435690584
-0.0021602821153936876
0.0005112971961441083
-3.1836266138290217e-05
0.0017059788334827257
-5.520435281722268e-05
-5.690899655611647e-05
0.0003107530939912881
0.0002372521268732997
-0.0003987246622949789
-0.0002565944866411913
-0.0007890534824110332
2.720510764101984e-07
-0.0008235678004749099
-0.0009412416851441243
-0.0009912298910223145
0.0009924627698888206
0.00033614033432403966
0.0003472739853123869
-0.0006047695428598387
-0.0014081788303376265
-0.0016121196395716376
-0.0001232171219197686
0.0010161453664826784
-0.00029891808589265775
0.002259013067886965
0.0006317639288578575
-0.001892197009010709
-0.0019550235096161407
-0.0001089037756915288
0.0001358258244091144
0.0007000786274787314
-0.00044498907078045644
6.116431570505245e-05
0.0008753329873724271
-0.0007205091915522637
0.00010146876130270017
0.00026394458335299027
1.6978817757229834e-05
0.0007707269896683493
0.0011776179019043576
2.4957934298878876e-05
0.001037808809422717
-0.000448398358258244
0.0018331666430784232
0.0009046484565425926
0.0007238461417496189
-0.0012979997169410766
-0.00017853627085593897
0.00018789294082495936
0.0014974556147882565
5.891556981333827e-05
-0.00029930493308801567
-0.0002742447830667863
-0.0003717176959003632
0.000555869541287289
0.0009747527165793904
-0.0007440345331886589
-0.0007455693415734932
0.00012135522322341216
-0.0008361765029642561
0.0003394647041247976
7.477630482300953e-05
0.00030464845654259266
0.0003561714708056171
-0.0002646459404632731
0.0004370225346354045
-0.0010769527134342914
-0.0009048057115000551
-0.00022077495243037542
-0.000966544007799846
0.00041752291991005
-0.00030139642402226744
0.0006154440093723955
0.001128790237612241
0.0014665078391596295
-0.0009410970105832586
0.0014074774732273437
-0.00020491421742070432
0.0006390416882892234
-0.0009446509726219119
0.0001625906181692379
-0.0003654558034942051
0.0006373370445503294
-0.0013006353100281488
0.0009636788224748786
0.00016971112264314126
0.0011342060983472507
0.00011152678838200375
-0.00113962195908226
0.0013560267962447517
-5.821421270305549e-05
-0.000208939944331745
0.00039656083408029453
0.0014846173200610152
-0.00026054787627179956
-0.00037605793272632945
0.00046557688981145124
-0.00025117862590618155
-0.0003655281407746381
-0.0005535484581151423
0.001928488308093913
-0.00106705194131245
-0.0007766020348791496
0.0009427167366451228
-8.537843405513349e-05
-0.0007393074491673349
-0.0002953641238540044
-0.00021838153197779566
0.0011704973974304542
-0.0002701341384787156
0.0005612854020222988
0.0006495588998443177
-0.0006460772750860971
0.0006172209903917221
0.0011367567737572927
-0.0011154078407321789
-5.450299570693959e-05
5.566353729301307e-05
0.00048159487977858506
-0.000794783853060968
-0.0015374581308675757
0.0006125788240474281
0.0004468509694768127
-0.00038163104841880126
-0.0007752119010551808
-0.0007755987482505387
0.0004950496139390795
-0.0004802770832350492
0.0002574530987089369
-0.0007636788224748785
0.0006630262144014092
-0.0009697960403201714
-0.0009150209935368214
0.00015230299885203883
0.00033721595823308346
-0.0017755987482505388
-0.0017879778585019894
-0.000686623893318237
-0.00030788790866632075
7.392555550313741e-06
-0.0015856567753298422
-0.00047834284725825984
0.00018054284411316053
-0.0009499095783994592
9.399128807535585e-06
0.0005280888805019579
-0.0017051202214149804
0.0014690585145696717
0.00013350474123696748
-0.0004348587064207199
0.0014836863707128368
-0.0018997043606799706
0.0005977213756663679
0.0008470208048308724
-0.0012794310515639009
0.0002056879118114199
0.0007571747574342282
-0.0005424022267301976
-0.00047957572612476604
-5.82991303800853e-05
-0.0005994260194052618
0.001508444591215738
0.00042085987010740517
0.0010632558066393045
-0.000779769149722445
-0.0004537293013162239
-0.0010468509694768128
0.0017429589092796153
4.592002012863464e-05
0.00032445000078627485
0.0002778710823858724
-0.0008423660580899812
-0.001719046720447862
0.002182804170401472
-0.00016413800695066908
0.0004466937145193502
-0.0004107169253510717
-0.0004702913934361782
-0.0002118774669371451
-0.00013892060197197704
-9.93772703684484e-05
-0.0003639084147127738
9.047978487521808e-05
-0.0020060873394033745
-0.0012148275699391425
0.0005712585114245727
-0.0006758645091286501
0.0010479391737824536
-5.775502822726474e-05
0.00011732949631237127
0.0004824409114497334
-0.0005920759226934632
-0.001005301064616062
-0.00038789294082495953
0.00028724033275149
-0.000911539368778601
-0.0019268685820320486
0.0015666289254768757
-0.0005411693478636916
-0.0015611407274614335
-0.0012112610275038921
0.0004233979651208504
-5.768269094683205e-05
-0.0015215973958579044
-0.0008742447830667864
-0.0008630985516818419
-0.00029868849365476244
-0.00011849003789844487
0.0019988221603686055
-0.00048198172697394294
0.0005181031907030868
0.00036019719771665813
0.0002789592866915129
-0.00013396392571275826
0.0003967904263181896
-0.00044676605179978286
0.0007865028070009908
0.00024839835825824397
0.00010139642402226733
-0.001523761224072589
-0.00022495793429887893
-0.0011820902328945919
0.0015106084194304226
0.0007859587048481703
0.000364839364060952
5.233916749225518e-05
0.0007512997122234279
-0.0007373008759101132
0.00037064207199131956
-0.0005469720557940588
0.0005943120881885803
-0.0007225157648094857
-0.0011557972040068564
0.0012227941060841945
-0.0003942397509081474
0.00015887940117312186
0.001456147882561998
-0.00017373684955418226
-8.421789246906014e-05
0.0001684059064962024
3.121982670503692e-05
0.00024801151106288626
-0.0016897186708810996
0.00017535657561604633
-0.001327472441068705
0.0003766743721595824
-0.00023524555361607765
-0.0002882436193801009
-0.0009233743768772312
-0.00030874652073406626
0.00048360145303580706
-0.0004391140255696563
-0.0012419068736141908
0.0003480476797031027
0.0017250066833356923
-0.0007923055149313582
-0.00014093975562579623
0.0007175590885502666
0.0005722617980531836
-0.00015307669324275447
-0.00029072195750971054
-0.0005273151861112421
0.00036197417873598466
0.0013736645122737494
0.00027818559230079746
0.00021172021197968265
-0.0003405529084304383
-0.0006938167350725732
0.0013799389850765046
-0.0008072478809894484
-0.0005332751489990725
3.6813385541980068e-06
0.0005227453570473807
0.0010387271783742983
0.0013361403343240398
-7.160918997971403e-05
0.0001397666336431258
-0.00196291770848076
-0.0014789592866915127
0.0008739302731518611
0.00022696450755610065
0.0011294066770454942
0.00013018037143620946
0.0004729993238036828
0.0004574530987089368
3.8025821264015516e-05
0.00026765580034910605
0.0007585774716547943
0.0010973832775078235
-0.0007199650893994433
-0.0019756836659275685
-0.0007075859791479927
-6.842949473982163e-05
0.00031616895472629756
-0.0013445786353414792
0.0005438772782311964
0.00032824613545942035
-0.001176759289836612
-0.0006739302731518613
0.0010583117107766822
0.0006870830777940274
0.00025272601468761293
0.0005725763079681087
0.00032042427387523394
0.0011691796008869184
-0.0009310389835039551
7.602176408611283e-05
-0.0002492443899293927
0.0012112610275038921
-0.0014202434306741522
-0.00030449120158513015
0.00029946218804547824
-0.0015963438222389961
-0.00025590570992750563
6.030570363730737e-05
0.00020289506376688525
-0.0005738091868346149
-0.0005249941029390954
6.510512493906374e-05
-0.0004668097686779576
-0.0002368652796779418
-0.000991689075498105
-0.0012734710886760706
-0.0026889575568869815
0.00014324825840134604
-0.0007408548379487664
0.0012979997169410768
-0.00047338617099904073
6.904593417307471e-05
6.610841156767458e-05
0.0011943246685851773
-0.0004056879118114199
-0.0005176440062272963
0.00016855058105706805
-0.001562603198565835
-0.000826190813165385
7.005708354956004e-06
0.0002506471041499582
0.0006159755311286189
-1.6676888238901692e-05
0.0005783790158984761
-0.00044351401927945764
0.00021041499583274357
0.00021033007815571405
-0.0011446509726219117
0.0012745592929817116
-0.001308214998977843
-0.00039307920932207384
-0.0003347376201034737
0.0008100281486373859
5.91750404931521e-06
-0.0009324291173279239
0.001638510166533
0.0006601610290764417
0.0001898271768017487
0.001245775345567769
0.0022573084241480712
-0.0008566794043182212
0.0006868534855561322
-0.0017711138368637076
-0.0008064616062021357
4.2930603387269676e-07
-0.0015206664465097265
-0.0004731565787611454
0.0003081300813008128
-0.0005037175071944143
-0.0007809296913085185
-0.001663497979273797
-0.0007268560016354517
-0.0006135821106760392
-0.0008244138321460584
-0.0002941312449874983
0.00030704187699517215
0.00046874400465474675
0.0010259612209274898
0.00010974980736267714
-0.0008949772766586468
-0.0005019405261750875
-0.0002046122879023763
0.0011577314399836454
0.0004967542576779733
0.0015602097781132552
0.0014788146121306476
-0.001548289852337595
0.00012119796826594961
-2.7423692031891158e-05
7.464892830746589e-06
0.001301166831784372
0.001487941689861773
-0.00020978597600289348
-0.0004022912047302292
-0.00041783742982497493
-0.0009546366624207833
0.0012138242833105314
-0.00019014168671667374
0.0006597018446006513
0.0008690585145696717
0.000598422732776651
-0.00032715793115377964
0.0002446871412621283
-0.00036468210910348966
0.00019044361623500193
0.0012898035885581295
0.0003044912015851301
0.0009750546460977183
-0.0007567879102388705
-0.0015430312465600478
-0.0006664229214825999
-0.00022418423990816323
0.002223265870956582
0.0003095202151247818
-0.0007884370429777799
-0.0006729269865232503
0.000687554842666415
0.0004219354940164489
0.00013760280542844116
-0.0009533188658772467
-0.0014260461386045196
-0.0010247283420609836
0.0002937318173955434
0.0022147552326587097
-0.0005571024201537955
0.0007869745718733784
0.0006937443977921406
0.0001843263983897092
0.0009702552247959618
0.0002514931358211068
-0.0005025569656083409
-0.0028978550423802117
-0.0012380384016606124
0.0015633045556761177
0.0007467424635561637
-0.0003878929408249596
-0.0012292132534478149
-0.0009954852101712508
-0.00022216508625434435
0.0006562925571228635
-5.582079225047562e-05
0.0002387271783742985
-0.0001476608325077449
-0.0003288625748926735
0.000670992750546461
0.0004559780472079383
-0.001735681149848249
-0.0008997766979604033
0.0005629900457611928
0.0006624821122485888
-0.00019083046343035956
-0.0005352817222562941
0.001829225833844412
0.0025262521425987957
-0.00128724033275149
0.0016246560047805507
-2.0847289710808066e-05
0.00011477882090232901
6.07774685096947e-05
0.00012158481546130745
0.0010945904294632888
-0.00010820241858124581
-0.0011425594816876603
0.00040507147237816676
0.0001433331760783759
0.0013092906228868862
5.381421899325374e-05
0.0003640656696702363
7.08354955889985e-05
0.0017784639335755063
-0.0005501391706373545
0.000173809186834615
-0.0011919312481325976
-0.0003817159660958312
-0.0005576465223066156
0.0001908304634303596
-4.367127423692024e-05
0.0002745467125851143
6.33281439197369e-05
-0.0009833356921576954
-0.000976831627117045
0.0005920035854130301
-0.0004404318221131924
0.0006365633501596138
0.0006464641222814551
0.0005422449717727352
-0.0008259612209274897
0.00018146121306474196
-0.0012959931436838548
-0.00013396392571275804
0.0014065465238791654
4.630686732399243e-05
0.0006827554213646587
-0.0005800113223569375
-0.00022286644336462697
-0.00038409680615181387
0.001179152710289192
0.00028150996210155537
-0.000271294680064789
-0.000505107641018383
-0.001553016936358919
0.0013564859807205425
-0.0016310028148637387
-0.0005345080278655787
0.0013742086144265698
-5.9459671966158777e-05
-0.001453512289474926
-0.0006642590932679153
-0.0007622886886509099
0.0009089037756915288
0.00013682911103772558
0.002811745372772877
0.0012049267978173012
0.001775296818732211
0.00029466276674372163
-0.001129406677045494
-0.0004624821122485887
-0.00045451557610353674
-0.0008564498120803257
0.00021319526348068118
0.001571113836863707
0.00025265367740718024
-0.0023351370476954285
-0.0004909515497476058
-0.0007168703118365805
-0.001137687723105471
0.00024592002012863455
-9.39912880753576e-06
6.169583746127598e-05
-0.0013171848217515057
0.0012591577424478308
0.0008999339529178658
-8.754226226981797e-05
-0.00018425406110927648
-0.00012654149172052658
0.0005394647041247977
0.0014042254407070185
0.001161357739302732
-5.481750562186486e-05
2.8227264864523984e-06
-0.0009527747637244267
0.0002096413014420281
-0.0006157585192873207
0.0009067399474768442
-0.00020878268937428261
0.0001351244672988316
-0.0008981569718985394
0.0008297573556006354
0.0006088676070513121
0.0006492443899293925
0.00039501344529886337
0.00032492176565866244
-0.0002242565771885959
-6.20952650532309e-05
5.5289270494252247e-05
0.0008220204116934786
0.000998737242691576
-0.0007716453586199305
0.0010609347234671574
-0.00014069758299130403
0.0014291409161673822
3.0518469594753994e-05
-0.0004988457486122251
-9.28008680473651e-05
-0.0011223710902486205
0.0005424022267301974
-0.0008241119026277305
-0.001330035696875344
-0.0025014090044188646
0.0004955937160918998
-0.0012289836612099198
0.0008845324023839852
0.0009384614174961868
-0.0005120708905348243
-0.0011908430438269568
0.0013841943042254407
-0.00016213143369344719
0.0007362126716044724
-0.0006959805632872577
0.0009841817238288439
0.00012035193659480097
0.0013684059064962024
-0.0005349672123413692
-8.476199462188054e-05
0.0005417008696199149
-0.0004459200201286345
-0.0002060024217263449
-0.0003192637322891603
0.0005714157663820352
0.0002246434243839536
-0.0006969115126354357
0.0006565221493607587
0.0014258165463666241
0.0007194209872466229
-0.0005360554166470098
-0.0015849679986161566
-0.0014715368526992817
0.0013998977842776495
-0.0004271217625135633
-0.0010135821106760394
-0.0010036813385541979
4.599707505778963e-06
0.0022295403437593373
-0.001077883662782469
-0.00015091286502807002
3.2223113333647845e-05
0.0006326948782060356
0.0008134248557185765
0.00022687958987907075
-0.0010237973927128053
1.064458807063893e-05
-0.00038015599691780256
-0.00011942098724662294
0.0013611281470648363
0.00011161170605903357
0.0011533912031576798
0.0005127722476451071
-0.00045388655627368654
3.601924800679342e-05
-0.000398108222861726
-0.0017194335676432202
0.0004393436178075513
-0.00033002311647874693
0.0003298658615212845
0.0009179585161422214
0.0009452799924517622
0.0002180670220628705
0.00020468462518280888
-0.00015316161091978426
0.0010638848264691546
-0.0005690946832098881
-0.0009429463288830182
-0.0007399238886005879
-0.00018115928354641377
-0.0006946627667437215
-0.0019741362771461372
0.0006921120913336792
0.0013086741834536335
0.00022177823905898623
-0.0007215973958579044
-0.0006019043575348713
0.0017696513657593056
0.0004400449749178342
0.00124971615480178
-0.0004445298863046658
-2.2322341211806596e-05
-0.0003471293107515217
-0.0002148275699391425
0.0005661445802078909
-9.380415467597613e-05
0.0008101004859178187
0.0005358258244091143
-0.00023470145146325724
0.001704503781981727
-0.00013728829551351617
1.8453869258228417e-05
-0.0004808211853878693
-0.0008032944913588401
0.00017528423833561348
0.00023849758613640312
-0.0005380745703008288
-0.0006586136402950103
-0.0006623971945715587
-0.0006708354955889985
-0.0017817159660958315
-0.0003484345268984605
-0.0004911088047050685
-0.0006591577424478308
0.001054745168341432
0.0005310264031073582
-0.00043339623531631836
0.0016788869494110807
-0.0021912424714189116
5.9145162051233865e-05
0.00017667437215958246
-0.0003649966190184146
5.2581340126747707e-05
-0.00021954207356386925
0.00017458288122533058
-5.88432325329057e-05
0.0010805915931499741
0.002195412872890818
-0.0005026293028887735
0.00020925445424667004
-0.0012221776666509413
0.000996803006714787
0.0007028714755232658
-0.0006520372379739272
-0.0006410482615464453
-0.0008035240835967353
-0.0004685144124168516
-0.00038085735402808583
-0.0008851488418172383
0.001630144202795993
-0.00018224748785205467
-0.0014559906276045355
-0.0003324165369313267
7.090783286943125e-05
-0.0002556635372930131
0.000306110927646994
-9.141073422339638e-05
-0.001333976506109355
-0.0007510701199855326
0.0005324291173279238
-0.00021651963328143918
0.00040275038920601985
0.0008096413014420277
-0.00019214825997389566
0.0007843389787863063
-0.0006049142174207041
-0.00017218946077275077
-0.00013605541664700978
-1.4513060024217337e-05
0.0012573807614285042
0.0011065103552389492
0.0006487128681731692
-0.001017378245349185
0.0012077919831422687
-0.0006437561919139501
0.0015667012627573085
0.0003023997106508783
-0.0005650689562988475
-0.0008080939126605967
-0.0008843751474265226
5.875831485587583e-05
-3.826013115063596e-06
-5.713858879401182e-05
-0.0015568004906354675
0.00021435580506675467
-0.0009352093849758613
-0.0014724678020474596
-0.0004087826893742826
0.0009249217656586625
0.0002641018383104526
0.0002719960371750721
0.0006374942995077921
-0.0005086616030570364
-0.0001341935179506532
0.0006942035822679313
0.0002122643141325031
-0.00045466025066440233
-2.3096035602522555e-05
-0.00028669623059866974
0.0005041766916702049
-0.0013855844380494097
-0.00037814942366058105
0.0006925838562060671
-0.0008253447814942368
-0.0004203157679545847
9.172524413832164e-05
0.0001667736000377413
0.0001587221462156592
-0.00023207843877278239
-0.0005377600603859035
0.000995327955213788
1.5588683933261005e-05
-0.0010331666430784233
0.0013277869509836296
0.001126324479879228
-0.00038944032960639086
0.00035671557295843744
0.0007775329842273279
-0.00047602176408611277
-0.00011671305687911789
-0.00031013665455803497
-0.0012805066754729441
-0.0014434542623956222
-0.0007188045478133697
0.0008589281502099354
-0.0002576826909468322
-3.4701451463257524e-05
-0.001431848846534887
-0.0006442153763897406
-0.0015883772860939443
0.001209641301442028
-0.00016228868865090978
-0.00017451054394489803
0.0005537057130726048
0.000482598166407196
0.001100163545155761
-0.0006746316302621441
-0.0006924266012486043
0.0009042616093472346
-0.0006740875281093236
-0.00042116179962573333
-0.0006278231196238461
0.00022657766036074273
-0.0012626393672060512
-0.0002689012596122093
0.0003292494220880314
-0.0008462345300435599
0.0012973832775078236
-0.0009345929455426082
0.001566628925476876
0.0007701828875155292
0.0001405403280338413
-0.0007620590964130147
-0.0009984950700570837
0.0006181519397399003
0.0005975641207089053
0.0013821751505716218
-0.0015902266043937038
0.0020529807677187022
-0.0016735560063531004
-0.0002497035744051831
-0.00109622273592175
0.0004859948734883867
0.000511539368778601
0.0011643801795851616
-7.779874510543947e-05
0.0005482049346605651
0.00033079681086946273
-0.0003075010614709628
0.00045374188171282115
0.0013752119010551809
0.0002678130553065686
6.255444952902143e-05
-0.000770097969838499
-0.000556485980720542
0.0013506832727901749
0.0004383403311789406
-0.0007981082228617258
-0.0009116840433394661
-0.001110922929345348
0.0015504536805522793
0.0007273151861112421
-0.0007448082275793745
0.0005094478778443491
0.0008894890786432042
-0.0006161327860860813
-0.000436176502964256
-0.0001403956534729758
0.0006275086097089213
-0.00022031576795458486
0.0019552656822506335
0.0012244138321460584
-0.0007152505857747168
-0.0006651051249390638
-0.00036251828088880515
-0.0010111163529430266
0.0011455819219700902
0.0008270494252331304
-0.0007328159645232816
0.000488243619380101
0.0004919548363762166
-0.001040202229875297
0.0011488339544904152
0.0003350521300183989
0.000520424273875234
0.001283686370712837
-0.0002635577361576324
-0.0002499457470396754
-0.0015716579390165275
-0.00081219197685207
-0.0009090610306489911
0.0006377962290261199
-0.00017651711720211987
-0.0007310389835039552
9.450551178625918e-05
0.00019106005566825487
0.0004093267915271029
0.00028027708323504917
-3.067572455221658e-05
-0.0005716453586199306
0.0002824409114497335
-0.0011834206098347252
-0.00023826799389850764
-0.0009402383985155133
-0.0006270494252331307
0.0003308691481498954
0.0017780047490997153
0.0013734349200358543
-0.0008448443962195909
0.0005120708905348242
-0.0005395370414052302
0.0003376028054284411
4.75696246324173e-06
-0.001104189272066802
2.7036844836533366e-05
0.00021110377254642953
6.461606202135607e-06
0.0006422088031325187
0.0009776053215077606
0.002234956204494347
-0.0007296362692833893
-0.0001625182808888052
-0.0014001997137959774
-0.0016360318284033904
-0.0004166768882389019
-0.000582706672327845
9.326005252315573e-05
0.0014153716720919631
0.00039926876444779916
-0.0015629900457611926
-0.000136369926561935
0.0013806277617901905
0.0017311962384614177
0.00020839584217892488
0.0005496076488811309
-0.000731340913022283
-0.00039137456558318006
-0.0003070418769951723
-0.0006389567706121935
0.0009647670267805193
0.000700163545155761
-0.0017186598732525041
0.0012714645154188488
0.0004969115126354358
-0.000880663930430407
-7.431712034721916e-05
-0.0011668585177147712
-0.00046804264754446385
-0.000861406488339545
0.0006104024154361463
-0.00014743124026984962
-0.0010208598701074052
0.00142952776336274
0.0001096774700822444
-0.00033969429636269294
0.001004297777987451
-6.216760233366353e-05
-0.00025984651916151656
0.0001023147929738485
-0.0012479391737824535
-1.8224277020333017e-05
-0.0008791165416489757
-0.0014456904278907395
0.0010796606438017958
0.0017002484628327909
0.0015510701199855325
0.0002865389756412072
-9.172524413832159e-05
0.00020445503294491384
8.782689374282568e-06
1.1345945180922054e-05
-0.00023199352109575249
0.0012392712805271186
0.00047269739428535497
0.0008733138337186082
-0.00029466276674372163
7.756915286754415e-05
-0.0011437200232737336
-0.000506110927646994
0.000431534336619962
-0.0005183453633375793
0.0011916167382176725
0.0009439621959082263
-0.0005486766995329527
0.0006824409114497333
-0.00030479313110345793
0.00010727146923306752
-8.576528125049158e-05
-0.0007333474862795049
0.0010360318284033908
0.0013910002987844194
0.001019542073563869
1.226431413250301e-05
-0.00038812253306285484
0.0017585051343743613
-0.000972890817883034
-0.001072310547089997
0.0012957509710493623
0.0005837225393530533
0.0006038385935116606
0.0015152505857747168
6.936044408799981e-05
-0.0008773395606296487
0.0015675472944284572
0.00022093220738783785
-0.0005441792077495243
-0.000739392366844365
0.0010918101618153516
-0.0008647308581403029
-0.0005186472928559072
-0.0009883647056973474
0.0006418219559371611
-0.0001379896526237989
-0.0017072840496296648
0.0021741362771461373
4.762466386752857e-05
0.00022680725259863828
-0.0006699894639178501
-0.0016613341510591123
0.0005796968124420123
0.000169396612728216
-0.00039741944614803994
0.0006694453617650297
0.00019299429164504401
-0.0015626755358462679
0.0004752480696953972
0.0004945904294632889
0.0006718513626142065
0.0003622886886509098
0.0006780283373433347
-0.0009862732147630955
-0.00021690648047679697
-0.0005346652828230412
-0.0004203881052350175
0.0005723467157302134
0.0015461260241229108
-0.0011940950763472818
-0.00024034690443616225
-0.0005172571590319386
0.0005039470994323096
-0.00010224245569341592
0.00015184381437624824
-0.0011828639272853077
-0.001694904939378214
0.0006279677941847116
0.0007048057115000551
0.00018186064065669672
0.001461321570662515
-0.0013537906307496345
-0.0011067399474768442
-0.0010313896620590967
0.0005475035775502822
-0.0003748250538598229
0.00026587881932977925
0.0005090610306489914
-0.00037489739114025567
-0.00021219197685207032
-0.0005081300813008132
0.00030635310028148644
-0.00043795348398358263
-0.0005905285339120318
0.0006275935273859508
-0.001007392555550314
-0.0009063531002814865
0.00024251073265084693
6.2409774968156e-05
-0.0014115755374188171
-0.00014533974933559772
4.266798760830922e-05
0.0005155525152930446
-0.0010788869494110802
-0.001034242266987467
-0.00035091286502807016
-1.806702206287052e-05
0.0006654196348539887
-0.000142631818968093
0.000521125630985517
0.000212651161327861
0.00018047050683272784
0.0009409397556257961
-0.001536067997043607
-0.0009549385919391109
0.0005961016496045038
-0.000430216540076426
0.0005014687613027001
-0.001072697394285355
-0.000507199131952635
0.0018994747684420753
-0.0011219842430532625
0.0009046484565425926
0.00033427843562768315
0.0008767231211963958
0.0011109952666257805
0.000465262379896526
-0.0011054221509333082
-0.0009044188643046974
0.0002233256278404175
0.0002415923636992657
-0.0009180308534226539
7.33861709990409e-05
1.9542073563869077e-05
2.1004544668270644e-05
-0.0005305672186315673
0.0005075010614709629
0.00031454922866443376
0.00010813008130081303
0.0011953279552137882
-0.0004367206051170763
-0.00020862543441682027
0.000704189272066802
0.0005116117060590335
0.0026335660706703783
0.0008425956503278767
-0.0010264329857998776
-0.0012774244783066786
0.00010310106776116123
0.00026719661587331543
0.00040065889827176787
8.008994983566879e-06
-0.001109447877844349
0.0003615149942601943
0.0004141262128288596
-0.0007294066770454939
4.3212089761129945e-05
0.0004909515497476057
-0.001167474957148024
0.0006854633517321636
0.0010117327923762798
-0.0015722020411693479
0.0004629412967243794
-9.141073422339627e-05
0.0004896337532040698
0.0008620229277727981
0.00016259061816923756
0.0005673177021905616
-0.0005779921687031185
-0.000709133367929424
-0.00030356025223695184
-0.0006370225346354044
-0.0008450739884574861
-0.00022023085027755493
0.0007266987466779892
-0.0004118051296567125
0.0003027142205658034
0.0013181881083801168
-0.00041311034580365145
-0.00040723530059285116
-0.0013647670267805192
0.0011253086128540203
0.000842136465852086
-0.0009044188643046972
0.0017822600682486517
0.0002685867496972841
-8.096585994873477e-05
0.0008180796024594677
-0.0002958233083297951
0.0005413140224245569
8.321460584044908e-05
0.0008214039722602255
0.0007792376279662217
-0.0005130018398830026
0.00027493355978047213
0.0007198927521190107
0.0014084807598559543
-0.00031485115818276175
0.000324377663505842
-7.331383371860788e-05
0.00013705870327562086
-0.00044662137723891764
-0.002114948656256389
0.000406304351244673
0.0013842666415058735
0.0015670157726722334
-0.0011047333742196224
-0.0006785724394961553
0.0002531128618829709
-3.183626613829003e-05
0.0007339639257127583
0.0008160604488056486
0.0006261184758849524
0.0007560991335251843
-0.000331642842540611
0.0008308455599062762
-0.0009677045493859195
0.0010210171250648681
-0.0005737368495541822
0.002468913840008806
-0.0015599801858753601
-0.000796718089037757
0.0005421726344923026
0.0006646459404632732
-0.0003496799861615637
0.0007613577393027316
0.00029853123869729993
0.0002176078375870799
0.0010135097733956063
-0.00029288578572439505
-0.0002524240851692851
0.0005673177021905617
-0.0004497035744051831
0.00038719158371467653
0.00037304807284049645
0.0008278231196238462
0.0022686842477709114
0.0012505747668695257
0.0002485556132157068
-0.0005872765013917064
-0.0002251875265367741
-0.0014638848264691545
0.000217909767105408
0.00027764149014797686
0.0012812080325832274
0.0005697111226431412
-0.0018331666430784232
-0.0008687565850513438
-0.001280676510827004
0.0007040320171093396
0.00017938230252708743
-0.00012893491217310618
0.00040561557453098725
0.0005837948766334859
0.0006244138321460584
0.0011711138368637073
0.00014882137409381817
-0.000966229497884921
-2.402698495070066e-05
8.390338255413526e-05
0.0017677171297825166
-0.0005002358824361935
0.0014227941060841944
0.0002755625796103222
0.0002759368464090832
-0.0003305672186315674
-0.0008548175056218648
0.00034340551335880856
0.002287639760343445
-0.0007328883018037144
0.0005780770863801483
-0.0007930068720416409
-0.0006096287210454311
-0.0010350159613781824
0.00040468462518280905
0.000394082495950685
-0.0001247645107011999
0.00032367630639555916
-0.00040475696246324185
-0.0007766020348791497
0.0005992687644477994
3.725212687329967e-05
-0.002545050400213867
3.183626613829003e-05
-0.00010030821971662635
-0.0005087465207340661
-0.0002450739884574863
-0.0001948561903414006
-0.0016624097749681557
-0.001740323316192543
-0.0003299507791983142
-0.0002610070607475901
0.0004847619946218806
-0.0006207749524303754
-0.0008982293091789719
-0.0011916167382176723
-0.0015522306615716062
-0.000348978629051281
0.0007916167382176724
0.001820944787784435
0.0007117689610164961
-0.00027137959774181896
0.0008494865625638849
0.0015489912094478779
-7.941847116730357e-05
-0.0006366356874400466
-0.0008170637354342595
0.0006091695365696404
-0.00158906606280763
-0.0015048057115000552
0.0001863455520435283
-0.00010758597914799263
-0.0013025695460049383
0.0011711138368637071
0.0001409271752291992
6.897359689264197e-05
0.0002821264015348083
-0.00012986586152128444
-7.864477677658793e-05
0.001831546917016559
-0.000663328143919737
-0.0008907219575097104
0.0011044188643046973
-0.0014680552279410606
0.0009204368542718307
-4.8011511062886365e-05
0.0003581057067824063
-0.0003659275683665928
0.00036793414162381477
0.000413582110676039
-0.0002360915852872263
0.0012026057146451543
0.0006802047459546161
0.0001287776572156436
-0.0008029076441634819
-0.0003853422654149174
-0.001004455032944914
0.00021520183673790316
-0.0010385699234168357
0.000384411316066739
0.0002336132471576165
-0.00041606044880564895
-0.0002312198267050369
0.00019060087119246433
0.0007008523218694471
0.0010761066817631428
0.0003517588966992185
0.0006781855923007974
0.0014538991366702836
-0.0008147426522621127
-0.0006139689578713969
0.00022773820194681635
-0.0005478180874652074
-0.0006548898429022977
0.002304503781981727
5.837146766051809e-05
-0.0007019405261750877
-0.00026325580663930423
-0.00024112059882687805
-0.0012559057099275055
0.0003400811435580508
0.00011563743297007458
-0.000415588683933261
-0.0012209447877844352
8.395842178924616e-06
0.0007172571590319383
0.0004429101602428017
0.000855748454970043
0.00042874148857542736
0.0007941674136277146
0.0011364548442389648
-0.00019438442546901291
-0.0006953641238540045
-0.00023392775707254166
0.0024840857983047917
0.0011379173153433662
-4.947398216728769e-05
0.00042534478149423665
0.0001159393624884025
8.808636442263848e-05
-0.0010709927505464613
6.441634822537775e-05
-0.0006336981648346466
0.00031277224764510706
0.0005727335629255714
0.001092970703401425
-6.08498057901275e-05
0.0004063892689217028
0.000634242266987467
-9.682659495840607e-05
6.936044408799976e-05
0.0013025695460049383
0.00031988017172241356
0.0004456904278907392
-0.0006939739900300359
0.0015113821138211384
0.0012514931358211068
-0.00035849255397776424
4.39857841518452e-05
0.0005298658615212845
0.0017706546523879167
0.0009947838530609677
-0.00010874652073406609
0.0004955937160918998
0.0002449890707804564
0.0006692881068075674
-6.691198440030792e-06
0.0012875548426664152
9.287320532779783e-05
0.0007702552247959618
-0.0006612366529854853
-0.0009899120944787787
0.0009914594832602102
0.00017744806655029799
-6.155116290041048e-05
0.0005862732147630952
-0.0006757921718482179
-9.943230960356156e-06
0.00048724033275149016
-0.0009052648959758456
-0.001698156971898539
0.0008028353068830495
-4.847069553867687e-05
-0.0009489912094478779
-3.570473809186834e-05
0.0002486279504961396
9.48923589816167e-05
-0.0007502964255948168
0.0010087103520938499
-0.00020607475900677786
-0.0006140538755484267
-0.0002545155761035368
-0.00035539777641490147
-0.00019246276988882092
-0.0020083360852950895
-0.0007865028070009909
-0.0013485194445754904
0.0016387397587708955
0.0006490147976914972
0.000340612665314274
0.00020027205107641028
-0.0004969838499158687
0.0024487254485697665
0.000779854067399475
-0.001242523313047444
-0.0004559057099275055
0.0007057366608482331
0.00040800899498356696
-0.0006602333663568744
0.0006483983582582443
0.0001851850104574547
0.001542027959931437
0.0007501391706373544
-6.178075513830568e-05
0.0004248006793414163
0.0004082511676180593
0.00047679545847682857
-0.0009633768929565506
-0.00041620512336651433
-0.0010200861757166896
0.000621935494016449
-0.000418296614300766
0.00010619584532402386
0.0006802047459546166
-0.00014928055856960914
0.0005301803714362097
-0.00033798965262379904
0.0006812080325832273
-9.976411756380613e-05
0.0009867449796354829
0.0015732776650783915
0.0003642952619081319
0.0024584815461307424
-0.00065806953814219
0.00043447185922536216
0.0005971772735135475
0.00015478133698164828
-0.00019656083408029466
0.0005639933323898038
-0.00018711924643424383
-0.0002426679876083095
-0.0002763236936044408
0.001247781918824991
-0.00023547514585397304
0.0003203519365948011
-0.0012075498105077762
0.000510523501753393
0.0008172209903917222
0.00038418172382884385
-0.001570884244625812
-0.0014943608372253935
0.00035214574389457636
-0.00010085232186944698
-0.0008115032001383845
-0.0005065826925193818
1.899797141104876e-05
-0.00010626818260445665
4.847069553867674e-05
-7.833026686166267e-05
0.00036577031340913015
0.00037892311805129674
-1.713607271469228e-05
-0.001308444591215738
8.778443490431013e-05
-0.000954866254658678
-8.89323960937868e-05
0.0005553977764149017
-0.0006694453617650297
-0.0007048057115000554
-0.0006959805632872578
0.0007464279536412385
-0.000494820021701184
0.00022843955905709935
-0.0012507194414303911
0.00046735387083077787
-0.0010867811482756994
1.9766948153039684e-06
0.0012227941060841945
0.0010928857857243949
0.00037597301504929947
-0.0007711138368637073
0.0007661571606044882
0.00035075561007060743
0.001389452910002988
0.0005138478715541506
-0.00032436508310924503
1.938481860640655e-05
0.0004992325958075829
0.000902170118412983
0.0001029438128036986
0.0004747039675425767
-0.0004359469107263606
0.00010194052617508762
0.00026023336635687443
0.0007849554182195594
0.00037157302133949787
-0.0008939739900300357
0.00021335251843814383
-0.0005179585161422214
-0.0008039109307920934
-0.0008863943010803417
-0.0013349074554575334
-0.0003658426506895629
0.0007338192511518928
-8.738500731235537e-05
0.0016662782469217341
-0.0010956786337689294
-0.0002491720526489597
0.0004050714723781667
-3.43869415483322e-05
-0.00029195483637621674
-0.0009307244735890303
0.0007376028054284411
0.00044793917378245355
-0.0018227941060841944
0.0003610432293878063
0.00013404884338978791
-9.388907235300604e-05
-0.0010708354955889985
-0.00018031325187526563
-0.0006558333726470726
0.0006675834630686733
-7.63236936044408e-05
-0.0003803132518752654
-6.278404176691667e-05
-0.00017992640467990768
-4.43726313472031e-05
-0.0004466937145193502
-0.0009497523234419967
-0.00028615212844584946
-9.411866459090123e-05
-0.000885620606689626
-0.0006115755374188172
0.001048483275935274
0.0009367567737572926
0.0017228428551210077
-0.0016043103583840484
0.0007437923605541663
0.00045551886273214774
-0.001844856976616188
8.437514742652291e-05
0.0006938890723530061
0.0010407463320281174
0.0006019043575348715
-4.197921089462351e-05
0.0007055070686103382
-0.001192075922693463
0.0005485917818559231
-0.00018131653850387628
0.0017049629664575177
-0.0010801198282775868
-0.0011860436225252001
0.0010721532921325345
-0.0002962824928055857
0.0009126149926876445
0.0016066314415561953
-0.0005156374329700745
-0.0006482411033007816
-0.0007876633485870641
0.0012771823056721865
-0.0003913745655831801
0.0010862370461228793
-0.0016739428535484586
7.764149014797711e-05
0.00028351653535877715
0.0005016983535405955
-0.00010108191410734214
0.0004907219575097107
-0.00010239971065087817
-0.001489561415923637
-7.4648928307464545e-06
0.00011300183988300235
-0.0005136182793162554
0.000601360255382051
-0.0021681039769778747
0.00011013665455803499
-0.001196029312324071
0.00019749178342847265
4.421537638974069e-05
0.00031346102435879294
-0.0005729631551634667
-2.6420405403280337e-05
0.0003141623814690757
0.00023083297950967895
0.00042960010064317287
2.5646711012564595e-05
0.0001612004843452692
-0.0016460049378056647
-0.0003837948766334859
0.00033134091302228306
-0.0013159519428849996
-0.0003985799877341133
0.0007703401424729916
-0.0014745592929817114
0.001770884244625812
-0.000783794876633486
-0.0015596656759604348
-0.0002795033888443336
-0.0007833356921576953
-0.0003213552232234123
-0.0008009734081866931
-0.00037992640467990747
-0.0003488937113742511
0.0007824047428095171
-0.00063788114670315
1.8368951581198822e-05
8.081332263999645e-06
-0.0021554103568114987
5.7682690946832106e-05
-0.0008975279520686889
-0.0004569813338365493
0.0014487128681731692
-0.0014523517478888524
0.0007930792093220739
0.0003479753424226701
-0.0006709927505464611
9.504961393907952e-05
-0.0008512635435832115
0.00044252331304744404
0.0005383041625387241
0.001222564513846299
-0.0015831060999198
-0.0007869745718733785
0.00046062021355223223
3.209573681810297e-06
-0.0005843389787863063
0.000396416159519429
-0.0009456542592505228
0.0002274236920318913
-0.0015901416867166735
7.052098567407335e-05
-0.0007918463304555676
-0.0007520010693337109
-0.00044205154817505635
0.0003476608325077449
0.0011341337610668181
0.0011872041641112737
1.2107059175040242e-05
-0.0007928496170841787
0.0008198565834787941
0.00023988771996037177
0.0010459326005252318
0.0002280527118617415
-0.0002278954569042788
0.0005909153811073893
0.0021094604582409457
-0.0016299146105580977
-0.0005346652828230411
0.0004873975877089525
-0.0005133886870783601
-0.001200127376515545
0.0006822113192118382
0.00012692833891588437
0.0008224072588888366
0.001283601453035807
2.564671101256481e-05
0.00021922756364894399
-0.0005119985532543915
-5.435832114607419e-05
-0.001814984824896605
0.0015938654841093868
0.0011803981695522952
0.00022673491531820548
-0.0016409759242660123
0.0012567517415986538
-0.0003892830746489282
-5.775502822726488e-05
9.009293767986029e-05
-0.0006083235048984921
-0.000541943042254407
0.001746597788995298
-0.0007469720557940589
-0.0004316066739003948
0.0003281612177823904
-0.00010285889512666873
0.0004248006793414161
-0.0013527747637244267
8.48343319023132e-05
-0.0003525325910899343
-0.00022541711877466946
-0.00111934864996619
-3.3698164834646646e-05
-0.001941024673302826
0.0011468871381170292
0.0009089761129719616
0.00025481750562186475
-0.0009060385903665613
0.0009556273686527968
0.00017528423833561348
0.0008341699297070341
-0.0007851126731770221
1.768017486751273e-05
-0.0012887153842524887
-0.0007318850151751036
-0.0008483260209778113
-0.00080568791181142
0.0005840244688713812
9.969178028337345e-05
0.00045984651916151665
0.0006671242785928825
0.0003328033841266845
-0.001079660643801796
0.0002049865547011369
-0.0015584327970939284
0.0013185749555754745
-0.0019246198361403343
0.0013148637385793586
0.00031926373228916043
-0.00033551131449418935
0.00130449120158513
-0.0012508043591074208
-0.0005939378213898194
-0.00014287399160258535
-0.0007684782437766349
-0.0007112248588636757
-0.0006557484549700428
-0.000542329889449765
0.0009126873299680775
0.0011215973958579046
0.0015011668317843722
-0.002123846141749619
0.0005598826878017328
3.7324464153732624e-05
0.00014627069868377603
-0.0005147064836218963
-0.00024785425610542375
0.000966858517714771
0.001336067997043607
-0.0015540925602679624
0.0008369501973549716
-0.0022030774795175415
-0.001028209966819204
-0.00018456857102420137
0.00025543394505511794
-0.0008125788240474282
-0.0013684059064962024
-0.00047292698652325033
0.002052895850041673
0.001087856772184743
6.402950103001987e-05
-0.0003540076425909327
0.001008323504898492
0.0010296850183202028
-0.0008001997137959774
-0.0004441430391093079
-0.0009342784356276833
-0.00020336682863927256
0.000747588495227312
-0.000126771083958422
-5.55912000125806e-05
0.001404080766146153
0.000230832979509679
-1.2795835888726388e-05
-0.0008453035806953815
-4.9788492082213036e-05
-0.0005284033904168827
0.0006102577408752812
0.0008225645138462991
-6.564922709188419e-05
-0.0009889088078501678
-0.0008570662515135789
-0.0005688650909719931
-0.0005761428504033591
-0.0010609347234671574
0.001099933952917866
-0.00202667515843437
-0.00039656083408029426
-0.0014079366577031342
-0.0002007438159487979
-0.0007458115142079855
-0.0006005865609913353
-0.0010241842399081632
0.0004944331745058264
0.00026077746850969487
6.433143054834794e-05
-0.0008114182824613546
0.0001872765013917064
0.0008599314368385465
-0.001269215769527134
-0.0024881838624962655
0.0013172697394285356
-7.345850827947355e-05
-0.00031803085342265423
-1.8683461496123577e-05
0.0010682124828985235
0.0005034029972794895
0.0016014451730590807
0.00013250145460835659
-0.0014201585129971224
0.00043934361780755145
0.00048537843405513354
-0.0013727461433221681
-0.0003702552247959615
0.000964222924627699
0.000709133367929424
-0.000789367992325958
-0.00023895677061219352
0.0003949285276218332
0.0006237124750357755
0.00048259816640719606
0.0003497523234419966
0.0002138117029139342
0.001441133179223475
0.00040739255555031367
-0.0010979997169410763
0.0007112248588636759
0.0001728908178830337
-0.00042580396597002737
-0.0004983016464594047
-0.0005940824959506848
0.0006696749540029248
-0.0006402745671557296
0.0002713795977418188
0.0007232171219197684
0.0002533550345174633
-0.0012498734097592425
-0.0001287053199352109
-2.564671101256454e-05
-0.0010955937160918997
-0.0006856929439700588
-0.0004372647072698968
0.0005789231180512965
0.0007116117060590336
-0.000136285008884905
-0.0007213552232234121
4.4916733500023607e-05
0.0011857416930068723
-0.0008134248557185764
-0.0006760217640861129
0.0005245223380667075
-0.0006073202182698811
0.0006034391659197056
0.00020800899498356692
-0.00021945715588683943
-0.0026862496265194764
6.193801009576829e-05
-0.0023713560094981998
-0.0012329370508405277
0.0006531977795600008
0.0012193124813259736
-6.216760233366363e-05
-0.00016654400779984594
0.001965468383890802
0.0006927285307669323
0.0006460049378056643
2.8511896337532112e-05
-0.0003738091868346148
0.00031570977025050727
-0.00016971112264314126
-0.0011505260178327123
0.0016262033935619822
-0.0016436115173530848
-0.0010887877215329214
0.0006152018367379034
-0.00044205154817505656
-0.0009687927536915602
0.00014008114355805072
0.0010407463320281172
-0.00041544400937239544
-0.001591689075498105
-0.00013628500888490522
0.0009133163497979272
0.00040229120473022907
-1.551634665282816e-05
0.0007696387853627086
0.00017806450598355098
0.0022208724505040026
-0.0013020977811325502
0.0007015536789797298
0.0011374581308675755
-0.0007943246685851771
0.0010963799908792124
0.0009435627683162713
0.0020497287351983772
0.001267438788507808
8.576528125049147e-05
-0.0009487490368133856
0.0011786935258134013
-0.0005678492239467851
-0.00017009796983849906
0.00012283027472441074
-0.0006685144124168515
-0.0006843751474265227
0.001173205327797959
-0.0008921120913336793
-0.00046580648204934654
-0.0006812803698636599
0.0003288625748926735
-0.00023531789089651064
0.0003280165432215251
0.001057997200861757
0.00031965057948451814
-0.0006719960371750721
-0.00010262930288877355
0.001455059678256357
-0.0002704486483936407
0.0006094840464845655
0.00042441383214605834
0.0007520734066141435
-0.0006466213772389174
-0.0007020977811325502
0.0005975767011055023
-0.0014099558113569533
0.0005393074491673351
0.0005795395574845499
0.0008720683744555047
-2.270918840716455e-05
-0.0005815461307417716
0.0009684059064962022
4.0818669308550004e-05
4.166470097969846e-05
2.6348068122847328e-05
-0.0006928134484439623
0.0002199289207592268
-0.00018889622745357036
-0.0016637999087921248
0.001012736079004891
-0.001633638407950811
-0.0007206664465097263
-0.0011193486499661903
-0.001226275730842415
0.0002995345253259108
9.288578572439501e-05
0.0001861882970860655
0.0008478668365020209
-0.00043478636914028723
0.0005015410985831329
0.0006612492333820825
-0.0006908068751867403
-0.0007856567753298422
0.0008247283420609836
5.9374754289128964e-05
-0.0003218993253762325
-0.0008336981648346463
-0.0013428016543221525
5.7138588794011764e-05
-0.0006220927489739115
-0.0002462345300435596
0.0006676683807457031
-0.0004712946800647891
0.00020035696875344018
0.0005376028054284409
0.0006914107342233963
0.00010603859036656144
0.0005729631551634666
0.00043199352109575247
-0.0009311962384614176
0.0007461983614033433
0.0007251513578965575
0.0008269770879526981
-0.002261878253211933
6.619332924470459e-05
0.0005067399474768445
-0.0008848469122989105
-0.0009946391785001021
0.001152932018681889
0.0001546240820241858
0.00033853375477661926
0.001984194304225441
-0.0015106933371074526
-0.0004970687675928985
0.001006703778836628
-0.0005402383985155133
-8.553568901259618e-05
0.00022696450755610084
0.0014749461401770692
-0.00037814942366058105
-0.001003995848469123
-0.00037133084870500543
0.0006932726329197529
-2.518752653677433e-05
-0.0005042616093472346
8.708307779402756e-05
0.0013502964255948172
-0.00029102388702803854
-0.00047547766193329244
0.00019524303753675837
-0.0009020977811325506
-0.0012698322089603874
-1.3739365633501647e-05
-0.0012115032001383844
-0.0008077070654652389
-0.0011216697331383374
-0.00022000125803965968
0.00015903665613058448
1.1490619741787266e-05
-0.0005021701184129831
0.0015345929455426084
-1.1575537418817158e-05
0.00040971363872246074
0.0016825384095233605
-0.001060390621314337
-0.0001912896479061501
0.0005437923605541665
0.0012841455551886273
0.0006251875265367742
0.0016138242833105315
0.001116181535122895
-0.0005118412982969287
0.0008609347234671575
0.00023083297950967906
0.00021010048591781858
0.001673713261310563
8.360145303580695e-05
-0.0010578399459042946
0.001826360648519445
-0.0003673177021905615
-0.00024785425610542364
0.0021232297023163656
-0.0006439857841518454
-0.0003476608325077448
0.0006374093818307622
0.0015948687707379977
0.00042480067934141615
-0.00015764652230661566
-0.0016079492380997313
-0.0003290198298501362
-0.0011854995203723797
0.001364851944457549
-0.0004789592866915129
-0.0006423660580899815
0.0010460049378056642
-0.0006770250507147238
-0.0010635703165542295
-0.0008870830777940277
-0.0005157097702505074
-0.0002403469044361623
-0.00029853123869729993
-0.00047292698652325033
0.00023686527967794183
0.0001985674073375163
-0.0007230598669623058
0.000795787139689579
0.0001929219543646113
-0.0009429463288830182
0.0009239908163104842
-0.000776444779921687
0.00013899293925240987
0.0004433693447185923
-0.0008749461401770692
-0.0005784639335755059
0.00030936296016731944
0.0006785724394961551
0.001889646333600667
0.00019408249595068483
-0.0007140900441886431
0.0006449890707804564
0.0005030161500841313
0.001013352518438144
-0.0013875910113066315
0.0010363337579217186
0.00017180261357739297
-0.0010503451746316306
0.0009031734050415941
-0.0013940950763472822
-0.0015570300828733625
-0.0001341211806702206
0.0002667374313975249
-0.0010019043575348714
-0.0008839883002311647
-0.0009949411080184302
-0.0009094478778443492
3.531789089651034e-05
-0.0003793823025270872
-2.9076441634822634e-06
-0.0007697111226431414
0.00038115928354641383
0.00022371247503577562
0.0004781132550203646
-0.0007786809454168042
0.000778850780770864
0.00046619332924470463
0.0007742086144265696
-8.008994983566772e-06
0.0005321869446934315
-0.0006332389803588559
0.0004213190545831957
-0.0005851850104574547
-0.0005659999056470254
0.00041706373543425957
-0.0010307606422292463
-0.0019437326036703308
0.00030016354515576097
-0.0004732289160415783
-0.0008982293091789721
0.001111152521583243
0.00030387476215187697
6.842949473982163e-05
-0.001036491012879181
0.0005324165369313268
0.00020901228161217806
0.0003256105423723483
0.00037992640467990747
-1.2651161327860962e-05
0.0006367929423975092
-0.0004948200217011842
-0.0013491358840087436
0.0009875910113066315
0.00025365696403579135
-3.740938183076214e-05
0.00021836895158119858
-0.00012661382900095924
-0.00039903917220990396
0.00045683665927568376
0.0001032583227186236
0.001011962384614175
-0.0002897060904845026
-0.0007322718623704612
0.001218224277020333
0.0008108018430281015
0.0002257316286895944
0.00042511518925634123
-0.0007332751489990722
-0.0009663144155619508
-0.001029213253447815
-0.0011596656759604346
-0.0008974556147882562
-0.00076824865153874
0.0007320422701325662
0.0009742809517070025
-0.0018631111320784389
-0.00046348539887719963
-0.0004519523202968975
-0.000941326602821154
0.0004166045509584691
-0.0004671966158733156
6.44886855058106e-05
0.0011882923684169145
-0.0007113821138211383
-0.0014655894702080483
-0.001440831249705147
0.0011851126731770218
-0.001813280181157711
0.0007266264093975564
0.0009422575521693322
-0.0004065339434825683
0.00024437263134720333
6.0233366356874414e-05
0.0010176801748675128
0.0011694091931248134
-0.001188751552892705
-0.000473930273151861
0.00011910647733169788
-0.001085692943970059
0.00013922253149030523
0.0004383403311789406
3.670802472047922e-05
0.0003523029988520389
-0.0016732414964381755
0.0008699894639178501
-0.00015771885958704846
-0.00037644477992168694
-0.0006582267930996527
-0.0005622886886509096
-0.0007786211885329687
-9.782988158701705e-05
0.0013154078407321792
4.7382491233035994e-05
-0.0002569813338365493
0.00023183626613828992
0.0005610432293878064
0.0014041531034265857
0.0012538991366702835
0.0007945542608230726
-0.0002575254359893696
1.0559670393609266e-05
-0.00023655076976301673
0.0013079728263433509
-0.0010850765045368057
0.002228137629538771
9.118114198550108e-05
-0.0008784277649352897
0.00041025774087528134
0.0006327672154864682
1.3497192999009284e-05
-0.0004209322073878381
-0.001108130081300813
0.00040832350489849203
-0.0007435627683162712
-0.0010709078328694313
0.0017756836659275686
9.536412385400453e-05
-0.0014115032001383845
-0.0004100281486373857
0.00016227610825431254
-0.0012012155808211855
0.00016568539573210046
-0.0005085043480995738
-0.0009469720557940591
6.990454624082015e-05
0.00031338868707836014
-0.0007010095768269094
0.0007530766932427546
-3.918636285008878e-05
-1.736566495258784e-05
0.0009434180937554057
0.0008566794043182212
0.001197104936233115
-0.0009424022267301977
-0.0011400811435580507
0.0003400088062776178
-0.0005902989416741363
-0.00023400009435297457
0.0010378811467031497
0.0005432608387979433
0.0008111886902234595
-0.0005123854004497492
0.0009935509741944616
0.0002086977716972528
-0.0009320422701325661
0.0019066676101964115
-0.00012297494928527612
-0.0005202795993143684
-0.00021180512965671247
-0.0004681999025019261
-0.00015864980893522674
0.000739307449167335
-0.0008274362724284884
0.0004828277586450917
-0.0007388482646915444
0.0013180434338192512
-0.0006328521331634981
-0.0010309178971867087
0.0003278592882640626
0.0006139689578713969
0.0019460536868424775
0.001151299712223428
0.0026025333773647217
0.0002701341384787155
-0.0008398877199603718
-0.0006173782453491847
-0.00047431712034721904
0.00023060338727178372
0.0006652623798965264
0.0001858737871711406
-0.0004648755327011685
-0.000701783271217625
0.0001728782374864368
-0.001508831438411096
0.00080329449135884
-0.0007346652828230409
-0.00019825289742259126
-0.00016661634508027882
0.0006615511629004103
-0.0011258527150068405
-0.002310076897674199
-0.0009633768929565507
-4.978849208221293e-05
0.0010202434306741518
-0.0004402745671557297
0.00018495541821955937
-9.133839694296356e-05
-0.00018827978802031737
0.0006454608356528442
-0.0010216335644981209
-0.0005474312402698497
-0.00010139642402226739
-0.0011477457501847747
0.0007660848233240553
-0.00017658945448255253
-0.0003410844301866618
-0.00011957824220408544
-9.095154974760573e-05
-0.00023238036829111033
-0.0012039109307920932
6.33281439197369e-05
-0.001562603198565835
0.001071694107656744
-0.0005021701184129829
0.001850502429589093
-0.00046109197842461987
0.00044708056171470826
0.0006795033888443331
-0.002089029894167414
-0.00011493607585979142
0.0001571747574342281
0.0007615149942601941
-2.4026984950700583e-05
-0.0005518438143762482
-0.0004328521331634979
-0.0005756710855309713
-0.0013525451714865315
-0.0005226006824865155
0.00027593684640908313
0.0007739790221886746
-5.520435281722265e-05
0.00011678539415955096
0.001059774181881084
-0.001210959097985564
-0.0001543944897862905
0.0006374942995077922
-0.0013048057115000553
-0.0002613215706625154
0.0007508405277476374
-0.0004628689594439466
0.00016491170134138477
-0.001996114230001101
0.0012143558050667549
0.001039815382679939
-0.0010821389819314054
0.0005612854020222987
-8.089352266830226e-05
0.0006124939063703983
-0.00023957321004544667
0.0006914107342233964
0.0007153952603355819
0.0011220565803336951
0.0007974917834284727
-0.00033551131449418946
-0.0002213913918636284
-0.0009841093865484113
0.00023872717837429824
0.0008359469107263609
0.00037760532150776045
0.00026658017644006236
0.0004755499992137252
-8.112311490619723e-05
0.0001961739868849366
-0.0005836376216760232
0.000842136465852086
0.00031245773773018194
0.0006536569640357912
-0.00092530861285402
0.0005158670252079696
0.0002340126747495716
-7.70250507147237e-05
0.00012035193659480146
0.0013561840512022142
0.0017140900441886431
-0.0011581906244594363
0.0003631347203220582
0.0007964884967998617
-0.00035323394820021707
-0.00010920570520985677
-0.0019064380179585163
0.0006986161563743298
-0.0010855356890125962
0.0010388120960513282
-0.0005413989401015866
0.0009428739916025852
-0.000796718089037757
0.00030811750090421595
-0.0005305672186315673
0.00039385290371278953
0.0015503813432718467
0.0015201349247535027
9.57383906527653e-05
-0.00040491421742070436
-0.001698930666289255
2.432891446902872e-05
0.0012177650925445426
0.00040545831957352447
-0.0007091333679294239
-0.0006402022298752967
0.001225973801324087
0.00012515135789655795
0.0018334811529933481
-0.00039540029249422086
-0.00030665502979981444
0.00013628500888490503
0.0006400449749178342
-8.057901275337683e-05
-0.0009661571606044883
0.0010678979729835986
-0.0007275447783491375
-0.0003613577393027316
0.0008601610290764415
-0.0009252236951769903
-0.00014750357755028228
-0.0009424022267301977
-0.0006810507776257647
-2.2709188407164387e-05
-8.034942051548193e-05
-0.00021574593889072365
0.0004181519397399004
-0.00042588888364705703
0.0005400811435580507
-0.0016387397587708955
-0.00042177823905898635
-0.00011175638061989916
0.0005788382003742669
-0.00011261499268764445
0.00010936296016731939
1.6362378323976534e-05
-0.00037025522479596174
0.0004415923636992657
0.0013489062917708481
0.001247866836502021
0.00028089352266830235
-0.0010883285370571307
-0.000352230661571606
-0.0003402383985155131
-3.9645547325879156e-05
0.0006795033888443334
-0.00041467031498167986
-0.0008503325942350334
0.00023973046500290926
0.0009390778569294398
-0.0012649604503781984
0.0008195420735638689
0.00020266547152898983
-0.001168550581057068
0.00017396644179207748
-0.0010719236998946392
-0.0017733625827554215
0.0006918101618153512
0.0008879291094651756
-0.0004866238933182367
-0.0011789231180512965
-0.0007670881099526664
0.00027052098567407324
0.0011239184790300513
-0.00044871286817316935
-0.00012700067619631712
0.0010018320202544386
0.0007214401409004419
-0.0005810869462659809
0.001115178248494284
-0.0004820540642543754
0.0007364422638423678
-0.0013628327908037302
-0.00025984651916151656
-0.0002707631583085657
0.0009270855938733471
0.0002593873346857261
0.0007727335629255713
0.001629213253447815
-0.0003522306615716063
0.00023160667390039459
-0.0007885219606548094
-0.0005511424572659651
-3.84975861364029e-05
-0.0009240631535909169
-0.0011020254438521176
-0.0009872041641112736
0.0015982780582157851
0.0007805428441131605
0.00038317843720023275
-0.00034588385148841825
-0.00020700570835495592
0.0008934298878772152
0.0007688650909719929
0.0018136670283530687
-0.0007162538724033275
-0.0010795033888443336
-0.0002644886855058106
0.0007536207953955746
-0.0020351008790552125
-0.0005599676054787628
0.0009700256325580664
0.0014103426585523107
0.0003876633485870643
0.0005745828812253306
-0.0008418219559371609
0.00019300687204164128
0.0001029438128036986
0.002023265870956582
0.000621548646821091
-0.00016855058105706784
0.0002610793980280227
-0.001117342076708968
-0.0010289836612099197
-0.001211962384614175
0.00033566856945165186
0.00040800899498356685
-0.0005178012611847589
-0.0003314132503027159
-0.0005682486515387397
0.0003800113223569374
0.0017287179003318083
-0.0008138966205909642
-0.00073899293925241
-9.698384991586854e-05
0.0008545155761035368
0.00010123916906480477
0.00041335251843814373
-0.0020394411158811783
0.0006747039675425766
0.001257682690946832
0.00043230803101067776
0.001724232988944977
0.0004343146042678996
-0.00047276973156578777
0.00012932175936846408
-0.0006651177053356609
-0.0023588919815697193
0.0012080215753801642
0.00016932427544778345
0.0013212105486625466
-0.00029559371609189967
0.0009147064836218965
0.00019856740733751636
0.0006429824975232344
0.0008196993285213318
-0.0009264691544400938
0.0007100643172776022
0.00018356528439559072
-0.00027060590335110316
-0.001474631630262144
0.0004489424604110644
-0.0005399364689971852
0.00033682911103772537
0.0004388844333317609
-0.001570182887515529
0.0007033306599990568
-0.0008315343366199619
0.0009784639335755061
-0.0013001635451557608
0.00044801151106288624
-0.0008611643157050525
0.0015421002972118697
0.0006742447830667863
-0.00041683414319636437
0.0006807362677108396
-0.002058082118538787
-0.00203796606438018
-0.0019021103615291476
0.001658468965734145
-0.0005312685757418504
0.0007124577377301821
0.00018805019578242225
-0.00013225928197386412
0.0014811356953027945
-0.0006511786259061818
0.0002162900410435441
0.0005311113207843879
-0.0002195420735638692
8.722775235489298e-05
-0.0014873975877089526
0.00037034014247299156
-7.825792958123006e-05
0.0009520734066141435
0.0012811356953027944
0.0012583840480571151
0.0005254532874148857
-2.712176251356318e-05
0.000391991005016433
-0.000877411897910082
-0.0010070906260319858
-0.000288243619380101
-0.000969868377600604
0.0005627478731267003
0.0011869745718733784
-0.00022341054551744735
4.096334386941551e-05
-0.0006891022314478465
-1.2651161327860935e-05
0.0016990879212467175
0.0015557972040068568
-0.0014401298925948642
-0.00021442814234718757
-6.294129672437933e-05
-0.0001955449670550864
-0.001029600100643173
0.0005376028054284412
-0.00200585774716548
-0.00018541460269535002
-0.0004991602585271501
-0.00014990957839945907
-4.189429321759364e-05
-0.00019578713968957875
-0.0005641380069506692
0.000648785205453602
-0.0019126999103646742
0.0007329606390841471
-0.00038866663521567506
-0.0005053372332562784
-0.0007870469091538113
-0.00033018037143620944
0.0001138478715541507
-0.0003016260162601626
-0.00019631866144580203
-0.0001909877183878224
-0.0002464641222814551
-0.0003319573524555363
-0.00022789545690427896
0.0004668946863549876
0.00017466779890236048
-0.00032538095013445295
-0.0002454608356528439
0.00018673239923888598
8.855026654715255e-06
-0.0009835652843955907
0.0001664590901228162
0.00041861112421569073
-0.0010205453601924803
0.0004369501973549715
-0.001318502618295042
0.0015798540673994752
-0.0010364060952021514
-0.0010411331792234753
-0.0011351370476954288
0.00025566353729301303
-4.1894293217593586e-05
0.0003478904247456403
-0.0008479391737824537
-0.0006374093818307621
-0.0011438772782311965
-0.0006567643219952509
0.00035578462361025924
-0.0011537057130726047
0.000778149423660581
0.0013111525215832433
-0.0004944331745058262
0.0003878929408249595
-0.0006822836564922709
0.00015400764259093275
-0.0010687565850513439
0.00027006180119828273
-0.00021149061974178726
-0.0005057240804516362
-0.00014928055856960887
0.0007113097765407056
0.00010356025223695168
0.0002524964224497178
-0.0002111886902234593
-3.7179789592866924e-05
0.0006057728294884497
0.001627593527385951
0.0009470443930744917
-0.0003877356858674971
-0.0008118051296567124
-0.00010394709943230972
-0.0004425956503278766
-0.0002805066754729444
-0.0007615873315406269
-0.00022061769747291286
0.000242740324888742
0.0008171486531112894
0.00020661886115959808
9.02501926373229e-05
-0.0006862370461228793
-0.000629600100643173
-8.553097136387222e-06
0.00010038055699705938
-7.41598653897563e-05
-0.00013605541664700972
-0.00013915019420987254
-0.0002769401330376941
-0.00043215077605321514
-0.0004965246654400781
-0.0003536931326760078
-0.0006470805617147082
-0.0009210532937050843
-2.858423361796469e-05
0.0007925351071692535
0.0008951345316161093
-3.106257174757421e-05
0.001074861222500039
0.0007509128650280701
0.0003563287257630797
0.00010364516991398158
0.000740310735795946
3.6406095202151396e-05
-0.0003946265981035051
0.00011129719614410844
-0.0015486766995329527
0.0014747888852196067
0.0002561353021654008
0.0014415200264188328
-2.6420405403280337e-05
-0.0005015536789797298
0.0009477457501847746
-0.0004213190545831953
0.00030069506691198455
-0.0017408674183453635
-0.0011939378213898194
-0.0005892830746489283
-4.11205988268779e-05
0.00048430281014608996
-0.00030487804878048786
-0.0004395857904420439
0.0005175716689468637
-0.0008319211838153197
0.0012741724457863534
0.00018464090830463444
0.00122650532308031
0.00011996508939944337
-0.000785112673177022
0.0012918101618153515
0.0006748612225000394
-0.0013170275667940435
-0.0003333474862795049
-0.0003808573540280858
0.0012902627730339198
-0.0011407825006683337
-0.0009006227296315517
0.0010979997169410767
-0.00033225928197386413
0.00020962872104543092
-0.0004623248572911261
-0.0011876759289836615
0.0014487128681731694
0.0013637637401519083
0.0007943970058656099
0.0001715730213394977
-0.0004242565771885957
-0.00037729081159283554
-0.0017817159660958315
0.0014085656775329847
-0.00014440879998741976
-0.0011624459436083724
0.0010708354955889985
-0.0005973345284710103
-0.0014639571637495876
0.0006483260209778115
0.00012777437058703275
-0.000517027566794043
-0.0011065826925193817
-0.0008333113176392886
0.00039601673192747404
0.001470992750546461
0.00020197669481530428
-0.0008483260209778116
0.0007564859807205422
0.0005451101570977024
0.00042944284568571014
-0.0006542734034690444
-0.0002516503907785694
0.00019570222201254896
-0.0008426805680049066
0.00019075812614992717
-0.0005915318205406424
-0.00018580144989070776
-0.0006969838499158687
-0.0008568366592756838
0.0008435265996760545
0.001022866443364627
0.001512083470931421
0.0007711861741441397
-0.001009024862008775
-0.0009212828859429794
0.00047269739428535497
-0.00018061518139359344
-2.047302291204756e-05
-0.00035571228632982666
-0.002366628925476876
0.0004323080310106777
9.012281612177753e-06
-0.0014123492318095327
-0.00014247456401063037
0.0009179585161422214
0.002679902816436288
-0.0003307968108694627
-0.0005159393624884024
0.0011860436225252003
-7.880203173405043e-05
-0.00014850686417889312
-0.00133072447358903
-0.0006675111257882405
-0.0003153229230551493
-0.00013962195908226015
0.0014263606485194452
-0.0004431397524806971
-0.00021064458807063904
0.0005941674136277148
0.0016987734113317924
0.0004750058970609049
-0.0008083235048984919
-0.0004747763048230096
0.0011105360821499898
0.00023431460426789967
0.00021126102750389206
-0.0005208960387476216
0.0016858501989275212
-0.0015000912078753286
0.001202291204730229
0.0004542010661886116
0.0023644650972621914
-0.0002965970027205109
-9.63674104826155e-05
0.0005262395622021985
0.0014771823056721864
-0.0004237250554323725
-0.000269674954002925
3.392775707254167e-05
-0.0007868173169159159
-0.00026913085185010464
-0.0014505747668695256
-0.0008114182824613548
7.338617099904077e-05
0.0006757072541711878
-0.00024336934471859222
0.000275622336494158
0.0007966457517573243
2.3482882797880238e-05
-6.765580034910615e-05
0.00043811073894104514
8.008994983566772e-06
-0.00018302118224277025
-0.0031793351260398484
-0.0005122281454922866
-0.0005218144076992026
0.0005810146089855482
-0.00036321963799908804
0.001678355427654857
0.00028831595666053376
-0.0013068248651538742
-0.0003387633470145144
0.0007617445864980894
0.0007842540611092765
-0.00044793917378245377
-0.0014629538771209762
-0.0007781494236605811
-0.0002457627651711721
0.00014928055856960887
0.0002977575443065842
0.0006904074475947855
0.00013937978644776788
0.00040700570835495596
-0.000180470506832728
-0.00042464342438395364
-3.3298737242691516e-05
-0.00024785425610542386
0.0004450739884574861
0.0010953641238540047
-0.0007419430422544073
0.0002959805632872576
0.001772890817883034
0.0009858140302873048
-0.0006244138321460585
0.0013034155776760865
-0.0008983865641364345
0.00028724033275149
0.0009383041625387241
-9.969178028337337e-05
0.0002869258228365653
-0.0011694091931248134
-0.00019795096790426307
-0.00020468462518280888
-0.0005352093849758613
0.0005807724363510561
0.000492184428614112
0.00039601673192747415
-0.0002677407180261357
-0.00023981538267993886
0.00024978849208221295
0.0008784277649352897
-0.0013972621911905775
-4.3701152678837776e-06
-0.001022250003931374
-0.0002704486483936408
0.00018711924643424356
-0.0014877120976238775
0.00019656083408029455
-0.0014886430469720562
-0.00043725212687329974
-0.0002391140255696562
8.893239609378675e-05
-0.0003396942963626926
-0.00103842524885597
0.00030480571150005495
0.00011470648362189628
0.0010969115126354357
0.0001430186661634509
-4.243839537041417e-05
0.0004907219575097107
-3.8956770612193494e-05
0.0009696387853627088
0.0015796244751615795
-0.0017511550376625624
-0.00036624207828151785
9.097199289207564e-06
0.0008165322136780362
9.65970027205108e-05
0.001461708417857873
-0.001412663741724458
-4.359893695648752e-05
-0.00042054536019248004
-0.0015246921734207673
0.0011606689625890457
-0.00015524052145743914
-0.0007523029988520388
-0.00010038055699705944
-0.001049099715368527
-0.00213970687675929
0.00024592002012863455
0.0002347014514632575
0.0003540799798713655
-2.8669151294994717e-05
0.001570182887515529
0.0005862732147630953
-0.0005601248604362256
0.00036445251686559424
0.0007930792093220739
-0.00042364013775534275
-0.0006129656712427861
-0.0003199650893994431
-0.0011723467157302133
-0.00047083549558899856
0.0005085169284961708
-0.000495823308329795
0.0006057728294884497
-0.001983492947115158
-0.0001263842367630641
-0.0008165196332814394
-0.0010795033888443331
-0.0001487490368133856
-0.0009041892720668019
-0.0005352817222562941
0.00120871035209385
0.0011866726423550504
0.00010146876130270012
0.0010423660580899813
0.0016444575490242332
0.0001987246622949789
0.0009228302747244109
-0.0004700618011982829
0.0007487490368133854
-0.0009308817285464925
-0.0018064741865987327
-0.00046410183831045265
-0.000997733956062965
-0.0011338192511518926
-0.0007419430422544071
0.00014410687046909168
0.0014064741865987328
-0.0008678256357031656
-0.0013505385982293095
0.0005454970042930604
0.00034131402242455695
-0.0004768677957572613
0.000583408029438128
-0.00017860860813637152
-0.0002896337532040699
0.0006977575443065844
-0.0005402383985155134
0.0004054583195735245
0.00022116179962573316
-0.0005673900394709943
0.00028460473966441797
-0.000643139752480697
-0.00011168404333946637
-0.00021442814234718746
0.0007272428488308096
-0.0010541287289081791
0.0012133525184381438
-0.00022255193344970182
9.937727036844837e-05
0.00025311286188297086
0.0003596530955638377
0.001371887531254423
-0.0006993175134846129
-0.0010046122879023762
3.0523187243477986e-06
-9.527920617697466e-05
0.0006127360790048905
-4.847069553867695e-05
0.001078729694453618
0.001118188108380117
0.00013311789404160985
0.0001210407133084869
-0.0004614662452233806
-0.0001457265965309555
0.00020746489283074646
-0.0009775329842273278
0.00011129719614410858
0.0007506109355097422
-0.0002863093834033118
0.0013119262159739587
0.0011896825022408833
-0.001570811907345379
0.00013320281171863945
-0.0005358258244091145
-0.0008623374376877232
-0.0016183091946973631
0.00022325329055998493
0.0003057240804516363
-0.0013810995266625781
0.000977762576465223
-0.00022866915129499476
-0.00030255696560834073
0.0014221776666509412
-1.9142645971914296e-05
-0.0008862370461228791
-0.0003345803651460113
-0.00031493607585979174
0.0010773395606296491
0.00033002311647874715
-0.0002702190561557454
0.001008166249941029
-0.0009523879165290686
-0.00039153182054064246
0.0007902989416741363
-0.0012597018446006514
0.0005275447783491374
-0.000659387334685726
-0.00025991885644194946
-0.0010667500117941219
0.0010058577471654794
-0.0005568728279159
-0.00048576528125049125
0.001545352329732195
0.0016708480759855956
0.001711152521583243
-0.00015601421584815456
0.0022863345441965065
0.0002944331745058264
0.0011415561950590494
0.00028112311490619744
9.969178028337352e-05
0.001092885785724395
0.0018201710933937194
0.0010231809532795521
-0.00023113490902800708
0.0017180434338192514
0.0009973345284710101
-0.0014439983645484428
0.0013099919799971697
0.0011131590948404648
0.000538146907581262
0.00039540029249422086
0.001300864902266044
0.0009213552232234122
-0.00012135522322341216
-0.00036824865153873985
-0.0013489786290512811
0.00022735135475145866
2.8511896337532167e-05
-0.0010320784387727825
-0.0003761302700067619
0.001009641301442028
-5.117862590618175e-05
-0.002224970514695476
8.072368731424264e-05
-0.0006125788240474283
-0.00015562736865279666
-0.0003354389772137567
0.0005810146089855483
-0.00018332311176109828
0.0006976852070261516
2.6190813165385018e-05
-5.18799830164646e-05
-1.7293327672154938e-05
-0.000348906291770848
-4.057649667405766e-05
0.0008215612272176881
-0.0005570300828733626
-0.001374897391140256
2.3712475035775506e-05
0.000834556776902392
-0.0008672091962699124
-0.0008415923636992657
0.0003338915884323254
-0.0008737006809139659
-0.00045226683021182257
-0.0009810146089855485
-0.0004179946847824379
0.00046109197842461976
-0.0016316915915774246
-0.0007837948766334857
0.00010649777484235184
0.0009748250538598232
0.00016491170134138471
-0.0011827915900048751
0.0014337830825116762
0.002106510355238949
5.349970907832861e-05
-0.0005360554166470098
0.0004446871412621284
0.0011824047428095172
-0.0004994621880454784
-2.9829692881068037e-05
4.9087134971929886e-05
-0.00041567360161029086
-0.000657682690946832
0.0010934298878772157
-0.00029946218804547813
0.0009780770863801482
0.0002894041609661744
0.001085620606689626
0.00027918887892940824
-0.00013296063908414707
0.0004748612225000394
-5.605038448837108e-05
-0.0002542734034690443
-0.0009467424635561637
0.0007477457501847748
-0.0002936594801151106
-0.0012466339576355143
0.000817922347502005
0.002131038983503955
-0.0002201585129971223
-0.0016324778663647371
-0.0010644163482253775
-0.00011400512651161334
-0.00024159236369926553
9.666934000094343e-05
-0.0009449529021402399
-0.0014175355003066472
0.0015306521363085974
-0.0012692157695271345
-0.0008259612209274899
-0.0015791652906857892
-0.0006435265996760547
-0.0008437561919139504
-0.00022550203645169928
0.0011890660628076305
0.00026603607428724187
-0.0013573445927882878
-0.0008965970027205107
-0.00016723278451353173
0.0012372772876664939
0.0011395496218018274
-0.00018541460269535
-0.0005029438128036985
0.00043733704455032967
-0.00031113994118664597
0.0009179585161422215
0.0005045635388655628
-0.0007823324055290844
0.00022209274897391133
-3.493104370115276e-05
-0.0010053859822930918
-0.00023215077605321494
-8.143762482112255e-05
0.0005432482584013462
-1.4814989542545263e-05
-0.0002343146042678995
-0.000288243619380101
0.0018543709015426712
0.0007239908163104843
-8.697771697252757e-06
-0.0007587347266122565
-0.0008934298878772156
-0.0009873614190687363
0.000483299523517479
0.0015347502005000708
0.0008459200201286345
-0.0004665078391596297
-0.0020071755437090157
-6.417417559088539e-05
-0.0006063892689217028
-0.0003686354987340976
0.0008748612225000393
-0.0006005016433143055
-0.0016067037788366281
-0.00045195232029689733
-0.0001956298847321161
0.00011470648362189623
-0.0005453397493355977
-0.0009269283389158843
-0.0014773395606296489
0.0008008287336258275
-0.0003066550297998145
3.276721548646827e-05
0.0002200012580396598
6.572156437231667e-05
6.147096287210503e-06
-0.0010359469107263607
0.000597032598952682
0.00242667515843437
-0.0005970200185560851
0.0013295639320029563
1.3811702913934388e-05
0.00022503027157931164
-0.001354334732902455
-0.0014348712868173172
0.0009800836596373698
0.0006990030035696875
0.0005147788209023287
4.034690443616217e-05
0.0002880863644226385
5.156547310153944e-05
0.0006395008727650142
-0.002005942664842509
5.0876696387853774e-05
-0.0005212105486625466
0.0005369863659951881
8.367379031623983e-05
0.0001391501942098725
-0.0001516016417417558
-0.0003786935258134012
-0.0008347863691402873
-0.00015175889669921842
-0.001873628343633533
-0.0007793948829236841
0.0006822113192118382
-0.002001372835778648
0.0007062681826044566
-5.434574074947704e-05
0.0002447594785425611
0.00016684593731817378
-7.694013303769411e-05
-0.0003200374266798759
-2.735135475145858e-05
-0.0015943372489817744
0.0005947838530609679
0.0016165322136780364
-0.00020120300042458843
-0.0009425594816876604
-7.245522165086244e-05
-0.0014022188674497965
-0.00042341054551744755
0.0010315343366199623
-0.0001292494220880314
-0.0003819329779371294
-0.0008303737950338884
-0.0012946753471403188
0.0008232532905599848
-1.5274174018335796e-05
0.0009249217656586627
8.684090515953514e-05
0.0006514931358211069
0.0008934298878772154
0.0009783790158984763
-0.0013620590964130146
-0.00035223066157160607
-0.0010641867559874829
0.000778765863093834
-0.0006601610290764416
0.00018409680615181392
4.592002012863453e-05
-0.00046951769904546254
0.00045822679309965247
0.0004329968077243633
0.000690866632070576
-0.0010770250507147238
-0.00037922504756962436
-0.001027895456904279
0.0011094478778443492
0.0013101492349546322
-0.00042820996681920405
-0.002114719064018493
0.00045203723797392715
0.001374595461621928
0.0012610919784246197
0.0012815225424981523
0.001092970703401425
-0.0005061109276469942
0.0003492082212891763
-0.00017466779890236032
-0.00014410687046909152
0.000804769542859839
-0.0005000062901982985
-1.3811702913934388e-05
-0.0003249941029390951
-0.00021103143526599675
-0.0001603544526741206
-0.00016561305845166766
0.0005586498089352267
0.0004323080310106778
0.00048615212844584934
0.0008706059033511031
0.0004771823056721864
0.0019409397556257961
0.0008794310515639006
-0.0009715730213394978
-0.001540093723954648
0.001027823119623846
-0.00025636489440329614
0.00020414052302998863
0.0007277743705870327
0.0017298784419178819
8.32869431208819e-05
-6.471827774370584e-05
0.00047834284725825995
0.00011485115818276192
0.0007110676039062132
0.0014142111305058894
0.0005963312418423993
-0.00037651711720211985
-0.00046062021355223234
9.388907235300595e-05
-0.0002983016464594048
-0.0007620590964130144
0.0007528471010048591
4.917205264895974e-05
0.00030371750719441424
-0.0007010095768269096
-0.001034786369140287
0.00014085483794876625
-3.260996052900569e-05
-8.824361938010083e-05
0.000818224277020333
0.00020661886115959816
-0.0008856080262930289
-0.00047160918997971415
-0.0009489062917708482
0.0005205091915522637
-0.00020955638376499798
5.474516834143198e-05
-0.0007407825006683336
-0.0009508405277476375
-0.0011150209935368212
8.057901275337698e-05
-0.0004995471057225079
0.0004064616062021356
0.00046232485729112634
0.0009697237030397384
0.0009441068704690915
-0.00043795348398358263
-0.0005820053152175623
0.0005420877168152727
-0.0005858863675677376
0.0013670881099526661
-0.00021018540359484856
0.0002442153763897407
0.00019315154660250658
0.0003272302684342124
0.0007029438128036985
-0.0008439134468714126
0.000533347486279505
-0.0014096413014420281
-0.00015710242015379557
-1.4428142347187419e-05
0.0004436838546335174
0.0014768803761538581
0.00019601673192747422
0.0007748250538598229
-0.0007965734144768916
-0.0018507320218269882
-9.257127580946964e-05
0.0006800474909971539
-0.0008017471025774088
-0.0007461983614033433
-0.0004689012596122094
-0.00037528423833561354
-0.0007420877168152726
-0.0010513484612602415
0.00026248211224858865
-0.0009174993316664308
-0.0013863581324401251
-2.425657718859582e-05
-0.00045048984919249577
0.0010699894639178502
9.552137881146719e-05
4.382852919438284e-05
5.0018084320108114e-05
0.0008583840480571149
0.0016289836612099194
-9.582330832979522e-05
0.0017382318252582912
1.682156279976728e-05
-0.000550526017832712
-3.8956770612193494e-05
0.000284919249579343
-0.00017234671573021344
-0.0011418707049739745
0.0007875186740261986
0.0015805554245097578
-0.00014386469783459908
-0.00116531112893334
-0.0014553741881712823
-0.00014031073579594592
0.00016088597443034388
-0.00012599738956770593
0.0008133525184381438
-0.0018450142315736507
-0.00011068075671085544
9.110880470506828e-05
-8.917456872827912e-05
-7.563491689075499e-05
-0.0009389206019719772
-0.0004825132487301661
0.0010063169316412701
-0.0002695176990454625
-0.000424571087103521
-0.0005248368479816327
0.00042650532308031016
0.0010721532921325345
-2.3023698322089654e-05
-0.0007189618027708323
-0.0009161815351228951
0.0013933937192369993
-0.0001561714708056173
0.00023848500573980593
-0.000468357157459389
-0.001283227186237046
0.0021099196427167366
-0.0007826343350474125
0.0011912298910223146
0.0013160368605620292
-0.0006394285354845813
-5.644981208032595e-05
-0.0006615511629004103
-0.0010562202198424304
-0.0009256828796527811
-0.00012383356135302177
-0.00019091538110738965
0.0017610558097844037
0.0008348587064207197
-0.0013452799924517625
-0.00015508326649997634
0.00019702001855608493
0.0002754776619332925
-0.00029118114198550116
-0.0003391501942098724
0.0010794310515639008
-0.001514476891384001
0.0013277869509836296
-0.0008491720526489597
0.0006489424604110644
-0.0004125064867669955
-5.2726014687612756e-05
-6.271170448648392e-05
-0.0005415561950590493
-0.00027841518453869255
-0.0013728908178830337
1.7522919910050016e-05
-0.0013690223459294553
0.0018617933355349026
-0.00029527920617697476
-0.0007246072557437375
0.000566157160604488
0.000455446525451715
-0.00011439197370697111
0.001305507068610338
-0.00035300435596232187
-0.0004323803682911104
0.0013468997185136261
0.0006405890770706549
0.0009663867528423834
-0.0007482898523375951
-7.37730181943985e-05
-0.000899933952917866
-0.00032863298265477806
0.0007660848233240554
0.0003617445864980893
-0.0007943970058656099
-0.00097366451227375
0.0016299995282351278
-0.0022086505952100145
0.0005057240804516362
0.0013332028117186395
0.0014014451730590806
0.0008355600635310029
-0.0005269283389158843
0.000579769149722445
0.0008655045525310187
-0.0006833718607979119
0.0008369501973549717
0.00022147630954065848
0.00034372002327373385
0.0011382318252582916
0.00026155116290041034
-0.00021838153197779566
0.0015588919815697191
-0.0012798178987592584
0.0008397430453995063
-0.0003102939095154976
0.0005186472928559071
-8.36014530358069e-05
0.0017249343460552598
0.000505192558695413
0.0007000786274787312
-0.0014866238933182367
6.688210595839035e-05
-0.00035469641930461847
0.00036399333238980335
-0.00023501596137818256
-0.0002491720526489598
0.0004748612225000394
0.001603681338554198
-0.00013730087591011343
-0.0007066550297998146
0.0005270855938733468
0.0006802770832350489
0.002583348272554292
-5.636489440329592e-05
0.0015649242817379818
0.00019494110801843043
-0.001142402226730198
-0.0008177650925445425
-0.0001820178956141594
-0.0004090122816121777
0.0015734349200358542
0.0004813652875406898
-0.00032585271500684085
0.0003015536789797299
-0.00026673743139752476
-0.0006341699297070342
0.0009257677973298107
5.195232029689739e-05
-4.8555613215706923e-05
-0.000602363542010662
-0.0004005016433143054
-0.0021203645169913985
-0.0003018556084980579
-0.00030510764101838317
0.0008641867559874827
-7.524806969539736e-05
-0.0008436712742369203
0.00019060087119246455
-0.0008998490352408358
0.0009779198314226857
-0.0005013964240222673
0.0002024358792910946
0.00024089100658898274
-0.0007352093849758614
-0.00035539777641490136
1.3476749854538676e-06
0.0004788869494110803
0.0007234592945542608
-0.0010606327939488294
0.0009659999056470254
7.106508782689375e-05
0.00041017282319825125
0.0013759855954458965
0.0005357534871286817
-8.669623059866955e-05
-0.000918115771099684
0.001315794687927537
-0.0016336258275542136
-0.00041690648047679695
0.0007580333695019737
0.0004253447814942367
0.0007292494220880315
0.0002667374313975249
2.60335582079226e-05
0.001063727571511692
-0.0009933937192369991
-0.0014023037851268265
0.0013397792140397227
0.0015726612256451386
0.0011615149942601941
-0.0017288751552892708
-0.00010549448821374107
-0.00016963878536270868
-0.0004630985516818417
-0.0017826469154440098
0.0003557122863298266
0.0011314981679797454
-0.00025210957525436
-0.0007692519381673506
0.0003215124781808749
-0.001621561227217688
-0.0002531977795600007
-0.0002718387822176096
-0.0004149722445000079
-0.0015169552295136108
-0.0006327797958830652
-0.0017421852148888995
-0.0012062320139642404
0.0009423298894497649
0.0003215848154613074
0.0004198440030821972
0.0008669670236354202
0.0014196993285213318
0.00042124671730276304
0.000577532984227328
0.0025790929534053567
-0.0006579122831847275
0.0006741598653897564
0.0012714645154188488
-3.291189004733351e-05
-3.609158528722613e-05
0.0004443726313472032
0.001733360066676102
-0.0007574169300687205
2.5030271579311458e-05
-0.0013507681904672047
-0.0013026418832853708
-0.0008659637370068092
0.0011945542608230724
-0.0003182604456605493
-0.0009709565819062446
0.000755639949049394
0.0002464641222814551
0.0005390778569294397
0.0005365271815193974
-0.0002536569640357913
0.0002083235048984919
-0.0003779921687031182
4.2930603387269676e-07
-6.517746221949647e-05
-0.0007218993253762326
0.0007659999056470254
0.0005895126668868235
0.0003298658615212846
0.00045970184460065094
-0.0004904074475947854
0.00031771634350772894
0.0005544668270667235
4.2667987608309386e-05
0.0008825981664071959
7.6251356324008e-05
-0.00035005425296032454
0.0006699894639178502
0.0005783790158984763
-0.0007678618043433822
3.9029107892626286e-05
0.0006250302715793116
-0.0009715730213394978
-0.00024391344687141282
0.001040129892594864
-0.0012922693462911418
-0.0008816672170590178
0.0007861159598056329
0.001943647685993301
0.0005157097702505071
0.000744965482536837
0.000189053482411033
0.0004542734034690445
-0.0007800836596373702
6.178075513830568e-05
-0.0006078517400261043
0.0006678979729835986
0.0001792250475696246
0.001035173216335645
0.0007889811451306004
-0.0009621314336934471
-0.0009160966174458651
-0.0014415200264188328
1.0632007674041792e-05
0.000160584044912016
0.0014723954647670268
0.001133976506109355
-0.0007709565819062447
-0.0007068122847572772
-0.00040600242172634496
-0.0009722743784497808
0.0008678256357031656
-0.0015422575521693326
0.00014394961551162917
-0.001183492947115158
0.0004710650878268938
0.00021048733311317632
-0.0009172571590319384
0.0007522306615716061
-0.0004443002940667705
0.00033598307936657704
0.000992075922693463
-2.0490320957367627e-06
0.0006356324008114357
-0.00034317592112091325
-0.00059137456558318
0.0009659275683665928
-0.0002049142174207042
-0.0006798053183626613
5.9387334685725984e-05
-0.00043431460426789954
-0.0012168341431963645
-0.000373736849554182
0.0005339765061093552
0.00043601924800679343
-0.0010709927505464611
-0.0014446997216587254
-0.0012979997169410768
-0.0016604032017109342
0.0003601971977166579
-0.0004904797848752182
0.0008015898476199465
0.0013983503954962183
-0.0008462345300435595
-0.00019091538110738932
-0.00023099023446714167
0.000488545548898429
0.000351916151656681
-0.00019315154660250652
0.0003470443930744917
-0.0011440345331886587
-0.0003793099652466543
-0.00010378984447484719
0.0004687440046547466
-0.0009206664465097264
-0.0009096774700822443
0.0007187322105329371
0.00018726392099510935
-0.00059439700586561
-0.00040855309713638734
-0.0018600163545155761
0.00019702001855608503
-0.00035036876287524967
0.0008296001006431729
0.00020297998144391493
0.0004631708889622746
-3.9887719960371735e-05
0.0015195908226006826
-0.0001824047428095171
-0.0004691308518501045
-2.7967794184711662e-05
6.587881932977946e-05
0.0012895614159236372
0.0013650815366954446
-0.00101458539730465
-0.00016994071488103676
0.00026302621440140903
0.001462409774968156
-0.0003750546460977184
-0.0010247283420609836
-0.0007430312465600478
-0.0005508405277476371
-0.0005590366561305846
0.0018511912063027792
0.0002452312434149487
0.0007913022283027474
0.0014306159676683809
0.0005659999056470256
-0.00030751364186755995
-0.0012136670283530691
-0.00041002814863738587
0.0007468148008365965
-0.00031075309399128815
0.0011218269880957999
0.0006677407180261357
-0.00036181692377852204
-0.000339923888600588
-0.001344264125426554
-0.0009139327892311803
0.0006310751521441715
0.0006630985516818418
-0.0008929707034014248
-0.0007261546445251687
-0.0010616360805774405
-0.0005814737934613392
0.00039315154660250664
0.00022464342438395366
-0.0017034155776760864
0.0005360554166470098
-0.0008723105470899971
-0.0005882074507398846
-0.0022412180969005047
0.0013666289254768756
-0.000591761412778538
-0.001668599330093881
0.00037458288122533054
-0.0005637511597553111
0.0013073563869100972
-5.488984290229754e-05
-0.00027934613388687097
-0.0002066911984400307
0.0008692157695271344
-0.0007612854020222989
0.0015388482646915443
-0.0005067399474768445
0.00029513453161610927
0.0008747039675425767
0.0007195059049236528
1.5049299429165807e-06
0.0002024358792910945
-0.0012819093896935102
-0.00042309603560252237
-0.0003810869462659811
0.0011311836580648205
0.000573507257316287
-0.0005752119010551809
0.001479975153716721
-0.0018824534918463307
-0.0007961739868849367
-0.000943949615511629
-0.0005573320123916909
0.00020004245883851505
4.228114041295154e-05
0.0001241480712679468
7.732698023305178e-05
0.0002572958437514742
0.000694590429463289
-0.0002195420735638691
0.0004456904278907393
5.566353729301329e-05
0.0005012391690648048
0.0008268072525986383
-0.00025543394505511794
0.0014208598701074052
-0.00034162853233948203
-0.0004973706971112264
-0.0003741960340299729
0.00013257379188878944
0.0020391266059662533
3.167901118082734e-05
-0.0003866600619584532
-0.0015116966237360633
-0.0007369140287147552
-0.0002788020317340503
-0.0001851850104574544
-0.00021442814234718746
-0.0009087465207340661
-0.00017249139029107912
0.0009112248588636757
-0.0003316428425406111
-0.00018711924643424377
0.0003242927458288123
0.0004128084162853234
-0.00011315909484046485
0.00047825792958123
-0.00026448868550581065
0.0005543944897862908
0.0003468871381170292
-0.001619542073563869
-6.201034737620098e-05
0.0003003208001132237
-0.0002584563853375479
1.0946517588966976e-05
0.00043795348398358247
-0.0002935022251576481
-0.0007223710902486203
0.0007773757292698652
-0.0005649966190184146
0.0005071991319526348
0.0005928496170841787
-0.0007509977827051
0.0005218269880957999
0.001457767608623862
0.0009063531002814864
0.0016805915931499742
0.0006063892689217028
-0.0008108018430281015
0.0004062320139642404
0.0003917614127785378
0.00032128288594297934
-0.0005421726344923024
-0.0003471293107515214
-0.00043601924800679343
-0.000305192558695413
8.87153842524887e-05
0.0004609347234671573
0.00030449120158513015
-0.0005175716689468637
-0.002586443050117155
0.0006692157695271344
0.00017125851142457262
0.0002762513563240081
0.0019093755405639166
4.245883851501306e-08
-0.0009496799861615639
0.000959967605478763
8.081332263999672e-06
-0.0007342060983472506
-0.00033025270871664224
0.00018247708008994987
-0.002091049047821233
-0.0015117689610164961
-0.0007625308612854022
-0.00037009796983849934
0.00036809139658127744
-0.0011657703134091305
0.0001828639272853076
0.00031036624679593017
0.0009670881099526664
0.0003218269880957998
-0.0013978062933433977
0.002290577282948845
-0.0008221776666509414
0.001652509002846315
0.0004242565771885959
-0.0008357896557688981
-5.644981208032583e-05
-0.0018094966268811627
0.0002886304665754589
0.00036445251686559424
0.00022503027157931153
-0.0004080813322639995
-0.00011694264911701354
0.0003418581245773772
0.0007110676039062131
-8.884905096633895e-07
0.00035485367426208104
0.00018518501045745476
0.00023609158528722622
0.0011396219590822602
-0.00010927804249028971
0.0003697111226431414
-0.0004249453539022818
0.0006587583148558757
-0.0007026293028887737
-0.000786345552043528
-2.8511896337532112e-05
0.0003089761129719615
-7.3076378732839294e-06
-0.001254128728908179
-0.0013126999103646743
0.00041660455095846906
0.0011811718639430108
-0.00010920570520985669
-0.000969179600886918
-0.00027926121620984093
-0.0005752119010551807
-0.0006891022314478464
-0.001538074570300829
-0.0008634130615967667
0.0014391989432466859
0.0010285118963375322
-0.0006549024232988945
-0.00021961441084430189
0.0006375666367882248
0.0008712223427843563
-0.0013205091915522635
0.0007704124797534243
0.00020723530059285112
0.00028553568901259634
0.0002073202182698809
-0.0006200012580396596
0.0007100643172776022
-0.0006391863628500889
0.0008699894639178499
-4.7781918824991e-05
-0.001136998946391785
0.0016191678067651086
0.002435802236165495
0.0010740875281093237
0.0013740513594691075
-0.00019060087119246444
-0.00029737069711122647
-0.0003211979682659494
-0.0005820178956141592
0.0003195059049236528
-6.680976867795767e-05
0.001144264125426554
8.646663836077447e-05
0.0001358981616895473
-0.00044452988630466566
-0.0020298422732776653
-0.0007555550313723639
0.00015137204950386074
0.00017102891918667734
-0.0013657703134091303
0.00020398326807252607
0.000364222924627699
0.0008189130537340191
-0.0004669670236354201
0.0005937805664323569
-0.0004837587079932696
-0.0006764809485619033
0.0012655045525310187
-0.0017147914012989262
0.0006057728294884497
0.0009488339544904154
8.10507776257647e-05
0.0013896825022408834
-0.0006453035806953815
-0.00020971363872246073
0.0003599676054787628
0.00013233161925429692
-0.0004975279520686892
-0.00023709487191583698
-0.000639198943246686
1.4972244500008003e-05
-0.0005639084147127739
-0.00014108443018666177
0.000521053293705084
0.00028701074051359487
-0.0012764211916780678
0.00017651711720211976
-0.001789452910002988
-0.0013455819219700899
-0.00020677611611706053
0.0006152867544149327
0.0005417857872969445
-7.70250507147237e-05
0.001251106288625749
9.04797848752183e-05
0.00017736314887326833
-0.00015532543913446875
-0.0004946627667437216
0.0011120834709314213
0.0006670393609158528
0.0004675111257882404
0.00013389158843232543
-0.001051348461260241
0.0006260335582079225
0.00046658017644006245
0.00024600493780566426
0.0005789231180512965
0.000605301064616062
0.001008638014813417
0.0008339277570725417
-0.00011880454781336991
0.0005307968108694628
0.0003468871381170291
0.0008456904278907392
-0.00034511015709770245
-0.00031083801166831775
0.001275332987372427
-0.00027827050997782717
0.00016724536491012894
-0.0001718026135773932
0.0013699532952776339
0.0007702552247959618
0.00031694264911701336
0.0005868896541963486
-9.327263291975302e-05
0.0008689012596122093
-8.011982827758635e-05
0.0018073202182698812
0.0012033794090358701
0.00016909468320988816
0.0005686354987340977
0.0010483260209778115
0.00123548772625057
-0.000831304744382067
-4.9401644886855136e-05
0.00021938481860640652
-0.0011815587111383688
-0.0004233256278404179
-0.00034301866616345095
0.00039401015867025215
-0.0007550958468965736
-0.0007442641254265539
0.0004901778553568903
-0.00042015851299712206
9.798713654447958e-05
0.0010737132613105626
-0.002029927190954695
0.0004396581277224762
-0.0005440345331886588
-0.0004543583211460741
0.0010372647072698967
0.0004906370398326806
-9.097199289207806e-06
-5.017533927757077e-05
-0.00020730763787328387
-0.0004415074460222358
-0.0007003931373936565
-0.00027663820351936597
-0.0002855356890125964
-0.0005710289191866774
-0.00045814187542262254
0.0003413989401015868
0.000405301064616062
-0.00112174207041877
-0.0008839883002311647
0.0004512635435832115
-0.0008259612209274899
0.00027973298108222873
0.0010558333726470729
0.00046913085185010456
-0.00032778695098362973
-0.0003341211806702207
-0.00011880454781336986
-6.440376782878071e-05
0.0008087826893742825
0.0007825619977669798
0.00021288075356575616
0.0004448318158229937
-0.0002876995172272805
0.00047702505071472377
-0.00023400009435297446
-0.0004591451620512335
0.0001776902391847903
-3.2295450614080644e-05
0.00028956141592363703
0.0013733625827554213
-0.0003009246591498797
-0.0011943246685851773
0.0008049991350977339
-0.0006846047396644179
-0.00038789294082495937
-0.0005037175071944145
0.00023091789718670893
0.0006257316286895946
-0.00047857243949615493
-0.0009389206019719772
-0.0007607412998694783
-0.0008737730181943986
-0.00017203220581528836
0.0006749335597804719
0.0009156374329700746
-0.0006602333663568744
0.0005328033841266845
-0.000516713056879118
0.00022750860970892117
-0.00025868597757544305
0.00023308172540139339
-0.0006754053246528597
2.0388105235017588e-05
-0.0006361765029642559
0.00040568791181141994
-0.0009022550360900128
-2.3640137755342683e-05
0.00024197921089462327
0.000798652325014546
-0.0001229749492852763
-0.0002500180843201082
-0.00041010048591781856
0.00028963375320406956
0.0007868896541963487
-7.322891604157826e-05
-0.0018715368526992814
0.0004181519397399002
-0.0014487128681731692
0.00048537843405513365
-0.0006168341431963641
0.0010665801764400621
0.0005845685710242016
-0.0002396581277224766
0.0005941674136277146
-0.00022000125803965979
0.0003923055149313584
-0.0005273151861112422
-0.000541012092906229
-0.0013694941108018434
-0.00054851944457549
-0.000494203582267931
-0.0011401660612350806
0.00011664071959868566
0.0006433693447185922
0.00047160918997971415
6.765580034910596e-05
-0.0012307606422292461
-0.0008808935226683022
0.001731111320784388
-0.0003290198298501361
0.0007938529037127894
0.002027206680190593
0.0013100768976741996
-0.0002312198267050369
0.0010477819188249912
0.0004170637354342596
-0.0006736283436335331
-0.0011801685773143997
0.002346597788995298
-0.00019485619034140063
0.00022000125803965979
-0.00018789294082495952
0.0006605478762717995
-0.0009656979761286976
-0.0010275935273859511
-0.0005755138305735089
0.0004038385935116604
0.0003816310484188015
-0.0013286329826547785
0.0016361041656838232
0.0006320784387727822
-0.00047973298108222866
-0.001344965482536837
-0.0011280165432215252
-0.00031145445110157115
0.0012772672233492162
-0.0008294428456857102
-0.0016552169332138195
-0.0010174505826296173
0.00012507902061612523
0.00023385541979210897
0.0015694091931248131
0.00047950338884433346
0.0005538503876334699
-0.0004130380085232187
-0.00034410687046909167
-4.018964947869987e-05
0.0005885942979352425
-0.0012128933339623533
-0.0007154801780126119
-0.00018300860184617323
0.00019262002484628354
0.0003485917818559231
0.00011910647733169774
-0.0014991602585271502
0.0008987734113317926
-0.0005998128666006195
-0.0010863943010803417
0.00031525058577471665
-9.946218804547827e-05
-0.0009703401424729916
-0.00010248462832790807
-0.00030000629019829846
-0.0019113097765407054
0.00028792910946517594
-0.0002917252441383215
0.0002649478699816012
-0.0013475161579468793
-0.00013442311018854858
-0.000417909767105408
0.0004388844333317609
-0.0012467786321963801
-4.293060338727773e-07
-0.0006589281502099352
0.00016654400779984586
0.0005909153811073895
0.00012506644021952783
-0.0020605604566683966
0.001102943812803699
0.0005571024201537954
-0.0006020490320957368
-0.00014542466701262765
0.0010472503970687676
0.0003020128634555205
0.00110751364186756
0.00039168907549810513
9.814439150194215e-05
0.000569481530405246
-0.0010761066817631428
0.0008773395606296489
0.00017706121935494025
0.0003572596751112578
0.00024143510874180305
-0.00040150492994291646
0.0003899844317592112
-0.0009073563869100974
0.0006980720542215092
0.000870376311113208
0.0011077432341054553
0.0002599314368385464
-0.0005332751489990724
0.001466665094117092
-9.559371609189972e-05
-0.0018815225424981524
0.00042619081316538524
0.0008520372379739271
-0.00030394709943230966
-0.0003828639272853076
0.0002405890770706546
0.0011454246670126276
0.00043013162239939607
-0.0005458838514884183
-0.0001803855891556982
0.0015663993332389805
-0.001197721375666368
-0.000581086946265981
-0.0003044912015851301
-0.0001288625748926735
-0.0003031010677611612
-0.000840504159393625
0.0007379896526237992
0.00023377050211507942
-0.0019615275746567916
-5.613530216540084e-05
-0.00013876334701451464
-0.0007599676054787628
-0.0002723828843704296
-0.00023663568744004642
-0.0003170275667940433
-0.0003586498089352268
-0.0008396581277224767
0.000545654259250523
0.0008605478762717995
-6.642292148259983e-05
-0.0009556399490493941
-0.0006837587079932696
0.00048514884181723834
-0.0007224434275290528
-0.0004625544495290216
-0.0005374581308675757
-4.731015395260347e-05
-0.00029643974776304816
0.0009485194445754902
-0.0008083235048984922
0.001154866254658678
0.0012894890786432041
0.0005404679907534083
-0.0014794310515639005
-0.0006531977795600005
0.00046658017644006224
0.0011963312418423993
0.0009367567737572927
-0.0013714283467786326
0.0006926561934864997
0.0004314494189429321
-0.0011442641254265542
0.0006691308518501045
-0.0009530043559623217
0.0015475161579468794
0.0013431035838404807
0.00022154864682109084
-0.00021699139815382695
-0.00010704187699517235
0.0002352455536160777
0.0014234954631944774
0.0011882923684169145
-0.00038657514428142346
-0.0018133650988347407
0.0011822600682486516
0.0009195059049236528
0.0017000062901982981
-0.0011583478794168986
-0.000314391973706971
0.001087627179946848
-0.0010713072604613863
0.000219299900929377
-0.0006913509773395609
-0.00014008114355805083
0.0006288987435328899
0.0004876995172272805
0.0009517714770958152
-0.0003557122863298266
0.0012406614143510874
0.0003136182793162555
0.0002306757245522166
-0.0001354263968171598
0.00047013413847871546
0.0003742809517070026
0.0002919548363762165
-9.870893679923389e-06
-0.0008897186708810995
0.0010771099683917539
0.00013118365806482046
-0.00022402698495070056
0.000607936657703134
0.00023788114670314974
4.9014797691497344e-05
0.0003428614112059884
0.0009297935242408518
-2.587630325045978e-05
0.00041048733311317654
-0.0008251151892563411
0.0008856929439700587
-0.0004963674104826154
-0.0015807126794672203
0.0006894041609661744
8.40606375115976e-05
0.0012919674167728137
-0.0012807488481074367
-0.0020044676133415106
-0.00021783742982497528
0.0010809061030648992
0.0009431035838404809
-2.4486169426491112e-05
0.0004295151829661429
-0.00044359893695648773
0.0009893679923259583
0.0010452312434149488
-0.0009132314321208976
9.484046484565464e-06
-0.0009946265981035055
-0.0009003931373936564
-0.0010785001022157222
0.0015390055196490067
0.0008759494268056802
-0.000587433756349169
-1.6362378323976856e-05
-0.0006323803682911105
-0.000296826594958406
0.0003523029988520388
0.00028499158685977574
0.00011477882090232896
-8.080860499127233e-05
3.570473809186834e-05
0.0002726973942853549
0.0006078643204227015
0.0001988095799720086
-0.00019633124184239916
0.0010460049378056644
0.002251662971175167
-0.00029737069711122636
-6.000377411897917e-05
-0.000583480366718561
-0.0011104511644729597
0.001004297777987451
0.0004992325958075829
9.821672878237487e-05
-0.0006277382019468163
8.161532292305952e-07
-0.0005832633548772627
0.0004200012580396597
-0.00011508075042065678
0.000340999512509632
-0.0009773757292698651
0.00011725715903193848
-0.0009577188595870484
2.4486169426491275e-05
0.0011226006824865155
0.0001739664417920776
-0.0012384252488559701
0.0001152380053781196
-0.0010128084162853233
-0.00016406566967023636
-0.00037582834048843387
9.257127580946991e-05
0.0010307606422292465
-0.00018618829708606576
0.0008087103520938499
0.0014929707034014247
0.0008292132534478151
0.0018997043606799706
0.0017171124844710729
0.0003195782422040855
0.0002760941013665456
-0.0009156374329700743
-0.0006126511613278609
0.002066750011794122
-4.0733751631520056e-05
0.000401360255382051
0.0003030161500841314
0.0006990753408501204
-0.0001372159582330833
0.0016840008806277619
8.267050368762882e-05
-6.526237989652629e-05
-0.0017929345347612081
0.00013985155132015533
0.0004569939142331464
-0.00198319101759683
0.0016925838562060669
-7.229796669340007e-05
0.00039524303753675824
0.0003547813369816485
-0.001397262191190577
-7.090783286943114e-05
-0.0010022062870531992
-0.0005563287257630799
0.00043849758613640296
-0.0009618295041751193
-0.00010966488968564728
0.0005331902313220424
-0.00022503027157931148
0.000575513830573509
-0.0003180308534226541
0.0011091333679294241
-0.0005741236967495399
0.0010104149958327438
0.000646391785001022
0.0007039470994323096
0.0001976364579893381
0.00018843704297777988
8.93994433174512e-06
9.040744759478528e-05
-0.0012873975877089527
0.0010074774732273437
0.0004309902344671415
-0.0014788146121306476
-0.0013731204101209292
-0.0004424383953704143
0.0005612728216257017
0.00012654149172052664
0.0006618656728153354
0.0015057366608482335
0.0005883647056973473
-0.0006470082244342752
0.00048444748470695534
-0.001075018477457502
-0.0004387271783742984
-0.0006365633501596138
0.0005926923621267161
-0.0007788507807708637
-5.984651916151657e-05
0.0015646097718230566
0.0008556761176896104
0.0014688289223317766
-0.00014054032803384123
0.0007727335629255714
-0.00033141325030271586
-0.0010869384032331619
-0.00017071440927175234
0.00016343664984038619
9.636741048261545e-05
-0.0004054583195735246
-0.0009579484518249438
0.00021713607271469236
-0.00031115252158324305
0.0002302165400764258
0.0008992325958075829
0.0004170637354342595
-0.00028630938340331187
-0.001064960450378198
-5.752543598936958e-05
-0.0011634492302369831
0.0010649604503781978
-0.00032592505228727344
0.0006343146042678996
-0.00017218946077275104
6.355773615763233e-05
0.0006692881068075671
-0.0015834929471151581
-8.808636442263832e-05
-0.00040027205107641026
0.000923761224072589
-0.0002802770832350492
0.0003187322105329373
-0.00022773820194681645
0.0005650689562988474
0.0010443852117438003
-0.0007065826925193817
-0.0010854633517321636
-0.0004846896573414479
-0.00023725212687329954
-0.0001288625748926737
0.002137083864068815
0.0014821389819314056
2.593134248557052e-06
-0.001669687534399522
0.001571887531254423
-0.0007621314336934472
0.00033109874038779073
0.0008665078391596298
-9.102388702803864e-05
0.00043083297950967907
0.00021497224450000763
0.0007891384000880628
-0.001526783664355019
4.298249752323454e-05
-0.001556341306159677
0.001236333757921719
0.000814283467786322
0.0017034155776760862
-0.00036855058105706784
0.0018277633627400106
0.0020996320233995377
-0.0003427890739255556
-0.0002415923636992657
-0.0001762875249642244
0.000499849035240836
0.0005541648975483952
0.0010887153842524889
-0.00016398075199320643
0.00013644226384236762
-0.0003952556179333554
-0.0008510339513453164
8.290009592552411e-05
0.0012361765029642558
-0.0004242565771885961
0.00028653897564120707
-2.193549401644886e-05
0.00020661886115959813
-0.000945267412055165
0.0004530405246025381
0.00044205154817505624
0.0011965734144768914
-0.000614283467786322
0.00024112059882687803
-0.00016352156751741606
-0.0015436476859933012
-0.0006735434259565033
-0.0001478180874652072
0.00012003742667987615
-4.1664700979698325e-05
0.001198652325014546
0.0008505621864729285
-0.00045915774244783083
0.0006131229262002486
-0.0009789231180512966
-0.0017465852085987012
-0.0013732053277979589
0.00013953704140523028
-0.00046494786998160114
-0.0005987246622949788
0.00011578210753093989
-9.734081866932009e-07
-0.00014665754587913388
0.0003721894607727509
-0.0003474312402698497
-0.0009089037756915288
0.0002554339450551178
-0.0007687927536915601
0.00027322891604157835
3.69376169583744e-05
0.001655459105848312
5.497476057932725e-05
0.0005988819172524416
-0.00025667940431822116
-0.00016870783601453043
-2.332562784041758e-05
9.767262662955462e-05
-0.0003608136371499112
0.00020127533770502128
0.0006590004874903682
0.00018170338569923418
0.0007653834662137727
0.00015152930446132347
0.0006587708952524729
0.0008365633501596139
0.00012645657404349652
-2.202041169347867e-05
-0.0004476246638675285
-0.001037179789592867
0.001478270509977827
0.0010191552263685113
0.0015527747637244264
0.0008302888773568587
-0.00010572408045163604
-0.00019423975090814737
0.00044669371451935017
-0.0009962589045619664
0.00025281093236464275
-0.0004692881068075671
0.00016468210910348932
0.0020182368574169305
-0.0007369140287147553
0.0004676683807457031
-0.0009712710918211698
-0.0010189979714110488
-0.00010456353886556261
0.0005007076473085814
0.0014604755389913669
-0.0009271705115503769
0.00022293878064506
0.0007304099636741049
-0.0010121196395716375
-0.00017767765878819343
0.0009117689610164962
0.00042101712506486757
-0.0005592662483684797
5.2109575254359994e-05
-0.0013321146074129985
-0.00025388655627368666
-0.000596331241842399
-0.00126705194131245
0.00126402950103002
1.2107059175040296e-05
-2.09322073878382e-05
0.0010150571621770376
0.00020823858722146215
-0.0014148275699391423
-0.0004276658646663835
0.0012106445880706394
0.0009003931373936563
-0.0008135821106760392
0.0009247645107011999
-4.6077275086096994e-05
-0.0006795883065213632
0.000995400292494221
-0.0006668097686779575
0.001991314808699344
0.0008463194477205896
0.0007485917818559232
0.0014785126826123195
0.0011998977842776495
0.0009723467157302134
-0.00020034438835684276
-0.0014828403390416884
0.000573205327797959
-0.0009308817285464926
-0.00045071944143039097
0.0011160242801654323
0.00020839584217892482
0.00048630938340331174
0.0019992090075639634
0.00048003491060055666
-0.0004025931342485572
0.0014836863707128368
0.0010333113176392884
-0.0016142111305058892
-0.001707441304587127
-0.0005910002987844192
-0.0011057366608482333
0.00133668443647686
0.0005373732131905459
-0.0006639571637495875
-0.0003206538661131291
0.00046983220896038746
0.00021729332767215476
0.00020971363872246057
7.276973156578757e-05
0.0012207875328269725
-8.615212844584918e-05
-0.0007862008774826626
0.000791072636064852
-0.00014665754587913404
-0.00037034014247299156
0.0018752606500919942
0.0003042616093472348
0.0013776902391847905
-0.00046743878850780775
0.00026178075513830565
0.00038875155289270477
0.0009913022283027473
-0.0008079366577031341
0.0005444213803840167
-5.9761601484486654e-05
-0.0016012155808211854
-0.0009582629617398689
0.0007998852038810526
1.1647874699250087e-05
0.0005992687644477994
0.0008596169269236214
0.0012435265996760547
-0.000806002421726345
0.00020120300042458865
0.0002066188611595979
-0.0018022912047302294
-0.000640202229875297
-0.0030491122957651243
0.0012135097733956064
0.000943647685993301
0.0003125426554072117
-1.2880753565756147e-05
-0.001657151169190609
-0.001244070701828875
6.587881932977949e-05
0.00037141576638203546
-0.000855748454970043
-0.0009165683823182529
-0.001300550392351119
0.0001343507729081159
-0.0007000786274787313
0.0006637999087921247
0.0006400449749178346
-0.0002710650878268937
0.0020526662578037773
0.00017551383057350887
-0.0007680190593008446
-0.0013608985548269408
0.0007718875312544229
0.0007796968124420123
0.0015901542671132708
-0.00013366199619443007
-0.0003638360774323411
-0.0003878206035445268
-0.0006267349153182053
0.0007181881083801167
0.00018286392728530774
0.0023013366671384315
-0.0004005865609913352
-0.0007245349184633047
-0.0003640656696702364
0.0003869619914767814
-0.0008467786321963801
-0.0008077070654652391
-0.00014813259738013251
0.00044646412228145486
0.0009657703134091302
-0.0008628689594439464
-0.000300465474674089
0.0010352455536160779
4.189429321759364e-05
-0.0005929219543646112
-0.00012467959302417015
-0.00029342988787721554
0.0011288625748926736
0.0003132314321208976
0.0013431885015175106
0.0004615511629004105
0.0002909515497476057
6.139390794294778e-05
-0.00020282272648645256
-0.0002343146042678995
-0.0016961503986413172
0.0007889811451306003
0.00023965812772247654
-0.0006485556132157066
-0.00015246025380950142
-0.000992849617084179
0.0008485556132157067
0.0008212467173027631
0.0008811356953027944
0.0010581544558192198
0.00032367630639555905
-0.00020073123555220076
-0.0005812442012234436
0.0005653834662137724
0.0008036813385541979
-7.29993238036827e-05
-0.0010825981664071961
0.0017277146137031972
0.0005783790158984764
-0.0008576103536663994
0.0005515293044613232
1.4355805066754624e-05
-0.0018743297007438164
0.0009393923668443652
-0.0012569939142331463
-0.00027609410136654564
-0.00015045368055227961
0.0003810869462659812
0.00016584265068956308
0.0003630623830416254
0.000836792942397509
-0.0011428016543221526
0.00010704187699517202
-0.0017167256372757152
-0.0002836014530358069
-0.001311539368778601
-0.0017171848217515057
-0.0011365271815193974
0.0006191552263685115
-0.0005325014546083567
-0.0022331666430784234
0.00031570977025050716
0.0003426318189680928
0.0006988457486122253
0.0007335047412369675
-0.0011578761145445108
0.00037032756207639443
-0.00023021654007642593
-0.0010505747668695256
0.0006045273702253464
0.0011440345331886587
-0.0015666163450802784
0.0018867088109952668
-0.0004296001006431727
0.00017412369674954027
0.00047122234278435633
0.0006449167335000237
-0.0007478180874652074
-0.0004352455536160779
0.00022108946234530042
0.0003693966127282161
0.0006614788256199776
-0.000908444591215738
0.0002128084162853235
-0.0009307968108694626
0.0013876759289836614
0.00031036624679593017
1.5898476199463383e-06
0.00032483684798163256
0.0016718513626142067
-0.000909520215124782
-0.00037041247975342436
0.0004555188627321477
0.0009950260256954603
-0.0017165683823182525
0.0018928260288405595
0.0001619741787359844
0.001046162192763127
0.0004957509710493624
-0.00018812253306285477
-0.0006845324023839852
-0.0004471528989951408
-0.0011885219606548097
-0.0006696749540029249
-0.0008481687660203489
0.0003386186724536492
-0.001289259486405309
0.0008101004859178187
0.00022209274897391147
0.0009807000990706234
0.00047331383371860815
-0.0011626755358462677
-0.0005891384000880627
0.0012624097749681558
-0.00041087418030853425
-0.000506812284757277
-0.0007189618027708324
0.000671609189979714
2.6807252598638074e-05
-0.0006045997075057792
-0.00022596122092749
-0.00014449371766444947
-0.0016441556195059051
0.0017065952729159789
0.00010108191410734233
0.0007861882970860654
-0.0024278357000204432
-0.00011864729285590725
0.0002317639288578573
-2.9799814439150577e-06
1.2965671242786118e-05
0.00019679042631818975
0.0010191552263685113
0.00011671305687911803
0.000844155619505905
-0.0007653834662137725
0.0006653472975735559
0.0010661933292447044
0.0005126149926876445
0.0004906370398326806
-0.0008450739884574861
0.00030495038606092055
0.0003337343334748627
-0.0007237612240725889
0.00026696702363542
-0.0006887877215329214
0.00016971112264314126
0.0011755987482505387
-0.00014836218961802763
-0.00032467959302417
0.0001997279489235898
6.401692063342304e-05
0.0007612854020222991
-0.0010511912063027788
-0.0001229026120048436
-0.00047895928669151297
-0.0003592662483684798
-0.00058008365963737
0.00034224497177273516
-0.00114210029721187
-5.5289270494252565e-05
0.0008067761161170609
-0.0007315705052601786
0.00037180261357739307
0.0003447956471827773
0.0006839159629507322
0.0007564859807205423
0.0004174505826296174
0.0015831060999198
-0.0007063531002814865
2.3784812316208166e-05
0.001173205327797959
-0.0005040194367127422
-0.00018541460269535002
-0.001915250585774717
0.0003265414917205265
-0.0003725763079681087
0.0014511912063027788
0.0010317639288578572
0.001335910742086144
0.0004924989385290373
-0.0005697111226431413
0.0004880140271422057
0.0005211256309855169
0.0011381469075812615
-0.0014579248635813247
0.0008790442043685428
0.00014201537953483984
-0.0010150571621770374
-0.0016122768945291
0.0011824896604865469
0.0005359830793665772
0.001047165479391738
0.0005307968108694627
-0.0002428252425657718
-0.0001515293044613231
0.0011186598732525045
0.00031764400622729614
-1.4428142347187472e-05
-0.0001647544463839224
0.0011657703134091305
-0.0005588070638926892
-0.00047927379660643815
-1.0487333113176445e-05
0.0013243776635058417
0.0015876759289836612
-0.00016042678995455319
-0.0011261546445251686
-0.0005102939095154975
-0.00044329700743815957
-0.0007732776650783919
-0.001973519837712884
0.0008425233130474441
0.0010846047396644181
0.0013531616109197842
-0.00044143510874180295
0.0010737855985909958
-0.0003822474878520546
0.00026494786998160105
0.00019044361623500174
0.000645073988457486
-0.0008979147992640472
0.0014608623861867248
0.0006525813401267475
-0.0010606327939488294
-0.0003318000974980736
0.0003113695334245412
0.00016429526190813164
-0.00043424226698746707
0.0007284033904168828
0.00033589816168954733
-4.398578415184531e-05
-0.00030062272963155164
0.0007348948750609365
-0.000752230661571606
2.7194099793996133e-05
0.0007164111273607901
-0.0010336981648346466
-0.000448168766020349
-0.002154407070182888
-0.0010994621880454781
-0.0009896825022408832
8.026450283845194e-05
-0.00015548269409193128
-0.0007550958468965736
-0.000542317309053168
-5.530656853957312e-06
0.0012460898554826942
0.0005083596735387084
-0.0007367567737572928
0.00143842524885597
-0.0007618169237785218
0.0016218757371326132
0.0005070418769951724
-0.000891580569577456
-0.0007748124734632259
-0.0013031859854381912
-0.0024170039785504243
0.0008814376248211224
-0.0015619018414555522
-0.0012334685725967514
-0.0009448805648598072
0.0007667736000377412
-0.0011584202166973314
-5.615574530987177e-06
-0.00022905599849035272
-0.000280893522668302
0.0017606689625890458
0.0014987010740513597
-0.0001766743721595823
0.0005150209935368213
0.00104677863219638
-0.00013466528282304096
0.0005899120944787787
0.0006076347281848062
0.0017021103615291475
0.0025985925681307103
0.0008759494268056801
0.00043129216398546963
0.0013497649038385934
-0.001395327955213788
-0.000774825053859823
0.0006674387885078077
-0.0011014813416992972
0.0004306033872717838
0.0005978786306238304
0.0013308817285464926
-0.0011067399474768442
0.0016518076457360316
-0.001130337626393672
3.361324715761662e-05
0.0008174505826296176
-0.0005766743721595823
-0.0008285968140145619
0.0011189618027708324
0.00018889622745357036
3.957321004544663e-05
-1.799468478243794e-05
-0.0008682124828985236
0.0013956424651287132
-0.0007372285386296803
0.0008135097733956064
0.0006935022251576484
0.0015262395622021986
0.00012235850985202316
0.0008466213772389175
0.0009765296975987169
0.0005696387853627086
0.0008588432325329058
0.0004398877199603718
0.00013102640310735803
-0.0003116840433394665
-0.0012020616124923337
0.000543333176078376
0.0013831060999198
0.0011024122910474753
0.0007495950684845339
-0.00029698384991586865
-0.0008076221477882089
-0.0008210171250648677
-0.0006087103520938497
1.1792549260115407e-05
-0.0006392712805271186
0.0004764809485619034
0.0005072714692330676
8.824361938010088e-05
-0.0013704973974304542
0.0007085169284961709
8.282775864509131e-05
-0.0003009246591498797
0.0005468148008365965
-0.00026209526505323083
0.0015350647104149962
-0.00018796527810539226
0.00017451054394489795
-0.0011382318252582911
-0.0007752842383356135
-0.0006230960356025226
0.0005477457501847747
0.00018316585680363582
-0.000563219637999088
-0.0004721532921325346
-0.0009314981679797457
-0.0007197354971615479
-0.0007017832712176253
0.0015766869525561794
-7.810067462376745e-05
0.0011215973958579046
4.370115267883992e-06
2.0617697472912775e-05
0.0019200625874730703
-8.221131921183808e-05
-0.0002709927505464609
-0.001593708229151924
-0.001494288499944961
-0.000676021764086113
-7.989023603969117e-05
0.0005487490368133855
-0.0006822836564922711
0.0019693368558443805
0.0003581906244594362
0.0012911088047050684
-0.000959967605478763
-0.0013492208016857733
-0.0004625544495290215
-0.0014316915915774248
0.0013106084194304225
1.0644588070638997e-05
-0.0005069695397147395
4.182195593716112e-05
0.0009923180953279552
-0.00010201286345552035
-0.0014470931421113051
0.0008005991413879323
-0.0002662656665251369
-1.9766948153039684e-06
0.0013886792156122723
0.001166242078281518
0.0011427890739255557
-0.0014737855985909958
-0.0011133886870783602
-0.0014880266075388028
0.0004607774685096947
0.001538087150697426
0.0003420877168152728
-0.0004220927489739114
0.00015478133698164828
-0.0015858863675677374
-0.0010372521268732999
0.0006775691528675444
-0.0002219354940164489
0.0005489062917708482
-0.00031849003789844474
0.000604370115267884
0.0005147788209023291
0.0004455331729332769
-0.00036097089210737366
-0.00027841518453869255
0.0005234467141576639
0.0004937318173955434
1.8151939739900547e-05
-0.000552919438285292
-0.0005327310468462519
0.0010796606438017958
-0.0006236401377553426
-0.0005341337610668179
0.0010523517478888524
0.00028692582283656494
-7.16815272601468e-05
0.0007550109292195435
-0.0008477819188249908
-0.0019142472991461059
0.0007226006824865154
0.0008141262128288594
-0.0007872041641112736
0.0011547939173782453
0.000499547105722508
-0.0009009372395464769
-0.0006073202182698813
-0.0006333962353163185
0.0004099432309603559
0.0016563774747998929
-0.0004942759195483639
-0.0002666525137204954
-0.0009266987466779891
-0.0007122281454922867
9.907534085012048e-05
-0.0003799264046799076
-0.0005421726344923025
-0.0011178735984651916
0.0006686716673743141
6.564922709188408e-05
-0.0001310264031073579
0.00039184633045556775
0.0002851488418172383
-0.00019253510716925345
-0.0005516865594187857
0.0008641144187070499
0.0005927646994071489
0.00023957321004544667
0.00021558868393326073
0.0015733625827554216
0.00016165966882105947
-0.000741713450016512
0.0002000424588385149
0.00011787359846519156
0.0005828639272853077
0.0007863455520435282
-0.0002528832696450755
-0.0005810146089855482
-5.404381123114906e-05
0.00026882892233177653
0.0001574892673491532
0.0001248368479816326
0.0002723828843704298
-0.0007630623830416257
0.0009142472991461055
0.0012075498105077766
-0.0013229875296818733
-0.00021535909169536558
-0.0011924627698888207
0.00024089100658898274
-0.0008945904294632887
-0.0005881225330628548
-5.265367740718034e-05
-0.0003087465207340661
0.0006771823056721865
0.0023272554292274065
0.000782791590004875
0.000712772247645107
-0.0006152867544149329
-0.0012712349231809533
-5.1106288625749015e-05
-0.00024592002012863444
-8.181189161988327e-05
-0.0015639933323898037
-0.00044043182211319216
0.0007582629617398691
0.0004182242770203332
-0.0004981443915019421
0.0005514569671808906
0.00048530609677470096
0.0002385699234168356
0.0006220927489739114
-0.0002754776619332925
-0.0004913383969429637
0.0014819093896935103
0.00016174458649808918
-0.0012749461401770693
0.0005207387837901592
-0.0010643440109449453
-6.712427859288277e-05
-0.0013763850230378515
0.00042596122092748966
-0.0011003208001132236
0.0007829488449623375
9.304304068185751e-05
-0.00013118365806482057
0.0010637999087921247
-0.0005677768866663523
0.00017635986224465717
-0.0010648031954207358
0.00048375870799326946
0.0006213190545831959
0.0009990391722099038
-0.0006209322073878381
0.0002963674104826154
0.0012323080310106776
0.0003425594816876604
0.00014982466072242928
-8.986334544196521e-05
0.0013421002972118696
-0.0010588432325329055
0.0013165683823182525
0.0012515057162177038
7.707065465238684e-06
-0.00023153433661996203
0.0006523391674922549
-0.0011254658678114828
-0.0009186472928559071
-0.00016561305845166772
0.0019420279599314369
0.0008188407164535863
-0.0002234105455174476
3.973046500290923e-05
-0.0003797691497224449
-0.0024311600698212013
0.0008005865609913352
-0.000354551744743753
0.0011451101570977029
0.00047825792958123024
0.00017041247975342416
-0.0010852337594942682
-0.000685306096774701
0.0012542859838656417
-0.001387046909153811
0.0006848343319023133
-0.0005464279536412386
-0.000326384236763064
-0.0012550596782563569
5.1795065339434785e-05
-0.0002963674104826154
-0.0008607774685096949
-0.00015817804406283896
0.0009802409145948327
0.0008872403327514901
-7.532040697582993e-05
-0.00042495793429887877
-0.0014555314431287446
-0.0004511786259061817
-0.00020653394348256829
-0.0002726124766083253
-0.0018275935273859509
0.0007484345268984604
0.0010479391737824536
0.0005198927521190106
-0.00042388231038983524
-0.0008198565834787944
0.0008599314368385463
-0.0007603544526741206
-0.00044677863219637993
-0.0014177650925445422
-0.00038317843720023285
-0.0011568004906354673
3.826013115063381e-06
0.0015661697410010852
0.00032785928826406264
0.0007447233099023446
-0.00047052098567407333
-0.0012145130600242173
-0.0012798178987592584
-0.0013516991398153826
-0.0010884857920145934
0.001183964711987546
0.0007241480712679471
-7.235300592851055e-06
0.0010853910144517304
-0.0011569577455929302
0.00018379487663348594
-0.0010063892689217032
0.00024901479769149726
-0.00023742196222735943
-2.054536019248014e-05
-0.001279588306521363
-0.0007346652828230408
-0.0008614788256199776
-1.2336651412935912e-05
0.00028128036986365995
0.00073605541664701
0.0013005503923511188
-0.0005308817285464926
0.0013875910113066315
0.0005430186661634506
-4.112059882687806e-05
-0.0003548536742620812
0.0003878929408249595
0.0005478180874652072
-0.0003184177006180121
0.001297842461983614
-3.6687581576008556e-06
-0.001734750200500071
4.6149612366529746e-05
0.0002128084162853234
0.0005594235033259424
-0.00043879951565473085
0.0005362126716044721
-0.0008184538692582286
0.00029566605337233263
0.001163606485194446
-0.0008266625780377725
-0.00012777437058703292
-9.00206003994276e-05
-0.0006545155761035368
-0.0010962950732021825
0.0006843028101460899
0.0002670393609158529
-0.0003356685694516521
-0.00014023839851551312
0.0003503687628752496
-0.00035423723482882796
0.00038163104841880147
-0.0020419068736141906
0.001157888694941108
0.0011156374329700743
0.001089561415923637
0.0001670755295560693
0.0007872890817883035
0.00037721847431240285
0.0011557972040068566
-0.0010316915915774246
-0.0003809296913085187
-0.0010165322136780363
-0.0008395857904420439
0.00042564671101256454
-0.000780470506832728
-0.0014172209903917223
0.000534665282823041
0.0007709565819062446
-0.0012808211853878697
0.0014405167397902221
0.0010433693447185924
-0.0016182368574169299
0.0006377962290261199
-0.0011063531002814863
0.0010444575490242331
-0.0006378811467031499
-0.0005555550313723638
0.00036344923023698324
0.0026388970137283577
-0.0007086741834536335
0.00020143259266248376
0.0014625670299256185
0.000903487914956519
-0.00041969932852133166
-0.00019214825997389571
0.0016955339592080643
0.0003346652828230412
0.00015052601783271217
-0.0006151294994574703
-0.0014014451730590808
0.0014485681936123038
0.001110136654558035
-0.0003218269880957998
0.0008274362724284884
-0.00019492852762183322
0.0010860923715620139
0.0021326712899624165
5.110628862574907e-05
-0.0002462345300435598
0.0013178861788617888
0.0011766869525561797
-0.0006193848186064066
0.0009583478794168987
-0.0008767231211963958
0.00013303297636457973
-0.00013188501517510335
-0.0006446022235850984
0.00017373684955418237
-0.0012407463320281173
0.0002820540642543758
0.0011345929455426082
-0.0002650327876586311
0.00021025774087528125
0.0007748973911402557
0.0005354389772137567
-0.0006972260225503611
-0.0006510339513453162
-0.00043346857259675127
0.0002684420751364189
0.0008914956519004263
-0.00028430281014608987
1.2723498608293703e-05
0.0014952917865735718
-0.0005259250522872735
-0.0005021701184129828
0.0015651538739758772
0.0006499457470396753
0.00021783742982497533
-0.0004997641175638061
-0.0008036813385541979
0.0005564136434401097
0.0005069695397147396
0.0010006714786683652
-0.001695908226006825
0.0014798902360396912
-0.0006570662515135789
-0.00013721595823308315
-0.0008017471025774088
0.0007466575458791339
-6.588982717679895e-07
-0.0009619018414555521
-0.0017537057130726048
0.00019949835668569443
0.0002873975877089526
0.0004539714739507162
-6.772813762953868e-05
-0.00044878520545360193
-0.000980785016747653
0.0016775817332641415
-0.0001393074491673352
-0.00017133084870500563
0.0012502602569546006
0.00040252079696812427
-0.00032492176565866254
-0.0005359830793665772
0.0017956424651287136
0.00021048733311317653
-0.00013682911103772536
-0.00043246528596814027
-0.0005006227296315517
-0.0004367929423975091
-0.0011817159660958312
0.0003801559969178029
-0.0017245474988599016
0.0003543944897862905
-0.00046541963485398883
0.0009916167382176722
0.0010278231196238464
-0.00039021402399710666
7.145193502225154e-05
-0.0020177650925445427
0.0009793099652466546
0.0015362252520010698
0.00045126354358321146
0.00018998443175921115
-0.0006904923652718152
-0.0015600525231557927
-0.0017139453696277777
0.000364524854146027
-0.0008921120913336795
0.0008528109323646428
-0.0017434180937554058
3.9258700130521364e-05
0.0003453397493355977
0.0017716579390165278
0.0004344718592253622
-4.978849208221282e-05
-0.00026688210595839036
0.0009915318205406427
-0.001211031435265997
0.0016710776682234906
0.00038340802943812816
7.872969445361757e-05
0.0011560991335251842
0.0001399238886005879
-0.0008023635420106618
2.7895456904278975e-05
0.0009014813416992971
0.0005413989401015869
0.00038317843720023296
0.0008166045509584689
0.0004895614159236369
0.0009696387853627087
0.001758662389331824
-0.00048701074051359474
-0.00015307669324275436
0.00018402446887138125
0.0002301316223993961
0.0008905647025522482
-0.0011596656759604344
-0.0005964035791228318
0.0012643440109449452
-0.000379382302527087
0.00045706625151357923
-0.0009239184790300515
-0.00029729835983079356
-0.00021544400937239562
0.0018478668365020207
-4.359893695648763e-05
-0.00019981286660061956
0.00022293878064505972
0.0019483747700146249
-0.0013490635467283108
-0.0005112248588636758
-0.0009140177069082103
-0.0009599676054787628
-0.0006510339513453163
0.00048228365649227104
-0.0015073563869100971
-0.0017369989463917848
0.00020669119844003085
-0.00011671305687911797
0.0002820540642543757
2.642040540328023e-05
-0.0016539840543473134
5.079177871082386e-05
0.0012682124828985238
0.002454915003695492
0.00046526237989652616
-0.001614211130505889
-0.0010726973942853549
0.00045365696403579117
0.00012297494928527612
0.0008129782516393832
-0.00042642040540328034
-0.0018409035869855798
-0.0003898995140821814
0.0006179946847824378
-0.0005665440077998462
0.0003427890739255555
4.59200201286345e-05
0.0017407101633879008
0.000443139752480697
0.0008682848201789562
0.0022038511739082577
0.0004880863644226385
0.00016158733154062683
-0.0019373008759101136
8.870280385589135e-05
-0.0012910364674246359
-0.0002967542576779732
-0.00127594942680568
0.00023076064222924642
0.0012324652859681403
-0.0004429101602428018
-0.0006481687660203488
-0.0010959082260068248
-0.001393865484109387
0.0012682124828985236
0.0009562563884826469
-0.0008056155745309874
-0.0008708354955889984
0.0002395732100454465
0.00011470648362189634
-0.00038666006195845344
6.58788193297794e-05
0.00020530106461606195
-0.0007539353053105
0.0004926561934864999
0.00013821924486169426
-0.0002523391674922551
0.0019308093912660596
0.0009889088078501676
-0.0002866113129216399
0.0004932726329197529
0.0009443364627069869
0.0010795033888443334
0.0004549747605793273
-0.0015394647041247975
1.6047868409051538e-05
0.0010531254422795678
0.00023950087276501403
-0.00020097340818669315
0.00020414052302998852
-0.0005793099652466544
-0.0008861647088424464
-0.0003725763079681087
0.00022371247503577554
-0.0017651664543724744
-0.0005325014546083565
0.0001482049346605651
-0.0001195782422040855
-0.0012407463320281175
-0.00037544149329307616
0.0004884008743375634
-0.002585512100768977
0.0009429463288830181
-0.0009093629601673194
-0.0005738941045116448
-6.819990250192633e-05
0.0015637637401519082
-7.60091836895157e-05
-0.0001345080278655784
0.0006925838562060671
-0.0008966095831171079
0.0006324652859681403
-0.0004231809532795522
-0.001004382695664481
0.0012516503907785694
-0.0006405041593936249
-7.934613388687077e-05
0.0010408186693085502
0.0002502602569546006
-0.00046503278765863085
0.0007919186677360006
-0.0009320422701325661
-0.0014720809548521019
-0.0016156861820068877
-7.934613388687088e-05
-0.0003017832712176251
-0.00029388907235300594
0.0008486405308927365
-0.0005581906244594363
0.0008336258275542137
0.00039578713968957884
0.001070992750546461
-0.0007185749555754746
0.0004822836564922708
-0.001165540721171235
8.986334544196516e-05
-5.1795065339434785e-05
0.0019072840496296647
-0.0007677045493859196
0.0003501391706373546
1.899797141104871e-05
0.001635874573445928
0.00033273104684625193
-0.00011701498639744596
5.0404931515466014e-05
-0.0011846534887012313
-0.0003010095768269094
-0.0011416411127360792
0.0007793823025270872
-0.001129104747527166
-0.002073942853548458
0.0018382679938985075
0.00037102891918667727
0.001004697205579406
-0.0007424022267301976
-0.0005728782374864367
0.0013447233099023448
0.0003677768866663522
5.412872890817872e-05
0.0007870469091538112
0.0009824047428095171
0.0015049629664575178
-0.00039037127895456906
0.000741628532339482
0.0006314619993395293
0.0013527747637244265
-1.2808416285323405e-05
2.28664433646271e-05
-0.0005536207953955749
0.0008982293091789719
0.00029675425767797334
0.001323072447358903
0.0012284521394536963
0.00012677108395842184
-4.978849208221293e-05
0.0002025931342485573
0.00024259565032787647
0.0008005865609913352
0.0006669670236354203
0.00014959506848453397
0.0014224072588888365
-1.62900410435439e-05
-0.000309520215124782
-0.0009475161579468797
-0.0010082511676180591
-2.8971080813322645e-05
-0.0005420877168152724
0.0006082511676180593
9.225676589454474e-05
-0.00033892060197197735
9.559371609189984e-05
-0.0002906496202292778
0.0004389567706121936
0.00032274535704738085
-0.0006251875265367743
-0.00012985328112468758
0.001017220990391722
-0.0014629538771209762
0.0005092057052098568
-0.00015857747165479405
0.0002098708936799233
0.00025984651916151667
-0.0010428378229623688
-0.0008951345316161094
-0.0008993898507650453
-0.0012786573571731848
-0.0012750184774575019
0.0009314132503027159
0.0008019766948153041
-1.8453869258228417e-05
0.00022480067934141636
0.0007044912015851298
0.0002965970027205106
3.493104370115276e-05
-0.00043834033117894045
-0.0016672091962699127
0.0002888600588133541
-0.0008933575505967825
0.001150610935509742
0.0009198927521190108
0.0009335896589139972
-0.0003264691544400937
0.0014723105470899971
0.0007354389772137567
-0.0003393923668443651
3.377050211507923e-05
0.0005675472944284567
3.7536758346307473e-06
0.0013935509741944616
0.0006521944929313898
-0.002141641112736079
0.0008265053230803102
-5.179506533943457e-05
2.0230850277554983e-05
0.0002699045462408202
0.000645073988457486
0.0008733138337186081
5.38865562736864e-05
-0.0005302527087166422
0.0009178861788617887
0.0016559906276045354
-1.4972244500007897e-05
-0.0019317403406142381
0.0003877356858674971
0.00036784922394678484
-0.00023300938812096048
0.0006135821106760392
-0.0005164834646412226
-7.183878221760938e-05
-0.0017354515576103538
-0.00011454922866443357
-0.0008524964224497177
0.00020498655470113685
-0.0022765784466355307
0.0010135097733956063
0.001639198943246686
0.0020274488528250856
-0.0002822113192118385
0.0013790803730087593
-0.0005773757292698653
0.00022758094698935378
9.845890141686728e-05
0.00022735135475145845
-0.0010303737950338886
-0.001020315767954585
-0.000353922724913903
0.001775526410970106
-0.0011506109355097422
-8.863046657545896e-05
0.0005748973911402556
-0.0012362614206412861
-0.0008360915852872263
0.0003034029972794893
0.001372117123492318
-0.0008610196411441871
-0.0014925838562060668
0.00109026277303392
-0.0001669308549952037
0.0003845685710242016
0.00023788114670314974
-0.0002842178924690601
-0.0017971898539101447
-0.0007338915884323255
-0.00026557688981145125
0.0008271217625135631
-0.0018395134531616112
0.0010252724442138042
0.0008773395606296488
-0.002323773804469186
0.000496911512635436
-0.0003358258244091147
-0.00016491170134138471
-0.000262626786809454
-0.00022564671101256474
0.000481896809296913
0.000256679404318221
-0.00019555754745168353
0.0005172571590319385
-0.0014695302794420595
-0.0006890173137708166
5.760249091852873e-06
0.0010377238917456874
-0.000867668380745703
-3.826013115063434e-06
-0.002452593920523345
-0.0003085892657766036
0.0001371310405560534
-0.0004218631567360162
-0.0006323929486877073
-0.000918115771099684
0.00012569546004937806
0.0009850403358965894
0.0011925476875658508
-0.0009056643235678005
-0.00012677108395842162
-6.070513122926218e-05
-0.000647781918824991
-0.001134363353304713
-0.00011810319070308697
4.7467408910065725e-05
-0.0013989668349294714
-3.5475145853972836e-05
7.384535547483118e-05
0.0010127360790048903
0.000853125442279568
0.0010080089949835668
-0.00034874903681338565
-0.0007135459420358226
0.00011609661744586499
-0.001078657357173185
0.0005179585161422215
-0.0004275086097089211
0.002136612099196427
-0.001203681338554198
0.0005667736000377413
-6.487553270116839e-05
-0.0005923778522117908
0.00016491170134138482
-0.0006051563900551966
-0.0005428739916025853
-8.927363935147888e-06
0.0011634492302369831
-0.0010685269928134486
0.00013930744916733508
0.0009515293044613231
0.0015133163497979276
0.00046835715745938904
-0.0014471654793917377
-0.0004810507776257648
-0.0008253447814942368
0.00041497224450000786
0.0005466575458791338
-0.0004683571574593889
-0.0002982167287823747
0.0004980720542215093
-0.000505494488213741
0.0014283672217766667
-0.0005295639320029565
0.0001809296913085187
0.00046626566652513743
0.002089646333600667
0.000610257740875281
0.001129406677045494
0.0008506471041499582
-0.0017579610322215407
0.000816834143196364
0.000891580569577456
0.0003251513578965578
0.00011261499268764445
-0.0008432970074381596
0.000232150776053215
-0.00017683162711704497
0.0009550235096161408
-0.0004119623846141749
0.00043571731848846543
0.0011971898539101446
-0.000851735308455599
0.001025659291409162
-0.0004230960356025225
-0.0016382805742951047
-0.0004238697299932381
0.0014043103583840483
-0.00013079681086946245
0.000926082307244736
0.0005544668270667233
0.00010510764101838306
0.0007597380132408676
-2.508216571527241e-06
0.00019787863062383033
0.002088957556886981
0.0008348587064207202
-0.0003355962321712193
0.00030565174317120344
0.00041404129515182976
-0.0007437923605541666
-0.0003652985485367426
-0.00024236605808998122
0.0019637763205485057
0.000554551744743753
-0.00028622446572628194
0.0010590004874903682
0.0013101492349546322
-0.0012617933355349026
0.0009574892673491532
0.0003285480649777485
0.0003215124781808748
-0.0008721532921325345
-0.00012939409664889688
-0.0005093629601673193
0.0010015175103395134
-0.00046680976867795754
0.00045985909955811345
1.1647874699249818e-05
0.0010626393672060511
0.0008808211853878693
-0.00019191866773600032
-0.0001826217546508153
-0.00034147127738201946
0.000859774181881084
0.00023299680772436362
0.0010420641285716532
-3.1377081662499525e-05
0.0017093032032834837
-0.00011161170605903338
-0.0016543709015426713
-0.0010860074538849838
-0.00022587630325045997
-0.0006550470978597601
-0.0004263480681228475
-0.001371500684059065
-0.0008196993285213318
-0.00021419855010929216
-0.00011136953342454127
-5.304052460253818e-05
-0.0008067761161170606
0.0003229026120048437
-0.00027509081473793464
-0.0001816310484188016
0.0008343995219449294
0.0007640656696702362
-0.0009523879165290686
0.00013760280542844116
0.0011235316318346938
0.0009782343413376109
0.0014821389819314054
0.001888328537057131
-0.0011033432403956536
-0.0002463792046044252
0.00013296063908414696
8.777185450771322e-05
-5.0103001997137954e-05
-2.7508609708921183e-05
0.0009501391706373543
-0.0002547451683414322
-1.3038008523218967e-05
0.0003140051265116133
0.0005581057067824063
0.0007006227296315517
-0.0002063892689217028
0.00045451557610353674
-7.229796669340007e-05
-0.0011869745718733782
0.0002822113192118382
0.0005153229230551495
0.0007901416867166738
-0.00032916450441100164
0.00040027205107641005
0.001109834725039707
-0.0008042977779874512
-0.0012681275652214935
-0.0017674026198675914
0.0001878929408249596
-0.0011143919737069711
-0.001582417323206114
-0.0006877844349043104
-5.722350647104163e-05
-0.00012012234435690578
0.00041722099039172213
-0.0006290559984903524
0.0001752842383356136
0.001107900489062918
0.0018946030098598863
-0.0001318000974980736
0.00016111556666823898
0.0007988095799720087
-0.0009137031969932852
0.0007261546445251686
-0.000730108034155777
-0.0006573807614285042
0.0008721532921325345
-0.0005166407195986855
-0.0011249217656586626
0.002147987922819267
0.0010111886902234592
9.241402085200746e-05
-0.0014470208048308726
-0.00048291267632212114
-0.00036700319227563635
0.0008940463273104685
-0.0012400449749178347
0.00022316837288295502
7.501847745750184e-05
0.00018974225912471893
-0.0007561840512022144
-3.8485005739805836e-05
0.00016190184145555199
0.00042239467849223937
-0.001132429117327924
-0.0006552043528172224
0.0013160242801654324
-0.00030132408674183475
-0.00039006934943624106
0.0003574043496721233
0.0013879055212215564
-0.0010711500055039236
0.0002118774669371452
-0.000596331241842399
-0.0006306033872717837
0.0005865028070009908
-0.00015509584689657344
0.0012206302778695098
-0.000448398358258244
-0.0005818606406566968
-0.0005817033856992342
0.0003906008711924642
-0.000590141686716674
-0.00032376122407258914
0.0006909515497476057
-0.0018638848264691545
0.0007239184790300515
0.0006871679954710572
-0.0003513720495038608
0.00025806953814218976
0.0006483983582582443
0.0001304099636741047
5.22668302118225e-05
0.0007248368479816327
-0.00017760532150776055
0.0009223710902486202
0.0015855844380494096
0.00032235850985202314
-0.0004155163466528285
-0.0008200861757166895
3.957321004544676e-05
-4.0733751631520165e-05
0.00020297998144391504
0.0014037662562312277
-0.00018038558915569802
0.0006047695428598387
0.0014094117092041329
0.00043849758613640296
0.0005719598685348556
0.0006235678004749102
0.0006715368526992813
-0.00014572659653095565
0.0004344718592253621
-0.0010930430406818575
-0.0008432246701577268
-0.0011111525215832428
0.0003525451714865313
-0.0005697960403201712
0.0010024484596876917
-0.00034185812457737734
0.0015017109339371924
0.0007598826878017328
-0.0014747039675425768
0.0008873126700319229
0.0008688289223317765
-0.0011074413045871272
0.0007002358824361938
-7.238288437043e-05
0.00014959506848453402
0.00017481247346322573
-0.000801674765296976
0.0005164834646412228
-0.0008274362724284885
-0.001251106288625749
-0.00031725715903193876
0.00010410435438977224
0.00039756412070890553
-0.0007889811451306004
-0.0011200500070764731
-0.001477037631111321
0.0004867685678791024
0.00012793162554449543
0.0006690585145696719
-0.0014605478762717995
-0.0007449654825368371
0.001274015190828891
0.0015665440077998456
3.4386941548332253e-05
0.00015903665613058442
0.000798350395496218
-0.0011171848217515058
-0.00039253510716925357
-0.0017055070686103379
0.0006417496186567283
-0.0006543583211460741
0.00024855561321570664
-0.000986430469720558
-0.0009602695349970908
-0.0011276296960261673
3.5160635939047945e-05
-0.0009309540658269253
-0.0010244987498230882
0.00037118617414414015
0.0007452674120551651
0.0004997766979604033
-0.000599039172209904
0.0011103788271925271
0.0005056517431712036
0.0004716091899797142
0.0013040320171093397
-0.001845473416049441
0.00017164535861993038
-0.000963836077432341
-0.00025698133383654916
0.0002136544479564714
0.0006364060952021512
-0.0001662294978849207
-0.0012323929486877073
0.00015052601783271228
-0.0012092544542466701
-0.0011520010693337106
0.0010631834693588715
0.0011258527150068407
0.0009556399490493939
0.00042318095327955203
-0.0006362614206412859
0.0003572596751112577
-0.00022270918840716454
3.7022534635404374e-05
-0.00028429022974949263
0.0008874699249893852
-0.00010804516362378332
-9.943230960355995e-06
-0.00032770203330660024
0.0004683571574593889
-0.0003290921671305688
0.00029002060039942754
-0.0009591215738076143
-0.0006909515497476058
-0.0009839521315909484
0.0008203157679545848
-0.0012437687723105472
-0.0003808573540280859
0.0007362126716044723
0.0005051925586954131
0.00024521866301835144
0.0003807000990706233
0.0004911088047050683
-0.0018998616156374333
0.0001257677973298109
0.0002131952634806813
-0.0008225645138462991
0.0004489424604110645
0.00034766083250774456
-0.0006880140271422056
0.0005253809501344529
0.0012314619993395296
0.0009593511660455098
0.00040901228161217774
-0.00036375115975531124
-0.00035741693006872044
2.6654715289899e-06
-0.0008162177037631113
-0.0013652387916529068
-2.4715761664386353e-05
-0.0006479391737824535
-0.0013523879165290686
-0.00014324825840134612
-0.0010182368574169303
-0.0002738453554748313
-0.00010712679467220226
-1.1562957022220114e-05
-0.0009999701215580822
-0.000641435108741803
0.0002436712742369204
-0.00019756412070890547
0.0004830573508829868
0.0011264691544400941
-0.002291895079492381
-0.0007776902391847904
0.0013954852101712505
-4.7781918824991015e-05
-0.0021377726407825004
-0.00014650029092167126
-0.0010789592866915132
0.00018031325187526544
-7.284206884622037e-05
0.0009241480712679467
0.001630229120473023
-0.00017079932694878216
0.0008668946863549877
0.0012384975861364032
0.0014256592914091617
-0.0002792737966064383
0.001534677863219638
9.327263291975278e-05
0.0021103788271925276
-0.00044530358069538146
0.0005325737918887892
-0.0006114182824613548
-0.0005322592819738642
0.00025265367740718024
0.0009213552232234122
9.698384991586866e-05
-0.0004153590916953657
0.0002359343303297637
0.00040623201396424027
-0.0011939378213898196
0.00020909719928920788
0.0007101366545580349
-0.00042418423990816314
0.000905808998128666
-0.000670605903351103
0.00011354594203582272
-0.0017796244751615796
0.00073962195908226
-0.0005834803667185607
-0.0006895614159236372
-0.0009322718623704614
0.0005738941045116448
0.001886020034281581
-0.00187007438159488
-0.00047579217184821757
0.0016061722570804048
-0.00040700570835495596
-0.0007647670267805192
-0.0014326351213222001
-0.0003140051265116133
0.0004052287273356294
3.229545061408069e-05
-0.0003151656680976868
-0.000515080750420657
-7.609410136654567e-05
0.0004398877199603718
-0.0003878206035445268
0.0008986161563743297
0.0005435627683162712
0.0013539353053104999
0.0018480964287399164
0.00011300183988300235
0.0008638722460725574
1.0559670393609119e-05
-0.00017403877907251023
0.00029234168357157445
-0.0011448082275793748
0.0012839159629507322
0.0018430674152002642
-0.0003029438128036986
-0.0001355113144941894
-9.280086804736509e-05
-1.2880753565756201e-05
-0.00017458288122533072
0.0008769527134342911
-0.0003712585114245724
0.0003121432278152568
-3.81830762214778e-05
5.1637810381972235e-05
0.0006094840464845654
-0.0006512635435832116
-0.0002876995172272805
0.0010819817269739432
0.0008418942932175936
-0.00022696450755610055
-0.00021017282319825133
2.1234136906165963e-05
-6.874400465474683e-05
-0.0008876271799468479
-0.0004241842399081633
0.0009533912031576795
-0.0005581906244594363
-4.6464122281455036e-05
-0.0005550109292195437
-0.0004842178924690604
-0.0007650689562988474
0.0021681763142583073
-6.364265383466216e-05
1.6362378323976642e-05
-0.00038611595980563295
0.0012764809485619035
-0.0007328159645232817
0.0004897186708810997
0.00020011479611894772
0.0005255382050919155
0.00018387979431051576
-0.0003140051265116133
0.000813280181157711
0.0003790803730087593
0.00020964130144202804
-0.0010083235048984917
0.0006920397540532466
0.0013335047412369678
0.0015478180874652075
-0.0006867811482756998
-5.615574530987123e-06
0.0001347376201034737
-0.0003888962274535704
0.0006719236998946393
0.001208952524728342
-4.6221949646962545e-05
0.0006659637370068092
-0.0009840370492679783
-0.0007578037772640781
-0.0015870594895504085
0.0006723828843704299
-0.0010979997169410767
0.0010299869478385306
0.00024692330675724555
0.0014460049378056644
0.00048027708323504904
-0.0002182242770203332
-0.00011191363557736156
-4.622194964696252e-05
0.000739307449167335
5.001808432010822e-05
5.9689264204054045e-05
-0.000569796040320171
-0.0014768080388734258
-0.0010458476828482017
0.00016190184145555204
-8.553568901259626e-05
0.0002891619883316821
0.000307815571385888
-0.0005673177021905618
0.0017033432403956536
0.00026348539887719954
-0.00019555754745168344
0.0009135459420358226
-0.0013896825022408834
-0.0005988819172524416
0.0005567879102388703
-0.00043617650296425584
-0.00016228868865090967
-0.0003242927458288121
-0.0007102939095154973
8.398830023116474e-05
0.0004079366577031342
0.001004382695664481
0.001457066251513579
-0.0006023635420106619
-0.0013422575521693323
-0.0011516142221383529
-0.0008205453601924799
-0.0005497523234419963
0.000761816923778522
0.00023818307622147774
0.0003489786290512808
-0.0008377238917456871
0.0007119985532543914
0.0006358619930493307
2.8584233617964745e-05
-0.0008648881130977657
-0.00035548269409193135
0.00010433394662766751
-6.665251372049485e-05
0.000351614222138353
0.0007301803714362096
-0.0005531616109197843
0.00023695019735497168
0.0003097498073626772
0.0005773631488732683
-0.0009991240898869337
-0.0004060747590067776
0.0009789231180512966
-0.0001320296897359689
0.0005126149926876448
-1.086159991193722e-05
0.00011717224135490889
7.4648928307466425e-06
0.0004806639304304068
0.0015718875312544227
-0.0004194571558868395
-0.0013288751552892708
-0.0013781494236605807
-0.001462107845449828
-0.0003700256325580662
-5.216146939032153e-06
-0.0005170275667940432
-0.0005379896526237988
-0.0004188407164535862
-0.00014472330990234465
-0.0002946627667437215
-0.0017896101649604508
0.00019401015867025203
0.0001484345268984604
0.002052509002846315
-0.00010943529744775204
0.000412651161327861
-0.0015109229293453477
-0.0008070906260319857
-0.001922685600163545
-0.0012526662578037772
0.0017825745781635768
0.0006644163482253779
-0.001346972055794059
0.00020545831957352462
-0.0003812442012234435
-0.001230531049991351
-0.0010087952697708795
-0.000524377663505842
-0.0010124341494865629
0.00034990957839945927
-0.00010727146923306763
-0.0003560991335251844
-3.5015961378182354e-05
-0.0005085892657766036
0.0015544070701828876
-0.0007095925524052146
-0.0005341211806702205
-0.0009671604472330991
0.0014470208048308721
-0.0006708354955889987
-0.0010931153779622906
-0.0005095202151247819
0.00035021150791778705
-0.001116181535122895
-0.00013009545375917988
0.0001624333632117752
0.0012024484596876918
-0.0009144768913840009
0.0008373370445503294
-0.000514391973706971
-0.0007615149942601941
0.0012273639351480558
-0.0004035240835967354
-0.002086406881476939
-0.00043137708166249934
0.00012228617257159041
0.0011598229309178973
0.0006467660517997829
-0.000366157160604488
-0.001490964130144203
-2.564671101256481e-05
0.0004887877215329213
-0.00043571731848846543
-0.0006944331745058262
-0.0003089037756915287
-0.00035664323567800486
-0.0008928134484439624
0.0006606202135522322
-0.0003800836596373702
0.0001401534808384834
0.000433855419792109
0.0010444575490242331
0.0009497523234419966
-0.0005463430359642086
-0.00299565504552531
0.001201360255382051
-0.0004564498120803258
-8.244091144973347e-05
-0.0007753691560126436
-0.0013010944945039396
0.00016429526190813167
-0.0009540076425909327
0.0006036813385541979
-2.8354641380069775e-05
-6.774071802613567e-05
-0.0014693730244845968
-0.0014569939142331462
-0.0011976490383859353
0.00046828482017895624
-7.918887892940838e-05
-0.0003267710839584218
0.0007576465223066158
0.0011680913965812774
0.0004950496139390795
-0.001675332987372427
0.0006870830777940276
-0.000496524665440078
0.0014191552263685112
-0.0018880266075388032
0.00044723781667217077
-0.00022766586466638366
-0.0008542010661886117
-0.0009271705115503766
0.0008214763095406584
0.0008852337594942683
-0.0009404679907534086
-0.001306739947476844
5.365696403579127e-05
9.350222515764825e-05
-0.0005284033904168828
0.00046325580663930427
-0.00024723781667217057
9.923259580758292e-05
0.00045342737179789597
-0.0011564136434401098
-0.00014440879998741976
-0.0013561840512022142
-3.299680772436359e-05
-0.00019176141277853787
-2.0158512997122188e-05
0.0003553254391344688
7.292698652325034e-05
0.00018178830337626394
-0.0013824896604865467
-0.0006439857841518456
0.0009711861741441399
-0.0005112248588636755
-0.000638110738941045
0.0014962950732021827
0.001269300687204164
0.00042047302291204757
0.0005523879165290687
0.0018423786384865785
-0.00048592253620795403
-0.0003279316255444954
0.00015578462361025934
-0.00028522117909767094
0.0011335896589139973
0.0004942759195483637
-0.001428524476734129
-0.0010733987513956377
-0.0008058451667688825
-0.0008282823040996366
0.0002144281423471878
-0.0001926923621267161
0.0008015175103395136
0.0016759494268056801
0.0017804830872293251
0.0007199650893994435
-0.00024089100658898258
-0.00020088849050966306
0.0012277507823434135
0.0004907942947901432
-0.00198906606280763
0.0016328521331634978
0.00017180261357739325
0.001817535500306647
0.0014207875328269724
5.342737179789576e-05
-0.000792777279803746
0.0004913383969429634
-0.00036468210910348955
-0.00041489990721957517
-0.0011175716689468635
0.00021899797141104884
0.0026098834740765206
-0.00022425657718859587
0.0005682360711421426
-0.0003670031922756364
0.0006832146058404489
0.0018314745797361263
0.0003929219543646112
0.0008700618011982827
-4.623453004355942e-05
-0.0005845685710242016
0.0002817395543394506
0.000497298359830794
-0.0006110314352659966
0.002100248462832791
-4.9014797691497344e-05
0.0007451101570977025
0.0005820178956141593
0.000634786369140287
-0.0019176565866238938
-0.0018653598779701534
-0.0012459200201286342
0.001010342658552311
-0.0013085169284961708
-0.00042766586466638366
0.0007122281454922866
0.0009310264031073579
-0.0008330817254013933
0.00039772137566636815
0.0010582267930996524
-0.00020948404648456534
-0.000629515182966143
0.00045868597757544303
0.0008069333710745232
-0.0013838074570300834
0.000262010347376201
-0.0017356811498482492
0.00019988520388105238
0.00019585947697001155
-0.001012119639571637
0.0009882074507398845
0.0012689861772892392
0.0002669670236354201
0.0004488575427340346
-0.00034851944457549034
-0.0005500668333569217
-0.0009052648959758456
-0.00034588385148841825
-9.943230960355888e-06
0.0002627117044864841
0.00029032252991775543
0.0015879055212215565
0.0021475161579468795
-0.0002901778553568902
-0.0008832271862370462
-0.0005647670267805193
0.00033559623217121933
-9.943230960355995e-06
-0.0015742935321035995
4.7697001147961074e-05
3.443883568430196e-07
0.0005373008759101131
1.7909767105407913e-05
-0.0010999339529178657
-0.0002791165416489755
3.5547483134405736e-05
-0.00012413549087134974
-0.0005775329842273276
0.0002543583211460741
0.0016894890786432043
-0.000924377663505842
-0.000593695648755327
0.0006043826956644809
-0.00018363762167602314
0.0008144407227437848
0.0008825981664071959
-0.0001805428441131608
-0.00029327263291975287
-0.0001294790143259266
0.0013027142205658034
-0.0010016747652969759
-0.000544880564859807
0.0013516268025349498
-0.00026503278765863076
0.00043950087276501385
0.0010215612272176883
-0.0016412904341809376
-0.0007193486499661902
-0.0010316192542969916
-0.0009795395574845498
-0.0004754776619332924
-0.000315165668097687
0.00035184381437624825
-0.0019320548505291628
-0.00028034942051548197
-0.00023060338727178367
-0.0006958233083297951
-0.000410028148637386
0.0018781981726973946
0.0008152018367379035
0.00042472834206098374
0.0003245349184633046
-0.0004077794027456715
0.0016979273796606438
-0.0010144407227437847
-0.000881594879778585
0.0016441556195059051
-0.000537687723105471
0.0008404318221131921
0.0009585051343743613
-8.782689374282622e-06
-0.0005659999056470257
0.0008347863691402871
-0.000659000487490368
-0.0013126275730842418
0.00027532040697582973
-0.0015440345331886587
0.00047934613388687084
0.0018820666446509725
0.0009003931373936564
-0.0017144045541035683
-0.0013328159645232816
0.0003351244672988315
-0.0013932490446761337
-1.1562957022220168e-05
-0.0013421726344923024
-0.00021598811152521573
-0.0008053136450126592
0.0008253447814942365
0.0007626755358462676
-0.00031919139500872774
-0.0009211256309855169
-0.0001466575458791337
0.00032390589863345447
0.00019230551493135852
-0.00016344923023698331
2.232234121180684e-05
-0.000990069349436241
0.0005552531018540361
-0.0006642590932679153
-0.0007189618027708323
-0.0012604032017109342
-0.0004749335597804721
0.000283286943120882
-0.000372189460772751
0.0012978424619836141
0.0018517353084555991
0.0007239908163104843
0.00045582079225047574
-0.0007653834662137725
-6.0462958594769546e-05
-0.0017487616172099827
-0.0007203519365948011
0.0002559057099275055
-0.0006763236936044408
0.0004220927489739113
0.00034217263449230236
-0.0006501030019971378
-0.0009697111226431409
0.0008870830777940276
0.00018101460898554828
0.0009269283389158844
0.0016156012643298578
0.0012291409161673823
0.0006431397524806968
-0.00037426837131040547
0.00010000629019829847
0.0024596295073202185
0.0007524602538095012
0.00034495290214024005
-0.00022889874353289
0.0008453035806953816
-0.00011013665455803507
-0.0008754776619332925
0.0006332389803588561
-0.0011959443946470414
-0.0013334324039565347
-0.0023584327970939283
-0.0003174144139894011
0.0007014687613026999
-0.0012953641238540045
-0.0012518076457360319
-9.497727665864694e-05
0.0014536695444323884
0.0005387633470145145
-0.0012123492318095329
0.0009081300813008129
-0.0002757072541711879
-9.295812300482765e-05
0.00026680976867795756
-0.0003547813369816484
0.000521040713308487
0.0017649966190184144
0.0008770250507147239
0.0004996194430029407
0.0007261546445251688
-0.0015818732210532939
-0.00024236605808998155
0.0006152867544149329
0.00010146876130270012
-0.0004748612225000394
0.0001086616030570363
0.0007040320171093394
-6.712427859288256e-05
0.0005242204085483793
0.0012721532921325348
-0.0007723467157302135
0.0009888238901731377
-0.0002970561871963013
0.0008421364658520861
0.0005202795993143684
-0.000804684625182809
0.00011353336163922559
0.00039601673192747394
-0.0007126149926876447
0.0007872765013917065
0.00035238791652906874
-0.000810729505747669
0.0002551320155367899
-0.00029473510402415454
-0.00035571228632982666
0.0001338066707552956
-0.0008080089949835668
0.0006148999072195751
-0.00015478133698164828
0.0007721171234923182
0.0011969476812756523
-0.00032119796826594963
0.00012320454152317146
0.0005126149926876445
0.002027291597867623
0.001106510355238949
-0.0012737855985909957
0.0006824409114497333
-1.5359091695365822e-05
0.00015362079539557496
-0.0008798902360396914
0.0015044314447012945
0.00012189932537623266
6.735387083077818e-05
0.0017284883080939128
-0.0005537057130726048
-0.0010842304728656573
0.0008125064867669955
-4.9014797691497216e-05
-0.0010630985516818419
0.0010993898507650453
0.0006846047396644179
-0.0015293343397650614
-0.0010342422669874667
-0.0002907942947901433
7.338617099904071e-05
0.0007072840496296649
0.00021141828246135474
0.00019841015238005374
6.920790677926246e-06
-0.0010326099605290056
-0.0009257677973298108
0.0005979509679042631
-0.0003854995203723797
0.0004605478762717995
0.00043447185922536216
0.0013198927521190108
0.002043768772310547
0.0001159393624884025
-4.738249123303605e-05
0.0006062320139642403
0.0003659275683665929
0.00018309351952320305
0.0015312685757418504
9.450551178625924e-05
0.002599281344844396
-0.0007217420704187698
-0.000290951549747606
-0.0003161689547262978
-0.0010285968140145618
0.00020120300042458843
-1.6978817757229888e-05
0.0009106084194304227
-0.0001916041578210752
0.0008517950653394348
9.9849035240836e-05
-0.0012562925571228632
-0.0012897186708810996
0.00025938733468572605
0.0005752842383356136
0.00016204651601641742
-0.0011763724426412543
0.0013817883033762637
0.0001218993253762324
0.0003201946816373386
-0.0001126873299680773
0.000589440329606391
0.00021528675441493295
0.0014925838562060668
-7.834284725826011e-05
0.0005190341400512652
0.001981414036577503
-4.228114041295157e-05
0.00024173703826013113
-0.000840044974917834
-0.0003639084147127738
0.0005834080294381283
-0.0007988819172524415
-0.0006140538755484265
0.00016870783601453026
0.000578536270855939
-0.0008655768898114515
-0.0015562563884826469
0.00016506895629884744
7.04486483936406e-05
0.0008484706955386768
0.000637808809422717
-0.00023980280228334206
0.0004917252441383216
0.0006531977795600006
-0.0014045399506219434
0.0010173782453491848
0.0005068122847572772
0.00020391093079209324
-0.00045149313582110677
0.0003038747621518769
0.0007166407195986857
-0.0003466575458791339
0.00070155367897973
-0.0005246072557437376
7.191111949804228e-05
0.00010804516362378318
1.0487333113176338e-05
0.0012773395606296488
0.0008916529068578889
9.559371609189972e-05
-0.00022309603560252244
0.0012724678020474597
-0.0003153952603355821
8.599487348838666e-05
0.0019538629680300673
0.0008854633517321635
-0.0004959805632872576
-0.00020746489283074638
-0.0004497884920822127
-0.0007365271815193974
0.0005791527102891921
0.0012538991366702835
0.001370110550235096
0.0009810146089855485
0.0005702552247959617
0.00016592756836659268
-0.0005508405277476374
-0.00027006180119828284
-0.000437494299507792
-0.0008957509710493624
-0.000879660643801796
0.0005241480712679467
0.0013455819219700903
-0.0019339041688289224
-0.00018889622745357036
-0.0012282823040996368
0.0004319211838153198
0.00020111808274755872
0.0010650327876586309
-0.0007930792093220739
0.0012251151892563412
0.00016167224921765668
-6.835715745938895e-05
-0.0013941674136277147
5.875831485587572e-05
-0.0003143919737069711
0.0009554103568114986
-0.0005397666336431257
-0.0011598229309178977
0.00023934361780755153
-0.001753705713072605
-0.0004124215690899657
-0.0011704124797534243
-0.0006145853973046502
-0.0016987734113317924
0.0017130144202795992
0.0002939739900300359
-0.0009517714770958155
-0.00027238288437042975
-0.0002993049330880156
-0.00018115928354641388
0.0007725763079681088
0.0010781855923007973
0.0002716091899797143
0.00016948153040524612
0.0013504536805522794
0.0005108380116683178
-0.0009432608387979432
0.0013489062917708483
0.00012243084713245566
0.0006512635435832116
0.0009777751568618201
-0.0013574169300687204
0.0016697598716799544
0.00015942350332594275
-0.0002836014530358073
0.0004760941013665455
0.00023927128052711854
0.00018541460269534986
0.002087639760343445
0.0010870956581906246
-0.0005940101586702521
-0.001362216351370477
-0.0006672815335503451
0.00037714613703197
-0.001414899907219575
0.00016259061816923767
0.0002070906260319858
0.00036978345992357426
-0.000364138006950669
0.0009560991335251845
-0.0006263480681228477
0.0008511912063027786
-0.0005171124844710732
0.0010223349216084037
-0.0003656979761286975
-0.0008518076457360318
0.001747286565708984
0.0003905285339120317
-9.466276674372131e-05
0.00029760028934912183
0.0008211617996257333
-0.0004939739900300358
0.0009412416851441242
3.222311333364782e-05
-7.85174002610438e-06
-1.1103772546429583e-05
0.0006959082260068249
-0.0006243414948656257
-0.0014591577424478309
0.00015346354043811234
0.0010446148039816958
-0.00048444748470695534
-0.00017590067776886677
0.0021780047490997157
-0.0010652749602931234
0.0010854633517321636
-0.0012880140271422057
-0.0008136544479564719
-0.000195714802409146
0.0007031010677611615
-0.0004504898491924958
9.079429479014334e-05
0.0016257442090861914
-0.0006415074460222361
0.0021115519491751978
4.669371451935006e-05
-0.0012740875281093236
-0.0003079728263433505
0.0008418942932175936
-0.0024274488528250853
-0.0018914233146199934
0.0009452674120551652
4.375619191395007e-05
-0.0004313770816624995
0.00013667185608026293
-0.0010458476828482017
4.25956503278767e-05
-0.0009902266043937036
0.0004913383969429635
0.0012316915915774245
-0.0004744743753046816
0.0013249217656586627
-0.0019656256388482646
0.0009291770848075986
-0.0008230960356025225
0.00019145948326020992
-0.0025663269959585477
0.00035261750876696394
-0.0009872890817883033
0.0009759730150492995
0.0010424509757670111
-0.0002816672170590178
-0.000958964318850152
0.0006514931358211068
-0.00012351905143809656
0.00042402698495070073
-4.669371451935006e-05
-0.00018154613074177178
0.0001934660565174319
0.001043913446871413
0.00022061769747291275
-0.0012156012643298583
-0.0001252236951769905
-0.0010460049378056646
0.0009862732147630955
-1.4325926624837864e-06
0.0017037300875910114
0.00016089855482694096
0.0017692645185639479
9.272853076693236e-05
-0.0011876633485870642
-0.0007560142158481545
-0.00026077746850969487
0.00017690396439747774
-0.0009220565803336951
0.0005968753439952196
0.00021574593889072365
0.0013228302747244109
0.0003341211806702208
-0.0002368652796779418
-0.0004039109307920936
0.0007434055133588086
0.0008529681873221055
0.001272080954852102
0.0005096051328018116
0.000933976506109355
0.00046805522794106093
0.0012165322136780368
-0.0003710289191866772
-0.00014549700429306034
-6.781305530656848e-05
0.0007013964240222671
-0.0013048780487804879
-0.0012661209919642717
-0.0002730716610841155
-1.3352518438143803e-05
0.0003504536805522793
0.0009508405277476371
-0.0010500306647167055
-0.0005222861725715904
-9.527920617697476e-05
-0.00032901982985013615
0.0003743532889874353
-0.0005596530955638377
0.0005083596735387084
-0.0013730480728404966
0.0005036451699139816
-3.7638974068657515e-05
0.001399124089886934
-3.570473809186834e-05
-0.0002815099621015552
-0.0002166768882389017
-0.0013004780550706862
0.0014726250570049222
-0.00038170338569923427
0.0011072840496296644
0.0015952556179333556
-0.0013074413045871271
0.0008740875281093237
0.0006678256357031655
-0.0005943246685851772
-0.0011387633470145149
-0.0012006714786683649
0.0001929219543646114
-0.001866665094117092
-8.258558601059877e-05
-9.868849365476263e-05
0.0008678979729835986
0.0011680913965812774
-0.001679044204368543
-0.00044785425610542373
-2.3482882797880346e-05
9.20271736566495e-05
0.00011949332452705558
-0.0002160604488056488
-1.2030004245885204e-06
0.0006154440093723955
0.0003918463304555677
-1.2965671242785905e-05
-0.00033025270871664235
4.683838908021565e-05
-0.0004880140271422057
0.0001407699202717364
0.0004911811419855011
-0.00021852620653866096
0.0007642229246276988
-0.0008697598716799548
-0.00020150492994291624
-0.000592692362126716
0.0003297935242408517
0.0005879778585019895
0.0003481200169835355
-0.000764537434542624
0.0010473950716296332
0.0006874699249893854
-0.0013670881099526664
-0.0007475161579468793
0.0012996194430029407
0.0010774118979100817
-0.000309749807362677
0.00077714613703197
-0.0007546240820241859
-0.000909749807362677
2.432891446902872e-05
-0.0008005865609913354
0.0008990030035696877
0.0013509977827050998
-0.002160681542985643
-9.559371609189972e-05
0.00103540280857354
0.0014960654809642875
0.0011915318205406426
0.0006272790174710257
-0.00012413549087134982
-0.0001795395574845496
-0.00034526741205516523
0.0015114670314981683
-0.00043649101287918145
-0.0005598103505213002
0.0004832146058404492
-5.891556981333822e-05
0.0014016747652969763
8.754226226981795e-05
-0.00028112311490619744
0.0008036090012737652
0.00010834709314211109
-0.0020810633580223615
-0.00011609661744586521
0.002204153103426586
-0.0006179223475020051
0.0002789592866915129
-0.00025527669009765526
0.001455059678256357
-0.0008362488402446885
-0.0007670881099526664
0.0006176078375870801
0.0004869258228365647
0.0005733500023588244
0.0009773033919894328
-0.0011380022330203963
0.0005012391690648049
0.001245388498372411
-0.00188493182997594
0.0012347140318598542
0.0013933213819565665
-0.0005601971977166582
0.00014108443018666172
-0.0005474312402698496
0.0018276784450629807
-0.0014277507823434136
8.12080325832272e-05
0.0009548662546586783
-0.0004383403311789404
0.00042070261514994266
0.00034108443018666175
-0.00041404129515182976
-0.001172733562925571
-0.001896537245836675
-0.00042240725888883655
-0.0009218993253762327
0.000413582110676039
0.0011386186724536493
-0.0009219842430532621
0.00013528172225629398
-0.0006706059033511032
0.00028267050368762877
-0.00024143510874180315
-0.002794107656743879
-0.00145273859508421
0.0002131952634806813
-0.000467970310264031
0.0008633407243163343
-0.0002548175056218647
0.00040383859351166034
-0.0007102215722350647
-0.00043153433661996196
0.001155023509616141
-0.000955639949049394
0.0014151420798540675
0.00025536160777468514
0.00043431460426789954
-0.0009119136355773614
0.000729104747527166
1.884071645358621e-05
-9.90753408501202e-05
0.00013102640310735797
0.0006490997153685272
-0.0016979997169410768
8.189680929691313e-05
-0.0002307606422292461
-0.000482598166407196
0.0016127486594014876
-0.00016220377097387985
-3.2944913588400544e-06
-0.0002965246654400782
0.0008553616077746852
0.0009545517447437533
5.91750404931521e-06
0.00051045116447296
0.0002702190561557452
-0.0009099919799971694
-3.1836266138290054e-05
-0.0003123854004497492
0.0007102939095154974
-0.00019137456558318013
-0.00016429526190813164
0.0006866238933182368
0.00032197166265666527
-0.0013247645107012
-0.0003151656680976868
-0.0007489062917708483
-0.000949293138966206
0.001313860451950748
4.986554701137129e-06
0.0006862370461228792
0.0001633643125599535
0.000499849035240836
0.00049613781824472
0.0005848107436586938
-0.0005418581245773773
0.0015495227312041012
-0.0009041043543897721
-0.0003465852085987011
-1.2264314132503331e-05
-0.0006038385935116607
0.0014108018430281015
0.00042657766036074295
0.0006263480681228476
-0.0008866962305986695
0.0006438285291943828
-0.0001923778522117909
0.0002856929439700589
-0.002480132408674184
-0.0002478542561054236
-0.00028499158685977574
0.000719119057728295
-0.001135681149848249
-2.1778239058986308e-05
-0.0005246072557437371
-9.922001541098571e-05
0.0012742447830667862
-0.0013440345331886588
0.00014743124026984962
-0.0001472739853123871
-0.00037296315516346647
-0.0009569451651963328
-0.0015209809564246516
-0.0005284033904168828
0.0005799264046799075
0.00042402698495070073
0.00036274787312670024
-0.00010139642402226743
-0.0008610919784246199
-0.0009464279536412386
-8.244091144973347e-05
-0.0009683933260996052
-0.00047447437530468144
0.001604769542859839
-0.00018402446887138133
-0.000726771083958422
0.0011595084210029724
-0.0009754414932930762
0.0009809422717051157
0.0003817033856992342
-0.0005689374282524258
0.0004016621849003791
0.0011531616109197846
-0.0005394647041247976
0.0019414838577786163
0.0005787658630938342
-0.000687627179946848
-0.00025481750562186475
-0.0003178012611847591
-0.0009937805664323568
-0.0007932364642795366
0.0006071629633124185
0.0009926200248462833
0.0010214039722602256
7.748423519051429e-05
0.00028089352266830246
0.0004912660596625309
-0.0007992687644477991
-0.0002526536774071803
0.0005394647041247974
-0.00021613278608608152
0.0004706782406315359
-0.000803681338554198
-0.0015500794137535186
0.0013428739916025855
-0.0012755625796103222
0.00047261247660832515
0.0008661209919642717
0.0006273513547514586
1.0457454671258342e-06
0.0010889449764903837
-0.0007536207953955749
0.00028778443490431034
-0.000842523313047444
-0.0005580333695019736
0.0008932002956393202
0.002183807457030083
-0.0005218993253762328
-0.0005970325989526822
-0.0009621314336934473
0.000400042458838515
-0.00026457360318284047
0.0009347502005000708
-0.0012727823119623846
0.000686237046122879
-0.0007172571590319385
-0.0013459687691654483
0.0003167130568791181
0.0005356685694516518
0.0004919548363762168
0.0010908068751867405
0.0008117202119796827
-2.0303187557987508e-05
-0.0009518438143762485
-5.4502995706939616e-05
0.0004080089949835668
0.0005249941029390952
-0.000907900489062918
-0.0006466937145193502
-0.0004656492270918841
-0.0007545517447437531
-0.0014082511676180589
0.0005710289191866774
0.0026337233256278404
-0.0004818244720164803
-0.0005488213740938183
0.00020127533770502117
-0.00012019468163733864
0.0001257677973298109
0.00037312041012092914
-0.00010007862747873135
0.0010164472960010064
-1.9614410844302114e-05
0.001851118869022346
0.0009092182856064539
0.00022147630954065832
0.00024614961236652975
-4.847069553867674e-05
8.576528125049153e-05
0.0004623248572911263
-0.0025519413124498757
0.0016401298925948643
-0.0011732776650783916
0.000744179207749524
0.0005272428488308095
-0.00018355270399899364
7.36157632369361e-05
0.0010979997169410767
-0.0002258888836470572
-0.00010294381280369857
-0.00021729332767215492
0.0005885942979352425
0.00020808133226399945
-0.0002799625733201239
-0.0010118051296567126
0.0004918101618153513
0.0011136308597128526
-0.0007455693415734932
5.301064616061831e-06
-0.0009777625764652233
0.0010105722507902063
-0.0003824770800899498
0.0009126999103646743
0.000292184428614112
-2.8354641380069613e-05
-0.0009972621911905773
-0.0016429950779198316
-0.00022402698495070067
0.0005800836596373701
0.0006067761161170605
-0.000518732210532937
0.0003954726297746538
0.00032615464452516864
-0.00040143259266248383
0.0013039596798289069
0.00245869855797204
0.0010388844333317608
-0.0016118900473337423
-0.0012802047459546163
-0.000787663348587064
-8.986334544196521e-05
-0.0005198801717224136
0.0003273151861112422
-0.0015180434338192513
0.0008306883049488136
-0.0011438772782311965
0.0008389693510087907
0.0005573320123916908
-0.0007085892657766037
-0.0006073925555503139
-0.002163074963438223
0.00035068327279017463
0.0010429950779198317
-0.0005245349184633044
-3.0990234467141516e-05
-0.0002068484533974934
-0.000623954647670268
0.0003280888805019578
-8.956141592363712e-05
0.0011400088062776179
-0.0007758283404884338
0.0004901055180764576
-0.0011308817285464923
-1.945715588683925e-05
-0.00046858674969728407
0.00032336179648063403
0.0016310751521441712
0.001057453098708937
0.001805313645012659
-0.0005936233114748945
0.0007123854004497494
-0.0002648031954207357
0.0005413140224245569
0.0012600163545155763
-0.0005335047412369675
-0.00040932679152710287
0.001688256199776698
0.0020593149974052934
-0.0001724190530106462
-0.00035446682706672316
-0.0010148999072195752
-1.875579877655629e-05
0.000671609189979714
-0.00011331634979792753
0.00029969178028337344
0.0004736157632369363
0.00035168655941878585
-0.00016746237675142704
0.0005738941045116448
-0.0016224921765658664
0.0003346652828230411
0.0020228790237612243
0.0018315469170165587
0.00028189680929691313
0.000172104543095721
-0.0003770612193549401
0.000976831627117045
-5.6666823921624106e-05
0.0003749697284206883
0.0010568366592756838
-0.00044127785378434076
-0.0014029925618405123
-0.000970871664229215
-0.0012138966205909641
-0.0006152144171345002
0.00035362079539557456
0.000340310735795946
0.0017426443993646902
-0.0022139092009875617
-0.0007129295026025699
0.0003675472944284569
-0.00037025522479596163
0.0007894529100029882
-0.0006518799830164645
-0.00014634303596420872
0.0006215486468210912
-0.0005090484502523943
-0.0005840244688713812
-0.00031896180277083254
0.0010587708952524725
-0.0007155525152930447
0.00020127533770502117
-0.00031145445110157104
-0.0004023635420106618
-0.00015044110015568235
0.0004983016464594047
0.00031849003789844474
3.5861993049331054e-05
0.0008351008790552123
0.00083788114670315
-0.00045256875973015035
0.0004943608372253936
-0.0013912298910223146
0.0010760217640861129
-0.00044359893695648773
-0.0003652985485367425
0.0009188894654903997
-0.0013713560094981995
-0.0006182242770203331
0.0005130867575600322
-0.00038024091459483276
-6.913085185010454e-05
-0.0015223710902486202
0.0001836376216760234
0.0001457989338113882
-0.0010124341494865629
0.0010270494252331303
-0.0010532826972370305
-0.00017312041012092902
0.0009848830809391267
0.0007427890739255554
0.0009130867575600321
-0.0005949411080184304
0.0003935383937978645
-0.00016839332609960527
-0.000366157160604488
0.0005301803714362095
0.001833553490273781
0.0001775204038307307
-0.00041249390637039827
9.943230960356156e-06
-0.000815903193848186
-0.001055446525451715
0.00021938481860640663
8.630938340331176e-05
-0.0007188768850938026
-0.0006371074523124342
6.959003632589522e-05
5.71385887940116e-05
-0.0010545155761035366
0.0006090971992892077
-0.001334750200500071
0.00018441131606673913
-8.096585994873483e-05
0.000510838011668318
0.0005424745640106306
-0.0012381956566180751
-0.0002481687660203489
0.00028119545218663013
-2.4099322231133216e-05
6.0161029076441784e-05
0.0016111163529430267
0.00023462911418282466
-0.0012030648991209446
-0.0010283672217766668
0.00013846141749618673
-0.00037938230252708725
0.0006343146042678996
0.0004298296928810681
0.0006878567721847432
0.001030216540076426
-0.0012718513626142065
0.000698845748612225
-0.0006022062870531993
-0.0005150084131402242
0.0002788020317340505
0.0006771099683917536
-0.0008005865609913352
0.0008015175103395135
0.00030774323410545526
0.00019075812614992695
-0.00022928559072824773
0.0004829850136025538
-0.00044592002012863453
0.0005127722476451069
0.0002955213788114669
-0.0014842304728656574
0.0004275086097089211
0.0005942397509081474
0.0006088676070513123
-0.00010394709943230963
0.0007229026120048435
0.00016019719771665812
-0.0002142834677863221
0.0002970687675928986
0.0010019043575348714
-0.0008672815335503453
0.0004182242770203333
-0.0004561353021654009
0.0010887877215329216
0.0003547813369816484
0.0026835416961519714
0.0003173294963123713
-0.00040375367583463074
-4.855561321570669e-05
0.00012886257489267355
0.0005349797927379662
-0.001128403390416883
-0.0001338915884323253
-0.001633940337469139
0.0004678130553065685
-0.0007704848170338569
-0.00023377050211507904
3.7481719111194856e-05
-0.0005648393640609521
-0.001487167995471057
0.001848568193612304
0.0012591577424478308
0.0017870594895504084
0.00015648598072054234
0.0014555188627321475
-0.0009220565803336953
-0.0003091333679294241
-0.0013438049409507636
-0.0015383041625387243
0.0003142347187495084
0.0005725763079681087
0.0015215250585774718
9.822930917897188e-05
0.0008634853988771998
0.0006842178924690601
-0.0019476734129043418
-0.0008015898476199462
-0.0003019405261750878
0.00024452988630466573
4.2752905285339036e-05
0.00041094651758896684
0.0014518076457360322
0.0017471293107515218
-8.893239609378686e-05
-8.553097136387222e-06
-0.00040939912880753583
0.0018730119042002801
0.001056449812080326
-0.00019431208818858017
-0.0006543583211460742
-0.0012994747684420753
0.0007350521300183989
0.0004709927505464611
0.0004269645075561009
-0.001368635498734098
0.00040111808274755865
-0.0006522668302118224
-0.0013468997185136263
-0.0002699045462408204
0.0009348225377805037
0.00071871963013634
-5.589312953090863e-05
-0.000525066440219528
0.0007047207938230252
7.694013303769411e-05
-0.0010107295057476687
0.0004155163466528284
0.0008457627651711719
-0.0001544668270667233
0.0009295639320029565
0.00011346102435879287
-2.7266437074428658e-05
0.00043260996052900576
-0.0013540925602679623
-0.0009875910113066315
0.0025202921797109657
-0.0009033306599990566
-0.00024639178500102235
0.00022023085027755504
0.00022596122092748957
-0.0005283184727398531
-0.0002791888789294083
-0.00021590319384818626
7.106508782689375e-05
-0.002563848657828938
-0.0010709927505464611
0.0005423298894497648
7.438945762765174e-05
-0.000327387523391675
-0.0011542498152254251
0.0002166768882389019
0.0008077794027456716
-0.000413267600761114
0.0006001997137959774
0.0009455819219700904
-0.0003867323992388861
-0.0013995109370822918
0.0016566070670377886
-0.00042843955905709936
0.0002418219559371611
0.00014115676746709462
0.0017109229293453478
-0.0012135097733956067
-0.0004580695381421899
-3.802582126401549e-05
0.00028947649824660727
-0.0006477819188249911
-6.0076111399411836e-05
-0.0004936594801151107
-0.0011684782437766349
-7.72546429526191e-05
0.0008251875265367742
-0.00019779371294680067
-0.0007078155713858878
-0.00016870783601453053
-0.00090449120158513
-0.0015609834725039708
0.0004035964208771682
0.0005031010677611613
-0.001207634728184806
-0.00027895928669151304
-0.0008626393672060513
0.0012706184837477004
0.000872310547089997
-0.00010542215093330827
-0.00103485870642072
-0.0007717302762969604
-0.0011946265981035054
-0.00044120551650390786
0.0010648031954207356
0.0020340975924266016
0.0010891022314478461
-0.0009859712852447677
0.00023176392885785726
-0.00011423471874950856
-0.000442136465852086
9.691151263543606e-05
0.0004515780534981366
0.0017512399553395923
0.0013023273733704457
-6.974729128335782e-05
-0.0012343271846644967
-0.00028994826311899485
-0.0007504536805522795
9.504961393907936e-05
0.0016658913997263764
0.00037087166422921497
0.0018436115173530846
0.001094977276658647
-0.0012697598716799546
-0.0009793823025270871
0.0004894764982466071
0.00010858926577660371
-0.0012907219575097103
0.001907211712349232
-0.0003785362708559389
0.0008378685663065528
0.0005789231180512965
-0.0004327672154864684
0.0006897060904845026
-0.0012330093881209607
-0.00011671305687911808
0.00022727901747102592
0.0002885455488984289
0.00010556682549417365
-0.0002699045462408203
-0.0004945055117862591
0.001254443238823104
0.00024909971536852713
-0.00012638423676306404
0.0002838310452737023
-0.0015215973958579044
0.00012429274582881236
0.0007428614112059884
0.001295291786573572
0.0013092182856064539
0.00016081363714991117
0.0012294428456857101
-0.0008214039722602257
0.0006227941060841945
0.0005042616093472347
-0.000892583856206067
0.0006188407164535863
-0.0007292494220880314
-0.00047083549558899846
-0.0014887153842524888
-0.00026503278765863087
-0.0006822113192118381
0.0007723467157302136
-0.0014416772813762957
0.000559882687801733
6.874400465474683e-05
-0.00037698888207450743
0.0021391627746064697
-0.0004651177053356607
0.0006135097733956064
-3.0832979509679074e-05
0.0014788146121306476
-0.0003640656696702362
-0.0011130867575600322
0.00010108191410734222
-0.0008329244704439307
0.0004940463273104684
0.0012361041656838235
-3.856992341683586e-05
-0.0007790080357283264
0.0005193486499661902
-5.75977732698024e-05
-7.934613388687061e-05
0.0002935022251576481
0.0008709078328694311
-0.00018782060354452667
-0.0006472378166721704
-0.0002017471025774088
-0.001959049236527182
0.0015952556179333554
-0.0009868173169159157
-0.0014518925634130616
-0.0008808211853878695
-0.0009691796008869178
0.00031687031183658056
-0.0004983016464594047
0.0010345567769023919
-4.2897579846204654e-05
-0.0012042254407070184
0.0009427167366451231
0.00021388404019436727
0.0004455331729332766
-0.0012870107405135948
-0.0012058577471654795
-0.001843539180072652
-0.0002438285291943828
-0.00013134091302228302
-0.0014784277649352896
0.0014679828906606282
-0.00014611344372631352
0.00014588385148841827
0.00034750357755028243
-0.0010640295010300197
-0.00036932427544778354
-8.615212844584929e-05
0.0004875422622698179
-0.00025775502822726506
-2.206287053199154e-06
0.0013120834709314212
0.0013903712789545694
0.0012881712820996683
0.0007257677973298108
-0.0007212828859429795
-0.0006768677957572611
-6.271170448648403e-05
-0.0006282823040996367
0.002719675740277713
0.0004672815335503453
0.000564222924627699
6.394458335299031e-05
-0.0004476970011479612
-0.0017720447862118853
0.0013174993316664308
0.0006056155745309872
8.824361938010108e-05
-5.427340346904422e-05
0.0005429463288830179
0.0003659999056470256
0.00033659951879983033
0.00034743124026984947
0.0002394285354845813
0.000517099904074476
0.0006165196332814391
0.0006960654809642875
-8.397571983456788e-05
-0.0003513720495038606
0.00038666006195845317
0.001135052130018399
-0.002874958720573666
-0.0013763724426412547
0.0007208237014671889
-0.0007961016496045036
-3.786856630655291e-05
-0.0012509490336682864
0.0003172571590319386
0.00034440879998741956
-0.0019716579390165272
0.0018420641285716534
0.001073543425956503
0.0008012030004245885
0.0008200012580396595
0.0008801198282775864
0.0012465490399584849
0.00043246528596814027
0.0005636788224748782
0.0004974556147882564
-0.0002459200201286346
-0.0005810146089855485
-0.0016311600698212013
-2.665471528990115e-06
0.0003974917834284727
0.00017396644179207748
-0.000751299712223428
4.978849208221282e-05
0.00020336682863927294
-0.00013373433347486287
0.0004900206003994276
0.0005484345268984605
-0.0007513846299004578
0.0011455095846896574
0.00027415986538975644
-0.0008721532921325345
-0.0010909515497476057
0.0007520010693337108
0.0007753565756160464
0.00018827978802031742
-0.0005285606453743455
-0.00016390841471277396
5.984651916151646e-05
-0.001700864902266044
0.0017618295041751198
0.00022712176251356316
0.0006832146058404488
0.00013009545375917972
0.0013713434291016025
0.0005308817285464924
-0.0008357896557688983
-0.0007450378198172697
0.0020656618074884813
-0.0006421364658520859
-0.0001796118947649824
-0.00031942098724662305
-0.0004986161563743298
8.499158685977571e-05
-0.00029883316821562804
0.00044537591797581426
0.0005257677973298109
-0.0011848830809391266
-0.00024136277146137044
0.0003171848217515058
-0.001990154267113271
-0.00033707128367221797
-0.00011384787155415083
0.0001927646994071488
-5.530656853957204e-06
6.874400465474662e-05
0.0006106445880706391
0.0012663505842021672
-0.001057682690946832
0.0005276296960261673
-0.00023238036829111036
0.0007302527087166419
0.0013094478778443491
0.000736212671604472
0.0005331902313220424
0.00199989778427765
-0.0007961016496045037
0.0007948561903414006
-0.0013101492349546322
0.0004305310499913511
-0.0011235316318346938
0.00014286141120598827
-0.001059000487490368
-0.0004090971992892076
9.930493308801566e-05
-0.00024127785378434064
0.00017853627085593864
6.232485729112627e-05
-0.0012207026151499426
-0.0017318126778946708
0.0004548175056218647
-7.864477677658777e-05
0.0009219842430532625
-0.0010839159629507321
0.00024785425610542364
-0.00020382601311506347
0.000329019829850136
0.0005923055149313584
0.0013212105486625466
-0.0009789231180512964
-0.0002945055117862591
0.001978162004057178
0.00026155116290041045
0.0013414838577786169
0.0001101366545580351
0.0017341337610668178
0.0012047695428598387
2.014593260052528e-05
0.00047516315201836737
0.0008496438175213475
-0.0006596169269236213
-0.0012839159629507324
-0.0007036451699139816
0.00011338868707836014
-0.0010049991350977341
0.0005322718623704614
-0.0009265414917205267
0.0005718026135773932
0.0009238335613530216
0.0001720322058152883
0.0002754776619332926
0.00019981286660061964
0.0012093267915271027
0.00012592505228727335
-0.00042573162868959457
3.4931043701152704e-05
0.0006253447814942367
-0.0008764086112814706
-0.0006976852070261516
-0.000969481530405246
-0.0004659637370068092
0.0010192401440455412
0.0014340975924266013
0.0016991602585271503
0.0008070057083549561
0.00020027205107641017
-0.0012806639304304068
0.000981788303376264
2.6892170275667938e-05
-0.0003021701184129829
0.0019203645169913984
-0.0005588794011731223
-0.00032970860656382186
0.00015903665613058456
0.00028754226226981796
-0.0016652749602931235
-0.00010155367897972983
0.0008665078391596297
0.0004559906276045354
4.0274567155729574e-05
0.0006207026151499428
0.00037551383057350885
5.2339167492255046e-05
0.0013196631598811153
0.0008420641285716534
0.0014716941076567442
0.0017311962384614179
-4.4457549024233104e-05
0.0005305672186315674
0.00015516818417700607
0.0007473463225928196
-0.0007953279552137885
-0.0006821389819314055
0.00025010300199713813
-0.0004911088047050683
0.0005062681826044566
0.0006396581277224766
-0.0007300954537591796
0.0023587473070088532
0.0007516142221383531
-0.0002508766963878538
-0.00014449371766444958
0.00021659197056187197
-0.0005002358824361937
0.0023257080404459757
-0.00016104322938780634
0.00047076315830856566
0.00019911150949033677
-0.0011585051343743612
0.000972503970687676
-5.0791778710823805e-05
0.000496911512635436
-0.001442535893444041
0.000949909578399459
-0.000381086946265981
-4.266798760830944e-05
0.0006330817254013932
-0.0004015898476199463
-0.00010704187699517235
-0.0017146341463414637
-0.0005051925586954131
-0.0005242204085483793
-0.0014361041656838233
-0.0005530766932427544
-5.2496422449717684e-05
-0.001064960450378198
0.0006570662515135789
-0.00022828230409963673
-0.00029102388702803865
-0.0007082024185812457
0.0006052287273356293
-0.0016927411111635295
-0.0003909153811073892
0.0010394285354845812
0.0007054944882137409
0.000250489849192496
-0.0010525813401267474
-0.0010955213788114671
-0.000688328537057131
-0.0013039596798289069
0.00039246276988882104
0.0004726124766083252
0.0010259612209274898
0.0003761428504033592
-5.713858879401171e-05
0.0009588919815697192
3.786856630655286e-05
0.0013627604535232972
0.0002282823040996367
-0.0008241842399081633
0.00013535405953672689
-0.0005906008711924645
-3.5861993049331054e-05
-0.0020234231259140443
-0.0015723592961268107
-0.00018657514428142342
-0.0006036813385541979
0.0009357534871286818
-0.0003199650893994432
-3.447185922536201e-05
-4.978849208221279e-05
0.00030735638691009744
0.00047424478306678646
0.001190069349436241
0.0004414351087418032
-0.00028870280385589163
0.0013085169284961708
0.0018122045572486676
0.0009649966190184146
-0.000990456196631599
0.0005020128634555204
0.002413522353792203
0.00027857243949615484
0.00015253259108993412
0.0002354028085735402
-0.00010146876130269996
5.907282477080101e-05
-0.0011348948750609363
-6.062178610180691e-06
0.0006481687660203487
0.00024862795049613944
0.001514791401298926
-0.0015201349247535032
0.0006048418801402713
0.0014323080310106777
-0.0002415923636992657
-0.0015125426554072118
0.00011655580192165558
0.0003100643172776023
0.0008202308502775549
-0.0001471167303549244
0.0003076708968250225
0.0005520734066141434
-0.0008860797911654166
0.0010069333710745233
-0.00019972794892358985
-0.0002791165416489753
-0.0008333238980358856
0.0004507194414303911
-0.0012080939126605968
-0.0004745467125851143
0.0010619380100957683
-0.000204285197590854
0.00029040744759478547
-0.0019026544636819675
-0.0011469720557940593
-0.0011146341463414635
-1.20300042458844e-06
0.0006642590932679151
0.0018443852117438005
-0.0021816436288153987
0.00010959255240521473
5.5820792250475676e-05
0.00029899042317309054
-0.00029172524413832143
-0.00035678791023887024
-0.000959580758283405
-0.00016120048434526888
6.440376782878074e-05
3.910930792093353e-06
-0.0002621676023336636
-0.0005600525231557927
-0.00018557185765281272
0.0008477819188249912
0.0009905285339120316
0.0007558695412872891
-0.001647781918824991
0.0001560991335251846
3.918636285008878e-05
0.001954092560267963
0.0005164834646412226
-0.000594783853060968
-0.0010264329857998776
0.0003077432341054552
0.0011885219606548095
-0.0004984589014168671
0.0009438049409507634
-0.0008967542576779733
-0.0014501030019971382
0.001295219449293139
-0.00034240222673019766
-0.001083214605840449
0.0001287776572156436
0.00046239719457155887
0.0003847258259816642
-0.0004637149911150951
-0.000535281722256294
0.0008022912047302292
0.0009311113207843879
0.0002942035822679311
0.000456751741598654
0.0001298658615212844
0.00028282775864509134
0.0018004418864304699
-0.0008887877215329212
-0.001810729505747669
0.0015946391785001022
7.284206884622042e-05
-0.00031013665455803475
0.0009340488433897878
-0.00016948153040524606
0.0011845811514207987
-0.0014166045509584693
0.0005030161500841314
0.0010176927552641099
0.001142329889449765
-0.000111756380619899
-0.0005356685694516522
-0.0008101854035948486
-0.0006452312434149486
-0.00018975483952131603
-0.0006165196332814393
-0.00018966992184428594
7.400261043229381e-05
0.003073568586749697
0.00040297998144391494
0.0009924627698888206
-0.00010804516362378316
-0.0003326461291692219
-0.0003452674120551651
0.00102659024075734
0.0007355962321712191
-0.0006263480681228475
0.00016554072117123484
-0.0017780047490997155
-0.0011430312465600479
-0.0008381107389410453
0.0006114182824613546
0.0019712710918211697
0.00020932679152710256
-0.00022379739271280544
-0.0017974917834284727
9.582330832979505e-05
-0.0014304587127109184
0.0010777987451054394
-0.0009878206035445268
0.0011082873362582757
0.0013222138352911575
0.0008870830777940273
-0.0007229875296818733
-0.0011833356921576955
0.001088944976490384
-0.001001747102577409
-0.001008939944331745
0.0008844600651035521
-0.0010177650925445427
0.00011338868707836025
0.0002710650878268939
0.0011815587111383688
0.0008734710886760703
9.68265949584061e-05
0.00011152678838200366
-0.0007277020333066001
-2.255193344970189e-05
1.2723498608293595e-05
-0.0009633045556761176
-0.000256062964884968
0.001338304162538724
-0.0012755625796103225
0.00038572911261027513
-0.00126109197842462
-0.001276867795757261
0.000954636662420783
8.08133226399978e-06
0.001498930666289255
0.0008652749602931234
-0.0017851975908540515
0.0006217059017785534
0.000811877466937145
0.0008265776603607431
-0.00015810570678240633
0.0017429589092796149
-0.0008003569687534401
-8.43751474265227e-05
-0.0008868534855561321
-2.8354641380069453e-05
0.0010470082244342757
-0.00020058656099133527
-0.0002906370398326805
0.00018495541821955932
-0.0007331178940416099
0.0003013964240222672
-0.0002936594801151108
-0.00014294632888301804
-0.000699147678130553
0.0002572109260744444
-0.0005475161579468794
-0.0008036813385541979
0.0011575741850261831
-0.0003368291110377257
-0.0010391989432466861
-0.002337857558459531
-0.0005745105439448978
0.001441133179223475
-0.0007670881099526664
-0.001146670126275731
0.0008193848186064066
-0.0006781132550203647
0.0003676322121054868
-0.0014368055227941062
0.0015157223506471042
0.00046109197842462003
0.0004696026167224921
-0.0008912660596625309
-0.0005718026135773933
-0.0006101004859178185
0.001535366639933324
-0.0007969476812756523
-0.001097527952068689
-8.639430108034132e-05
0.00071347360475539
-0.001454443238823104
-0.0006275809469893538
0.0010308455599062764
-0.0007858863675677375
-0.0016689138400088068
0.0013890660628076304
-0.0014009010709062604
-0.00021729332767215492
0.0009189618027708324
-0.0012870107405135946
-0.0008989180858926579
0.0020526662578037778
0.00038773568586749686
0.0002493293076064222
0.000716096617445865
-0.0009295639320029565
0.00044445754902423297
0.0011811718639430106
0.0006042254407070184
0.0007738217672312121
8.312968816341946e-05
-0.0008001147961189478
-0.0011862008774826626
0.0011274724410687048
0.0008665078391596296
0.0021266264093975566
-9.497727665864663e-05
0.0008990030035696875
-0.0011198927521190109
0.0006014325926624835
0.00045063452375336115
0.0002901778553568902
-0.000318332782940982
0.0008976128697457188
-0.0007773757292698654
-0.0008981443915019421
0.0008510339513453163
0.0009574892673491534
0.000519735497161548
0.000570799326948782
-0.00018789294082495952
7.206837445550473e-05
0.0005821751505716217
0.0009667012627573086
0.0007485194445754904
-0.00010479313110345785
-0.00015339120315767952
-0.0008886430469720559
0.0010796606438017958
-0.0010695302794420595
-0.0019359956597631742
0.0012475523265870958
0.0001659999056470255
5.187998301646465e-05
-0.0006145130600242174
0.0006694453617650297
-5.8685977575443146e-05
-0.001561986759132582
0.0002447594785425612
-0.0006279677941847117
0.0006887877215329214
-0.0021953405356103855
0.0006663505842021669
0.002636660848233241
0.000415903193848186
-0.0015062807630010536
-1.6132786086081405e-05
-3.144941894293222e-05
-0.0009050353037379505
-0.000734363353304713
-0.00043439952194492947
0.00013373433347486279
-0.0011219119057728297
0.0009679341416238148
0.00040275038920601974
-0.001735294302652891
-0.0010014451730590806
-0.00010217011841298323
0.0009547089997012157
0.0010802047459546164
0.00106998946391785
0.0009300356968753442
0.00016545580349420507
-0.0007943970058656099
0.0005717302762969604
-0.0002821264015348083
-0.0008288264062524572
0.00015091286502806996
-0.00015779119686748117
0.0012080215753801642
0.00046673743139752485
-0.0010846896573414476
-0.0011951707002563258
-0.00017025522479596175
-0.00023392775707254188
-0.00041489990721957517
-9.01778553568901e-05
-0.0001472016480319543
-0.00040081615322923065
-3.477378874369015e-05
-0.0007967180890377568
-0.0005644525168655943
-0.0009219842430532621
0.00019423975090814732
0.0006845324023839851
-0.00086705194131245
0.0014640295010300201
-0.0014254296991712662
0.0010449167335000234
-0.0007634492302369833
-0.0008723105470899972
-0.00045319777956000066
-9.288578572439503e-05
0.00027090783286943116
0.00039145948326020993
-0.00041636237832397657
-0.0005635341479140132
0.0009587347266122565
6.951769904546225e-05
-0.00023856992341683583
0.0006210894623453004
0.001895291786573572
0.000250404931515466
-0.0009032583227186238
0.000521125630985517
0.0005931641269991037
0.001374051359469107
0.0012657341447689142
-0.0027759258385620608
-0.0003646821091034895
0.00016375115975531134
0.0006083958421789249
0.0019412542655407213
0.0009724316334072432
-0.00018572911261027512
-0.0003716453586199301
0.0014888726392099513
0.0006748612225000395
0.0004757921718482176
-9.566605337233261e-05
-0.0010843028101460898
-0.0007185749555754745
0.0007362252520010696
-0.0004073925555503138
0.0015654683838908022
-0.000685935116604551
-0.00025233916749225506
0.0005209683760280544
0.0004922693462911419
0.0026026182950417516
-0.000633540909877184
0.0011300356968753438
0.0003761302700067619
0.0009641505873472661
0.000203983268072526
0.0004569813338365494
-0.00013380667075529556
0.00033048230095453766
-0.0010825258291267633
0.00198319101759683
8.746992498938524e-05
-0.0007182730260571465
-0.0004358619930493309
-0.0004866962305986695
0.0005685505810570677
-0.0007099070623201398
4.135019106477346e-05
0.0004740026104322939
0.0007204368542718311
0.00047880203173405024
-0.0004808935226683021
0.0001456416788539256
2.9986947838530537e-05
-8.158229938198797e-05
0.0006350882986586153
0.0007638360774323412
0.0001799987419603405
0.0005551681841770062
-0.0005516142221383529
0.0009305797990281646
0.00032515135789655774
-0.0009517714770958156
-0.0006878567721847432
0.0007162538724033276
0.0004590854051673979
0.0006549747605793272
-0.001389767419917913
2.441383214605848e-05
-1.4355805066754732e-05
0.00028491924957934294
0.0006516503907785693
0.001879358714283468
-3.9500872765013836e-05
-0.000738691009734082
0.0003034155776760863
0.0010196993285213317
0.0008504898491924957
0.0001543944897862905
0.00011153936877860068
0.0012149848248966047
0.0010545155761035366
0.0003133037694013304
0.0002532701168404333
-0.0001256105423723483
-0.0015714283467786322
-0.0007694091931248133
-0.00019469893538393793
0.00031161170605903366
0.001170799326948782
0.0005155525152930446
-2.8511896337532167e-05
0.00037799216870311843
-0.001429914610558098
0.00022773820194681656
0.00045080435910742106
-0.0003365995187998303
0.0008449167335000237
-0.0012392712805271188
-7.903162397194545e-05
0.0005593511660455098
-0.00032940667704549397
0.0006706059033511031
0.0006493293076064221
-0.0008810507776257646
0.000601045745467126
0.0008751757324149645
0.0002772546429526191
-0.0006582991303800853
-0.0011600525231557925
0.0001754414932930761
-0.0005989542545328741
-0.000780470506832728
-0.0013809422717051157
0.0007494503939236685
9.56660533723325e-05
0.0013078155713858882
0.00047725464295261897
0.0001222012548945607
0.001010644588070639
0.0002244012517494615
-0.0008229513610416567
7.090783286943133e-05
0.0007516016417417558
-0.0008851488418172383
0.0003906008711924643
6.262678680945423e-05
-0.0003043339466276675
-0.0008990879212467175
-0.0009468148008365964
-0.00030387476215187686
-0.00035671557295843755
-0.0005776776587881933
-0.0006752480696953971
-0.0009384614174961866
0.0004832146058404492
5.643723168372879e-05
0.0012555188627321476
0.0006415923636992658
0.0008668223490745549
-0.00030572408045163624
4.0661414351087555e-05
0.0002312198267050369
-0.000878959286691513
-0.0002623248572911263
-0.00030944787784434904
-0.0006083958421789247
-0.0014872529131480872
-0.00047609410136654557
-0.0009361403343240395
-0.001739694296362693
0.00018866663521567537
-0.0014902627730339199
0.00018022833419823554
-0.0010983142268560018
0.0015842666415058736
-0.0008019892752119013
0.0005485194445754904
-5.172272805900205e-05
-7.235300592851081e-06
0.0002484706955386768
-0.001064344010944945
-0.0003891258196914658
-0.0004223223412118067
-0.0004581544558192198
0.000278874369014483
-0.0011010095768269096
4.847069553867695e-05
-0.0004005865609913353
-0.0002549747605793273
0.0012396581277224767
-0.0004572235064710417
0.0016873252504285197
-0.0005431759211209135
-0.0001345080278655783
-0.0012142111305058895
0.0001503687628752496
-0.0013852699281344846
-0.0005779198314226856
1.682156279976723e-05
-0.00018379487663348597
0.0010141262128288595
-0.0005668585177147712
0.0004566794043182211
0.0004085530971363873
-0.0011321146074129988
-0.00048724033275149016
-0.0004390416882892234
0.0009350521300183988
-0.0012682848201789562
-0.000896524665440078
0.00061164787469925
-0.0014744020380242486
0.0002565221493607586
-0.0012179223475020052
0.0006521944929313898
-0.00015253259108993422
-0.00015933858564891228
-0.001308130081300813
0.001576372442641254
0.0001273875233916749
0.0003034879149565192
-0.0007991964271673664
-0.0013493780566432357
-0.00017744806655029793
0.001795412872890818
0.0009639933323898037
-0.0007824770800899498
6.193801009576824e-05
-0.0006288987435328899
-0.00013095406582692518
0.0007325014546083566
-0.0009932364642795367
-0.00023392775707254133
-0.00030394709943230944
-0.0005861159598056328
6.788539258700123e-05
5.675174159865381e-05
-0.0017962589045619664
-0.0008638722460725575
0.0011902989416741365
-0.0002129656712427862
-0.0005427167366451229
0.0009135459420358226
-0.0007102939095154976
0.0007759855954458967
-7.299932380368287e-05
8.507650453680556e-05
-3.366828639273064e-06
0.0011581182871790035
0.000521440140900442
0.0006286691512949948
-0.0020131355065968457
-0.0002472378166721708
0.00037009796983849923
-0.0011364548442389646
0.00048785677218474323
-0.00036909468320988823
0.0010396581277224766
0.0012935148055542452
-0.00022077495243037537
0.0006010457454671259
-0.00038944032960639086
-0.0009264691544400939
-0.0009902266043937038
0.00012374864367599176
6.742620811121086e-05
-0.0014410608419430425
-7.145193502225165e-05
0.002918128351496281
-0.0002957509710493625
-0.0005625182808888049
0.0015492208016857731
-0.00021806702206287072
-0.00021868346149612374
-0.0015834206098347251
-0.0008403594848327592
-0.0006974556147882563
-4.9142174207041745e-06
0.0006897910081615324
0.0001670031922756365
0.0001554701136953343
-0.000313775534273718
-0.0003809296913085186
-0.0003505983551131448
-0.00035764652230661575
-0.00042696450755610077
0.00030588133540909875
0.00013211460741299888
0.00012128288594297954
1.891305373401911e-05
0.00043508829865861523
-0.0009009372395464768
0.0014272066801905932
-0.00045017533927757064
0.0009808573540280858
-0.0003984227327766508
-0.0006818968092969131
0.00027950338884433337
-0.00011671305687911803
0.0008661209919642717
-0.0005060385903665614
-0.0012176078375870799
-0.0016334811529933485
-0.00028630938340331165
-0.001540625245710871
-4.166470097969843e-05
0.0018212467173027629
0.0012980122973376737
-0.00048553568901259626
-0.00014099951250963182
-0.001220859870107405
-0.0002114906197417874
0.0009155650956896419
0.00037744806655029816
0.000910838011668318
0.001428439559057099
0.00028676856787910254
0.00042634806812284765
-0.00020902486200877497
5.327011684043348e-05
-0.0007081300813008129
-0.0006021339497727668
-0.0008969115126354359
-3.81830762214778e-05
-0.0003696262049661114
-0.001724003396707081
-0.0007194209872466229
0.0004883159566605337
-0.00015810570678240625
0.0011682486515387398
0.0009376153858250383
0.0009216697331383369
-0.00016963878536270857
-0.00015300435596232183
-0.0007361403343240396
0.0003222138352911575
5.589312953090863e-05
-0.0007696387853627087
0.0005222861725715901
-0.0007643801795851614
-0.0008530405246025381
-0.0009822474878520544
0.0008881712820996682
-0.0008698322089603876
0.0010648881130977655
0.0004387271783742985
-0.0007839521315909486
-0.0013399364689971852
0.0002333836549197214
-0.0002906370398326809
0.0016207151955465401
0.0006549024232988945
-0.0006712223427843562
-0.0009740513594691073
0.0009231447846393358
0.0009856567753298423
-8.212640153480847e-05
-0.0016775817332641415
-0.0007113821138211384
-3.864226069726844e-05
-0.002114489471780598
-0.001950623515906339
-0.001256075545281565
-0.00044561809061030653
-0.00018766334858706413
0.00010093723954647685
-0.0010313047443820664
-0.0011210532937050842
0.0006742447830667863
0.0007122281454922866
0.0001660722429274581
0.0007595807582834048
0.0002244138321460583
-0.0015819455583337267
0.0004969838499158686
-0.0005735795945967195
0.00041404129515182944
0.00197714613703197
-0.0014040807661461529
0.0005546240820241859
0.00042951518296614283
0.0009469720557940587
-0.0011199650893994435
-0.0006764086112814706
-0.0010898035885581294
-0.0004169788177572298
4.2438395370414037e-05
-0.0002449890707804563
0.0011780770863801483
-0.0003000786274787313
0.0010121919768520703
0.0002391140255696562
-0.0017030287304807283
-0.000179769149722445
-2.8354641380069345e-05
-0.0008818244720164805
0.0009490635467283108
0.00046867166737431405
0.0007296362692833892
-1.2179396455473305e-05
-0.0003223585098520231
-0.001846791212592977
7.77264078250067e-05
0.0006967542576779732
-2.6348068122847677e-05
-0.0014429101602428016
0.0010309902344671417
-0.000739694296362693
0.0005764447799216871
0.00034743124026984947
-0.0002630985516818418
0.0014614788256199778
-0.001080978440345332
0.0008215486468210912
0.0006655045525310188
0.0015693368558443808
0.0004688289223317764
-0.0010475523265870957
-0.0018101130663144155
0.0005132314321208976
6.827223978235924e-05
0.0002956786337689296
9.621015552515313e-05
-0.00013225928197386434
0.0014299869478385308
0.0006801198282775867
-0.002225200106933371
-0.0010227941060841944
0.0010069333710745233
-0.0008854633517321635
2.8741488575427245e-05
-0.0012475523265870956
-0.0006232532905599849
0.00010201286345552051
-0.0007924627698888207
-0.0001592662483684798
-0.0009482049346605653
0.00019633124184239916
-0.0004213190545831957
0.0008763236936044408
0.00012336179648063408
9.442059410922921e-05
-0.00014727398531238708
0.0003731204101209291
0.0005642229246276989
0.00128732525042852
-0.0016117327923762799
0.000781703385699234
0.000429515182966143
-0.0009297935242408518
-9.868849365476236e-05
0.0007781494236605809
-4.8313440581214235e-05
0.0012828403390416885
0.0007604267899545535
-0.0001043339466276677
-0.0005013964240222673
0.0004383403311789404
0.0001557846236102594
-0.0013419430422544074
0.0004463194477205895
0.0010284395590570996
0.0004512635435832115
-0.00017892311805129673
0.0013463556163608057
6.842949473982163e-05
-0.000566544007799846
-0.0003485917818559229
-1.0245160478684028e-05
4.3369344718592177e-05
1.0015568240788762e-05
0.0006641018383104528
-0.0005173420767089684
0.0004795757261247662
-0.0012438411095909798
0.0006914233146199934
-0.0008889449764903839
0.0007885219606548099
0.0005068122847572772
-0.0018475649069836927
0.00041249390637039806
2.6780519255870783e-06
2.154864682109088e-05
-0.0014815225424981524
-0.0011058089981286663
0.0013299507791983143
-0.0013432608387979434
0.0002678130553065685
0.0009457391769275528
0.0009725763079681085
-0.0011076708968250223
-0.0009595084210029723
-0.001354249815225425
-0.000691967416772814
0.000200042458838515
0.0001786086081363713
-0.0012557610353666402
0.0003367567737572928
-0.0007000786274787314
-0.000780772436351056
0.0001500542529603244
-0.00033566856945165175
0.001306897202434307
0.00033389158843232533
-0.0005742809517070024
-0.0007274724410687048
-0.00039587205736660877
0.00041799468478243793
-0.0011471293107515217
-0.0003543221525058579
2.4873016621848958e-05
-0.0008765658662389332
0.0022641144187070497
0.0011797817301190422
0.0008626393672060513
0.0007341337610668177
-0.0009604393703511505
-0.0006114182824613546
0.0015531616109197841
-0.00021822427702033307
0.0011562563884826471
-2.309603560252234e-05
0.00035910899341101737
-0.00016862291833750058
0.00201181771005331
0.0008526536774071804
-0.0007560267962447518
2.2322341211806867e-05
-0.0015737494299507793
0.0014048418801402716
-0.00208447264550015
0.001437264707269897
-0.00042580396597002726
-0.0004758645091286501
0.00019005676903964398
-0.0008350159613781824
0.000813280181157711
-0.00025884323253290567
0.00027099275054646104
0.0010052413077322262
0.0001985674073375162
-0.00035284710100485914
0.0005905285339120316
0.0012332389803588562
0.0004259612209274899
-0.000828511896337532
-0.0005324165369313268
4.692330675724552e-05
-0.002147056973471089
-0.0006566794043182212
0.0008043826956644807
0.0009108380116683181
0.0003892107373684956
0.0010851488418172383
-8.754226226981808e-05
-0.0006798053183626616
0.0005160242801654325
0.000292184428614112
0.0014679828906606282
-0.0009080577440203802
-8.855026654715174e-06
-0.0003400811435580507
7.090783286943109e-05
-0.0013557122863298268
0.0010927411111635293
0.00016413800695066913
-2.6505323080310095e-05
0.0009000912078753283
-0.0005656130584516677
0.0005547813369816483
0.0005493654762466386
-0.00023060338727178388
-0.0004162177037631112
0.002109690050478841
0.00018039816955229515
0.0006062320139642401
-0.0008141262128288595
-0.0009135459420358227
0.0006239546476702678
0.0009010944945039393
0.0003454970042930602
-0.0009030287304807285
-0.0007740513594691074
0.0015726612256451386
-2.4643424383953612e-05
-0.0004416647009796984
0.001088944976490384
0.00048367379031623975
0.00046589139972637636
0.0009036451699139817
-0.0012206302778695098
-0.0007645374345426242
0.0003164834646412229
-0.0009932490446761335
-0.0012923542639681719
0.0007783066786180434
-0.0008607051312292621
1.759525719048297e-05
-3.0131622399395992e-05
0.0006072353005928511
0.0010260461386045196
-0.00018882389017313764
0.0009931641269991037
0.0002895614159236369
0.001012349231809533
0.0005899844317592111
-0.000506110927646994
0.0001871192464342441
0.000789984431759211
0.00032290261200484347
0.0011324291173279242
-0.00017706121935494014
-0.0008156736016102908
0.00046100706074759016
0.00032963626928338906
0.0002689012596122093
-0.00011284458492553975
0.0006962950732021828
2.889874353288985e-05
0.000840202229875297
0.0018033070717554374
0.0009570300828733626
-0.0003573320123916905
0.0003327310468462519
0.00015756160462958595
0.0007618295041751193
0.00047973298108222866
-0.0009161815351228949
4.9716154801780244e-05
0.0003614300765831641
0.0007835652843955907
-0.00018054284411316075
-0.0017896101649604505
0.0005864178893239609
-0.001044457549024233
0.00017713355663537308
-0.0006295277633627402
-0.0006647308581403028
-0.002161914421852149
-0.0003345080278655784
-0.00046557688981145145
0.001344965482536837
-0.0021477583305813714
-0.0003342060983472503
-0.00045775502822726505
0.000706897202434307
-0.0010589281502099354
0.0001919910050164332
0.00048275542136465846
-0.0004987608309351953
-0.0013916167382176724
0.0003825619977669799
0.0009201946816373387
0.0008309178971867089
-0.0019521709046877705
-0.001289960843515592
-0.00021412621282885952
0.0008463068673239924
-0.00060871035209385
0.00023927128052711867
-0.001126082307244736
-3.632117752512137e-05
-0.0011650815366954447
2.309603560252237e-05
0.0017614426569797614
0.0012036090012737654
0.002055833372647073
0.0008645736031828403
0.0006783428472582597
-0.000878959286691513
-0.0011496799861615639
0.0010180796024594676
-0.00014680222043999942
-0.0010671242785928825
0.0010056155745309873
0.001603766256231228
-1.5898476199461774e-06
-0.0010207026151499428
0.0006389567706121937
-0.0005379173153433664
-0.00015013917063735438
0.0002854507713355663
4.0661414351087474e-05
-0.0005082024185812458
0.0007020128634555203
-0.0006979147992640468
0.0009231447846393356
0.0007644525168655943
-0.0021428016543221526
0.0015315830856567755
-0.0004025207969681245
0.0018874825053859824
0.00012970860656382187
0.0006983016464594045
-6.271170448648398e-05
-0.0005023997106508785
-0.0019335173216335647
-0.0005807000990706232
-0.002053911717066881
-0.0007986523250145462
-0.00013985155132015533
-0.0004698322089603876
0.0008882436193801012
-0.0007360554166470098
-0.0007023273733704455
0.0002894764982466072
0.00014688713811702916
-0.0008764086112814706
-4.140523029988511e-06
-0.001387361419068736
-0.0014023761224072591
-0.00044384110959098
0.0015161815351228951
-0.0001280888805019579
-0.0020758770895252477
-3.586199304933082e-05
-0.001277726407825007
0.0004579122831847274
0.0010713795977418188
0.0006811231149061975
-0.001008251167618059
0.0005305672186315672
-1.1877466937145218e-05
0.000628511896337532
0.0004884732116179961
-0.0018033794090358702
0.0015703401424729915
-0.0003089761129719612
0.0008176801748675125
-0.0005914594832602099
-0.0014235678004749102
0.0005157821075309399
-0.000585112673177022
-0.00042341054551744744
0.0009419430422544072
-5.395889355411925e-05
0.00039207592269346317
0.0005174867512698337
0.0007511424572659654
0.0011345929455426082
-0.0011935509741944617
0.0010249579342988787
-0.0008818244720164802
9.186991869918684e-05
-0.0005233743768772312
0.00033180009749807373
0.0015408674183453638
0.0008733987513956376
0.0021929345347612085
-0.00017892311805129654
0.00041412621282885964
0.00015949584060637517
-0.001660173609473039
-0.0002750058970609048
0.00026766838074570307
-0.00020359642087716798
0.0006364910128791811
-0.0011301080341557768
0.0003183327829409822
-0.000493889072353006
0.0004766382035193659
-0.0007045635388655627
-0.00163796606438018
0.0009116966237360635
0.0004635577361576325
0.00021442814234718757
-0.00028522117909767115
0.0005131590948404647
-0.0004002720510764104
-0.00021126102750389195
-0.0005714157663820352
-0.0005839521315909484
-0.001332042270132566
-0.000316483464641223
-0.0001225881020899184
0.00060568791181142
-0.00022341054551744754
-0.0009580333695019737
-0.0006720683744555049
0.0008090122816121779
0.00025504709785975985
0.0017935635545910586
0.0012124341494865627
0.00011655580192165558
-0.0006097859760028935
-0.00011934864996619025
0.00020158984761994627
0.0003053372332562785
0.0008901778553568902
0.0010670519413124504
-0.00037032756207639454
-0.00016003994275919534
-0.0009226006824865155
0.0005984950700570836
-0.00044034690443616245
0.0010867811482756994
0.0010316915915774246
-0.0011701828875155288
-8.274284096806145e-05
-0.0006877844349043106
-0.00011810319070308697
0.00040259313424855723
0.0014064741865987326
0.00031307417716343496
-0.00030959255240521464
-0.00014843452689846049
-0.000558891981569719
-0.0014427529052853387
-0.001149994496076489
-0.001066737431397525
0.0006075498105077764
-7.245522165086236e-05
-0.0007501391706373547
-2.432891446902872e-05
-0.001342172634492302
0.00135402022298753
-0.0008831422685600164
0.0008402745671557298
-0.0010539714739507162
-0.0011424871444072275
-0.0004354751458539731
-0.00012522369517699034
7.903162397194567e-05
0.0012274362724284883
-0.0009929345347612084
-0.0008603906213143369
-0.0003072714692330676
-0.00019315154660250663
0.0015656256388482646
-0.0005636064851944455
0.00018070009907062326
0.0011914594832602096
-0.0014751757324149646
0.0011908430438269568
0.0005194933245270558
-8.003491060055659e-05
-0.0008903351103143528
0.0008570662515135791
-0.0014031498167979748
0.00031191363557736166
-9.785976002893497e-06
0.0006192401440455412
-0.0007528471010048591
0.00014634303596420875
0.0012327797958830654
0.0006372647072698967
-0.00033288830180371433
0.0007630623830416256
-3.137236401377395e-06
-0.001839198943246686
-0.0005583352990203014
0.0001673900394709944
0.0016077919831422685
0.0003209683760280543
-0.0003489786290512808
-0.0013266264093975565
0.000731340913022283
0.0005066550297998144
-0.0003182604456605495
-0.0003926200248462833
0.0003805428441131607
-0.00043740938183076214
-0.000653427371797896
-0.0010874699249893852
-0.0002880863644226384
0.000777762576465223
0.0007881225330628549
0.0005934660565174318
0.0005677045493859196
0.0006946627667437217
-0.0003453397493355977
-0.0018034517463163028
0.0005663867528423835
0.00046658017644006234
0.0010439134468714125
-0.0001925351071692535
0.0006082385872214621
0.00035748926734915313
-0.00046355773615763227
0.0004945904294632888
0.0007444087999874197
-0.00121173279237628
0.0010193124813259737
-0.00016932427544778347
0.00018603104212860298
0.000378451353178909
-0.001469602616722492
0.00031523800537811963
0.0013167979745561478
-0.0003641380069506693
-0.0017274001037882718
0.001079890236039691
-0.0010687440046547468
0.0011310389835039552
-0.00040723530059285116
0.0007231322042427389
0.00046418675598748247
0.00014541208661603063
-0.0005698683776006038
0.000778379015898476
-0.0005133886870783601
0.0003583352990203014
0.0004587583148558757
0.000754551744743753
0.0007037175071944142
-0.00032344671415766385
-0.0006012753377050209
0.0006353304712931075
0.0012498734097592425
0.0008286691512949946
-0.00026062021355223225
-0.000888860058813354
1.81943985784147e-06
0.0002535846267553585
-0.00042712176251356323
-3.439165919705536e-06
0.0002959805632872576
0.0014160604488056491
0.0011496076488811313
-0.0005916890754981051
-0.00015121479454639815
-0.0003489786290512808
-0.0011467424635561636
-0.0005331178940416096
-0.001208638014813417
-0.0008487128681731692
0.0005351244672988317
1.0716925351071739e-05
-0.00029404632731046845
-0.00013744555047097846
-0.00029805947382491224
-0.0002223223412118068
0.0019117815414130932
-0.0007454970042930604
-0.0003012391690648047
-0.0016061722570804048
-0.00021876837917315359
-0.001894288499944961
0.0011254658678114828
0.0005178735984651919
0.0008148999072195751
-0.001794022739066849
0.0014030648991209449
0.00026819990250192627
0.0001784513531789089
0.0006890896510512496
2.1161799625733225e-05
0.0007972621911905773
0.0008098708936799234
-0.001157187337830825
0.0006320784387727823
0.0002569089965561164
8.560802629302898e-05
0.000919505904923653
-0.00023772389174568737
9.474768442075142e-05
-0.0005806277617901906
-0.0005718026135773929
-0.0010600886917960088
-0.0008354028085735405
-0.0006213913918636286
-0.0007955575474516834
-0.000792777279803746
0.001427521190105518
0.000251106288625749
-0.0010990030035696876
0.0012900331807960245
0.0004953641238540044
0.0003702552247959618
0.0014178500102215725
-0.001022951361041657
-0.001742027959931437
-2.0230850277554875e-05
-0.0004230236983220896
-0.0016638848264691542
0.00043160667390039476
-0.0004161327860860814
0.0007500668333569216
0.0011101492349546323
0.0017920035854130302
-0.0010983865641364344
0.0012432246701577269
-3.7094871915836956e-05
0.00023260996052900567
-0.0008183091946973629
0.0001718749508578258
-0.0006519649006934946
0.00022023085027755518
-0.001692970703401425
-0.0009226730197669481
0.00024135019106477328
0.00013072447358903014
0.0007995832743627242
-0.0009585051343743613
-0.0008271217625135635
-0.0002251875265367741
0.00024762466386752866
2.285386296803003e-05
-0.0007607412998694784
0.00040197669481530416
2.874148857542743e-05
0.00023438694154833214
0.00022108946234530063
-0.00017767765878819321
-0.0005399238886005883
0.0004932726329197529
0.000995944394647041
0.0010767954584768285
0.001178765863093834
0.0013901416867166737
-4.4916733500023715e-05
-0.0003742809517070027
0.0008481687660203489
0.0001886666352156752
-0.00016197417873598468
-0.00011957824220408544
0.0006910238870280384
0.0011524728342060984
-7.136701734522157e-05
-4.460222358509866e-05
0.00014912330361214636
0.0006798053183626616
-0.0005079004890629178
-0.001693901652749603
0.00026223993961409643
-9.482002170118392e-05
-0.0009375304681480085
0.0008096413014420281
