"Weekend / Monday after publication, net of costs · sign-flip|-0.0020651492914469842"
7.972042534039964e-06
0.0012717937059021516
0.0004455078537788966
-0.001896057563502493
0.001813858967005962
0.0012764471951850285
-0.0016317171548033576
-0.0006947617673220999
-3.989017300091783e-05
2.532977112339315e-05
-0.0015040440690349086
-0.00023403373895310964
0.00015731580834403664
-0.0011613664702912598
0.00040028057496506106
0.001385459153685455
0.0009690529449505413
0.0003908252292460588
0.0007911115612154238
0.00018764784921289026
0.0003158746872471061
-0.00228333436722537
-0.0010676347049295546
-0.0005684883795749775
-0.0015214397327781295
-0.00018339181441224726
0.00019589340292471921
-0.0008295232946769522
0.0017165725422757768
-0.002092181754596323
7.475833265276371e-05
0.0016045478517672375
0.0015568843856803105
-0.0017353982386845942
-3.912868157485923e-06
0.0001553321330109731
0.00033734297767447255
2.8934965693964086e-05
-0.0014916800924585404
-0.0008813099675058716
0.0004735351316470046
-0.0005440408948825015
4.0590735505359175e-05
-7.938809567118528e-05
-0.0009042099926869652
-0.0004744589675451144
0.000980323159429113
0.0003542630833413763
0.0005707758708999183
0.0007406729801916986
0.00031702073723595224
0.0013259478253310664
0.0011092894315684115
0.0004964329496155398
-0.0007791725025552314
-0.001254760504290066
0.00036384504780076845
0.0010983852979535875
0.001914973759382587
0.0003296680172447622
0.001182027186300495
-0.00010790575346003598
-7.649105947440199e-05
-0.0013601670103545649
0.0009246449512216856
-0.0005265144240202708
-0.0006476957544976844
-0.0020052407090249955
0.000411218075075543
0.0021825063949282852
-0.0011342358775518282
-0.0004934014252551958
-0.0012809978218221527
-0.0009155153864524478
0.0006636334687225891
0.002033241140833463
-0.0007628795702933452
0.0008505512138276991
-0.0007129481377304172
-0.0005443422784991818
0.001444419657772234
0.0008961469608037583
-0.0014703427211790942
-0.0004632125290479689
-0.0011322230998924879
-0.0013280674021154593
0.00024320662753300263
-0.00036020411313585126
-0.0010181549172426766
-0.0009922059634468457
0.0008610438924402274
0.00018948337305387875
-0.0025784312404123584
-0.0003661174379823877
0.0003425836599627861
6.889219120060037e-05
0.0009049011246553399
0.00194561308604598
-0.000653869033256367
-0.00020542589060109726
-0.00012135349305694754
0.0016911569258525072
0.0019393692345990518
-0.0002973626501275759
0.0007848948280561752
0.0024702213894519055
-0.0003283166476548971
-9.59484385070442e-05
-0.00018793673884421867
-0.0016869744962543897
-0.0006477092032698475
0.00010757544892878248
-0.0012772603697227974
-0.0013824152665925637
-0.0015054399136595186
-0.0013867718710922458
0.0005465311048374923
-0.0008381122362172179
0.00042290304510040776
0.0011494259397877536
0.0002308811378583997
-0.00041376523327998405
0.0005923907970041475
-5.94652937534976e-05
0.0012939252962954715
-0.0011100688666227565
-0.0006161701088045975
-0.0001497025877749813
0.0003597554192382491
-0.00015988402069145243
-0.00042877610295664404
0.0006401323655803351
0.001153821036934274
8.077555867733855e-06
0.0006057659113752777
0.0003771363302988747
-0.00287153175690319
-0.0004551132066483041
-0.0017159502468790115
-0.0006165604630404476
0.0019714754543114737
-0.00023834105780391176
-0.0019597181697366566
-0.00034201457012187714
0.0012728447567023778
0.0004000418822394539
-0.0008960085306367906
0.0008183911870945524
-0.0014732367239777395
-0.0003350057656219122
0.0008742930277626635
0.0001304726395796232
-0.0003319183313234423
0.0006267866953672799
3.7889226654943447e-05
0.001772870923959638
-0.0012393364178626143
-0.0012856774061069589
-0.0006409224911092796
0.0001474344580063499
-0.0014493392793505134
-0.0010600514736375433
0.00026400616039676
9.081921769086232e-06
0.001578960873981045
0.0010095557609639842
-0.0005901426002055499
0.0011900421124842716
-0.00161988624889562
0.00024611538323520815
0.0003087067117645994
-0.00019824576627950176
-0.0013265631946013288
4.211310606534655e-05
0.0002539721891217677
0.0015079518969963344
0.0004584694953015912
-0.00047724375519487096
-0.0013060414353170274
-0.0008282559423491727
0.0011233424266778528
-0.0005099836934963307
0.0007518330852787913
0.002039226563684921
0.001015979531279885
-0.002261165040104139
0.0006258044407021929
0.0007961644870304554
0.001468800373677175
0.0001487949291164148
-0.0006114063439650753
0.0013144202294069207
0.00028185705062663764
0.001535611823897804
0.0009003572553279797
-0.0017381577347586768
0.00018482096432539922
-0.0003748895140853262
0.0026616831890524735
-0.0004992717250348327
0.0009219209672067742
0.0011747913372088712
-0.0007385394742587177
-0.000584818652817684
-0.0020024742010902553
0.0019850198982786344
-0.000388008647261757
-0.0015936844193375948
-5.639916770696696e-05
-0.0013910801420782878
0.001103906247403669
-4.1405543411356834e-05
0.0005413045275853623
-0.0006455054393018092
-0.0006160707904264822
-0.001123579431457046
-0.0014459022627099558
-1.6628229260907866e-05
0.0012481691380641616
-0.0013647116053287398
0.0004213175233806762
-0.0030342511817613572
0.00102748373901498
0.0015808753563270569
0.001276297298074853
-0.0013637158439988393
-0.0007698198908807495
7.969711625657429e-05
0.00014039528814807514
-0.00022211058552538794
-0.001997448740697844
-0.00014807510117514127
-0.000809176409646277
-0.0007117472888120284
-0.00031863653659116063
0.001885713729326137
0.00105791769370881
-0.001910645111730165
-0.0007872700888382613
0.0016694238881340747
-0.0010607301898419347
-0.0007785459697257676
0.000914340885761095
-0.0008007862487100099
0.0020868966072166584
0.0001439100174968385
0.0011254898604336342
-0.0015300477101733033
3.7501538132607654e-05
-0.00010130831314603327
0.0013081264979171014
-0.002449148494782237
-0.001292859463203431
0.0003841533453909139
6.48428371411674e-05
-0.0010709877538040333
-0.0015263181451742626
0.0006232822048420525
0.001435018537801338
0.00023983811248214982
7.80864048257191e-05
0.00025366255292979243
0.0015361283279877644
0.0006897320889418498
0.0005845331079232147
-0.001384123510788892
0.00025928981273185843
-0.001656614153833943
0.0003245184867143877
0.00021483215660996225
-0.0010910523787957698
-0.00100234512699438
-0.0006568518785148795
0.0003034228128333245
0.0014225389781054414
-0.0010717420899635885
0.003228319244648509
-0.0004644361430360356
0.001250585015623061
5.486333379117153e-05
-0.002746160660591385
0.0003202784490673715
0.000996100762468309
0.00038857193435874905
0.0005651646307898397
0.0016886577425366206
-0.0014074921610699059
-0.00019796756491312925
0.0004908432309879653
-0.0007784284460976111
0.00015922012854113
-0.0013144146493950352
2.10267319094746e-05
0.0017025011653658058
0.00040288503496185797
-0.0010017803094985313
0.00014276510061300766
0.0012289452562231507
-0.0020060610644611248
-0.0005388841332948678
0.00037365181295918583
-0.000683748680622066
0.0013978041313079566
0.00022033839027848966
0.0006015548505468074
0.0018046482488931457
0.0005097975900571005
-0.0002890660103496149
0.0007576585410132748
0.002129055639389417
-0.0007967981196643746
-0.00023876861580174154
6.229833006659685e-05
-0.0012292977614812173
-0.0009305149586655312
-0.0002939758781210326
-0.00053970508732333
0.0011438033681855932
-6.467160239079857e-05
-0.0018421660557445241
0.0007724812617840271
-0.00029763878304698134
0.0020680493809286937
5.146667274760454e-05
-0.0002965166736579773
0.0007731589836489946
4.2854785830778216e-05
-0.000557247640631414
0.0012568926214623168
-0.00018830901841993867
-0.0011577748628165139
-0.0010232900081968922
0.00036528707684007586
0.0014186238640666413
0.0010275232136272407
-0.0019090698873895134
5.3289740609104796e-05
-0.0005923198020530943
0.0010520161557618119
0.0020686124072877917
-0.0017746306908475874
-0.0005959306000577688
-0.00010908192176908635
6.178801231460645e-05
-0.0008024354324589867
0.0020392066857350026
0.0007869445511702098
-0.001403835246707543
-0.0006984708997507874
0.0044488857326345915
-0.0011259801787053333
0.0007969145590206297
-0.0016826685076087738
-0.0011757967286056157
-0.0019520274569817834
0.0016792742391668264
0.001969686837880425
0.0007222459509172846
0.00031300391950924046
-0.00012941252416023865
0.0004002170183357959
-0.001224933598676123
-0.0006520153521145926
0.0019438533182741739
0.0026234685703449626
0.0013766893389313313
-0.003061107990432069
-0.003638962805651101
0.0014575308468395564
0.0006069640092879257
-0.0009362548868468251
0.0010593386149108134
0.0003215397768030603
-0.0024411283651097695
-5.693054534700417e-05
9.95161122318424e-05
7.45486991653911e-05
0.0012727660169520288
0.0020318787802575274
-0.00039389319194799
0.0010121548365023153
-0.0004340847808263783
0.0006170991479704339
-0.0007390544786638622
0.0006827482750641589
0.002303194121173649
0.0027845693188925202
-0.0017371387651046787
0.0005789344298554965
-1.7655454583701332e-05
-1.3025530482295025e-06
0.0005487889929100507
-0.001307722335400145
4.507170336265284e-05
0.0011625642139981068
0.0003288126464772457
-0.0008419275601190873
-0.0014898333392109843
0.0016537866796346203
0.0015718121292439735
-0.0003171517730530303
-0.0015641565500363972
0.0010882344526855295
-0.0006931073330190335
-0.0009399725188889138
-0.002318155956658821
-0.00037353559324146185
-0.0005956195043964828
0.0005604364860610406
0.0010535042854703412
-0.00013619227130458393
0.0021891675297532874
0.0009178432455274171
-1.7059717992964367e-06
-0.000521821017533607
-0.0007287403266241501
-0.0005562888373511715
-0.001225204309352165
0.002105912543074784
-0.0014132975919132007
5.846946370369435e-05
-0.0016416928166887105
0.0003129851808513387
-0.0006410181823581382
0.00019057868720503482
0.001030917929742893
-0.001086413120940664
-0.00030551499755525065
0.00039737735729152213
-6.0717338557283026e-05
-0.0008223530927579918
-0.0004247636380060039
-0.00018190642377738676
0.0022746396264235846
-1.397119610812885e-05
0.0007380521180136828
0.0006050967801610102
0.0004181998249255524
-0.00033558709909560155
0.0008395999138327549
-2.533953332689905e-05
0.0015774833739819292
0.00206768383060027
0.0013404542542436637
-0.0006344038228064166
0.0004895796876430743
-0.0016500957469318663
0.0010560379343583961
-0.00048304171147823004
0.0012243652755813917
-0.00040595816690300985
0.0012573112376971485
0.0004688423904838976
6.0368503958443216e-05
0.00027645394763357834
0.0013824406288768182
-0.0012849766882646028
0.0011111865637962871
0.0011536171255388432
-0.0012517947183606495
0.0006074698408013968
0.0017225270248197727
0.0007288521845062651
-0.0020164785106899005
0.0009463024642205741
0.00039657973842067447
0.0013383805841218224
0.0016286015444610257
-0.00017169123524709697
0.00030574642541605804
-0.0001650632581064737
0.0013787120560075602
0.002181265152628008
-0.0010384922387167666
-0.0009480553977870333
-0.00012624836132862826
-0.00040169904876629454
0.0014774067804579866
7.026358546068968e-05
-0.0017772657731841943
-0.00027021245763230177
0.0025074479248975872
0.001792079453199934
0.00029392910505739584
0.0003579104509404418
0.0018144762493852772
-0.0012951404533162502
0.0008088354981649356
-4.3684929765166405e-05
-0.002639471398113707
-0.0014133458533924742
-2.83977917179749e-05
6.914233230841281e-05
0.0009733822817906662
0.0009268601967165765
0.0004083875855971568
-0.0005640904969522833
0.0020293592231477972
-0.00021862746026089322
0.0012993830322738716
-0.00020742150772968518
0.0014931992433474713
-0.001535004498833485
-0.0007608904486318066
0.0007675657994170787
0.0002597453220528402
-0.002138433051656861
-0.0006883695080644904
0.001185430131790189
0.0002066721205079281
0.001738385845503164
0.0004107385089274889
0.0008873061442486877
-0.0006300530358552607
-0.0012042703994698976
-0.0014337071943506668
0.0031804454136823224
0.0015510018402792138
9.066396639433249e-05
-8.795049873413968e-05
0.00030304300124694625
0.0006834293345951281
-0.0016750266350387183
-0.0005534732523578662
8.745437086863057e-05
2.8422759580924258e-05
-0.0006584993212860055
0.0006910598425284541
-0.0027575465346431393
0.0021294848873223402
-0.0023059445245661053
2.1201473805475888e-05
0.00011082701397484415
-0.00021635860351966132
-0.0004162238645616014
-0.0005807749877055455
-0.001298619659999554
-0.001985099219386101
0.0001380775742077725
0.0005237786520009997
0.0009976759202987013
0.0010436632189162428
0.002251116871871808
-0.0008038476014853753
0.0014312940700071518
0.00102827994106263
0.0007850622140500776
0.00047293316121096903
0.0002296344503344693
-9.73854596110825e-06
0.0016396569323488576
0.00079444348081906
0.0003085778405139662
0.0017711785664347775
-0.0016773138276199027
0.000510187952468631
0.00028535362024400895
-0.000153762284953108
-0.0004450551579965572
0.000999252963838571
0.00013841637835242636
-0.0010885756648993056
-0.0013630192517812378
-0.000891533949974032
-0.000735095907130996
0.0020231403607763945
-0.0008773704497260219
0.00011320162998305425
-0.0010846514360824478
0.0003915981834169998
0.00020615577043009537
-0.0010329327698831645
0.00018364173676538678
0.0009561205865029341
-0.0017228840286903605
0.0004550489290124735
0.0017394618422908726
-0.0003654639346903724
0.000568671173852603
0.0006979551297042859
0.00016331443602305242
0.00016463248596169496
0.0012290942100366589
-0.000922422596641837
-0.001193381419587903
-0.0006047021862828183
-0.0009274617866520584
0.001354409577601077
-3.422741903779031e-05
0.0004499774461722088
-0.0011546785753617362
-0.00030135585030427697
-0.0003681656631793193
0.0003394212400977048
-0.0008857663977177392
-0.000698990608707196
0.0007073219783306487
0.0011006445478292288
-0.00032971925467145137
-0.0016745150761301618
0.00020637073092521103
0.0008436120407079907
0.0018969512446212872
0.0010151646376397336
-0.001133965738510474
0.0022986242306464425
-2.0843456813496657e-05
-0.0006053577547073351
0.0012180559376028584
0.0014936182478166075
0.0001051887830734966
-5.74101198917026e-05
0.001056886814078149
-0.0012347978196390252
0.00011460709517304319
-0.0018151897212879847
-0.0013499109233179583
0.0012133126347219437
0.0006963194119626896
0.0006952600387624442
-0.00022941441274225213
-0.0004958442317353546
-0.0015928121381709312
0.0005159217130939212
-0.000570293399292066
-0.0010709598027018458
0.00047181779189651394
-0.0010677267668395142
-0.0002158314007794206
-0.0009745192428542795
0.00031417155682795654
0.000920063656505136
0.0002779372013225329
-0.0007962228598368544
-0.00034103915386045857
-0.0010381007778916187
0.00038323333747862384
0.00040364163401697986
-0.00034822169044949826
-0.000198906830307536
0.0005512737883554282
0.00036154631955647327
-0.0009849267644707767
0.0008155512200147002
-0.0015677114584316627
0.001439941371979816
0.0010717420119631844
0.0007040663530652701
0.0026677286653649223
0.001119096785375768
-0.0005175595607105649
0.0019887925603789412
0.0010452863900829801
0.0022223642881360546
0.0019076722390331876
0.0022643161507945346
-0.001221916799377835
-7.459975761098367e-05
-0.0019030587535721095
0.0006100184743845795
0.00042381532080836893
-0.0008117788051734637
0.00205875666030643
-0.001265827107663714
-0.00053685940345468
-0.0008488303669315764
-6.767337832520341e-05
0.004176133560643744
-0.0007917283795696746
0.0011179022153793993
-0.001503949306499073
0.0012441590489218532
-6.515225678811218e-05
0.00030182946610425067
0.0004099826470093274
0.00011592222661499294
0.0008843194955313944
0.0005389915506780777
-0.0004365855340937335
-0.00045659522691444347
-0.00053456251319157
0.00046594581985892933
-0.001126025208581476
0.0017715479001142293
0.0025427608485966645
-0.000489329128691739
-3.7892914107457896e-05
-0.0008334531640499187
0.00030569540342957835
0.0012130904486936768
0.0009030160299005377
0.000988627699344284
0.0009562563648771381
2.04220091419128e-05
0.00037590567881828983
-0.001553789426663004
0.0031934152949643817
-0.0013179646298441122
0.0007751477632577708
0.0012684539752099244
0.002148859631224698
-0.0008373197912258429
0.0016822316041461391
-0.002234435993001264
0.0013315839835871244
0.0013420980692226401
-0.00022812656840471855
-0.0008602878510990413
-0.00021187191113981893
0.0020723058194311423
-0.00023393366178353221
-9.310499963585084e-05
-0.001015233316442821
-0.0018982156859651596
0.0007216553004831868
0.0017763681927081066
0.0012732414316225032
0.00014521758820276842
-0.0006781692958326835
0.0007456685379250776
0.0007294661793784782
-0.0007769295300159693
-0.0017953057244606786
-0.001780138717199615
-0.002147453799233943
0.00011186189659506381
-0.00021671926236100926
-0.00036015014989335375
-0.0009451988462304017
-9.739589995407471e-05
0.002412783323540195
-0.0005363673974575316
0.0007363388353890086
-0.001535691917717484
-0.001303335401338372
0.0014353768539790025
-0.00032032918490506137
0.0011195468123510921
0.0011819416649343063
-0.0024598790534136163
0.00036026180912854857
0.0010989284956378108
-0.0011943715730644148
-0.0005360276484694595
0.0009261554409723001
0.0002643114077954792
-0.0009868646460540545
0.00046870773814385025
-0.0005817876079499072
-0.0005079189589504865
0.0016934716777661462
-0.0015347206538175034
0.0016066690431378913
0.0007128176560918448
0.0013369280557420495
0.0010142533682032703
0.0012941448605821224
-3.555503231205018e-06
-0.0004194132579827337
-0.0003935770408441052
1.4354268906856011e-05
0.0013089909441310287
-0.00205179496561972
0.000536881603076672
-0.0012945755275478867
-3.465490986246836e-05
0.0015516037037685197
-0.0009316798805537615
-0.0006858730167568727
0.0009795540858335003
0.0006384097087654952
-9.947914423878881e-05
0.00017588865219191294
-0.00022806546558418913
0.0002112036677601747
0.0007393980450314668
-0.0005153948652223732
-0.0006322816236175147
0.0001343694224187215
0.0010367733908848153
-0.0011206680367780073
0.0017996807050158197
0.00020971448294703453
4.7392063792575094e-05
-0.00011603804572441133
0.00121526925120673
0.0007659016588144789
0.002416637488770593
-0.0011130729982577407
-0.00044814947422866665
0.0009544722958917253
0.0009518229852208456
-0.0010306959494324043
-0.00018814226725651732
-0.0023200068876787112
0.0006756976261096387
0.00019595990699700284
0.0028370273743411286
-7.286092642913518e-05
-0.0007769040996747048
0.0022541067124186537
0.002029679972740074
-0.00023025106761119223
-0.0006144432974186775
-0.00032876729421416436
-0.0005268621805342105
0.0008798806737449494
0.00012420591766303883
-0.0022268035980326753
0.0004670901768191811
0.0019660105654971814
-0.0002081440058037602
-0.00021877407737675372
-0.0003458866467197755
0.0010045379346677456
-9.950119625661721e-05
-0.001129676636399858
-0.000782912022659626
-0.0005607220548196555
0.0011682371656854089
-0.00017499339228307787
-0.0010087876463535058
-0.00015437841677122663
0.0020993136026340358
0.0011315802225534924
-0.0026839345745871233
-0.0011081079495094764
0.0013780884843209024
0.0017309167851477327
0.00023560075623711563
0.001274541864297151
-0.0015429521011673638
-0.00029353233976286443
0.001968178901814418
-0.00391585406508937
0.0013803806908033946
-0.0010725195292682263
-0.0002516795256850685
-0.0007847726323585095
0.00022616670529122956
-0.0021319762356854896
-0.0008511754543733434
0.0008673034860479593
-0.0014146289717452043
-0.0014840998795390933
0.002332024010159409
-0.00030558456949610546
0.00030270227625948774
0.00037307484728714137
-0.000967856319323135
0.0008406512885666702
-0.0021762679639570075
-0.00024406273897290817
0.001898833367406031
-0.0003291960193455144
0.00033880191357749703
0.00011333334725408483
0.0008497582389638934
0.0008315121469829886
-0.00221972922436045
0.0002226886672881951
-0.0005905103254857415
-0.0031659505104894414
0.0004529827964253985
0.0006841402645243383
-0.0008631869829214027
0.00018312147584011558
-0.0003442423776591288
-4.596184419116605e-05
0.0001406791572491676
-0.0006253026983543641
-0.0003551655301146082
0.0019622043627813357
0.0011059052271672268
-0.0008566170314522382
-0.0012316396975299018
0.0006449921341122587
0.0011597108118458794
0.0011209098804547694
-0.0016334359230881542
-4.113951496918359e-05
0.0011781636935034013
0.0002919368390736326
-5.453559200406121e-05
-0.00014735405262698294
0.00041832459662522056
0.00038733382798405264
0.00120978443472555
0.00024499171715259427
-0.0012073485236578534
-0.001618068311604587
0.0008971697898205098
-0.00014492286268287478
0.0012296395073238178
0.0002904862193836262
-0.0009356077320805889
-0.0001757854645076516
-0.001185686585406597
0.000623625403745999
-0.00020231300187625227
-0.00010760218848362246
-0.00021902273625593096
0.000198042112086536
-0.0010723492561545635
0.00024067766927545977
0.0007847312930283814
0.0007666482225541991
0.0008735113318014319
0.0010758369162697265
-0.0010770171841297416
0.0017117939951444422
-0.0022279113675004276
0.0006293196055716244
0.0017986538487034342
0.0006086993414998213
-0.0014024568766039798
-0.0012173163472760048
-0.00020850147060591222
-0.0003293603065358414
-0.00017489108403679566
-0.0004209400553418387
0.00034437429843829507
0.000338179006330539
-0.001668794646944983
-0.002407305918423156
0.0009703626285172658
0.0007585661247649383
0.000693089815409945
-0.002067061484602676
0.0006611684948812293
-0.0023578020942379226
8.773778655094498e-05
-0.0015763855587356743
-8.353901642065398e-05
-0.0012522049025971615
-0.002950701381619163
0.0019631392727480993
-0.002137889139153074
-0.0002148791424622354
0.00022148763740003182
-0.0030919719633404285
0.0005353567795918064
0.0006607744593798644
-0.0018880211682047554
-0.0005423091270459966
-0.0008153154791513979
-0.0015329273748184119
-0.0017929415081380273
0.00015057557978385093
0.00037024553886302723
0.002056910490183704
-0.0010272391399131914
0.0006372398737356864
0.0008782135885718671
0.0008962856362411177
-0.0013099881859218508
0.00016886703021483764
-0.0006455784870113639
0.0012739755446858788
-0.000345758918517552
0.0006783405133478355
0.0011061125040701626
0.0023904660055679475
0.0016208897643053184
0.0003206559999678276
-0.00036315588175191816
0.00037746455842844513
0.0008710390016160445
-0.000496491566808473
0.0004200282745939473
-0.002062880329747701
-0.0010325712256378
0.0031578197466352437
-0.0006486231046122852
0.0004758635716371615
0.0012654495614035084
1.4690666971066962e-05
0.0008631315637450235
-0.0013144097793414981
-0.0006964557502604726
-0.001182576745105464
-0.0016192885762155425
-0.0007653352355709416
-0.0007141547721575062
0.0018136991326885416
0.0049484788252988935
0.0005469903791694642
0.0009469608965635983
-0.0009746300158016004
0.002847938509873216
-0.0013509661481341242
-0.0009627142279984059
0.0008262108245734243
-0.00016707663745164884
0.00014730885194542265
-9.214327211384382e-05
-0.0010074531056269537
0.0005053441921385488
0.0020741568611541547
0.0007251642370314275
0.0003485963820716974
0.0007691781302954103
-0.0005028432910460662
0.0020151313964308424
0.0007737779111076465
-0.0003079292859387858
0.0006033182841166251
0.0004962339995319092
0.0012074095754356267
-0.0003379626754147324
-0.0009455804310554208
0.0008220422167352364
0.0017109460171800637
1.0774440155969043e-05
0.0002486987020290888
-0.00317383013624483
0.00047378624566070263
0.0013900813451406058
-9.154853361892537e-05
0.000594197880086024
-2.2233725403578333e-05
-0.0013318899679018394
-0.0002437355409789818
-0.0016715432127981822
-0.002241505580365429
0.00018699124667537084
-0.002682482926308224
0.0017013254411950315
0.0004990199905533334
9.07561938065647e-05
0.0009873501786805848
-0.0009152715087991527
-0.0007833890760014717
0.0007490083614223175
0.000881292932261886
-0.0008321950944330781
-0.0005586781695828658
-0.0003669290883083012
0.0009777290792310862
-0.0012604637815621011
-0.0012179765420304188
-0.0012671458220420567
0.0005631751063103516
-0.0008452999442551219
0.0003904561713300745
0.0008905123873037793
0.0003312575945435606
-0.0014007453711953038
-0.0010447575701049063
0.0019732653459275918
0.0011165067212041955
0.0004125110623575438
0.0019153990438785632
3.653201211697633e-05
2.0939479729794203e-05
-0.001335108230752859
0.0001824399628903691
-0.001112420186142108
0.002292303123445516
-0.0006846481158726272
0.0011271468451068425
1.341336682975581e-05
-0.0010483272391374825
0.002058416734104976
7.825102854470038e-05
0.0009818599439333983
4.156138181007627e-05
-0.002169651702786377
-0.0012851832567559397
-0.0011780928947686612
7.49254095175872e-05
0.0016857450735563695
-0.00032289939189736235
-0.0014760932887922299
0.00022707711009432115
-0.0003641534125640664
-0.0006246648417665694
-0.0009594618345571219
-0.0004351733728010959
0.0004972026589254913
-0.0004982994913224663
-0.0002742360731052487
0.0018956740567298478
-0.0026500167636788405
0.0005455737988114596
0.0006751332355168495
0.0019929888658732453
-0.0003216937354583383
0.0011853962161982048
8.98479451732736e-05
-0.00015203363249250188
0.002850658850628475
-0.0020505015399445155
0.0015650375959736416
-0.0012571286159926548
-0.00022130065850017855
3.712892622655522e-05
-0.001027241152235222
-0.0006401195127489342
-0.0011122715991293652
-0.0007675939960106221
0.002675914341282392
0.001048988778017833
-0.00032243030188852
0.0006442243301776092
-0.0016141039490389112
0.0005642094126556338
0.0012366445799574402
-0.002021223731541083
0.0015432497763399192
-3.395591885624627e-05
-0.00041701934118339997
0.00224379985794646
2.0397610704006986e-05
0.0005615700767559325
0.0009307750394111958
-0.000143616141142813
0.0015757170563858505
0.0008863782233832568
-0.0021217435850081545
0.0016809886997522724
-0.0016370777294573008
0.0016150479801916985
0.0005934972384763574
-0.0006522920370028613
-0.0005714872739137306
-0.0010599045259590645
0.0015032158985328324
-0.0005325423639416639
0.0007078029774322958
0.001050972458875005
0.0006656690189643946
-0.0010740925927988257
0.0013362348858197823
-0.0008136931631165657
0.0009130887055061836
0.0005572083131813874
-0.0003198554245944246
-0.0007879821984959577
0.0007729001946607244
0.002300316447417033
-0.0005725541532718101
0.0018313795851863397
0.0014195159646276786
-0.0009739575692387266
-0.00043696685840182353
-0.00103745945813009
-0.0005059179257655352
0.0014809580842623552
-0.0007153858569491159
0.00023129894381708222
-0.0017013395729678974
0.0012115650250697277
-0.00010418907996115254
0.0002456638150337755
0.0004138185544001772
-0.0018954293181995758
0.0010751444269175552
-0.0017953621607358077
-0.0007382374116186922
0.00048531835456004977
1.6344520358945252e-05
-0.001985505151606269
-0.0004399905246081772
-0.00023034820440860938
-0.00012220708263110846
0.0025922811781534526
0.00018151548663766887
0.00054214113936626
0.00017146118399398097
0.0006375575236405301
0.0005620300964005444
0.0013823401371781834
-0.0003759299764964679
-0.0007750375829367465
-0.00035172420732144976
-0.00011033546537383068
-2.9110842241730952e-05
0.0005540059051829746
0.0005049582361974199
0.00069691291173165
6.31611473315964e-07
0.0007946252641849375
0.0027140660381911193
0.002636870642804642
-0.0013525297294230071
0.0005174689390460214
0.001979512007156769
-5.450483266637448e-05
0.0006286965288450355
0.0014189770521044465
0.0006473944552893731
0.0015288018925858874
-0.0006236660275936703
-0.0018529732459057074
-0.0019487188422636504
-0.0006796183517582222
0.0009930192849258853
0.0010340697667429967
-0.0009611049263198903
0.00023637053669757716
0.00038086109352235183
-0.0011508460909291141
-0.0013284549249145572
-0.002027784907412416
-0.0008600751064340921
0.00037200367481335584
0.0019997432091920448
-0.00037306930616497474
-0.00040222211925285036
0.00070364954851687
0.00041133627772704383
-0.000665598794957842
0.00027671906968012504
0.00013142583699515375
-0.00036280658290704904
-0.0032309110009648184
-0.0010409226566115526
0.00183212700582568
1.424224795307488e-05
0.0013227718530615575
-0.0008243953474990904
-9.821955902770025e-05
-0.0005728042046681098
-0.0019492799822503782
-0.0004803191604169118
0.0004682564722216037
0.0016335315168917494
0.00045955108270747384
0.0005589448184928394
-0.00032958846235704974
-0.0007951272666077666
-0.0012549250522182875
0.002587991102474058
-0.000418164413405145
0.001536466409800068
0.0014236429617915571
0.0003963190747711428
0.0017544760120696014
-0.0008198949679265873
0.0009943721407217436
0.0030799929669267684
-0.0010433242415355639
0.0008494511496066301
-8.91238619011911e-05
-0.00031825462540184584
-0.0003247072481333821
6.1020159104914257e-05
0.0011049880003118247
-0.00044921117440413017
0.0017790365323840005
0.0011355422055544422
0.0016943560995962188
-0.0004921392560873902
0.00025303515237345693
-0.0005227802200963689
0.0005984731054165955
-0.0005293785754236061
0.0010461513173362236
-0.0011637078285182555
0.00048315905413661125
0.0007970342339573717
0.0019399780438806849
-0.001455589706253573
0.0020364400012497733
-0.0008207493896523651
-8.174007543191453e-05
0.0014361266621377821
0.0013223056888412312
-0.00021066537415799288
-0.00039256677563742875
-5.84056903084345e-05
0.001013485120572273
0.0010221876576580395
0.0001523703785755117
0.000288977351511095
-9.202039827669056e-05
-0.0007953988704215759
0.00030650835368856616
-0.0014368300437049737
-0.000490885523116226
0.00031794307587985345
-0.0011950352875594258
0.002463572548197621
-0.001325884935351144
-0.002627974091315183
0.0013516978745619162
-0.0002568541968724888
-0.0012354579401494285
0.0018988080378244945
-0.00040011680681991324
-0.0004707057240099119
-0.0008038520536953898
-0.00021088579998451468
0.0012753862931326764
0.002064984479024476
0.0028369141643783606
-0.000510822932984881
6.733764227008489e-05
-0.0024432564350995987
-0.0008170495096625043
0.0007261368242867009
0.0007716467460706355
-0.0019740259409014144
-6.41318988153134e-05
-1.754696397680623e-05
-0.00037826924528488684
0.0004253796414438552
-0.0003626589688001916
-0.0009213369149881335
-0.0006996856787016209
-0.0003017876665054512
0.00033038002945719506
6.477474455641159e-05
0.0009697243775081659
0.0005461652860374244
0.0007562073731107994
0.0013488394154203393
0.001226586922412534
0.0016560185990968394
0.0008151621891341411
0.001683264836162914
-0.00021923459750554296
-0.0032182304843873686
-0.0002019081422168762
-0.00016589129006392407
0.0008460887358224878
-0.0010683047283977323
-0.001748052191373836
0.0013706026673574896
-8.395643237731815e-05
-0.0017462627956016433
-0.00026880622503324195
0.001130978057447894
-0.00047139995500282644
1.861002617631655e-05
0.00012457504186831852
-0.0005661233536390698
0.0009578321977535178
0.0017369136124094971
-0.0018850578800559726
-0.0011181010856949121
0.00027302265551556933
0.0030913737192466285
-0.0030865060050588454
-0.0013508109326338133
-0.0010324520445563058
0.00034256563568251983
-0.000490758038195715
0.0017661644879143124
-0.0002437353940377111
-0.000485256364567788
-0.00011255359865137532
-0.0011690054977247747
0.0013686223900136855
0.0003472363069296884
-0.0009032423002332323
-0.001213107302967886
0.0011988305523206381
-0.0011621623691758672
2.6748589628960666e-05
0.001865575286785167
-0.0001927467057755833
-0.00023974933211325688
-9.041186555399526e-06
-0.0007490314946185464
-0.0009292259575798006
-0.0005834344861572044
-0.0009161119562996215
0.0009378144085792844
-0.0015200582466357742
-0.0007528677095917248
0.0021822311345969666
-0.0013813886621795001
-0.0005265958109231322
-0.0007315999491428531
0.001760374532527892
0.0005511258346264166
-0.00012057177720892749
-0.0016740585265091774
-0.0005669681360175024
0.00033830936113559334
-0.0008538611702411621
-0.0013477142867749142
-0.0020449039211797304
0.00021850454090509107
-0.0008005774080426062
0.001219356841815358
0.0006477668453472515
-0.0012988934833999231
0.0024492944909883674
-0.0007977316793181993
-0.0010283829422530085
-0.0009487663677107849
-0.0013296564992587977
-0.0024281719748040576
0.002007784325834334
0.0008830821123729059
0.0018293909841167308
-0.0003311571222897839
-0.0021842789994010983
-0.00013785781436770063
-0.00033742474065860076
0.000821856380883794
-0.0008226898675663622
0.00042720533878072244
-0.0012155711706618787
0.00018185303680982677
0.0012363917519235383
0.00042898997608635764
-0.000267224116991237
0.00022394601103725608
1.168840093780824e-05
0.0003997035520632595
0.000547594708178614
-0.0005782757091540392
-0.00035931091880144714
-0.0010642266883087955
-0.0012155705736162949
-0.0006974761073494147
-0.00197350377349602
-0.0009432419349792169
-0.0005182602524791312
-0.0019727166060163814
0.00033527043844800304
-0.0003797932019267385
-0.0008765777216793575
-0.0005697892243480755
-0.0003877696573391442
-0.000562281727249779
-6.875267654076611e-05
0.0005336484976105803
0.001824897393230926
-0.0027897159779916
-0.0009430354904488615
-0.0006841225140188601
-0.002593317803077308
0.001516371186332667
0.0018224460701231138
-0.0008180062188639182
-0.00014555618662964387
0.000890870960241979
0.0007705139950401466
0.00011591243502323296
-0.00013000190957362335
-0.00027885919128474283
0.002564321608613153
-5.2922510288982143e-05
0.0015704428438673209
0.001760910686311632
-0.0009669692750885532
-0.0009959258259027454
0.0008573923322642197
0.000714901223868318
-0.0007433230907534035
-0.00034145092373690596
0.001088181788934178
0.0015410099582872402
4.7509121186023085e-05
-0.0007622282560948142
-0.00033390417232777254
0.0035923247980562917
0.001448065091270637
-0.00016600186016600262
-0.00030042814510001874
-0.0005182262440821337
-0.0010536887805103112
-0.0017117732523401887
-0.0002237960012352786
0.0017407575078813551
-0.0015905504364752342
-0.0010984860269678998
-0.0002010609846930063
0.0014309812351357297
0.0007627921369229253
0.0011563234047878906
0.0016689262358357457
0.0015155921253709108
-0.00025084535158251107
0.001639782767328817
8.615511703861165e-05
0.0032916391181614635
0.0005299360140370671
0.0022561208098978575
0.0009665293678369996
-9.192510387974423e-05
0.0021974903173436486
0.0006859881776135921
-0.0006953084999934593
-0.0017740512457349467
-0.0024333553606031583
0.0013887945355789673
0.0009354466139604896
5.125562177414172e-05
-0.0005495359000283189
0.0006923493480757189
-0.0005899453239266174
-0.0008429661372626803
0.0004241955352126965
-0.0010845241725681819
-0.0005681492298421323
0.0015123084513371172
0.0021061549723069843
-0.0007379698887948464
0.0003807811475277982
0.001988719082009934
0.00017772217917837304
0.0016434386252607818
0.0004024334625621046
0.001795237908081319
0.0018108806515159386
0.0005607581480149803
0.0006480097686556632
-0.000617170174961313
0.0006129770610755976
0.000709813778123896
0.0018271900659481257
-0.0010313886608537145
-0.0026315868512620244
0.0007068299314551011
0.001162480380357368
0.0005794366101546008
-0.0002967732306856857
0.0018924454421425261
0.002014876806648445
-0.0009564158385807942
-0.0008674116549308098
0.0008882989861980381
0.0018036222554464174
-0.0012610035191660909
0.0009280084338102275
-0.0003859900060933122
0.0011863868162435994
-0.00037235123511098264
0.0012828074382599181
-0.0014836337873531337
-0.0024210437819580694
0.0007780085599808525
-0.00322397557341124
0.00225377086963777
-0.0001589892597200436
-0.003350111022636999
-0.00021288742071358385
0.00012609075897177018
-0.0002499926977922307
-0.0011232210909733068
-0.0002662322402140211
-0.0003704552008547963
0.0003258865019881484
-0.0009503911877132527
-7.750880940537237e-05
-0.0001458464166305165
-0.0026355976874846867
-0.0007866247528293154
0.00010213378677862667
-0.0006529103992347913
-0.0018247742031938354
-0.0011738528759036113
-0.002348199539439656
0.002187723429615441
0.0008246447331299041
0.00019781514814685197
0.00044902597426702635
-8.061687889847397e-05
-0.0004447502440329916
-0.0007108626829186802
0.0005346327086937259
0.001710508848339285
0.002124451080886728
-0.0013628967809829976
-0.0013519850373571113
-0.0013581300903549606
0.0009344898654274279
0.0013481128633139488
-0.0011499634564793987
-0.000715605700534663
0.00010831013428973736
-0.0014057000591477277
4.38022353015423e-05
-0.0024450233342737573
-0.0012470708411156967
0.0002635732745073292
-9.97933263296486e-05
0.0011143038417563164
-0.0009637870409112779
-0.001203274519703123
0.0009776387412847255
-0.0003563458350966287
0.000825050962326114
-0.0017172302158273381
0.0010197122518703298
0.0011586459602773338
0.0003050164750994431
0.0005968922771999119
0.00016336675639585683
-9.415628797271812e-05
-0.002320915506648197
0.0009207964093121784
-0.001340361797249507
-8.381866952258654e-05
0.0012404429775507329
0.002002195470514345
-0.00048431329483074255
-0.0009145059841114279
0.00018068911898345066
-0.0004149194366311466
-0.0012070796465437112
0.0015728464618840086
0.0014152762464950642
-0.0005610174792496828
-0.0005550059658155831
-0.002827561143919892
-0.0002325125914306149
-0.00011920544281072257
-9.378734473721335e-05
-0.0006611585561272344
0.0007413531582960077
0.0014450084289048192
0.0014903313256073598
-0.00024643207724841783
0.00024016695467155713
0.002265457395030459
0.0011394926928868228
0.0004976795969239644
0.0005135612995671574
-0.00048819037251401876
-7.07507810646665e-05
0.002080621192563861
0.0005666672234967442
0.0017527822184976475
-0.0017270094596591634
0.0016416715179382371
-0.00030908730998394573
-0.0005103692393276888
0.0019019407368841771
-0.0003111849096574134
-9.791573552303689e-05
-0.000882030277591284
0.00038300134350723763
0.0017133324198668487
-0.0007409952455991865
-0.0018728492135526434
-0.0016560749620118144
0.0014318039871508365
-0.0012963013666908137
-0.0007825311298948458
-0.0020652692483341946
4.4316354965563217e-05
1.994442283413468e-05
0.000953871160700807
-0.0013162904437617532
-0.0008653109370089071
0.001361054506903102
-0.0006943460550003163
0.0008643855240884693
-0.0005695046516965997
-0.001578065447023186
-0.0012143934598009341
-0.0010806397568809169
-9.111275110826826e-06
0.0011593838814397395
-0.002699274298164299
-0.0012537246695346063
-0.0008880731491763687
-0.0001731877949652662
-0.001998149316460145
0.0006391460599764328
-0.0010189860597148114
-0.0007187813247853725
0.00015685775064159212
-0.0016920153660353455
0.002350920349744088
-0.001766163971962633
-0.0015881428439733834
0.00038814489209163373
0.0011156223921791357
-0.0010473681172266964
0.0003199104632702505
-0.0006195411589790528
-0.0003328512678578942
0.0026115304814971554
0.00047918008538768255
0.0003875859210906374
-0.0007908516948051467
0.0011173349199897044
0.0020524733015445233
0.002064005382381402
0.0003384744650100355
-0.0009777350123439503
-0.0012045578212352723
-0.00015526623438091598
0.0014040660978514848
-0.0009203176143295886
-0.0010051725260658347
0.0010645976330390795
-0.0010643920566775237
3.0772733206623565e-05
-0.0006828970191825311
0.0023182070504587037
-0.0021063103712076776
-0.0005695198438772202
0.0006691470501175355
0.001971803482247374
0.0010736659255081557
-0.0026835065183147596
-0.0009129351682298565
-0.0009813058754676932
-0.0010712340956513869
-0.0023831593950845516
0.0017360501691526032
0.0011400624524705754
0.0005704346584651782
0.00023879415883480823
7.611247843830204e-05
0.000695427613017945
0.00020211312771984966
-0.00016758000035177567
-0.0009850377484390198
-0.0016078887168902648
0.00048693640841417936
0.0011736692936672336
-0.00022859613459166297
-0.001286135645000143
0.002428692328755306
0.0012904125485546987
4.734651973246697e-05
0.0027791222378134644
-0.0006319965668332209
-0.00017883044029172926
6.09902093804835e-05
-0.002126993942881962
2.8806023955713588e-05
-0.0018837013639862103
0.0002752114933440244
-0.0006286202926203927
0.0008264924933118519
0.000896516204108805
-0.000786436261207752
-0.00018366937166763687
-0.001277803254963477
4.0967387743940236e-05
-0.0018513369978497521
-6.848214860221547e-05
0.0017437354320435727
0.00030485504232615683
-0.0006114331816280719
-0.0013788061523359817
0.0006373574771319609
-0.00031376826712004995
0.0018156777726867602
0.000370993295147164
0.0016778271237499166
-0.0017137098611690036
-0.00047611582869926973
0.0005672298854856851
0.00025008307993145497
-0.0017913445318490896
-0.002501224987502258
-0.0009812362478438304
-0.0015621041408801306
-0.00016376668700422253
0.00019382283801441843
-0.00019267762791093994
0.0001013348083143391
-0.001178616045907193
-5.516647760959731e-05
-0.0011925053539653895
-0.0005997797759138998
0.0007047557999597668
-0.0005221225171565531
-0.0009534141572191169
0.00024553736334240894
-0.0014838989489522933
-0.0011761699897048306
0.0008151086158936627
-0.0003859795034383813
0.0007620996840298659
-7.743602420142641e-05
0.000917175050980887
-0.0011147763885309269
0.0007721952555160646
-0.0010289796088825537
-0.0004697592136374934
-0.00019307080496593432
0.0019067360452637448
-0.0015342792360538812
0.0021461417290316353
0.00018742189927845434
-0.0012294276915928556
0.00012230784810453264
0.0015182856918799325
9.333678811042247e-05
-0.00042122472146122094
0.0002795671691306842
0.0004317066309358528
0.00010590073606749263
0.0005123724317759415
-0.0013109283075529844
-0.0006845494873451079
0.002980435184360252
0.0016397375125109994
0.00020138600972384427
0.001402765550054428
-1.657835186958783e-05
0.0012669435952785762
0.0011407920242753164
0.0005694128195895296
0.0006395076771400217
0.000519939025559738
-0.002395360934162887
0.00023949438127516564
0.0006774857891219089
-0.0005166816160075041
0.00100267972618809
0.0011556550239684416
0.0021626041990379396
-0.0015886244619960819
-0.0007223584924629958
-0.0002499752287952917
4.77268618541701e-05
-0.0011014404699150895
-0.0007932980943860568
-0.0017846804073768847
-0.0013865361540930897
-0.0016287462042749701
0.0006182924279771229
-0.0005173804817269579
-0.0013734525986022323
0.0005548158810412975
-0.0008014664407350721
7.112759372333964e-06
-2.4598858728143326e-05
-0.0005392380522826319
0.00019875039530516215
-0.0014778313008593565
-0.00036391750752427684
-0.0013546838519896162
-0.000614181421779869
-0.00028494559770140605
0.001030201420022761
-0.0008219670572697083
-0.0013645355007457988
0.0008347937841677126
0.0017841895972386175
-0.0001556708883225134
0.0011983055468495617
-0.0015787024182069651
0.0008805241255911675
-0.0014463956908334458
-0.0008550015211183554
-0.00027197940807018267
-0.00014048865949257343
0.0011435054408927524
0.0003380049805798883
-0.0035429350537703403
-0.0014544310084882118
0.0009778457033135098
-0.0006388427663442004
0.00012437751744645833
-0.0015254725282136078
0.0005444401553060957
0.0008939831626516564
0.0011751887236340953
0.0005335632825009348
-0.0008160634356292055
0.0006317844631857538
-0.0015359204639826395
-0.0010908434360428507
-0.0007788982838497002
0.001009659954035887
-0.000974109312284803
7.471933377667623e-05
0.0010893695198639847
-0.000140527717808062
-0.001275378130931787
-0.0004152031077482109
2.019005936338927e-05
0.00039991293652384555
-0.0008731251230771242
0.0010794196911378458
-0.00026283550183294353
0.0001414315142313396
0.0001947876064473499
0.002244331424952917
-0.0007819727793616499
-0.0014348814787179546
-0.0018303628892551594
-0.0007936371243562428
-0.0012763411723076207
0.002081765009045396
0.0018415169916256296
0.0021146753285120686
0.00044297375346074284
0.0003439608043772859
-0.0031093884017067636
0.00129753988207046
-0.001005066113628337
-0.000634823977615784
-0.00037162747731933843
0.000379004834168932
0.0007206754618419374
0.0015655578633068776
0.000311444096381453
-0.0013173112562581512
-0.0012114911127268026
-0.00036180722759253907
-1.4012607251659926e-05
-0.0007620173118471168
-1.108622390013692e-05
0.001199366727979845
0.0014137819719898567
-0.00041669568767807526
0.0007166890048332848
0.0031183196585146747
0.0008892301963382854
-0.001017973779534533
0.0002715275959241455
-0.0005542938064409155
-0.0001613335684835587
5.426146787125819e-05
-0.0011461484054684599
-0.0002035675848971416
-0.0007954424881147712
0.0019400213568640883
-0.00038571483149614754
-0.000839745880429668
0.00047890155522640663
0.00011675274331618373
0.0005591423316455191
4.95452640541261e-05
0.0004724293398098856
0.00046812479892247195
0.0016672363294680484
-0.0009068296548077768
-0.0013881992656648674
0.001456473528607455
-0.00011427074991930362
-0.0008731603410327907
-0.0017870791608641434
-0.00013061065146113967
-0.0015601437092254544
-0.000804051862888283
-0.002124429819037296
0.0008147069449703396
5.676900319638209e-06
-0.00290070191745763
-0.00018110334885563433
-0.00020089096767698583
0.002388179222875569
0.0014668974674307436
0.000808793172892027
-0.0009335751655199501
0.0003119176708610999
-0.001030375091567613
-0.001818554261190782
-0.0012783571022439016
-0.0017864782579067218
-0.001358147065275687
0.0002476147911834178
0.0007191073951983923
0.0005126525829314433
-0.0014470748014591423
0.00024048821623815487
0.001028726282795082
-0.000629778472224432
-0.00032065287332274826
-5.8964919395752354e-05
0.0010482201127642774
0.0009185880976775414
0.001016527121955686
0.0011724810545194976
-0.0009878454728477278
-0.0007845866040471474
0.001055614312618901
-0.0006481166391521898
-0.00012042981028710863
0.0017612572239864013
-0.000430418237501993
-0.0009200823836728935
0.00021195187039223088
-0.0007315813054996072
-0.0009255338166441635
-0.0006886410360875388
-0.0020337180527581476
-0.00018454402333948874
-0.0016126951497183498
-0.0005170378727977368
0.0002716686023140797
-0.0019994156355587797
-0.0014011089951568155
0.00013635032995275607
-0.0007445371714569961
0.0008915017629858961
-0.0014373042439555653
0.00039751089994877165
0.0014313220699424538
-0.00036454275522527585
-0.0016040760604696253
0.000423435955569909
-0.0009691612576811611
0.0005036708645025594
0.0020037097696897765
0.0015172533667007126
-0.002226466276558585
0.0006718855775618336
0.0006613508518704721
0.0013414231423353137
-0.00012118191581188849
-0.0016336664624514452
-0.0010485239517364438
0.0018485639283796315
0.0016645515714805422
0.0011425286853666116
0.00013891333151965762
0.0007158519948746886
0.0016269029265751486
0.001445916860054636
0.00029374122992627553
-0.001544541482912741
-0.0002772215942416345
-0.0011510697488006938
0.0019202179485955685
0.0005118813147182387
0.0005757893978934498
-0.00010831134782576431
0.00013112790020084774
0.00010617651478109853
-0.0021330086744403677
-0.0005569706943423588
-0.0007956043363009726
5.560144763446012e-06
-0.0007094428658753665
-0.0027034098309587627
0.00037923828584191476
-0.0010415683521294427
0.0006061805833970597
-8.89027972668307e-05
-5.721037499942603e-05
-0.0005735184019966686
-0.0022849875486607614
0.000814152162126999
0.0018353976447325116
0.000828146154902703
-0.0006279139731116479
-0.001636691363627364
0.0011384962308790736
-0.0006549348307731522
-0.0005897082148522667
0.00019179559139066406
-0.0011920782290576204
-0.0002541056087018931
0.0009218297288308229
0.0015611281463550962
-0.001043303761015955
-0.000516146619192925
-0.00018222980041442322
0.0013305367811014346
-0.00019730059229926996
0.0009309019480567688
-0.00010144889042326498
-0.0019600850851826277
-0.0008404349764328298
-0.0007700778086067192
-0.00018116553351745879
-0.0006183794079287652
0.00040045337502664835
0.0006055373511893718
0.0010312709423350307
-0.00011901366213530704
-0.0007651165507222706
0.001158415776666593
0.00021423918759729
2.647706823484161e-05
-0.002704261805725698
-0.0018261283224636565
-0.0009829518737950813
0.0033645468074898774
-0.0018018603036633056
-0.0016944892120359443
0.0023096954356019834
-0.0011221245597506956
-0.0007707822673749546
0.0034066892383925675
-0.0011413524976127015
0.0006841293049152015
-0.0006895688402838101
-0.0001381811401829442
-0.0014540472436292446
-0.00043842346401516615
-0.0006031895087645054
-0.0007098851924652224
0.0014420604652942842
-0.0006554979298295109
0.0013333141653417643
-6.793697085675086e-05
0.00016538766510011853
-0.0010550875321414695
0.0019367472492594162
-0.0015007660589794415
-0.0005739405410655995
2.3393221954943883e-05
0.0006188879292408621
0.0013815322531890452
-0.0020822605847210774
0.0003001730157227603
-2.9619661855654926e-05
-0.001736034622766183
-0.0018905411398435434
0.0019559977614988944
0.0008687477850536905
0.0009442115750124359
0.0008598566765782419
0.00035625108427190106
0.0013023909779739241
-0.0013975829119985746
-0.0009933705496902783
0.0014070569813499046
-0.0010137919670897516
0.000990014556466282
-0.0012226841823754614
-0.00062137163179673
2.9261006055836337e-05
-0.0023243829076499967
-7.511827446490365e-05
0.0007159933013341649
0.0017054342748711246
0.0005570740806735422
-0.00038012331709157224
-0.00027143506800044294
0.0012414983269907738
0.0005050641127964503
0.00045947179938490607
0.0013379145577832293
0.0014396679894032585
0.0010371324868455522
0.001014916596134857
0.00038221642124601935
0.0007937398572959414
0.0005702451939377294
-0.00034892174893433293
0.0014947031934381733
-0.00031635237939679214
0.0010735799487345107
-0.002038270006285993
-0.0015528124859687659
0.000448563331996941
-0.0012653750977546137
0.00026421375128999003
-0.0015016717910501319
0.0018321138971176
-0.0022100599403272604
0.0008254352725250139
0.0004614717637654583
9.818113885715774e-06
0.0008390052780862443
0.0006928873519936814
-0.0008939719803104885
-0.0007961931034562003
-0.00037896792716202984
-0.002976572828424566
0.0012767329473440266
0.0011799278927145764
-0.0005221351525590671
-0.0016859902913582444
-0.0009102354061023624
0.0022234767179622073
0.00029745752933257153
0.00034729859080449035
0.00011408657815012942
0.000154141039225232
-9.457931487627205e-05
-7.395445784018531e-05
-0.002625742581741772
-1.6866191257520635e-05
-0.0013610862137357783
0.000829763767933022
-0.0024159434124527003
0.0011031756467890699
0.0009939852229229442
-0.0015180032924125098
-0.00010611089544993813
0.0007969086550750554
-0.00045159506450567126
0.00036056126461060276
3.7401488362604855e-05
0.0005193591860257925
0.0017587129414115767
-8.0926629770927e-06
-0.0008844874270861945
0.0010423446824141748
-0.0010954955964463282
-0.0005029818040746525
-0.0015488670704303425
0.0009144668126622097
-7.675672840763253e-05
0.0005741549259486704
-0.0005244271007342731
0.0002843934750474721
-0.0004014561254578821
-0.0001532934828607704
0.0016551798978773637
-0.0009728634105099818
-0.0012359223101395043
-0.0009405886476135324
-0.00039571627748663556
0.0008062327676558442
0.002182829136071947
-0.00166609324835576
0.0006502632268356034
0.0017398496194198998
-0.0019666127367897815
0.00023242493068791327
-0.00035252839369371376
0.0012686551749312624
9.47527515360563e-06
-0.0009475900177690662
-0.0009507607876547061
-0.0001412463929784968
0.0008122947780652085
0.00013301396874539304
0.0011705555345639452
-0.0004944949226377414
-0.00047704004907529073
-0.0024905417437390202
-0.0007260022764627748
-0.0013510916978491502
0.002085764484387722
9.575131159999034e-05
-0.0009159341211241534
-0.0005694712935975853
0.000951521147743459
0.0016542408726711688
0.000991309986729767
0.0011010241481737208
-0.0004100872667633249
-0.0003693713565193844
-0.0020622302335044835
-0.00017743214009066944
0.0014945238784646764
0.000466815077349885
-0.0016411137598103737
0.0009824662412926796
7.73310299129123e-05
0.00020484781215275458
-0.0016148920631296818
-0.0003752300450661146
0.0002583986278469487
-0.0008949734261683971
-0.0004127760175760319
0.001897388087981627
0.0012168199480663148
0.0011346753077414232
0.0006087658550735704
0.0007820672734258415
5.249435436171169e-05
-0.00035171293460587545
3.478522290526684e-05
-8.393166271935953e-05
-0.00023906702568064978
-0.0007477186346897713
0.00011515523715481405
2.58232136095632e-05
-0.0025607190077217307
0.0003246665716962039
0.0003335307435166416
0.0005246405034309571
-0.000701296933041802
0.0021623480039497816
-0.003054979308459468
-0.00012494690227473078
0.000991958439440398
0.0026975234725974194
0.00030275161206726767
0.0016294256227039595
-0.0006594395195917569
2.9609372873218498e-05
-0.002575759578758929
-0.0007364604099559806
0.0008153242662393746
0.0009234541994887064
-0.0005525160846554959
-0.00023147467320261454
-0.0011481874043003546
-0.000722335526315789
-0.00026642854049356725
0.001150953495717358
-0.0011325889814464217
-0.002004576002400203
0.001594362169706959
0.0006716351454440165
8.826330885755793e-05
-0.001305691203339849
-9.818139053551494e-05
0.0002393673877792946
0.00011441545215839706
-0.00043421901952122536
0.0007343209324623451
-0.0011733774952616416
-0.0026844137801214137
1.7996933722370943e-06
-0.0011079426211352895
0.0016903342025627619
3.479537113343387e-05
3.562961439782224e-06
-0.0013915820618604622
-0.0001856291684918319
-0.0013472927865138225
0.0007078120206179149
0.0013420090824730752
0.001236249277667649
0.00018932128202789355
-0.000857661926849498
-0.0002579585535463716
0.0009832013623952672
0.0024217705541449194
0.0010140459706538174
0.003063848433636991
0.001010833365815088
0.0016070695084799032
0.001007377603224806
-0.0013467891823206622
0.002025226364463493
-0.0004910004435637692
0.00025060731445803136
-0.0008766643626717376
0.0015244665289440276
0.0017233698837038288
-0.0015366075430235202
-0.0011409658588918336
0.0008820656747490104
-0.001425826275512098
0.0017892994876544583
-0.00023699112227246083
0.001100450171485987
0.0018171550461974514
0.00030411168433674095
-0.000670129503871471
-0.0013421874287390082
0.000633255868105162
-0.00014347374643407728
0.0005920723297522975
0.0005225190256905491
-0.0002522729222636925
5.332656541728116e-05
0.0016304188321169689
0.0006751179573811094
-0.00023672712449235655
0.0006755403750860435
-0.0010079918241435155
0.0006151547028630967
-0.000725016596629817
-0.0007430317565938404
0.0004090615163773446
0.0006584766127831921
0.0004946341140267793
0.002339943425180245
-0.0005204988269446363
0.0003817813526710695
-0.0015793038185550631
0.00016376277240039
-0.000627089275947663
0.00045335697077013363
-1.0848154293902597e-05
-0.0014598107882557287
0.0020568268163001662
-0.001119274042066656
0.001629788829042914
-0.00041495854797807025
0.0006236643177717885
-0.0011507799759749916
-0.000395230057440116
0.0002815248095641136
0.0005161332135088033
-7.561562978719192e-05
0.00019490146184688694
-0.001351627327505532
-0.0007672814064095916
-0.0009699933164923169
-0.0013254923745656282
-0.00041400951286737055
-0.001249314222880873
-0.001548250538887775
-0.0006138489719060668
-0.0002924580375504991
-0.0005838129134021398
0.0003964476830742394
0.0004744225300873846
0.0003327015035472727
0.0012349241049442624
0.001112875788489067
0.002817193146411663
-0.001331890867447572
0.0015920353957877484
0.0012934597437043727
-0.0010335827706697978
0.00018398307581268044
-0.0007296053179570451
-0.002151614326849003
0.0010006340237407598
0.0003803339619326211
0.0009858231950485609
-0.0004130633743778966
0.00033653088983921244
0.0005293877167173821
0.0008064159477371666
0.0003715778312776578
-0.0003622408822168272
-0.00021517110305563597
-0.0007546237452762253
-0.000499232327760083
0.0016720014004276453
0.001995049234606123
0.0013249440626622983
0.0018875321754979921
0.00021268014381064805
-0.00037543729876779675
-0.0031789625181765256
0.0003261113283190347
4.6352342274786956e-05
0.000280344644452506
0.0006171700812724432
-0.0027604167641119303
0.001751978017320774
0.0008266219677950701
0.00013353973543854007
0.0006828860224513884
0.00044030941036644384
-0.0013252052398329017
-0.002044947933294231
-0.0022224784862512467
-0.0011013410479047106
-0.0011111473090435215
0.0016158973294606242
0.0006088030990510554
0.00046517755830718016
0.0022078878686082534
-0.0016615481314638692
0.0007151233078110709
0.0005035320821184716
0.000906018966560498
0.0006678481131503466
0.001093771938221205
-0.0009721013149674867
-0.00113364474895095
0.000539228782608588
-0.0008405905901108389
-0.0011285516076303041
-0.0013708954285046088
-0.0006119907897211642
-0.00031330194270059384
-0.0013613230452789466
0.0005841219631548193
0.0003018617883225485
-0.00012491052514025888
0.0012835104925789575
0.0028266452812981805
0.002776594912040293
-0.0008484839976316165
-0.0013627879903065603
0.0007356265452034657
-0.002016413522432828
-0.00019753896352179643
0.0007623655666355901
-0.0012089912877305405
0.0005613040982516952
0.002232792774184014
0.0007213119000597836
-0.0009058333457073346
-0.002223527822589341
0.0004046491110959087
-0.0019723939324878003
0.0004963992960872343
-0.0008922644199987203
0.0017149966643226773
-0.0015538384747752435
-0.00029404091830471913
0.00020392351819561595
0.003005889127707122
-0.0006328600735068736
0.0005149095738888758
0.0011868727556654365
0.0010268891821527298
-0.0020739598838399424
-0.001818679919841217
-0.001378556548834351
-0.001987166894083141
0.0016040653282327693
-0.0013463046241467683
8.629079089669432e-05
-0.0011363916467445237
0.0004332738530537801
-0.0006566923643747543
-0.00012820128726739955
-0.0008332319345761784
-0.0011252371824345036
-0.002637799315390677
0.0008607279609748732
0.0005654098896910778
-0.0002641445428354353
-0.0015690260739219327
-0.00043272080721093193
-0.0008929598866240935
-0.00048056569295647065
0.0004789970166723763
-0.0012190043794243683
0.0010288907239975385
0.000975883645361464
0.0007171584636315717
0.0005715904783912808
0.00034278464313909293
0.0006659784927475976
0.001733698623144828
0.0006492434712115314
-0.0016518131655666177
0.0004477249646545478
-0.001921216498937073
-0.00019152704307142507
-9.967700297965954e-05
-0.00209293612257474
0.0005327499155032449
7.83957106760407e-05
0.0009706183158294238
0.000990887138586344
-0.0007453475671475205
0.00046862815475174014
-9.570065685620445e-05
0.000510228523063902
-0.0024786603388673406
-0.00028522905823947673
-0.0010920920028682935
-0.00020568632179616744
-0.0005770548576618577
0.000557783597535947
0.0010256602256894175
0.00031196236354569647
-0.00014940844449606202
0.0007850913177021404
-0.00014604226901539336
-0.0004238071656783375
0.0007736832429235737
-0.00036274446784898435
0.0008355252989116886
0.0008281664164466746
-0.0001485367108789746
-9.401027011208337e-05
-0.0006783134467658072
0.0012533103640926268
-0.000915891939036122
-0.0018753683948020707
-0.0012884779544785228
-0.0007990950883698173
0.0019041342607028927
-0.0008101210400542899
-0.0017708971522472426
0.0015446775474357354
-0.0009424644455156793
0.0009434154419056526
0.0009235729521203911
0.000852066452101477
-0.0008497727691354215
-5.7569030578279164e-05
0.0001692289728588647
-0.0002474202541991174
0.0012694356248747136
0.00028573287875670306
0.0018566987639432903
-0.0017455563746702771
-0.00014052288885388822
-0.0007191241301518713
-0.0023050508980254985
-1.8945321407624164e-05
0.0017396871350774312
0.0012863567759237992
0.0008080741019745019
-0.0013637422909969239
0.0009994655606783921
-0.0018530365336214003
-0.00191443933088823
-0.0005162713553173384
0.00028690742850213437
0.00101828078161089
-0.0003580126796395703
0.0012000573404611118
0.0012554423900066145
-0.0002291251163156165
0.0013290782674612186
0.0021479003243667777
-0.0014311398042114738
0.0003566052012436932
-0.0016731221493393527
-0.0016753647135365568
0.001292190252442009
-0.0010593012447627035
0.0009643391301995992
-0.00011189197492072678
-0.002596023196038481
-4.470879399974037e-05
4.914134106248825e-05
-0.002205461598213689
-0.0005993770794951831
0.0013567834624383644
-0.0009704444401135437
-0.000535559618868373
-0.000860209693589666
0.0008876055524443786
0.0022654497494441423
0.0005404073954458725
6.343174222232106e-05
4.324734573243634e-05
-0.0010028328615303247
0.0019748098084999494
0.0002296331656479326
0.000369605287905898
0.0007611849374989171
0.00045966171269088183
-0.0020952292840650077
-0.000164856870584912
0.0017961032712971593
0.00024321183919737293
-0.001657824779539482
0.0015453072473467482
-0.0014030294046496552
1.4575071256573069e-05
-0.0011416529726241118
0.0018487882115802274
-0.001345133121941191
-0.00036694475755088066
-0.0006724644309320345
0.0003892610524583432
-0.0015456142671002515
-0.0013830530783246029
-0.00038285324836106316
8.556816841970923e-05
-0.0010800308861712044
0.003282992691649423
0.0020260533561209416
-0.0027137363322521993
0.001325918303172588
-0.00030155748002217445
-0.0004656348234106216
-0.0007756319579453636
0.0013281500719371426
0.00021442781157647952
0.00037027390405234396
-0.0004582772620912558
-0.00016547394194330495
-0.0009992461285284024
0.0009281287499854166
0.00026094725922048723
-0.00035670335558178845
0.0008159961743122093
0.0007597902102908561
-0.0008476869232168447
0.0013994673533618924
0.0007071351253804558
0.0015483419394515345
0.000995808917218282
0.00034024905086987454
-0.0014854358788510982
-0.0007017120830094
0.0006974682003623106
-0.0016768144261680438
0.0021253164118417785
-0.0012846574025609228
0.0012224366652189083
-0.0001941759325843172
0.0008446011976354347
0.00028166534574198176
-6.233107940891909e-06
6.840501128508957e-05
-0.0012936728310849774
-0.00206145300477884
5.4745491532467735e-06
0.0008437248993374962
-0.00103816802970715
0.0030170316161931133
0.0015524957334000116
-0.0006009597764070919
-7.04666870218995e-05
0.0013046454130371068
4.1822309953894596e-05
0.0004515269604307713
0.000727315710014916
-0.0003257133187744362
-0.0019839099394964345
0.0017795564514774737
-0.0009433786422874082
0.0006196471716921023
-0.002147706467068716
0.0022207514932326583
-2.2634316695250554e-05
-0.00017987113957661826
0.00013454610371852895
0.0006833882175551019
0.0014416704323405491
-0.0008900571678879806
0.00011832683941303372
-0.0004625471226291854
-0.0003867779909199573
-0.00019225357573295597
0.0025348650290294085
-0.0004137266301509877
-1.7064144350154867e-05
0.002293273079678672
0.0006213621897705192
-0.00033912506151646555
0.0016922879513726482
-0.00017951245969168947
-0.003143929504118952
0.0008167458083511081
0.0002753753987080128
0.0004983945901659917
0.000255977756494495
-0.0008948865016787981
0.0021343661424244064
-4.7470229698593775e-05
-0.0001246752087494092
0.0005364449183687103
0.0009962021141600652
-0.001392854268553313
-0.0016989859273571857
-0.000409621502488412
-0.0003226951742453892
-0.0009424565548799349
0.000402576919004381
0.0017376266361965713
0.0003721115646182745
-0.0017102013745041121
-0.0002724260576059279
0.0009120915627073749
0.0009215338664495208
0.0009382500912140697
0.0012846190539828196
0.0008162918844490967
-0.0005713579903436822
-0.0003598928426917911
0.0012445853595761157
-0.0010796365594388706
0.0014378782661619485
-0.0022313243856484912
0.0009531072594379166
-0.0012442420630059418
-0.0025574273915675064
0.00030281837157430176
0.00044808394239937566
-0.0023940694178403404
0.00038764484608686315
0.0012437230014749811
-0.0006888132311488271
-0.003460237823010057
-0.00288838015655587
-0.0024718523253047277
0.00021788055535226856
0.001196030510620252
-0.00021899509030546505
0.00042985254211491485
0.00027241627065441857
-0.0016900853907762772
0.0012357290319889155
-0.0019843446132081512
0.0004912737812845697
0.0017111116880489414
0.0011727103091962517
0.001808836497365575
0.00010877369400366474
-8.603623227026533e-05
-8.812722577356074e-05
0.0018059035047503793
8.631476950239885e-05
0.0005810992484208125
0.0028631886620292435
-0.003104131434127355
0.0007072254991230362
-0.0004456298528183203
0.0006798398309216404
-0.0023217915859704984
2.2472283119988134e-05
0.0008261563204102788
0.002163808396891509
0.0024451505909381297
-0.0016462972819444575
0.0003313495154782851
-7.615110697819451e-06
0.0011400957917876223
0.0005195925309730104
-0.0012722404329963723
0.0016055419689016588
8.322905054991838e-05
-2.9609051812066614e-05
2.8198679446530277e-06
-0.0008627185829841209
-0.001868828787478642
0.0017519926033962743
-0.0005152787716752737
0.0003624131029099764
0.0005791399690950464
0.0018844406140280166
-0.0005255830010913869
0.001948855027433162
0.0017461532764058542
0.0024287251554351392
-0.001683187634103244
-0.001048068303207942
0.000190728288885919
0.0003523621142891081
-0.00040183819353186166
-0.0034209680188180282
0.0018890041425506214
0.00018748685726341542
-0.0011737587181471097
-0.003201539843092355
0.0011155749286020102
0.0005675274340456872
0.000886766642413623
0.0009205651336957859
0.0013164620386839575
-7.967999130107636e-05
-0.0019255487637753579
-0.0015202014045552596
7.395483149084438e-05
0.0003027983712101525
-0.00020916380363201692
0.0008707027334788514
0.001577995184347878
0.0007586632582478911
0.0007000818887128247
-0.0014283367671188128
-0.0007594990400868162
-0.0017007409119144316
0.0009114091506538247
0.0006015667055033548
-0.00036159016815738045
0.0009312766211179665
-0.0018813975281517378
0.00018498319765240407
0.0007691768743342345
-0.0006259925023271964
0.001576869344418317
0.0021464705975157952
-0.00012854100554143182
0.0004295304112746956
0.0013880924214630954
-5.049700796638212e-05
0.001867051428516629
0.0012865371866593411
-2.505421359507081e-06
0.0013328794821285822
0.0007253143831683876
0.002317688544211071
-0.0004190601459566537
0.0013215284190162245
0.0001255383797782647
-0.003325571393614874
0.00014662679697020792
8.805953600675396e-05
0.002369655304283773
-0.0019016041300086864
0.0008585919351648268
0.0005537892419368351
0.0008515052732250291
-0.0013048921265464408
-0.0004921451359478534
-0.0008136375419788005
-0.001297929811833859
0.0012648909857076742
0.0018945414868900988
8.099683455358675e-06
0.0004494951802821341
-0.0013005233561934177
-0.001271773838779485
7.182393249487082e-05
0.0003510169427483223
-0.002523485821913013
0.0015886170939409465
-0.0002603271153532723
0.0006867317901539009
0.0011768792281521977
-0.0014319103633501863
-0.001234442300648645
0.0010369745890594028
0.0002547091157237853
-0.0002948402098754434
-0.001564804429565591
0.0008040285913683917
0.0002945046130278439
0.00309932607629067
0.00024857280429526355
-0.0021324503718564295
-0.001042572795368305
0.0009219973300439705
-0.00019587053643241962
-7.451417879407202e-05
-0.0009751096760804536
-0.0017053493319895165
0.0013845602805681151
0.0012755036908111723
0.0015123590709475764
8.216553846705961e-05
-0.0007095020630996302
0.002501997859253508
0.0015875254941999516
0.002134097312596627
0.002375789693322741
0.002008596955253135
-0.0003082067658566645
0.0006536706114984171
3.532660404184421e-05
0.0008674351741517008
-0.0005191815974465012
-0.0024947641769379717
0.00013977007955776006
0.001342450630826608
-0.000977867054653491
0.0017290809101944446
-0.001032739095101628
-0.0003066887301746396
0.00218817757868009
0.00034512963379848983
-0.00020182606082316793
-0.002314875227416474
-0.0005746739196435865
0.00015956463776347374
-0.0004847808277040464
-0.0017301582038217278
-0.00042381578571729073
-0.00013461568052059887
0.0002536291199238753
0.0016149762969367978
-0.0005968390203803344
-0.0012889029055393455
5.660815001249998e-06
0.0007026157890582713
-0.00030415238331227995
0.0010904521723178729
-0.00037519119445708366
0.00029065123597716273
0.0011986659657236616
-0.0019569014138534372
-0.0024295126545822165
-0.002130155331727541
-7.757081707477907e-05
0.0014814655071608348
0.0020248468710657302
-0.00021146716770767364
-0.0018307343731383753
0.0008697074021455108
-0.0008786192609379992
0.00017225973400845899
-0.001269476929955372
0.00018841506980174356
-0.0010621592339131794
-0.0003736195176985344
0.003100004797135312
-0.0007832919955499553
-0.0012360739659046755
-3.8988920318853895e-05
-0.0009532200184125145
0.00048153729957210663
-0.0002769413741452654
-0.0007152323506077931
0.0005898953917361461
0.00013407568527221576
0.0012628496753680643
-0.00015995690599223425
-0.0017897637478252691
-0.0004991915461438898
-0.0007057823601799672
-0.0015431254191693084
0.0007809322703270376
-0.002240116379695889
-0.0005061764652850917
9.815561328027389e-05
0.0018224993556680527
0.00045498007167021795
-0.0004533930292740595
-0.002018844428216825
-0.00041765322483278345
0.0017933465271126753
-0.00047287875029476646
0.00043059842528453976
-0.001180589420104783
0.00044834387377316165
-0.0008911259753806861
-0.000576220172468836
-0.001059206175307432
0.0012031112732547263
-0.0010304013098676296
0.000762325745551281
0.00021173530216074833
-0.0009066940054767334
0.0010429761584363649
0.00026124829084101165
-0.001352529017034051
0.0008092473011860304
0.0008113778342650952
-0.0005287003996979328
-0.0004731816813245556
0.0027715408880326074
-0.0005225407011851819
-0.0016993785204034912
0.0008257955384918074
0.001994610732466658
-0.0023654303074568213
0.00037791334800359655
0.0019094312924273586
0.0003071857878579934
0.000889693663026235
-0.0018236468867807122
-8.627422475995494e-06
8.414956579627922e-05
0.0008116454043753058
-0.001448291733486276
-0.00019693575325498128
-0.0006813135983915211
-0.0021450800078645616
-0.0019241883938669495
0.0028294255029413
-0.0014769545277091023
0.0007268772792469253
0.001842120385734756
7.712222879811995e-05
0.0013494759904150982
3.717566857615083e-06
-0.002050782871270432
1.6060553149696256e-05
0.00013807237801090403
-0.0020357788536972277
0.0017448870414946238
-0.000885767038072329
0.0001401896702452277
0.0020019096441113364
0.0006375156648232939
-0.00019907378520005731
0.0002466648872410249
-0.0003612759018791159
-0.0005902091800685943
0.000561000918195121
0.0007641408768164592
-0.0006421685670039815
-0.00038064640392948746
-0.00025177728405510866
-0.0011335818527840266
-0.0009525661313054816
0.0020521436634416486
-0.002479433413021904
-0.00012686463058655232
0.0012348831019218238
0.00013596588739623063
-0.0004949304797647947
0.0005961379109892095
0.0009009817000446523
0.0008829815411271161
-0.000148554127949299
-0.0014117285744602017
0.00042845461799512154
-0.001826056309088068
0.0015140166009607167
0.0004509078542119869
0.0014031613075307107
-0.0018844496238480247
-0.0019704210711483884
-0.001151741769123401
-0.001739694800550537
0.0005911155310603352
-0.00011258154312463309
0.00035630522914706743
0.0005833019179525909
0.0002003588500274529
-0.0009380989975821204
0.0006763039389364227
0.0012102751111804054
-0.0007407513286142425
8.898241468744505e-05
0.0020179338287441696
-0.0027022215230911245
0.0018976044180135769
0.0012579862673328833
-0.00028068684128327594
-6.691448146215478e-05
0.0012232803153761824
-0.0013249729767269773
0.0012472881948753251
-0.00044164956734302967
0.0007723409167402918
-0.0009713589740768201
-0.0014934780225355324
-0.0016377546909840546
0.0024847012288444345
-0.0006321234553710414
0.0003145335905092822
0.0006173695084180334
-0.00018463664207952536
-0.0004325863636821635
0.00026939201115887485
-0.0016660222673254585
0.0007168030606474569
0.0016696800036750787
0.0016548758028075547
0.00037923021401543074
0.0003988377455929992
-0.0004563770460853785
-0.0009715975059404042
-0.000218414233009877
-0.00034291814381312303
-0.0004552076048139815
0.0007181587748377152
0.003053971053807109
0.0013367415702555156
-0.0020472032002880666
-0.0017907533765115283
0.000865528674583553
-0.0018799839562229034
-0.0027491543057018343
-0.002165131380963341
0.00034911984808438045
0.0007182660797500875
-2.5484552870751058e-05
-0.0016133363702669
-0.0011373512066065853
-0.0003218752830552895
0.002163010422931005
-0.0013969000071945982
-0.0010812509667188848
-0.0019785836934167844
-0.001371852457662353
0.0012092240835814324
0.0011142438022160774
0.0009134791052606827
-0.0013878410500259679
-0.0003882007567320755
0.000604753260858805
-0.0008749746262256007
-0.0007663138412313049
-0.003040746566170328
-0.0024190535187948708
0.0012689134435485668
-0.0018646515094426005
0.0009512864677298413
-0.00022874804490772706
0.0009038156496032721
-0.0011590605001624529
-0.0006181127488544325
-0.00045297926917201286
0.0004326849022772054
-0.0008476514701551451
-0.0004866100231270093
-0.0015045206157055777
-5.1477273952620444e-05
-0.0005800892041784532
-0.0011946443842272493
0.002278915794608894
0.0010152097229779204
-0.0018015188576692824
0.0003240101085871683
-0.0004245141781311794
-0.0015514094714940128
0.0009824144731097034
-8.947359692962117e-05
-0.00028949739368169325
-0.0003811013285788884
0.0007833836058088518
-0.00037183351218185136
-0.0007258417445610079
-0.0012666826445963972
-0.0005422318547196736
-0.000845851377721352
-0.00043550027845923236
0.0008576601186984954
0.001826422931977284
0.0010946234136087858
-0.0011842530371987243
-0.0012919085026096772
-0.0002600250681807494
-0.001199180216198558
-0.0007785147123345113
-0.00035035725665376604
-0.001869385664842738
0.0006236403641350518
0.00034974866237041306
-2.8209141664996893e-05
-0.0007752304803658177
-0.0028054481028180556
-0.00028367756347774474
0.0017688083396617516
-0.0024264285181761712
-0.0007317202816694016
0.00048260217986601433
-0.0008728796390132476
0.0002890934899139513
-0.0001925062689786251
0.0006240559524958542
-4.446851850673609e-06
-0.0006457246515923045
-0.001135758331415363
0.0007520470249187648
7.726862318194973e-05
0.0009809280863677036
-0.0005420949370534532
-0.0004536566852223657
0.0022302984918566695
-0.0025036877850660648
-0.0007809710853608137
0.0011808880016729653
-0.0021354970945843947
0.0004230881053670989
7.8540100471591e-05
-0.00020861312188639184
0.0002972978923362857
-0.0003569559692803032
0.0007420254285293572
-0.001821064732689744
0.0009670150736995544
0.00014571647944802043
-0.000827226866229263
-0.0006612612062053148
0.0011752683481255684
-0.0005691579142700878
-0.00031026608964928866
0.001055508405084866
-0.0011357119567503894
0.001174360087781168
0.00043770483370048774
0.00018115689801100285
-0.0005165294458374033
0.0009659914452339059
0.0011003353067214519
0.0009258632614032611
0.0011481297383588048
-0.0002344823769467399
0.0027217046000528196
-0.0003320419593118076
0.0023434073305265563
-0.0006232791668036643
-0.0017344363604649231
0.0006445550781842462
-0.0019035005509524267
0.0009185871216781549
0.0011005268803533027
0.0012141723116420623
-0.0016858766284186272
0.0007633652898556875
0.00019524182511575875
0.0012631927863282128
-0.0026171832571536746
0.0007425400623773423
0.001178047249506896
-0.0004480712720844993
-0.0010172201820586872
0.0009054875155603073
-0.0001751447208000963
-0.0010296556624669303
-0.00017222542642577644
0.001141745377028762
-0.0006724046883678375
-0.0007282557105576043
0.0006329988161173847
-0.0017045261367199917
0.0004022467722416495
0.0009305963890983632
-0.0013144186081917304
2.000914748077728e-05
0.002430512528720942
0.0007865104773766123
-0.001502114182382533
0.0006800932529076252
0.0006458289120583233
0.0012676108348173298
0.0006655780490600885
0.0012194486370213872
0.002406535864187907
-0.0006489106269164236
-0.0023607052763362064
-3.6082522526870125e-05
0.0002674916026930784
-0.0015772965018078415
0.002106656893414945
0.0017144994917378791
-0.0003709123979012278
0.00210469840602529
-0.0004457943134656361
-0.002602819273992571
-0.0008916872207673932
0.0014718886089712926
0.0006563435459063089
-0.0007186177420292868
0.001237867902272609
-2.8902353570519896e-07
-0.0008372465123876132
-0.0003791487955146718
-0.0011064668104083736
0.0004314639566542252
0.0019288379488801705
-0.0007421314211346537
0.0017426520665378357
0.0003006549048686743
0.0001044756021807938
-0.0017411355519741662
0.0004033166330712524
0.0004497245531747974
0.0017301980746230086
0.0002520965147386733
0.0006016002748442549
-0.0016868802781746298
-0.0009530887079367909
0.00012198102906440873
-0.00020470403464932618
-0.0010831582789937887
0.0011903648094350706
-0.0019078242196159038
-0.00234402623809842
-0.0006078692501549402
0.0005311326023215043
0.00035552598323817733
-0.001097761077515697
-0.00015861459372970422
-0.002150803877685114
0.0006692106175740521
-0.002149338307991378
-0.001140487441316297
0.0002777357494809109
-0.0009248749505481855
0.0028437942246821745
0.00034707712246832297
-0.001483503075911672
0.001123213652651519
0.00015363458768588882
0.00010605391626548351
0.0002103283998188447
-0.00044526038059424183
0.0004500191054586671
0.0007298422670532306
0.0016660392004839292
0.000553759902957775
0.0028264546251101723
-0.00041166241310357276
-0.0004213235161539057
0.0005460671655068694
-0.0003406153157968975
0.0005124983133793717
-0.0007041062744673791
-0.0023781399022754376
-0.0017302367539846937
0.00029090998408703425
-0.0009710605036536891
0.0006941796169433317
-0.0012421758791551457
0.001591445694174426
-0.0010799503099864205
-8.190884709304263e-06
0.0009940254152273052
-0.0004923106638528186
-3.599570807749901e-06
0.000500286493052352
-0.002358010571419026
0.0005509959679315371
-0.000945684391451898
-0.0009056837440264503
-0.0018626096676838094
-0.0018293232704857782
0.0006231705820659703
0.00248831298517135
0.002438825253375362
0.0013890657049769294
-0.00028198722291516607
-0.00012094371649959967
-5.6136960400719306e-05
-0.00017495564450695068
-0.002195015152848973
0.0023391225109253596
0.0027691249576632373
-0.0003300245175376724
-0.0014175002141144225
-0.002331762723611469
0.0016753793427000988
-0.00039608182273287933
0.0010521503827455503
0.0008416994166718816
0.0004892970252281147
2.8659604381950285e-06
0.0002714110290714796
0.0021217794751372714
0.0011387789969262978
0.0016679408383951837
-0.0010307922989339622
-0.0007139840929114291
-0.0006130929033862693
0.0016141326852273158
0.0012931972811843408
0.0015495884382719385
0.0015458527116829312
-9.098277636183847e-05
0.0006363992945404844
-0.0009285905216560942
-0.0011732202813600507
-0.0008353505276274338
0.0011852838271178725
0.002289208591331269
-0.0010972469015057742
0.0004133316752171017
0.0005666542277014301
0.0007619707716798701
-0.0003635121571031539
5.6186833814681756e-05
-0.0022222459277160315
0.002532781379496138
-0.0005802765171763517
-0.0011159882116420971
0.0002325889838770286
-0.00045597588094937574
0.0010585084177240252
0.0028474528504131677
-0.0006834176939739672
0.0012177832245481815
0.0033125410114190823
-0.0008712184169073413
0.000323601547554526
0.0009975884199760936
0.0006079805025948281
-0.0014003802886483386
-0.000946292714170106
-4.185715912011622e-05
8.112116962776501e-05
-0.00102367025176851
5.08415704411256e-05
-0.0018077213183013963
0.0009687704588651063
-0.0008706496350906891
-0.0010277684740752292
-0.0012603544510698384
0.0012137348396382408
-0.0023780800211666135
0.0001788029236053885
0.0007460132506555567
-0.000841148352878953
0.0017937252698946552
0.00048303763866394716
0.0013704671687241095
-0.002116598810071801
0.00022480546986559377
0.0005727404670690697
-4.844297008213838e-05
-0.0005018985607621824
-0.00014649598742058961
-0.00022156156344274402
8.654690091359002e-05
0.0020483444937990343
-0.0002564440057860827
-0.0014304350195208713
2.3559600572527046e-05
8.521753649711816e-05
-0.0009059560385747131
-0.001278784418948698
-0.0017784602883814135
-0.0002740039346231991
-0.0002882257716604251
-0.0006691169943302325
-0.001169951592905242
0.00042805608609087934
0.000506118259306752
0.0007780231535691392
0.0008569063086549777
-0.0022662719320342053
0.0017355883992496407
-0.0007961339327476544
0.0021050828594090672
0.0002971867654041293
-0.0014593922168766535
0.001800331932596338
-0.00016622934248797317
0.0012131533534782074
-0.000294089070848584
0.00023061576744796126
0.0002406778292536251
0.0017077495071611886
-0.00047037330352436315
-0.0013080395296765678
0.001020679533772363
-9.294664224391934e-06
-0.00036007886481615283
-0.0014813114687374379
-0.0002471289098751957
0.0015181104722590789
-0.0006916725823233488
0.0009269882676344549
0.0006769155396602667
-0.0006042472894749216
0.00016101206253042732
-0.00021465814875742042
-0.00011002753679409394
0.00017393995860366142
0.0019010051045850625
-1.6017517255545314e-05
-0.0005666484930145224
-0.0017621493402359045
-0.0008370768787446825
0.002402539957861221
-0.0015736943355532291
0.001199486876443118
0.0005394274441128215
0.0013117279179752173
-0.0011234398178051987
-0.0017366991004719443
-0.001245513932507245
0.0009544140152274466
0.00046199451893593515
-0.00027654570770628073
-0.00022360552955247442
0.0025786456847348297
0.00022583214609206065
0.00157751454409228
0.0007990214073765315
-0.00040916809829447343
0.001750016655406325
-0.0005298355479702928
-0.00158761129552793
0.0018277805928631709
0.0011938256608335623
0.0016844243645331408
-0.00014779043085743688
-0.00029204688659510247
-3.654600622907237e-05
0.0010990638433525622
0.0004689360965893362
-0.0011752609036167793
0.0017346563306630239
0.00016693599145451384
0.0009188409464820893
0.0008734360505845653
-0.0004894886731039755
0.001934014806730466
-0.0014738786617764614
0.0012566265176713117
-0.001931508052735167
0.0012282523136731653
-0.0006635742374698209
-0.0003800194806560765
-7.307158452804357e-05
-0.0007619125473614915
-0.0007882443750881642
0.0002785004071046566
0.0016314382147532753
-0.0013492790142057072
-0.0011528046262680256
0.0007461404489853497
0.0011939717536011002
0.0017314640516688815
-0.0009425284540169728
-0.0020860758167017914
-0.0022191929103775802
-0.00223187700304153
-0.0005702093038086112
-0.0022346676544213544
-0.0011230775395163744
0.002180360274363437
0.0013235145682657758
0.0006916957603753355
-0.0009404981207426801
-0.0012525720544749514
-0.001978717802184612
-0.0014849026630089116
0.0010845779203704704
-0.00024226503936169945
-0.001407826568466589
0.002668745710861652
-0.0005693671904581595
0.0012376912764348455
-0.001792983796509895
0.0005151990218970337
-0.0014392333950177321
0.002676526183078305
-0.00044896066583265896
0.00048172668742493797
-0.0009554833501619753
0.0011474953482592076
-0.002998484436908677
1.9023110569483383e-05
-0.00014139249591039216
0.0008787891813926127
0.0009807601389034725
-0.001501362164138658
-0.0001559647668861816
0.001906327496826069
0.0007266638453942725
0.0002803888390835327
-0.0017816159973392362
-0.001321871253770977
1.7219387912934212e-05
0.0013057115152636846
0.0009351006819489123
-0.0014459239552188409
0.0009257789518053848
0.0003934949572407529
0.0034319204450680933
-0.0006172856049525701
0.0015288305222694914
0.0005919617872707588
0.001954033574334694
0.0011109099670727816
0.0001759164053100728
-0.000900978498050741
0.0020058855531673732
-2.8486900218877887e-05
0.0010519307943737892
-0.0009626382531745506
0.0001699173231074581
-0.00019434109523526697
0.0005446712808877179
0.0002658472943007824
-8.914688748779785e-05
-0.0008097087292571953
0.0002165351975385637
0.000626163701281346
0.0002881350189640413
-0.0003109912293517687
0.0025531463179743683
-0.0007168732397982545
-0.0016555223158934154
0.001025156751423275
-3.857559772615387e-05
0.00011358454103590229
0.0005510266004357066
-0.0006305089340734399
-0.0005461051183378818
-0.0026494350687075287
-0.0013589193676018943
0.0006048069207172965
-0.0005390569262855974
-0.0012104252937764784
8.261726929822806e-05
-0.0013403010371446312
-0.0012237220957422473
-0.0001264242948851887
1.2827367252593671e-05
-0.0018059833362854166
-0.000494756346625486
-0.0023449474414276627
-0.0007571460531707318
-0.002592377713927929
0.0005447803172764751
-0.0008824963512162409
0.0020182019764551033
-0.0010457851792427175
-3.9474515699249764e-05
0.000954276518413752
0.0018094303968589837
0.0006606722423918452
0.0005807224521134975
-0.0015794840746155834
0.0003357479149365162
0.0007626834176179625
0.0009596962900709951
0.0008754981099154286
-0.001308660286277833
-0.0005362306455145483
-0.0014349641942792513
0.0004379973822799344
-0.00034325230770712947
-0.0007598640190015173
-0.0011254696978816765
-0.0005749242951945387
-0.0007600850781117696
0.0008690572919815406
-0.0003962470479167309
4.302849184609314e-07
0.0007944475286643749
-0.000593838582384866
-0.0009771033683888802
-0.0015080113503182413
0.00012541730635836322
-0.0003306443507290584
0.0018333595931746421
-0.001413252262630409
0.0007248999060371341
0.0014674424980139732
0.0012792074659600053
-0.0004882467385224946
-0.00030641176753422566
-0.0015160482712900884
0.00019009110668121866
0.0007072131746173163
-0.001466448867884905
0.00011372148477591208
7.852150831303121e-06
-0.0015533992295327817
-0.0010289171131029717
-0.0012593201785320966
-0.00047238363952800596
0.00042007352167801305
0.0005804127076490071
-0.0008536806158788139
8.358954565670769e-05
-0.00011970922333340775
0.0019870352556963715
0.0010954168971324485
-0.0004213576893902834
0.0019403302596754971
0.0005698968642423522
0.0007198855188295188
0.0020585637085201373
0.0024789538477577072
0.0022820851615920883
-0.0006524804413435199
-0.001857194643665872
4.811479608882554e-05
0.0026054664404257222
-0.0011474602840947055
0.0004909943562178121
-0.0006715408500267453
-0.000969037353045472
-0.0014118580986603904
0.002141406332253967
-0.0012474387827199548
-0.0008845015009664094
-4.4884700598654265e-05
0.001647410417530637
-0.0009915122870743649
0.00015750696192272232
-0.00038399252424685637
-0.0013928580934456328
-1.065713307284306e-05
0.0008351939454628244
-0.0008620648675663629
-0.0008686636866977011
0.00108958610201622
0.0018550169143765041
0.0026178838994262354
0.0005664035010381787
0.0011196050961088714
-0.0006377950240426854
0.00039620772731659875
0.0009792835430903393
-0.00016577879492071998
-0.0018567514710036484
-0.0008853888004147764
0.0006802091570883056
-0.0001300606319455712
0.0006211359349053261
-0.0005043725948034144
-0.0014276905107934881
-0.002318594157844887
-0.002162064785367637
-0.001324393004172513
4.6450307909355874e-05
0.0004856850006505193
0.0020540049161466936
-0.002111545929775419
0.0010334871613987004
-0.00037156913412215867
0.002302354562170697
-0.0020292238639429013
0.0015154119097468598
-0.0011711003426361079
-0.0015972012962385505
-0.0005031281058744333
0.0020379909261445325
-0.00037097624067928306
-0.0024848431988597534
-0.0007102296862200642
-0.0006567058118211315
-2.9574100781294217e-05
-0.0014261139781231182
-0.0021443885340643887
-0.00019126420933134118
0.001472221108562067
-0.00047036690240907715
0.0001964048102517542
0.0012724514165757177
0.0006148346059994109
-0.0005259657512822117
-0.0013840153712942956
-0.0008019958460476197
-0.00011278076234280148
-0.0007110875673631812
0.0003258192431017589
0.0004569500706378726
0.001166873578536552
-0.001799968957607023
-0.0015946345756212366
-0.0002899412142112934
-0.0006095930537745832
0.0005423429306090729
0.0007015522124538317
-0.0011660808557930303
-0.000717740935734385
-0.0006667522229452175
-0.0013900468733814364
-0.0003206534995356213
-0.0011449479293168733
-0.0006596903437002722
0.0006336153058976967
0.0005825331044319785
-0.0006564161744465549
0.0005477201295133728
-0.0005440738483958522
0.0007965814747582734
0.002429216145659324
0.0012889823868459415
0.0015672586287449476
-0.001165527684000522
-0.0016613856446907934
-0.0005076018974736177
0.001828702390365461
0.001599982170610261
0.00013943219042634065
0.0005049552757175062
-0.000706289395065107
-0.0006338703387135492
0.0002907037459373498
-5.6722864742261714e-05
-0.0021772469501179247
0.0019283943532922444
0.0010053269907293978
0.000375943681587238
-0.001294399399100799
0.0005174533345459854
0.001856856856619967
0.001395100086229115
-0.00180575701977118
-0.00020421886860259704
0.001035433657717788
-0.0007406624437292273
-0.0008127551744539793
-0.00019090397032219396
-0.0011214392309681664
-0.0010229741176099364
0.002479285285393976
0.0016585433108621465
0.0006098840377057044
0.0009616120540100432
-0.0021957454315185625
0.0002792644639264262
0.0007463206973121191
0.0010056698363114021
-0.000217625630808931
0.0012484645457009008
0.0009906343680031648
-0.002851392430946883
0.00030637502006356047
0.0009637899580821851
0.0002723993978192061
0.0018039825919008267
-0.0009240371448970856
-0.0016367672812214625
-6.274570900555126e-05
0.0002665693953019808
-0.00030507565243691854
-0.0006874838541373891
-0.0012791072281493686
-0.0009031579256718463
-0.0013345965518606784
-0.001791395908041369
-0.0016834242831298878
0.0001839097004130442
-0.0003884844415489282
-0.0006387570299797313
0.0020822679194106015
-0.0010508827619461266
0.0016216260156403845
0.0026822699385825265
0.0003695968355788613
-0.0027708173408199574
0.0001300492067646193
-0.0010066579235505893
-0.0006234572264788787
0.001085436387731919
-0.0015430021895796056
0.0015448893222882994
0.001469131376676633
-0.00013456044916388917
0.00016554741655591977
0.00015980862678278423
-0.0021073608961128306
-0.00017921671397954587
0.0008534448162390035
1.4281487238338784e-05
-0.0008337739344128413
0.0006601055919969911
0.0014976714139524293
0.0007085430302374641
0.0014732812434263116
-0.0010674894131576648
0.001547174676004442
0.0018218964556351378
0.0027824770811391577
0.0005079222897665946
0.0009749050008113809
-0.0005110437662696027
0.00013659803426608583
0.000369241023589797
-0.00046141000136644313
0.0002816797791311398
0.0015683934183922208
0.0006075955535880894
0.000536888917658443
0.0013059292983569803
0.00013909623009244088
0.00021741289630834026
-0.00023339526366522828
-0.0015393581426322903
-0.0017899521163697082
-0.0024069078257959752
0.0013140224266849235
0.00018039447389456867
-0.0007540291784705806
0.0012608153176706751
-0.0015156678063122256
0.00046605295573359974
-0.0007823837137720161
0.0020883668785891232
-0.0010939915752051165
-0.0008067903191820713
0.001280047953234051
0.0012112730697794703
-0.0011077872061042015
-0.0005778626084095125
-0.000896382099539298
-0.001972047836962628
-0.0004861699556763257
0.0005842320871299421
-0.0005214589381126677
0.00015048375850403264
0.0005024981677638869
0.0007620051550533126
-0.0004998747658220173
-0.0005421900188827268
0.003801276214985552
-0.0018159146451083273
-0.0008129492056509588
0.0003875384871227297
0.002167421078616983
-0.00025349439864296103
-0.002024681671955668
0.00046359744468909593
0.0001481098279271318
-0.0010066658654500548
-0.0008904702856467586
-0.00036459926419766446
0.0018889637555766976
-0.0002799475945559341
-0.0005218683359371767
-0.0001425529591806432
0.0026999916683194797
-0.0010454117798198415
0.0010289718512673277
-0.0016164667677622604
0.0009533411391187803
0.0005538933141412567
0.0004569934284770329
-0.0007280587533511454
0.0009886318090596075
-0.0009585467453105185
0.0005640787385571422
-0.00038066591993985544
-0.0017382673536093726
-0.0015432253445364003
-0.0013311604329981391
-0.00041386726443701287
0.0002660516131544125
0.00032165604513293393
0.0004425491216933575
0.0007629877884512381
-0.0006865348269814046
0.0003466844914161548
-0.0005592398387791315
-0.00014810802662602358
0.0009460818846028877
0.0021158250149106717
-0.0005904413333552525
0.001385586076030816
0.0009524108183599071
-0.001751502869575194
8.917947906159792e-05
0.0013471208234650668
0.00014466030050793493
0.0003226809379564017
-0.0006890074070774342
0.0007222112851514452
-0.0008225950740955224
-0.0008351895109299556
0.0007231786057222336
0.00014339572614354326
0.0016851399307356413
-0.0020635252247118716
-0.0021757955694268116
-0.003600274748356998
-0.0005881417141828328
-0.000170265384552155
0.0013343453032797113
-0.0004731260517901471
-0.001017082769653362
5.721442041413284e-05
-0.001006550488048305
0.0003204873701657869
-0.0005839083600434997
0.0012758918205992482
0.00020599214966814694
0.00011723640282820218
-0.0016606553673469894
0.0009924447887510422
0.00033468697023805125
0.0005561794449889005
-0.0007578585559239471
-0.0007008803236048932
0.001125353447228948
-0.0001528871577660469
-0.0018489249096079173
0.0007409404287715337
-0.0015881367583951416
0.0005594160631247323
0.0011247074454545163
0.0007871137789016912
-0.0020911119330983686
-0.0001339184775576263
0.00027058354488457
0.00038570935047627526
-0.0002273623507209271
0.0013882411061420655
-0.00010210918792608528
0.00023560128677243988
-0.0006005327239756181
0.0013653540489147822
-0.0003766430709921225
-0.0028637041459269558
0.0012764117019078236
0.00021965566710718126
0.0009237821516338455
-0.0014927977377054568
-0.0010917886517853392
0.0013747458349110185
0.0013048334954327556
-0.0013051461360765438
-0.001231688014913147
-0.0023660839123924213
-0.00039328432609949196
0.0006724668354657277
0.0003538071376158695
-2.5746047788041164e-05
-0.0007115769947067557
0.0011614351227995934
0.0014656056857300542
0.0022987374456913904
-0.0010938316955900116
0.002330195543918691
0.000698017008109567
-0.0007883021592456242
0.0008776745993740168
-0.0007849252709729609
7.406336938410325e-05
0.0006181101295434243
-0.00015427827242849672
0.00066642636200637
0.0010310143473014597
-0.002028352381562242
-0.00011189956150957161
0.0003528931328621312
0.0001909801223594328
-0.0004410912539318388
3.9320339394119575e-05
-8.686299788121701e-05
0.0007065014514262094
-0.000829458301779629
-0.002050612720350036
-0.0024403556805152955
-0.00025135191294111965
-0.0010974519362837907
-0.00023594622444459267
0.001612060343984874
-0.0017551589780806938
0.00043829980597565326
0.0002721306196970773
0.0006697774334711799
-0.0024653531224114035
-0.0014466525943332025
0.0006516724252177206
0.0019458343108794698
-0.0018965558095319411
-0.0023549228858841275
0.0008123389771155208
-0.0014988180963411489
0.001186832956235631
-0.0009611224719914468
-0.000495112277714317
-0.0014980445813627735
0.0011330032049106402
0.0016621874914928736
0.0025425141333196163
-0.0008740621341935743
0.0010109546951116678
0.0009454150487659412
0.0002644443732939343
-0.0023889513614672167
0.0006887127480677995
-0.0008906813063481109
0.0010712214339541192
-0.0005924369659513431
-0.0016433767808840052
-0.0005082683806515163
-0.0018930439354840766
0.0013795188685407267
-0.0012438542332874078
-0.00021769426873361958
-0.0017629857584520617
0.0009493847043108548
-0.0009650766105381947
0.0011934690412199213
0.0002587344962596928
0.000329500844481425
9.864834205170145e-05
0.0008014250209739324
0.0015657229238723127
-0.0005168920219861257
-0.0016274456719454155
-0.000875958841286104
0.0017545070940151901
-0.0005199137169698119
-0.0014218067156182177
-0.0004799887281682836
-2.7710375043618148e-05
-0.0006500408790614565
-0.00024530088622600355
-0.0001173137063104938
-0.002078881415654739
0.0012991853690864203
0.00031961030931999205
0.001486654666978492
-0.00027924672270144993
0.0021957095469135528
-0.0008749621656058609
0.0014646309089393675
0.000714786007107627
-0.0007789446454777796
0.001067454259502615
0.001380055575398151
0.002413185162396399
-0.001959544406270649
-0.0007323619850249835
0.0007945706901970684
0.00034683968459906997
0.000990916227433798
-0.0017974401887159005
0.00011936627323528137
-0.0009101967488371088
0.0007905872661446251
0.0010289761225075664
0.0005024005176663625
0.0008884716013124926
0.0005481692503140343
0.00043376166028698504
4.047748400129954e-05
0.00010833205638054801
0.0015525243219842522
0.001087712194684765
0.002317053001561599
-0.00015593254653243393
0.0022322759671519754
0.0007310179803967536
0.0012707828619899306
0.0012682288218518504
0.001646333224442118
-0.0017805580396364022
-0.0005332851242226037
-0.0011118686203182523
0.0005202246075762123
-0.0015169396393544165
0.0006609150704646365
-0.00017479482910796504
0.001014650474666706
-0.0013969271016181298
0.0006988658778859265
2.0435210655005433e-05
0.00025623379005773703
-0.00037036524738634594
0.0008603168734362354
0.0005454131246086725
0.000467972993785423
-0.0020857817006014823
-0.0005898575458518632
-8.291786009494066e-05
-0.0005622200713555651
0.0006522220613601997
0.0004647509491301254
0.0003702759386917706
0.0011201500765332009
0.00024041292817139477
-0.0018169182248186416
-0.001025256113110396
-0.0020587810819455887
0.0015714501463844407
-0.0009791196461229955
-0.00019030112354167982
8.84896269185448e-05
0.000989475657200909
0.0017327716937462854
-0.0017215053569705045
-0.0010978450923471753
0.0009145493450440885
0.0011316483608778615
0.0005501714742756881
0.0024185156372911404
-0.0022163851634305117
0.001925375537915532
0.0013660569640263015
-0.001720540133793009
0.0008936063818118441
9.628476564171034e-05
-0.001416876204918418
0.00045238661635927903
-0.00019282368532418673
0.0014928219699781972
-3.427648990935494e-05
0.00047316632452551927
0.0014045996283468584
-0.00021551547682685364
-0.000549046430922489
0.0003541596883925854
-0.002312060964231711
-0.0001692437969129348
-0.0006660653768007264
-0.0007800588677664675
0.0011067236798796255
-0.0003186524256932355
-0.0014813859259783686
-0.0016934484648017981
0.0013333386572475766
0.0018169264272350364
-0.0009430611355674419
-0.0011451127998529972
0.004562263711366157
0.0003452890622044601
0.001751099232732346
0.0013296377866746846
0.0004273839974901989
-0.0004386958745696942
0.00018913319874838726
-0.0015178326416708295
0.0019316238943829457
-0.00018166810514436756
-7.840846120096387e-05
-0.0008940776836734952
0.0008985691053526045
-0.00027069475070098714
-0.002627677285416249
0.0014368542905613586
0.000984559605522128
-5.907323521987337e-05
0.00016912733811181929
-0.0003271697115991417
-0.0006803937871374722
0.00024532476871223037
-0.0003083620038953359
0.0005150184427866814
-0.00016850719203496107
0.00023364298256220328
-0.002633703755262044
0.0008836948729384474
-0.0019575920943917134
-0.00021815030174003212
0.00030411036031855615
-5.842192809220086e-05
-0.002237316939018445
0.0019064632272510163
-0.00034654928997978105
-0.0010318344550365901
0.0011114297608794883
-0.00012929293562054356
0.0007127303225972956
-0.001063371076469209
0.0005116703262776773
0.0015505054408485592
-0.0007196876492613956
-0.001982189891386316
-0.001074579618039315
0.0008873738927920022
-0.0007002967115471708
0.0013854207878721348
-0.0009564212630338004
-0.0008941281733569355
0.0005350718511877808
-0.00022363523577422908
0.0004595158959077761
-0.0013017052921130588
0.0006936052683726529
-0.001786606403068611
0.00010987442465311245
-0.0006029072849637138
0.000972968394634138
0.0008546614435563447
-0.00017341089733255443
0.0015805624673193776
-0.00014254838013711072
0.0004065915865273287
0.0009178471486411048
-0.00031177826469474564
-0.0010161515533261137
0.00021894238700150023
0.0013666150262010648
-0.0021413726402778705
0.0004854463998460674
0.00011755102662673021
-0.0011583096068479139
-0.0009730212462051586
-7.373574735965302e-05
0.0014857283136339224
0.00047520597232961084
-0.0016323450456795113
-0.00018127041334645624
-7.824689319751589e-05
-0.00037997126823088216
-0.00014186904965191957
-0.0028956839512909796
0.001295451917104087
0.0005573004506611433
-0.0009203618365811556
0.001347640017132689
0.0016993820872094893
-0.0021258628199165566
-0.000419548405503815
-0.002470257537004452
-0.0011869913774862463
-0.0007044156594229259
-0.0013766709558050156
-0.0019583520960763452
0.0008661368289269513
0.0008478243860020342
-0.0017069918143327002
0.00013821097213339445
0.0018314983663224218
-0.0002252381144619911
0.0003257054564221244
-0.00023030278784491213
-0.000275697292011592
-0.0009796497547649632
0.001209104176411193
0.0006020736413964798
0.0004913704036770586
-0.00295527428212229
-0.0010901034148355798
0.0004179266812114219
-0.0014320193093645386
0.0024238967958759928
-0.0027025905427802825
0.00017792896951788407
0.0028022410059568444
-0.0019073862139832576
-0.00018360009051582258
0.00044091927143822315
-0.0011441504350699005
-0.00017607075021097647
0.002065276702123485
-0.0009178186367314814
-0.0013038538927813963
-0.0010077370310739465
0.0013181710754792894
0.00042145483149084464
-9.719269232999264e-05
-0.0005979178824123362
-0.0019533722913310215
-6.8510266090533e-05
0.0016391901401479434
0.0008381408449092115
0.00039698541852055684
0.0018561601044242003
-0.00025917041687304707
-0.0014467743065609434
0.000336732176178562
-3.308028035775747e-05
0.00021746047346112428
0.0005984016285423672
0.0006538969991631642
-0.0005698077058035132
0.0011834365795731392
-0.0010191570350530721
-0.0016260851977418507
0.0012258826994132252
0.0005733260048308102
0.0003903766917911934
-0.00035362000580870954
-0.0014640142993963962
-0.00043764826064844695
-0.0005324532726759772
-0.0007881048257369333
-0.002055903445973872
0.0007480699149216675
9.101983517122609e-05
-0.0006568644425459191
-0.0018350222462454628
-0.00020158830056697674
0.0014393564829693075
0.0021876701789828638
9.360796877756517e-05
-0.0008555552895145182
0.0021288785619005897
0.0008590779243036354
-7.152940959925542e-05
-0.0003091110417725087
0.00020146664556899355
0.0010520465816643454
-0.00018321735645539298
2.7852266174676498e-05
-0.0005081099154290013
-0.0005687746985074479
0.0014872473005673298
-0.0001222415488661702
0.0016088491676804503
0.0007541969551293952
-0.0011858227643891078
-0.00048362676820065415
-0.0006814667900796569
0.000937226691667453
0.0014247868244546332
-0.0013778205825432533
-0.0004648664845213611
-0.0004124540104758302
-0.0015921822997152918
0.0004413609768973851
0.0012170817191890005
-0.00027128495876452356
0.0005743738105490838
-0.0017115843548071755
0.0013410481296519622
-0.0018443130069142385
-0.0021014704768692783
-0.0014037301582882301
-0.0004884792778338148
0.00013169494899436504
0.0009386687306501549
-0.002196806024220871
-0.0008354476874051398
-0.0009754384294422048
0.000788486985953033
-0.0013761688274325258
0.0005393262842180918
7.700338866456586e-05
0.001395356537414916
-0.0011886766106796122
0.0004477461043107134
-0.0009105388080071103
0.0014516079449576117
0.0007745570856450618
-0.0006646757138738363
-0.0009403605119000775
0.0002925213025068669
-0.0007370034304268218
-0.0006266319381469617
0.0005054954216635535
-0.0007645935743665129
0.0008222086989850842
0.0005155791527768501
0.0005318213169402558
0.0009363272778504309
0.0023849861652031758
0.0017375752478512544
0.000636255546646274
0.003371813167776261
-0.00016432777373855012
7.229984588180833e-05
0.0016091819832501975
-0.001989720916102147
-0.0004483932436094469
-0.00024053752818178857
0.001860127935466752
0.0005265222373185042
0.00124040981610996
0.0004632821637426899
8.047164126284122e-05
0.0022840222287008956
-0.00044534998471810707
-0.001268955452621538
0.00032258946093898893
-0.0011168752899051834
0.00042777409872190713
0.00033760663760013665
0.001983950987816558
0.00017595831229753
-0.0027257369389760196
0.00011210485481583768
0.00013129165309945748
0.0002673009818593597
-0.0014834481278312157
0.0006557025330642164
-0.00012267339379270548
0.0006818806394512869
0.0005920917801362624
-0.0004489157769317495
-0.001234597981057878
0.002340266890865901
-0.0028582648819025273
0.001457835478410726
6.741566101386931e-05
0.00033179725945029035
0.0017669954670938165
-9.366374657902584e-06
-0.0008007817816953865
-0.001655104289633309
0.0019884667266187052
-0.00036040622610270884
0.0014407622097810473
-3.050807032392797e-06
-0.00013254085740695352
-0.0003765349887272844
-0.0007421422799840618
0.000716614514889636
-0.0012778846728013435
0.0014664418264150288
0.001249741893791468
6.861583422337741e-05
-0.0009396551557957529
0.0010175750900827327
-0.0003655778364924163
0.0013575006326208385
0.002608021265650019
5.2963239315668e-05
-0.00025325816591309004
0.0008488125892474869
0.0015319119076697954
-0.000958395291506733
1.0390450134363496e-05
-0.0009450427320682153
0.0007522012343685422
-0.0005786127599468413
-2.2770921917927684e-05
-0.0011999681725208067
0.0004022763343946691
-0.0010885899323442617
-0.0011447245624552987
0.0008470200427451051
0.0005850020222654253
0.0005534053067143805
0.0005250742013642512
6.9679912858740386e-06
-0.000697418569788132
0.00037542479638580194
0.00016614778919898102
-0.0005941263932684012
-0.001883764819413819
0.002287450740645874
0.0010237841933441307
-0.0005094491240267406
-0.001345998480516781
-0.0021886365776905233
-0.001127521756588537
0.0006067192994830139
1.9564414147585174e-05
-0.0016651270306178765
8.271495342425718e-05
0.0009764426152576394
3.0415817500797836e-05
-0.0009525680483918926
0.0009966858293550917
-0.0015697083958220422
0.000979430335872832
0.000883683923714633
0.0009219599521621093
-0.0007177891804203698
0.0005772553436684531
0.00017194610720092636
0.00019737290353475742
-0.001210199048191787
0.0010488722248649554
1.4892325414325844e-05
-0.0005062537672206326
-0.0006874951818730774
-0.0012842562003029152
-0.002156549190324874
0.0024658088783285625
-0.00019321020737589524
-0.00011352181567439505
0.0015845136568763561
-0.001628304047164745
0.0001844762339177747
-0.001347199554597808
-0.0017977755380834649
-0.0018130649558195109
0.0010586915414594463
0.0007810427462983179
-0.000495269361909853
0.001612092600797734
0.000578696217948242
-0.00017026071866964635
0.0010872444149943204
0.0005877330302940312
0.00021589035118654303
0.0005711142194161525
-0.0015542938976991784
0.0021467766390602687
-0.000650672273989742
0.00022068037299483669
0.0008042383353379218
0.0007851912704688087
0.0007324390147324864
0.0017278000547372807
3.3116347479292294e-05
0.0013012481995827486
0.0024274514072952164
0.0011387846788027344
-0.0008613597660129302
0.0007223908727949084
-0.0003377452836492417
-5.171509762557004e-05
0.0021096153216745486
-0.000984101044242006
0.001044164376813454
-0.0016786125140135569
0.00033541027483188166
-0.0004648447626242218
0.0002750907107131636
0.00033076893129459277
-0.000484533212439336
0.0006038243374782705
0.00042838415954542843
0.0018534686368552216
-0.0005902800762485989
-0.001418502540736098
0.0015406677079831046
0.0008753705379349772
0.00042266246843303767
-0.0008775130437445706
-0.0014224528411326664
0.0011634953306704481
-0.0014890023615782297
-0.0009480243390426976
0.00024547997890939836
-0.0010235047689402656
0.0013082824167468324
7.37589696045022e-05
0.0012067664428828454
0.0002576104154270565
-0.002435233272249958
0.0013603464302861116
-0.001736345069455272
0.00027851389012628885
-0.002819333888042154
-0.0009606445230812256
-0.0017850831177163534
-0.0014249788442134395
0.0002543218227275767
-0.0020916162726607743
-0.001198801609751562
-0.0016567355195896353
0.00021961433794141194
0.0005055432279563352
-0.001519783764319814
-0.00043003254362454323
-0.001959614766391221
-0.0034993800222979507
0.0006679600359959713
-0.0001192339942729582
0.0011720287507278567
0.0008222185548774599
-0.0008701565859210023
0.00021139751047459252
-0.001138432032348469
-0.0015597335831025578
0.000120139247734939
0.00046429919929602466
0.0018319538418358637
-0.0016581691473446629
-0.0009140918395314707
-0.003365408322612145
0.00032021600985465546
0.0013887529905310606
-0.0001423566867426008
0.0002444509578096039
0.0017665324666405753
-0.0016710711894880382
-0.0005647352792246522
-0.00028979965872503224
0.00023373971565781462
-0.0005753881112270735
0.002081635752653958
-0.00043310784101599736
0.0011483737245055789
-0.0008929443302942787
0.001861863727947319
-0.0021805087292395184
0.001006583069457746
-0.000947834277469665
-0.0005653572590843728
-0.0001998539836861166
0.001972407932786897
0.0005995227186229788
0.0032836459330987224
0.000845682328750003
-0.000881543541593085
0.0016852777545765243
0.00037998778840704536
0.0021484826426784267
-0.003077361292964743
-0.000483257450651597
0.0009134097134057458
-0.001046609573022697
-0.001918954382270389
0.0007961110925501083
0.0006541102056435345
0.0003676417618669327
-0.001777371318115786
0.00014345368685149146
-0.0005478243667781386
-0.0007388030404955116
0.0010427834481640695
-0.0007437575041691547
-7.381542819702665e-05
-0.0018967720644360235
-0.0012886251469854634
0.0033795577346172594
0.001921454126172746
-0.002010318183533668
-0.0004420978164394624
-0.00020216108227968693
0.0015481554446844998
0.00011398287561900953
-0.0025213504536927733
-0.0014563508775023324
2.2918338040756828e-05
0.00040377927003819374
-0.0002937779172946467
-0.00017092125901225122
-0.000691811634946797
0.0007549796138321537
0.0009643443195465738
-0.001294446616081748
-0.00228939372120172
0.0006900703824379682
-0.002062480146577121
0.00047933071808806826
0.0015805905476856898
-0.0020540866431136384
0.00021103124930396238
-6.45415547261436e-05
-3.2080642871815214e-05
0.0011375094305360663
0.00039414882335617565
-0.0015514331305853154
0.0005590163976735467
0.001154368302571565
0.0010418222604578874
-0.0010739852143053358
-0.0007495049325422458
0.002484515274114189
7.141599038327987e-05
-0.0007637580594524822
0.0009708506229072467
-0.0006719902012931892
-0.0006507641231110643
0.002343218739912979
-0.0009256529566262954
0.00047321110692162777
0.00060371616395517
0.0013494441784034073
5.679887293172949e-05
-4.999701565594024e-05
-0.0005129834058449834
0.0009753075657563291
-0.00040428057178317514
-0.0015101511276604542
0.001903341060897412
-0.0005588407648494205
0.0021628125580031325
0.0004902046288665665
0.00043881793238562616
-0.0009929134284346077
0.0016270094581124135
0.0007449418684866347
0.002103312018231501
0.0005330644663835494
0.0010997510344223516
0.0006286843976830918
-0.0019384104202705948
0.0004103899682111894
-0.0011065273329766085
-0.00038686081166026926
-0.0010365980256484778
0.0003323893857050579
-0.0018397371947643122
-0.0028845541052783604
0.0014038847181874136
-0.00018711076030816236
0.0014489043557281548
0.0003100433817033064
-0.001603561346632557
0.0015258295376083034
0.00046328526873326656
2.1263832587181036e-05
0.0031542756769816346
-0.0008528363485682042
0.0009614290626322471
-0.0029342203141511556
0.0003984203519537309
-0.0014387527987340333
0.0013334957359190042
-0.0005323489969634197
-0.0010154056290571254
-0.001344462959707422
-0.001822489178051632
-0.0002410698964048577
0.000783154222088936
-0.0012448741137563194
-0.0005664927896250007
-0.0010249320150248662
0.00014803387785127973
-0.00043139610381575305
0.00028692777821086773
0.0017054552998468093
-0.00014388221399881432
-6.189364916735328e-05
-0.00018652682343289458
-0.0008328665890816763
-0.0008254696428615617
0.0004399633621276351
0.0021247288005508905
-0.00025024892933950103
-0.0007065192907593433
-0.00024229212605148098
0.0010142766492246273
-0.00021232365964813266
-0.0016680221179093877
0.0007910933884471371
-0.0004000331985627769
-0.0016880359838621802
4.177511396455611e-05
-0.0003877251588821824
-0.00037956946738054037
-0.0007388862059401572
0.0005146855348538507
-0.0007118717765725501
-3.6020339190832415e-05
0.0002678009403622611
-0.0018056485724732908
-0.00021199694269352347
0.0007407121430233079
-0.00017275664143607714
0.0012526608171667
0.0001948245150010021
0.0009409822606311237
0.0011171934780791022
-0.0012396901534499957
0.0016121536523545424
-0.0011107270802111072
0.0023113343000964117
0.0014407154415786252
-0.0014068597536831219
0.0016654811166546637
0.0011109384829597624
0.0008687515916059717
2.2039719617495164e-05
0.001671738259547161
-0.0013686625637570437
0.0003816343658819077
0.0016929197230450932
-9.534829964422959e-05
0.0002401627815394743
0.0005329653360460682
0.00045081447911109434
-0.0007541820413638129
0.0017680503955968352
0.0005162390543116146
-0.0015388430107307343
0.001459302159554974
-0.00011021475941758764
-0.0005996170098419271
0.0011673285489255656
0.00010125938877381074
0.001341529182226974
-0.00011225218277390423
0.00035063427055790145
-0.0019808464729764172
-0.000276622305870474
-0.0011687514654353472
0.0024017240944086836
0.00011927083012935061
-0.0028677882647442413
-0.0005449511861099357
0.0017995427828458154
-0.00010694049713789396
-0.001284290784974851
0.0022113929568419568
-0.00029556309065971464
0.0005591791851790572
-0.000729379978988945
0.0002107310080727994
0.0015159136476754023
-0.00018432548543208778
-0.0029253391590133467
-0.0005732771321642373
0.0006937566432921764
0.0013449064951930535
0.0010978042652123325
0.00036802837053665307
-0.00021014698524241242
-0.00026053547476039484
9.747601145090149e-05
-4.3485928638778764e-05
0.000774915710509876
-0.0006396019732201855
0.0007686059248576372
-0.0005647005893737024
-0.0010447038428522996
0.0006467389206723961
-9.01288025307308e-05
0.0003407695972810427
0.001568143065379629
-0.002810454405825185
8.383224689598158e-05
-0.0005661000695242122
-0.0018237613717075876
0.0014131201803263276
-6.74446857816709e-05
0.0011852724516538916
0.0005424088871317808
0.001372385318414883
-0.0011943798373508186
0.0002942858291871586
7.188476551797043e-05
-0.0008423901568705228
0.0009610533901494464
0.0012587500300511468
0.0012579972578770243
0.00011868047203104425
-0.00032380628778710745
-0.0015041099179479945
0.0015057309112904281
0.0011637857685987433
-0.0004271002278230487
-0.0007371119049033217
-0.0012468075966029476
-2.512285284554371e-05
0.002730123667982907
-0.0003191590396413516
-0.0004998303703344274
2.9304079955849727e-05
-0.0009015276540377603
0.0013265544313774981
-0.0004739038057479711
-0.00024607844065305023
-0.0015189164665613813
-0.00017597248583265204
-0.0005101700404382375
0.0010550558036542899
-0.0006362300299079622
0.0012232567654412519
-0.0005016678660609772
-0.00013134548862458055
0.0004793330899190419
0.00039249694141193017
-8.268187086774649e-05
0.0026255472696146485
0.0012039241578873125
0.00013461798363167065
0.0012946197407399157
-0.00040734952219560045
0.0012950747188626805
0.0007715711433506886
-0.002259369368945357
1.6930084857364474e-06
-0.0008125253861484009
-0.0008683414398512149
-0.0017695573547795993
0.00116246354155066
0.0009993904264027965
-0.0012210015832977135
-0.002262249243064637
0.0006440564777280344
0.0005821878596194251
-0.0024181106183164924
-0.001580579304358371
-0.00015224158687203248
-0.0008382726536594693
0.0025944196423047317
-0.0022287511901138094
-0.001868485041688012
-0.0018740432561071886
0.00016244475383868023
-0.0010429285991816893
0.0005190110843655901
0.0012711349783507998
-0.0006094614973655751
0.0014004778567681016
0.0009147868182676327
0.00028605903048459084
0.000616475893588535
0.0015859154200301854
-0.0003120636694978381
0.0012028616456679854
-0.003354429340428585
-0.00011120549601893008
-0.0045508141620273
1.6535575829473707e-05
-0.001376827833398916
0.0010667589148495448
-0.0010459352464954174
0.00043557168440391445
-0.0002799227320929634
-0.0012638523243766778
0.00032651485224911625
0.000997502371830974
-0.0007234611885900392
-0.0013702297103051749
-0.0028729285896802233
0.0009040345185152188
-0.0005027367155369029
0.001230551705694268
0.0005527109727520952
0.00158398194756888
-0.0010193758893813742
-0.002088100772588475
0.0009799072435991945
0.0009939346720323873
-0.00041481004205923174
0.0014199681440164099
0.000730560159347091
-0.0012799300451279843
0.0013187347397623694
-6.555552086415768e-05
-0.0024261153717450626
-0.000354926523177743
-0.00014148980970022718
8.694163775569558e-05
0.0002870021530321075
-0.002511807698467497
-0.0002669504875975385
5.0072957114185e-05
0.002538907249476845
0.00015836906635682176
0.0005748733149703149
0.0007422739470961928
-0.001832384655742898
0.00011099176916759415
0.0011615676514515941
-0.0002218878621119026
0.00025683490668765334
0.001986697799655013
0.0010386160414879069
-0.0015996084417295884
-0.0005427274781236485
0.0011672126299402763
0.001698841206336125
-0.0010210867884639656
0.0009512876624839004
-0.000239948173040515
-3.465098885067114e-05
-0.0025101785583916763
-0.001829445876735144
-0.00046931033877011625
0.0013459490481475937
0.0026159144133167593
8.635756145194513e-06
-0.0025538621261327957
-0.000614019505757623
-0.0006735859306804886
0.0004049205010162591
-0.0006325055411221662
-0.0005114796305370565
-0.0011211392131319274
-0.0006159463614424685
-0.0007521690387627978
0.0002857079862425845
0.0011438540885557807
0.0011268697735310204
0.0012581795801748694
0.0009010711919186457
-0.0013668588101654903
-0.0008275971599986708
0.002095629924852687
-0.003443869811271725
0.00048136056855532875
0.0010880699650805668
-0.002289585777861567
-0.0007552765626950013
-0.00023014726144780773
0.00137349083117407
0.001820316584856838
0.0006523433172966272
0.002177280848695656
0.0013465223285767669
0.002037100148717824
-0.0001412632191902381
0.000927265589120919
0.00024708761319118083
0.000928591676857541
0.000533162121342289
0.0026242373005620273
0.001110783338609961
-0.0021368638717950894
0.0009286667894786338
-0.0019612122336628702
-0.00047650972410925765
0.0015234003608700832
0.0007067795809791794
0.0016013820398789332
-2.7757059721528238e-05
-0.000886169614507421
0.0004826820315088044
0.0006798662571490799
-7.015209504223262e-05
-0.0012502546962871984
0.0004722290999575396
0.00027841487955146746
-0.0019027924725677217
-0.0004924674099729499
-0.0014845347863681633
-0.0006151773234221113
9.222538377965936e-06
0.00010300457312168816
-0.0002544571881194736
0.0006305501691084103
0.0008757186015893167
0.0024382476696661252
0.00021946600923595508
0.001250191841882531
-0.0007014673595047002
-0.0007246508319660058
-0.0012887391000512287
-0.0008732106188114524
0.0003183491358173962
-0.0007903051576872073
-0.0004776008202725746
0.0021294289435766734
0.0006874101656313162
-0.002191902591593245
-0.001074295103280489
-0.0001600663416635115
0.0014907441430756323
0.0009642528012088336
0.0001287075587208251
0.0003355841976131611
0.0014280482208660315
-0.0012088985467972376
-0.0018645993112630641
-0.0015152444196787638
0.0005753399887343555
0.001164346520351167
0.0005222221455476043
9.904969279772998e-05
3.6381955912491848e-06
-0.0003901489390088992
-0.00022380856990656889
-4.081772883329742e-05
0.0006856626454696483
0.0003077464430490102
0.00011908473928508656
0.0014912067210451011
0.0004688580009499696
3.7159632974734965e-05
-0.00224244784822297
0.0016691377470778796
0.001986857254134773
-0.001651110521799279
0.0001446786425348882
-7.321287176362338e-05
0.0017546928936284848
-0.0012192045403924539
0.0009123791174932681
-0.0008027595855646311
-0.00019566714120963256
-5.738246642844993e-05
-0.0001277264566056135
-0.0006267821600746821
0.00047423253193111157
0.00010791361404463354
-0.0012808804937474163
0.0015448402578246998
0.0004840053057067836
-0.0015481906842946698
-0.0007422082318665191
0.0015755328616363876
-0.0013796587265791083
-0.00039127020674482134
-0.0015043774447491987
-0.0004436779514910851
-0.0006360417106385658
0.00017254274223257375
-0.0009813021493464225
0.0016983821518636484
-0.00011789313904913204
0.000574868296428757
0.00011912624389652346
-0.00044081800879508667
0.0002019706764442496
0.003016850530411584
0.0010551881506736232
0.0015853331127667519
7.986363783807154e-05
0.0015804732706537117
-0.0020427786415272912
0.0009827021116410716
-0.0003511757745506376
0.0015554481916457102
0.0004959539637197803
-0.00032386851885143756
0.0015925360145320276
-0.0003085889777784141
0.0016393319322869878
0.00034477952158397114
0.0005299223670599122
-0.0005940347575986091
-0.00048087986510393594
0.0016228565497889173
0.0009488533498720703
-0.0003474720835892097
-0.00023898408827117883
-0.0011232785483245424
-0.0006967026694875854
0.0008567885251727856
-0.0024721454037566052
0.001342804572131768
-0.0005337210092607029
0.0009283309553153586
0.0009602221813880167
-0.0004683824961260534
2.75943502164213e-05
0.0008505662234917948
0.0013020815461739408
-0.001161757980612414
0.000133013480193289
-0.0013063586854974226
0.00084962025183038
0.0007979933384119774
-0.0008454665447208801
-0.0020068681750751542
0.002128265243179185
-0.0005990154526091643
0.001430239240496148
-0.0012539914591988505
0.0006033846993612539
-0.0013511358027686654
-0.0013468161669249303
0.00011654606102822303
0.000760506748515385
-0.0003581681821725282
0.0008913576074125223
0.0005024647007294651
-0.0018637009803921564
0.0015617465817262157
0.00032497185621692816
-0.0005922429842503703
-0.0014436981467457614
0.001725999743548814
0.0022491618485397436
-0.0021623220154526526
0.0013638675879287722
0.00016087510575352163
-0.00013004996621897552
0.002023303768749706
-0.0007100655002313937
0.002224299875004905
0.001473064221334122
0.0003847359480836381
-0.000813837007130253
0.0008017411046837009
-0.0006619227258617694
-0.0022090005101182207
-0.0014555570380051558
0.00010164047002115246
-0.0019385860444771123
-0.0005839774427693581
0.00038691461072628
-0.00042301814806447615
-0.00014089076880910155
-0.0016068502195147902
0.0007591889769917814
-0.0017104796240407058
-0.00026702607020973214
-0.0011612829912982486
0.00019272678385376634
-0.0009734009154905181
0.001398200455999641
-0.0006411721251039856
-0.0005120424938244893
-0.0008039895467526908
0.0014819869637240236
-0.000571415595078117
-0.0004931027475675361
-0.001244516949907566
0.0006991069590148313
0.0009151944488195376
-0.0022207736952852574
0.0005636024678709042
0.001221712981008382
0.0012469084237254158
0.0019653965078711023
-0.0026380489502692405
0.0009021923761300556
-0.0006119209764872751
-0.001447533535975289
0.0017226279681694713
0.000811594677818117
0.0012051449150277298
0.0006955766114662451
-0.0011809657992314685
-1.710293529881981e-05
0.0007983793266138974
-0.0002156317809529464
-0.0011489801162166242
0.000879059460746308
0.001642077820715564
0.0004252159696391493
0.0004538064672101332
0.0013669004122221907
0.0009001736635901364
-0.0018916285995971027
-0.0007522386045166518
0.002950628218787199
-6.343045223264068e-05
0.00011356159101909101
0.0001247788664247719
-6.782011785529587e-05
-0.0011084396746203213
-0.001373611231094735
-0.00037279757927404184
0.0005965920483427501
0.0015618444903519916
-0.00026912336848787223
0.0005929802210862893
0.000776993675957067
0.0003926658920541586
0.0019437424951679523
0.0012268091409225559
0.0012617246512387614
-0.0012016402404392275
0.0007663992514524425
0.0006372462014908196
5.28976478260115e-05
0.0006568410976658741
-0.00038348964415376157
0.0010075603031506682
0.00017837854638889488
-0.001697980196338285
-0.0008123228197627658
0.00162689555940387
0.0005140231792893856
5.22021949004261e-05
0.0010649483995289395
-0.0002291701954668024
-0.00032584965994475506
0.001863338708290334
0.001242286146315146
0.0007991732944913421
-0.0007112834243883086
-0.0015789469377615994
0.0015648485979018643
0.001081998048619928
-0.002853543924038125
0.001013243194033893
0.00048151853594523747
0.0007534358002319955
0.0006238889028096406
0.0013905133741304169
0.0006050594044887929
-0.0023635662739158515
0.0012780844590139474
0.0013782520027763724
-0.0009326311202254471
-0.0005699217041669627
0.0001082699545803428
-0.0017400987460805348
4.2190237858364055e-05
-0.0004055443546533849
-0.000321838150222856
-0.00046693880653990726
0.0015734341072034014
-0.0004879162899225071
0.00017812246796989625
0.0022003744929752793
-6.221992308850855e-05
0.0013799919531424835
-0.0004553413368376504
0.0019122709262930212
0.0008626507871544427
-3.406691365174106e-05
-6.70833370897269e-05
-0.0002725036348630074
-0.0009983487782971323
-0.0014141074818164046
0.0006432517762879477
0.00035803550282286346
-0.00020732411969584015
0.0015951437388346725
-0.00017810939549996424
-0.00010830221890598922
0.0010804839184821978
0.0004735781427931514
-0.0006472629815210188
-0.0003554172120066
0.0012533294958460477
0.00046167930427882387
0.000628963410430435
0.0007131687566797512
0.0007663101336710375
0.0005090989391149618
0.0022933807310630927
-0.000761213269985516
-0.0002454962896113892
0.0008675361853374442
0.00014263315287619524
-0.0007191526237214562
-0.0010529062230092085
0.002105631763938694
0.0007180337949896607
0.001100120383569306
-6.458776852909533e-05
-0.001542036468348541
0.0011282033444451865
0.0015237454479141142
-0.0017292731820735365
-0.0013077766015847207
-0.001818513163153688
0.0013348687418928188
0.001775989841253932
-0.0015572494341987708
-0.00011279937195754207
-0.0009994512307005348
-0.0012231795839312625
0.0007880363572918757
-0.000622887221182806
0.0002369923627661337
-0.002279900150202703
0.0027105204613399065
0.0005625565878566494
-0.0009392489513475466
-0.0014546824884188183
0.0024017882653187485
0.0013572777180732192
-0.0005997658012466626
0.0019374526561855337
-0.0012381941196268986
-0.001023944213934469
0.0010080184450405182
0.00024463252374659324
-0.001893447252149629
-0.0009988092962162774
-0.0008643565333491719
0.00025812594882077515
-0.00020818937883748746
0.001686232508464701
-0.001421773210798897
-7.710736209793739e-05
0.001785690221153462
0.0004146354093196031
-0.0005287834051644133
-0.0005420684025534988
-0.00045770442071818026
-0.0017215802119472045
0.000681745881048368
-0.0010367363159450328
-0.0012586522252786008
-0.000559025770979855
-0.00041703853723743705
0.0011336699046335685
0.00017803812058712133
0.0002574774746766056
0.001393815601433051
0.0007884266744057211
0.0004770660214420235
0.0005948956308195372
0.00014872282426159908
-0.0015033033071552486
0.0020345379439482467
0.0007062660961456399
-4.9131185763463586e-05
-0.0018070489954785391
0.0013465128794796983
-0.0011994460261070224
0.0002480483189741883
0.00143074876078792
-0.0015198005109844015
-0.0014268630791960857
-0.0013029293407379361
0.000200080636729007
0.001234530696539628
-0.0003903541825981936
0.0007418831111581324
-0.0013606517875040967
0.00026167040052168806
0.0003141573846186204
7.942188442965236e-05
0.00126888789587525
8.224198814323149e-05
0.0011099989853318583
-0.000839428423868601
-0.0016776277436697253
0.0005253567084412964
-0.00015278201830397673
-9.488617862896779e-05
0.0018055071506704412
0.00011532232727749691
0.00037053375720476247
9.986403380612606e-05
-0.000184019777322768
0.0025561867642109218
6.317282551667663e-05
0.001055600737676113
-0.00020448472093620996
0.00040982681877496673
-0.0009763324981324097
-0.00122036022177393
-0.002026256497234764
0.0013515881220278088
-0.0021216586019110408
0.00023069552716959574
-0.0012230619597643428
-0.0008922005460646962
-0.00044059755446416873
0.00027175927678909517
0.0013097636218756088
-0.0002980841357431522
-0.0006387814562591412
-0.0007499783083749715
0.0005428332495436648
0.0002979404996568869
0.0017465793216819734
0.0009661655335174585
0.00025352638101813985
-8.922582765278272e-05
0.0005552367959679138
0.00036066716065449265
-0.0013444997051894091
0.0020378320247384576
0.0006753374365964987
0.0005728394460459942
0.0003972998164935544
0.001386686701059321
0.0009144888268951401
-1.9314972170869677e-05
0.00040206965387442337
0.0025355077284921292
0.0015870010981484603
-0.0020808970702694807
-0.0017228444860210898
-0.0006446434029247188
0.0012105924548287065
-0.001586310982174013
-0.0005548723148858182
-0.0007328241763068978
-0.0006396555365172698
-0.002380584070558679
0.0016408679186681618
-0.0015221573462150227
0.0007734539033965219
-0.0014286483623804182
0.002079703854563408
-0.00016453382959267282
-0.00017788303324611438
0.00046785076030285893
-0.001294620803357314
3.7200515129691923e-05
0.0008017342804217481
-0.0023340290655578144
0.0014316407663343008
-0.0013877348600995366
4.250211131404453e-05
0.0007807282997131709
-0.0013903536359324746
-0.00201041681427083
-0.0002423838288944257
-0.0014291945508166659
0.0001275766600342017
0.000685091417578012
-0.001006127242169113
0.0010988689212274585
-0.001103400257237819
-0.0008398929695253087
-0.0025424073271237053
-0.00042518313279495763
-0.0006065989786675744
-2.2563917905923258e-05
0.0018559371410434677
-0.0006409928967485011
0.0009114410397820623
0.0024395763736202547
-0.0022125077034789685
2.5454313020172425e-05
0.0005656644476546136
-0.001383938652483586
-0.001348538885609778
-0.000932703280984235
-0.0003887025580773774
0.0003043257808613791
-0.0007672117189043993
0.0007958006613285219
0.000536729353359418
-0.0004088782434910095
0.0002797486716509146
0.0006355746090876079
3.313656350461443e-05
0.001332214794064792
6.877294139920251e-05
-0.0012991346712545933
0.0015471831782694148
-0.0014078222753508825
-0.0005136268678555608
-0.00178896659364238
0.00037466527485662974
-0.0016336623116367586
-0.0004347668375693079
0.0011900289845522961
0.0003716039892544169
0.001150807311691558
-0.0005226791702418693
-0.0011462508376757243
-0.001569074535373912
0.0009608872963548663
0.0005726483865981077
0.002051402121336986
0.0007727895485469211
-0.0021159317165904603
-0.00028360630933554757
-0.0005914956053732864
-0.0011472336672899628
0.002014155019637541
-0.0011692667584198891
-0.00011724951462978206
-0.0001304217749197367
-0.0017791341214953734
-0.00022818779805876664
-0.0014037572922643753
0.002176161718568533
-0.00021494610569836966
-0.002081760413650504
-9.02429356824142e-05
0.002354124829503933
-0.0005396590739350139
-0.0015739757481940141
0.0015828920377629785
-0.0005253373121935885
-0.002554090084632869
-0.0013281438053891253
-0.0016367512358976153
0.0016735750400122184
-0.0007084460140865634
0.0002932275068932028
-0.0007707974573459323
0.0007433259213062984
-0.0036178584964845465
0.0011873770890408419
-0.00023767385472426997
0.0020690245064010713
-9.227124337681574e-05
-0.0012727506941814968
0.001428817722911454
-0.0004750756577400621
-0.0012942319249421338
0.001926632634405523
-0.0011346716227195156
-0.0021021116567603937
-0.0014380529192302943
-0.0007671166233753379
-0.0017771075740027175
0.00029345129314505014
-2.3071441343166006e-05
0.0001741567829327871
0.002419196047187018
-0.0008959473604221441
-0.0016338475705503707
-0.001203892901821842
-0.0010703594291749262
0.0014058211650493846
0.001164177979597746
-0.0014636852050867043
-0.0007702253884641069
0.00011132484105594754
-0.0006783089371050706
-0.0008615355625716143
-0.0007076630924362683
-8.308779756380643e-05
-0.001023166958693108
-0.001915253573567506
-8.250262019486858e-06
-7.256633636036744e-05
0.0020247017540766152
-0.00040917299508469256
4.990943401846396e-05
-0.00020914817062758464
-0.0004276330576405748
-0.001134942607833238
0.000993786680297513
0.0020422798996539166
-0.0018316123308783309
0.0011349114377228863
-0.001466714313423211
0.0008572927323775658
0.0015453137675618019
-0.0004062319657763394
0.0006665075688233137
-0.0024165713187963562
-0.001357055588390853
0.0005635914156777185
0.00016195064536606019
-0.0004018237592588468
0.0008864258856073038
0.001381130897139873
0.001262499914265845
-0.0004678177442566072
-0.0005478487263263247
0.001254527136804488
-0.0006240240308858616
0.00036540260604431084
0.00021205417178861964
0.00012829882599890856
0.0009589624269182622
-0.0008066522927169099
0.000605278352285001
0.0009161735326466821
0.0014503732834166103
-0.0017120327939329205
0.000966389677731499
0.00037838109322360744
-0.0004889627672033091
0.0004465663707424154
0.0006394008638732535
-0.0010693335393604621
0.000969322558980679
0.00014654432800508801
0.0013316607905625969
-1.0898213980783325e-05
0.0011499965653306633
0.002566750361983744
0.00039724027522784945
-0.00031723841205673266
-7.380184773013114e-05
-0.00038228053934561394
0.002456650391760894
-0.00039820877442230205
-0.00015543805579154503
-0.0011850890355826794
-0.00013471636622590437
0.0010594734305434904
-0.0014460336536166907
-0.0007682836238748936
3.611739776688156e-05
-0.0002921575928111997
0.0013024267505500242
-0.0001910182705229009
-0.0019073360637010073
0.0006632395284568448
-3.9801337832874015e-05
-7.586818691884179e-05
-0.0008387929671742478
0.0002715516472271096
0.0006484096886577428
0.00031548626357648954
0.00030360228226087855
0.00032218515346944
0.0015444765859139314
7.644752928307477e-05
0.0006240403970498967
0.0013755512144905922
0.00046329863596959633
-5.295823712546987e-05
0.0007050110221420386
0.0003362584560834305
0.0001316833446113524
-0.0008577803330091347
-0.0026253522250753135
-0.00035288283371533657
-0.0009092447419773158
0.000558155676697033
-0.002111377735273082
0.003248897324864566
-0.000671168761585159
0.0008659523966408475
0.0009204642756383129
0.0025383425364971183
0.0006718889733414508
0.0014143492751133011
0.0010806274748003455
-0.0002924815945562876
0.0001651131169367911
-0.0009825032660735632
-0.0006329670922704562
-0.0024390800703090777
-0.0007576858815910567
-0.00010258497315371947
-1.5454901669111653e-05
-0.0011639788432411967
-0.002663766722579477
0.0004461333564727164
0.0011934659748980999
-0.0004729497903225407
-1.7589348026222757e-05
0.0012078193721007271
0.00020311499716635348
0.0021883650596108695
-0.0016761941150308416
0.001732171340327119
0.001032936662169601
0.0014678534045828354
0.00018152673747777543
0.0003235559486952676
-0.001786954569471358
-0.00038225376509937566
0.00011908033789686539
4.3879291303798945e-05
0.00035896267572408264
-0.001835320138625941
-0.0028813397068722726
0.0004490618557785355
0.0010693066700995678
-0.00043447586137193713
-0.0011586819390131413
0.00127470618639984
0.0004125434466668156
0.0010972488603544406
-0.0011174358825632993
0.0011543963288016205
-0.0003672630679180673
0.0018839519848075541
0.0002416989930832868
-0.001870223095517394
0.0016507078857038208
0.0008622282304629538
0.0001510850214123262
-0.0004666008564223365
-0.0008378104953012379
0.0025140928588398633
0.002711589390362986
0.0006822121884535713
-0.0003554708678877329
0.002046138947974747
0.0010025092953059047
0.0002825631825366777
-0.0010087985586762786
0.0010701326848737726
-0.00034432138190376493
0.0007147964717566948
-0.0013494610216294015
-0.0007244926597421756
0.0007801001218043701
-0.00022180158593160913
0.0006678592884206571
-0.0003521909215219593
0.0028125053263448507
0.001231702363231043
8.564267780821798e-05
-0.000432833984250017
-0.00017688781173203847
0.0013696450440266981
0.002321349442118132
0.0012347556527975317
-0.0009394997045265158
0.0004463931649903427
0.00021201341403657251
0.0004635998947414378
-0.0007938255494675468
-0.0012928449986583052
0.0011352165852457352
-0.00046638344830548655
0.00055193710666142
0.0005263507036034155
-0.000722247865794052
-0.0003232980402497998
-0.0021123843055144568
-0.0011562322170127674
-0.0014992699323513323
-0.0004971111894208652
-0.0018593749264188832
0.0007675363408963233
-0.0006101174431971449
0.001756573075020744
0.0011297626604598677
-0.00034889752682595214
-0.0008523954613399066
-0.0018920457961362001
0.000686169693612646
-0.00016058405354442648
0.0014633020286557135
0.000621558125017014
0.0008851427811753251
-0.0005677798946159302
-0.0005367830757508105
0.001719540644574124
-6.192060504625968e-05
-0.0002601025254542055
-0.0018160871373666214
-0.0007874111036248404
0.0012670749475165552
-0.002458298704689499
0.00201143911341515
-1.2552576249482516e-05
8.12036989161439e-05
-0.0008434697072063716
-0.00028586291029096235
0.0020898833750337188
0.0006574570259758579
-0.00017639578341749405
0.0008345375269885819
-0.0001215008481936255
0.0002999304055207845
0.001515530557641459
0.001990063400407494
-0.0002244792293100503
-0.0004868389090143188
0.0005732360712491486
0.001780062645593388
0.0018365963591356015
0.0007922529320639022
0.0009726089632495683
0.0015915138919381966
0.002028262607516817
-0.0010380464776785386
-0.0013936394948614304
-0.0015721457709992992
0.001911190277543556
-0.00152177951446892
0.0013440200400493404
2.1305411442628808e-05
0.0006924340233695391
0.002079940436195935
-0.0003855203044552417
0.0015541255083063137
6.607505327007732e-05
-0.000681461979686485
-0.0020619342420800197
-0.0010843270330661609
-0.0013635527886845765
0.001762978363439279
0.000654618974214702
7.257930961732136e-05
0.0018919567881740607
0.0006474401067381383
0.0006476469558541574
-0.001123621004125492
-0.0007210713030636967
-0.0011695876054574302
-0.0004085229856804516
0.0009447091528457903
-0.0008736578260611325
-0.0012615558831130585
0.0009079315665114967
0.0015441358498782577
-0.0009149720548638489
-0.001482080572384198
0.001609695015769781
-0.0003232394047168283
0.0019323115508035854
-0.0011578938845827362
0.00037298395494130996
-0.0004256711395589412
-0.0020397046487091617
-0.001819888174599639
0.0013644492093189665
-0.0002539266079396545
0.0009054015153644443
-0.00020969354237971823
0.0011319685041440532
-0.0018198225042257217
-0.000268250673455044
0.00035460238244609994
0.0001153410652725056
-0.0016881187489194843
-0.0005819251889510061
-0.0004254147486963994
0.0018950791834466969
0.00040346058071720416
0.0006624076271932473
-0.0018826710087038725
-0.001646107149883808
0.0006622286412356185
-0.0012364693300644751
0.0004488553305962045
-0.000154232342564692
0.0008438124639607201
0.0009205296985321955
0.002048686749627277
-0.001427173804963106
0.0001889406208337181
0.0003697169749825963
3.679422936661739e-05
-0.0008280586567897386
0.001678786561418711
-0.0007737130032815853
8.98580123075355e-05
-1.6769987371447005e-05
-0.00040239892451363995
0.0010457179744925858
-0.0006662732306414934
0.0012682646282354921
-0.0011470943090728652
-0.000977058812039267
0.0018549185859185276
0.0019220274885796808
-0.001668779403058712
0.0007553448811052881
-4.406149781634202e-05
0.000669741361709394
0.0006750191883202856
-0.0019736839513351725
-0.0004344594510150392
-0.0003258089698077895
-0.0016039158743770133
0.001024314342643532
0.0009103625913952608
0.0020393454709916273
-0.001404272455100935
0.00010421377846860052
0.0011624039613952362
-0.0016510109289834829
0.000489449538555799
-0.002427226583173974
-0.0005996100896814614
-0.0008271523022625684
0.0024529361086539883
0.0023235245642495286
0.001188718412929983
0.004194228914082355
-0.0007819455890396046
-0.0006601190032052199
0.0013505925637641147
-7.504372508185398e-05
0.001297256130964313
0.0010397417446405548
0.0005866724725040844
-0.0010415907320583163
0.0006108239368257716
-0.001313417456437327
0.0009489331151178133
0.002264399701600948
-0.002102595040067018
-0.0009815853051747014
-0.0007147770830217736
-2.094668692290755e-05
-0.0002444033240899543
-0.0018799788475279044
0.00016003699583455749
0.00010988220502766291
-0.0004498782537437539
6.947219314331826e-05
-0.000773936903109092
0.001321518795799274
0.0007352509865172871
-0.0015589120313656188
-1.5069292862923185e-05
0.0017992703073277773
-0.0009921348038773755
0.001831579471716744
-0.00029949495202599496
-0.0017546120509607352
0.001137426101798791
-0.0006589730460213874
0.0002027960597024367
-0.000704293676513897
-0.00030778689984765835
-0.0007622181394645453
0.0028343185281496167
-0.00010081591073890117
0.0005071102397162325
-0.001108518495685539
0.0005828050438905842
-0.001680635637885092
0.0030360298163503692
0.00171279412847431
-0.0003810190160565044
0.002140246424488008
0.0009025593759843961
0.0004068248914800048
-0.0009483721390866079
-0.00015274674532819542
-0.0015399974262076408
0.0014017346887638055
0.0016641464652249894
0.002000630550402668
5.061594687098695e-05
-0.001067807125153482
-0.0008225280410346642
0.0002964563070905503
0.00021292036958668354
0.00018908386294060663
-0.00013178210151913847
-0.0005807498969864356
0.00028461051746837807
-0.0013239200565686332
-0.00023059253835321862
-0.000264308924377526
-0.0008450611863450416
0.0007464503388443601
-8.518476704704348e-05
0.0018392834586819706
0.0016719628476785137
-0.0015884385912322775
0.003070642819446345
0.00035200654801236403
-0.0002632952074872606
-0.0018382896986258851
-0.0013989365303422898
0.001910965660023949
-0.0006212108038027783
-0.002836157099751424
0.000385349761323184
-0.0026326541893420246
9.7714813332881e-05
0.0015645651689616905
0.0022682288726736436
0.000562711138254368
-0.0014210975028027108
0.0013308952815633387
-0.0019248101348642442
-0.0014552265038919774
0.0006568962284838203
-0.0013960189720846057
0.0005368194190777406
-0.00034928462095427595
-0.0016013197544573804
0.0008119380486323017
0.0016666561880968463
-0.0006565861737854296
0.0003442138595625047
0.0015201734587562148
-0.0003114877377178313
0.0015639084311940097
-0.0005029531198128627
0.0005120993830764669
0.0010388923312919765
0.0010295329850670552
0.000696809082146048
0.000422511633108374
-0.0015604508120615405
0.0015758413470462022
0.00011479135952626646
0.000472198178873973
-0.0008499887458454287
9.42958852732057e-05
-0.0013825521347627782
-0.00025893259607263317
-0.0008652626366399143
0.001290939742014438
0.0010311742642595341
0.0010728216915631581
0.0005470011938260095
0.0018798847788200224
-0.00014268554749300913
-8.251117151391652e-05
-0.0010405600683097923
-0.00284854434099779
0.0007039204642477968
-2.7420609067809498e-05
0.0013741619172596463
-0.0010605130415791205
-0.0005111896310019655
4.220665882154944e-05
0.0008616453886868391
-0.00038739313900493943
-0.002815922826754076
-0.0024758703609867516
-0.0011418700417817013
0.0003595565931156003
-0.002354564935623372
-0.0013160144655173693
0.00018132769326334572
0.0010363188511552544
0.000765299812781354
0.00045467628926491654
-7.743288871777422e-05
-0.00030994015314064473
0.00207370793215052
-0.00024785912667477723
0.0029844470507185586
-0.0009066188921927471
0.0017855399404492329
-0.0007893801608425771
-8.384096283344826e-05
0.0006113561064019196
-0.0005261026008914229
-0.00035945458250825267
-0.0015020610585834736
-0.00025177796926545464
-0.0008990032896283594
0.0009784269534836526
0.0005479314049865813
-0.0006561266073386317
0.0013242786421017985
-0.0017771731970902714
0.0007704571769386791
-0.00024042164941200504
0.0010089284764139153
-0.0001929834668311348
0.0008068986884795571
0.0011378615575032237
-0.0004932004745606436
9.603796463050707e-05
0.00028472966982451254
0.0002480025150600439
0.0007712626932951653
0.0006309152414910173
-0.0004634070205136204
-0.00014659436935193153
-0.0005099875610347636
-0.0013399065933012105
0.0022043554026747636
0.00022878555360046323
-0.0009521948942394071
0.0019050768997804855
-0.0011584179931596519
-0.0019022144148900253
0.0023507020365573974
0.0012376809063585042
0.0005727376411564247
0.0013313784034691748
-0.001811813362666788
0.0009036267109708961
-0.0012520447598135555
-0.0018885437346717055
0.001327090151408285
-0.0019719884788763414
-0.0005980232238357915
-6.711805875953804e-05
0.0019521252122583223
-0.002040986897788271
0.0005632435296786901
0.0014592248962881883
-0.0011538170633329692
0.0010180692504819673
0.0006165607374781293
-0.0005675530495550484
0.0007828173297275492
0.002125335648553249
0.0008112105463793494
0.0004713171514977316
0.0027946215829194234
0.0002793226542162995
0.0005603725858322626
-0.000659490129258822
-0.001530590792072224
-0.0017810233283961068
0.0014684990824235787
0.00021076458492648637
-0.00015000758835655877
-0.0009239558563233449
0.0005180835616778582
0.0001691696989599827
-0.0006479982398424474
0.001412191383116417
0.0015615061071443596
-6.0095377921457434e-05
-0.0021357471097425466
-0.0003038427533073051
-0.0014017456870416979
0.0014390270439552826
0.0012540085291342336
-0.0022051226572921225
0.0014411430987894334
-0.000546040677409421
0.0010640129700750678
-0.0006377350967523198
-0.0018462987520200553
-0.0011008136732542316
-0.0008201057296577597
-0.0013770642603564206
0.000812905137190557
-0.0005368254019075761
0.0016998132005231726
0.00031837010820357425
-0.0011936540411633543
0.0007524514019920729
0.0014731914307121307
0.0025169891232082893
0.0023343158708327458
0.001135939363060635
5.364168483877188e-05
-9.816642042403277e-06
0.0010898826991038748
0.002251261921466807
0.0017036549955082368
0.002397264132966073
2.494101711112322e-05
-0.0023367737590113667
-0.0008303480033310814
1.9310576306756213e-05
0.00019505880214006554
-0.0007739040547747558
-0.001302548597345034
0.0006610157996999128
-4.8044036022840373e-05
-0.0009123189166490779
-0.0013063921920844575
-0.0013288405931601464
5.5667780017472455e-05
1.0978566328715056e-05
0.00018245846732609485
-0.000689207730454292
-0.0006085052236848291
0.0011895673956191083
0.0020806561413849907
-0.00026227054888596814
0.00012356211625127152
0.0006570358969348185
0.0008796999110132505
0.001024975201837645
-0.0016121623336006112
-9.293298952169505e-05
7.41163895508983e-05
0.0009465827709349545
-0.00018834574047970837
0.0022248177603428096
-0.0023724222333765007
0.002327256454235108
0.001099615272841435
0.0007774309267756073
0.0011448801151471568
-0.0018858388614186052
0.0013104567738997657
0.00016524746456704576
0.0006646699095831693
0.002487807272094752
-0.002108101862163519
0.00038050645861020165
-0.0013040513000921684
0.0016079008953385722
-0.0016597164196992694
0.002743763103183972
-0.0006558478171023555
-0.0011113396240106542
-0.0014994172494821477
0.0009037930546761174
-0.0013738983302522068
-0.0007851087031745681
-0.0022923070212560602
-0.0001659223837206221
-0.0010114146400703407
0.00013465505857145326
-0.000706415483712102
-0.0031089377684053554
0.002721637492526987
0.00021081858418616747
-0.0010346665971070997
-0.0018437361859738217
-0.0002915242938333991
-0.0007670254400195012
0.002291861625250883
0.002207145612567884
0.00018521493950350557
-0.0017069556753977625
-0.0015677664902575953
0.001194718635308472
-0.0011736823566356998
9.085094153779102e-06
0.0010122146261319115
-0.0010875132138870943
-3.9153103214023465e-05
0.0016313912083513193
-0.0002649990843238722
0.0018645260101074384
0.0017123050166677806
-0.0007257563725666965
0.0006826541157609071
-0.00042427332901480663
0.000624464681240413
0.0008559961334338105
0.0013384057174870452
-4.3387429375384765e-05
-0.00022227912649977298
0.0005371304033730117
-0.002445201482776627
0.0023147390378276764
-0.0013195288691647301
0.002088914624381874
-0.0005496690372160477
-0.003542437201941233
-0.0007443032679119864
0.0003038848518708256
-0.000562897541100247
0.00038497997952809815
0.0008195714202631701
-0.000484214128697042
0.001174241899934276
0.00018027368817020648
-0.0006752409883238917
0.0004319233350603906
0.0011349765079577208
-0.00010754391378538031
-0.0009082537220997201
0.0009002989629525918
0.0013235806494123592
0.001965954236610711
-0.00019743610993558085
0.0004949145173025667
0.002320123754600919
-0.0016818593979305723
0.000701014825026312
0.0007203478053470538
0.0014267662440149602
0.0010491369264164078
-0.0008600503738981391
-0.001440127431226182
0.0008255456841956776
0.0004129315835257492
-8.66348645983703e-05
2.2666938541161302e-05
6.930181551353364e-05
-0.00039054014771376167
-0.0010117187868457997
-0.0025191458513861174
0.0008799816935483014
0.00015109597151999752
-0.00043766929645138396
-0.00024000336970582728
0.0011796512177697032
0.0009078675805485643
-0.0002587781353864272
0.0008131356493752366
0.0018538434013956459
-0.0011146932237491739
0.0005457893134850814
-0.0009608337432221403
-0.0012798693135275055
-0.0004345585327403714
-0.0013017878777473377
0.00040944652548637837
-0.0011438190732243928
0.0008216165210246665
-0.0007223623237632804
0.0007816388638315355
0.0006483953038807344
-0.00011398415323468793
0.0017568644502796702
0.0004832382437703087
-0.0007418686004314632
-0.00031952364578925074
-0.0009131616239516127
0.0007933696169998987
0.0020213938793679784
0.00017030521933625168
0.0005867561430731573
-0.0009144533484225444
-0.00021828387223878575
-0.0014004849587822008
-0.0008720953274974005
-0.0006242698914729334
0.0012413181219730093
-0.0010923404186867225
0.0010777631183421245
-0.0005947695017360726
0.0018028975667321071
0.001847985895449938
-0.0016310481252326749
-0.0013423086654515402
0.000945812304380291
-0.0011068391394801012
0.0003134601003407794
0.0013689974544026874
0.000149365844122579
-0.0007043841088120212
0.0013646450270124457
-0.0022361270048534363
-0.00042198633729018526
-0.0038218254659872276
0.0016088527561409517
-0.0008414775616481604
-0.000578018088625075
-0.00043877469541394736
-0.0008858956039502763
0.0015179459769203648
-0.001392554894165163
0.00030099807858268877
0.002559837288727178
-0.0005492314841183223
-0.00035162474597942166
-0.0011456897748055423
0.0005267522012907149
-0.0005705342932641941
0.00015916498446532442
-0.0008425176623407155
0.0004159700035195201
-0.0011959416599847054
-0.0006041436888083518
-0.0020566745782940217
0.002338509411621521
-0.0006179860786293567
0.002407893693669567
-0.0002136948645418031
0.0011697884061172114
-0.0005232351750178808
0.00038201528869783434
0.0011822941253366165
-0.0014643872292701
-0.0009358119077493423
-0.0013187356430644963
-0.0009794165194160456
0.0015391101462041337
0.0020235673402896432
-5.9755876413420616e-05
0.00197832249370782
-0.0005527457693288093
0.0008604066660426629
-0.0022164802708916458
0.00024054029841142607
-0.0014228851662146619
0.0012351665989190073
-0.00024321085701098545
0.00022773109066926038
0.0017698430921339887
0.00031703669969817996
-0.0002843220925250072
7.933977187997562e-05
0.00042329103678578585
-0.00021616464104258403
-0.00029397317440165517
0.001688743760409629
0.0009387709995647885
0.00032162486728883164
-0.00036042685820383944
-0.0013766762525406478
-0.00020993402336953986
6.245818913202045e-05
9.095800913448832e-05
-0.001202640766643651
-0.0018198115485939417
0.0014753970631544299
-0.0015858973440442692
0.0009739382573993879
-0.00026423539253515394
0.000320202734981409
0.0022118785575254967
0.0011068539122704492
0.00021192170014541268
-0.0010679365740048385
-9.003218632524334e-05
0.0010934252010156582
0.0010154539139586164
0.00012917627662575854
-0.002593451037931265
-0.0024748366656078056
0.00020021395179301035
0.000555390271374232
4.3602514273410925e-05
-0.0003512629719311685
-0.0005135944355970329
0.00043716378290556445
1.1265599638820797e-05
0.002720291786694483
0.0019877472016195095
-0.0004648834817594844
-0.0012187373142176219
0.0007473325541247675
6.01213233305439e-05
-0.0006052443973613678
-0.0008009613277975584
0.00041240985164102184
-0.00044150861354260264
0.001272345819054619
0.0010212367056818944
0.0008621973752267537
0.00033322995385204454
-0.0008470641854495173
-0.0011683655651772258
0.0014009883554898675
0.00044728062353301785
-0.0019827053410345586
0.0011000562546424602
-0.001193261754373591
0.000606554955725822
0.0018322054477161304
-0.002748834074491844
0.0016434618388880226
-0.0018112546504150063
0.0004210069962605764
0.0008611746555873388
-0.0010251932014759709
0.0009080063286831834
-0.0012708042475793797
-0.000505002198815914
0.0011072577866499372
0.00010902189769634982
0.001316995064938761
-0.0007037585634720881
0.0001200842684985142
-0.00046797832941077483
0.0014186094505642718
-0.00010665783251329053
0.0011874597436159874
0.0008160333204025016
0.0002967130537056422
0.0005666914756562726
-0.00035926960444028635
0.0005201426598659153
3.6784887879170406e-05
-0.0007674613730068573
-0.0009710378020007698
-0.0014904608913488405
0.0008367584517083368
-0.000636700222528744
0.0005104102430130197
0.00047459569562395207
-0.0005204668215891683
0.0003167434597213873
0.0005736142556543003
0.0002389262924026105
-0.000883548612238029
-0.000916650015900592
0.0017815720581429593
-0.00019934590960579652
0.001466771068328884
0.000772556402246623
-0.0014783999425846317
-0.0016322352264141803
-2.8361937385076663e-05
-0.0009440775707607292
-0.00043640182436094496
-0.0011350159083259705
0.0009729112731486633
0.0002801316414802694
0.00010307114370423161
-0.00018840781952058822
-0.001702585609530951
-0.0013417392200790448
0.00041987976889607274
0.0009506943571635393
-0.0006167866178088046
-0.0006621835936823298
-0.0016026676986584105
5.838275598008949e-05
-0.0013049279678424444
0.0019515261490498004
-0.0002722350237899019
-0.00037622815060645
-0.0003244506911056732
0.00014120407698608924
0.0011142658898091607
-0.0006173069207172957
0.0009807606939658362
0.000636120515352424
0.001401842327332296
-0.0007938351386559921
-0.0009283085055617603
0.002736016167826464
0.0017644525887472238
0.00012073730091557015
-0.0012757211011376656
-0.001165445013957874
0.000736583590712569
7.435123948607554e-05
0.000847398265598048
0.0007206896990147823
0.0009401980573877915
-0.0010592121797917701
0.0013643113812797614
-0.0015051784848105591
0.00027412476586621007
-0.00043739152950085785
0.001473795713539739
0.0006269851239751232
0.00010737448276672738
-0.0013345247424351538
0.0014358298454115962
-0.0006874927649653829
0.0013982829271744037
0.00036819250017942304
-0.0014889694241952743
0.0006554869308887253
-0.001916862869721914
-0.0023348873842102785
0.00022874902709411454
0.0004533551935541351
0.0014854212156590512
-0.0017796344110028207
0.001145302981409653
0.0018500507296506893
0.0003496552742326265
-0.0012525992379471033
-0.0004457076382237862
0.0004296593483726952
0.0011165714926952728
0.001202191302022513
0.0003522488550512971
0.0018000306952580354
0.000377992872619198
-0.0026988870482561322
-0.0001746428213466378
-0.00047645960719261784
0.00014264833732306458
-0.00045573974654862563
0.0015961569676147633
0.001026471787850569
0.0009673879271196049
2.3292256950741906e-05
-0.0003557347147492091
9.893524344611003e-05
-0.0009249627418807987
-0.00024461300685236836
-9.221271037128716e-05
-0.0002986325110632415
-0.00202098166049204
0.00035711172702704666
-0.000405292709220505
0.0006986749857080278
0.001086406002796171
-0.0006385399058020278
-0.0008785623173287989
0.00011185320231209981
0.0014499541859214974
-0.00034265365041005676
0.000685073501570261
-0.000336458136233163
-0.00020777397520285368
-0.001912867872884355
0.0005323861808386107
-0.001138563192789422
-0.00034386548898872945
0.0002047081350841489
0.00016102478322516675
-0.00019280658290704908
0.0009033712828498811
-0.0018293605765542366
0.0003401434959948886
4.302149213844341e-05
0.0007872083803545395
0.0003561808896536025
4.316781559272708e-05
-0.0011432422288617577
-0.0007343460828418202
0.00022308625943119888
-0.0011769652698893514
-0.0010715268583452566
-4.0501512103011266e-05
-0.00011749779367129942
0.00020445180167232837
0.0005197770582737706
-7.835440007127448e-05
0.0031638929404905975
-0.0006500511494828907
1.0582420397163112e-05
-0.0010749791822888433
0.0009629226872813992
-0.00012040211395677773
-3.643998268877195e-05
0.00019909710002895514
-0.0018241891882336682
0.00037464976404546406
-0.00023594586559854268
-0.002416429955107121
-0.0002929526990968035
0.000834717480548953
-0.0002356208138310226
0.000572881820593945
-0.00043859053999613243
9.060075623711563e-05
0.0007150219136941663
-2.3649123602486045e-06
-0.0012082017859838623
0.0016743381564098565
0.00090648961326295
-4.968760816203262e-05
0.0015282992723468286
0.0007035786225066829
-4.668993354630759e-05
-0.0006440786194573752
0.0006313220049789448
-0.0011049775266032194
0.0012850060471304512
0.0005929441331941084
0.0016719476979230416
0.0004668223384582911
0.0012194893172149585
0.0016184341173677598
0.0010246963543716113
-0.00028487858386444303
0.0004269374769976145
-0.002028522812444428
-0.001040544786417659
-0.0011843574156596881
-3.168681772847985e-05
7.04999591657942e-05
0.0004552366534459299
-0.0015645906262606018
0.0023136392659423985
0.0003949762350667893
-0.0005299999010079856
-0.0010206423746451755
0.001671258102540524
-0.0006707515312385212
0.00046100406826241817
-9.754068262418008e-06
0.0007515778986717743
0.000573432623869944
-0.0012260392468864364
-0.00020942726093340323
-0.00015363758595070008
-0.00015092509362700073
-0.00033266295632224856
-0.000935222485434916
-0.0017511525207078926
0.0020777157042610054
0.001534394856516379
0.0012010801590925403
-0.0004776450551191069
0.00033937394666310296
0.0003443637056299228
-0.001936179396376751
0.0003150035195196339
0.0007803962705554264
7.672597989719696e-05
0.0018869347732782373
-0.0014601285046708316
-0.0006998530943047421
-0.0018067295250486924
-0.002326584739064122
-0.0004660631061714099
0.000845475710762659
7.616936525967047e-06
-0.0006577186788826347
-0.0009375123808516211
0.00023197366189313035
0.00012536715121489765
0.001222134502923977
0.000704288498878032
5.0997108770303385e-05
-0.0011688584890601449
0.0032577527723508947
-0.0002962588931508485
-0.000845262312706226
-0.001453685820030398
-0.0033151030104708805
0.0011856764301075723
-0.0021205632420202712
-8.857667735780343e-06
-0.0012983511620601792
0.0021801206310493398
-0.0004741674431352751
-0.0016439264517178827
-0.0005909693916693272
-0.0003615412305272985
0.0010912311311941161
-0.0005435622143594276
0.0015181691606025222
-0.0019019696401216045
0.00035776503476564155
0.00023987595836643392
-0.00035958756833542383
0.0008312647659404541
-0.0001357277212285894
-0.0023090013113348327
-0.0006246863097757085
3.225739907852558e-05
-0.0010645475956695947
-0.0012029088889436877
-0.000796185050411683
0.0010083416446851367
-0.00026939755316489794
0.0013366842708937678
-0.0008697898174163014
-0.002049526785692189
0.00023221713341401224
0.0015148555713147302
0.0001798929704091658
-4.5233147847049785e-06
0.0004902666303489716
-0.0011094869670384877
0.0018164166066527581
0.001986012317081319
0.001175849232378803
-0.0027330418235071386
-1.1761704524041345e-05
-0.0001627914757976898
-0.0008612493419682651
0.0016540140930157243
8.368282927837273e-05
0.00042055285492967803
0.0019023501839837281
1.0927419939325124e-05
0.0006149122955063634
0.0009374009034700593
0.0014727726571507056
-0.001279892326961076
0.0020676482606484473
0.0009096831141897625
0.001125554368535247
-0.001308151498040842
0.0006971217190334425
0.002573986165556719
0.00036677928952724606
0.0006181737900259183
0.0006813434824895502
-4.001784640399296e-06
-0.0011130808913240927
0.0002799260953908255
-0.00029482411969584027
-0.0005918549386496994
0.00019282652604144028
0.0010152413951191987
-0.000138483191774754
-0.0005327883845069017
0.0001997216576583931
-0.00020805243487651335
-0.0013584239057228347
0.0006559698720457511
-0.0002204880606792765
0.0006740245419763263
-0.0006362761579767591
0.000471857394005185
-0.0008956822986988559
-0.0011967182971888745
0.0006628777992643478
-0.0012818071957736775
0.0004955194243543687
0.00010392589334105507
0.000267360787840316
0.0005259219141714491
0.0004658235145629627
0.0022101730504141574
-0.0017266446431532351
0.0005506102409094396
0.00017082216425002403
-0.0008271806480070253
0.000539905648899721
-0.0013417789258199806
-0.0007671876105926402
-0.0005035913862894646
0.0007939334653462541
-0.00037782270402165623
-0.0005331615404271013
0.0003157080836878484
0.0015897181991249105
-0.0010651421169565896
-0.0007315588637007243
0.0009349969451683238
0.0024106302644748417
-0.0007946099909104116
0.00045459631277728805
-9.140645069084047e-05
-0.0008810903583634643
0.0013508103632087693
-0.0019012842165453839
-0.0015316456695324853
0.00010575385357348777
-0.00017514561482172096
-0.0001920303602319385
0.0017732243811319807
-1.3153102904673102e-05
-0.0007447748884041815
0.0014263675839514146
0.0017078979178444065
0.0009907411090146014
0.002032570081705534
0.00019335215109646023
-3.346781332121349e-05
0.0007722189137235105
0.0014033691421475823
-2.9321789582928685e-05
0.0007323325945612376
-0.0001892353532035054
0.0004621914737117869
-0.0007203703817132058
-6.875645061129363e-05
-0.000356846593932284
0.00041250050667117783
0.002475284042116152
0.0002392552651819284
-0.001103584299079975
0.0010420138842486383
-0.0011679552781923067
0.0012465796411963751
-0.0009999126309301958
0.0006192727622413348
-0.0019849775612946177
-0.00030121769302823983
0.00011469616036494166
-2.937845389323182e-05
0.00015240684387474548
-0.0001479238411570605
-0.00011779953370342175
-0.00040147669237453943
-0.00011332124548039561
0.0005767820109237686
0.0012952176231151302
0.0013366810004009177
0.0004461488416520212
-7.349848825053181e-05
-0.0007959416252933078
0.0011144782727555242
0.000987123121272995
-0.00027996818887216635
-0.0013941267110150885
-6.658438419543015e-05
-0.0014415632440973362
-0.00018804332473870515
0.0011137523247655744
-0.0013966927981277067
0.0011657106457690991
-0.0008311706214418119
-0.00045496837205158473
-0.0016910372095954374
0.0008496545852658875
0.0008216101530540274
-0.0025068926793549683
-0.0005256447535470076
0.0003452957355477845
-0.0025593640110026087
-0.0008091734862883691
-0.0013267655596884721
-0.0033636307309747072
0.0011298232064503194
0.00018482533544150983
0.0026777636652288075
-0.0013483124546360252
-0.0009278063329964072
0.00030604071232178363
-0.0002247972287804427
-0.0006322765540332
0.0030113227195775446
-0.0005259016177151158
0.0007508906373353327
0.0007042736606822458
0.0001875637128510369
-0.0005069941863846386
0.0015154798182683395
0.001800111461251167
-0.0009885576306756455
-0.0011955749084942573
-0.0003224671841474191
0.0001947758403184572
-0.0008243288264125542
-0.0004646928958381282
0.0005837088895889036
0.00028367913409210694
0.00019878575379413411
-0.0011276241492431884
0.0014865784824594993
0.001054908928894037
-0.0012343079737890362
-0.0008945150759091974
-0.0021050586063656816
0.0008325358435056466
0.0002466581796482321
-0.00013051447386982053
-0.0013179214655696936
0.0014771472505763633
-0.0013982332128547497
-0.0019663445676453084
-0.0011147508401947175
-0.0007723686970370628
-0.00041018123824690817
0.0006354538403774988
-6.15898303029404e-05
0.0001523409560719405
-0.0005826033631299292
-0.0016511845947832626
-0.0016932505388877752
-0.0005266501727852565
-2.7849411536670902e-05
-0.0012147223320414869
-0.00030768754125403796
0.0011529508034439325
-0.00034133055408835217
-0.0009242173930028912
-0.00046493892899833136
4.1601583173974115e-05
-0.0025260550166677806
-0.00019337324258240468
-0.0004069272260210407
-0.0009424252570522082
-0.0008756976322966389
-0.0011839992610069396
0.0008057393419629623
-0.0005088495936996535
-0.0003590905300969307
0.0006556200294076988
0.001330686698982256
-0.00010645328164712793
0.0003901557855882474
0.0009029302864652108
-0.002197310155855855
-0.0011183581988898047
-9.56395518260315e-05
-0.0004190127851279347
2.999319695062322e-06
-0.0011225141335405799
-0.0017716709681790171
0.0018058604593547633
-0.0009395022069474008
-0.0012047465705012283
0.0004259052223060122
0.0013700152332799841
0.00046316578714030056
0.001553075545092453
0.0003928403212856517
-0.0017669756362092986
0.0007602230080155247
0.0010672338900219935
0.001384674969886983
0.0002813338517598127
-0.0012550261354383986
0.0005586793490903874
-0.0016206996276044178
0.0008794025306070934
0.0017819765386275677
0.0008328565451486662
0.0015600080099564754
-0.0009244742125362067
-0.000728996268929129
0.0009691413030566259
0.0010395981797047987
0.00031143462319927303
-0.0010068940073505103
0.001756811888834797
-0.0018895074234729862
-0.0007149950720538122
-5.268599361996604e-06
0.0011935015709237122
0.0018444884665023398
0.0007405912043916392
-0.0020370428440529306
-0.002599003359895012
-0.0018446053296681537
-0.00023991757368099312
-0.001805688390464099
0.00044211330714287466
8.61987104257329e-05
-8.877101945157724e-05
0.0005332278920340064
-0.0006442293911443157
-0.00013013381245467986
-0.002999499810368423
-0.00016003364181719639
0.0002569207002818797
-0.0011531565682880497
0.000290856490614673
-0.0011219477582462998
-0.00010382004546738552
2.329372680537939e-06
-0.0013804022688527638
-0.0010848814239188037
-0.0006050450484371453
0.0006013024293082114
-0.0003940332718345445
0.0010709084048550637
-0.0002477506415919893
0.00039388390061944267
0.0006813880536437723
-0.0006858020518569669
-4.511366293961702e-05
6.3396147301527625e-06
-0.0006291499169085782
-0.0008240639500783273
0.0004907028958876243
-0.0008513522828353859
0.0007241412334528662
-0.0006262868961796507
-0.0007853823102508709
0.000824791839239798
0.00015528387882352262
-0.00224780587140195
-0.0011519861147791183
0.0009696259277407794
-0.0013246050744543686
-0.00184747908329683
0.0006742596712104001
-0.000799040722530335
-0.0006132508411669604
-0.0001346668377372411
0.0012187257794383695
0.0005139559877971127
-0.0007306853100005621
0.00022239524103848248
-0.00034995356589562535
-9.268231080770083e-05
-0.0003655567743947255
0.00039893599450382185
-0.0009563613366272925
-0.0011467923719405725
0.00014614829255569478
-0.00010166052363770191
0.00012154353452222748
-0.0009783661823305617
-0.0006898223736358103
0.0008893020227780625
0.002280206920266529
-1.3008119819933431e-05
-0.0007995279689561043
0.0011684039369565823
-0.00313435515828823
0.0004650295407194809
6.484044343472645e-05
0.00046302874661791987
0.000818901816627194
-0.0001027983024902498
-0.002048155544560371
-6.739784952223985e-05
0.0005082869153593529
-0.0013066993556857301
0.0016530214567841521
0.0008153412477890312
0.0002986585939121325
0.0007373697024247037
-0.0002618987271483124
-0.001421942862118973
-0.0014094373501640966
-0.0009882387588381308
0.0003763829316909147
0.00088567856152937
0.00010300957376513666
-0.0013596812751037557
0.0006309079593910011
-0.0019976030599668866
0.0012292572938553182
0.0018340951752087934
0.0005462509861637449
-0.0004462650870016062
-0.0005491369080763693
-0.00029870129968559493
-0.0005410869623628826
-0.0009288815047033578
-0.0010860809154533957
0.0010406348459489811
-0.002114570808412978
-0.0018677646173640475
0.0010241525161118342
-0.001723809155462008
0.0004131705641678607
0.0007906446375407414
-0.0009202274124972467
0.002594774020456346
0.0012982647232501485
0.0006828593997866718
0.0011035244946457693
0.0002667051575457902
0.0005267624043180313
0.0014126413930774884
-0.002054746560999763
-0.0006620030839547736
0.0007678682679685532
-0.0018818149041138614
0.0008883215811251927
0.0003737514802399564
-0.00014855990594521247
-0.0009438961168526475
0.0012931081039635345
-0.000500117082141452
-0.00017585263743892122
-0.001824269541023528
0.00015270050302084682
0.0014148227656265078
0.0021590992986239045
0.0008115734672324058
0.0013968587213378347
0.0008736141915746484
0.00022080095454817024
-0.0007470226750930087
0.0015811077939947911
-0.00299290313481192
-8.140755043024372e-05
-0.0003900010131213918
-0.00041245165875260903
0.0018816068476488158
-0.0008209300182587234
0.0004153553141564588
0.002190709275569372
0.0008829188166494668
-0.002309408500400034
-0.001666690208867846
-0.0011239678867255602
-0.0012380648632354624
-0.0008893246804590825
0.0011674011564742012
-0.00020011234974868405
0.0014860129258380112
0.0002665261729139462
-0.00029186234294298303
-0.0002361087693312841
0.0013365922485364208
-0.0029317554114603054
0.0008575663447570116
0.0006289792816344002
0.00041173569812880356
0.00014094048224489846
-0.00033408461245156896
-0.0024730533353061026
-0.0002807810229039237
-0.0019075790435762847
0.0020069158644778124
-0.00038097213560421057
-0.0007906755221651959
-0.0019961427529802786
-0.0004062579836617216
-0.0006022226497881747
-0.0012457265032732776
0.0007949623567399955
0.0003572166369071926
0.0005656821570607288
0.0012610084013726657
-0.0009837450172546613
0.0008883070905062771
0.0008748375355443203
-0.002855049478992657
-0.0005963287983058933
0.0012412488653482346
-0.0004332582562874955
0.0013188377880181477
-0.0006195788718428175
0.0006846289872127064
0.0006286959565474554
7.860112683846748e-05
9.289171603893381e-05
-0.0009861081605745923
-0.0008835582224180848
-0.0005478767627207387
0.0014393791351262203
-0.0007236998181198518
0.002165199830847396
-0.00040442957862811926
-0.0012382041169364379
0.0019306001112422758
-0.000669411257371812
-0.0018381913608874064
-0.0012459086238307006
-0.0012398514662396573
-0.000630589086890594
-0.0005879547732888432
0.00013540861892529285
1.369983027288887e-05
0.0022978501950761373
0.00019309136591655506
0.0016157290198358786
0.00014858885492225436
0.0019180461753993527
-0.0012012280299599327
0.0007570669046363969
-0.00043161516982787067
0.00047847196236818585
-0.000267868991184761
-0.0003657896840422398
0.0004755656481007147
-0.0005068840871575186
-0.00037459466570927244
0.0007451108865229797
0.00206731162372181
0.0007432920901226826
0.0012462096351225078
9.612022146988258e-05
0.001216133826684782
0.000618386749468183
-0.0008424183956682504
-0.0009037733367043644
0.0018273826023215037
-0.0010250133694459736
0.0012372980925299567
0.0012777517753598977
-0.000722254814458915
0.0016718021820933341
-8.539481572636627e-05
-0.0015911437482035602
-8.276575997052968e-06
0.0001926547152370983
-0.0019424423464324517
0.0013527953519537309
0.0002847635421074901
0.0009495889038437541
0.0016830705559391496
0.0006610507916090831
-0.0008101318149372582
0.001636816754910976
-0.0008397150044228218
-0.0012530642761332728
-0.0008312652162657314
-0.00025953719311149913
0.002185309377000832
-0.0015196450765084528
0.0015048029354048829
0.0006713187824353523
0.0008381717498623833
0.000779272724235472
0.0011885385778064857
-0.000821126655950781
0.0029082179767022293
-0.0030808210212016143
-0.00036430270555780044
-0.0002527887281064136
-0.0017701845869611255
-0.0023944986843342665
-0.0015871909206381027
-0.0026944051594195674
0.0008300038553853951
0.0021853955033673193
0.0015513442753095177
0.0015412678293897392
-0.0007854761122548219
-0.0001009056346254266
-0.00010873929339500541
-0.000842364771605979
0.0007646701524229534
-0.000769592518819973
-0.0007928253094119132
-3.461846224038026e-05
-0.000705160594434669
-0.0022343930149997648
0.0005950885443790037
-0.001253546262724451
-0.0022016267503467374
8.236666924752988e-05
0.0011065407163433343
-0.0017831821981600922
-0.00012836835794522244
0.002109302820238281
0.0017299130014873545
-0.00048322831208717196
-0.003586064277061323
8.018279494051798e-05
-0.0008611166577573852
-0.0011748611157513618
0.00023508533575616287
0.001078326619774503
0.0005612238484312062
-0.0002489786792856738
-0.0009220060831034424
0.0007990673984474516
0.0004075479755514477
0.0009388877403163715
-7.55251804748153e-05
-1.6257016058979823e-05
0.0003855360231938288
0.0010094265207029423
0.0010459102587456787
-0.0010379775993446727
0.0010518610282052997
-0.00013573242268635337
-0.00036846640953491094
-0.0028673365796526864
-0.0022876095826125484
-0.0014318046714773248
-0.0012214751526951817
-0.0023936614392696363
0.001639019799640164
5.9242481512357635e-05
-0.0001298343755336288
0.0004341264372403006
0.0005613934146800208
-0.0014025071219008875
-0.00033614484882682065
-0.00012629055424391152
-0.0006556537231515099
0.0007214689155354175
-0.0036125013633498335
0.00023200364166870818
0.00029037452147967615
-0.00011075718129609485
-0.0018269357331472278
-0.0013157299176138966
0.0005036937709894005
-0.001105436228416648
-0.0009180492339874233
0.0020834999183315887
0.0013883963386566289
-0.0019180532740989875
0.0006964428611909235
-0.001069538467633677
-0.00035549859647885425
0.0006147224009823543
0.0004499110086101842
0.00013232087395099402
0.0003936022745271274
-0.00011802679064179014
-0.0020662777261605137
0.0005270864955536679
-0.001958440194549358
-0.0010418109970228148
0.00026468655327838565
0.0023636668506857497
-0.002171281863054448
0.0002815428910741374
-0.0012611830999596611
0.0040883130965373654
-0.0012060900885660331
-0.0006402873165863595
-0.0011845237509682653
0.00020036349558124347
-0.0021448919177351603
0.0010883607534582685
0.0009414929210987688
-0.0017598297005915837
-0.0004222763863212839
0.001637616582320168
-0.003021980345400813
0.00014628110603069947
-0.000532050423128989
0.0004716153910131511
-0.002694376583872221
-0.0001661122510660204
0.0015556525840804583
-0.0006161408776561232
-0.00015250874223222057
0.0017036733839376971
-6.324791869290936e-05
0.001407524607249185
-0.0007065209983715811
0.0006737836665652
0.0005044433113394293
0.0010314307300289803
-0.0007946261102573052
-0.00046371861577522574
-0.0026803978195152852
0.0002457419049280699
-0.0020394586349938184
-0.0005834606673352163
-0.00033112888415494926
-0.0013106285491288525
-0.0013614425966966361
-0.0017114663446155943
-0.0002441858887944926
-5.5500482851224824e-05
0.0010541518255983446
-0.000496636032394783
0.0017898947551379506
0.00240680709611877
-9.06998602798432e-05
0.0024459054898937987
-0.0010066286884247576
0.0005387496433635935
0.001084924636805372
-0.001519481694167002
0.0011214218446118822
-0.0005405981824447558
0.0006681358897844132
0.0008084249272408701
-0.0013826677342336656
9.300821571844695e-05
0.0018776587778870225
0.0010724089282311436
0.0003723697837395717
0.0014381153312644005
0.0018595078766708
-0.001657537599950999
0.00020612863888455803
-0.0008456396384440434
-0.0006652199231327013
-0.0012820921018603076
-0.002443764941607086
0.0015991868888789898
-0.0007798698409693297
-0.00036010061079840217
-0.0010579173883361241
-0.0003748060167522771
-0.0017500778525786184
-0.0005031823683026157
0.00018196424527781583
-0.0003239007175506824
0.0024053591677741398
0.0001152119054424746
-0.0017627657239533447
0.00019197952319259127
0.0014186772037478375
-0.001196218616438119
-0.00025497002464370806
-0.00042080153214889385
-0.001589144541067721
-0.0001512931249427708
-0.0012876764090717695
-0.0005585857722490737
-0.0005077805442510214
0.0006361493081076934
-0.0012403572272655118
-0.0007413400772084672
-9.741034173987615e-05
-3.157775791750504e-05
0.000559812909071239
-0.0003849152396349175
0.0009371205552143863
4.797293036866415e-05
0.0022585996905704095
-0.0004221325299335941
-0.0008631046586879102
-0.0012179570786095579
-0.0012302033899196428
-0.0015686322112146637
-0.0011134295588739096
0.0004732654239279961
-0.0010444536113700807
-0.000700323324931386
0.0002936658784427566
0.0006769337826952063
-0.0004173988664000245
-0.001035035367990437
0.00010043371030729573
0.0005645756360413661
-0.0008490121262123425
0.0010114838308477503
-0.001977328677968726
-0.001999417848737374
0.0024365604033800823
0.0018030184591822337
-0.0017647712681248188
-0.0009537259380907482
-0.00011907833706497863
-0.0019833404499310764
0.0002834875319558598
-4.011953351957947e-05
0.00017725882761283226
0.0008348995478539765
-0.00020027212661538168
-0.0012651229951465628
-0.00040610598893728913
-0.0004975149447005862
-0.0013928894237551137
0.0026749335160354687
0.001970872054678239
-0.0004961076556711287
0.0018837857754486374
-0.0009441759416438548
-0.0004151949384764631
0.0008965943004110645
0.0006456972712409458
0.000628547879078427
-0.00015875717228075098
-0.0010211837025293515
2.4826357180509015e-05
-0.0005201197270843209
-0.0007310559456017676
0.0006054349839456171
-0.00014649936154570385
-0.001788567863975074
-0.00034740053225000697
0.0019402559531322308
-0.0026917826550347515
0.0007003092519350287
0.0009734357615632395
-0.0003272923865684103
0.0008662474021225297
-0.0005054496937611344
0.0001293175203313688
-0.0007931500341522444
-0.0022788497600857837
0.00019115153233450363
-2.125415611783042e-05
-0.000972221914418929
-0.0023010895469824937
-0.0009983637486295788
0.0004137622617518547
-0.0007663525510860662
-0.0007488890373769098
0.0006522099355013996
-0.0015597782647389382
6.668321689397709e-05
0.0007311772028639799
0.0010122247595554692
0.001759975711381359
0.0012911866961539129
0.0007224455605794002
0.00023843521224594817
-0.00124804097279452
-0.0005652381880431087
0.0009927994486321602
-0.0004914001244824575
0.0005248549574758591
0.0012696213995190403
-0.0025166536266784893
0.0006875911957298384
0.0010314741263159311
0.00033945018907474684
0.0014607912268150979
-0.0001768385223267649
0.00047624747968100516
-0.0005587008117963831
-0.0013685820755160573
-0.000850089364156618
-0.002046844517530602
0.0005179062347203173
0.0014923751100844227
0.0014635917727560549
-0.0015451889101279785
-0.0008671862958549566
-0.0007021386544015563
0.00107127511833965
-0.0009855322701149121
-0.0005224408253140962
0.0006557463626621919
-0.0010299839864950147
0.0017580146904148512
-0.0006565334698185722
-0.001445481644096488
0.0010782939004833284
0.002051421634474817
0.0008536581199436739
0.0003599852183710793
0.0008973389802090213
-0.0009319610828365172
-0.0005653408334809373
0.0010921523740759713
-0.0017507380380525298
-0.0006215898358270482
0.0007775469562430553
-0.002048596941995276
0.0011299936499274703
-0.00019146142594990783
-0.0005822584245739189
-0.0010914477665987508
-0.0005644049651919333
-0.00050979966270239
-0.00025061196796653774
0.00021734191218453807
-0.0012525709872173029
-0.0014848189157652203
0.000682692502344873
0.0016925663741452657
-0.0010067311568701695
-0.0005543293808120243
0.001411849597058311
0.0006301657157246341
-0.0012814242568793262
-0.0020226151809644723
-0.0006524924063402969
-0.0005564569118698851
0.0007311540309989956
-0.0012667850533814437
-0.00018215854251583233
-0.0003954111657600061
0.002188624673900861
0.0002427390254978679
0.0015594737670721448
0.0019074270800078204
0.00024736193862247643
-9.962831128286208e-05
-7.221390998656175e-05
-0.00018660448178387868
0.0028431302026048337
0.0009008898215350762
0.0021148190527630973
0.0006054341449441069
-0.0015766724174839687
0.0011765136033587984
-0.0009947068676328288
0.00027427352324244114
0.001446892585003205
-0.00028199773308288355
-0.0019432162721834915
-0.0008337273456334444
0.00019190558389201932
0.0005992833875314608
-0.0007204024312615363
-0.0008977414600827079
0.0023079064364607384
0.0005317744172640658
-0.0006908356819630543
-0.0017587458524997782
-0.00019980138401441645
0.0012214594531804897
-0.001518916115670047
0.002158473394658885
-0.0004883206415849186
-0.0009599676707108438
0.0010352470831826355
-0.0007641709356972625
0.001599433434676407
0.0003129740610430714
-0.0020637224895006592
-0.00015519718347391972
0.00035304791085309536
-6.475187497061143e-05
0.001378318210756472
0.0022467967019573197
0.00041259834016908563
0.0009722131134102006
-0.0027518885334014962
0.00010820193137838216
0.0002498767001436444
-0.0016552117129825553
-0.001261527401917475
-0.002203729536494643
-0.00038749707973559225
0.0006794800762662755
-0.0009549477940867116
0.0022808326163041254
-0.0010842359765438421
0.0012438400635086792
0.000415074692567927
-0.0009759163498480296
-0.000613256561933116
-0.0008659621427139577
0.0008994614270989225
0.0007308840830917752
-0.0015011896164183205
-0.001596028025213619
0.000615004757803664
0.0007342228437506521
0.0023000564780373844
-0.0001834024869887371
0.0011626261706247556
-0.0009822478509894433
0.0012148836534487581
0.0014881946987743728
-0.0018341288464142436
-0.0008676323074667199
0.0010719437267523442
0.0014390638711940663
0.0004265089144960019
-0.0014345644128217992
0.0006209704969328386
-0.000613869592296088
0.0017999106095486276
-0.000595945642866512
-0.00045498030147310707
0.0008395967529382069
0.00010769485119555839
0.0011580269150447008
-0.0001733047401088417
4.2631630873982956e-05
0.0005413621641386583
-0.00018947675605645494
0.0009309229412135926
0.0010316323551066266
-0.00016555361593078463
0.0009435441191496155
-0.0014779137114898971
0.00024726419571993887
0.00044470871069619296
0.0021406741563847554
-0.001038629608696943
-0.0013557278303849623
0.00034984806427303946
0.0016004034211816744
-0.00010619853652681575
0.0010493325905396866
0.0017554430232903458
-0.0004117613710888877
0.0021084158447236016
0.0023635559855963084
-0.0004369382132507174
-0.00047797799597562124
-0.0011855720337484992
0.00024096375288093296
0.0005411235686373499
-0.00053998296961723
-0.0005583584130042275
0.0004590777718382568
-0.0006665852698204112
-0.0003594069611626045
-0.0006796679374766442
-0.0018099255356882117
0.0012205466864898176
0.00039358365253838533
0.001083383467485189
0.002830558844609408
0.0014168683381468204
0.0009677599576685401
0.00026205440291729454
0.0006339900764041573
0.0017576707318355835
-0.0010584841145217401
0.0006825044013882217
4.732572610642123e-05
-0.00040819665011025257
-0.00032618512222508595
-0.0003395526612765514
3.485785984215706e-05
0.002040046575742502
0.0004159256789614747
0.0017499826695476879
-4.9255225850279574e-05
-0.0007705158582112635
0.0005804726782483786
0.000681989054930315
-0.0014224095745517694
0.0012740383652830058
-0.001548645622864822
0.00011287638686043694
0.0005231969486330438
0.002132193028858647
4.8909047021560116e-05
-0.0003569886784071199
0.0014089003394807378
0.0014116159602172306
0.0002791451891560608
-0.00024063356280919543
-1.207812918174953e-05
0.0004584976461555211
0.0005324130580542199
-0.00018567646877632813
0.001432961239367639
0.0012866133641074753
-0.0017270396082514792
8.308790031221424e-05
-0.001375222788376994
0.0009708530373843337
-0.0017437625549715028
-0.001446973535059613
-0.0003145795685433078
0.00036424712551939896
0.000667775517975712
0.0036584028118062826
-0.0007696900745657341
-0.00016167989204390586
0.001387878988715264
0.0030194649172303025
-0.0007927712699367266
5.4464456298738024e-05
0.0013071182960752142
0.0006610517523619314
-0.0005903032434733327
0.001101675841988948
0.00020871808037868704
5.91327333975368e-05
0.0002125232374913868
0.0010677546699924445
0.00030546244649570027
-0.001982566776300322
-0.00042049795524040683
0.0010765555867999095
-0.0014333409488685033
-0.00039159049540553336
-0.000771051398819025
0.00018161025270893393
3.6687047531368906e-05
0.0006596961594810838
-0.0015851493959631053
0.0004080985876933128
0.0001014169339009113
-0.00016312164134238825
-0.0012549485712182137
-0.0007556915102592848
0.0008864102340418689
0.0014880518340745358
-0.0024468029137061863
0.0007752349482642984
4.3119089867425186e-05
0.0003607645765298419
0.0007822686689215629
-0.0016921660528719884
-0.0018700927725312016
-0.002592881811534408
-0.001421918154331024
0.0008895869852105928
-0.0006447211611515738
2.6286564291247286e-05
-0.0006560709806767589
-0.00020670149572513604
0.001182659145129717
-0.002409450635201701
0.0008724723388029955
-0.0007167193436758777
0.0005690028750993015
0.0014741910335066756
0.00017924366300855774
0.0021047444885754375
-0.0008244674424105113
0.0022262353345983096
0.00045935253566275656
0.0001349323705564515
-0.0003224142327005264
-0.0005557848442608147
-0.0017461366300590662
0.00010685997022815184
0.000924766140647853
-4.952099929963147e-05
-0.001240842715920143
-8.851046031816746e-05
-0.00045122046171112594
-0.00012729119645460093
0.0015602775937145024
0.0006997282072617007
0.0012328881127738234
0.0010420973245728934
0.0011176211578282707
-0.0008211962000501322
0.0003619301378888046
-0.0008827313529539038
-0.002007085573911503
-0.001084583439396205
0.0008034314383963856
0.0024566507923692005
0.0007048325757792706
0.0008468647583039268
-0.00044884124036463033
-0.0008972176252805809
0.003128074640243577
-0.002600531776701593
0.00016670056303475585
0.0002837995408626656
-3.131950852409606e-05
-0.0022646969931794506
-0.002525600367118954
-0.0010674515533526296
-0.0012938218008079162
-0.0014693569023595803
0.00016259246561176513
0.0008700311964051046
-0.00077181475871934
-0.0011422868036839874
0.0010943795204879881
2.2188813964308947e-05
0.0007787577315414362
0.00021953065941762267
-0.00018627069242438892
-0.00011059071009446308
0.00048789026739687406
4.729957520052335e-06
-0.0025663523097930324
-0.0022993721771808555
0.0009768109234416977
0.0018731603973786912
0.00010105088286734584
0.002563581083165312
0.0001563638794846481
0.00114842843991061
0.00010786081881951333
-0.00030372674217989636
-0.00024290565446802225
0.002089949851927392
0.0004055725543404286
-0.0003064213953914269
0.001100278381673255
-0.0007352602323271852
0.0002700431923368868
0.0004078919889298643
-0.0009877947487211469
0.00010933766144978734
-0.0008046541141699643
-0.0002331473381666185
0.0007729916089242715
-0.0005523646293049593
0.0011666422821495126
-0.0007630125859507
0.0007489129424014968
-0.0001463877093813673
7.921068651491943e-05
-0.000980005760097804
-0.0028295207246409855
0.0002447712248158128
-0.0005634267477658742
-0.00046948104519480395
0.0006794847032590645
0.00166725429718145
0.0002702107623940655
0.00033293789581338034
-0.0013135764292148769
-0.00024908112983297516
0.0012720425718248933
0.002728537427024325
-0.0012327111057726132
0.00045002725373880425
-0.0011836328707931483
-5.610398611672334e-05
0.0015629547083253342
-0.0011100087181471101
0.0004536844789979606
0.002093851090070005
-0.0005606925426045723
-0.0006963286816367339
-0.0026999023715569784
-0.0003860608788510986
0.0008581144904951755
0.0004640586076030819
0.0005860095939170821
-0.0017973193172573833
-0.0027680393208652887
-0.0006625043046058511
-0.0012348981765494286
0.0014912424310883007
0.0013945866310047933
-0.0015888161653339866
-0.00035417132790892426
0.0009532390783525325
0.00012249315474643758
0.0006961015267838797
0.0019414104413063979
0.0013732610079561294
0.002067435699162916
-0.0005113864410461903
0.0007474656373972033
0.002979821909610746
0.001289279171090372
-0.0006102033892567506
-0.001147473584599812
-0.0002738561234161719
-9.39110940349873e-06
0.00039555594997686043
0.00039536922165054337
-0.0006101924088769677
0.0006082524584047927
0.0019618469335544383
5.491264949119902e-05
-0.0005715665145901855
0.0006532878635172357
0.001626362693790125
-0.0005240075230837001
-0.0007416900296657852
0.0016126211430236616
-0.0008651961442787386
-0.0017846070620283962
-0.0016457375839708597
0.0006743962903538293
6.498277317995201e-05
0.0001134130451057111
0.00025670785662491717
-0.0008234573749668999
-0.0003161387692146146
-0.0002745546371394704
-0.002304134209660136
0.001073124473221069
-0.0015634464533636247
0.00013143398836879176
0.001091466299096946
-4.033082821668383e-05
-0.0011827090866006883
0.0014278058475378035
0.0005559201740774562
-0.0001333905553575719
-0.00025731480295639644
-0.00037515873524090934
-0.0011340438692831669
9.014033907769856e-05
0.0007698846387286457
-0.0004362449514072951
-0.0008135768638516873
0.0002674458520313337
-0.0009743120092603493
0.0016680686556460275
-0.0010838791001696654
0.002808746435403645
6.780550946239904e-05
0.001001140101850408
-0.0009754212534439496
0.0007018742854014003
-0.0007656644575980083
-0.0016424423526194523
-0.0012173739584184046
0.0012055957701773122
0.0008311085868147587
0.0001489122719957603
0.0007969864851153133
-0.00011117009709348829
0.0006014106152053146
0.00029597697914202894
-0.00038396875997653927
0.0005359298551870575
0.00043374451831723463
-0.0005936296566461997
0.0008044893264954601
-0.0007867474233792975
-0.00027330620709093974
-0.000499729634249257
0.0015634484115493983
0.0018698318775320303
0.0008533926425865063
-0.00031678490887078063
0.002515082263910234
-0.0006495769490113349
-0.0015271318239526025
0.001152413912523232
0.00033810942113182495
0.002252196890431043
-0.00025998842655199143
0.00044436128805933533
-0.0004274736557503226
0.0010182380272252788
0.0007459173883803175
-0.0005350559072865546
0.0006404709845568926
0.0003197433183484177
-0.0016368988378514344
-0.001341583769251737
0.002037092744645504
-0.00035854245793988414
-8.667971659823836e-05
-0.0012461441001997166
0.0003529375802763362
0.0006529925928783728
0.0013955071732088015
0.0015981958767351445
5.7086913397190276e-05
0.0022865548737480606
0.0012348184307485453
-0.00015679160784596487
-0.0005062815590075484
0.0003759711929704359
0.0018795957932901798
-0.0015225027819407452
-0.0015018828992533527
0.0008289627362683049
0.0006876064108907481
0.0015365336004084832
0.00022218264154708975
0.002079902362055513
-0.0009265791988258131
-0.0024708871184785917
0.00034683472041473434
-0.00023037637316064859
0.0005099009832381773
-0.0002939775083957606
-0.0013560678546945726
0.0013516534070399581
0.0011055347502184007
0.0011070792545530145
0.00016498064175815474
0.0004820843062392193
-0.000870671227723703
-0.0016059469520800873
0.0012837066677927006
-0.0012894502292902523
-0.00026844846016154755
-0.0008424074378268282
-0.0002748178275159618
-0.0009666055731266376
0.00018889218656034881
0.0017189837241219851
-0.0016639529760534783
-0.0005652514799306066
-0.0008284378549791744
-0.0006237327033552281
-0.0016367547974004695
4.7249744432671886e-05
-0.0008407031983877733
0.0022772952365661655
0.001238952444855261
-0.0010694904763937627
-0.0036261932179157165
-0.0007685622508185397
-0.0001806125091081493
0.0008523092724405171
1.817682165634123e-05
-0.003285816566560992
0.0004942552676125353
0.0007505026938201762
-0.0010811542060027346
0.0021298917051674887
0.00036154600158882176
-0.0012188918215272984
6.561128032558438e-05
-0.000460156842018645
0.00016936694297812517
0.0016479416930851602
-0.001984943885448916
0.0013386116648476886
0.0018090657264104688
5.721460690801633e-05
-0.00031266618438994956
-0.0016952460740386015
-0.0006646065005580672
-0.00043233498804671474
-0.0005271789711088272
-0.00021813266039092617
4.854321761520635e-06
0.0006154104186796513
-0.0005167435494328993
-0.0009430555917937038
-0.00109768741287377
-0.0005926702183145123
0.0004398179174484384
0.001165520659986827
0.0012218723387057715
0.0008537461748867154
0.004324996689954538
0.0006620057987223667
0.001706578951124815
-0.0008916747963858016
-0.0018205090516264563
-0.0016268450193405646
0.00028368174500647116
-0.0018438764384335082
0.0006264855700578853
0.002306749163252326
0.0008545047946605122
7.422774937944369e-05
-0.00035089884969512203
-0.00046618068084232285
0.0006201682926104938
0.0012160646111593696
0.0017866320225553302
-0.0004633868979562043
0.0024743958656604126
0.0004659628745477745
-0.0004489056355534764
8.02394601346783e-05
0.00076921069270192
-0.0016454048757897702
0.0009835867900107158
0.0009551939547433261
0.0013493594381460774
-0.0017210667264507718
-0.002307588211827707
-0.0003304591890397458
-0.0007014662842923368
-0.0017517458123284654
-0.0009388296167577216
0.0006293508375519839
-0.00040721047995747543
0.0029199127487041765
0.0015505610944680783
-0.00013692480381020274
0.0002460708321887378
0.002328191997485603
-0.00031324191266182086
0.001387759943747788
0.0011228244485349363
0.0005930260188134317
-0.0033098764078078537
0.000803382354487927
-0.0013621494971205704
0.0015310681965263698
0.0008509420080035045
0.0018925730329049455
-0.001775498574824351
0.0019007421044588474
0.0016143109057645524
-0.0023501344404352675
2.3080551039044742e-05
0.0005178236442248232
0.0015912874236214743
0.002194193326453388
0.0024667044933270547
-3.245651157093315e-06
-0.0007400267773397379
-0.0011026575117614886
0.001614831533490589
0.0004735827938710505
-0.002163056962214394
-0.0018463648375859239
7.985342840278847e-05
4.754532287482715e-05
0.00075085265224353
0.0019151673305318594
-0.0008800654933815
0.002014436845923526
0.0017971461691769985
0.00060490028874733
0.0009737480502108707
0.0002837357157617558
0.0007646192952758539
-0.0016959685919994648
-0.0007234849650133941
-0.00017174971013900967
-0.0021232992979786885
0.000531850253543295
-5.7711768002669886e-05
0.002085625134567269
0.000519413997329337
-0.002582607703973928
0.0016040345037106095
0.0007398541794605009
-0.0003202756463559805
0.000600756424272347
-0.0006472822308274568
0.00013351963387273408
-0.0022702456356453976
0.0009978747450955644
-0.0022636949672902103
0.0004650696090628609
0.002350663509440125
0.0008652016823074051
0.0009402071865285299
-0.00010041064052782519
0.00012651521109516644
0.00019223460859795136
0.00046403276140697357
0.0032945881684745084
-0.0010549157863006366
-0.00023592464418558024
0.0005316431043577347
0.002120809125145704
-0.001210980703716549
-0.0012297551973900753
-0.0007356254299965603
0.001862703969067117
0.0012237623105849685
-0.0005223145548134688
0.0013890827585609528
0.0025923552219701456
4.232371621499757e-05
-0.002676323982609578
-0.0013747762424735134
0.0006179149891055758
0.0015498615086259164
0.001261837924397324
-0.0014919542747049597
-0.0018561863465883638
0.00031683384716375514
-0.000355546462211036
0.00153961998821995
0.001386450390770974
-0.0002777370156064441
-0.0006737255025700802
-0.002345791939866948
-0.0006179862310947352
0.0007410461250636815
-0.0006338706474006996
0.00044635218052890743
0.0008479595394891516
0.0017709250633548893
0.0011323800488578617
-0.0008476633748286641
-0.00049489785261574
-0.0018884747920372236
-0.0006097226614992837
0.0007258592089176955
0.00021532960164376215
0.0012731670336000105
0.000646775153296204
0.0001496415963204672
-0.0010295118363513524
-6.672648347487421e-05
-0.0008885688941107172
0.000618072729123203
0.0016863237181152907
0.002311466033718801
-0.0024185895902914993
0.0001570217479267358
-0.001000697101761315
-0.0002338944123339097
0.0001303396137579097
-0.0014585611557193872
0.0006428289257139178
-0.00123404174250162
-0.0002145143900359586
0.0003841752471530074
0.0012012633871231189
0.00045639549196556086
0.0016600875878244772
-0.001419184646975034
-0.0009288339180491075
0.0011396420780226768
0.0019928141412124613
-0.0005945135121447289
-0.002676419721807693
0.00047558042022816924
-0.00026055386407371266
-0.001838280267426925
-0.0016093458616565396
0.0007591516762264673
-0.0013845454333127926
0.0003170492940013316
0.00032563972042180486
0.002688851886867331
0.0007130053007571833
0.0003846249316336407
-0.0006529184779111698
-0.0005635275123554406
0.0016417199902174675
-0.00019363089780276667
0.0007196582099645361
7.429658816069668e-05
0.000999846099237373
6.099038416325754e-05
-0.00032968029070772596
0.0008258820930871403
-0.0004978165795536946
-0.0015119596459055669
-0.0006697260727464029
0.001560341546311823
1.8746023305194996e-05
0.002456182316420194
0.00044731388728026886
-0.000720290808485454
0.000479197387335598
0.0010559921063591404
-0.0005065901774378818
0.001906784689895142
0.0008868808350047074
0.000492011149594256
-0.00014171147999777957
4.131458455526593e-05
-4.952615925835149e-05
-1.6721017259611324e-05
-0.00033588509996956053
0.0005396009972207991
-0.0009808641399573833
0.0006725414853875413
-7.131643049116667e-05
-0.0015248471223021582
-0.00038357058470870367
-0.0013972887488328664
1.1480169469024509e-05
0.0005360300326744352
-9.149253419025035e-05
-0.0006675001438477703
0.0016515944009498282
0.003830814034530889
-0.00027712862615701314
-0.0018714544410468967
-0.0014523132895717923
0.0010282485559539988
0.0017877208480893301
-0.0009764616210613993
0.0010503295753490083
-0.0008858528703353105
-0.001968337962756729
-0.002392523643623801
0.00016459564303444464
-0.0007598918017288954
0.00019220772386955467
0.0004579621395762651
0.00011880740763426393
0.0006857909400034153
0.001383654138608618
0.00024833754425031425
1.797610518396449e-05
0.0010139566217437371
0.001148970431129665
-0.0024110436434134426
0.0007342042319262676
0.00014689613324820033
-0.0008413695344034368
-0.0005922944477235552
-0.000896656390721125
0.0001626631280115225
-0.000142539184707077
-0.0009451759885766751
0.001547458121737904
0.0010347361599884176
0.0005401338093611796
-0.0011575067292472969
-0.002392581922078436
-0.0017090802598964613
-0.000305988631695263
-0.001104644514154267
-0.0007208853635799891
-0.0018133668430138682
-0.0006556100846876677
0.0011181826188761503
0.0008105491210746568
-0.0006942865150603976
-8.23990992964142e-05
0.0022189012072076084
9.810266338013144e-05
0.0002357753843364934
0.0005442051436250382
-0.00135999450682709
0.0029536237504909826
-0.0004811146571464634
-0.0005736848625920137
-2.8621712537091337e-05
0.0017941390008294116
-2.565323128494082e-05
-0.0011392094606048906
0.0011234343871651907
-0.002741471822541967
-0.0016476959283966016
-0.0008877541635422309
0.0007581821703185877
-0.0005291930758798534
-0.0005289094823212639
0.0016061129223556144
-0.000934166468682639
-0.000793751539016465
0.002178252421945681
0.0003403942882845429
-0.0005861607030165343
-0.00032170951540404143
-0.0004767536729130624
-0.0004280888957564599
0.0015035884304498023
-0.0004912550764342083
-0.0011135461940045487
0.00021670095193195325
0.000707305616806864
-0.00164582643482737
0.00031851335583457115
0.0007283830372676648
0.0008138841898617323
-0.001372126273549935
-0.0001384855839344443
-0.0009462092283272008
0.0008089738967340062
-0.0017004970042099892
0.0008857990264135439
0.0005443600042566566
-0.0012380431961374729
-0.0011346748344358568
0.0006250524193648182
0.0006805082296391992
-1.3766190718367146e-05
0.00011699577091975233
0.0003362569040300711
0.0008691545215839713
0.0014529408154148947
0.002359578525370769
-0.0004382334000115258
0.0003946226780185761
0.0015308607919060598
0.00177116439974955
1.971693388323439e-05
0.0011993192962215806
-0.0024198840354960616
0.00043989513497561097
0.0005454765506480268
-0.0028031164387375546
0.0003581495747674308
-0.0009140436374915991
-0.0023051241189710765
0.00015657757230747935
0.0014923690273787157
-0.0002069703332866656
-0.00032504323697167873
0.0010297500111366017
-0.0006018378293826683
-0.0016625801742506919
0.0012785635631256162
0.00036728455227856647
0.0007896799773803247
0.001836612562890864
0.00018606708131946456
-0.0008570599131044569
0.00010401486550697524
0.0016721768235566346
0.0007737597390022522
-0.0006094279987332559
-0.0006828339192865081
-0.0009825602118924055
0.0012623139668274225
0.000989751284774922
5.553343702746787e-06
0.0003663674370101443
0.0006238183477985412
-0.0005943692949223104
0.0009285268147710934
-0.0008088157214166752
-0.0006165242589210364
-0.00020745122102229757
-0.0005299038772078311
0.0011137432561690588
-0.0011357466744428423
-4.8783562932935364e-05
-0.00207932371440309
-0.0010296360103425439
0.0007161197002150598
0.00045383279753905844
0.0004845462499969067
0.0009760314086192343
0.0014166533266089473
-0.0008443939879056508
-0.0014808412990969457
-0.00028270157712838984
-0.003406747954577514
-0.0011491878410142297
0.00016175473619335444
0.0007153721620227041
0.0008041153331205006
-0.00010879548992385042
0.000558142328242669
0.00342748789977306
0.0011870661836298323
-0.0004617367691428454
-0.00015095748412327162
0.00028452376798251814
-0.001015297843768329
-0.0017190404812373013
0.0006095167371189291
-0.0003970186374120517
-0.0014319656148146494
4.0523471315826934e-05
-0.00039439734590036906
0.00043494975757562936
-0.0008287184129299831
-0.00045372566343210237
-0.0003485247801316663
-0.000537686311366652
-0.00038799659962432555
0.0012266109100777763
-0.0024651401315922052
0.0006393480191521266
0.0008258287929585566
-0.0004347163646791546
0.0005696859546860523
0.0003846244150190681
-0.0006851483766547139
-0.000890227014098584
-0.0013770247572397634
-0.0006603718517888032
-0.0002831168579068636
-0.0021767724334464315
-0.0008793884545172353
0.00035409419987230003
-0.0023295888150160985
0.0013274042994706396
-0.0005141352227815269
0.001610892378976076
0.0006252232842209204
1.61451674573657e-05
-2.21741437014032e-05
-0.00024672467598676497
0.0006497817736522859
-4.3530699323778646e-05
-0.00037506980019699434
0.0004023370768223991
-0.0006542182083612194
-0.00015228164306237444
-0.0008351788222230706
0.0006006743413318879
-0.001630836774852563
0.0013124000341964376
-0.0007594575129370185
0.0006506525893836014
0.0010692407628519031
0.0004218372051584741
-5.632538020888052e-05
0.0007590280831504634
-0.0016887937646344663
-0.0004097764565879361
0.0006191526679143195
0.0005589784527972493
0.0029439960075283433
0.0008644119355112988
-0.0022170145307902284
-0.0008543727927874421
-0.00048513728645566525
-0.0007051405593791218
0.0029455516135521486
0.001042038554030725
-0.00041497649867721915
-0.0009921754546826933
-0.0007547516531224382
-0.0005254057720210388
-0.0009362783172400606
0.0005133443941441272
-0.003001928829338122
0.0002437538909606505
0.0012405935870498646
-0.00043220234736580465
-0.000826736863715573
0.000655661308414569
0.001173736193707573
1.781981911153984e-05
0.000998381383128791
-0.001174293068641062
-0.0014816448846672334
-0.0012281776544708503
-0.0013707481020932926
0.000908809371123181
0.002024760099704403
0.0004308304965934374
0.0027536094677994886
0.0005721350396463014
-0.00027537319149545473
-0.0005755709541168481
0.0009926286834309641
0.0015456982741979786
-0.0010846953103152153
-4.031844184095393e-06
0.00024810937472931837
-5.341249512552759e-05
-0.0006079618821528359
0.0017389435983278837
-0.0005748268010978216
0.002216248832203587
-0.001413563799999364
-0.0016372753886673942
-0.0017890982044086094
-0.0012923090289378401
-0.0005092684505646261
0.00031462772351778013
0.0029830048477803343
2.7489039286040894e-06
0.0030727770925674316
-0.00032431052835749986
0.001003270941406981
-0.0011804856075334335
-0.0010412138276994502
0.00012417424264922413
0.0014007407680666614
0.0018026066524047457
0.00143814818644863
-4.227910705491333e-05
0.0013696636901005506
0.003102918293847893
-0.0003200438209803674
-0.0014111886488155788
-0.0012846335640465955
-0.00113985379962284
-0.000293951768262524
-0.0006405356040245206
-0.0006558435131593975
0.001450471481947569
-0.0013707595208662788
0.0006066656049331254
9.663962019239093e-05
-5.133142026847353e-05
0.0016206362068682074
0.0008262051247988783
-0.00013825628970507795
-0.0002188131469614224
0.001661142735966026
0.0017275580170538487
0.0009279671008880646
2.2350695295154254e-06
-0.00026694212586587035
-0.000899290120535151
0.0003745492599728263
0.0025050827582074105
0.0006222994282592502
-0.0007276045665015973
0.0007295785708894185
-0.0017359195251052582
-0.001156267728850975
-0.00036322356975101007
0.001100631486186548
0.00043903337944416687
0.0006949322949866554
-0.0011085976574777322
-0.002704138098853071
-0.000699873218408908
-4.997258385242289e-05
0.0003436304941009598
0.0008228047376340415
0.00032672317873255595
0.00036504799565920034
-0.0009813842702927433
-0.00012019882391300601
0.00018944249796977973
-0.0004199990982446238
0.0002726662694612113
-0.0011526525142115413
0.00147070869089779
0.0007347514935862014
-0.0018916177701359476
0.0033012839496204894
-0.0009205004532420064
0.0016313192548570608
0.00016675038540596071
-0.0007587021351516753
-0.0016843538026721481
0.0008873518862928237
-0.0010043057875680878
0.0003764343030219784
0.0004806531702987901
0.0006099130525301125
0.0006590535930388814
0.0009991875416075805
7.843634071071286e-05
-0.00018937667358373355
-0.0012987654078417937
0.0015207024751715652
-0.00045921220210916634
-3.310241590009702e-05
-0.001856797164435634
0.0027044239769617303
-0.0012071532325223415
-0.0004611361428327489
-0.0015948936531889038
-0.0004791001796086355
-0.002110345366121963
-0.0008573963222168841
0.0012524642614524034
-0.0008717935907797428
-0.0004261335334651343
-0.0007856622148101949
0.000321570597347863
0.0005601355370811713
0.0005448375494650716
0.0001580333510723491
0.0003188753084219932
0.0011476913484692122
0.0001401787000298037
-0.0010332394805075884
0.000485662902451148
0.00028419831781633504
0.0006501978680213725
-0.0002573531431378558
-0.0005544494800002542
-0.001633235844097831
-0.0024256915900274035
0.00118466304046546
-0.0014403326673026904
0.0021724574851397084
0.00011720671759805756
-0.001362681582288349
-0.00030687405117922433
0.0005620430860088575
-0.0007011620595164734
0.0014865242604677866
-0.0008006230247999742
-0.0005953004082801871
-0.0016901334551553799
-0.0015758073735615665
0.0019617817519535894
-0.0013290093791839589
-0.0008553712889926888
-0.0003659125284911391
0.0029225517752538344
-0.001685638374749117
0.00011084101670454797
-0.0028887673529906723
-0.0016249621998553304
0.0019593224383341623
-0.0004912624117866255
-0.00014770540312553093
0.0007669184071142022
-0.0006583125017014253
9.119140689217714e-05
-0.0007972663989551391
-0.0009836166051678784
-0.0013493350094360601
0.0019105222107144004
-0.0024614217999770903
-0.00014114196656827587
-0.0008318253555050698
-0.0006138670262374799
0.0023548907506016413
0.000656291090303343
1.1619706888180668e-06
0.0006087446776325068
-0.00025404156307859513
-0.001087408285445947
0.0007059068203199493
0.0017992218686351225
-0.0011476680111019546
-0.0004676950761372326
-0.00022832266075684416
-0.0011973967891144848
-9.273139427423135e-06
0.0002729108641437135
0.00019284220235487828
0.0003392043152298151
-0.0002210873539116518
-0.0019274697347385252
0.0019374745420381967
0.001740379743529369
0.00026075390063888705
0.0012486877826354574
0.000717402464361991
0.002439680750755432
-0.00038306400854548546
0.00040111002529246006
-0.0003161988929422584
0.0006881068210447117
0.0016132787299572107
-0.0007975142007137325
-0.0005402896459921844
-0.0004920772939366331
0.0011757317690739048
-0.0017117510038850833
-0.0005968535644726146
-0.0006651620530201228
0.0022065768338447333
0.0004621969777119478
-0.0010628434519080886
0.00022173608636310777
0.0006156311514256089
0.0005260149381600426
0.001259901412571844
-0.00041136189345737
-0.0005477010057146669
-0.0007219231790595831
-0.0001732597281308081
0.00029630253316144053
0.0023689644538239375
0.0006623355634377947
-0.0005265006199374862
0.0011894962937213252
0.001301235894300924
-0.001121009443219418
-0.0003360130400765635
0.0013626476644867213
-8.181466679818471e-05
-0.0010442069524389335
-0.0010102442318590948
0.0007898504075996165
-0.00021717179352493218
5.644010245143126e-05
0.001468046595231555
8.944355196956977e-05
0.00025123558185737987
-0.0008975842978867678
-0.0016591594572639104
-0.0009043042562853743
-0.0015271441005090664
0.0014028847726772142
-0.00034348414611963714
-0.0005712572449780112
-0.0005148044103416955
0.001548622959217765
-0.0009071662691960537
0.0006648055054408485
-0.0001141839014414295
0.0002477110160611006
-0.00024381255300933948
-0.001104788911904532
-0.00020063006185056355
0.0015577763222858246
0.0013933429843917876
-0.0009995859745198091
-0.0013553452865748088
-0.0007945899543081148
0.0025030963718631464
-0.0015489387236340957
0.000767167200339684
0.00031155734457104803
2.1747359078681225e-05
0.0009055850220310262
0.00022066481114091523
-0.00221200026268238
0.0012774158760121494
-0.0028345790605463442
-0.00030439041579650875
-0.00042802366001935284
-0.00010981107992862689
0.0012484509080042464
0.0005813477292027498
-0.000989789152534673
0.000868878512404583
0.001181098441680092
0.0006751364023774348
0.0013646375562089026
0.001645075008767864
-0.0015229784748052948
-0.0005767349850769539
-0.0006612685950310959
-0.0004761539211797306
-0.0008302951245814495
0.0011613045368658636
0.0005164000418418028
-0.002435220094159082
0.001415428982554779
0.0005683423663545944
-0.00035520535031505977
0.0010405811558183797
0.0013624236716332375
-0.00019917840650080553
-0.0010769209168269098
-0.0008944722147978212
0.0011321143797036676
0.0011119703299722007
0.0010334137696477053
0.0013214593356274734
-0.00014990579451520597
0.0008614209236326114
0.0017009070081396183
0.00013830714221192692
0.0017261446508427935
-0.000242344865593593
-0.0007388817753846459
-1.4900367631591381e-05
0.0002819713996604571
0.0011584377073750114
0.0015483084671139688
0.0006685805566073454
0.00021725671784553782
0.0024528563681562488
0.0007859924961401951
-0.002853252116572995
0.0026153589666966116
0.00198227801040901
0.001312832206371126
0.00044808754478062866
-0.0007663992583023365
-0.0006538006923077195
0.0015447109704982585
-0.0002719454498320846
0.0005852560010814878
-0.0010280507102500217
0.0010054645169313462
-0.0008473310221791611
0.0023584658303874373
0.0002720130375133773
-0.0005703468216139166
0.0018351646840422395
-8.5677877202882e-05
-0.0011744937347335754
0.0015238742287903423
-0.0005402964919086397
0.0005075279272380417
0.00026780143156593714
-0.0016355085482697431
0.00038703089540751307
-0.000525612069168195
0.0002694593845047799
0.0009797217588600508
0.002087267344019521
-0.001269600827741168
0.0009611317253141315
0.0015744233637857519
0.00030605931818013054
-0.0027070794593869354
0.0007616060680867069
0.0005834539690229241
0.0008646332717108045
0.0005897536868780073
-0.0005273648960088894
-0.0007560871912819144
0.002026523918635989
-0.0005913030868980183
0.0011221373566781246
-7.87417852096035e-05
0.00034803604727893925
-0.0011493379769868318
0.0014422743600785001
0.0006705542702061261
-0.001671972944863923
0.0006446995035550503
-1.1372828981396819e-05
-0.00038715612030499464
-0.0007995951582387337
0.00015092711677628274
0.0004841661454118438
-0.0011950069062397143
0.0006140465506851481
-0.00032540590283191396
-0.0007567583007897087
-0.0006482573971782323
-0.00041981693901844443
0.0005177949674758205
0.0022380223260577738
0.001100878246319353
-0.00013168048533309583
-0.001415165007313035
-0.0011075736098427763
0.0005063807870112577
-0.001723028733360061
0.000866647178497803
-0.0005055781906982154
0.001751697894006776
-0.0018648645340693388
-0.0009206959748433007
0.00018550599767863733
0.0012921657046322252
-0.0013325407436103303
-0.0010188146875246369
-0.0034716814149299757
-0.0014571394447909166
-0.0009066577620256731
6.343682948378157e-05
0.0002116245742901468
-0.0010390619538866912
-0.0015222867533041236
-0.0008721341456246766
0.0013811461991397591
0.0007441109505142455
0.0011429599036383454
-0.0002670189127335904
-0.0005038983673742125
-0.00044890313688898496
-0.0013571214065898984
0.0009583885390581831
0.0015081251045161216
-0.001887829941265917
-0.00030975439992985706
-0.00010937800224216949
-0.0005316293318728476
-0.0011267110785056166
0.0014677030427847019
-0.0005594056928274279
0.000748576777896568
-0.0011057207422916155
0.00031222262990138633
-0.000895846721119345
-0.0006653390003609677
-0.00032085711616465333
0.0007637102664175604
-0.0004719034688215812
0.0006682005377564379
0.00010167420000311104
-0.0017138784251236787
-0.00240743032133338
0.0004931735880645329
0.002051324503201508
0.00014726683977895103
0.00032843264640830457
0.0009508623541237772
0.0007598537300190805
0.001241853657056663
0.0013940903082487572
0.0009921792417901152
0.00011710015203228811
0.0013548910877931885
0.0014139191906094766
0.0009694769144878702
0.001483226507029671
-0.0014297717336966339
0.0005238002136990096
0.0010318692955852038
0.0009766358909776205
0.0008442941065104568
0.0011242262938874906
0.0002955827845463569
0.0001289896039824488
-0.0010257878959989903
0.0014933205525362995
0.0015062893539657433
-0.00018498357196595678
-0.002208242937273357
-0.0010521533788007188
-0.0006139661861841797
-1.2227966410594382e-06
0.0011882660249509368
6.625780954183996e-05
-5.644142646961607e-05
0.00036758668916260197
-0.0026229312246796987
-0.0016980009314087874
0.0016663082992252813
0.0001884381017963162
0.0002002448063663176
0.003075322920566687
-0.0031349570111712482
0.0014371465428276579
-0.0011063870853781376
0.0025928209250379434
-0.0006501833849152435
-0.0009459155656456698
0.0003712254994765794
0.00040953297269305267
-0.0013963721227794412
3.878841818186347e-05
0.000143420585513014
-0.0006628582143131136
0.00200596098287226
0.0024674732449776575
0.0005358972682535083
-0.0001274467763250705
-0.0005974439543897828
-8.473542771267248e-05
0.0021348747488077646
1.964939194155493e-05
0.0010358057362159806
0.0005108878330771913
0.002740111714034345
-0.000351589492227536
0.00018353453526431427
0.0016815456884823853
-0.00030496581770408525
-0.0003453079109025917
-0.0013838289547486293
-0.0007756846079969281
0.00099027800979031
-0.0003467766514342706
0.0012631772916474428
0.0012923495593176058
-0.000424773490804879
0.00022170310191475302
-0.0007107212310646835
-0.00021251877511701381
0.0013470605859408006
-0.00046015170283057077
0.0021896520854965736
0.001828341677387855
-0.0010823536427381755
0.001105523685651214
0.00047254898093908765
0.0019470595248701524
0.0002784095596145813
0.00022842490624925925
-0.00033715980842040187
-0.0008350313548365199
-4.649743053854123e-05
-0.0003990655664323032
-0.0029773080436579524
0.0007729052322052134
0.0007699279925904481
-0.0006704551396476804
0.0005936839924345356
0.000858591657633645
4.184110915601863e-05
-0.0005970567546405161
9.035094989024278e-05
0.0011685984083144806
0.0006273355393526842
0.0025007852309483682
0.0005728796575742502
0.0013632183810669287
0.0009259886184374042
0.000383607693676991
0.0011750943990495352
0.0001045642031266627
-2.367491301076799e-05
-0.00010278500419478658
-0.0006601066707447838
-0.0008765317584499405
-5.01856215160554e-05
-0.0009354293818372986
0.0012047701412068045
0.0010054527468250963
0.0004932299500956507
-0.00044626614188525367
0.0010321411780350159
0.0020043322639544275
-0.0014580977794058428
0.0006208999085561267
-0.000686054937783519
-0.0004628102239570575
-0.0004857358803359789
0.0017811911594121427
-0.0011266620697250249
0.0013063866779199375
0.0008586222740074194
0.0027132434046128863
-0.001418443422617059
0.00011158385918421404
-0.0004334355812563576
-0.0005041059706414434
0.0009898843782117162
0.0009440974814133653
0.00010919076658178095
0.0021861139308367544
0.00031416242481468174
-0.001473700662424505
0.0006014386732542314
-0.0010309752176144973
0.0002517059371078989
-0.00046294373015519493
-7.826175812998459e-05
0.0008324905973054374
0.00010273719878586285
0.00018667689223234428
0.002067130701895803
0.002158536525268949
-0.000636093402367889
-0.0018638839439284484
-0.0007428843420177612
0.0007612215212350243
0.0008027905848695653
-0.0015607681881915963
0.000965554147349966
-0.0001817147387795208
0.0012676600985907429
0.0012968362786550942
-0.000663480764260772
-0.0005285361602358984
0.0010239928961298013
-0.0002470120528963828
0.0008109019573372706
-0.0006680767714444101
0.0008486881757309762
0.0004933058281371362
-0.0018764053045489304
-0.0005681165501035709
-0.0005038500122060689
-0.0019082857621465852
-0.0010986794443260074
0.00038890892239768545
0.00025577786996409116
-0.000743653309550502
-0.00018053135974192827
-0.0008181996013096646
0.0011179562248034387
-0.0009104162932369723
-0.0010467088149471574
-0.0007300734204763561
0.0009543962678154688
0.0017083922406524136
-0.0012748454920274309
0.001010838597587211
0.0013750100306751504
-0.0013872666093131683
-0.0012238509811345972
-2.6255476379621858e-05
-0.0011982748529173123
0.0009082410170934461
-0.0017188925794349042
0.0007617011994119877
0.0006478262938079436
-0.0006311051134766662
0.0005035465862162105
0.001025709493440188
0.0008673627606097343
-0.0014487601751858137
-0.0010212207803416708
0.0017410583214100988
0.0010084997373618133
-0.0012911092132485964
-0.00010971559064115338
0.0007574711383038639
0.0008841304819921151
-0.0007565459635829592
0.0022086220033261323
6.38087941853503e-05
0.0011794802092867944
-0.0011505153895459486
-0.0016140987510743284
-0.0008238073055487496
-4.701994065959065e-05
-0.0014053210156333138
0.0006950888004766462
0.0017416728035086306
0.00036313536388933956
-1.410292906762564e-05
-0.00011022121776263224
0.0009736458239423498
9.779701846660653e-05
-0.00017941796629039069
-0.0014423642989633062
5.311364375991455e-05
-0.0004334740789853742
-0.0011244662158375906
-2.260935833376651e-05
-0.0005426795730598183
0.000762950434433524
0.0021991935452080618
-0.002095827578759637
-0.0013357907504160315
0.0001830439463113273
0.002996479954470744
-0.0007708086882992501
-0.0005686782332205883
-2.0690884267377813e-06
0.0016751702461560165
-0.0017245760342190642
-0.0014171351209611698
-0.001507698028220502
-6.884200932045168e-05
0.0005097362550030741
0.0009103220303014558
-0.00043042890919462617
-0.0012942074359088582
-0.0009482048587136482
0.0009491218520097679
0.0009043603810008164
-0.0010114972820505206
0.0016222964702099446
-0.0020952032884970218
0.0001696842897199266
-0.000932989142741534
0.0008224664920871794
0.00011479771136651033
-0.0005537264507279625
0.0003776633498596967
0.0003994300132649301
-0.0007570574106835718
-0.003208615220826435
-3.456222173963652e-05
0.0006227790662207079
0.0005855229918232598
4.352262307800833e-05
0.0011330135776385524
0.000924338466422793
0.0005804349384269672
0.0008686072643433243
0.0007177617914514032
0.0011225957833909785
-0.0011560369592428664
0.002423078523249512
-0.0011172172509670286
-0.002109913810437718
-0.0010559866781497402
-0.0011722980525354157
-6.114183818800775e-05
-0.0004313959034011179
-0.0032844249971539802
5.3563566661043504e-06
-0.0013407426860369289
-0.0005363732165528082
5.919702163965441e-05
-0.0004423989220830323
0.0006507541412690283
4.7149694220739575e-05
-0.0011163660990712071
0.0020467649595493883
0.00038194601748941414
0.0005110812263501893
-0.0015822503151835007
-0.0013748508800213255
-0.002855772753314377
-0.0012691651029021983
-0.0008550504828335474
-0.0005586594547891098
-0.0010522469647015688
0.0030935792440793053
-0.00037632961432711387
0.0007810598140240572
0.0010345837416753914
0.0019113728753839031
-0.0020600468742652932
0.0001545944266258824
-0.0004095784842714062
-0.0005956399709953395
-0.0014763664455432557
0.001087627370902924
0.0009947655442651628
-0.0014109491354284992
-0.00014897150081792155
0.0014027779130079392
-0.00024417433169784345
0.001475289243837128
4.518288774553129e-05
0.0010116786292328366
-0.0010824460626103272
-0.0012171910876871256
-0.002047584473553399
0.00014001560206942836
0.00039353673032383477
0.0002216815077349881
-0.0016455723400050414
0.0008104917158710006
0.0017324860978090596
0.00013223190178507317
0.00031569032920501224
0.0011404105128104505
0.00036821552576603
-0.001316895263974579
0.0009489512229225913
0.0008777743424455486
0.00013478735432706455
-3.547971750861151e-05
-0.0005395689531965757
-0.0011753533427128267
0.000824074619561317
0.0009281257572447125
6.384047251362985e-05
-0.0006597920719152231
-0.00043444686908589007
-8.912157889787244e-05
-0.00016486353332194947
-0.0010535223793543668
-0.0005721465158700108
-0.0009809365519526
8.324137284599602e-05
0.00042570720977397656
0.002779164201809715
-0.00023418411091560195
0.0006145886541540763
0.0008779863347269996
-0.0003923734102059351
-0.0008703790348968062
0.0009265225837905524
-0.0001374151329091525
-0.0009434615721840927
0.0010737583407400574
-0.00048716999067707366
0.0014941559609455291
-8.050283567926687e-06
-0.0015362820038087174
0.00043517095832400833
-0.0002225389493800809
-4.423360846926197e-05
-0.00016204225164759858
9.119695420134455e-05
5.575275736950827e-06
0.0008743768561002591
-0.001011608941285715
-3.0105721924008577e-05
0.0009213461398064205
0.0011492345674543958
0.0003489355930116589
-0.0004598359492414914
0.0019014441381437087
0.00038211597904339083
-0.0014493517576473977
-0.00015065194969190491
0.00040032905939732993
0.0001598036192894426
-0.0016447444775272218
0.0008462988401848183
0.0019847970796295295
-0.0008118871753548068
0.0027881805787126155
-8.870399279868451e-05
-0.001918770350592591
0.0016665119839113227
-0.00014274384981179133
-0.00030875274702838314
0.00019998272500973134
-0.00037917644058128115
-0.0009793630752187282
-0.001344867085323338
-0.0021149255750198604
0.0005200620812505238
-0.00044567111856733154
0.0005779666065908882
0.0014642214439417062
0.0002555678800612754
-3.431549806594354e-05
0.001074884002351414
0.0017646240205977629
0.0018391263079761756
-0.00015507379545280192
0.000690281342153168
-4.254101053522463e-05
0.0007626045903657433
-0.0009714289550226246
-0.0010272437832573391
0.0018934667389927074
0.0004007146629003743
0.00032325123558826546
-0.0002297941684246587
-0.00011650143286520677
-0.0009593673358526801
0.0008365987497485426
-0.0011431149971663538
0.00236440981580061
0.000672817936053634
-0.002090396658789731
0.00028339621336986095
0.0014340476674388047
0.0016275544246159906
-0.0008712590392082616
-0.001874515424811853
0.00034814386195599066
-0.0009968970427373272
0.0014204488096829038
-0.0006768887150341643
-0.0022980620340083526
0.0019153454487626177
-0.0015043233920161525
0.001963229057620776
-0.0010901450164503515
3.843463928547574e-05
0.0017936178896334504
-0.0004808275206460219
0.0007588782333266518
-0.001143185153115897
-0.000546044551355819
0.0011220560099907688
-0.001610835060390432
0.0009106191579244344
0.0005825212910167225
0.0009810220576303222
-2.150615509361638e-05
7.532518412514547e-05
0.001452250118746224
-0.0011051477601642698
-0.00023196692181858211
0.0009107724439643334
0.0007204148600624146
0.0010161396099838394
0.0005552106680423026
-0.0001296783177173433
-0.001201213681642037
0.0007438364038976692
-0.0008488217521957662
0.0005874915887723258
0.00023476660312616776
-0.0024484383978885
-6.599640963920562e-05
0.0012696741361886165
0.0004648770441850854
0.0013562657165289438
-0.000825606233942523
0.0002740113722820948
-9.796909067173487e-05
-0.0018021884279396472
-0.00013958972295847541
-0.0028534949833145425
-0.00018596051796333858
-0.00020018781259821934
4.1893397047068164e-05
0.0007546230198503736
8.664449157171362e-05
-0.0009469473260400966
-0.0019147510861280016
-0.003180555575663308
-0.0012507647133067539
7.73764270317482e-06
0.0002174069784420144
-0.00016361065017954634
-0.0010863869832926226
0.0009177485620968065
-0.00022786031855630065
0.00138293567158657
-0.001148695986819567
6.648400099027416e-05
-0.0004426760440387186
-0.002604198081163552
0.000599219618113559
0.0005971553506862801
0.0013753357121909725
0.001759889735270607
-0.0005921263948593448
-0.001044410524212209
-0.0016118823647406706
0.001483465770727071
-0.0002996627898919253
6.344911686749654e-06
-0.0004897758310379558
-0.00039708301536568204
0.0002551742537858259
-0.0011118606987475035
-0.0004238781628390349
-0.0006292586728936174
0.0004903143707943857
0.0008024894619907787
-0.0012418603096293421
-0.0012594123308164611
0.0006923935804916435
0.0007208128413235796
0.00020247068289640704
0.0006228832800632556
0.001568957694525494
0.0011787772298746581
0.0017311889884377325
0.0013372846545850446
0.0007148730962156418
0.0007573501663065828
-0.001799614743189968
-7.830037451683948e-05
0.00018001195549531177
-0.0014324948886534287
0.0005709470395819563
-0.0006562875544323497
0.0008748566147082333
8.150391849280385e-05
-0.0012796497724421084
-0.0004050067506808352
-4.1796916071741966e-05
0.0006718120116909565
0.0004725827696975545
0.0017565186952605094
0.0001183289034407152
0.0005846174546430969
0.0016965008210150145
-0.000790539986630775
-8.560389393041056e-05
-0.0014987042232644666
-0.0012083088721415612
0.00042621044871312216
0.0008973689608684568
0.0020026150203234136
0.0013602029413620808
-0.0015971321911952962
-0.0011475131573202297
0.0014094777002369796
-0.00101157949094064
0.0007762804994836509
0.0009441958266646302
-0.0017697775046216896
0.002341224979105614
-0.0016444042978796967
-0.0007064633874501458
-0.0019057710441553882
-0.0004254702290798939
0.0006272325675505592
-0.0007160042532095513
6.607909183489088e-05
0.00014903207464987767
0.0017264879885123302
0.0002142872906451487
-0.0013701351822124784
0.0006386220404481362
0.0005680081668853326
-0.0006305709782019585
-0.0006841303544957047
-4.9680098689734904e-05
0.00030387419166833673
0.0007088683434057708
-0.0002740388726170767
0.00012397602727194597
0.0011841488534073228
-0.0005686355537418801
-0.000766160023330296
0.0012076482135830477
-0.0009232554473891028
-0.0012253465261846252
-0.00010430330348724116
0.00226259940411227
0.000388626088293452
0.001026049319986735
-0.0005302773594923262
-0.0007195256729158911
0.0008680278548059383
-0.00011627127245571918
0.0012893033421559968
-3.7224315638157316e-05
0.0005470711000858756
-0.0009967341931408434
-0.003334280487374806
0.0024604327738605228
-0.002279059906873263
0.0010823488577559005
-0.00010741372691320653
-0.0008439651536179281
0.0003587763720911813
0.0016400465633685003
-0.001093798000299451
0.00019007885641950816
-0.0003243753248175458
-0.0012730527132915513
0.0014809910616398522
0.0007217439663925643
0.001205734127205091
-0.0027829057583212513
-0.00030150891206539405
0.0007401028350252131
0.00024460438371991483
0.00034042087692075473
0.00016741225595375112
-0.0015085781405835088
-0.0013467353006139978
-0.0001092502808898392
0.00010177801655181863
0.0012099105490044055
-0.00018605955019266308
-0.0008694342219722675
0.0016837550477088476
0.0007421564049070341
0.0004766178898986076
-0.0005607440447465109
-0.0016138631989145523
-0.0007568168505885254
0.0008732127904487557
-0.0013282685739952928
-0.0009998086468905373
-0.0017016971646035672
0.0007783948497990638
-0.0005447207017667601
0.0002319017362403752
0.0007111764102649769
0.002612932905997184
0.0008074109025473118
-0.0005069492316363625
0.0014609151539891486
0.0005911358745820679
-0.002618125623340337
-0.002645868985041953
0.0008005417105943728
-0.000906582314643641
-0.00040320210859176445
0.0006447724443178766
-1.0362618573871951e-05
0.000646620880429668
-0.0002887407727511045
-3.1525537420572095e-05
-0.0005467997475084945
0.0011167279078108585
-0.00027117268105020654
-0.001558432427432667
-0.0008294029210510409
0.0002257396597096496
-0.0009809655402612894
0.0012054129999847975
-0.0006521360063651861
-0.0010765749775235097
0.0009382549493355344
-0.0005299132072051337
-0.0011270518733177987
-0.001797213380997988
0.0016035714230473212
0.0011356282519318463
-0.0013172158301664727
-0.0005156771966327863
-0.001915387392209187
-0.0008630326899471137
-0.0011218871766805927
-0.0036279742444434555
0.000558799599639174
-7.328517769596752e-05
-0.002616502149010557
-0.0011312770999476406
-0.00012051857585139321
-0.0004717899311687315
0.0010624070171107694
-0.0011449514852956207
-0.0005222824016328732
-0.002273747370524633
0.0013207236099665157
-0.001280274104908908
-0.00023370475600943385
0.0006463125172131202
0.002467647676639758
8.902479100311114e-05
-0.0013522286372582605
0.0005587012563765882
-0.0005660646922532737
-0.0009763022034826804
-0.002015173198018321
-0.0009597932854512503
6.379004160669722e-05
-0.0009769543591133286
0.0016317264454690117
-0.0019054182520856378
-0.00048488688925020995
-0.0006665787540246444
0.000840512682070177
-0.0008004465699885911
-0.00035988512595496374
0.001584043327920591
-0.000778324500505743
5.635026344249711e-05
-0.0008771860885904276
0.000458651161114452
-0.00034392697540331296
0.00037453340114286304
-0.00035093105701197545
-0.0008329153961218465
0.001166787569944045
-0.00041226416080757664
-0.0005354575843968792
0.00038660463888950746
-0.001593591297240845
0.0019664670563416583
0.0009033630609886262
-0.0003711515818305111
0.00039787685022260827
0.0007118134709393033
-0.0016865458911066633
-0.0013170712012875328
-2.851123744966869e-05
0.0020350479430696925
-0.00036795574531087204
0.0011565425823869874
0.0020654423984032594
-0.0001874474701530242
-0.0004313959906820231
-0.002193727698071529
0.0006085132729729529
-0.0005925186281757434
0.00037765474396245897
-0.0025733244463694857
-3.150866613210984e-05
-4.249178719828239e-06
0.00017328343583426057
-0.0008081755237119458
-0.001147155223852762
0.0007151276734030732
0.0008036414119478414
0.00017138925149133257
6.27123858188991e-05
0.00044658753956587036
0.0008550283559088157
-8.564189051235779e-05
-0.001143976445778362
0.0003990052391965242
-0.0009693613437423435
0.0016015564412689219
-0.0015899592570525623
0.0006310969746979948
0.0009543621162335946
-0.0020028646386296535
-2.0882946893259688e-05
-0.0013945543874497926
4.570366086608833e-05
0.0025190483409380415
0.00041494407879269333
0.001143773586394043
-0.0009599271140363253
0.002840225475082119
-0.001563821885216285
0.0006138334078425008
-0.0012904211946674416
-0.00017314621522596148
-0.0016014866744375397
0.0015282021503540202
0.000757120507928023
-0.0016452829448073557
-0.001173905129103263
0.0003616251605084794
-2.4919262732229005e-05
0.0003532149992080636
0.000880475037926315
0.002192740918720132
0.0007150193396808423
0.001922621871543013
0.0018963891341592803
0.0001244324361386611
-0.0022504414447212687
-0.00014644191922004186
-0.002208213406939198
-1.38587303531784e-05
-0.001029454736520381
-0.0007867241215872944
0.0010033393378176714
-0.0008600055070936618
3.856697304694924e-05
0.00018009835475273013
-0.0007977281038945933
-0.0013757418530014557
-0.0018565466202889078
0.0010948859008768218
-0.00011841524303776774
3.5943894154910695e-05
0.0004860594821356538
-0.0011761154707370766
-0.0021556229003970636
0.0006024249532262738
-0.00016440262429596309
0.0006998670141728278
0.0018209731719268547
-0.000742857692174434
0.0006534061521238555
0.00015749039379730226
1.0400085504351738e-05
-0.0008999848387543836
-0.0012656228060453007
-0.0007713898122987679
0.0008449545270904017
0.0010047768255983447
0.0006777790653368502
-0.0032352445690506425
0.000940335135916035
-4.656943640134312e-05
0.002552049081212695
-0.0018125849654199683
0.0007475278940933937
-0.0023044191968406695
-0.001360365486248772
-0.0003531696562254841
-0.002592304458290952
-8.686122066521893e-05
0.0007775299095089254
0.0002825302612841175
-0.001244689997228223
-0.001746839887223348
-0.0007889507876228869
-0.0010362593554081993
0.0016391805487498546
0.0002841765117317909
0.001100617240838024
-0.0003211706455269224
0.002017277614440955
-0.0019542546257111963
0.00035333179895711886
0.0008072751993009753
-0.0005358957601720481
-0.0009659018636484
0.000328954276207517
7.993027161640896e-05
0.0003725770303703966
0.0008721952004959503
-0.00017150646444365956
0.0024228860463155347
-0.00026291820413638114
-0.0016834804023212208
-0.0007097354221885648
-0.0010487318049143173
0.0015617717040432228
-0.0021636526762667707
-0.0002503475987454172
0.00028692562358781674
-0.0012538466440469918
0.0012617812700304156
