"Turn-of-the-month after publication, net of costs · sign-flip|0.0015196142255655344"
-1.1757823857182668e-06
0.0009132715951535845
-0.0013848296586092543
-0.0007600599304780243
0.00026650986778398904
-0.0012142193647776353
0.0013407770354204836
-0.0007265693423495144
-2.443683815979982e-05
-0.00047203614925001193
-0.0011561276876041794
0.0009271737401750857
0.0018039981879298362
-0.00026003849392305055
0.0019098952313078134
-0.001183194561542883
-0.00019099811657866315
-0.000802040725710074
-0.0012405386781255676
-0.00228921627948081
3.295288284740751e-05
-0.001795429396072995
-0.0015163832863656786
-0.0020902350147455617
-0.0016347376981113155
0.0008182103049121992
-1.3663744388895916e-05
0.001536146401165416
0.0004942397563742284
0.0024999154897710225
0.0007040370725854996
-0.00019154507220301868
-0.000871380861188547
0.00085733536965004
-0.0013194899670474077
-0.0006071476619801637
0.0013039268221955813
0.000366907211301471
-0.0016152634647255816
0.0006698681733343956
0.00016053532205485528
0.00030471171907302854
-8.457082928299272e-05
0.0008436880336039754
0.0010028781645094553
-0.0011647431940238094
0.0005686735605490282
-0.0010283773567989244
-0.0012536234791677803
-0.0013187620200550182
9.360801836020331e-05
0.0013244477530170485
-0.003111018683606226
-0.0005103728459347897
-0.0019684965090970663
-0.002037045122925451
0.0009729848376330907
-0.0007929179034376633
-0.0022562804269587616
0.0010251357280978075
0.0011078162751678433
0.0009024615388402433
-0.0014577370074125473
-0.0007109224940431477
-0.001845953019378465
-0.0011559380848637953
0.0005242786867944924
0.00025837070983738517
0.0006689895651163352
0.00033843624821249354
-0.0004598680055308602
0.0009386691407980527
-2.3107807114967286e-05
-0.0005414277581163344
0.0035255641651943982
-0.0019184620941173978
-0.0028253632357153604
0.0002735000555069134
0.0010630576109755161
0.0005094982539071357
-0.0012232538267006909
0.0010529100395537895
0.0015531664967482518
-0.0011640473890359247
0.000999955072683547
0.00046667275509205703
-0.0009597269396164523
-0.0005756582572132814
0.0008414409119719981
-0.0005955644051118506
0.00012731579002840668
0.0014877754836538208
-0.00027749360075669674
-0.00038156625705268893
-0.0006782152128189146
0.0002441542646332483
0.0010951462047243349
0.0005490173518563476
9.275995454604403e-05
0.0003952413222863136
-0.0017434916847454173
-0.002442018179016833
-0.0010757099407022524
-0.0017828332007893423
-0.00025668669804038076
0.0001023338590715177
8.218177220919668e-05
0.0004576572702233946
-0.0007658676642378841
-0.0004528217977763535
-3.6336339512872256e-05
-0.0003192286088802601
0.0006465130595181806
-0.0005698097277789812
-0.0013941214777639162
0.0014002248966084067
0.0018607335243797382
-0.0009325097976116009
-0.0008107559185243106
-0.001282048093810775
-0.0005616226314132235
-5.53469511449712e-05
0.0003058740373052219
-2.0083472551330667e-06
0.0008216023008360981
0.000485480510971474
0.0008201932392926264
0.0004703112051781673
-0.0007763345893635999
-0.0008051744068127684
-0.0010161049918292852
0.00033067738646964034
-0.00025615651930257225
-0.00047809775450439757
-0.0008866102829451906
0.0009189883717697038
-0.001926364626196475
0.0015265749103759235
0.002360598835693088
-0.0008435882744020494
-0.00281140782000533
-0.00044308239666717184
0.0004373521153334502
-0.0007763082171657887
0.0015825822998334375
0.0007228585848878215
5.618773076019822e-05
-0.0014383653283363937
-0.0013537976474499028
-0.0014371366139895308
-0.0008160896225509088
-0.0004669757285360384
-7.674855652555705e-05
0.00021689933562974546
0.0017111253990274465
-5.566860001302212e-05
0.0012168179016833537
-0.002204635311605272
-0.002473433388271656
-6.377817114532179e-05
4.8148892285176776e-05
-0.0012642459540105977
0.0008930313920197774
0.0007212811324963546
0.00023903735861425355
-0.0007342023895778191
0.0008524218761863699
-0.0013302220481087187
-0.002371816269065897
0.0006188371121372088
0.0008682162425224282
-0.0005145792534365232
-0.0012411142324648952
-0.0004313185984493985
-0.001008572191958647
-0.0015200247298727116
0.0017560505090722428
-0.001899416743686409
0.0009300152073687668
2.4320695230849864e-05
-0.0005591770897278093
0.00031246019225154013
0.0022992726267986267
-0.0012021175450592362
0.0026233353029446677
0.00035590032906828085
0.0003923036204583576
-0.0004406102498005251
-0.0005386342945216927
-0.00019406424913083676
-0.00012180749405042875
0.0011852649749574025
0.0023624264256037132
-0.00017463651257933682
-0.0017594079797653899
-0.0003064197572853605
0.0008360439723617872
-0.0002579507239370424
0.0030414663986941277
-0.0010349737713366185
0.0015368122227124579
-0.00045638994511506935
-0.0015196436632981844
-0.0010209255984085566
-0.0007041276525179856
-0.0005710806870126375
-0.0003201368607716731
-0.0013799268088822436
-0.001261625766288367
0.0015178449924547353
0.0008594408158663375
-0.0007445589110715451
0.0017311498338571645
-0.0007764617802831818
-0.0004975277369883439
0.00011567883602869491
0.0023801352479162026
0.0006633000031827198
0.002464672022442405
0.0009311634945904511
0.00042598544706502187
-0.000539305562056209
0.0014059251334818188
0.000376750821873288
-0.0023248157843078314
-0.0012371546376147434
0.00025944948063072226
-0.002480447530295992
0.000665393344662152
6.334789237025775e-05
0.0008326255667963127
0.0013535605105443372
-0.0008568515386648119
-0.00037051777895794963
-0.00018541221493247566
-9.569172223078588e-05
-0.0010344881971361484
0.002871723420318664
-0.0010051165374752797
0.0005911730552315632
-0.0008021331965526494
0.0026089216351941427
0.00019765605330105952
0.00035689041153262396
-9.944667720223244e-05
0.00032885030759705476
0.00011425939354831493
0.0013487837464524633
0.0004639136038534347
-0.0007273657760667364
-0.0006748139953279893
-0.0012433256660292213
0.0015947390939316348
-0.0008583785085413731
0.00074283936375556
0.0017561198389751728
-0.001514507502170178
-0.0004984235832059725
-0.0010494616651089367
-0.0009128612544895251
-0.0002591493674742804
0.00047639260708933867
-0.0005220765822746634
-0.000921899385208063
-0.0002726710602763476
0.0008794865270749271
-0.00012556486691827506
0.0006897596841881985
-0.001448202848749313
-0.0005904038251023964
0.00024592420293493943
0.0017017685636301644
-0.0019087421505909143
0.0010644875529647248
0.0006106849223738765
8.12793511439451e-05
0.0003670124657224876
0.001544190227981905
-0.00022095543346114873
0.0003852979067479691
-0.0011393388939403306
0.00011947015097533657
8.271401798146627e-05
-0.0008421176747256046
0.00011439335416177406
-0.0014905728413999338
-0.000978152133944388
0.00010095950997761871
0.002390250349353787
0.0006597388120632993
0.0009055472433866168
0.0010754623805621932
0.0017653612373277996
-7.254087558914194e-06
-0.00033421306798463185
-0.0011195578435775658
-0.0005404633419655084
-0.0012865052032617402
0.0007569765522988498
-0.0007053635824168797
-0.00035593874429008587
-0.0007061074138861032
-0.0012028168815488016
-0.0011639251552546742
-0.0012338271427350053
-8.274586251606705e-05
0.0002764253939586706
-5.733459546554055e-06
0.0010826217336643087
-0.0006971721959665163
0.0022037976668651876
-0.0004967828307444092
0.0008010961062160323
-0.0007847420041441925
0.0006837260639870937
0.0009675888937496443
-0.000876769345442092
-0.0010688145349342347
-0.000277439846072846
0.00042463654308907045
0.00020612044916984724
0.0007106139414783087
0.0006533432125931424
-0.00186523423640065
0.0007864633404400213
0.002004637580420018
0.0006956511976769331
-1.1646997596041293e-05
-0.0003242640539101452
0.0003742143188837158
0.0003538546590478315
-0.0018065944899975572
-0.00014822758104893462
0.0011241319273477255
0.00018860275161741442
0.0008048481357200544
0.000450648947930771
-0.0013553769685625626
0.0003368559244390383
-0.00013747243809592307
0.0009505598061161893
0.0007253972346532055
0.001661582640779712
-0.0003429988187185816
-0.0013844512387541298
-0.0027656947121846936
0.0010379768250142654
-0.0014633043320978973
-0.0008305690963301159
0.00018203115674812572
-0.0011685096698867616
0.0014195471305006018
-0.0013382476106891402
0.0001915748573305907
0.0004942614487949243
0.0002613414197302425
-0.00048342470825240435
-0.00022296425535066181
-0.002515065860807522
-0.0004284930691245863
-0.00014017808704940154
9.977731881430584e-05
-0.0008406743777938504
0.000932863466445221
-0.00021332058199813358
0.0016230160948553164
-0.0001855952469856557
-0.001694316950161033
0.001404048734931225
-0.0009024326613772499
0.00046385519296817204
0.0013495695093903067
0.0004994595946074601
4.720289985311652e-05
-0.0010038138099813566
0.0008413038698754302
-0.0011596140958991658
-0.00017973248476056165
0.00020924833342312923
0.0016402500061192817
-0.0005254682883560918
4.7669851328147355e-05
6.94804819872263e-05
-0.00038505969437428966
-0.0006158096465121449
-0.0015453103658137877
0.0011717131426988087
-0.0028842960773427296
0.00123123225174247
-0.00013833976533993
0.001277825813620058
0.0010744738235845376
-0.0034114188839442323
0.00013892411827042805
-0.0011375546236912103
-0.0004562019711784253
6.820849339675687e-06
6.269809190044953e-05
0.0010364893347331755
0.00020593150238873878
-0.0011799739887184714
-2.1878897921850307e-05
-0.0016023533547913835
-0.0015563749953455316
8.910337058363845e-05
-0.001295341607781147
0.000495238942527081
-0.0024495788301139667
0.001074392274533241
0.001879117507684812
-0.00023609212434907645
0.00034094383213489015
-0.0007795024108583587
0.0006298733065970986
4.588741929048672e-05
-0.002389927080002831
-9.76154829826063e-05
0.0003664439473438051
-0.0022860019951285665
-0.0010501011304064375
-0.00038546951221245707
-0.0005786787929683659
0.0007379452287179528
0.0011785003567905343
-0.0007304624530228112
0.0019052345761681395
-0.0011248464958218652
-0.0004903680143024084
-0.0001844156186399775
0.001624337471423994
-0.0016912289490637917
0.0014189522593393935
-0.0003402887687360099
-0.0012001941046596199
-0.0007315612957539394
0.0019624495103777125
0.0004746398880653344
0.0008278336809709472
0.0007250079346109838
0.0004298680589228942
0.0013816181430153474
-0.0011840074628888956
-0.00018531534652782266
0.002547583360393387
0.0006236029800937163
-0.0007014743735224884
4.633822002191552e-05
0.0016212396884900718
-0.001758535534513547
0.00013174755767847817
-0.0017108945318721669
0.0013711128366445753
0.0001400888883757708
0.0008582133863953073
0.00202000738162206
-5.656303446206168e-05
-0.0007378284409241762
-0.0017904998427015206
-0.00033659796047977054
0.0012057268736044835
-0.002581730983265619
0.0013361732844012677
5.154638758858527e-05
0.0010132334461985465
0.00016864538480991086
-0.0009915006424032462
-0.00029854228132512384
-0.0011372022099170919
0.0012823902299650377
-0.0015894618980923582
0.0007191098615294934
0.0002348582843669441
0.0008535793808146614
-0.0012447944843532559
0.0010503415124382294
0.0015985679400112066
0.0016505286633054647
0.000173747931838759
0.001228770772188186
-0.0003631660238473787
-0.000557356909522067
0.002030265337260491
0.0012466799553892225
0.0006323017246944466
-0.0007711320959140051
0.0007109971555220504
0.0012073799519984809
-0.0004188943255154226
0.0001952856799721694
0.0005492345277686075
6.236852991690911e-05
0.0008798919362565678
0.0015521110506463661
-0.0025216588887647692
0.001103721777369502
8.695223188063328e-05
-0.0009768448265233874
0.001362684572621383
0.0028286027211076813
-0.0003814216943067525
5.8996567100230716e-05
0.0012244004663967529
0.0004905154678456183
-0.0010469064714404275
0.0012089391214319995
0.000228826403220663
-0.0015225826430679428
-0.0007658503159872327
0.0003224623813249365
0.0005563449890223901
0.0010456440660266697
-0.0021683210968498905
0.0018320694582518327
-0.00020487268496127378
-0.00019388285004181543
0.0016146115098525295
-0.0013151838003437474
0.00038729359766411967
-5.540327211347237e-05
0.00017448656902581107
-0.001070769236023093
0.0019743013402718015
-0.001476735818711717
0.0018233978825690053
0.00031983361343349156
0.0005431337937806873
-0.0005350131060108545
-0.0016895506086102492
-0.0009211420843847924
0.0003787953671940058
0.0012504093737135203
0.0022312661445896493
0.0010093207524366013
6.524236724469446e-05
0.0002320871421095554
-0.001578641426171957
-0.0015766816410520113
0.0013365962443072472
0.00023072638926245942
-0.00045864424069489497
0.0004966530957290745
0.0006644927548743283
0.0012506731379892152
0.0005141554316305642
0.00029618091946213815
-0.0014444298514307713
0.000902212544742698
0.0018825579877360576
-0.0016883531015605938
-0.0019026204903926582
-0.00019929003676214915
0.0009873100042734429
-0.0009985804947666445
-0.0018619639895692771
-0.00048509748830697134
0.0010562815516584924
3.653451964885787e-05
-0.0005249798809108012
-0.0007782345448956628
-0.0004012475183971962
0.00016305556682335494
-0.0009647516147103234
0.0007617315553231268
0.0008693254696574803
0.0006174099506941901
0.00016918103311089642
0.0016719253226421679
0.0012054994803984318
-0.0007426796335115312
-0.0008171429177165658
0.0009773885557433988
0.0012318473473901391
-0.0013607996812703587
-0.0007651730075254336
0.0005179805777115158
-0.002005317333820934
-0.0004761664613153563
-0.0007460795848485054
-0.001772347966356362
0.0022855305663501075
0.001922326243425932
-0.0016356559114307973
0.0009748682000304126
0.00023123694261403325
-0.0030319395817822777
-0.000475480812601796
-0.0014906366636025185
-0.0008252783382207841
-0.0011593046432971813
0.0002833784284533224
-0.001916923453574274
0.00026327055019520365
-2.3151779268732587e-05
-5.32122994860424e-05
0.002707070502863512
-0.0012970351344546629
0.0008519438039133867
0.001166097147360697
-0.002029131035284715
0.0001647903197745999
-0.0005933724485455074
-0.00310967738418141
0.0009438119988126163
-0.0011100798956317482
-0.0004802810768160903
-0.0013703479271097497
-0.0015944759058738656
-0.00048756408933610623
-0.002456824148551339
-0.0008876254825478422
-0.0010968790008922017
4.186488632662593e-05
0.0005371776495814239
0.0010824413185142007
-0.0006868616637359988
0.0005689944813438869
0.0009934086982696197
0.001273767286797807
-9.532739440563805e-05
-0.0008209204693062718
0.001103916360823921
-4.451669322747024e-05
-0.0006000325403645509
-0.0005848348334761393
0.00018917872546557994
0.001339891604809915
-0.0010667992754908994
-0.0008843773212966888
7.912362141941355e-05
-0.0025999352184743097
-0.0026042444132690435
0.0007806791525671826
0.0010026245100500798
-0.0013829043647433118
0.000675492798766741
0.0007834113560834711
0.0011641012921080264
-0.0013156249364236086
0.0009118155978517543
-0.0012540464085640268
0.0009688091610606764
0.0005902160259033185
0.000940628067485035
-0.0017742531924449302
0.0021367645817632086
-0.0015255747063074093
-0.0005567697226533458
-0.0013323055689208989
0.00018781364370330767
0.0011985618186491722
-0.001260083964520785
-0.00027695949735768365
-0.0020784367973877014
-0.0008503137527409354
0.0003726119823373603
0.0016353638077728676
0.0005153289961666601
-0.0010637207060618058
0.00034741067876738164
0.0002786480620390474
0.0008972354689938936
0.0013895672558304273
-0.00011263336203328529
-0.0009696345755579451
-0.001342233108303245
-0.0009021781796880473
0.0004928558695215181
-0.0006062030729958554
-7.197012965319387e-05
0.00018143291426133808
-0.0008604484227057046
-0.00039456333151592415
-0.0007542344289586742
0.0021139429542173013
-8.441704497002964e-05
-0.0021271865202865115
0.0006136481386600834
-0.0007177543064315835
0.0017631166896079065
0.00011378247648479592
-0.0030528605409777965
-0.0026108921944105203
-0.00010956097845270813
0.0006368057130447208
-0.001997941677800986
-0.0003569628229186626
-0.0006561846340222224
0.0002358337949664067
-0.00014289073451975972
0.0005723581753293162
-0.0006891407942390967
0.0011486514451524786
0.001888302581601924
-0.0008525853092026302
0.001345029470322593
0.0014600578752314148
0.000287671998797362
0.00011675769072379964
-0.0030458293558001466
-0.0006183001061530715
0.0005278191243609337
-0.0020061335565675076
0.000723802841732074
0.0005613696107242269
0.0011809962020928708
0.0003812179350499081
-0.00031653475956630996
-0.0007034061125696848
-0.0010450601554873107
0.0006208142760175397
0.0008333821125036727
0.0005975091107958903
-0.00012418483538646554
0.00010799822759249013
-0.0005395100993112636
0.0005336148067759624
0.0009815323420166112
0.0004373992722873778
4.192020810134675e-05
-0.0006118319892062107
0.00043668536323952887
-8.318895537930634e-05
0.0007965205420303826
-1.9077875540672247e-05
0.001170514613573073
-0.0004039255900183801
-0.0013879091509577941
-0.00028147526593220014
0.0009717903170703275
-0.0002253776591919901
0.0009468804237552389
0.00038496967887187764
0.0020749163097201163
0.0006596351857526197
0.00029690385523075866
-0.00142307586758415
-0.0023278357292835263
-0.0004500465443323419
-0.00040051601702082606
0.00042833239723922986
0.0016091792482914727
-0.00018566530080135892
0.00048724267691849216
0.0005105365230289204
-0.00033407689541547564
0.0017192155812239492
0.0017352040470191054
-0.0011568106403667218
-0.000291168559206253
0.00048779942270036535
0.0009661126157957073
-0.0006228041936599802
-0.0024642619945031167
8.957802923345613e-05
-0.0018708700672261183
0.0011971637295154008
0.001364562709533397
0.00012298431550060204
-0.0012099557438976895
4.108596935699461e-05
-0.0014102449685461978
-0.0017970309317388393
-0.00052590746418556
-0.0013832539834097773
-0.00024253592503813883
-0.0001505369924627786
0.0011175593984645424
-0.0010037649909403429
0.0015620473421618791
-0.0005880842692020809
-0.000870252248584712
2.6819602601010224e-05
0.00044415029836786084
-0.0012316920070807545
-0.0005591926496920216
-0.0012061720487570515
-6.375026201969346e-07
0.00025217714582411545
-6.271719099377658e-05
0.001112417719235146
0.00027929522341688627
0.0021315852077577655
-0.0017718364436273386
0.000480249445849626
9.522917941228142e-05
-0.0014065809589306397
-0.0011218011480258088
-0.0007946924792188845
0.001372496590363903
0.0005951175137867591
0.0014355126113717955
-5.91923404342662e-05
0.0006386528867373977
-0.00010009179442791061
0.00203738478779128
0.0019929942346310855
-0.00026999180640298077
0.002293868670643055
0.0008623310979406138
0.001958342323997147
0.0009920686760932038
0.0006505809757109929
5.390692984917742e-05
0.0011021422087119574
-0.00021069841946404498
-0.0013971075035431161
-0.000977736298061238
-0.00028807150850594036
0.001386061988359566
0.0002549832598638146
0.00033713219354515253
0.0003076344524095657
0.0011424604287019768
-0.0006645920945674161
0.000681969523618937
0.0010926759993861994
-0.000659695659511926
0.0005886024541475107
3.140471217290567e-05
-0.0013647636813100212
0.0013657115806004411
-0.0017816772743463691
0.0010709599599961917
0.0024581498533417906
0.0013886851355259702
0.002180352358648577
-0.002390066192600876
-0.0014723905385293904
-0.0005159417917964458
0.00023918453756985973
-0.0015574126279233262
0.0013224899891669639
-0.00016827503131234745
-0.0010423498385445688
0.000188993134755184
-0.00015328036254161912
-0.00013869777418317651
-0.0009391132252276387
-0.001139305695882996
0.0015348000676345323
0.00040466534081071425
-0.0008346575719230572
-0.00014369766705240694
-1.9464388449373758e-06
0.0016653316234707773
-0.0017677698969055292
-0.0011705230190047213
0.001619730242295131
-0.00011761022768096876
0.0015637534541005672
0.0013814320183846104
0.00020482344987843626
-0.00030382678424563354
-0.00022900123508949434
0.0009059957253782811
0.0004286519104259182
-0.0002724622100543855
0.0014639583158682446
0.0009063035838466766
0.0009277986863063371
-0.0013557361596579914
-0.0008097364170491996
-0.0011950942653696426
0.0006531627440510005
0.0005462110554516489
-0.0004940592039303191
0.002064026828942393
0.0009498783483306009
0.0003155278391959516
0.0002940721282695774
0.0004621697548411145
0.002097572799865091
0.00029000273998211116
-0.0015867911675291556
0.0028345419060553986
-0.0017483967041305394
0.000744976387546287
-0.0003599388338777588
-0.002566185373883266
0.0014243421512011092
-0.0003589093363044268
-0.00011371648809111492
0.0004125791649582949
0.0010320106084424456
-0.0008444699641032178
-0.0006637217586476199
-0.0007207340506726458
0.0002436173425508779
0.0019938982990615416
-0.0006078915544688539
-0.0006443289210711107
0.0004030753184089426
0.0007677989650543593
0.0004617886501294201
0.0002964137579622606
-8.828634626315045e-05
-0.0004908439314787435
0.0001566703184737756
0.002208624207587674
-0.002291463759602158
-0.00030557564032130367
0.00046677304058689097
0.0012535773519173666
-0.0004283014638362237
-7.183770250055878e-06
0.0007601040628078927
0.0008850437759207056
2.018298386166831e-05
-0.0005130293860047831
6.404672544921577e-05
-0.0004050248175881964
-0.0002783158762184047
-0.000812459693001351
-0.0006682358796965142
-0.0016148112189422175
0.0005894377454776775
0.002323492233920625
-0.00035690056780694686
0.00036059689832499477
-0.0019745306098264783
-0.0012280108357399623
-0.0004774556043503275
-0.0011121919277901169
0.00010247287667334568
-0.0008269966887231241
-5.844375776741415e-05
0.001432581556505379
4.814730577902195e-05
-0.0008630710012816168
-0.0005891456529141967
3.354074439728641e-05
0.0026989121965919657
1.1386562348339912e-05
-0.0002827263515413342
0.0009148717849241283
-0.0012150996427102159
-0.0008824776514466781
0.0007579904628652511
-0.0009108500334254933
-0.0009964581842950176
-0.0009307443213584709
-0.0006289546543534928
-0.0014572407319229656
-0.0009593416093066332
-0.0005150030072889832
-2.4157258054170927e-05
0.0010195003972159312
0.0018403545858591407
0.00035426535820126247
0.0007071161190758854
-0.00073356281056222
0.0020887636481653564
-0.0004898752821023596
-0.0007115482105451762
0.0006497832800002384
0.001129106665634883
-0.001855492505457255
0.0014168927836644232
0.00020352322002226226
-0.00032043210762558157
0.000876303114412819
0.0011438243816041006
-0.0007830975863541608
9.797401049132701e-05
0.0007038727894571118
0.0006854583193005897
-0.0008354951937808411
0.0006985468612522017
0.001136439492922678
-0.0001907209391145672
0.00019511807474981846
0.0010276945337027508
-0.0003325316689302808
-0.001191345126662893
-0.0013195586021604907
-0.0009621175415922212
-0.000380811354710533
-0.0005057828395506276
-0.0014848574377218332
3.786409154806198e-05
-0.000735922139367493
3.014192157375932e-06
0.0011262350361023762
-0.0015780339281413946
0.0014930328752088794
-0.000641891574716223
-7.556693741975139e-05
0.001126134342193152
-0.002356560853016099
0.000304315928084952
0.0017006273886434587
-0.0014767536516510935
0.002124946152400142
-0.0016888791621777488
0.0006456542375558597
0.00018261791648057482
-0.000662420541385518
0.0007625767928264959
-0.0014318736883848129
-0.0010499499886524597
-0.0005005215240277676
0.0014451612460230736
0.0008619523542662697
0.00017007077668837234
0.0018085730732739103
-6.201385010165643e-05
0.0002794279060885427
0.00014549699038811644
-0.0024446189618549975
0.0013514465639001753
0.0006085999904865098
0.0012536786594882806
0.0002871704527512741
0.0006538219103156669
0.0016627173858400303
3.1665917097980595e-05
0.0015132070365569711
0.00022945138332866347
-0.0002393281316317502
-0.00020145857710783928
-0.000500700044107367
-0.0007222468987028995
-0.000930580857832476
0.0006676497495740253
0.0008380365977430977
0.00012288471231435968
-0.000740072614899831
0.0005479510179399313
-0.0007882749016459796
-0.0010649370868488005
0.0008283477588901721
-0.001523992837631981
0.0001528387993254853
0.0007804340179509568
-0.001960519559616956
0.0014739029060313377
-0.0008328618799390669
-0.001422307757994296
0.00018494599222403942
0.0017683238545137792
0.002155815519635891
-0.0007110620989573514
0.001985162535059325
0.00010785905397497779
-0.0017610909576984625
-0.0008795616649217177
0.0002924070595502162
0.00034994617909615854
-0.0006508747997018645
5.064734200933105e-05
0.0003483195602687545
-0.0011800402288174557
-0.0007731354870709112
0.0015979977775739177
-0.0004523914656092545
-0.0004206803382863808
-7.061818233129985e-05
-0.00018333718345371134
0.0018178300045480307
0.0012271839456810248
0.0005866688574735707
0.0006383869749924883
-0.0005018375190954526
0.000945296419398449
-0.0007036006384716511
0.0018958779841553245
-0.0007890462944992266
0.0002579245008208849
-0.0010974394307244248
-0.0010481843487562114
0.0006994386954398417
-0.00013767073264341127
-0.00034128549885529625
0.0012902344614099364
0.0012100136895095124
0.0009393506672305424
0.00033047600697202887
0.00028952220058111325
-0.0005659994323109312
0.0020670733631510513
0.000497550298936451
0.00014982519621399167
-5.253735136819158e-05
0.00028118895496326437
0.00024012617889784607
0.0009039108427225303
0.0008470758157176024
-0.0007338247976459246
0.0016985371210197014
0.002507373346641125
-0.0016203179512963412
0.002566254230191919
0.0002681511881426416
0.000834119300478372
0.0002075480640984543
-0.0007495303577744729
-0.0018527416181960605
-0.0008985718487241416
0.00045731762823986475
-0.0011700755743440042
-0.001252619689512147
0.0008621921760284053
0.002717038185428038
0.0004841099034803771
-0.0005126199606327358
-0.000574122042193991
0.0006254547302464558
-0.001451347216579655
0.0016349238074871858
-0.0009181437097908578
-0.0020303503678884495
-0.0006161811787948754
-0.0006028810740286103
-0.0005084932369281216
-0.0007787958740716289
0.0021366757568338163
0.00015913264467317043
0.00033031179595755693
-0.0021207100318847523
0.0004714897920324799
0.0001334169546196136
-0.0016095263304896183
0.001348722662498482
-0.0017390675369013495
-0.0006535795604060487
0.0013801522376774827
-0.0014147574607913517
0.00045180916445835114
0.0009395360554672504
-0.00025123513907272804
0.0008097526939921549
-0.0015565842886520365
0.00020151609142297206
9.830993063404018e-06
0.0007109644643423378
-0.0013676172906843312
-0.001681764105048619
0.0007545336989370199
-0.00011517273293783009
-0.003189148197009949
0.0013621052309146537
0.002296743003754015
0.0008227217716142568
0.0018193686222088537
-0.000653457860545138
0.0026579451711655
-0.00279002707912221
0.0008500704223594191
-0.0002612244031134631
0.001675346264675962
0.0017351320405804421
-0.0013400724318414286
0.0008262112572319343
0.001351635231933262
-0.0008990264895216055
-2.6259344732740527e-05
-0.0006024096757598847
-0.0007674511083250174
-0.0003393018474961251
0.0005718571521091205
0.0004494563640426978
-0.0016493041551414412
-0.0006752794178493174
0.0012078877026149687
0.00043387853291449043
0.0012913197612862955
-0.0011269599966078725
-0.0005183771050936209
-0.0021717017473132532
-0.0008964046625945884
0.0007050519449019172
-0.0009378918859155071
0.00015240058039221217
0.0021404624911599782
-0.001500801649148186
-0.00136257757845214
0.00028895413984843764
-0.0006006153185767458
0.0006729862105711097
0.00017675959758215948
0.0013281854013420262
-5.891202497471289e-06
0.00194773385312212
-0.00027524177230488624
0.0004235576544172164
-0.0021146061477668224
-0.000336805205473696
-0.001505751289018916
0.00027604544861685844
-0.0010057373994626264
0.0020773445870566477
0.00011576695160677763
0.0009124036195777353
0.0013774046038633506
0.002143304244035711
-7.365493054285758e-05
-0.0006250167137868697
-0.0001593275713620938
-0.0006903502305946484
-0.00035087089861636305
-0.0015991678223961834
-0.0004041207607851735
8.022388632017701e-05
0.00029846685363586246
-0.00044151055390629664
0.000642211537921484
0.0015830536065729616
0.0012018749316564626
-0.0011783753625717818
-0.0003313057462240567
-0.0007043134567965181
0.001538792842513539
-0.0014933356122024232
0.0012281606426930887
0.0004396152968732312
0.001603994538549638
-0.00023717022046125562
0.00013754375875898043
0.0013705126415348282
5.8875786691750996e-05
-0.0019028406909289777
0.0005198221341461681
-0.0006402929756122525
-0.001146092410724532
-0.00011676011624763316
-0.0006485683442651791
0.001324419104377058
0.0016240777420605875
0.0005631272612306502
-0.0013109664509420472
-0.0016446306394555896
-2.332368289652777e-05
-0.001686432750271519
0.0010530844747960828
-0.0005329550948031038
-0.00034398726544515416
-0.0005182119676926882
0.0012085933012273855
-0.001568678457361295
-0.0007953366007177968
-2.253584529678913e-05
-0.0007356975766326509
-0.0004307776990071927
0.0010871832862547344
0.0007154114216793982
-0.0003340881576676473
0.000855051101723821
-0.0009672521390963727
0.0002165344052373566
0.0003425625676631356
-0.0001251474972276013
0.0008185248068751194
-0.000625104139428928
0.0009307899063677069
-0.0011050644192226024
3.044547088896379e-05
0.0002442034997160861
0.0014011840539905791
0.0004131583506493408
8.932906217862924e-05
-0.0016908804634178933
0.0008156192234759641
0.0005483129625388315
-0.0009555435634966841
-0.0004890718422408233
0.0009762923867743911
0.002024162322669974
-0.0006931681061367068
-0.0008203861100415366
-0.0012641812539597645
0.00041833900606360176
0.0005221080683198919
0.00014057872977854766
0.00018418667359792364
0.001098532518210324
-0.00021844417311583524
0.0010620003537048905
0.0005995841998271069
-0.001492598558054511
-0.0004959363610638389
0.0003226893550221483
-0.000681815506322553
0.0004871536495154121
-0.0009644073844788805
4.5427123097830354e-05
0.0012027631885778212
0.0004690500700787783
1.159767098400227e-05
0.0013574043902952145
0.0006701396336904286
-0.0013300819321564754
-0.0004695476151893263
-0.0002602475542461327
-0.0014574311355438608
-0.0003233534756515333
-0.0015464891669296399
-0.002746784069855641
0.0005329763143229257
0.0018554542878553158
0.0007767416959958815
0.000771669521406981
-0.0004574169790274003
-0.0002572220523384773
-0.0015637186466547774
0.00042193233572051223
-0.001137182778683709
-0.0007706201848792787
0.00043035082553445636
0.0018082609586976559
0.0008602747613012042
0.0006953527098572172
0.0014414054478735303
0.0009342281550479709
0.0018481958814355688
-0.001984636352403234
-0.001068992005895035
0.0026215841094073505
-0.0004062009449419266
6.212122564257125e-05
-0.0014965176935306953
0.001760650557319226
0.00039835789921622606
0.0014523137725722627
-0.00047741694505065203
-2.697409210486464e-05
0.000220901560898781
0.0005873059048746716
0.000458128832135237
-0.0025385123928804982
-0.0001958513990827804
0.0011069217110524358
0.00016407198750876056
-3.0013735274113048e-05
-0.0005916639915177394
0.0006544119228017757
0.0012686690603633003
-0.001133263528796023
-0.0002160137372156417
0.000740605261459057
0.0004021919201626836
-0.0010198222443972514
-0.0007981820029737282
-0.00014515028540122382
-0.0014061753320204437
0.0015654424313567394
6.225766863891263e-05
-0.001300849400348518
-0.0016130507691677221
-0.0019640095146684906
-0.0017383669529797156
-0.0006238358227542563
-0.0007755369158417424
0.0008223392024353425
-0.000980366587972356
-0.00091689035814059
-7.971514760435843e-05
0.0006367811069444522
-0.0016020101202867054
0.00023514038499262236
-0.0007256429413269391
-0.00015499509764050885
0.0026235861733908384
0.0005960664351532597
-0.0009896242480130707
-0.0006754205974818234
0.00013271488404186302
0.0004994529892501032
0.0021679412888018805
-0.0007849879278530778
0.00017769621589852527
-0.0007988595139092143
-0.0009677897663696337
0.0007743097685857498
-3.709096380040897e-05
0.0012865122627980878
-2.934875274474878e-05
-0.0015839671061385796
0.00016482270238995936
0.0006894225211205368
0.0011071660101179982
0.0003746189694824309
0.00042482929249244904
0.0012337543770200134
-0.0008275837265101921
0.001799016494116787
-0.0005892865544920836
-0.0013200703003204836
0.0013334968977494705
-0.00038428788547921803
0.0009755868373935897
-8.932427215043094e-05
0.0011846403796880892
-0.0012686274755962005
-0.0004000379066106757
-0.00016812760065143835
0.0004791090606489829
-0.0004927120161268905
0.0004683058156337009
6.27359052484164e-05
-0.0017283691767232647
0.0016123247179392448
0.00028959368072686983
0.0027899311149151202
0.0025572796665036474
0.0006481193054708735
0.000581385578409426
0.000954569944500714
0.0005072692703118725
0.00023258446602453364
-5.7620013678068444e-05
0.0011550374943825688
-0.00038835463883513295
0.0012046042832060489
-0.0012106349287081132
0.0003944094438859087
-0.0008947237059313768
-0.0006255819787184894
-0.0012521709523481642
-0.0006450030225438501
0.0008021894565016834
0.0015942291736570358
0.0005176535098987099
-0.0001553425501158777
0.00010654261235573518
0.0024437733887445567
0.00012953047634639263
-0.000329112244755741
-0.0009339897367335877
0.0004907548167068807
-0.001531064093877896
-0.00016108686176670596
0.0006921306184801481
0.0005767331075058316
0.0007133861092787936
-0.0005911342163405001
0.000388877507024693
-0.0004369016391146433
0.0003571578217215019
0.0003476201856420223
-3.937889636169371e-05
0.0001555601413765594
-0.001877294314642862
0.00020669191520485123
0.0006507743734462139
-8.08017899090026e-05
0.001011065630459032
0.0002566514745527675
-0.0008101183947553218
-0.00039660447084091156
0.0003242517009349918
-0.0004256381776480557
0.0009210620344708678
-6.948370076413681e-05
-0.00027006900365679975
1.1320520562624133e-05
0.001444014487755092
-0.0009815081783074817
0.0005125581402847267
0.001924452157513157
0.00039282803701690523
-0.0002988542967447434
0.0011632266654102205
-0.0003098441046214828
-0.0007078473001000511
-0.00014364960659431846
-0.0005127121076560916
-0.000590221151538588
0.0003391831993019926
-0.00209917078946779
-0.0016348679788348432
0.0013012649928472008
0.002418072686597705
-0.00036466522639921255
-0.00011157041400391218
-0.0011117955494896658
-0.0008847012694892194
0.000547052029219727
-0.0013156417819570566
-0.0002804035733970932
0.0011291357372507276
-0.0010853829637252441
-0.00026428746597037924
-0.0011411653820335252
0.001655885470827944
0.0009835770697023296
0.0025424859542546763
0.001403953396173677
-0.0003621391882483164
-0.00041516478861920324
0.001142134863493557
-0.00023790625600010327
-0.0008071472237494426
0.0017059176280873167
3.139136763140571e-05
-3.5549466783459958e-06
0.0010985865239060753
7.611397694587398e-05
-0.0002074552881585419
0.0007810997902663822
-8.231105720595885e-05
0.0012937630383173825
-0.0004671125570644701
-0.00021750436653229126
0.0012413471513997689
6.681081579769047e-05
-0.0004106635655602521
-0.0008482747033327103
-0.0002924652839100608
0.0002747301968772315
-0.001778349943803151
-0.0012405401197104877
0.001194967593115534
-0.00015905358216517445
0.00018161160630489201
-0.001209235615024574
7.296817931846368e-05
-7.08908290999341e-05
-0.0008630319869595852
-0.00019352423863132787
0.0014824926317259493
-0.0002733508365595645
-0.0010136590874940806
-0.0005830583813462929
3.728772870079068e-05
0.00045305858381998107
0.00030555654538839483
0.0004862788175703061
-2.8376349977710594e-05
-7.026320157912819e-05
-0.0007080404912011662
0.0013493952419515497
-0.0002524472221476817
-0.0012916946995647578
0.0007143137924035894
0.0011032182676060055
-0.0022676649316335806
0.0008963033813729894
0.0006513846631174141
0.0005161524462531168
0.00023389245298051294
0.000926750577795418
-0.0015531150344548503
-0.0002440787336269341
-0.0018236492980299658
-0.0006523689910299301
0.0005273044556623183
0.00021033771813679542
0.0011030824042946056
0.0011951938872777675
0.000216604676781614
-0.0016329128998413289
0.0010140461644861567
-0.0005445952752071591
-0.0007429075758927892
-3.502035970005299e-05
-0.0010150464261071237
7.026394560059021e-05
-0.0004951843148488028
-0.0013638601965645066
0.0006952503878376551
-0.0006741097433042752
-0.0011361984431437593
0.0012982969525560466
9.890312341318984e-05
-0.0007748435287502582
0.00011123418564354824
-0.0017231411237442215
-0.0003716582972919767
-0.0015862550005626968
-0.0027729876826657627
-0.0007595029447786997
0.0011815412889960336
-0.0020372915271626426
0.0003801451746741202
0.0019347026465876558
0.0004208285663607856
-0.0005123651315486107
-0.0009793680765006608
0.000855212536352521
0.0003316298088280887
-0.0015871190403828916
-0.0018182754390333354
0.0010442464650486385
-0.0004852551931207206
-0.001837373449264774
-0.001490561838480499
-0.0006009654746305668
0.00026377802622408686
-0.002032697974021933
-0.0011493337377953263
-0.0013566318720488338
0.0002403225242893887
0.0005216400947687801
-0.0004349925958423416
-0.0005513452410743948
-0.0008799516327110666
0.001975233584601793
-0.0008814943684925425
8.191131867437708e-05
0.001884323990282095
-0.0004143825994806269
-2.029504264671394e-05
-1.6352162970239173e-05
0.0011247989616566837
0.0007857930755663001
-0.00023386233224586926
0.00035446248505803177
-0.0003200736064661775
-0.00016207473227535267
-0.0011714728209930828
0.0014727271829315797
0.0004893833084852356
0.0004291139879709824
0.0013350115687363157
-0.002074475428812574
9.667901374789398e-05
0.0003646990235567734
-0.00039435698655914444
-0.0004123032806908685
0.0011738862629715769
-0.0009517364750176947
0.00013063184306458608
0.0017920230910839672
-0.0007143433903123412
-0.001596548801671268
0.0011847562556568689
-0.0003284000830835523
0.00034675423896346773
0.0006134456947888058
-4.571306378954356e-05
0.00014829813064781092
-0.000863014451490113
-0.0006859494802493507
0.0007247011093131172
-0.0008183819485138533
-0.00038033630290119143
0.002077043277086559
0.0013219880659096229
0.0008479348325261775
0.0016989248886412052
0.0016106142659909313
0.0003698033207348937
-0.0006536318006976607
-0.0005950732559509407
0.0007510132112694362
-0.00026217785933584374
-0.0002672498085687559
0.0009449050862985154
0.002475588649255732
1.9735413695000867e-05
-0.00012592744043373195
0.002948833019672468
0.0002581449870392569
0.0004857184681728355
6.645456889156798e-05
0.0018970255620256993
-0.0005237608034793854
-0.0003311158383863345
0.0015507116911982256
-0.002239725242859214
0.001361425363102235
0.0018208418263071155
-0.0004717331265744147
-0.00034316814427387353
0.00017508749220874998
-0.0018800751742504506
-0.0011681650589770488
-0.0007223022627752058
-0.0005590046258303591
-0.00228109159840287
-0.000934388609898176
-0.0013903607301034755
-0.000255344243406101
-0.0025298562856326816
-0.001182744520087782
-0.0006267672402704635
0.0013447374464060121
0.0008310399683059337
-0.00024137457202297614
-0.002012911259943139
-0.00012623839980052207
-0.0006459112820626964
0.001058114217972771
0.0010787574928265724
-0.0018673877548628876
-0.00023658935326783864
-0.003287934820738326
-0.0002609371005781803
0.0030531821745909803
-0.00046562072261333693
0.002078203135124768
0.0003845200534586011
-0.0007466539347467521
-0.0006734899685728939
3.871913446381601e-05
-0.0001327328043500227
0.00024682155869098506
-0.00017339690209710763
-0.0015756657584473646
-0.0008115641823907943
2.1726372135404284e-05
0.0007424488883951861
0.0012774819536658384
-0.00020288386220223227
0.001812177592375673
-0.0018956380861188545
-0.00037062987171974395
0.0004982589790319777
-0.0002480040133474537
0.0011870002770838547
0.0006088165485766616
-0.00263120362598478
7.455291625556436e-06
0.00022965168735816001
0.0013184404016967017
0.00209228496375617
-0.0009348399743662765
0.00044282064187348597
-0.0013902558563607282
-0.0007835857726038819
0.001835633791873829
-0.0011374853326188508
0.0006479059356478988
-0.0001026577316831171
-0.0005515907334865893
-0.00048823157019662206
0.0002478187388288437
-0.0014171822905279688
-0.0003061440747982176
-0.0008820465107716353
0.0016193928164277163
-0.0016564627226179126
0.0002711139731321575
-0.00037500995588084473
-0.0018313309964957491
2.2756357864476514e-05
0.0004670506528146929
-0.0024802073535115012
-0.0007405049114777412
0.0013407842814822488
-0.0006661904953581177
-0.0009987074950003909
-0.001002356265003942
-0.0003921673334777001
-0.0007889874065526726
-0.000300999420869781
0.0020508669587002907
0.00042603877461260074
-0.0006098330982350328
-0.002454839894624927
0.0006951591942434787
0.0013708775268560201
-7.54813652440185e-05
-0.00040814210802983595
0.00020046743026983017
-0.0011103665075376029
-0.0002538514097611873
0.0009536265606508888
0.0003379950698350471
0.00041735051773284686
-0.0011876311268485865
-0.00012600786825231304
-0.00012660332672589586
-0.00040249721997386316
-0.0010464355613274427
0.0005176895987533168
-0.001952041686766687
-0.0006239308224377184
-0.0011957454422444843
-0.0001232568818344835
0.0012169498028897848
-0.0009152106752587624
0.0015031718435790922
0.000934060576868338
0.0004310257889071739
-0.000618025576101781
0.0006274267650245013
0.0010868086953711945
0.0012618099195742616
0.00045204522936281724
-0.0010524768810759007
-0.0011526486321550267
-0.0011359151678933315
0.002093427800829962
-0.00023558303893173784
-0.0003245933946981155
-0.0005143280404492503
-0.00027872049630738624
-0.0008793061153918348
0.0006227660336104938
0.0015969267909231044
0.001698302261249719
0.0005908718860222909
-0.0020503014989224173
-0.00032936068967807865
0.00023880786439699192
-0.0015396997554436812
-0.0007860508370518803
-0.0010589382935087704
0.002814532459132385
0.0015560525227146704
-0.0011881305483077607
0.0010510856795145236
0.001006113988733726
-2.792461176537198e-05
-0.0003866562645809661
-0.00024146184927678418
-0.0005442996469815786
0.0016329318235036871
-0.0014686130063549698
-0.001349592098381133
-0.0015054619686807877
0.000819490138317958
0.00048700268388580546
-0.0013837316971933885
0.0011642732865716193
-0.0005529797730172884
7.836970301617168e-05
0.00026770848081149264
-0.0006915835220949756
0.0003680994360067701
0.00024007127247154556
-0.000986091468389801
0.00012855363441309365
0.00028912760293966816
0.0006600464417086922
0.0016948776656753087
-0.001031224944661237
0.00042275159071857835
0.0006909848372170493
-2.658339208190602e-05
-0.0014307299318585896
0.00010943758183455982
-0.0014378304816093218
-0.0004906591874134592
-0.00013287203205297152
-0.0004215039603367913
0.001678437766071748
-0.0011268757973701578
0.001331352795700513
-0.0002635539509515814
0.0008189564544277842
-0.0003550850021984344
0.0009703268448837297
-0.0002786177166418187
-0.00014555798281289613
-0.002043342121870161
-0.0010523484503516837
-0.002165748218630256
0.0007420429224109044
-0.0007332940690395057
0.0007138327565260141
-0.00042582469543831647
-0.0006084349973134098
-0.0016219566713935952
-0.0003894158394888458
-1.3843408583511154e-05
0.0017386155504507223
-0.0005181866903782771
0.0018945886656893845
0.000699136214312019
-0.0027571721196921824
0.0022284231255599663
-0.00023317719803736428
0.00033684535628330945
0.0003402709323296185
0.0009228147881650244
0.0019430114233990382
0.0008013923404758697
-0.0007058375858008256
0.00038312434755107715
-2.52220824321694e-05
-0.0007466397359327071
-0.000312111214289483
-0.0012050614181742466
-0.0008887133951668563
0.0008726144383709275
-0.0029479858448010054
-0.0007237992686262096
-0.0024203047710913625
0.0016241151393667302
-0.000250864583101477
-3.823261862201819e-05
0.0008713893311066775
-0.0016094927586880455
0.0001989939508905618
-0.0015826253456007427
0.001124597067654017
0.00015404711028790314
0.0016473705279577678
-0.001336790938706153
-0.0011816023847378667
0.0014770732605274008
0.0006609762716092993
-7.397378430325491e-05
0.0027715224527024586
-0.0010494908747119864
-0.0011372236998640995
0.0016733451007296199
-0.000790997067459864
-0.0027777791295670036
0.00045761855683828167
-0.0006955593481234813
0.00030084442726191707
6.431710617671652e-05
-0.0019503975248423772
-0.000129087951380243
-0.000193594628054102
-0.0008464645303196375
-0.00021432951601091905
-0.0016266994434816543
0.0010463933968754013
0.0015618417107168283
0.001511569937636024
-0.0005085448822799261
0.0011440033024706577
-0.0010508400109779568
0.0026164449583254376
-0.0002650705593065196
0.000599631047523279
-0.0019521056462630739
0.00158668907017218
0.0019978542445314943
-0.0003618682500247715
0.0010481396249535507
-0.0004334782452077009
-0.00200100254811749
0.0005910211396397921
-0.0010641313400353515
-0.001266161206013718
0.0021423307283567937
0.0012273615012369967
0.0014713739618283012
-0.00023727332394604304
0.00015872001924609495
-0.0007644888912325911
-0.0002181745093670775
0.0011110350257290665
-0.0004227371977516824
-0.000604660253312612
0.0008391171873326084
-0.002253859090586658
-0.0007721065580880715
-0.0019069779820959178
-0.0012815964311793668
-0.0025322249393220334
-0.002642512200253134
0.0005585919282893669
0.0009179443057985068
0.0023796086422842584
-0.0014595845319671631
-0.0010870580548921415
0.0008516654712398262
0.00041291989003737245
-0.0003351208282532897
0.0007545299843769363
-0.002140147123830064
0.0002156363470640304
-0.0013018886194324673
0.0009007557659756419
0.00045078491039880585
-0.0017155586692819056
-0.00017689950759369952
-0.0007124283782266733
-0.000553986693387646
-0.00014299741527082916
-0.0005676295445028499
0.0006046394609290614
-0.0010525630142146926
-0.00026070333153117875
0.0003296435606745342
0.0021997842181745515
-0.00048604544445644024
-0.0019402550138760354
-0.0022304641615679007
-0.0005608287494191881
0.0010689830935857654
0.0009965548162492346
-0.0010885260917509517
0.0004132269705075578
0.0006474114643930261
-0.00044918870977594987
-0.00045750179262020864
0.0012989934745226733
0.0020943593087659252
-0.00015536112291629768
0.000770861047439377
0.0002839947937219568
-0.0003167808587061641
0.0007107094716150958
-0.000829012470298948
0.0004091191018184008
0.0014613054979857687
-0.00011384874362649899
-0.0013036564906996975
0.0012021826452036236
0.0015072675728612318
0.0015223088910148628
-8.426296318716345e-05
-0.0011607742666621455
-1.1878337305495461e-06
0.0007494917366119647
0.0006383121422430353
-0.0013501372920683638
0.0014993723860005533
0.00011506923213310128
0.0001265837810810113
0.0018343581646509091
-0.00012939056633485258
-7.064690724562493e-05
0.00045672754710685557
0.002802602123532941
-0.00020174566954200084
0.000330644432490176
-0.0003966998061314437
-0.0022185141666054738
-0.00018363798654617782
0.0005318375995302054
-0.00038827469154485825
0.0011877830424403574
-0.00045336177429911316
-0.0005965914542790487
-0.0004702524774077155
-0.0007032783149224427
0.0004666091769673419
0.0008179408734534599
0.0009102148589060029
-0.00010566852720570291
-0.0015187369029167098
-0.0008981240462674566
-0.0008978483103882799
-4.70367251212359e-05
0.0007283394179450072
0.0017950306449473418
0.002555761658167972
0.0009561804999532991
-0.0024918114069237816
-0.000944937731713627
0.0007175662520601872
-0.0002266145272651972
-0.0012133750952649102
0.0014579947841529943
0.001319973061638607
0.0015067040351965835
0.0010588769918262345
0.0011124221812837066
-0.0015352488887002834
0.00015486172433942447
0.0002743991773605017
0.0016585768904576442
-0.001583414841820552
5.365491944840881e-05
0.00042025756490581814
-0.0013265295389348233
-0.00112084953764232
-0.0004888126585856089
-0.00047255064251765797
0.00047015836666695096
-0.0010951946576485449
-0.00043590920324038324
0.0006798021426431294
0.00038483210701538743
0.00223016020487841
-0.0019430241383305786
0.001139627027865857
-0.0015116499757620967
0.0006776592415682358
-0.001474945008285126
-0.0014980964044486796
-0.0006893505257763215
-0.000594876384266491
-0.001326227088316734
-0.002156225623849514
0.0011299517547500013
-0.0006705850758031671
-0.0011996445369860142
-0.0009476341285903458
0.0007215689037720919
0.00043834894460937046
-0.00033429761461726914
0.00026388895545558064
0.0008968754582960717
-0.0007194743113935756
-0.00018777569375494205
-0.001076681389346708
0.0012854242891596071
0.00018112677612588355
0.0002179452398124012
0.0006319918297013227
-0.0004672229905127904
-0.0021190157390008776
-0.0018641826615679355
-0.0007693215949212944
-0.001738497275307425
0.0007810508297711487
-0.0007143488973192829
0.00014854143468001206
-0.0007776117531676555
0.002549126916470659
0.0002175455283235381
0.00040285853149578746
0.00020174989167311003
-0.0007485400346992748
-0.0007373961221573677
-0.0006439926011815446
0.0014900275901602502
-0.0021386645906873065
0.0013503738603834366
-0.0004489281150455493
0.0019324241720438341
0.0005042440124820869
-0.0007456547180841662
-0.0015183685318584373
-0.0013531754548221225
0.0014882843825457417
0.002622832697378735
0.0002678708418266534
-0.0004380880711309482
-0.0008484621509764469
-0.0016917641473462046
-0.00018932400519026054
0.00045028641601949657
0.0005636563457784615
-0.0017034299025345753
-0.0024092085411028864
-0.0027263455576128828
-0.0011404766289545552
0.0007126551875873645
-0.0004168961133858197
0.00033840926235299265
-0.0007006012646839363
-0.0001743717532702792
-0.0004665994249469913
0.0004017338699024736
-0.0009138638119679566
-0.0005430246188588843
0.0012302786776415724
-0.0008177543979607848
-0.0021232731164798533
5.821434745192075e-05
0.0010930162779137194
0.0027389773043637864
0.0008532978182697422
0.00031635628525131026
0.0010371092197156392
-0.0008141274160675492
0.0002679595641323967
-0.0008624284739162928
-0.00141481892264999
-0.0017123601126974094
0.0007723281502842915
0.0004917172192152804
-0.0010012803427102918
0.0009512066887460065
0.0011154170049606752
0.00137063492108068
-0.001496191376673381
-0.0012049333570338494
-0.0006165663413011583
-0.0006271598242694809
-0.002423289176387658
0.000493187399382885
0.0018237321395845277
1.0963053267151974e-05
-6.766856645231487e-05
-0.0006642442683478083
-0.0010578957724395447
0.0012712356688326495
0.0016148499129120457
0.00047879913514612473
5.78676424650283e-05
0.00016673832813731787
0.001000311662824174
0.0006449788130701202
9.281683578420127e-05
0.0006138995499606252
-0.0010990217223757072
-0.002278515837013397
-0.0008961024941915364
-0.0017958292982476942
-0.0002034247956211874
-5.709086464377433e-05
0.000498267552267161
0.0007985081638153587
0.0011978065390957618
0.0003226481668815868
0.0010560292403208043
0.001675411848815671
-0.0021282840850758373
5.978988882461016e-05
-0.00022816753026548198
-0.0019593556021799763
0.00021771750753226394
-0.0005457741671588098
-0.0008818025285912608
0.0003447031576256963
-0.00034966719393033795
-0.0005850679701395688
-0.0006160297700807263
0.001015255303371804
0.0015509882619346624
-0.0010906659682017846
0.0010096652988598306
-0.00044988133828450816
0.0004117536859745431
-0.0027248859830447695
0.001416907817335728
-0.0008630419060900688
-0.0007490030275363524
-0.0008029836747961928
-0.0020399147388155303
0.0014090830739832614
0.00039496963310727706
-0.001103273387600442
-0.0015014962032369856
0.0017478823557841286
-0.0009502241761626478
0.0002920359162665906
0.0007473747764381924
-0.0008269855984349063
-0.000444745245803404
-0.0010765951993488667
-0.00042487075106019596
-0.0007909766564479859
-0.0004932994997721134
0.002706996417602535
0.0012705876386208013
-0.00030672929725612797
0.00040669486355457684
0.0003396927153226196
0.0006076730243404575
-0.0004898778788967427
-3.810135811999539e-05
-0.00108147727541421
0.00029270273354039736
-0.0002587969114025763
0.0013573949891368014
0.0015547937063550455
-0.0005414982702714472
-0.0003948276713161423
0.0002811160672093377
0.0008483173025484572
-0.0005974707108289514
-0.0015939082147250097
-0.0022130041925921395
-0.0018232441440206436
0.0017727145976664076
-0.00023789222915001192
-0.0012715532599061117
0.0020166994816188223
0.00139268480907182
7.677699922484485e-05
-0.0011008988836696445
-0.0009610072424560695
-0.0008360853782309031
0.000645762142856697
0.0003262592760858399
0.0019773024149771726
0.0013083038512228889
0.00021197018304522814
0.00015348001061183994
-0.0023278608845590026
-0.0004278396497843133
-0.003110050830949934
0.00038221823480804213
0.0004973978570517734
0.0001752351177159135
-0.0007107054096600892
-1.6474766335310312e-05
-2.8484503516836255e-05
0.0003640683644778776
0.0008541713459237294
-0.0002675477437462499
-0.0005333522247524498
0.00014540216960263886
0.0013975828951199472
0.00027840147890387137
-0.0009738081351708793
0.0007361816475353304
0.001076251888569854
0.001044909353500822
-4.696682316079868e-05
-0.00020809265521844338
0.00012336328799794974
-5.432520304401181e-05
0.0005436696785321105
0.0008617336071027218
-0.0010188003555354744
-0.0010593352022625457
0.0006177973286231854
0.0015553774948554695
-0.0014693028508503234
0.00017438855997315686
-0.0014013936523944212
-0.0005468327065316551
-0.000612502837231888
-0.00014097838440836104
0.0012121510447468927
0.00047720295324515076
0.0014536635800523757
0.00010200661582774263
-0.000659875625336864
0.0018334351654636474
0.0011386058941199907
-0.001111279038419174
0.0003473116212893313
0.0012703112356879014
-0.0015961414280788152
0.0009035390587344962
0.00017153689906138883
0.00122269325610765
0.0003810795962896561
-0.0011846394761839281
-7.307056651791114e-05
-0.000520427748200671
0.0024278222321933583
0.00045016983069940704
-0.0016002831015529664
0.0017171549732218148
0.0011516824193969239
0.00014281236610820693
0.0009357674855271187
-0.00021286679200619986
0.000330131521568267
-0.00029684691227973144
0.0015771790641236252
0.00024608269337433284
-0.00013920673756158042
0.001408145048058725
-0.0016243386654640284
-0.0008744668749926756
0.0007316515054092024
0.0010688995655621935
0.0002988573359302664
-0.002582964083386708
0.0006205416909617758
0.0012112283541239838
0.00035844892500686633
-0.001703812128478985
-0.0015407252867516267
-2.1849120421711035e-05
0.0011353634340286291
0.0015009165716877851
0.0017047962234080802
0.0006271635083198308
0.0005467463064326931
0.000552961696000042
0.0009925030854701761
0.00034324483048965267
-0.0010325048168975664
-0.00040926778753881226
0.00024999488025865586
0.0017404527356726113
0.0008880377799952807
-0.00024425834858993385
0.00029519596610008
-0.0021684799534060894
0.0010152186958517233
-0.00011279489581862027
-0.00048513639931194966
0.0007030047722770808
0.001131875271423952
-0.0016745213917264674
0.0011708799905170194
0.0007507672834001323
0.0014911390486662844
0.0024996588876553243
-0.000811063449013069
0.0001296357689045762
0.003263790687763593
0.0005510401437369027
-2.0839382061400026e-05
-0.0015268214366520503
-0.0012482736278645952
0.0014598856172746669
0.00022035414346800118
0.001375908009893752
-0.0014356500840716515
-0.0018851036207634553
0.0006048823641743055
0.0005170746598147353
0.0010403248998882022
0.0011755587268343576
0.000695509312160133
0.0006567547160247591
-3.916442056087007e-05
-0.0011476601228834998
-0.0006304888668248041
-0.001050906747553518
0.0014002382106401725
0.00013330528136665888
-0.0018358157332040276
-0.0001105585094525052
-1.0805954834359063e-06
0.001676002185814402
0.00015326778143686574
0.002387695006603624
-3.7361718272147553e-05
-0.0005938984439827767
0.0006182419892706976
-0.0016315865155158984
0.0011606074734147541
0.000911745326307496
0.0015723102792077484
-0.0003718298687797155
-0.0013905148153533582
0.00021959020261722218
0.00275867310706344
0.0009473923923424174
0.00033176418895038633
0.0008076544938376231
0.0012393685494015347
0.0005281143746818579
-0.0023206459004244105
0.0001396048819595733
0.0005344582365776066
-8.843706850828949e-05
-0.0006494065381804701
-0.0030473273261747784
0.0002976728988345073
0.00098105265272774
0.0008891289412075351
-0.00012122237074915296
0.00016730723551510484
0.0008600165803067854
0.000694995955380069
0.0005979585080795669
0.0008804608630496412
-0.002296605912425831
-0.0009672208589918459
0.0008640919790117997
-0.00018460390946181037
-0.001523054102356135
-0.0006622438747722427
0.0023448644355453093
-0.0001778358700443439
-0.0013983766897452002
0.000585393726033824
-0.0012620318813543019
0.0015703794436647126
-0.0011533517782008923
-0.000611524706955741
-0.0019150310609891655
0.0001954161167113809
8.012000830419446e-05
0.0010479382530833722
-0.00045281878494014594
0.0010448321375251212
-0.0010427685770128432
0.0002670187354727725
0.0025251778051810668
-0.0012449425557185746
0.0016981472870571397
0.001136952060610083
0.0011340848737108513
-0.0009400239595019342
0.0013974335652281124
0.0006626119629220752
-0.0017268826891029703
0.0006066634343683971
0.0007143243522384817
0.0002086076518966967
-0.0016875368864414533
0.0017659516117702948
0.001038826658392982
0.0009284425373780641
-0.0007478996624305983
-0.0008168488191380903
-0.0002113224121661165
-0.00046106490238584055
0.002540798136368386
0.0015697572323150504
0.002280075082721249
-0.0012604184163825622
-0.0017362412600880608
0.0004155707552968883
0.0006837684267524048
0.0003224404982184044
-0.001064945687126702
-0.0010099394440724338
-0.000847082180464105
0.0007924556199518956
0.0017380808826216346
-0.0008239708858785489
0.00017274644636142692
-0.0013240025050571616
0.0015103892490770973
-0.000666952765800974
8.716999510526767e-05
-0.0005125283281144351
0.0007374913582912662
-0.00030414362436360345
0.0007008681832500592
0.0015365302593805814
0.0005001696968726202
-0.0017349699382046143
9.852664855359284e-05
-0.0012569634254859037
4.599722798266799e-05
-0.0004771598277364961
-0.0002126663049183007
0.0006191352303731059
0.0004559785823749288
-4.2895562685125356e-05
0.0016397726473580268
-0.0008239431254878521
-0.0013996129094865646
-0.0009343828012609121
0.0017898645274212128
0.0008743093795866444
-6.471445732163212e-05
-0.000718106632836919
-0.0007750798536808644
0.0012136591637684155
0.0011533424616376503
-0.0009874044284323817
-0.000959845184250016
-5.2719166499037e-05
0.001162124360517714
0.0003301092952272303
0.0007397640013155245
0.00038410986534321006
0.001313900782137827
0.0001899693165687894
0.001677879102337066
0.0008726006937358733
-0.0014064091398980159
-0.001481964531117051
0.0007972299127553363
-0.0007514921336545451
0.00045620502977923344
0.0005972824463564343
-0.0011227912956700377
3.456097810600688e-05
7.153975172149448e-05
-0.00022683470075879797
0.0002490100413080996
-0.00012605489900688715
-0.00035316829682254344
-0.0004738877960856981
-0.001235110656724099
-0.00034155240216655154
0.0003158248819637343
-0.0029153022273423097
-0.0012189262844615244
-0.00031624408570544754
0.0005292145210107016
-0.0007500247264056959
-0.00019673809931431468
0.0021660310438621115
0.00066826584788249
-0.0011854058460255557
0.0022435700677184344
0.001343191930078347
0.0009644013588064648
0.0013063596184397226
-0.002101187410061292
0.00026224260099085944
-0.0016338772209959387
-0.000691981822508653
-0.0012074848021655258
0.0007582640249258976
-0.0018235808113051327
-0.0015686946927000677
-0.0024936679887089023
0.0013252701158475392
0.0004233065398931757
3.283191938052476e-05
0.001476952956486809
0.00034018796110868774
-0.00032576386665665374
-0.0006123691740883334
-0.0006114325100073664
8.335651137004134e-05
0.0008729724777239072
-0.0021403930433785312
0.0005301758029797884
0.0008043291651489805
-0.00017698774937113527
-0.0007283391475178217
-0.0021113788738954353
0.0002448183505924818
-0.0006554437661575912
-0.00132595348811892
-0.002103950272392983
0.00043494484394860587
0.00048352200726034565
0.00028754376985342886
0.0005913931219410958
0.001225564031367612
0.00077612844272009
-0.00012851642779278645
0.0008759940203002058
8.022852726672227e-05
-0.00038841417442012603
0.0005707227391888585
0.00025884068940349093
-0.0004031312157081861
-0.0006031865298554734
-0.0011716191269542607
0.0012637043944486984
0.00166958540496159
-0.0008549180834450928
0.0007302658940631317
0.00017784197961852712
7.360319782227082e-05
-0.00044727237814429666
-0.0018318792910813739
0.0005553178906235753
-0.0006437399687982501
-0.00022188975592005026
0.0008517018769796229
0.0016631407499999825
-0.00015218119252425534
-0.00048383059033491835
0.001950128162030539
0.0012260065903105105
0.001338161820784853
0.0006311653667786583
-0.0019365480236730572
-0.0002863283119858804
-0.0004575630825148916
-0.0005035567696349381
0.00013959519095869008
0.0012882927498402222
0.0007579881025213035
0.002388752668821624
0.0004650273388016482
0.0009395871516438474
-0.00038310212883747424
-0.001002662857318387
0.0001967507837361204
0.00150397512673154
-0.0001782214638473182
-0.0006716279747770482
-0.0013387890398912693
-0.0005660008586409846
-0.0007257343866264189
-4.5931754094042504e-05
0.0011354251247102706
-0.0006058874768429386
-0.0013136141203069526
0.0016031700129950663
0.0010976733107159128
-0.0003303550171558311
0.00036364302827968033
-0.0008429190856898464
-0.0003175386636334445
-0.0006442830268041187
0.001766241977066804
0.0010334859295001875
-0.0006299675587920836
-0.0006393937774843294
0.0005685372624739222
0.0008967059191726429
-0.0006741522281085207
-0.0011553315361019945
-0.0006855264551634847
2.6059486561398643e-05
0.000740426558321055
-0.0005102058169303643
0.0006535284600690343
-0.002161556871842546
-0.0004118500627564421
-0.000331637436261526
-0.0016488760994165226
-0.0002305818910030056
-0.0008637278030419174
0.0006429230824649675
-0.0018049788851840368
-0.0009699849264580203
-5.693391494593506e-05
0.00047253525382399654
6.270948728600439e-05
0.0007242961577774824
-0.0005653468249456185
-0.001002916545754511
-0.000592741064860435
-0.0009484712733868379
-0.0007612151780794219
5.7662575103352315e-06
-0.00047785559112019767
0.0001193605863610256
0.0002625108612918641
-0.00023187736480772967
-0.0015458880447400281
-8.145071322396557e-05
-0.001522045564969888
0.000205023181850425
-0.0005654306927366793
0.0002709453915983269
0.0006754112961734485
0.0013511865446942984
-0.0031213037207937773
0.0004635745339274131
-0.0007417508256870049
-0.0002639109682284804
-0.0011144901157823593
-0.00064681540751262
0.00041315029954664637
-0.0016606290514239483
-0.0010071459957326592
0.0031278256839536896
0.0012557558731064115
0.000901851927317216
0.0011095947908651355
0.0008665314534206162
-0.002397097881882537
0.0004240122036854784
0.00035959400870650695
0.0008277298986445843
0.0013643106575284465
0.0005012800570282401
-0.0012741332968187295
0.001301210589831508
0.0008496534382008351
0.0011374500134416177
0.0010370135300961532
-0.002311922782706833
0.0005734693592477461
0.0002154690968640364
-0.0012778842661095035
-0.00040614759867246597
-0.0018066295609365014
0.00011537784225039226
0.0019325352614514301
-7.926766168616042e-06
-0.0009164633328125877
-0.0013658400647166928
-0.0010863494663258173
0.0003866283294527032
0.00034265218237859013
-0.00297727950979456
-0.0010855916010724725
-0.00010160040507218753
0.0008624114605793092
0.0004925488840475488
0.0021398732379501978
-0.0009690939201936091
0.0016471511172075105
-0.0012119120890451544
9.020359318681585e-05
0.001373978196426797
0.0007396019946293159
0.0018288211936836256
0.0014039107435658963
-0.001467059534614229
0.0012233368936112408
-0.00015171578941821197
0.0016932683229846394
-0.0011465977926762355
0.0007366072278113972
0.00010154546466913857
-0.001674615564180103
-0.0016364735078087933
-0.000414361875743978
-0.0005867315057448093
0.0015217449449358245
-1.0460321155165668e-06
-0.0006643391307374683
0.001164085503320811
-0.0009709092340968189
-0.002741147411800346
0.0015541575936612424
-0.0008076649205391319
-0.0027438022696745657
0.0007315920987971743
-0.0026180707797393453
-0.0009005570637071673
-0.0012203389801303274
-0.00014171616316245036
-0.0001051401748915015
-0.0006376670714753611
0.00022103097556191173
0.0014392435780650823
0.0015425314019701104
-0.001019057601822596
0.00043419665374787455
0.0010824612261154719
-0.0011142199215802768
-0.00046579567652110294
7.34950103063961e-05
0.0003212782833032644
-0.00011630731366162792
0.001477226663468692
-0.0008986787742464844
-0.0017997437504797484
0.0003510228100477152
0.002006767392819132
0.0008915050968243737
-1.1599471058293238e-05
0.0011379023202444498
-0.0009771885602782543
-0.0010730990092171987
-0.00018967055762848385
0.0007270565751700552
0.00041140451385963625
0.0019798017612714575
-0.001698693533330185
0.0007779304883561337
-0.001671342269842369
-0.0005341954604012434
0.0011588838301670125
0.0009427258328758609
-0.00024282110367991017
0.0010312708389282291
0.00042049619678833787
-0.0006036493320067147
-0.0007454039925592305
-0.000620509625231605
0.00032493484854378757
0.0010163857313047963
-0.001576545320094605
-0.00038861318941337187
0.001345943808905889
0.0009611252312239113
-0.00011854304753548296
-0.0014975865216178455
0.00236454749280369
-0.0001341151317392968
-0.00029955281709893037
-0.00034202866673780985
-0.0015027872149931494
0.0011371748274310524
0.0003263826803314217
-0.0009255862424537814
-0.0009906087395687043
-0.0011581557798575704
-0.0005691098615294934
0.0006107028052382715
-0.0023015937005581963
0.0006424440491353715
0.0005052736397217877
-0.0007650810470274954
-0.00036704912316758674
-0.0025337078191663117
-0.0010016216516347284
-0.00016103790473848787
-0.0018990170814291618
0.00032174794667758365
-0.0011560858206220422
-0.0008068680860349529
-0.0012705030919881643
-0.0006452632476904305
-0.0030273038454676432
0.001875210465851044
-0.0001484505115130211
0.0009958894904853663
0.0007719859718324426
4.2751842423882156e-05
0.0006210197209371729
-0.0006097060557037009
-0.0005572017099735
-0.0011905709040318409
-7.63013795184131e-05
-0.0021088202742311946
0.000605521306645914
-0.0011515169727382359
0.0013111190800455454
-0.0008570585472083005
0.0014213397264400194
0.0011562732037792962
-0.0012967810230426844
-0.0007779671118244843
-0.000982192942238764
0.0005989980738650363
0.00112820207491152
0.00040785557170491224
-0.0021925594404154265
-1.8854464201574965e-06
0.00019101141466216
0.0006656756741108337
-0.0022170932138932727
0.00035213296010221313
0.0009888794291379192
0.0008633804310013011
-0.0020833279161220856
0.00044840272980295514
-0.0002680282457034843
-0.0008077199483109636
-0.0007981648377814794
-0.00026540218139049066
-0.0010053357540726854
0.00017177279269530438
-0.001407387609941652
-0.0011477442493138955
-0.0011757314500645457
0.00017563918862968785
0.0018078668339570844
6.167856754303773e-05
0.0009211144994250646
-1.5764228613040574e-05
-0.0004151712719376259
-0.00018266342937589506
0.0012700906503128949
-0.001115679659791506
0.0001301715621267974
0.00043645267312765717
-0.00034407210192026184
-0.0003655167912053197
0.000578669407758223
-0.0005253326608017249
-0.00016683571936786307
-0.001225945841963601
7.124651920341583e-05
-0.0017595870296049118
-0.00154398659839143
-0.00033350771761050263
-0.0012281747305626473
0.0011711024785899678
0.00022651571802543517
0.001287843863594586
-0.0006034575401929344
0.0004225586284404665
-0.0026788594105921614
0.00018028117181230672
-0.0005251336728511982
-0.0006909748147695123
0.0012543955813723376
-0.0008187560096374703
0.0009154278206612892
-0.001298862125958465
-0.002019375624192749
-0.0017992353972960194
-0.0006894679272317888
0.003385841773261783
-0.0004677205966428055
-0.0006056386547093479
0.001229092916839411
0.001463541407983995
0.0012801430050160083
0.00029434222747544366
-0.0005970369386893724
0.0002714788924300981
-0.0011778907036633247
-0.001412927819101132
-0.0019215152489382786
-0.00022813525859460954
-0.0004902718018570308
-0.000542850705749081
-5.617304379041315e-05
0.0004737267199463696
0.0013954769184503241
0.0001587290237779691
0.0006737852757528676
0.00039465122589843704
-3.467325808662189e-05
-0.0001815018662596115
-0.0010377490206202114
-8.549264275105725e-05
-0.0008704905032559779
0.000994842739657599
-0.002424427540318439
-0.0016353028909290195
-0.00013965302215901122
-0.0018432572555787219
-7.835640839969006e-05
-0.0013306770889997366
0.0011501163429757265
0.00155786675768275
-0.0019572541679936666
-2.454080007755013e-05
-0.001789803099539324
0.001601587468945078
-0.0008579048906895178
0.0001862795269216153
0.00017903736624168715
0.00038439636699798193
-0.0006328941474495211
0.0015327968942061808
-0.0011585353708704297
0.0007539070629825604
-0.0012820737830065913
0.00012206286814934253
0.0003826633378466935
-0.001217735878552399
-0.00041491792673600575
0.00097479671156382
9.218580712148518e-05
-5.3088479198636586e-05
-3.9596624916176415e-05
0.0017623059502925708
-0.002110922147341628
-0.0018507068248956931
-0.00010865521310459674
-0.0010492934614797624
0.001032063916574739
7.411387321278017e-05
-0.00011058278757313611
-0.00023574213956580617
-0.00036544240847443944
-0.0022833163529329945
-0.0021651045970749344
-0.000843301799789996
1.5560824378553086e-05
-0.0002506242579287346
0.00015964119963718357
-0.00036037500449845225
-0.0007819317830782893
-0.0013038819347498032
-0.0018151062785773063
7.629657423534808e-05
-0.00014317405137436972
-0.00042062006284034395
0.0011129995204424584
-0.0009156486542745835
-0.0011705529719358298
-0.0013244272123388023
-0.002612553990960937
0.000892030416887082
-0.0007261750539658253
-6.037640447918944e-05
-0.0004844867749665135
-0.0012134923330772596
-0.0018048063373848184
-0.0030509048212798737
-0.0012928644503841348
0.0003011386749220461
0.00044674475806370497
5.5187838723051004e-05
-0.0012548281899816154
0.001162646530450413
0.00011260592199479306
0.0004488426836306337
0.001279991245439922
-0.0016143648504430186
0.0004501188031697113
-0.00031062104677925725
0.0008873136467196108
-0.0006269496732234164
-0.0017796768849312218
-0.0001831285655217685
-0.00018106353291483682
0.0006256777605605802
0.0018150209275971428
0.001646267334122565
0.0003519096558938877
-0.000642796673010611
0.0013398338991155439
-0.00022242464494470735
7.546095423214043e-05
0.0012713742253214564
0.00024659731977536215
-0.0010383564271215723
-0.0005191536506248572
0.0010535748771619182
-0.001973324918540744
0.0013275072843722832
9.954561264134745e-05
-0.00046441794500717566
-0.00031933500048226203
1.8854456920845238e-05
-0.0011335542830916375
8.15562158832706e-05
0.001325017430765613
0.0013362159827736495
-0.0008007774778116223
0.001516513277246735
0.0014474147060522375
0.00126120855330678
-0.0010183056402027315
4.8896514588818945e-05
0.001696786411477706
0.0001533958918088779
0.0009661226763804113
0.00031573734953760764
-0.0006449806055169779
0.0028618164867944508
0.0008990396010796839
0.000487538045811336
0.00023899988503377608
-0.0020340171081251793
-0.00048618898165928156
0.0009793924003858928
0.00161048564042046
0.0009374922964655788
-0.002738773190084586
-0.00013689318791839514
0.001016103653561418
-0.0008891765287647506
-0.0007705095794670046
0.002201181106334257
-0.0016903013123969993
0.0013691040223824957
0.0007024260976240754
0.0008486249627035842
-0.0024851815731331845
-0.0006393669212911969
-0.0007751141500886132
0.0009947176532162428
0.0013700759633431094
-0.00041147941872300567
0.0007117313681043062
-0.0003701506553317456
0.0008852807526501692
-0.0014839866705053458
-0.0013857574020601135
0.00214101497320656
0.0012171430168732003
0.001792225534261842
0.0016605475030660544
-0.0012574258573599217
-0.001513401814164241
-0.0005982122381198741
0.0004618032490370197
0.0006338659587437674
0.0009963582344072555
4.779862528686932e-05
0.00042624232376832364
0.0008388318679300195
-0.0018843263201163089
0.0006843798952087723
-0.00044807532222265896
-0.0007430260223066373
-0.0010713730160265551
-0.0004176779669173247
0.00024410121167327354
-0.0015520549127362672
-0.0003445001950889457
0.0008676143277731422
-0.001063204389837568
0.0020009935207033155
5.964604721783461e-05
0.00012325749549617376
0.0005757846056481696
-0.0020894783157961306
0.00028281044399498085
-0.0004765009513143002
-0.00013294208240165968
0.0009204245980706617
0.00018973597049764222
0.00014292676235489943
0.00030774580531031626
0.0007620152535494088
0.0010285873823390385
0.0002156864593017141
-0.0007741219014331741
-0.001914712180879453
0.0023494620735233273
0.001119737869728568
-0.0016633740544669477
-0.0015728497828296347
-0.0010797866547928331
-0.0009536985026030697
0.0004692462129966334
0.0010086143376888056
-0.00198709566992684
0.0006295430692389981
0.0002343515364112523
0.0008829675656567734
0.0010625160673618866
-0.0006694875831277571
0.0024499416789104302
0.000288463352643915
-0.0005495945620421331
0.0004632391861889088
-0.002003222054973409
0.0012680433896258725
-0.0011549434980533057
-0.0015145999619183047
0.001573485906617887
-0.00015764111531937423
-0.000563520531698677
0.0006425925053393768
0.0005228878014249019
-0.0016193085062455163
-0.001930752208124645
0.0005621188951149549
0.0001205124855191438
0.0029176331252361467
0.0015592165804177297
0.001230369227064325
0.0009057521661737607
-2.1455533761897932e-05
0.00239245775147284
0.00153399345545409
0.0029859300032513674
0.0019863558393931565
1.0767649516937312e-05
0.0026667115939831205
0.002362487945014803
0.001772728018482242
-0.0008985824550170381
-0.00023917668894085235
0.0006137204425686503
-0.0018536246843022636
-0.0001367362805181417
1.1985903185541957e-05
0.00269556718565804
-0.0005550647971272584
0.0002620287922437599
-0.00034481331301939775
-0.0008988995995389428
0.0014506542032324088
0.00010452174258840571
-0.0001198922184716052
-0.000178116757908106
-0.0002965516314490727
4.09783386437602e-05
0.0011203830174639797
-0.0005050495041232175
0.0018668228366327878
0.0003960874182226455
0.0007332457645035474
0.0007663171988153629
0.0014457933501539043
-0.00021651588166855253
-0.0005114344057712769
-0.0009405527736225596
-0.0006126256541650955
-0.0003646663476319284
0.00015195244579547116
-0.0003878479484318933
-0.0015686993412740464
-0.00012964208857988078
-0.0010762884468583191
-0.000463639023877126
-0.0023903698143766996
0.0011768803856180721
0.0002222927895028766
-0.0002469682571182848
-0.0018925642269766094
-0.0010478510985619028
-0.0009339984132858243
0.0010121406832252701
-0.0003279325290412796
-0.0013232850229034495
-0.00035143916112932315
-0.0009640632194273225
-0.0008424165141006631
-0.0005083432469165928
0.0003602513485475669
-0.002124544873127006
0.0007538317497048009
0.0005523704977947357
-0.0009829992042506717
-0.0015962329233033137
-0.0001124751309266287
0.00042739592731111414
0.0006812733559812634
-0.0012865977926762354
-0.0012832282865865277
-0.00048050915579774743
0.0015754589482171466
-0.0001470344292637713
-0.0021138675605047895
-0.0005096521339097177
-0.001506064246079863
0.000636133713276595
-0.00019386329330248265
-0.0021866052793488556
0.001306020868865905
-0.0009544903598602292
0.0003009740977907697
1.811765447823601e-05
-0.0009574906108027897
-8.985207182240918e-05
-0.0012355311189923297
-0.000559043750403474
0.003639743308088609
0.0012182782882264255
0.0007914826111506006
0.0006670712732342889
-0.0006786883161657142
-0.0017159699938848788
0.0007889196943590347
-0.0011515487028613345
0.0008714700446073106
-0.0007188635793312363
0.001525547911133744
-0.001800643746021167
0.0011656269424386023
-0.00010803169330339775
-0.0007472604911359867
-0.001784637565165151
-0.0001196875557106006
-0.0007840520147276032
-0.0017441757393253895
0.00223793411901445
-0.0003657159088222157
-0.00011656785499999422
0.00032140540626934795
-0.0015112272675614203
0.0009148977826842971
0.00011143785683820547
0.0008259364331777546
-0.0006979223540450742
0.001766557291004683
-0.00062439437970487
-9.705304748209457e-06
-0.00048500032243241364
-0.0001453784753273678
0.0008574850233610949
0.001408008414376547
0.00026742635730351324
0.0012985606481848407
0.00014525576864524343
0.0008967060412115772
-0.0009753622212667129
0.0005502823963620749
0.00035586969313517825
9.877717160484034e-05
0.0007590097930698113
0.0013816315936475132
0.0014654529377995974
5.136053754545123e-05
0.00019658058934681922
-0.002406858273688538
-0.0007817163309659857
-0.0015807320945826707
0.00038117080513869905
-0.0014915886934948463
0.0001504376985342917
0.00023624566874458746
7.140668767816574e-05
0.00012010960795200143
-0.0003051175824336604
0.0032556539664352706
-0.0024276681732927916
-0.0010584152727705408
0.0002732552835404772
-0.001794263092853532
-0.0014799574753250801
0.0005690523312660902
0.0007490221002803632
0.0011065792732678499
0.0022108367693187457
-0.001049013107536341
0.00030220674026585205
0.00014129059814125007
0.0006448602404569194
0.0006271208973162318
-0.00038417848520142683
0.00015807170681920955
1.4051244356826367e-05
8.348951439390296e-05
-0.002772072623636709
0.00011066741394712257
-0.0003003136570513161
0.0003699165881214377
-0.00044692044836549963
0.0011527032251631526
-0.0003562333996712022
-0.00016401095278639497
0.0016547805566598
0.0002025993166374363
0.00019177068405665994
-0.0006763127020966494
0.0007278666314833968
-2.421701552813683e-05
0.0007502457042468234
-0.001435573664816043
-0.002581979721497443
9.441596534149737e-05
0.0006082046987486225
-0.0008035022750900433
0.00021288535301876874
6.149757617500451e-05
-0.00012778023554485196
-0.0017344584806554765
8.300291881075529e-05
0.0002532407990443797
-0.0007510822700517773
-0.0011170332428511705
0.0015451446716102134
-0.00044590851330435894
-0.0001971664559761524
0.00016801448581356374
0.000343485014208175
0.0007332482323249656
-0.0007070254552416311
-0.0011349600454234464
-0.00012657811389796695
-0.0012550599842167602
-8.156380864655573e-05
-0.001162420773675536
0.00046329031287523954
-5.9265380736861495e-05
-0.0004144228113097089
0.0004169060096340036
-0.0023389166468526755
0.001077557087352211
0.0022291012688790243
0.0004263921341884658
0.0007715002305218409
-0.0008902148360237024
0.0012526721399048807
-3.1631692804147136e-05
0.0016853957549311182
0.0005412746755272479
0.00013054686998907985
0.0016602528892891212
-0.0004152231884100175
0.001642480061715644
0.0026488809393697393
0.0006577740157195863
0.0004494578936898035
0.0011049492033735162
-0.0007451287337413455
-0.0011678970039233434
-9.83085230258709e-06
0.0011175810340261886
-0.0023663581997371034
-0.00043288094852265963
-0.0012297686311676206
0.0008933254406732331
0.0015975687004663205
0.00041629354198385556
-0.00033245169945110895
-0.00029974397930275135
-1.6457032552568034e-05
-0.0020079165266859277
0.0008565846700237084
-0.0013611673041467513
0.0022611542730234255
0.0010664958749106459
-0.0010892379753685217
0.0012232423134366185
0.0017863061771740457
-0.00025452110604441496
0.00011556896285003045
0.00015449873824915886
1.5094776407683143e-05
-0.00025755002434884775
-0.0006548240600731108
0.003321348692141324
0.00014062953195225476
-0.0014631969454625335
0.0032309344122545955
5.942157185177523e-05
-0.0006559456131405979
0.0009930485689998779
0.001038910915183148
-0.0017717772131396825
0.001849736801887887
0.0011675638875558215
8.418694055809373e-05
0.0002564392148680588
0.003068543116182383
0.0002675829443515627
-0.0012656919933513745
-0.0016986120494587751
-0.0004708559294315404
0.001522097100070609
0.00048097177142357114
-0.00014212090529036676
-0.0010367430460516002
-0.001216525740472972
0.002667563368890347
-0.0022133366758826864
-0.0003830116140848736
0.0006871948681657069
0.0011430330929374335
-0.0007155169548484368
1.0153801301337364e-05
0.00128958074459976
0.0009891017112701641
0.0013014296767625455
0.0012146172803526255
-0.0009350012183091409
-3.897602295496889e-05
0.0005559407960696807
-0.0008108193482607753
1.2980543388066208e-05
-0.00016753028871152985
-0.0017545666529164843
3.3736425855419075e-06
-0.0025132004728037963
0.0003529339210478816
-0.0002679364301267817
-5.100373383668833e-05
-8.274116020335218e-06
-0.00039060589869645073
-0.00039799362478311226
-0.0015428206155241708
-0.0026608560785131943
0.0008747853695702985
-0.0012047073755963873
-0.0013702247516871708
0.002110531199080381
0.00046125852478364594
7.397243008711892e-05
-0.0011578701747729297
-0.002426312599473
-0.0015243236928121908
0.0005010784140374732
-0.0005202505552944898
0.00035327910054808685
0.00040434207076635623
0.00036876941866545264
-9.226197051137124e-05
5.15054587807604e-05
0.00024988022051880847
-0.0010907616051226393
-0.0003020146738644678
-0.001183674594066259
-0.0005203000954746643
0.0009099984346426379
0.0009018863006927029
-0.0007757050743997186
0.0003831150420822838
0.0010753633307115768
-0.00036582005033135285
0.0007718994732702491
-0.0006794788233671552
-5.684985300202315e-05
-0.0008303110942336811
-4.557032400019765e-05
-0.0005082445597157657
0.0001595892075838603
-0.001131287947261429
0.0010231236569216498
0.0018500224492701135
0.0002484031070142083
-0.0018020683751562843
-0.0005250566205186143
-0.0004240529723172011
0.0008718677389867313
0.001048103825941414
0.0005114724590366953
0.00036839302008018926
0.0018326551688654822
0.0013091006247076006
-6.630555935193746e-05
-0.00039800637785181934
-0.00044444996843976076
0.0013688362613316792
-0.0008477479028545115
0.002103244864466402
0.0005452025367872851
-0.00043743280595178325
0.0004946735285138082
0.0021187097298383875
0.0012389324703100417
0.002455083403904428
0.000726023908744832
3.256198797819414e-05
-0.0008857673177235828
-0.00010990931571035666
-0.00015908250192575322
-0.00027859764470402633
0.0013858505982022695
0.001153509231309338
-0.00012184893389629327
-0.0005819990265314725
0.0004426093390849731
-0.00017146195606085183
-0.0014944054242284864
-0.0002919155518999343
0.0023788214488559443
0.0020223027315156607
-0.000731536616846352
-0.0020710002064954253
0.001673529489772548
0.0013096104153158313
-5.752001039827185e-05
-4.481596320581626e-05
-0.0004398974779336618
0.00037084783325764793
0.0007991324387324678
0.0013861853281186651
0.00043687322692508956
0.002630477570595883
-0.000551084050710783
-0.0008455253796953697
0.0008030379439850998
0.001460974624083677
-0.0009819566866484616
-0.0011548935536191583
0.0008781376189385565
-0.0001637539845538925
0.0002857061117306666
0.0007683931608410059
-0.0009789546467260596
-0.0014502332451810046
-0.002095620115885676
-0.0013326333273631333
0.0007285057230366586
1.7366893832436187e-05
0.000294594237876212
0.00015846099160656425
0.0010436666123038686
-0.0003206226520072941
-0.001061925272717149
-0.00046071363966076784
0.001368196815449464
0.0009621282810185006
-0.0002491438875100569
0.000946530263541
-0.00044743717647114273
0.00017061184046709843
-0.0001326020056544245
0.0005681682091070585
-0.0011895878228579896
-0.0008140158648535288
-0.0003497328661322333
0.002192785590349827
-0.00010480653569808711
-0.000201916295227994
0.0007003560163496122
-0.0013915683393420169
0.0010494841736650102
0.0005128128008719128
-0.0006616259763894879
0.0005880923958857073
-0.0007662244984563806
9.13748313557137e-05
-0.00032994328829888636
-0.00188886114617997
0.0003777401076175387
-0.00036103912166082254
0.001022861082525571
9.472854935160917e-05
0.0007744343016914803
-0.001320133455469345
-9.326639671099488e-05
-0.0009531751420973515
0.0007645365363422591
0.0013101005278391958
0.000689243067027042
-0.0015762662856971686
-0.000993400433598789
-0.0015402069340026616
-0.0014984784702169874
-2.476694169111463e-05
0.0010756780580304841
-0.0017174357043764899
0.003107900242115539
-5.1421309468064755e-05
0.0007656304129208166
-0.0004164038388317773
0.0009387518679411136
0.0004923956794195278
0.0003954120970539596
0.0007464525892258895
4.032891954562431e-05
0.0009599026375456805
-0.0002724621982665338
-0.00037629439278938495
0.0003231374473213046
-0.0012902257169042021
-0.00032928486120186053
-0.0006433891526247355
0.0005477680739489382
0.0019068510657639392
-0.0005237906496264258
-0.00031767252509026897
-0.002193163933930616
0.0009280523178834121
0.0011383334803347776
0.00022557940064598796
6.813639508219142e-05
0.0005095596547463057
-0.00034275287975482936
-0.0007324176082906598
-0.00010283675101290608
0.00042974297664195594
0.0009830533437732096
0.000230254826657214
0.001857032190265356
-0.0008729886132126426
0.0009999055782679719
0.0006222725157848
0.00019544429591751323
0.00013353584342460162
-0.00165173310715913
0.0006007535463925118
-0.0008870135640729028
0.0007422211484876154
0.00047332936880145355
0.0005287211522666619
-0.0005435626580135518
0.0002533713848652445
-0.0008784613882331029
0.000977777570103567
-0.0016910836235745105
0.0008974327906969167
-0.000705141700378189
-0.0019315524631860188
0.0014743933922989408
0.000874876384266491
-7.6819755149679e-05
-0.0013244585874395449
-0.0010746375956748842
0.0008348963410993781
-0.0004133187056495082
-0.001179172284444744
4.862043547513743e-05
-0.0007165592249057615
0.0005468664731794826
0.0014920780654637646
-0.0007697991603166549
-0.0002890949991287393
0.0008139003889783029
0.00016498181065146138
0.001468741883630744
0.0007880290770937286
0.0005388602613976908
0.0013356372360067278
-0.0021661211238510046
0.0007770031831359947
0.0015884551261102508
-0.0007659114914704145
0.0016891003840967462
-2.8976953501848033e-05
0.0005050425555313562
0.0012069311461875977
-0.0027944112633754847
-0.0014960135846669724
0.000734377489100224
-0.0008410414632828878
-0.00047297365997609023
0.0008690202239317379
0.0017334058261942293
0.0006597262684023102
-0.000651763773601966
-0.0014429508116525272
-0.0020409089934859638
-0.0008441403064300581
0.0006090449021459228
-0.00023629488441214027
0.001368730610284124
0.0007097556263936097
0.00020987014467923752
0.0010571517773272049
0.0009478727147082637
-0.0003262758844754479
0.00024276636159013102
0.001739808969196055
0.0003952345338705544
-0.000952374887035977
-0.0014445227611974707
0.000945023391258143
-0.002661595527675206
0.0019800703419246665
0.001346586340431631
-0.00032643478679624704
-0.00020821447711828913
0.0007401958360870104
0.0001870173819500387
0.00015273436797387695
0.001683096362497796
0.0014207696596923495
0.00015692265269376312
0.002184701990628381
-0.0010751364832137173
-0.000986346762747366
0.0008451537440955865
0.0014498125117921856
0.00027790434151431036
0.0019455273399457637
0.001467096966590524
0.0006780441336473341
-0.0011037683927756562
-0.0005309481374743641
0.00030936126173558613
0.0008504332136034309
-0.0014611053201556248
0.00012743055239190426
-0.0005331551582217457
-0.0005789674608142338
-0.0004891464385398404
0.0014177276825284692
-0.0008623620465984868
-0.00021042014018251898
0.0013842294288293545
0.0005809559826363562
-0.0010744879530582784
3.5940925736048804e-05
-0.0006368300556518344
0.0006054415729237763
-0.00026371251766530915
0.0008942597978022867
-0.0016311993130178725
-0.0003675719150828127
0.0005933772614560061
0.0012754002669046979
-0.0016199310996602534
-0.00073535688969074
-0.0017253846036234333
0.00019046102669275806
0.0007164715551858327
0.0012912326601568604
-0.0006700624288091772
0.002239128925952668
0.0024920360195836437
0.0008601719317106181
0.0002009643610252853
-0.0004186949520328046
0.000647750912223704
-0.0016905481590253307
-0.0011232273026476134
-0.0017607526539827997
0.0010608674392285973
-0.0026660643986285318
0.001961818050418305
-0.00020318232713964913
-0.0012335800485617887
0.00010786380933302434
0.0004484070393028468
-0.000824397434838663
-0.0008197626970244068
0.001715399832140992
0.0010661290071501636
0.00010546541628070104
0.00030252257356260827
-0.001260949685843352
-0.00028822920153183845
-0.0005617789674493729
0.000980958526038705
-0.00031926372211679054
-0.0006855171912988735
0.002693532151746817
0.00011090033634901282
-0.00046390537385275607
-0.00016873542666163808
-0.000571238792613344
-0.0007798548059105951
-0.0010050416860039443
0.0009099532192172214
-0.0014948814031176926
-0.003572195810153737
-0.00018235757692249273
-4.8503366159726644e-05
-0.0012114778932363177
-0.0008201283374615085
0.002294882169328052
-0.00017386237038303663
0.0012961950947004799
0.00020110893555907384
-0.0008762666476535552
-0.0010783631468904305
0.001095748360084476
0.0008889858013246351
-0.0012566996840925094
-0.0004518981232145305
-0.00033737884186021435
0.00022804631856031238
-0.00029589408982772875
-0.0013905587687852421
-0.00018927565488970166
0.0007793885103948396
0.00010571115346416877
-0.0001543038039328017
-0.0008921031139551728
0.0010698579636680384
-0.0009837701470853464
0.0009467971932015714
0.0006084604694740748
0.0017102535265265146
0.0008389200334331208
0.0024343995587321737
0.002123345371156805
-0.0017573822859931133
-0.0002263833591729975
-7.372076292085493e-05
-0.0008796799469990451
-0.0006050466743454121
-0.0007978033542956007
0.0034517894738922313
-0.0014250391724179251
0.0011046289426983517
0.001458009767899281
0.0003571921340775213
0.0011407875800005087
0.0020280842726690964
-0.0002839874755462751
-0.0007555906171335594
-9.252970902658835e-06
6.433013383302692e-05
-0.0005439353607606132
0.0005986622719475407
0.0006880449227399933
0.0006126230379554266
-0.0006077555115660666
0.0012872487178457745
0.0013767995230357848
0.0011672070609647575
0.0007204097973827781
-0.00039616880293742214
-0.0008391664529251798
-0.0009343643047348262
0.0003730097106935297
0.0011076176644285699
-0.0013162158336919958
0.0006145607492830037
-0.001326878550873629
-0.0007666203927615104
0.0007718355817273595
9.083520222787635e-05
0.0008862039501507011
-0.0007915025034970049
0.0010859165068546016
-0.0009330340463666138
-0.001048848457597745
-0.00069408038877999
-9.948310998474734e-05
-0.00021278083845879494
3.3383538833725274e-05
-0.00010379542786677233
-0.0012636391840532277
-0.0012756415184639013
-0.00042343014245202736
-0.0005347992820088883
-0.00023514048414925766
-0.0011138118726132633
-0.00045762416716227595
0.0002001637856117062
0.0007095434006856507
0.0006346755768263869
-0.0002653158804481626
0.0006505820858492594
0.0009063771233994614
-0.0015471062221342992
-0.0016514008409037344
0.0022559422147723
0.00027359380082427596
-0.001691951114461635
-0.00013092164393102104
0.0011005489522784078
-0.002186562954720712
-0.0007755917113235555
-0.0011922885562773192
-0.0005139137945392707
-0.0010743499651599642
-0.00034452662830622373
0.00028949861239650705
0.00014543225636053385
-0.0007337692012836001
0.0011748074814998334
-0.0010720426173135666
-0.0002532787836628974
0.0011376579566924035
0.0009832886916989324
0.0007594705739511912
-0.0006556331969340217
-0.0012647481934597255
5.03928221829617e-05
-0.0012839556767762748
0.00136487802416468
-0.0005880674541783669
0.0001313044876975394
-0.0002490387509675573
0.00029130017819764694
0.00039582791005480876
-0.0012628337458041317
-0.0005516492858260723
-3.968875668466522e-05
0.0007005303219255358
-0.0004613598857465944
-0.002258866374438889
-0.0008030870875387366
-0.00014195798331214632
-0.0017983193806773681
-0.001960275619040764
0.0003285322928543361
0.0012306611095266858
0.00047541573533970913
0.0011346038213996246
-0.0011923146684489896
-0.0001431052255754497
-0.00016951279942270016
-0.0021228524787806533
0.0012407456180221553
0.0017223633619840534
0.002212463316032234
-0.0003333157690876345
-0.0002907145438583312
0.00021226952167047451
0.0016826454931194652
-0.0007117924298693898
0.0008367152669390218
-0.0011402653372604905
-0.001815231322721077
-7.653735705409701e-05
-0.0004501032050683325
0.0006418719569574225
1.219261079211108e-05
-0.0009927060015489243
4.330835938275179e-05
0.0015327309931812828
5.067613973097533e-05
0.0009540499095559745
-0.0022876746531441975
-0.0005167454258108324
0.0009077804796227217
-0.00042289419321412156
0.0010278681417152167
0.00044323703109226166
-0.0005963378955092932
-0.000241069478845903
-0.0011300674476603782
0.0011837095242443866
-1.6388931013124537e-06
3.384353824987989e-05
0.00010001937541443811
0.00019343119503784187
0.001021372509148933
0.0008378182319512217
-0.0013561376490322486
-0.0001274320397414245
-0.0018040382437432333
0.0009544464105887635
-0.0007167649139032647
0.0003649824742381702
0.001123549427883553
-0.0004374924185045139
0.0014603777580019233
-0.0013130821484288841
0.0026137581678544308
0.000744191341587187
0.001541704031382866
4.6813313782142e-06
-0.0023293703688911107
0.0006300880569855255
0.0009742821038846725
-0.0002969620144107181
-0.0010944779763753425
0.0007956770470488525
0.0001447312147928942
-4.551179107599929e-05
-8.88306704229694e-05
0.0009823661383698246
0.0009451192036099674
-0.0024513260199421323
-0.002319766167506621
0.00010775522172359622
0.001821771503659053
-0.000984214524824418
0.0009851305338156367
0.0010064522002267843
-0.002524039403113116
8.767625490522021e-05
0.00046238034065088497
-0.000170660846726933
4.705191134120997e-05
-0.000516044536791861
0.0009297776356994954
0.001073288085664676
-4.505758920266065e-05
-0.0006074632241563312
-0.0019250431047065633
0.0011901666916638459
-0.0013990266191879735
-0.0007570951852381152
0.00024176896025670323
-0.0009414414916569401
-0.00019722476423776587
-0.0015857696024865985
-0.000303721728137886
-0.000757364837892424
-0.00011860253804927825
0.0006126107196504254
-0.0006442357408772258
0.0004763365301987079
0.0006102266398236484
0.0010496777544586338
9.348821391649751e-06
-0.0011943263506260422
0.0017046860492924967
-0.00013962348526972725
0.0005866852259457275
0.0006374432173984252
-0.0005751388248357832
-0.0002284237544765239
-0.0017455950063748006
0.0007898384908304728
0.0004020919134158717
-0.000209584768417599
-0.0011088224251674238
0.0002770460839820638
-0.0002856881907291045
0.0005278219118411533
0.0010130920488374854
-0.0008263192082973716
-0.0025918855379493586
0.001223372971371399
0.00029289870102728395
0.0016262392998376673
-0.00031808083269661575
-0.0005151907829123578
-0.0005715543395346443
0.000792743055620562
-0.0021445113353021827
0.0011548097281256823
0.00013258398202921218
0.000250174181803482
0.0010878566242907269
-0.00026424931770874363
-0.0013584642145438928
-0.0018577685315949444
0.0019777715215488515
0.00035155068599402825
0.00028636503807788136
0.0004951286158628286
0.0008910398233846987
0.0007155375073145356
0.0001330936048339064
-0.0006590201400299702
-0.0031191843468840233
0.0012635401113203109
-0.0013377647407605256
0.0008864043193600833
0.0005091923861988665
-0.001423415474897527
-0.00020524770298108495
0.001653927039230733
0.0007993650601974384
-0.0003461141107726612
-0.000910371198409167
0.0004610439955907887
0.0007679437066982803
0.0014494694187417272
-0.0007276950717835092
0.000517017522710856
-0.00020044849481962038
0.0013700036518071092
0.0003596158994404722
0.00044351019652636955
0.0018878358818321952
-0.001603903012815406
-0.00026271251537707914
-0.0008071249668986724
0.0020249004183092514
-0.00022882337859660314
0.0009061523242141818
-0.0005364398021804334
-0.0004448146249379491
-0.001545118273063088
-0.0010729828392455306
0.00012260407268888538
-0.00043917567102519026
0.0011571523375968602
0.000470055910820603
5.5340822155503097e-05
-0.00025969554163340946
0.0010932098587073426
-0.0009797526974591702
0.0012821556940142748
0.00023400656285175027
0.00040891585013258204
-8.09395150075644e-05
-0.00034582561073032906
0.00018958853636971763
0.0012652687963015544
-3.589283476822683e-05
0.0001112799079465856
-0.002648226714988538
-0.0009752267809311671
-0.0015184724861487546
-0.0016133839396206824
-0.0024852567567445758
-0.00013391371826493637
-0.0006381737771334674
-0.0002728802925633839
0.0002676919251205149
0.0011918433429875838
0.00039741507979647507
0.002129241316184367
0.00048781147404519665
-0.0007041110094582253
-0.0006149352680526266
0.0005166674463983846
-0.0010325617286454575
0.00034365896961556405
-0.0004956039270049072
0.0006940326944387064
-0.0009194358767564847
0.0006157396072579052
0.002669787040324923
-0.0017360604975430302
-0.0014890019520682378
0.0006377102919802323
-9.963607053489877e-05
-0.0006381766866526224
-0.00025560692805326343
2.2008251565513744e-05
0.0015963887170982857
-0.0006387092035454805
0.00018650068019371196
-0.0013934393869013532
0.0007151160340646725
-0.0007544622486075949
0.0006156526129125373
-0.0020288691660795277
0.001089620857272206
0.0019533776622429637
0.002759353180123158
0.001345428885034955
-0.0013695392818715948
-0.0011621015773740366
-0.0010236659639720263
-0.0009608133801408122
0.0018978452136503051
0.0017347387506971303
0.0004541454507872104
-0.0011163566479011006
-0.0007508080291495542
7.537619819178521e-05
-0.00034504120547563724
-0.0009143870081371537
0.0006029970644088911
-0.0001500878468844048
-0.0005815955845342553
-0.0001753165821720397
0.0014550136094214614
0.0005140677542832027
-0.0005704965781600093
0.00042703242671579317
-0.00039264976448219057
0.00123842708419792
-0.0022325068076576933
-0.0008061248273166404
0.001703985358586795
-0.00017825545931814766
-0.000875031834826958
-0.0003471429523867171
0.00028572315904439933
-0.001384155469767732
-0.00017448086717261507
0.00024724220055060363
-0.0006392896706453438
0.0005421531617063734
0.00022597097782379208
0.00056477410801153
-0.00253962911778262
-0.000888063831147484
-0.0003166668285762766
0.0003303275008430046
0.0016216676256430706
-0.0017345409255835002
-0.0003927655565492019
-0.0006604099000064275
-0.0018064804598676694
-0.0007472441413857122
0.00011971927404584806
0.002477804052552462
-0.0009342242574294847
0.001831271621086858
0.0016248211921581384
0.0009376406077483492
-0.00046626161008047175
0.0005717704323513572
-0.0008249856888546627
0.0020761754887295312
0.0006156785191435056
-0.0008395255296091076
6.642783439066986e-06
4.5045850582600806e-05
-0.0016457337036244245
0.001363451373759701
-0.00021547178172060574
-0.0005939400363773104
0.000765685937169225
-0.0017958999893007911
-0.001952115863556865
-4.777525101710483e-06
2.8501199968630075e-05
0.0003739300825766745
-0.00018897060331681022
-0.0022964899178851326
0.0010903050456789656
0.00035755881115216693
0.0008422924802451204
0.0005835692252337405
0.0010845419518199992
-0.0001385327810100761
0.0006185435398516411
-0.0004744802230011912
-0.0011111908118966048
-0.0013239966666035673
-0.00034916255530669313
-0.0006286212592379487
-0.00014625259792116398
-0.00046063755601223074
0.00011720494816569609
-0.0003538786355381401
-0.000893123245040244
-0.0009855262568502154
0.0021865601131550554
-5.2772459376462795e-05
0.0011961688487020223
-0.0028503738264066872
0.0006166434581202248
0.0029867357160880672
0.00013744696246824348
-0.0020487634269697867
0.00026789340030774616
-0.0020420610757024846
0.00031682575793979395
0.001062761986910354
0.0005357328230025641
0.0006724250644535464
0.0021002392743204356
0.0003628222970265423
-0.002274614034532997
0.0006507601635377203
0.001651906417701692
0.0006829575085390854
0.000758678716694032
0.00012235001813595665
-5.296053281644472e-06
4.9456650418153326e-05
0.00017682219939539436
0.0017967856528947807
0.00021082389421110407
0.0013897000986781865
0.00021860143969886327
0.0005771409574661722
-0.0007196027421177933
0.0017178716045699977
0.0012190599094679124
0.0022904825630977697
0.0005540661982867816
0.0002227887404798366
-0.00032694068047939344
-0.000531715949594314
-0.0003903000309881817
-0.0013243745372834839
-0.0006154350708834724
0.0011342879659139704
0.00010297889239542812
-5.40145030099585e-05
0.0007099927099071412
-0.0013871651059204346
0.0010705573306673372
-0.0011818758469484753
0.0015313292616013436
-0.0019792323657379296
-0.0005599095556278082
-0.001038943270755789
0.0003852325202281269
-6.0136075146029076e-05
0.0003130374558293596
-0.001563187429892619
-0.000605253789672968
-0.0011713190027033704
0.0006698073674350338
0.00041575784861167176
-0.00030188857366786706
-0.0008468195603034247
-0.000701337606013524
0.0006043646861064985
-0.00010524781323216846
-0.001452929813328274
-0.001984901222656778
-0.0010059706540045724
-0.0011918103467105337
-0.0012875757863519835
0.0005572115646175007
-0.001824540292506525
3.544866296985745e-05
0.0008891627383650963
-0.0010817432516456015
7.679433291403252e-05
0.0015601632253420504
-0.0011201641787712303
-0.0017388534688215138
-0.0008404194114159244
-0.00016667826972643318
-0.0038679424481717637
0.00036673354573655247
-0.001782131106635888
-0.0003120048844003524
0.0014262529716654027
7.09996302774991e-05
0.0007542374986539317
0.0003267435418347734
0.0008638213611404596
0.0009327448751101384
-0.0018350341917038903
0.000500360489492621
0.00017127484749120215
-0.000529607326205289
-1.9821130791969823e-05
0.0005505774407422962
-0.0008087328527495544
0.0017011711254909035
-0.00012590965741937467
-0.00040611370651868914
3.452704018762917e-05
0.00033301435233347784
-0.0012870568386632107
0.0006370771844952029
-0.0004213842664908746
3.8634722004665655e-06
-0.0014755503248697248
-0.0007488030514864933
-0.0009041381173566616
3.0261058270332404e-05
0.0007623294580424248
9.247035615329639e-05
0.0015843361026463938
-0.00015641448672885458
-0.0015460635256341047
0.002195322436573904
-0.00030175195454715335
0.000990734939615343
0.00019550915961146406
-0.0014991028824278983
-0.0008405679903522673
-0.00168374206287543
-0.0009133735468959226
-4.403728268662082e-05
-0.0023994834608466855
-0.00042268014108255627
-0.0014342763264505454
-0.001568656227553243
0.0011141887177500852
0.0001434265006992625
-0.0009860072538972196
-0.0005657383681466725
0.00033935794380204084
-0.0009182830324900235
-0.0009171684051320979
0.000828817486750975
-0.0007785596066934748
-0.0006905292540848547
-0.0017155152157936132
0.0017528289980735185
0.0006889837876822079
-0.00018020504655958704
0.0009848089272451717
-0.0011912655378619904
-0.0007041452490069257
-0.00031627431738457784
-0.0005025088441824213
-0.0001501603227569264
-0.0018134974587125296
0.0009676603974711037
0.0009266944974377715
0.0012608698612854153
0.0024102100730382225
0.0015601549953413718
-0.0014984767159072967
-0.000969089732732652
-0.0006581176163410688
-3.725804654356942e-06
0.0004527904219822079
0.001024727568879711
-0.001964264450536683
-0.0009227066803904994
0.00044834643518376974
-0.0004616297249263207
0.00034481283595810645
0.0015833914561096335
-0.0018151967440982906
0.0001703616030979032
0.0008880870532152854
-0.0006568769532730254
0.0009135869167188973
0.0017554700613876646
0.0008402789945267617
-0.0005285808033309978
0.0007320007274491288
0.0011764332044505103
0.0014955838245573816
-0.001160324843029154
-0.0004234398750570933
0.0007033910899928283
0.0019474966780793873
0.00040287927811473705
-0.0010925806946054007
-0.0004918770867531102
-0.0013427463506718068
-0.00011841748888665634
-0.00012487352744596715
0.00012083503026392241
5.024398079357079e-06
0.000422445292407022
0.0013954189957208014
0.0010480866337064466
-0.0016411377249598816
-0.0005364316748034043
0.0005950659107325408
-0.0005352399763910135
0.00019965746132527193
-0.0009690311082792533
0.00043897332284353245
-0.001516883337434812
-0.00044293592706287556
0.0003291062572204927
-0.0011970748088963891
-0.0012362884815284713
-0.0012110792724704365
0.0005916038679269677
0.001027705364658232
0.0009052926320310459
-0.0006618875592192195
0.0015327568765299503
-0.00040311390559470174
0.0009833306502102707
-3.586540651758651e-05
0.001361480654367222
0.0017929226359134102
0.0017807214196428735
0.0006511967460398192
-0.0014862887027240405
0.0012386926520149223
-0.0002781486787170413
0.0008417553757977514
0.002308006823709974
-0.0002304421945596013
0.0010432638609360787
0.0013462775625108039
3.376713424913892e-05
0.0014859002833036803
-0.0012049647439224438
0.001100693236276323
-0.00014178007689423698
0.0008040368784326482
-0.0010820730812827152
0.0004983802552236301
0.0010438117810840618
0.00041879381466460063
0.0029984858993371546
-3.200144026745396e-05
0.001393946905227822
0.00019009262581815475
-0.0008973642810897831
0.001217699190597566
-0.0009054083443567082
0.0005184576736730193
-0.0004490786840486172
0.0012898654156705063
-0.0018271503849739009
-0.0010337318878792252
0.0008182997476636997
0.001725683824370163
0.000533267560241296
0.00010689997286713919
-0.0016362442042773674
0.00037760909882081936
0.001988096102818357
-0.0009019326831154345
-0.0006313292082093097
0.00047236455602408785
-0.0021429452665084185
-0.00023798509731252945
0.0003519288042188306
0.00037579194323913653
0.0012537721988649414
0.0003562265044713751
0.00027598804455280926
-0.00017670159857830208
-0.0002284451688425998
-0.001557720192388834
8.049316869726253e-05
0.001116126093470591
-0.0020790965592855787
0.002286714316976857
0.00014283936722257458
0.0004617671983195794
-8.60480877088277e-05
0.0007887777436623482
-0.001417299658006687
-0.0008968953125053089
-0.0005596651116410095
-0.001050226922038685
0.00020681407271176815
0.0017251937271016645
6.70838432445937e-05
0.00032664167746121833
0.00048388798330451915
-0.0014894451024839294
3.250554497075809e-05
-0.0008929820688747537
0.0007519146747450891
-0.0009403576902245497
-0.00016840375950646932
-0.00034880860425803536
3.569781655010208e-05
-0.00018209639071929971
0.002013604090231983
0.0023713227782829215
0.0018173106449778519
0.0002895226200899525
-0.0011335230716340119
0.0017062694698039267
0.00018653242557167796
-0.0018043221215609032
0.0007103029023701693
0.000492631778994145
0.0015671804641043618
0.00028859925062546705
-0.000969597624109957
-0.00018804197508367153
0.00026521334139345033
0.0016169846297508594
0.0013567774111062506
0.001628091629675348
9.709304192931934e-05
0.00044127855442385234
-0.00014372114429252633
0.00022952728391879788
0.0010188122924688042
-9.874991878516901e-05
0.0005960207163172366
0.0016977993693083307
0.0006942639700083768
-0.00014586636410718432
0.001322515716499948
-0.0011489704355132746
0.0010006358821372928
-0.0017824275662517142
-0.0007924364217019342
-0.0006088201868624112
-0.0008136318388348278
6.617675488348187e-05
0.001208324647766857
-0.0011880576799691187
-0.00023918497996099886
2.4159836126673263e-05
0.0009083594517456318
-0.0015014360532968998
0.0015356044761801152
-3.7008106990979385e-05
-0.0008007072138947981
8.42833741990414e-05
-0.0024356932595053253
-0.0010070938733195635
-0.001127215725729143
0.001114226576169249
0.001153899218513972
-0.001285625764346839
0.0003971124384925499
-0.0016039303918344303
-0.000371211082147666
0.0024375460504560266
0.00016838158655746707
0.0004468313793582377
0.0009074740897819643
0.00042354632767856225
0.00037699671160542405
0.0004699010510395256
-0.0009236626952700965
0.0016333132520346002
-0.0005039025364475175
0.0012654161624759811
0.0009342305653169369
-0.00023810612942631233
0.0007958824767136188
0.0009585980836281513
-0.0006337259155988429
0.0007179326087826291
0.00012822683702747264
0.000622946887684725
0.0004770825084437423
0.0012503437396487924
0.0011840721206421432
8.159113427354607e-05
-0.0002877199635658309
0.0019232239652987836
0.0002848910247782722
0.0008223972735531162
-0.0010007951505748972
0.00246526113073095
-0.00010091945485762434
-0.0007771548012578609
-0.0008375566220787711
-0.002081309842155812
0.0007503753213836411
-0.0013696551273306406
-0.0012272877897202587
0.0008883085843920383
0.0019291752549833662
0.0012937036053560387
0.0006891521438600514
0.0005338536328113322
-0.000652720852161826
-0.0010311197817694216
-0.0012405003807822788
-0.00011337521730384547
7.664428604345413e-05
-0.001267255094380128
7.032916778391257e-05
0.0009020041216570081
7.097923105347294e-05
0.000961080714055356
-0.0005212291626319279
-0.0019314049257410414
-7.351883840845408e-05
-0.00060134036298401
0.0003561820594167359
0.001216512140759153
0.0003453698216574318
-0.0006857073778846171
-0.0001286323418987332
-0.0004918529611811484
-0.0012326844277001483
0.0020265648879283873
-0.00038393664216943116
0.00022663674597879973
-0.0008333761062465422
0.00035385394206908816
0.0005316994472953707
-0.0009547274662560613
-0.0010304970358060155
0.0014219179087768667
-0.00037750823017402955
-0.0016655649660749093
0.0004093012643441686
-0.0004483571517277487
-0.0021749197115554304
0.0013597084278355002
-0.00021692707313814168
-0.0015284983625633917
6.619574719274035e-05
0.0012748466067663512
0.0002966329135401989
0.0014706139185960082
0.0006428571433029019
0.001543286243292799
0.001374269026996746
-0.0009103074406930647
0.00040473663789806786
-0.001537426238731594
-0.00034188962625368184
0.0012074084363019508
-0.0007028696405058872
-0.0007261238815148941
0.0007412782188167817
0.0018180936086476232
-0.0020945802678851706
-0.001089856094946846
0.0012858513762004805
0.0007250167214143037
-0.00020174968573240725
0.0020243303668164487
0.0003542522542706173
0.0007564862685049339
-0.002272479626951938
-0.0001982078142084804
-0.00023044885330899184
-0.0022887133452418372
-0.0012417972198975888
0.00014013497679561427
0.0017981789062357528
-0.0014917990886187805
0.00077888218264139
-0.00014590397844847913
-0.0003752923692312943
-0.001596998766852034
6.523654023224615e-06
8.610807747281222e-05
0.00046774514172360756
-0.0006644477377621816
0.000489516632554704
-0.0004284977558357321
0.0014208399236091743
-0.0010184499970079663
-0.000634602895013163
-0.0002661132218299644
0.0005242558426313482
-0.0016817147479268463
-0.00013827016847682954
-0.0018031808474175627
0.00014370492074160582
6.56170496574344e-05
0.002042612473960115
0.0009283908344738078
-0.00036797075011023355
0.0004361864833281295
-0.0007461248501989408
0.0009157832022004171
0.001047935347031233
0.0012175530413454738
-0.0001408054815867864
-0.0014408057145702078
-0.0013729382915672408
0.0020797697752826362
-0.0020175759922926866
-0.0001823157328226557
-0.0016424163996891612
0.0011371761504440521
0.0007453669731577444
0.0010905742829848538
0.0009080359376234042
-0.0016747005185337273
0.00011650423873811197
0.00010533585322932027
-0.0005810420734775625
0.0010738005687569098
0.0010251854513363854
0.0016122648918183782
-0.0013228021037432179
0.0010489397316266744
-0.0005713182205447413
0.001531276296703555
0.0005549774935241362
0.0008595803216239053
-0.0006315485579400994
-0.001141917393578408
-0.0015510637811531251
0.000924629747045878
-7.327405465416663e-05
-0.00013766782659127224
0.0002642870693438401
0.0009826682727961276
-0.0018453437171131939
0.0009761049120879359
-0.0007040743402252742
-0.0010618001412045954
-0.0011852982687043567
-1.798356766542347e-05
-0.0015578014134604921
0.000234772002839902
0.0012804687151456624
0.00033351020415380267
-0.0003897435258171632
0.0006630928309961145
-0.00040064148414045123
-0.0005850911956743855
0.0010373685032208913
0.0003045708785146086
-0.0012702090010371227
-0.00023140185535238205
0.0006241127561404821
0.000613255314050211
-0.0007146951522876023
0.0003102888186610286
0.0008129063326211391
0.00034164646714271544
0.00043855606756436013
0.0008893754293464944
-0.0016013820586955965
-0.00024582779980372493
0.0007736951617872242
0.0001788638462914066
-0.0006177944801234976
-0.0028477635924850924
0.0009930145312314624
0.0002941263745761832
0.0009904650810203318
0.0008570587489885851
-0.00020316917397738868
-0.00026094664249741044
0.0008474523134595006
-5.376026574532388e-07
0.00038080174414440154
-0.0005054337742197878
0.00020185342992160295
-0.00010191624183595933
-0.0006110195572940559
-0.0006333532426681122
-0.0016250525661910408
-0.0011486815464718367
0.0005000065654866818
-0.0015878938350714516
-0.0006915605864026303
0.0009076279919734438
0.0010373299084076994
-0.00012951215109085812
-2.223365747845267e-05
-0.0007084879358618829
0.0005376680054892557
-0.00041778272208815284
-0.00204810877961273
-0.0012181766561428888
-0.0005526966426880962
-0.0007180696779219155
0.00031433844773547386
0.0013744230817368944
0.0003944916870336473
-6.413890644932099e-05
-9.529976784172839e-05
-0.0010204307534094456
-0.00010880169796375955
-0.0021346618703285
-1.917766178531692e-05
4.784343645831334e-05
0.0008687054966128306
-0.0007886139791994344
0.0005478340741304713
0.00034393031556009546
0.00022291699924009933
-0.0004964214582030168
0.0008528556975575642
-8.731132797984598e-05
-0.001965665598271263
0.0009655748817383784
-0.0013619548976686194
-0.0004211473278985787
-0.0005485167980700098
0.00133075013346275
0.0015792511403186335
-0.0007124654704354789
0.001427970772992534
-0.0001664635768904575
-0.0013063864406561065
-0.000709778249361185
0.00015169084008343853
0.00043477011470342386
0.0025475828375674955
0.0019874287904547805
-0.00024861830395419323
0.00042446937263042496
0.00020712108800206784
0.0019368839476294876
-0.0001510362495854317
-0.0015458599646905303
0.0024609867475424234
0.0008578597973030363
-0.0005210497695579009
-0.0008228151542818295
0.0003218744892653239
0.00033448800645031205
-9.975613396463539e-05
-0.0019548356156347687
-0.0005235523304686776
0.00011888678545076798
-0.000936667293849716
-9.806045219447175e-05
-0.0006613513617430265
-0.00043434429034948727
-0.0005096679150694994
0.0009754848322592173
-0.0007698458665586065
0.00033829221591988193
-0.0007964520400506823
0.0006377972793915695
-0.0013175988974752988
0.001741913599276975
0.001742063344517231
0.0004666129560139088
0.0010982212350243146
0.0004311453523933185
8.415956569948738e-05
0.0015105269776426748
0.0010167981237484511
-0.0005906335973742765
0.0005175473512801295
0.0022100820313131105
-0.0015940178937508228
0.0007002088256061541
-0.0008195154156323696
0.0013854168336901237
3.585846971357667e-05
-0.0006718382437016297
0.000361146626174703
-0.00026243202413985564
-0.0013351926939311357
0.0017685810820790193
0.000372834322022058
-0.0008566813740918416
-0.0013603728306799227
-0.0013376733641079464
-0.0013609367615040936
-0.001922911481138709
0.001217062360925019
-0.001249908438555511
0.00039131280922741966
0.0008006322549459921
0.001072403265248782
-0.00014340193620317665
-0.00041414765927589166
-0.0001636894412121461
0.0012119047091566026
0.00041742283689628104
-0.0015081012742182277
-0.0001647450017255334
-0.0005855647143696061
0.0013130555099643056
0.0016709596819415727
-0.0006728478031639563
0.0008074590484832259
-1.5716954127300264e-06
0.0017648941520259814
-0.0007239834364735689
0.00018713767420277893
-0.0011030380466087492
0.0020163515604029974
-6.63187659062323e-05
-4.530177385672217e-05
0.001450971843537487
-0.0007947533461377145
-0.0013500459611803853
-9.832941491275612e-05
-0.0004972438633310932
-0.0003314183652787584
0.0008715897613355277
0.0017979351792276979
0.00010438132569924316
0.0021635215461473247
-0.000890963903379279
-0.0008545101606774324
-0.0010585405651526005
0.00068570597790388
-0.0009145902944931248
-0.00035344046236946786
0.0009785514148299632
-0.00032014052610014084
-0.0009868352693492906
-0.0007815103632204602
0.00010397623617640396
0.00031060479618561816
-0.0008543642021111762
-0.0005299707352714087
-0.0002745165753489532
0.0021267204154565922
-0.00023900819130878912
0.0013937866757336053
0.0006522528328461136
-0.001110319049646756
-0.0008268847256276979
0.0018170144412277473
-0.0020348699314578027
0.0003213177594317201
-0.0006445282182793938
0.0013003828038958437
-0.001407300680082767
0.00017026015060575298
-0.0006445248393263812
0.0014021374339386256
-0.00029313241737565377
-0.0015401208168121395
0.0009236219266383744
0.0005437312277595312
0.0002685088156142165
-0.001054899602173874
0.0016905265123692355
-0.00024359740443987308
4.4308929568071494e-05
-0.0003488700473947911
0.00022450445535722148
-0.00039645021709409093
-0.00040370374264984114
0.00097950738394496
0.000452053909382069
-0.0015049376020472586
0.002207202461622395
-4.6084016387332675e-05
0.0016780513831761144
-0.0026184028289595895
0.0026670421516934253
-0.0014220880497741344
-0.0013909803827959215
-0.0006326786953372183
-0.0004565989901832853
0.0007722557770354208
-0.001679873729572953
-0.0007460912360997826
-0.0003065750670850108
-0.0008908171404654967
-0.0007628960543078808
-0.0009584999566969803
-0.0006344594153627743
0.0013348204675519618
0.000345428488408416
0.000853695256783441
0.000796602658978768
-0.0014979315867065487
-0.0004999552515815316
-0.002091245047108762
0.0018246900190248992
-0.000887815520051933
3.665963972026289e-06
-0.0007478079577983816
-0.0013436144059890051
-0.0005692220721698045
-0.0014430598610683798
0.00063650003186187
0.0011681989858009778
-0.0018704914643125911
-0.0006390347541924364
-0.000432146315738162
0.0005499409085396536
-0.0006474281878875387
-0.00029091129350384675
-0.0014244483403294233
-0.0009361407305153574
0.00037901843495189553
0.00019106533714954627
0.0016873444310409635
-0.0007026381021364649
-0.0003223653832539142
-0.0007463815778205883
-0.0008543601554110364
0.0005220636419871349
-0.0004902051914808222
0.0007898820205930993
-0.0014067005113223353
0.002131241595348431
-0.00027274003515692104
0.0002828245547468397
0.00011687874571988294
-0.00015662359281653858
0.0002761233891987356
-0.000754635048112117
0.0018584823865573558
-0.0029407150548963713
-6.2025203536326785e-06
0.0002438811796338927
0.001074889884823675
0.0017221446682125394
-0.0006885089189312683
0.00021786886285437857
0.0001898968219743858
-0.0006600380397440593
6.108426427891951e-05
0.001001258604524996
0.0006585412211118763
0.000463596745013583
-0.0006133873185736948
-0.0006921790415880257
-0.0013481527711817814
-0.0011939768463710785
1.1623264490199536e-05
0.0011080495796348079
0.0006568627204822314
0.00045426194457809783
0.0013513433834476509
-0.001396653526332362
-0.000831993405113029
-0.0001837199051812951
-0.0008075871359729384
0.0009789420004414206
0.0027326685050861462
-0.0002465643581684648
-0.000829756457783855
-0.0007782838368375496
-0.0003174841046020673
-0.00012685716008325614
0.000439966155344331
-0.00010947894124567226
-0.0026069179465673326
0.0017437875376335834
-3.51050699758075e-05
0.0001316209610053014
-0.0023206496954192475
0.0010566007486533936
0.002219463434673494
0.003549459842152345
0.0002963986556440547
-6.662025546770814e-05
0.00015843136665509368
-0.0011576428730960802
-0.0003118694288099395
0.0009026700534551339
4.919592186096638e-05
0.0017093073316207664
0.0004451530805088773
-0.0018239949157608914
0.00013438783536698042
4.745520425677399e-05
-0.00015535752623473044
-0.0013788480609712068
-0.002152897267069797
-0.00015595284394749625
-0.001808690985767417
-0.00029378011960786387
0.00016947527661060718
-0.0016156137164690225
0.0005875492810207891
-9.226353829564449e-05
0.0036218575071314775
-0.00031301341415916514
-0.00041817937150919274
0.00019507642133581723
0.0004184697291782684
-0.001802618133515726
0.0003677645119375227
-0.0018832543758758977
0.0007302179521769633
-0.0010123810236528786
-0.0020928858259196413
0.0008511405207609375
0.00034450292224310025
-0.00038859514706627755
-0.00017050665053256457
0.0022953216315329747
-0.0004463991860973802
-0.0016342972332455976
-0.002902484371215536
-0.0013764107797962046
-0.0003260880970642221
-0.0012767075098392155
-0.0006778912680933994
9.72466625991647e-05
-0.0015027249598814337
-0.0006999704495893563
0.0014039404371642666
0.0008747990074212846
-6.22407322696671e-05
-0.0006768243697469089
0.0007249866235619602
-0.0017600580964269843
0.0009042213284950446
0.0013756042737064272
0.0006918939849851896
0.0011188473821296303
0.00025242207796665335
0.00021017316735483417
0.0004149399589241902
0.00031445667711417025
-0.0017097514923246873
-0.0007267634147658928
0.00203336474137072
-0.0014870719486088494
0.0006331306283958119
-0.0005371817912777796
0.0008594132350670278
-4.67191340477743e-05
0.0004813975382250558
-0.0009670860364784082
-0.00020355629257364668
-0.0003621193569213795
0.0008051688048096097
-0.0014331906791792632
0.0016905877870090525
-0.00044684966994361976
7.630390419888111e-05
-0.0009520448140143966
-0.002298780024264946
0.0004735660217116974
0.0018705781688154882
-0.00025694508913592066
-0.0004719097397956554
0.0007845566422567994
-0.0016889576332129515
-0.00013514363011884868
0.0006058211334269016
-0.00019494844063017305
0.0003092254816325512
0.00032069803046493966
-0.0005723690520493973
-0.00015395605814794651
-0.00024320926376753438
0.00013097967344461188
0.001173926288275241
-0.00012571771652394038
-0.0008668253765681226
0.0010278766844406665
0.0009377971954898011
-0.0006392391957578711
-0.0008313638596394151
-6.445047601078578e-05
-5.746890312722659e-05
-0.0005963641609230358
-0.0007585382464128355
-0.0005685844568716136
0.0008381765153820721
-4.602928192498671e-05
0.0019387806538749062
-0.00076638317958161
-0.000502143055357069
0.001382340613510528
0.0007403864532760414
5.1889385642826637e-05
-0.0003565745560469706
0.0013286968131265631
-0.0003158966637398122
0.000744373282223982
0.00118278081904351
-0.0006426235912910522
0.0016525155792061464
0.0007827702820909177
-0.0007440165055579375
0.0005118788258079341
0.0003963245169910437
-0.0006816706003421112
-0.0008005380713979078
0.0006789099159893679
-7.50495384466691e-06
-0.002584555452377183
0.00041844633583991637
-0.0005945140964330862
-0.0011590995755888013
-0.0022418871050402293
-0.0004238113463203561
0.00033338819156812193
0.0007348739053506233
0.0002254610152516079
0.0008050247378468464
-0.00012933311997321775
-0.0002086975488271886
-0.0006511364893156649
0.00036392687558761536
0.0007701562843776226
0.0006483549245171854
-0.000886146786697506
0.001665197514469068
-0.0020098910591017224
-0.0016146816822401521
0.0006005738482211474
-8.57961612098274e-05
0.00030578899142239636
-0.001722476153002709
0.0003104682006406072
-0.0005633524494150348
0.0005736289861747223
0.0009983787221095092
-0.0009557857039985851
5.235347336330346e-05
-0.0008310626557599918
0.0008620941863910362
0.0009583924743719968
0.0009125958232729218
0.0005505111888554604
0.001726817505056815
-0.0004065672794754716
-0.0008020560221811311
-0.0009457387418909119
-0.001304056130074644
0.0015466553492889529
-0.002128941402034597
0.0008233426523234862
0.000505319507639464
0.0004399226866011714
0.0009299353897448601
0.0015873171893157408
-0.00029055825774720114
-0.0014148716129601744
0.0008666363188425271
-0.002236679273080631
-0.0015163268932832613
-0.00019195787236766016
-0.001353919343150395
-0.0005074230927620024
0.00023252152097679417
-0.00027387701089481793
5.1183077679099977e-05
4.120034618840147e-05
0.0015888605089425768
0.0002107927971649803
0.000633989077307297
0.0014976673342751137
-0.0006268452841693942
0.001681093085752391
0.0009850388791084392
-0.0013780026209941501
-0.0015347909798942936
-2.6758209389273505e-05
-0.001012042594431266
-0.001231694730074492
-0.0019283807094026217
0.0008565958095435418
-0.000832155846562943
-0.00010007101313880913
6.948300666769425e-05
0.0016375775059915224
-0.00025097932258267365
-0.0018126415726186789
-0.00023540953007590587
0.0014167682124215247
-0.00146579232045039
-0.0013581107897881423
-0.0010580820038543508
-0.0012661983134773906
0.0030233197963724897
0.0026886621616964575
0.0003047021847812316
-0.00018984634361989791
0.0014032345750586948
0.0002766352128646793
-0.0013587241269657022
-0.0006644878122974613
-0.0011233966316699221
-0.00012158731639640906
-0.0005288249845180432
0.0019996961858048334
0.0010256794802001189
0.0001407388407008446
0.000568139441895148
0.0008862839965976096
0.001126164432418062
0.0027376748167873156
-0.0016388895770914058
-0.0020025061627928667
-3.489971658537588e-05
1.8786332152398362e-05
0.0005372743959471424
-0.0010489155831724117
-0.00044655670785272687
0.0007815777252455638
-0.0005141908610588808
2.526039849734048e-05
-0.0006499038884447643
0.0013890679980143707
0.0012436493895591671
-8.33973715309651e-05
0.0001762163488904545
0.0013683342923097373
0.00031746156137584165
0.0005073007411022349
-0.0011509008591749049
-0.0006114442756701442
-0.0016502055839469432
0.0005289862208334746
0.0020200423381495024
7.905467704857419e-05
-0.0021839808091694505
-0.0012108078537185851
0.002663706911501733
-0.0010968106479941548
0.0013250856158601246
0.0007023205720824702
-0.0015707918437358006
-0.00235445814158139
-0.0011538735522004556
-0.0004585386083692221
0.0019374976509238515
0.00046724530075559456
-0.0007684484826157269
-0.00026923436412549037
0.0002912560077306115
0.001811525355287583
-0.001360300820080841
-0.000449110566720385
-0.00012052042151693411
0.0010484080572185095
-8.980881664738649e-05
-5.411640968109949e-05
0.00031771941092360796
-0.001553617266276544
0.00039040382510239634
0.00015652714738773928
-0.0009031595023917891
0.0014029877055480636
-0.000352765186965382
0.0007363806285518268
8.49932708702002e-06
0.001845973883875932
-0.00017572548125117945
0.0015165371053487932
-0.0005779036092807005
0.0001995599903533772
0.002045898173971633
-0.0008776286936973193
0.0001179476653362343
-0.0004585688247934856
-0.0005463379641561943
-0.00145621502934447
2.7853005420262e-05
0.00014893633325837672
0.0001011489261925854
-0.0015693248788780907
-0.00028031927084232585
-0.0003798729668296094
0.0005609597505884741
0.0010582007588325509
-0.0003583177789163455
-0.0014747922231659436
-0.0017745164533100183
0.0010951224945007939
0.001023279035368201
0.00032392367206557213
-0.00215641202653487
-0.0011893312935496113
-0.0009718200564332998
0.001041991139765298
0.00011143460408454537
-0.00043740180459527877
-0.0012980635870696144
0.00039731866557081273
-0.000622619083477891
9.630315254998605e-05
-0.0007205210282445943
-0.00032567120096782434
-0.000537697108308237
-0.0004900964319074403
-0.001430984402453343
-0.001629522696364287
0.0017218073186194595
0.001699489528123283
-0.00024135875688644542
-0.0012425630447244268
-0.00015042773294580473
-0.002556867681780981
-0.0008906292878743844
-0.0005596194351025718
-0.00017871107989410632
0.00026694628664297
0.0010599625094311485
-0.002049758959582022
-0.0010706839425953813
-0.0011888986426427475
0.0006975911022383257
-0.000655585411063536
-0.0009900471968246026
-0.0011154707062524917
-0.0003703173528895182
0.0007705389832229055
-0.000987163755864716
-0.0017745665960574354
0.00022424894743152123
5.464807992884584e-05
0.00015959971402671873
-0.0010499915963018598
-0.0009879757689614354
-0.00016037379173653593
-0.0015816362505423277
0.0009745646510619082
0.00046695883723798945
5.574433626663646e-05
-0.0002902362233470606
0.0008246837229252981
-0.0006090042708080021
0.0009255215278414844
0.0007193101766534388
0.000894445998707358
0.0004381263227096359
-0.00047355944270365593
9.473222577452564e-05
0.000341020743013254
0.0003941459923349836
-0.00030432893632597756
-0.00011624187374975067
0.0007141798047474115
0.0018287857906046246
0.00013718540252081145
0.0009056273127158258
1.1863551525774159e-05
-0.0012729733125811668
-0.0011122199586079996
0.00045005356157110424
-0.0004036436003371878
0.00036320022525891167
-0.0019997716252819465
0.002033073381040849
0.0001240711942556825
-0.001591540903463943
0.0002204296626864639
0.001239767334503936
-0.0009869240297922
-0.001290663390129283
-0.0002757557469070585
0.0013656833972338902
0.0007414122862143084
0.0018804150526844162
7.425581974904768e-05
0.0010336655139534538
-0.001655118917234512
-0.0013587527104258065
0.0010359709244317581
-0.0011866288363303254
-0.0005300206568232559
-0.0009657574748674336
-0.0010332964182890043
-0.000436368401776027
0.0009863148301505786
0.000556534451001957
0.00012388721640075692
0.0009649708195198786
-0.00031023641056588107
-0.0007470136750173885
-0.0007801218652375355
0.00106332203883792
-0.0007668279733625061
-0.0015974676175579917
0.0010797525719532198
-0.00036192083355088836
0.00031304247814757636
0.002413159505858805
-0.0007120269997969023
1.840645199047234e-05
-0.0004366471692132932
-0.0005127391621624942
0.001054738693838081
0.0014168867885017413
0.0015740403294995772
-0.0006570342115352176
-0.0006765978384408362
-0.0005929018476902777
0.0013783076420573073
0.0003787334892935448
0.0007852082878720966
0.0009632254679031707
0.0012052426342048647
-0.000586027138616191
0.0004532425422596213
-0.0016084542454883907
0.0034330553303729182
-0.0014381769501457778
0.00041737057372236874
0.00011023321467127144
-0.0015891262792332651
-0.0008025718544100467
9.410130736289307e-05
0.0007809879297946063
-0.0009513714447752671
-0.0013781515695143135
2.8738451285697473e-05
-0.000723016201639385
0.00020816500558501458
-0.0006303698677687333
-0.0012170367632584036
-0.00017907202945964412
0.00024601262777077784
0.0019251083268898858
-0.002151002273529886
0.00014584077406800227
0.0019404836038957327
-0.0015337977202572227
-0.00045851318266656126
-0.002102570756059632
0.001493454554399444
0.0010448536240051137
-0.0015605655266912669
0.0006888604902206945
0.0004162322368343047
0.0012918407531272305
0.0006188564206382537
-0.0009586344664856465
0.0003357743273349119
0.00046582291408590724
-0.0007408541903767166
-0.0018352558906841788
0.0010271124842571506
0.001503162866089936
-0.0009645826400169694
0.00014274898213634282
0.00039745518900190674
-0.0004714996203271658
0.0014803271118438994
-0.0011168102472071978
0.0013369889350903334
0.0019335300583630402
0.00010860977648361031
-0.0007210075246711069
-0.0015175403187865
0.0005167131194698079
0.0006656548096133679
-0.001141701895701504
0.0001339259561351852
-0.00014801795629577717
0.0024374651081323904
0.0008607324717939241
0.00048286703955108566
0.0007028553009310256
0.0015330371583594557
0.0005485560946070784
0.002206996543801889
0.00031269362222445475
-0.0005903469889354373
0.00010185790375801567
-0.0006190328584285259
0.0011087132960102214
-0.0011239504707062525
-1.5405186599264736e-05
-0.0021998094608188102
-0.00028873330623514255
-0.0012478277849649003
-0.001680432057700563
0.0012341545503153006
-0.0004043915159503155
7.620610524734854e-05
0.00035563316295727273
0.00277116928381243
-0.000760089585939229
-0.0007288783189996527
-0.0010735316982612294
0.0008387803716598687
-0.0027498956584440853
0.0013210452270745877
-0.0012648336283416566
-0.00011038132001333813
-0.0005102316316321312
0.00044382061781240095
0.0005506438833149682
-0.001991098981758438
0.00024245580301029848
-0.0009224827084350469
-0.00013956420832406772
4.9591312755488676e-05
-0.00035610146032760383
-0.0003114654189156328
-0.0008623053172155956
-0.0028923792117907365
-0.0018906888012704807
0.001755958938266813
0.0006676995754362527
-0.0013098947701947917
0.0008365231090084359
0.0009340156436579588
-0.0013309060915942421
0.0007344117244885062
0.0013032450821949565
0.00043106707967138487
-2.3871557279909846e-05
-0.0008855239152281496
-0.0008047036076442692
-0.0015759771144406938
-0.0006375438842649309
0.0006542366561692381
0.0005015143066035475
0.0009019835997006443
-0.0009699758990438458
-0.001866682899578529
0.0007944856842435321
-0.0012737404340716896
-0.00046103769533076977
-0.001329571820502638
-0.000841230352511544
-0.0007493703647306923
0.0007914394856419462
6.837937806878486e-05
0.0009737838001911989
-0.00023291129391988884
-0.00014923849819441316
0.0015001393168052398
-0.0008547710112735547
0.0004822401907218927
0.00022456007806886128
-0.0018552395034901398
-0.0014348458516504417
-0.00011027976073712049
-0.001529830005657475
-0.0005692667349529981
-0.001974798119171991
-0.0009036179263962376
-0.00035271126101098005
-0.0017511227869781963
-0.00014606632074175806
0.00037790953232946605
0.0010293310148015893
0.0010406993305956394
-0.000646176579452513
-0.0006390027682036153
0.00010846511042062029
9.70715058710099e-06
0.000660364513310461
-0.0008545872469867651
0.0013773198325681285
0.0016342501601934367
-0.0018386012677349096
0.0022898928251992652
0.0003935878625206437
-0.0007992633102353848
-0.0011689625029824994
0.0014619593028581315
-0.0002635639352619506
-0.0005081952788683271
-0.0013577692978053036
-0.0015960088480308078
-0.0008683480369447911
0.0005251313007193988
-0.00043653061024251973
0.0007084748776958385
-0.0005723299045939823
0.0011937358160074448
-0.00221750312742106
0.0011294395039477862
-0.000234011246095881
0.0002090138127272328
-0.0010187335468459975
-0.0009345390187251411
-0.0008186759250533935
0.00028892549467546177
0.00074202976855524
-0.00017039999613081117
-0.00129248063793357
-0.00020089481824762216
-0.00010176222107255969
-0.0002749519492495544
0.0008222842349895752
0.0002905696073681564
0.0009192474562682839
-0.0005384857086513193
0.0013373368341172605
0.0013696739136991962
0.0007784292656438835
0.00020292506906467603
0.0012231929868245792
-0.00024955982254984123
0.0012542742781379663
-0.0009579416549186859
0.00011233166999812178
0.0019780927661629303
-0.00023011490139080687
-0.0010955358174913276
0.0002981802909616228
-0.00013838289431559954
0.0006372226743210042
4.7329416091540746e-05
0.0015429441376482698
-0.0017641212870780807
-0.0016065324526143968
0.00031187064503887155
0.0021865023963662353
0.001367711725937718
-0.0006603636285281819
0.0001988306170309355
0.002553012704807856
0.0016982457225526632
-0.0005580192793087773
-0.0008665321814938082
-0.0001981169257116414
0.001113717383967842
0.0026010173411779402
0.0008719470837097646
0.000817336506137622
-0.000292006672686792
0.002040284219318666
0.001006484532917125
-0.0008080733273021134
7.606612277519384e-06
0.0016995096305708088
0.00030918194424249074
0.0009612574756648467
0.0030488900881294467
-0.00032899297457908183
-0.0005548856439706839
-0.0010357731416157135
-0.0005013608620580742
-0.0012342803918725675
-2.9410016290117666e-05
0.0001734829284518318
0.00041278406070272103
0.0011884616135890908
0.001194720536386082
-0.0029331923800969195
0.00023090384150137864
-1.5645054126001492e-05
-0.001812854439031047
0.0002525779182196291
0.0014290096294266937
0.002275785737975334
0.0005504412029932544
0.0007953710496742147
0.0002792396957014628
0.00038175742757734645
1.1037313959097345e-05
-0.0006058214537791055
0.0008820265844484814
-7.4859046763589965e-06
-2.0680319564498915e-05
-6.165931174062367e-05
0.001991171152533622
0.0002093684654997666
-0.0008665283643100741
0.0005048752325240413
-0.0002902690941181607
0.0006513178925651037
-0.00038130880829187995
-0.00249264471165424
0.0012064043991014332
-0.00014284252151300272
0.0011141210547880626
0.0009417971928548697
0.0006053405441008841
-0.00106967589683189
4.619533877835033e-05
2.30189593032744e-05
-0.0009640755876573428
-0.0010946635289485714
-0.00046516932347508345
0.00019054015784765476
-0.002366235215000361
0.00023257934454968228
-8.067191759986602e-05
0.0003923348811475993
-0.0001826169859336953
-0.0006497403833145873
0.0003636217969720061
-0.0008704253531865717
0.001158696736852229
-0.0014427243989183743
0.0008520129542249289
-0.00046741709343890264
0.0001740972759176206
-0.0006753129327918412
0.00036663233732227274
0.0004071096849890793
-0.001354894602044554
0.002481695534422018
0.0015916001270175684
0.00160787444960267
-9.467815489888922e-05
-3.7899520976377975e-05
0.00039411397652983266
-0.0013437859358725612
0.0006687262397647644
-0.0012502744749257487
-0.0005740231185427277
0.0015624837381385608
-0.0014560879715582718
-0.0006816934334108068
-0.0014137793686523716
-0.0021969086868631393
-0.0006128032742075497
0.002383558340886226
-0.0008517234203186644
-0.0020534136332190536
0.00036160098129011406
0.0016225536130562795
0.0035515604220661095
-0.002051486180789449
0.002193294915684617
0.0009355852703027199
-0.001144040672734082
-0.0010671090331902217
0.00030892954484261725
-0.0018880052295763858
-0.0021029402857943844
-0.0001234052735520063
0.0014030555786112065
0.0014754905223245615
0.0011538107097763654
0.0012671461940459284
0.001349121595989135
-0.0016152680682283635
-0.0009948800072973733
-0.0008748381590371186
-0.0005377857044146269
0.0003664985715550679
0.0006209804320275377
-0.0006327622843802574
-0.0019644603646315354
9.32493493972627e-05
0.002691968817734643
0.0013235877252268415
-0.0017767712675553183
0.0011650754679066375
0.0014159171933236102
-0.00039301120220346835
0.0009700198483153111
0.000806869451345538
-0.001323086378187426
-0.0002591460571681682
-0.0009900409076590315
0.0011356933392466745
0.001492076200902991
-0.0007285870924965676
0.000646549332124593
-0.0007987375623430003
-0.0009633222142688892
-0.0004243180367235956
0.00043585185672878585
0.0006401066103706605
0.0016989375349258443
0.00027362135111385174
0.0011735246581401672
0.0025845179898911544
0.00017789962013301314
-0.00031002994703718253
-0.0006964723255566105
0.0007466123687015344
-0.0006567019529072553
-0.0020229827248340287
5.810580907410775e-05
-0.0016093379481385837
-0.0013296447311388654
0.0013001421812531967
-0.0020069488453001868
0.0002904886074920668
-0.0002837449113751171
0.00027256255240826834
0.0008060654477473315
0.0009244497930087918
0.0016087823582595783
0.0008966505100291392
-0.0005179473907486305
0.0013166510474164942
0.0017125264254164942
0.0007098610604060141
0.0009605797518546277
0.0018020089304070894
-0.00013332827807847192
9.525072344472619e-05
0.0007995669964976909
0.0005766253277109442
-0.0020736086056725783
0.002722028220186253
-0.0004956740154907624
0.0005028774856678788
-0.0014522419755413167
-0.0008282941075233746
0.0027587439312499215
0.000945244403769422
-0.00012514913365877542
-0.0007595455592493135
0.0004606645002675496
0.000652539201367502
0.0002749132018876924
0.00011183421641677424
-0.0001795571342262562
0.00024884407182351937
-8.471614298442162e-05
0.002641267189548031
0.00042322314916340593
0.0008005243309232722
-0.001457569054795274
-0.0010664099560333934
0.0006901678586611616
-0.0010717294765008136
0.0002889318372330669
-0.001165982746953586
-0.0006722728014668526
0.00168399016386986
0.0005379760470160545
0.003260967583962614
0.0008205463818333396
-0.001098571795332108
-0.0009181029259042692
0.001336476714797852
-0.0006258068396166394
1.0780368262192196e-06
-0.0020814858715316937
-0.0009503319823068509
0.00030424931354832574
0.0008843835529098069
0.000816779745100882
0.0016090556609874877
0.0003687556164779464
0.002272055446656608
-0.00012874205906171352
-0.0008618534951014886
-0.0010238455858690562
-0.00012037399004980481
0.0005409845168648448
0.0002575818841383151
0.00015573251374480818
0.0003286422922323537
-0.0011642442565599571
0.0015804152128605187
-0.0009522371889801336
-0.0017143360145842072
-0.001374173260409522
-0.0003753169753315628
0.0004755623228225216
-0.0012407047155636461
0.0006064745832769076
0.0013454720181710425
-0.0010950228920079538
-0.00036523150231246445
-0.0028608874917511037
3.945835896324301e-05
0.0006774809392171906
-0.0013942725737532944
-0.0018209446177605338
0.0008584240061818269
-0.0006619923982918157
-0.0004558429818632806
0.001587533015172283
-0.0007025492501643539
0.0007710786165111606
-4.757858145963699e-05
0.0009109886010087488
0.00040586940745312566
0.0001971530698304706
0.00023972909471310007
0.0010979292984765172
0.0006163281476493604
0.0003567659165640604
-1.6946332407571002e-05
-6.375868305289004e-05
-0.0012608293977510307
0.002432957367778268
0.000885447064675851
-0.0003899391466025297
-0.0007257919543335852
0.0002233920663043084
-0.0007302766681595635
0.0008094303815373952
-0.00024389418024748524
-0.00029538663668114554
-0.0004597624071819359
0.0018735153866481224
-0.00038156079581034804
0.0004673111636433254
0.00022555730397131956
0.0002127627420262636
-0.0007538607797164633
-0.0006962872535116876
0.0006186158936852276
0.0009921602552194697
-0.0014633578309160267
0.0005946984397114138
0.0005419478575475567
-0.0004545402890395102
-7.703939472293934e-05
6.181618932454736e-05
0.0016585604041069707
6.897555352111131e-05
-0.0008601487977050021
0.0008359839673429355
0.0009166794713939
0.00012287152448194692
0.0007346620762692033
-0.00041147757288411373
-0.0005592988540752024
0.0002323231349001049
0.0005958867633312104
-0.0018353125285378688
-0.0008378643855509507
-0.0006042628411482285
0.0004151113126833749
0.00048214462244793857
-0.0010377689663586503
-0.00027008651624397184
-0.001084007165418992
0.0005863526816357133
0.000529824959763555
0.0019285303478588098
-0.000641714065618255
0.00056835296842721
0.002163710103929328
-0.0006718910331684492
0.0006184558930140126
-0.000637976428387726
-0.00037715457659527596
-0.0004910747494024076
-0.0029040213947427707
0.0006546439340720711
0.0010684337200650108
3.367652796733686e-05
1.8809691514001784e-05
0.0021957312746335765
-0.0007098571288107784
-0.0013363656101353888
-0.001971284587723701
0.001006662847056022
0.003056777171188798
-0.0007963976377283919
-0.00031992467320088086
-0.0005389599477922983
0.00020114440659157223
-0.0003608386151576375
0.00041838165520436706
-0.0005393680002263266
0.0005084303639942985
-0.0007761711903240878
-0.003190248103421341
0.0011637534353786852
-0.0007568737344961146
-3.6565147261123576e-05
-6.639415580502832e-06
0.002805051887349465
0.0008980823775985891
-0.002329787383559428
0.0007215863477123627
-0.00036541940413519245
-0.0008990697259747463
0.0004805323321009482
0.00032031329509492947
0.0010245456129880492
-0.00044150853263643535
-0.0012009602768813803
0.0005460202129066299
0.0013639370277015207
-0.0012286872483250329
-0.000831283325036766
-0.002151222889414628
-0.0014403444302782207
-0.0012935135983616827
0.0007832631973493701
-0.0001656519604202769
-0.0006431826322369873
0.00013100686871183107
0.0003320168858201645
-0.0013940216422876556
-0.0003386486874885894
-0.0026138106868940658
0.0034002159496289847
0.000428452430159233
3.811292130908682e-05
0.0012061957964243566
-0.0007090367484195786
-0.0003647387014655142
0.0021781335687714016
0.000269608253285153
-9.559235237466072e-06
-0.0014272751774123682
-0.002376837477144569
-0.0005725316613028474
0.000587864007646294
4.633841070775191e-05
-0.0017521363085454922
-0.0006687276619343987
-0.0009705118753244692
-0.00044687325743482365
0.002383141421214125
0.002385871615248404
0.0008017476831844288
0.0004634030692237431
-0.0004280560969299785
0.0009708795328710135
-0.001328140158873891
0.0011060701802230776
0.00036969345518366283
0.0003100274299841478
-0.00020787438858320233
0.0010267880860460475
0.0006618918763465451
0.0013986070000978393
0.00025288724878267895
0.002897027953572783
-0.0006860536023432029
-0.0006397973602423636
0.001371819075961402
0.0008939107012683105
0.0006628828172438516
-0.00035639440716363034
-0.0011340149454010981
-7.529634312411486e-05
0.0015826755146974751
0.001814551512461111
0.0014639741538870754
0.00045424928719901
-0.0013934651183947547
0.001990639718736312
0.000895826937903747
-0.0005573807944831748
-0.0013463537605708429
-0.0007986823515127663
0.0011808824195078684
0.0009973074109460745
-0.0003022760431260636
0.002371790156894226
-0.0017599536727028098
-0.00039512615566884396
-0.002171497244034948
0.0005493175489145574
0.00017505881305902578
0.001705862874209685
0.0003318487390500389
0.0009219955518888404
0.0002742165655095641
0.000765362610265818
-0.0013973731899320375
0.0013843087236273686
-0.0011084154904990957
0.000666717924752873
0.000103072793728474
-0.0005347883824065062
0.0008847381828000404
-0.002379606799912382
-0.0005232783072950094
0.0013455281061561222
-0.0009192831415623217
0.0008141056473725194
-0.0007817921629092198
-0.00018164281776251683
0.0010655489942292921
0.0001509270060167276
-0.00015627602176925015
-0.0012102298010481063
-4.815304160896708e-05
0.00016512001558492736
-0.0029001081552726335
0.0014804260666982996
0.002075898181599066
-0.0003347357073511889
0.0010227618766592698
-0.000769062746873151
-3.360824718320638e-05
-0.0011203389232712787
0.0004022644417998053
-0.002184184065015688
-0.0011843040521710897
0.0021648496993439087
0.0008711981383931235
-8.477111043018937e-05
0.0010286661127069782
0.0017241278279489548
-0.0015735851284324576
0.0005038451247560347
-0.0011675278555602637
0.002080185108448582
0.0007871118511801756
-0.0004373576375952589
0.0013998353178181634
0.0009626290331181083
-0.002090549543057798
0.0017431479579245806
-0.0006605663234113597
0.001075263697709003
0.00045026518471182243
8.022465253053603e-05
0.0007147350437644797
0.00024232042716123493
-0.001505574717401858
-0.0010759905574454255
0.00028122656167712574
-0.000740529570970044
-0.00085268407683821
0.00143210278250852
0.0005563431355560648
0.0007279964656553662
-0.000562183351087918
-0.0015871336392904909
-0.00098172863401612
0.00011141199221141961
-0.0004868098048160583
0.0013634248455462066
0.0016246279698538873
-0.00015735003720453964
-0.0013140759614015808
0.00036454699702051627
-0.00011886580654180011
-0.0002933376521941666
-0.001154922499729053
-0.0012200146006411065
-0.0006492161116772747
-0.0009201511240722008
-0.002711299003572898
-0.0006779366970869517
0.0022850734466367774
-0.0013161666866713445
-0.0007501592396613781
-0.0019644202942566747
-0.001697264392221488
0.0014165231624004696
-0.001077050012110284
0.00043688768091145337
-0.0016598937439582923
1.030762791188523e-05
-0.0022075154914906613
0.00020465365142227046
0.000716355164018595
-0.00044308935635348207
-0.0024074542390397423
0.001146069147052548
-0.0025396686473031097
0.0001589501541677649
0.0018719583071313663
0.0005636542593287153
-0.00024412965437256137
-4.739340263064566e-05
0.0006305800798342656
-0.00042956425062165343
-0.0001284851671035454
0.0013588745704628195
-7.041972414069487e-05
-0.0006743513575132683
0.001033153129324451
-0.0020388508983764453
-0.0006305856589551238
0.0002778862381477484
-0.0004702212125580559
-0.0008894064847884361
0.0018441448558474025
0.0010759127728792316
0.0012717018769796225
-0.0009453215594190589
-0.0002224165674926971
-0.00044482783565266226
-0.0008252738837996571
0.000523432674759928
-0.0003071163284836031
-0.00010876954833182125
-0.0017209680527030683
-0.001123547059912172
-0.0001068607255616857
-0.0020283838553722127
0.0004986767453491896
-0.001043070024970137
0.0031164869931111106
-0.00035112936182581886
-0.0008345387365101039
0.000974228094028503
-0.001034854321568572
0.0016563291773528741
0.0009500226399559495
-0.0008552946761832071
0.0004486999708840069
-0.000446022123925407
0.001463106392572766
-0.00041128509113430833
-0.00031183398759377116
-0.0004148619760447276
-0.0014971878932245302
0.0006118198997242127
0.0004536204892138723
-0.000852250292910779
-0.0020322028960394
0.0012636343482604288
-0.0006808190126537043
0.001678714150282766
0.000685838470583104
-0.00013038377604690523
-0.00063942496952667
0.0015338322649032596
0.001354748815442252
0.0006068858274451281
-0.000784946632928448
-0.0002317151903179853
-0.0007412515110118991
-0.0005641396234280639
0.0007593772599305193
-0.00014404632466225874
-0.0003314011460010721
-0.0001449049642595805
-0.00037504423356671214
-0.0003345612755759111
-0.00012948071081022954
0.001695643677027564
0.0025000630542587185
-0.0010432642728174847
-0.0005842585732525183
-0.001146677335712538
-0.0010772421929231705
-0.0005901415558036554
8.119695198052212e-05
0.000743627811549973
0.000543652466881857
0.0011220484065355455
-0.0001390919176456306
3.543446415581257e-05
-0.0004993660365089182
-0.0005370549047621328
0.0005246435721156843
0.00010662765823856079
-0.0005782356890106782
-0.0011669412601643346
-0.002102398536240051
0.0006316196262044497
0.0005382592425251329
-6.0333953651692594e-05
-0.0003988151375014764
0.0003229390543105852
-4.23175023872137e-05
0.0008287505823718782
0.0006340105443720046
-0.0026391721735002575
-0.0008703684754154296
0.0008035648470869479
0.00012127166685145853
0.0004617409405332704
2.787332836995473e-05
-0.0007548480025866705
-0.000748387081776557
-0.0012341799156918984
0.0006461520953911788
6.80279787433141e-05
-0.0015022740488989216
-0.0016040832913651146
0.0029176543336615207
-0.0014191754422021865
-0.0018969700766078605
-0.0009537771754185573
0.0006122785414572157
-0.0003427868370884922
-0.0022677262180612495
0.0034557363545042463
0.000527206683060101
-0.0008950493321592632
0.0015397412452145657
0.0006034635547709009
-6.061629488822609e-05
-7.778535771310682e-05
0.00041924618664731795
-0.0008025254491050149
-0.00026683173022017516
-0.0006867813544893375
-0.0006420745873541178
-0.00029198702441825757
0.00011469911508597469
0.0017109867094052564
0.0013935508888837575
-0.0003921324227148575
0.0011607678748729255
-7.973685527992067e-05
0.0002576178058827901
0.0012093255577196665
0.002058912528038619
-0.0010298556830654407
-0.00010597067272645456
0.0014796094466317843
-0.0026857142807118783
-8.726720293071105e-06
9.22304848128458e-06
0.002890487109048098
0.0003261527624449032
0.0015514406103416764
0.0005564547824597045
-0.0017089174595210377
2.9602967473780473e-05
0.001194831565467613
-0.00048186579399120465
0.00011050867526944098
-0.0013119497990760683
0.0004586317511193433
0.0012244159424591966
-1.2252341223358587e-05
-0.00047550755022300844
-0.0010795242482002899
0.001423869715601437
-0.0006138952480881666
0.0007148818683911321
-0.0005158552890738332
0.0009622238104618845
0.0009224407312018265
-0.00032093766154123925
0.0014120102312311924
-0.001342626954989198
0.00035423015343553145
0.003250887251833652
0.0001498292886787323
-0.000430813456415146
0.0002400080563032167
0.0015948622083347462
0.002203165970455344
-0.0003449633598899762
-0.0017618917501471924
-0.0004708227119589212
0.0007780566613600532
0.0004639064722031711
0.00016329128502630129
0.0006321531464515064
-0.0016610536019965013
0.0002842502059580377
0.0014977033780585228
-0.0007273598689662409
-0.0016692094182577321
-0.00023264085217292058
0.0005563173361091646
0.00042437462881268545
-0.002386358359913205
0.0020204794739872274
-0.0012266128949944418
-0.0027095350222967212
0.00010593225334423078
0.0008301572759439695
-0.0022300787092191473
-0.00016244876288923596
-0.000719557480927776
0.0027887898220498976
-5.841859070408601e-05
0.00034984794538091957
8.055041258520971e-05
-0.0005928904176345706
0.0009471663339372179
0.0022452951913816657
-0.0002588958433746764
-0.00033805712316647784
-0.00047466287714971396
0.0012547293765814357
0.0007472563036750296
0.0005948352724002635
-0.002379367222228116
-0.0005685455992586688
0.00046649913598514214
0.0017714461138816028
-0.0021341341011662557
0.000542334865892732
-0.0015027560832768729
-0.00038694814773672923
0.0018974541017459407
-0.0012235058371014593
-0.0011193168090535143
-0.00173646996451926
0.0002423364905360546
-0.0006794625651460821
-2.4399604496774605e-05
0.0005261680554489453
-0.0008457231666718326
0.0024003737535993686
-0.0017868989695129407
-0.00012349737481076177
0.002088044553156173
0.00034990535291198486
-0.001248756375754275
0.00371402540261234
-0.00318502762864412
-0.0007097113262602064
0.0005033515264955886
0.001607368419319124
-0.0006394345190733335
-0.0014203190538071744
-0.0004498795264223661
0.0011023659518444072
0.00033880567532359557
0.0018759362806290856
6.210622594801528e-05
0.00019346265057333686
-0.000670216693650446
0.002656559194396028
-0.00038269850378185434
0.0011653967159877315
0.0010813238613784696
-0.001417727308784231
0.001328347525906751
-0.00038202830824843824
-0.0006056164359957442
-9.013624294956459e-05
-6.0924496591126945e-05
-0.00036480981549446494
0.0009694780793456938
-0.0013175406086289709
-0.0003714733209366736
-0.001966848030045431
-0.0008658088456316338
-0.0014307179110234927
0.0005023304995337903
-0.0014289321152876854
-0.0011135417435910666
-0.0011699758914164122
-0.0011135898303984706
-0.0009145879334557747
-0.00028274355556415367
0.0006991899877177517
0.0001377569836607203
0.00019864239485600346
-0.0008118659617947404
4.122214955358364e-05
2.9978774586251642e-05
0.0012289611986913821
-0.00016999128773750725
-0.0007079643541605949
-0.00017082945877049837
-0.0002882607603843869
-0.00018719248077904123
-0.0009259818739591587
0.0008970672196001183
-0.000629355060632202
-0.0010472118163228046
-0.0005941532917887838
2.2709105914332682e-05
-0.0005872983571825841
-0.0014632550165803065
-0.0009998061928102847
0.0018045133718269095
0.0007639373210110066
-9.551351487595678e-05
-8.464540616672414e-05
-0.00012234562473429673
0.0013203347926693712
0.0014511681889290303
-0.0005338157820196018
0.0018741794122812913
0.00013866189820330282
-5.963156237503315e-06
-0.00127216857674935
0.0008841256042054062
0.0007231088902105153
0.00041798136749757853
-0.0005918813997200178
0.0007600331318373439
0.0010053932912701179
0.00031530140357949874
0.0014051080751845818
-0.0003480962629944594
0.0018574092032057129
2.828689197134268e-05
-0.0007130685563424983
5.6923160264788586e-05
0.00034099989377065415
-0.0006984171491191669
-0.001236296623466964
-0.0008221828053797259
-0.0006953149880384509
0.0003171922061914371
-0.0003681661760493458
0.00256168631701541
-0.001379226454477015
-0.0004154687688843985
0.0006799727759565548
-3.3402874377488934e-05
0.0008960168838786366
0.0008412000223691823
-0.0007817516383553675
0.0011369229730459676
-7.364945057863424e-05
0.0019631011372711277
-0.0002876421984149216
-0.00028663433224281824
-5.1274878000935835e-05
0.0006262321106349505
0.0009859961712364355
0.001301505417176578
0.001585356210849165
0.0024989146408376807
-0.0007884167219828937
-0.0002521147686734651
0.0014203012361226654
0.00043329401980788995
-0.0015042014056389059
-0.0022901293096125696
0.0013959898938587163
1.1949326175194959e-05
-0.0014569765446714158
-0.0009286503010374627
-0.002311407351264875
-0.0003407431467337218
0.00043444912179464924
-0.00098568640590968
0.0009994530045049702
0.0008879551554758699
-0.00043772571465064235
-0.00013847800494354743
-0.001008099176674033
-0.000800483626778033
-0.00024385988730675124
0.0007709490909035442
-0.001669467961901941
0.0010546169218632545
-0.0016635772187839832
0.0011444822061338852
-0.000322440010062665
-0.0008447487773050852
-0.0010426404666408302
0.001249322014430133
-0.0005948728943689913
-0.001523298081069494
0.0026260574271543707
-0.0008724179744074644
-0.0014367196984778484
-0.0008341176869294987
-0.0008872871296005647
0.00011950698731842129
0.00254552626031723
-0.0009401053331222613
-0.0004447967725832879
0.0005613842207262748
-0.0006976851900967902
0.00020802305142131303
0.0015826982943741373
-0.0010138494113736266
0.0002559101337872627
-0.0022806342990981535
0.0029129035978395505
0.0002457234218441512
-0.002192220321257789
-0.0012854639102092991
-4.4132213723181e-05
0.00229894797688222
0.0007376761820979003
-0.0007875595780559298
0.001746535640881573
-0.0008225988326421145
0.0004259914463881225
-0.00039475403607373854
-0.0006540404862086642
-0.0007015482986073622
-0.0011504146824071935
0.0007358466777014827
-0.00025165098674372863
0.0007232553792300967
0.00031891534672197504
0.0018877858611237141
0.0011591573305147888
0.0009141977486312744
0.0005143483294221938
-0.0021958877743128427
0.000524063982170666
-0.0005222534888053892
-0.0012365541374076592
-0.0006246943361522245
-5.436154776434023e-05
-4.836069120356821e-06
0.0001552454105906359
0.002091626597678611
-0.0021562533877072256
0.0002090980653569807
0.00024391869897897093
-0.0009037223230776945
0.00073009089785778
-0.0008008107979078917
0.0005598289260289428
0.0015174508795020145
-0.0015190483081416537
-0.0006256344443660897
-0.0007532972080750669
0.0012538855841300017
-0.0005195145502653757
-0.00016583395098209098
-0.0016880688271163854
0.0007113406264771654
0.0026032093095321356
5.00905969208606e-05
-0.0005530158355225802
-0.0006135811240299029
-0.00036301832206588064
0.00037143020652246814
-0.0011358087083378318
0.0011827632988289046
0.0007963955589060794
0.0011119091254405624
0.0009861453714619022
-0.0011025943553386868
-0.0012785749801322696
-0.002138039671598773
-0.0006047798514689085
0.0025221438063125607
-0.0013456377317899015
-0.0005109997218067007
0.0008796021853151522
0.0010002804437391146
0.0009506642901664288
-0.000915808467726977
-0.0016782846682277944
0.001052757986668217
0.00026637426727234043
-0.0005217537816641631
-0.0006480354917652498
0.000145497135309352
-0.0004675601688353191
-4.656983813268779e-05
-0.00018092022869541696
0.0002151270175688222
-0.00031510096988363376
-0.0009140413862458093
-0.0009842617615196956
0.000859122988342439
-0.0026231129174953704
-0.000531293637326773
0.0005821355686844486
0.0010367955151662155
0.0018053803932801757
0.0023228331016327077
0.0001581751687933689
0.0005633968376106246
-0.0002376193847615111
0.0007921807764824316
-6.362966085587978e-05
-0.0008505676887219451
-0.001599769882066704
0.0006739332750042697
-0.0021969438763740044
0.000803338285271142
-0.0002760003018383434
-0.00032132397578997143
0.0002094303621221103
0.00013916542738208387
0.0008280429285128509
0.0009486356868749965
-9.64115536339971e-05
-0.0006694378598891788
0.0007396542272934946
0.000845518194653072
0.0006149363816579089
0.00018106453626903524
-0.000516511248349441
0.0001608241271945252
0.002114188603338583
-0.000374082185387266
-0.0007856836905433764
-0.001199886814781716
0.0003071537944366468
0.0009451939905948196
0.0016193181091842138
-0.00041887305607058085
0.00012251342410949916
-0.00013810189204033584
0.0003881462344713254
-0.0003197970128474413
-0.0015006540922879227
0.0010279963477768494
2.1816883074285735e-06
0.0010661661451235702
-0.001143074574387481
-0.0015741846523280626
-6.295818391364614e-05
0.001853388729648881
-0.0006109467797912124
0.0009574673124606535
-0.0005855440821621586
-1.8980183373207404e-05
-0.0006438873426001104
0.001391311828755521
0.0012053737386912029
0.00041638653565232277
-0.0008640127334454015
-0.00021761690584564438
-0.00037438063506981564
-0.0004956572885292347
-0.0007565815809131661
0.0006034318932947028
-0.00033193288905613796
4.04830665083766e-05
0.0002692524869073366
-0.0016806386543626458
-0.0010438835822754251
0.0009351595867095993
-0.00021323329781029615
-9.544961986605234e-05
-0.0015019584367977343
0.0013845174601312316
-0.0011614399280330855
-0.0007457899940831916
-0.001029946949466936
0.0009749966688917969
0.00020042847280684736
0.0025733008727101317
0.0012839114868939546
0.00020678516057862239
-0.0007507715207861084
6.350420899112141e-05
-0.0010104457836137355
-0.0004716690596005573
2.5041838205911035e-06
-0.00024274703367380154
0.00026246970019402086
-0.001517444846202166
0.0007485699571206497
-0.001121674353039362
0.0004613714981673012
0.0023749890490857932
-0.0010933330375969368
-0.0010849422124840696
0.0005217305485019128
-0.0029589003165176857
0.0004304925855453065
0.0010894218998314129
0.0007935383909873696
-0.00024558505673458365
0.001398509567263111
-0.0025876498064330744
-0.00012021305883171163
-0.001687869201928465
0.0010493229415099972
0.001149681011372711
-0.00046563597748021124
0.0005542486236123013
0.0007037034146702034
-4.785779128804261e-05
0.0002994075755114174
-0.000466912737030295
-0.0013668014604038777
-0.0017427707965959735
-0.00021186496676137902
0.0013634721238456658
0.001146330649447528
5.0451183836609044e-05
6.9573994321168e-05
-0.0006509792463083396
0.0007975905183929662
0.00020289396439111893
-0.0018151444122774777
-0.0011521330634192662
-0.001296773288825179
0.00022865216213122149
0.0011739629491873558
-0.000911421446761867
0.0005032849542565487
-0.0008725587733617021
-0.0006935708991086788
0.00018089595820221927
-0.0012972971062835002
-0.0003266417266928344
-0.0014967417070903305
-0.0005623605211117996
-0.000587638006793547
0.0013881343966946306
0.0009320759297824025
0.0019027618419891182
0.0005699492411639825
5.168287288251219e-05
-2.521186167136352e-05
-0.001851594513226559
0.00028690607065347105
-0.00020658856764219438
-2.8758030907330526e-05
-0.0013605674522715087
-0.00035520472239366563
-0.0003260141796067809
6.966293400876368e-06
-0.0005926238617182379
-0.001485570629097535
0.00024470778747779276
-0.00025370489785930535
0.0030016994895929565
0.0009175813197082411
-0.0003271426396619465
0.0013468724336720124
-0.00048413772073012265
0.00030985688473290863
0.0006671447101634231
-0.0006117464669554965
-0.0015378749225035428
-0.00024002769347730336
-0.00030047733830586537
0.0007656243719935346
-0.0012248576817997026
-0.00015955597069595536
0.000728273501665242
-0.00024412986447368227
0.00014151235814100621
-0.00034534169168291487
-0.000622633545091688
-0.0006818786427495316
0.00047494923735026554
0.00032605841525370176
-0.00031202356745185534
-0.00163554188130091
-0.0004829551939597382
-0.0012041524493040898
-0.0006217167886119924
-0.0006253415086245123
0.0005950089414321978
-0.0015424260026278584
0.0016140868838862628
0.0007495887610323023
-0.0003068563169051591
-0.0021730903860569966
-0.002723532777196359
-0.0013864205963030386
0.0027929986398205968
0.0005486995590026005
-0.0008669354133899035
0.000700886934948463
-0.0011294705586963245
0.002684492849870545
-7.371551524665066e-05
0.0012287806309926059
0.0009484528073704859
0.0001770771886556211
0.0005934447912846447
-0.0006179430812487385
0.0012820384298526098
-0.00046650469985113344
-0.0013806479487369903
-8.932570264090195e-05
-0.0010720030038913085
0.0010497322982351437
0.0010536803721937894
-0.0009962373624695746
-6.232776128518603e-05
-0.0009738056299056963
-0.0007797059184098998
0.0002922887164534213
-0.0004718798707663148
0.00012033213485551949
-0.0006945353083254754
-0.0008767341483037937
0.0007867435529292222
0.0005444142339141073
-0.0013614746973417081
-0.0006407319912656179
-0.0005802259914918063
0.001420041560151292
0.0011835252565469893
0.0010773351671763526
-0.0017373885058183797
-0.00034964911691309157
-0.0004170285866497585
0.0004187609674692046
0.0005062708274870789
0.0007771159623667984
-0.0016884196814270676
0.0007521253292017604
0.0017090312185303368
-0.0005646866553267535
-0.0008271571928049451
-0.0008062568235192879
-1.2383689094163494e-05
-0.000682927349667274
0.0014183027799151927
-0.0005271402675301474
-0.00169335810550363
-0.0003099789423897876
-0.0003829331659319715
0.0005364649532954914
0.003026427552522333
0.0011507694495912284
0.0006149948646570875
-0.00014566811532429737
-0.0006353666791548556
-0.001802585114356376
0.0004853101293633512
-0.00036748326558438943
0.00017508102067818047
1.1928178769288779e-05
0.00031385629478560256
-0.0005561122878160696
-0.0008836185858225288
0.00044999566172388165
0.0002478252644448507
0.0005377859221431815
0.0019523669434107537
0.0007187063779280939
0.0016303579232079715
-0.0014762537385691644
-0.0011315688580074916
-1.1193043267586211e-05
-0.0001530674885018173
-0.0004687680720767495
-0.00020839028529860012
-0.0008279984564154932
-0.00045966359794217415
0.0008961752217693605
-0.0012522859740443993
-0.0008017331910608976
0.0010487687738006258
-0.0015218542578448325
-0.0005460092640726321
-0.00038569040268480163
0.0014965517271386926
0.00207578902193213
-0.0011134679481725604
-0.00016926935116266722
-0.0016422826027188198
-0.00015610358075409964
0.001977930564630468
-0.0001295519170617851
0.0004201778277166646
-0.0021911521255542107
0.0002659793187689572
0.000732470237581377
-0.0010942021988919837
0.0004385460416498084
-0.0007871618566337905
0.0007969471977745643
-0.001340932894395341
-0.0005204058006076569
-0.001526559194396028
-0.00014265974532554507
-0.0005553903817509631
0.002169516007105162
-0.00026058791320840576
-0.0024892438027276672
-8.39018229357894e-05
0.0013971690534639398
0.0011633721094714202
-0.00018478382120131116
-0.0011803493153026352
-0.00045398072526768276
0.000843964871300582
-0.0007422104166887683
-0.0008197719796108996
2.6747656488411463e-05
0.0012694225939278558
0.000460590830354994
0.0013235701862903538
-0.0009044317048970967
0.0018840964486877933
-0.0011746953963654723
-0.0015444601892005663
-0.0010387419065130442
0.0010268527701486109
0.0010746983904797983
0.002417328337156411
0.0011130579084454198
-1.5164376737797592e-05
1.226062045565349e-05
-0.0005407770922795331
-0.0024158279065877937
0.00019994037461931293
0.001971476535553166
-0.0007694016337407699
-0.0007483061470803538
-0.0012633826277021307
0.001041426267299799
2.8579110040774163e-05
-0.0009452087150083688
0.000941773677477583
-0.0006376646875557105
0.0010176336667839215
-0.001260051700477346
-0.0014959814010582853
0.002256105502867326
-0.00040758278833587897
0.0013294973843797236
0.0007278789463213824
0.000252902412120352
0.000122912327783821
-0.0015539020822685264
-0.0006601755089768997
-0.0002529112065511054
0.0017140788369439867
1.6213412328581247e-05
0.0003498263098192737
0.0005557418726056359
0.0014482701726372482
-0.0010794327765514947
-0.0029289117389459593
7.509975712171689e-05
0.0007315889757098833
-0.0013798763000180219
0.0011487086543702737
0.0005932781810956562
0.00016197758581608038
0.0006386435736411714
0.001999151354767392
-0.00011978565975947032
0.0007730613525783182
-0.0019629547168984467
0.00018491945222269286
-0.0006533095984939838
-0.0015506327736114656
-0.0007619029548469119
0.0009083574568250865
-0.00030922870040946154
-0.0012092338031624308
0.0005891495047680823
-0.0007048158148175651
-0.0002392465298818225
0.00013254439911668738
-0.0003383983364012949
-0.0008719143315105849
-0.0016246025060140576
-0.0006248885271405234
0.0005908033195561082
0.00046677371942846637
-0.0002317812820287198
1.873408423335328e-05
-0.0003372216328296384
-0.0012418527205702934
0.000453564774279629
-0.0007558548501497095
-0.0011703219785811965
-5.1061500550526935e-05
-3.096251934681141e-05
0.0014184137590717053
0.00012269166197406177
-0.0014786181472451064
-3.4313879772372745e-05
0.0017842813758114804
0.0010016712181642195
-0.0006678420295435459
-0.0020061562100448164
-0.0006718206700949902
-0.0004106255012003845
-0.00044522305874364966
-0.0010716418795882045
-0.001541575982030322
-0.0012328565941276944
0.0010688738035590578
0.0010356528680848564
-0.001885172847349332
0.00045235510147364073
0.0009082034936141395
-0.0031505179502285007
-0.0012538219255705336
0.00037740843283493616
0.0003883444367962089
0.0010426789969675404
0.0006733891297424347
0.0021458481421687027
-0.0010224873958395956
9.24305714604881e-05
-0.0018838792838699824
-0.0012689904041340136
-0.0013042769213903536
-0.0011833780741243693
0.0012608628669289537
-5.056792170536651e-05
0.00112284341738973
-0.00040467072577872085
-0.0027804247201095966
-0.001540445932001986
-0.0008451422460863813
-0.0009472453277983134
-0.000680871325752635
0.0015164206150249206
0.00023491491043278287
0.0005858811571676344
0.0009577380447434956
-0.0002185308055048156
-0.0015621009214147614
-0.001171442997728342
-0.0008879585115465818
-0.00048133366609745255
-0.0005889824376264897
-0.0006270963903725982
-0.0006585166032237551
0.0008083927073554185
0.001962222513798201
-0.000350240292929501
0.00034197674679840195
0.0013047045645404641
2.3403621865965656e-05
-0.00038828564453927404
-0.001047589465807152
0.000517650813254288
-0.000886736406024092
-0.00036374886238563795
-8.390897746835385e-05
0.00021377794578933437
-0.001405064217442318
-0.0010765130255414321
-0.0019566304575066324
-0.000646680756269733
-0.00032099759028575615
-0.00026107141968101095
0.000489639407190326
-0.0011939041645578543
-0.0006921265190813771
0.0011063729588208044
0.00043269618920250804
-0.00023636623905194638
-0.0005307957794914536
-0.0003224997217720304
0.0020730903479198293
-0.002321477523652497
0.0001927116687319674
-0.0006959794824120749
0.0019373293058404576
-0.0009849442607966492
-0.0014382468326909303
-8.548027452103666e-05
-0.00031004358904858625
-0.0009495704551920528
0.0006401401904930696
-0.00018241666664933146
-0.0007662614804141029
-0.0010368450130488053
0.0021116924453114757
0.00038361483728569645
-0.0003697601418342049
-0.0011009865152524058
-0.00029970720397913477
-0.0008778314537603835
-0.0010049226862544702
0.0025279861991299593
0.00010792188877163387
0.0007981262464353015
-0.0014760773805202422
0.0017387136274568747
-0.00024582621676458544
0.0010342568917501478
-0.002605276389758243
-0.00014775617515277623
-0.0019446088173685255
-0.0016345399229227048
-0.0010220667692348443
4.051624168341095e-05
-0.0015563534783558054
-1.8193066912630452e-05
-7.968660574843608e-05
-0.0006011241786380969
-0.0005366507083424089
0.0004515869350247377
0.0002179001658412049
0.0005839719308369299
-0.0017741034770210045
-0.0016803755689285267
-0.0002699490047135455
-0.00019649885723712027
-0.0007632510350600524
-0.0008441433532430147
0.0004689968229659526
0.0015389073226619988
-0.0004242988807712192
0.0018880311975202242
-0.00027773375049847034
0.001238796507148604
0.0011110074983217914
0.0012209949664486537
0.0006993522308543967
9.253423174791569e-05
0.0006514368694322773
0.0014208387184746903
-0.001962942852772437
0.0013596420539097286
0.0009234710372831026
-0.00012119046519508486
0.00024474910875173786
0.0004961436823320975
0.0003782000265989405
-0.0015288743222245315
-0.0009675700082244538
-0.00018303126582042405
-0.001235313054830776
0.0023849806242388608
0.0006259936313011007
0.002114110902674157
0.0012834646836310496
-0.00010914285017910941
-0.0010909935359581827
-9.157624517677255e-06
-0.000744217320625474
-0.001235471156271064
-0.001108383123138603
-0.0020979022328756667
0.0001323662721966113
0.00018385955932711352
-0.0007285847695963847
0.0010982811942785648
-0.001128339078870921
-0.000655540871012681
0.002640774053094009
-0.0005268085462895412
0.000456275507264194
-0.00038836003905800697
0.0010381491100137311
0.0016555988582286866
-0.00042831973153930545
0.0013823878807155395
-0.0001302287755050104
-0.0008685598167945962
0.0015265111602872543
0.00037482962047208704
-0.0009619992095898749
-0.0009881561078372088
0.0019246008889981692
0.0003809344233490439
-0.0006252295344346373
-0.0003158628131902175
-0.0015328686530999586
-0.0015352881928647857
-0.0006770390930926171
-0.00034253441896673644
0.00010456451376810698
-0.0017618395251104465
0.0006829328074426004
0.0006953238053515043
0.0008428275869983323
0.0013315408805816432
-0.0004849140138626523
0.0011312600197605999
-0.001296777804265774
0.00022389764726268383
0.0007112708812258149
-0.00023770222215565543
0.002781179176593598
0.0005547984395241952
0.0010844931667557342
0.0007553677469955367
-0.0011071480738615693
0.0022357244862178174
0.0003770417439724378
0.000319395394500218
0.0007680476651490153
0.0006209654025166507
0.00016562557712801752
0.0008914163093387451
0.0002549285254014682
-0.001466146031581596
-0.0007590128558310378
-0.0015643056310498116
-0.0006599316335805941
-0.001439481870180112
-0.0008683223630038414
-4.006306951358526e-05
0.000554242601406901
-0.0004317628049179193
0.0008493969158264875
-0.0005114366440762893
-0.0020612431402504032
0.0019016698375987676
-0.001835352343740411
0.00011559817938711088
0.0004551371814705792
-0.0007865723246759884
-0.0006281675871245318
0.0007142765247638151
0.00027478615172892804
0.00016007328611397328
0.0003112834165659668
0.00012516955576510178
-9.307102416391715e-05
-0.0004042917948855562
-0.0008731466460060293
-0.00036452724612833176
-0.0016588882769607068
-0.0011851583892025497
0.0014419650497825244
0.0008015581685062301
-0.002270329262780129
-0.0012123533700462504
0.0008978269459472224
-0.0007113875157775193
-0.002527812374082342
0.001211950371133576
-0.0007708157481121927
-0.0007121922328874546
0.00072231017242368
-0.00017585288227188266
0.0009411722890212043
0.0005267283667092486
-0.00010497443076290919
0.001575026754956289
-0.00029450875722968046
0.002824460517180204
0.0008739241144567111
0.0013611094424366957
-0.0016356007768748976
-0.0006975640206892053
0.0007390219740810099
-0.000186913476891338
-0.00044529466508875837
0.0005951795019383043
0.0004967635520596945
-0.0002688732814265684
-0.0007539552496400027
-0.001315195538963808
0.00030866622295806166
-4.0938275202929645e-05
0.0003320429758029381
0.00023070518499750432
-0.0015244300379561888
-0.00011022767715459546
0.0009361777235675276
-0.00021870021496187643
0.0007589117008087923
-0.0005516641822035749
-0.002461136516358383
4.941180873697543e-05
-0.00045715770731000053
0.000489115963476243
0.0017391428272968091
-3.1982600506863866e-05
0.002682426513665899
-0.00014136479018629413
0.00016006503323099435
-0.0011117905077561638
-0.0005373807182088404
-0.0011925258415711349
0.001506678273886851
0.0004569468129358778
-0.0020347003084326062
-0.001234975304450739
5.868211090191124e-05
-0.003006792586231776
-0.0022019967459288746
0.0009852704022229946
0.0010609721680501097
3.890229618336414e-05
0.0016949307907491993
0.0008254289342665705
8.46329048033207e-05
-0.001132412044424669
-0.0009301321282959268
-0.0004606834579066564
0.0003667579195468028
-0.0017212922643887545
0.0014164210345337601
0.0002246167651541673
-0.00034575501120643324
0.0020527491423124452
-0.0027925724188401215
-0.0013106450690341667
-0.0023597681048747134
-0.00177297671441648
-0.00039310046605698507
-0.000282182649364042
0.00028333963948727836
-0.0002844615662990037
-4.282905493256707e-05
0.00039301221249169734
-0.0010440591158681332
0.001477699228734733
-0.000622971314193607
-0.0011364794530464557
-0.0012515870875734064
0.0010958974077612744
0.0025987451786819897
0.00035700026598940607
-0.0011190115896770874
0.0007969514427879736
0.0018070757200279828
0.0008920728025346933
-0.0004683658393744343
-0.0015700367735901083
0.0005947480145617411
-9.180418374431684e-05
-0.0002448605302993897
4.6534126489334305e-05
-0.00025737086009782427
-0.0008900767565961876
0.0015167766559903402
-0.00027282126732302794
0.001272776109450064
-4.5339743220373267e-05
0.0010897578119999916
0.00017460888254841164
-0.0005773870378841442
0.0005134536619897324
-0.0012841920967030975
-0.0010025686543550182
-0.0007897335872713946
-3.6665512844007127e-06
0.0003406151126360433
0.0010830055045106912
-0.0009302599599199178
-0.0017604590359326306
-0.00042362532500667236
0.0007386996581592357
0.0009074892108220518
-0.0009469068257693812
-0.0001522668028371554
-0.001379257204128217
0.0011732913730884873
-0.001267705173972396
-0.0004017535029161411
0.0015229671267326494
-0.0006790090226990342
0.00047878599654532723
-0.00018809580188143785
-0.0033202211820483225
0.0014999449850561241
-0.0012498151585115882
-0.0009046780820915699
-0.0003887959579733966
-0.0005815831289354519
-0.002395348747058845
0.0009199483529146884
0.0003405286556780314
0.0007086802955727535
-0.0002740858236730155
-0.0003629673021636184
0.0006366294125482515
-0.0012436340660453914
0.0004604236522689154
0.0014078430134824595
0.00017263729778893856
-0.0004585809524126512
-0.002096166450220908
-0.00037346438962816047
-0.0013003152553453226
0.00011003929064314312
-0.0003474021707120837
0.0006402846499219543
-0.0009201809702192409
0.0021155005482391136
0.0029758784036641637
-0.0013420617697989276
0.000675078652013396
0.0010033277864557172
-0.0010074738720534102
0.00035440100031709337
0.0021766331042260352
-0.00020360880745286226
-0.0013847710071131366
0.001978383661219362
0.00010218861401699037
0.0002832175887644301
-0.0004011736959359711
0.00046396798745384197
-0.00024254793061836925
-0.0017093733623120325
-0.0012747340445706994
9.274557683401463e-05
-0.0012490307192801477
0.0004908347293270031
-0.0009311963341584133
-0.0014504153612487694
0.0010577262790807166
0.0017544827816584083
-0.00038170588484919243
0.0027798202425426753
-0.0017316426194492478
-0.00018132754126840174
-0.0007702410709277113
-0.001674250034687487
-0.00042282148505158287
9.62903460892452e-05
-2.6429935748580886e-05
-0.001533153571715591
-0.0018517667593954549
-0.001836990060483467
-0.0001404127450391001
-0.0014505966500867066
-0.0021683995567906454
0.0022352023197521336
-0.0009129114048643752
0.00035207919085689874
0.000228905942096547
7.352433778796253e-05
0.00038866819846332135
-0.002165314938806835
0.001487845454261159
0.0019924223185775083
0.0004317682051407929
0.0019853764311752063
-0.0004028480285199441
-0.0011866799706440891
0.0020398948499361406
-0.0018171328037398277
-0.001024012840229469
0.00044525333202696224
-0.0004798336626651072
-0.0010873112170353592
0.0019189507761502914
0.0008304114026108146
0.0005050108288752717
0.0010175961058346602
0.0005524284621284409
-7.510894817900879e-05
-0.0010394102180704024
0.00015442558006804617
-0.0010431644331808049
0.00014700838504559853
-0.0010747854805147848
-0.0027521326134006935
0.0005032205787183377
-0.0009434835955055553
-0.001436700686753305
0.0009978083197547684
-2.797111622703865e-05
-0.0015235585579213772
0.0028568332286641445
-0.0001762208567036158
0.0029885514418726816
0.000161707532374815
-0.0017778614642439444
-0.0005499637069381978
-0.0007665584926721514
0.0008927244717256939
-0.0012677975310968724
-0.0021854878222131247
0.0008543447826656451
-0.0004567491403709168
-0.0004147278705100334
0.0006511016589875748
0.0007518478924049272
8.028044720613012e-05
0.0013696113839998776
-0.0013012382053009693
0.0012827983240032493
-0.00013868111586854936
0.002956101800095094
-0.00024137801615587445
-0.00017818025629147096
0.00026570748050826724
0.0006675489488807329
0.001283324247326602
0.0010997134889842873
-0.0010189562637419483
-0.00035461782190040033
-0.0015479818667477672
-1.700105508206494e-05
-0.0005396553450591945
-0.0018126272066945005
-0.0019218784784130112
-0.0005911902779762648
-0.000779423367765648
0.0018122041434714678
-0.00030882247509244275
-0.0018733265355566331
-0.00011984910059038414
-0.0005090750610177343
-0.0017044607806733596
0.0009643104626821926
-0.0008585532988060221
0.0002204858768708966
-0.0011386274069492988
0.0013952692463201273
0.0009044074378709138
0.0007376389643831449
-0.00019711402915912344
-0.0007284557591872262
-0.0001587035134801364
-0.00024177883015557143
-0.0010821397679332578
0.0012080722712492838
-0.0011672005200938842
0.0008085379371550797
-0.0007216246720983698
-0.0017644188755540546
0.0013280567189125057
-0.0008590121728290432
-0.0013230337142265572
0.0008996229818591204
-0.000345731442437112
-0.0009837318303267725
-0.00011382487392025889
-0.001345731545060762
0.0005700141319006518
0.00030049159744597497
0.0006860080624051641
-0.001062344552733197
0.00032438491059295866
0.0001400268544596252
-0.0010038315174147824
-0.0005587304195982881
0.00038696487053783876
0.0026267895234705495
-0.00028220912002508444
-0.00080043221440965
-0.0005323010992449045
0.0007298026724030513
0.0007732240568279848
0.0015521783585860317
-0.0003115211789210742
-0.0009802882805802701
-0.0005985876721815093
0.00175361342621051
-0.0026866016369026884
-0.00030315312169701804
0.0004927428039152588
-0.0016109105917799708
-0.001125905050449578
-0.0006298041978897389
0.0013124799778138764
0.0004566460667024601
0.001233395475767054
-0.00015276529374945056
-0.0009023380007678744
0.0002530452586937662
-0.0002771390429803792
0.0010968990839244422
-4.389014152147856e-06
0.00019693424639258828
-0.0009763645117849743
-0.0016575776814224917
0.00017418568965901004
8.353486711312106e-05
0.00020256553473474271
-0.0013541690237169495
-0.000680800577147086
-0.0010839940275115983
0.0007744165491868562
-0.0013654648060860265
-0.000797744383140682
-0.00017263804527741563
-0.001586821337495416
-0.0006602439922347178
-0.0012702913544359457
-0.002337510376949841
0.001560217654707059
0.00041423008132161483
-0.0006168755116881056
-0.0011785188228068855
-0.001762473517377755
0.0008609396217916331
-0.0016687065075944622
-0.00013800061497915584
0.0002873961485066835
0.0001662785769594509
0.00013830064770084508
0.0007367213265881856
-0.00027105770555569086
0.0011406454656607056
0.00018010535947157673
0.0013184623458227008
0.0010850955280565777
0.0007243906769326377
-0.0005357809749898535
-0.00023961396207237932
0.0005268700767950801
-0.0009214345617869609
0.0003712252539189929
0.00042094672639917833
-0.0026268606111501842
-0.00015295272267130464
-0.0006063288188635027
0.001931386791171343
-0.0010653587279021986
-0.0006306225147134924
0.00052351754174477
0.0007078237500526119
-0.003367465786973966
0.0010762672467537816
0.0015719068337435157
-0.002057144138105916
0.0007988447354102281
0.00021555030614784363
0.0004061373439349111
-0.0008526458481418219
-0.00018538779951804345
-0.00015883565529742233
0.0008380995316963889
-0.0007488969951171252
-0.00017839340145186125
-0.0022449658422728585
-5.23768701686709e-05
-0.00035510536328529403
0.00011512651831863334
-0.0004726922534468542
0.001543210174899129
0.0017002538350908676
-0.0009022410144847042
-0.0008882860945578471
0.0008026903618433618
-0.0005553391593750138
-0.0006011696499292347
-0.00014670026724446588
-0.00031132211816322795
0.002600559138369062
0.001069467008472761
0.00012304613168819293
-0.00038961483576020907
-0.0002831477138467108
-5.4066743301570705e-05
-0.001465709410248927
0.0007039639601689879
0.0007057868786233342
-0.00018314643243789333
-0.0019417417566686477
0.0007987607386462013
-0.001212468533196705
-0.0008424084442760864
0.0007240240983212232
2.0751201303431605e-05
0.0003380961146062086
0.00048017851834609255
-0.0012865572681223835
0.00020056168593183025
0.0018782050454501425
-0.0005224509672174992
-0.001585314316824308
0.0006758292524830941
-0.000254972180670045
-0.0021462839660878765
0.0001861667664126942
9.853539375272997e-05
-0.0008629951083189157
0.0010271805667280117
-0.0014212437123079103
-0.0020289803740590434
-0.00011945721068780972
-0.0001710291484449014
-3.9844146919067576e-05
0.001065157256875386
-0.00038741946973112
0.0016161001484090523
0.00024412699239829174
-0.0006792911538344463
-0.0007332040500700787
0.0011900508385773673
-0.0013978454043361407
-0.0009159461276456538
0.0002847188853934442
0.0020581945695170175
0.0017275438045235812
0.0002865002495904243
0.0006826737680152175
0.0005324062475752567
-0.0009010051261899923
-0.0008442094754634826
0.0004264424447394184
-0.0007629679622833121
-0.0003651356636113252
0.002149872963362594
0.0012734558968277299
0.0020338108546976005
5.723177731611001e-05
0.0001134610987373335
0.00020854077872073655
-0.0005658448048198721
0.000523625393653573
0.001094182356470598
0.001786085797739742
-0.0009670990717621524
-0.000592612634136218
0.0012033419922037921
-0.0011514085522389395
0.0014581074982039127
0.0007025591394785066
0.0009090269319127447
-0.00018003762786265344
0.0002851376730933341
5.755075692915961e-06
-0.00012693338449260976
0.0009083169211767853
0.001831441156049869
-0.0017507482266043907
8.724056827984755e-05
-5.513270000673294e-05
0.0007758278760780599
0.0027213819096139433
0.0019264815963552515
-0.0010511408106034085
-0.0006422939904769415
-0.0003130801770840419
0.001315665781329665
0.0005041672312700919
0.00029871082818880296
-0.0004362426482809464
-0.0014798444326011206
-0.0013239846416080517
-0.0003829564906234226
-0.0022822455715294813
3.9166357928963294e-05
-0.0001274653369553933
-0.00026336670508812885
-0.0013832002786509454
0.0003593818329235668
-0.00031610071699954544
-0.0018011627429415562
-0.0007133273822017448
-9.517260327146199e-05
0.0016912761018573006
-7.442615212555453e-05
-0.0009496599402411397
0.0002839501884912149
-0.0004269630018166467
0.0015796026048239915
-0.0011408314342757579
0.0015696534492952844
0.0008997305591803196
0.0006573436530427531
-0.0004335062989078832
-6.696843254925335e-05
-0.00021590201473106993
0.0008875371152644568
0.0003272504797828981
0.0008183776202920792
-0.0001912446428547906
-0.0002841185259471762
0.0005942142772795332
0.0015472136586946819
0.001736395959693036
-0.002116469648327474
-0.00037910585296652
0.0002749877981867097
0.0016102379395195837
0.0004203965409034638
-0.0009564935943080488
-0.0022862878637063626
0.001074671164009442
-0.0017791835883010979
-0.0007564002040130424
-0.0006325368673728704
-0.00120382913765555
0.0017347065823433096
0.0004445575533883938
-0.0021624536444466358
-0.0009504016776331822
-0.0019344431689295534
0.0011357796665383182
-0.0017098290674831629
-0.000542531409597544
0.0004831351022322241
0.0005068549897317414
-0.0015765347637267274
-0.0002888759815380053
0.0013706629671534287
0.0020337434697901982
-0.0002433486356983162
-0.0011160239732313142
-0.0018724136080485233
-0.0014728726762243953
-0.0007758427988048779
-0.0011272829768097592
6.427005670026019e-05
-0.0003096920940334957
0.0005915500300347529
-6.74169526780857e-05
-0.0017383122337722371
0.0009913175874677663
-0.0007329304048010674
-0.0005376799729323188
-0.0007707511818881458
-0.0002575658207634962
0.00013111369854455407
-0.0004708168506230261
0.0015988406318510392
-0.0010075882114410533
-7.94864008755737e-05
-0.0015547598294561355
-0.001758927062459735
-0.00017892663879047775
0.0005824808015766875
-0.00014039815029191904
-0.0004902643727368628
-0.0008375845197632696
-0.0003561129930069614
0.0005256665822101765
-0.0007851975255635166
-0.00038543905587074163
-0.001354330911831238
0.0007525663203603866
-0.0006318825861326185
-0.0002795477524831282
0.0012563813607854373
0.0004151206715442024
0.0003345671986246764
0.002632649814407209
-0.0003685933199492677
0.0013773845090432582
-0.0023502460135045784
-0.0008398234155549851
0.000245771654266193
6.4567843142802165e-06
-0.00046361094729464294
-0.001216000595147829
-0.0008792331777128889
0.000663362883743977
0.0006461140989848094
0.000648227012458442
-0.0012419549891978209
-0.0001807621730197296
-0.0012555227745801496
-0.0007594338520196092
-0.00015265645374131493
0.001093350790794964
-0.0015708508800706049
-0.0011697577280982236
0.0007737757913860897
-0.0007123559370243039
0.00033797656221451304
-0.0006765571232011477
0.00022911361422674442
-0.0012309317960449262
-0.0008904409589153848
-0.0017085304511758625
0.000949821768029363
0.001265053622937273
0.0003906394247334227
-0.001021169955026572
5.843981057060749e-06
0.0008691066351251494
0.002272998414464609
-0.0019263143080180895
0.0005614536761351539
0.0008389098244601667
0.0004980191191326751
-9.617649901775981e-05
-0.0004084266418067804
0.001691709317194239
-0.0008719744391530856
0.00023925917616646149
0.001186369927262714
0.0016498199637946537
-0.0021312430410937683
-0.0012084157574592655
-0.0009612730169071763
-4.5805153953849715e-05
0.0006011370502787237
0.0005841882906138121
-0.00016366403769838136
-0.002078913946741238
-0.0011994235778667688
-0.0005469826043205806
-0.0017724019034052125
0.0014715194322388173
-0.0005234652210184052
0.0007855454509397586
0.0013347025814077706
-0.00022956166076129952
0.0009524612261154723
-0.0001231078341576855
-0.0026715032697073636
-0.002477010341828977
0.0009428058599074844
-0.0006068737913551641
-0.0013688621869779325
-0.0009206638096381222
-0.0011238133980999503
0.0009084238993977585
-0.0011455884544094783
-0.0003031236076900338
0.0003323644527070351
-0.0001078042813754644
-0.001109799781605779
-0.0009721388866179942
-0.0023849067525460203
1.3501539389418359e-05
0.0005208369641650007
0.00012922986740677671
-0.0008204829063322744
8.29752693645453e-05
-0.0005920430215675393
-2.5560420124580957e-05
0.00023016772136736017
-0.0018994639304566675
-0.0016099753498686382
-0.0005857313509079108
-0.0002601892272626386
0.0002400569218022353
-0.0005935420791981375
4.314795064385013e-06
0.0008552254537577486
-0.00048373168193852214
6.583300518034472e-05
0.0004314194102371389
0.0004468411001754518
0.0009281654098389869
0.00032380776558705893
3.8474949809754465e-05
0.00110688596473893
0.00038536870805214965
8.642203372753987e-05
0.00015500136739079426
0.00105650325063878
0.0015627613961309635
0.0015456110621221864
-0.00016838950383337424
0.0008699534133700728
0.0002535440165662307
3.522803183025036e-05
-0.0001398073098825808
0.000589732027114555
-0.0007813627078969663
-0.0006848031990426598
0.002227659287332837
-0.00010093811918724556
-0.0022628788544454795
6.989907553426499e-05
-0.0007217119028941739
-0.0008448752970105245
0.0008813061428505948
-0.0008661011476028325
-0.0005908213619032026
-0.00014782525681741757
-0.0004826410047215892
0.00038039432478734886
0.0003475282556538176
-0.0007857167630947601
0.0028562959945504065
0.0004460152744901808
-0.00010152913849456781
-0.0004638668892906468
-0.0013334392343526842
0.0001838870832673736
0.0007650494507311832
0.0010998198230338368
-0.0011968034587914384
0.0009343948033741271
-0.001137619651721682
0.0014641805980004888
7.319404287740916e-05
0.0006889220588634004
-0.0006001843873094208
-0.0005418352045161059
-0.0018354223670463813
-0.00014443163971721089
0.0001422752956375861
2.2555081683917805e-05
0.0017861993931059237
0.0018539792608004628
-0.0008289896032535025
-0.00044105047474879227
-0.00042367864076639896
-0.0022577922258702155
0.0015659502922243103
0.0019465660244159693
0.0008145977159858594
5.214677754458605e-05
0.0015199778516668057
0.0003592992430743075
-0.0011020486582408492
0.0013663983963113178
-0.0021041427090715908
0.002869892439667174
-0.0017617899051889224
0.0008723006610141836
-0.001071600687287225
-0.001199228033355737
-0.001134449995482479
-0.002902702809814732
0.0015504962425529384
-0.0008436935981633697
-0.0012267550134946628
0.0007106307828513384
-0.0009010022617420349
-0.0004501077357637941
-0.001291139300371588
0.0017588284355849726
-0.0008758570052463567
-0.00010968530908475156
-0.0002736302481682547
0.0021534466371235365
0.0032269401881632356
0.0005020637986962215
0.0010974509328940485
-0.00099599629327537
-0.00031740579374296674
-0.0006135050327539325
-0.0011026031726517403
0.0014205651224372948
-0.0002848037253355672
-0.0019999877215656735
0.00014180662452301673
0.0010461779600179648
-0.0014886029228879647
0.0005839384616590073
-5.648127253603222e-05
-0.00045519175159640455
0.0011352223112551724
-1.934162109448561e-05
-0.0011853072080563445
0.0021206087853333053
-0.0015021625434495016
-0.0003976605306044874
-0.0015857334214093876
0.001294787250079343
0.0029158905923027966
-0.0021091653663626165
0.0013514079496716978
8.559539537390597e-05
-0.0002986451254771741
-0.0006937192984536347
-0.000710105954411385
0.0005425957775083212
0.0012511960138062096
-0.0005794884679100356
-0.0003384100174689024
0.0007057706474449797
0.00044929841515107833
-0.0007289383240185037
-0.0010941563011579764
0.00102745161520264
0.0017269431857445767
0.0006805046140078372
-0.0011958473336607582
-0.0012297063226638714
-0.0014296476108416893
-0.00015359541021273089
-0.000535415632022656
0.0018618241905022227
-0.0005542969662854269
-0.0016034176452490417
0.0010812827834889918
-0.0005365049480894217
0.001194820150666773
-1.708275252161246e-05
-0.0006693319987405024
8.731986307786204e-05
-0.0006693185175986039
-0.001958241409585756
1.0692046396706383e-05
4.653344764775863e-05
-0.00037241043503621305
0.0011632339613970046
-0.0011751263657699647
0.0004116795168117991
-0.0013821351151988611
-0.0019559360864762343
0.0001454131988713896
-0.0023650630386571505
0.0003321307557739498
0.0010079370479488896
0.001310119119361498
-9.091641913911679e-05
0.002127560493347942
-0.0006437178457742665
-0.0001006759906493212
-0.00017314227964708854
-0.0007535065201034526
-0.0005524811143014582
0.00020797467407803575
0.00029199339748559554
-0.000894530979410298
-0.0015857075415277348
-0.0009655303909191382
-0.0019256817989398837
-0.0018340222795250498
0.0004206661172834379
-0.0006052708404537158
-0.0006633243957148523
-9.061173368303006e-05
-0.0002988979638011719
0.001819034021958826
-0.001043017246597766
-0.0005117716298584062
0.00045632799926110975
-0.0020433830430505516
0.0009774929635193033
0.00043530901575806975
-0.00028967005075086175
0.00011730933721971848
-0.0014963524410248582
0.00023824406393259208
-0.0004765250422161109
0.000130543018135194
-6.378740415349662e-06
0.0021277842323199733
0.0017547496163227633
0.0017295598114553926
0.0007342397376523465
-0.0007084363133923795
-0.0005436110388238438
-0.0007058027166421658
-4.5700310720835935e-05
-0.0016267664047198006
0.0024345580491715673
-0.00152633829629625
0.002207523869879591
0.00048132562331559386
0.0009778635881374557
0.0029419707058711193
-0.00029587572643502685
-0.00027920562742331326
-0.0005020184917416047
-0.0010511436591030955
0.001291142046247625
0.0017136198637643313
1.554744586030417e-05
-0.0008034095788914803
-0.002228295213501223
-0.00041406075992674073
0.0012302483891033934
0.00116830072397518
-0.002492076608623978
-0.001203975946333933
0.00044656663114362935
-0.0017017632396816253
-0.0005023032848512866
-0.0008498320837863855
-0.00010477601833690461
8.868166088333848e-05
0.0003613393256530624
0.0005231095427027751
0.0008806199518958576
0.0013102533892327133
-0.00015895551278645591
0.001728338979714286
-0.00025306515866760403
0.0003880905923444007
-0.0007923691629938839
0.002292197629643312
-0.0010269928673789716
0.0022074104499443786
-0.0010264090331139478
-0.00157173002983644
-0.0002150274719350319
0.0022006067605964295
-0.0018094910348880884
-0.0006135149595118493
-0.0026703027387270516
0.001709709820188804
-0.0003053294843223999
-0.0022010093628825654
-0.00048827455425105637
0.00024046823877777468
0.0003732322757342151
1.4470604807626604e-05
0.0028529432604934243
-0.0012892758802456894
-0.0006632967538960756
-0.0015089036573335314
0.001872574596125666
-0.001378038695287293
-0.0011910527172142226
-0.002457373311970972
-0.0005864087162287582
-0.0006430081775794088
-0.0007630711690851525
0.0005858596401779077
-0.0015475042486537756
0.0013636262590205664
9.031200605867808e-05
-0.0001680645023616264
0.00047111668849846104
-0.0027614611017883076
-0.002136539961475914
0.00023719260697839414
-6.611152472602219e-06
0.0027757295619280672
0.0012619999681728002
-0.0010328162907694118
-0.0003492314844226663
-0.0004976715751281052
0.0007424946835055432
0.0008319716974374663
0.000844434916046574
0.000726235855704769
-0.0010487995810042792
-0.0018212057963362942
-0.0006423543997497649
-0.0013128280370169052
-0.00031403983787682175
9.93370064972554e-05
-0.00024838396215628116
-0.00010717551390006134
0.0010127153146451508
-0.00045584213937858715
-0.0004744278988078113
0.0007354290833482241
0.00113899749764711
-0.0010420169163298982
-0.0003142255998577691
-0.0002766203130201608
-0.0016432292358552888
-0.00020426935844339886
-0.0009261594940016125
0.0009067666259153698
0.00018237673703528707
-0.00034509150423873806
0.0009232459440949349
-0.0001235680200992578
-0.00042589579421240095
-0.0007117681170786069
0.0001530491258025185
0.00019544974190498752
2.3015214233456884e-05
0.0011006282089392554
0.0010535347644894711
-0.0009757492143570209
0.00040945060186343675
0.0011161900072023773
0.0007690315846471411
0.0002588526298038357
0.0005985051509791514
-0.0024482780822857224
0.0015540735206228814
-0.0027032060144808897
-0.0014727076456075307
-0.0018918415505407265
0.0009437819883290561
-0.00022627859984175147
0.00019702863588137433
0.0007400892427047242
0.00039280326658011616
0.0009494793267777621
-0.00291201978424487
-0.002005131288931547
0.0018861069867498305
-0.00044098754842293434
0.00013436689806219478
-0.0006213092201732854
0.0008041869253032273
-0.0005952083988165825
-0.00041499493746440674
0.0004969625517980739
-2.1296539911897936e-05
0.000726829559868661
-0.0009405212986717795
-0.00020047249072521457
0.0006340525944125441
0.0010775310743371745
0.00012182293197570584
0.0013395761341629486
-8.657703842985265e-05
-0.0002311163834011235
0.0011128677149256463
-0.0007624263916269647
0.0011951111067426716
0.0014651668632810983
0.001928628280637129
0.0009922036934528952
-0.0012209333631357964
0.0012663574598760594
-0.0009246325539413824
-0.00016417995729608038
-0.001121711216425165
5.2259846617860746e-05
0.0015336691633336514
-0.000422325072268198
-0.0004626105254975742
-0.0007999338795130393
0.001163874040356196
-0.0018937386152755164
9.953276804343901e-05
-5.110758550335525e-05
1.3445172656317321e-05
0.0009681703752981545
0.0007437451748682726
0.0005624041957956614
-0.0019142350620356496
-1.162913414693125e-05
-0.0007864284178893271
-0.0003848965893376663
0.0016482970094150956
0.00032881248662165535
-0.0003677257188110607
-7.859649296157758e-05
-0.0001348510036350266
-0.0001319763002468449
-0.000647640028063408
-0.000793590555004647
0.0003393976251777973
0.0006176367371725815
0.0004689501923049319
0.0006767176959298697
-0.00010162935534250081
-0.001543306555148043
-0.0008089576484678184
1.8471544507426686e-05
-0.001232214219311039
0.0006363827184685882
-0.0010699526735090288
0.0005587468872270795
0.002064926305818338
-0.0017198402645554488
-0.0015973406402065454
0.0002366300151154929
-0.0015530999966231272
-0.001964458019542456
0.0002479371131287751
0.00012080516123458168
-0.0007396818462299715
0.00019815627980116255
0.0004585236204625179
-0.0003152698717696691
-0.0013336481157777828
0.0007763197727274458
0.0001553494030181198
-0.0014605855715863402
-0.0006104721322358425
-0.00021981082612939574
0.00029811036265187
-0.0007321041707014057
-0.000894051930825835
-0.000512198590699926
0.0009714277393944528
0.0003740476136985096
0.001663864799373885
-2.4969271150890292e-05
-0.00023201450606093204
-0.0005653266621720277
-0.0018257382994997723
0.00226713711323972
-0.000255816907828777
0.000737389077875887
-0.0016036655978552215
-0.0014745563447868956
-2.034955209977247e-06
0.00037461931687735365
0.0007101715850090981
-0.00027294386306066557
-0.00034949676309060007
-0.0015486023432030238
7.878220224389392e-05
0.001705393783586276
-0.0011792332886573756
-0.0009206679894716461
0.002068073373066715
-0.0006705913455534522
0.0001824857406865397
-9.937282839169256e-05
-0.0016291349211153504
0.0005093721495501163
0.0008054197092325296
-0.00013458471121184878
0.0007286657805669226
0.0008681483202276692
0.00047147680251333576
-0.0006769836340240947
-0.001316051004855416
-0.0013720934805067414
-0.0009208761996826015
0.0007854036534851442
0.0006115491528799073
-0.002427707515594461
-0.001428186709100159
0.000543010546244193
-0.0003910358266095778
-0.0012897694590908503
0.0015348323240505384
-0.00039210547845953855
0.0002559256674021592
0.0018353437094857604
0.0003184040299336546
-0.00036546559171167026
-0.0004286706011048548
-0.0008208213126715871
0.0004653345947028026
0.00035128542674137966
0.0002664270719940268
0.000318638954883523
-0.0006823073426458746
-0.0018948301883691763
-0.0006678208440004726
0.0009224096951751696
0.0012378510375424352
-0.0012541593479709328
-0.0004947771166873195
0.0017567605967759392
-0.0013722269800071796
-0.0006441693745788874
-0.0007391395738497468
-0.00038153469126611016
0.00044930899093424096
-0.0008397096447578349
0.00025664039189198277
0.00037686147305016234
-0.0014890396849814517
-0.0014003675906331507
0.00013238999351460195
0.002726015750858069
-0.0002952456775508057
-0.0012447065095359908
0.0006181243208550599
0.002185513358860273
-0.0018098457902842723
-0.0030329346796308075
-0.000602051308427267
0.00039847701684421623
0.00017700138722212089
0.0023221555185833054
0.00048474892222632023
0.0004597179544998634
0.0005227012233085769
0.0002514020079010503
0.0008723847798171451
0.0013755396846000802
-0.00175843572954702
0.0009552656919361454
-0.0019231836619405009
-0.0006568126803584639
0.0005693376430412462
0.001233925605273247
-2.2431120288993493e-06
-0.0006452885936517422
0.0007063253449142738
-0.0005410101831783611
-5.297504400855786e-05
-0.0011314874046458145
0.0012127603927767651
9.844492060431174e-05
0.0005651901006037664
-0.0024168961591504207
0.0005663482154267343
-0.0005879633286174995
0.0006650608842539056
-0.000768186747237326
0.0020228748923405105
1.432322753875108e-05
0.0007526704424542389
-0.0004183574110604857
4.4436109393204645e-05
0.0001810592809673972
0.00036180689148318724
-0.0004076515149781646
-0.0008043394774389881
0.0003237349312251662
-0.0011570427584210855
-0.0012896502915378408
-0.0017238568820979764
-0.0018869131378172522
-0.00020635117140389234
-0.0004105469039658287
-0.0011166675913196202
0.0007873553569926612
-0.0009092459578243147
0.0006859963619222711
0.0007584747591239182
-0.0004891986788314521
0.00017180668554248448
0.0008247899917949617
0.001587064443214348
0.0006972584851209925
-0.0009546011559583396
0.001080011572550032
-0.00044520217483089803
-0.0007952051301146539
-0.0007655111503715912
-0.0008647918528887206
-0.001564765153404675
0.0013190455504777652
-0.0015971069966654943
-0.0005040245525002137
0.0008421747015784004
0.0015730465969616327
-0.0008111952857330177
-0.0002212285219275194
0.0014216428940368516
0.0006974969034353755
-0.0009029360262195103
0.0012044049020959978
0.0018458138984595845
0.0002924950461553331
0.00017935475137444615
-0.0005444434740268901
-0.0006465523983528343
-0.000652392663116304
0.0005396843327732714
-0.0019140270730202632
-0.0006995766181582702
-0.0011283458672866804
-0.0010399367744707304
-0.00044379157254587136
-6.364332921659943e-05
0.001316539717398044
-0.000298042215001123
0.0013779993682404906
-0.0001214764100472159
0.003230922417768813
-0.0019312628301231202
-0.0014299466138598651
0.00041273643916875656
-0.0011766105727876613
-0.0013611425191484981
-0.00027551077316033715
0.0005746507724128493
0.00011589592041175396
-0.001825687470283346
0.0008078877865167362
-0.001968955131414784
-0.0002751602426688748
0.0006346592007267978
-0.0009319182783606874
0.0015490068835506566
-0.0004797475302197178
-0.0012509363114855212
-0.0007744960194158399
-0.0010774627207457248
0.00027824431147747763
-0.0010741095637128875
0.0009363619337124721
-0.0009663804988854583
-0.0005482127304360319
0.0007547279502513825
0.0002533436743995667
0.0014870588328903523
-0.0015646235917070944
-0.002018587034944116
-0.0007421315608148792
-0.0007363405311342473
0.0002778548741414546
-0.0006448781191608962
-0.000433875664999518
-0.0006158638546815836
0.0007765483516526949
0.0010826560799970767
-8.52368373554519e-05
0.0006154430568062811
-0.0006001283638108236
0.00043526330108246465
0.002493672786364534
-0.0010271443787167704
-0.0001489302160567595
-0.002058379095853748
-0.0012574903473096344
0.00119509644334859
-0.00046620893502515384
0.0008868645739485563
-0.0005878789879255648
0.001308044461626972
-0.0008641245862897437
0.0008619981112394598
-0.00011636284484406653
-0.0007833781767480187
0.0004223253128790529
0.0009103275965326244
0.0022898605493679733
-0.0016902007980791622
0.0016727336662500007
0.0013259462878217555
-0.0009980504526292356
-0.0006659400943458046
-0.0011463062874251292
-0.00040976736154665504
-0.0005329317888335347
-0.000456358249662122
0.0012670314698195978
0.0024569608702957016
-0.002393268910297015
-0.0012307784007310686
0.002128325196942065
-0.00039593329067517827
3.5485140823569775e-05
0.00043806293527075686
-0.00037912738521111387
0.0007924695892495353
-7.375085314576479e-05
0.0006940505807701172
0.00022094738651887201
0.00017985832631782812
0.0008329351906688478
8.147645546512018e-06
-0.0005908563336855124
0.0004698119820322633
-0.0017246134853577894
0.0017127275913459696
0.0021925490976156844
-0.0006860638383588759
0.0010284547183892633
-9.339408410715402e-05
-0.0007291829510637048
-7.641214857380491e-05
-0.001647240415731179
0.0011973741246393346
0.0007153101141084843
0.0008892724784103765
-0.00044056033587611175
-0.0005512030768095718
0.0015681708024344269
-0.0002511082795997984
0.002574930813631499
6.201931550441558e-05
0.0002042403665689038
-0.000668952156715744
0.0008564797352614931
0.001775305652059924
0.0012400189864153332
0.0008955612931190082
-0.0030048684517357156
4.53011751031929e-06
0.0018582860945578477
-0.0011826877643555756
-9.06161458065721e-05
0.00027663768415311273
0.0005673849743166983
0.0010540612668043627
-6.222214005396219e-05
0.0005986333944845475
-0.0010804607638930062
0.001009419996440069
0.001155456332007477
0.0017064627794769614
0.0008187862676659161
0.00010711576821394713
-0.0012834260964452897
-0.0002606585432420351
-0.0013785514037355153
-0.001259952166631407
-0.0005081633996635744
0.0005089053776664731
0.00016296275274627414
-0.0010032542614643962
0.0011034076228015046
-0.00015425231112966694
0.0006724481450671273
-0.0019647487925599522
0.00018293571696175454
0.0005840027796447658
0.0006022738616800998
-1.4473999015506317e-05
-0.0012911103501012748
0.0006074946034174927
0.001093791252193667
-0.001935783095416349
-0.0016655409472870156
0.0013893023398122832
0.0004680422572987084
2.916533966659948e-06
-0.0020512033631850278
0.0001926536433787947
-0.00010762870548517198
0.0004708383752401863
0.0012467874716909542
-0.0015827823181808823
0.00021181339005647568
-0.0003395100077820623
-0.0011572603080775832
-0.0008025547308219803
-0.0010913547940880732
-0.0016318894889598794
-0.0003572753570037553
0.002099491526510844
-0.0006840517976924522
8.05924473708825e-05
0.00033697630059354653
0.0029187955197426756
-0.0019028923820453823
-0.0015842101432106096
0.0014609539343237758
0.00047411899122061616
9.858177201504378e-05
-0.0006521303286376774
0.001026492343408965
-0.001385388363948118
0.0018430148363288003
0.0010098927031603304
-0.0011306586805358365
0.0007866008859471959
0.0008745623510440254
-0.00012972390389794433
0.0008607677791833055
-0.0032337394730150774
0.0002494219837331811
0.002195507603615043
-0.0011250145281804895
-0.0008134163104481901
-0.0017453888257545425
0.0004968152931011183
-0.0014587679084336325
0.000987456237427303
-0.0001564716314601676
0.0003809609439351057
-0.0010688592961806606
0.0010653132108464592
-0.0027387462957542863
-0.0015562297579184375
0.00041190132673657464
2.0240128592980952e-05
-0.0024863274195761685
-0.0007911698517095194
0.0012808035442186932
0.0021147482239694594
3.824645097255626e-06
0.00023950779998678355
0.00022085380553802964
0.0016893954097550851
-0.000718436179565593
-7.602885894913205e-05
-0.000267234164702776
0.0002748465686291847
-0.0018175719989845806
0.0005382664885868984
0.0005023663214282272
0.0008215088682435069
-0.00036058477070582924
-0.0006413390094612769
0.00041388863163636035
0.0008154464128769933
0.0004394341494895132
-0.0003472459185777028
-0.0005565208055235375
0.00102938452540757
0.001187723514482797
0.00083000535619178
0.0015672545223226197
0.00028202482251135717
0.0010607757463842323
-0.0018051264267894321
-0.00043894764127514884
-0.002228360572978347
-0.0006390041716513676
-0.00026714041591839816
0.000946390361156893
-0.0003439142098876917
0.0005594411209636748
-0.0005304435182660043
-0.0003334977215122816
0.0009444109048861133
0.0022206917946914033
-0.00015750330631904408
-0.0013294131317499749
-0.0008476427968217455
-0.0021874871403205756
0.0003871667381911903
-0.002681268280271013
-0.0018795520085909867
-0.0002845037765156455
0.00022651944021295217
-0.00041823067362649173
-0.0006016918316497854
0.0016528742551031174
-0.00203918360702298
2.7420461297466512e-05
0.00036253932687345153
-0.00021705467593912984
0.0008553026510115673
-0.0003445042951811196
-0.0012097364704412338
-0.0014924310859655433
-0.00014172751625042042
-0.0010242424793679662
0.00033152078229453603
-0.0014111875321002265
8.981586820959634e-06
-0.0019886839532737882
0.0002569190948427666
-0.0005170192811809651
-0.0011408932698786344
-0.0007119828334902853
-0.0007026297272145511
-2.909311931309832e-05
0.00019777270380103454
-0.0005363483034889202
0.0012811562866658526
0.0007146958810541974
-0.002187021557623145
-0.0016249191360309073
0.00017089765565286128
-0.00014170522888991624
0.0010695692237082542
-0.0013331814118476366
0.0012805394408689113
-5.7246105796523506e-05
-0.0011830683580292298
-0.00019057219306809167
-0.0015543742585354622
0.002394508165756887
0.0015410405556183083
-0.0005577232475226268
-0.002316320135377235
-0.0008029651359725219
-0.00017248656791636616
-0.0009416527216381342
-6.264421933808183e-05
-0.0014446413636270024
0.0002233949494741472
0.0003916053781587888
-0.001090945677973782
-0.00042696233476292243
-0.0008480089517639027
0.0016484223815385046
0.0015020251081934097
5.7189426338651365e-05
-0.0011800339056751365
-0.0019240021812379417
-0.0005904408868014691
0.001599404860145114
0.0009227910668470351
-0.0007951118847408824
-0.00015542284410767235
-0.0010708799981444532
0.001950153622403353
0.0005792969278015581
0.00027629333604315255
0.0002557202606196929
0.00027101605214168995
-0.002504877680930175
0.0017064944146038446
-0.0002612381290266346
0.002175302921438753
0.0024645596585600223
-0.0008725057016798452
-0.0004790379764363619
0.0013333336748343303
7.041995677741234e-06
-0.00223178518727464
-0.0006134580130938074
-0.00012068674949088596
7.902961676931469e-05
-0.00039018199992275524
-0.0006560589720563429
0.0011109479925531286
-0.0011836135364615935
0.0022031808855547297
-0.0005246286147187138
-0.0012319564044334247
-0.00030611215814970117
-0.0002888024107820845
-0.0008341760291678601
-0.0016646591702170637
0.0004897636580810193
-0.0007533492230106908
0.0005604316000545565
-0.0027666799019971885
0.0009484765439433424
0.0009112967077154328
0.0011441342155777568
-0.00011800184715635788
0.0008473080329286008
0.0006135073168235458
-0.0002673599487075904
0.0021986742470180374
0.0003058558188337558
-0.002478999145172732
-0.0005940884093729507
0.001263513056813909
-0.001396375815641328
-0.00011509404833449093
0.0012838373406135104
-0.00017554003546201865
-1.1723816945203227e-05
0.0006673486753609698
-0.0004449144604142103
0.0009088537662914174
-0.002477283117570577
0.0006075173713063028
-0.0009216394540643714
0.0007878005363056472
0.00034932929862906576
-0.0004386797963225646
0.0007964785758916108
0.0002708457585957534
-0.00047397474119945007
0.0013219110593416402
0.0006829482224855767
0.001858079280860613
-0.001183899038922585
0.000979369823182918
-0.0006937610662791377
-0.0003585351801845937
-0.00047173806915128266
0.0018496079516548312
-0.0003098075428660024
-0.00011312445780216035
-0.001942504618584297
0.0006168264367813703
0.0011176542303444684
0.000402481911714954
0.00041148903344955505
-0.001270922589732767
0.0019165367087222542
-0.0006518229929951732
0.0021439057205542757
0.0018123104088741166
-0.00102823570773256
0.0007450586036513077
-0.00011244164996085382
0.0008723439044013547
0.0009139947250750559
-2.4300032513668344e-05
-0.00015462277210470044
-0.00019725257732709368
-0.0006973325474996683
-0.0002584118938175283
0.001687053391063297
0.0005084262486472575
0.0021013384068940353
-0.002689373663942355
0.0008627225419850339
-0.0001849679058403053
-0.0002455527122563908
-0.001211807326246893
-0.0018374959534732107
-7.708740525600905e-05
0.0017754325767127385
-0.0010565310068690586
-0.001709945442702131
-0.0007841508891472508
0.0011577216873657873
0.001715918543379329
5.846734560531435e-06
-0.0007599284300585501
0.00029789942944717673
0.0006483610493462349
0.0015535869548560643
-0.0019917762250403507
-0.0032818531629614325
0.001122746751458764
-0.00019584871006579234
-0.00029664268428243254
-0.002846192726729099
-0.0006615782855152196
0.002110632350635611
-0.000772740103803822
0.0002907721309807832
0.00033787512081681213
0.0007076535098987099
0.0009503724077040682
-0.0016914571812875207
0.0008621126142702209
0.002558893245886889
0.0001804170545389921
0.001523073014924044
0.0021922570660716715
-0.0019260973304190993
0.0011587268347045725
-0.001167096714885221
0.00070436032737499
7.686456216070494e-05
0.0013477077901820644
-0.0006540293425284125
-0.0007997621783589327
0.0008036799145477833
0.0038422885749992007
0.001377438335841025
0.00029226830544154276
0.0001327771655028934
0.0010714656172289023
0.0010384135718528845
-0.00030988231043557014
-0.0015853245493729665
0.0010490621325180576
-0.0003135460149537911
-0.003213814275254796
-0.0008099205315045244
-0.0017320897278094904
-0.00032840970127711694
0.0017672230175555092
-0.0004420219545963849
-0.0018713734584176944
0.0024031317156517785
0.00034591038965298447
1.593687972931227e-05
0.0005399426704767776
-0.0005881013012609469
0.001932095036503163
-0.000284025345753291
0.0013103275237253053
-7.418343193871258e-05
-0.00020860612641000867
0.0006889085465183645
0.0011461419585321404
-0.0009931813015965532
0.0008274194198061009
0.0007752208620428196
-0.00046517058962903396
0.0025849324001376546
0.0012636294133109946
-0.0002252977576663162
-0.000641124495523286
0.0002611986189214293
0.0005528126677385291
0.0012402845396708702
-0.0002032650237729764
-0.0014182728762157006
-0.0010142136934341737
-0.0007797177832293122
0.001021944577751179
-0.0004504649360990959
-0.0008472774621753842
0.00015360704967615606
0.00042968574800887594
0.0003264813293950815
-0.0016421344363572847
0.000876330173079639
0.001173804504512563
-0.0009509298968140002
0.00011173311894698134
0.001057742838238709
-0.0006281905609540446
0.0016246436289747335
-0.0007396701727897966
0.0007645938752264218
-0.0004628351034872831
0.000982975719383118
0.0012895482635211688
0.0017258636639957475
0.0008901999015090324
-0.0005522696249875273
0.0034490693751128084
-0.0004836058903062739
-0.001440986053445981
-0.0008893264535963933
0.0010870599541230681
0.0003588007063974129
-0.0002655013151428757
-0.000912344407811962
-0.0013878554649208446
-4.4743967861601304e-05
0.0016364985597672164
0.0015758926288275237
0.000341330260795124
0.0009293305952927507
0.0008276686503540831
-0.001276873459908511
-0.0005580775147630707
-0.001438859719849917
-0.0001661820635771539
-0.00039478483564995854
0.0020664195624391065
-0.0035950943416439766
0.001213466326996254
-0.00029751057942352773
1.8109443199439532e-05
-0.00100155436588396
0.002037436234829815
-1.315597054341058e-07
-0.0007878196312385561
-0.0010987747731237263
0.0007378297417482788
-0.0015059540067843941
-0.0021248040415273533
0.000891898672389738
-0.0012188242862611828
-3.122646668090912e-05
0.0002658981628771848
0.003678612411415162
2.4518111930089347e-05
7.440425376415574e-05
0.0012672182309943253
-0.001055330712339183
0.0005282643258628171
0.0014001644949630167
0.0004499826839925895
-0.0011755832906370411
0.0010841950596142862
0.0007401607041285982
0.0012433766554217495
-0.0005648557444316098
-2.734670748314333e-05
-0.00033627235297376635
0.0020046622974647732
-0.0017791539210520423
-0.00024285430173724492
0.0013872423378444056
-0.0010527918559396939
0.001261594879343364
0.0003610597843780042
-0.0012422410907590384
0.0007864576885118444
-0.0011612732186874618
0.0013258215910729077
-0.00011573464942617126
0.00045029490881992726
0.0002779908026327403
-0.0007710135011119064
-0.00034409692921610007
-0.0007504223216284822
0.000543548432850191
2.1318941683902847e-05
-0.0006088639489150561
-0.0010660942829127395
-0.00014649699267634605
0.001740496280690105
-0.0010056976868837338
0.0012927402792347906
0.00041531236073433356
0.00028400077362977175
-0.00023335456637451466
-0.0007400586109320398
0.0010655524875938063
-0.0006363094833197391
-4.350105470069334e-05
0.0016614185483371613
0.0005222754523466736
0.00029834292309737333
0.0002840951901612765
-0.0009820393028470366
0.001323283471067446
0.0008906095369822001
-0.00028746593605562005
-0.0006123916445072389
-0.00026921468534722265
0.0017039689367226037
0.0007422824085659681
-1.6111631856793706e-05
-0.0005179008328949289
-0.0003933733222333377
-0.00026345735713453146
-0.0016859865149057038
0.001248382410320278
0.0009980528934079354
-0.0004961006518196597
0.000677506265763218
-0.0005674849547141941
0.0020958142874586893
-0.0005429917557152186
0.000760420212296435
-0.0002321793009207629
0.0010284570523838952
-0.0011559433249105668
0.0015998663046132035
0.0006926904873493126
-0.0006760765186202637
0.0012014647893056722
0.00020848895031052979
-0.0016559406587758785
0.0015108444653990835
0.0012189813274882234
-0.0019085249517963537
0.0003580019040154069
-0.0007993236661161737
-0.0020953518056596528
0.0002566043217592583
-0.0010364109129295882
-5.1295692920080095e-06
0.00047248259402354594
-1.9335514987317422e-05
-0.00045921603540294005
0.000601670546950077
0.0010682864377923515
0.002079717127270037
-0.0004265884608581266
-0.0002111794740635023
-7.598432236529213e-05
0.00013745185581349404
0.0004574770755754534
-0.001887882984700686
0.002640366149048231
-1.5577760747799032e-05
0.0003141139266048142
0.0007615612153191869
0.0004363885264124499
0.0017987382300901278
-0.00034525351092494657
0.0018981162434030497
-0.0001200850857535007
0.000243734560947943
-0.0005433662626969896
-1.8582870365458863e-05
-0.0002512358331691701
0.0012268886419680666
0.00034650115309458506
0.0018405586502133217
0.000740175135232661
0.0012532911095953319
0.000927597901748534
0.001021000850666849
0.0006010868270965545
-0.001236947629071255
-0.0003519838895431146
0.0002595985740721209
0.00048181589948207657
0.0005703804276036267
-0.00043229165301529463
0.0020512640241631542
-5.434258943183018e-05
-0.001562749993117975
0.0007586042923589686
-0.0012062715826029894
-0.0011736146348120086
0.0008434671091548824
-0.00109890909985399
0.001220176325112278
0.0009786540232249803
0.00014942485164815326
0.00020128996090385662
-0.001578145082728877
-0.0012515389050763834
-0.0012627753238244198
0.0005470248492073744
0.0006456084958375362
0.0017557041244375545
-0.000769042980032697
-0.0028573287109006492
8.396519165278624e-05
-0.002414924902370586
-0.0003762167566114419
-0.0001480975180539615
-0.0005217636397751791
-0.0014863648966236614
-0.00016616857064740356
-0.0011418438346103388
0.0018033763614188605
0.0021521675657677182
-0.0018563010244960576
-0.0008394003024069338
-0.0008020888853247975
0.0010424475535943344
-0.00024099997767242207
0.001695673645213539
-0.0013274991382733723
-0.00031412976878406306
0.0005736766576337056
0.0015345966100080107
0.0009781808436038456
0.0008105994417273444
-0.00010138699364503032
-0.0005929374601769967
-0.0015525733986186164
-0.0014661708283677012
-0.0025304379197298617
0.003100621328994295
-0.0015309214719670672
-0.0006720808460099544
5.191896136268091e-05
-0.001861171694081396
0.0005174729609218156
0.00011121856812688332
0.0011011860676330067
-0.0011129787093370255
0.0017612892286702467
0.0012767917659359791
-0.00027693843038653024
0.0007235634165964772
0.0004729092081635448
0.00034521013787140666
-4.124625224324546e-05
-8.00957260231458e-05
0.0004191195442095404
5.6111932793713404e-05
-2.504565226933145e-05
-0.00010387803713131695
0.00038139311847408015
-0.0033800523682244723
-0.0008465644226549473
0.0004645297250441993
7.219999761469343e-05
0.0001243314838887457
-0.0015924381794786401
0.002427945915186962
-0.000725335032933524
-0.0005740241745955571
0.0021788574427143346
-0.0010451069615793006
0.00025655639512795614
-0.002290889619805033
-0.0017959252361054686
-0.0003903238854395548
0.0005490026655799654
-0.00013632888404338904
0.0009905825088251138
-0.0012337499149714525
0.0021290409663902695
-0.00014363458471086535
0.00010590837185013848
0.0027595686058861455
-0.0007165624624045541
8.248348643325772e-05
-0.0005648852203014269
4.011853620954122e-05
0.0003265709025063537
4.8579998983470657e-05
-0.0006102486678514149
5.440512329156762e-05
-0.0010499423501245733
0.0009541280415170909
0.0013095614437261486
-0.00028433673572336867
0.0002989851335775082
0.0020013909176128325
-0.0032860009272878852
6.8666806803421e-05
-0.0013977720665636407
0.0014796510508141693
-0.00015857386652698725
0.00042953497237170233
0.0010973577714220454
-0.00014111536548546135
-0.0008976973863628563
0.00021658069959790274
0.0008994865839339763
-0.0005141056092353519
-0.0010582459402812179
0.0009097559890433995
0.0008667454750424484
0.00025256796025857555
0.0007352059004854305
0.0008549108831479273
-0.0003074155949949338
0.0005472605632499027
0.001582404084851175
0.0008721340660800617
-0.0011264120951817711
-0.0008785889646847749
0.0019157911458256409
0.00019124301821146785
-0.0017403308340314173
0.0012608629203209874
0.0009228664563991294
-0.0012025417142601177
0.0012625033635247948
0.0004245117506506023
-0.0005386362055404706
0.001610192362137781
0.0016363553470769977
-0.0016904056328041212
-0.00043101756653392845
-0.0017305849343489468
0.0009283524345068694
-0.0005143099329222702
-0.00023850356031257785
0.0006784223094245887
-0.0008422301987840899
6.803185694651552e-05
-0.000317907381393237
-6.168264059249352e-05
-0.0014533664346609435
-0.0008021795831358003
0.001682283533265699
0.0016413246047065283
0.0009645439349526933
-0.0010061067579268277
-0.0008340497875170398
-0.0010578080604220317
-0.0006674067014075456
-0.002138825582924867
0.0014594260449947842
-0.0006076011434077448
0.0005742374341674486
-0.0028403662405774325
-0.0006268027189303954
0.0013256863109134631
-0.0005190918489987296
-0.002653512850873206
0.0025427299329680345
-0.000517435498435787
-0.00019082050416364274
0.0004052917514091861
0.0009309565734157457
0.0008478436195167161
0.0010530893757687673
0.0008813387917327222
0.0008785691714950052
0.00118673165413306
0.0004337279021985518
-0.0019221312744394235
-0.0006988999621887323
0.001470698247500091
0.0011748712204940534
0.001449113121910586
-0.0016560347930923468
0.0003886789836542021
0.0003758132924253275
-6.412262985306466e-06
-0.0007218550011728913
0.0007822115497093357
-9.890235720283155e-05
-0.0022454717893480394
9.98039274625536e-05
-0.0008895046879939416
-4.289944088832705e-05
-0.00040814406411981155
0.00040399258176625956
0.00022176653057245262
-0.0014914859367115788
-0.0003319534831264183
0.001464737919306885
-0.0016798601832511688
-0.0015748032524346943
0.0019441439523432413
-9.999658499002619e-06
0.0001511868574190696
0.00014248963067759276
-0.0010317753860226726
-0.0006758598995106451
-0.00023307960086611532
0.000697858001389164
-0.0008248794657495998
0.000532981035704224
-0.0002628083998428194
9.15608110652147e-05
-0.0017633628802769614
0.00021462350433831042
0.0006180573138523138
0.0024221926218865597
0.0009355202006680665
2.743070840758783e-05
0.0010342439743449196
0.00019906929121104
0.0011864932053089437
0.0004404009606544391
-0.0013310289196218985
-0.00018646099465753743
-0.0018463327892893082
0.0017435441386051658
0.0006836803874486564
0.00037915503881774275
0.0011379554037141575
-0.0006115541751981244
-0.0016618355935152115
0.0012613578221791482
0.0013247936342411298
-0.0008630269681083832
-0.0008734633564576312
0.0011472708374027423
-0.0001728098989801911
0.0007949477500007453
-0.0014221023588392625
-0.0009573200648581469
-0.001983966259493468
0.0019952978533559354
-0.000703966156869818
-0.0003087954011707552
0.0014984835993192725
0.0006349404775896645
0.00019133883403030697
0.0014727136255153455
-0.0008254460391327553
1.0879635841369803e-06
0.0010569946022733773
-0.0016180303390872606
0.001759710537167547
-0.0012089563518041344
0.001109131920066994
-0.0010997435868366308
-0.00025973581794897356
-0.001600134320836338
0.0007946475494755204
-0.0008934328924884835
0.0025193025492200017
-0.0005957869701525361
0.0014481224556008834
0.002009273592015658
0.0018002608599570634
-0.0015624578624173265
0.002235719085994944
-0.0008107810509174869
-0.00042121810285344354
0.00032772599686567964
-0.0013942099906619416
-0.0014869585439285043
0.001322827300622877
-0.0019174721676687382
0.0006051964195856677
0.000924919475104993
0.0014174037454303876
0.0016475877420071949
0.00043928025423206396
0.001061150905164861
0.00020605741189950324
0.0019678241508395687
-0.0015587522721950853
0.000284736985292991
0.001291190384760332
0.0013248706408091125
-0.0009672438896804086
0.0002363521858525396
0.0019073769731390226
-0.0009139483849499089
-0.0005824245340002207
0.001293105396846001
-0.0007781045387597395
0.0005876881342860971
0.0009870832067006034
-0.0005339171658648497
0.00037031672327955824
-0.0013883783026006704
0.0007770450008865159
-0.0017133683186370025
0.001067903845731137
-0.00022628517122235867
5.294245198547986e-05
8.03906487111399e-06
-0.0017156200701210762
0.00046812451500791147
-0.00048349591034354194
0.0007402926476326147
-0.0009683292394817868
-0.0014068213222405493
0.0004907269231828003
0.00019258981701579178
-0.0009427709872818092
0.0008040013685695794
-0.0017963833439181302
0.0009720872336387563
-0.0007571389133140107
0.0001762544708027738
0.0013396104534529976
-0.0011790327592718906
0.0009858782934130802
-0.0021084174084519034
-0.0005458311863841714
0.0013266736093646024
0.0005687476804801568
-0.002292912777802393
-0.0004768153957247679
-0.0008158018741574717
0.0002468266156793538
0.0012108635111003768
7.152251025491078e-05
-0.0015647570912075317
0.00018136881747114972
0.0006500369642759447
-0.000760113311417637
0.0010056900788655817
0.0004724516613139419
0.0010385471247453563
0.0005587760046075241
0.0006318381445449952
0.0014617142673985393
-0.0006757739154535058
0.00108497525452572
0.00038059514748231923
-0.00041840471640266396
4.734706250549966e-05
-6.421134418467524e-05
-0.0014170518842984913
0.0004691379034418242
-7.594423638885638e-06
-0.0005633181183371336
-0.00029237367843447886
0.0005913455614265992
-0.0009299598245745776
0.00015610481293130095
0.0005185936631837725
-0.0002157177359392251
-0.001672104669951594
-0.0010331172464105472
-0.0004113560186378414
-0.0002829246266735367
-0.001078674464746592
-0.0008780107976027954
0.00024667781624084444
0.00015400076600233822
0.0007320103151329595
0.0008785363353940578
-0.0011032566641059288
-0.0021630340387391797
0.0008236067598336856
0.0019587384166155452
-0.0009522765083995034
0.0008141492568764953
-0.0007428878776992359
-0.00022978469454244013
2.7399371444012294e-05
0.00039784459998861403
-0.0012858668862396733
0.000361833262987595
-0.001139613645880593
0.0021146805076154027
-0.0023185772149702665
0.0016009594565855852
-0.0005986931748408138
0.0010905100329525923
-0.0008899114895288861
0.00012632561187444396
-0.0011775876317561117
0.0024586687441715137
0.0017986633779253898
-0.00028986260530798635
0.0005317755080616078
-0.000520590845609861
-0.0006135859022702499
-8.170891710068536e-05
0.0005741049837858096
-0.0010731087113125307
-0.0007715347176154259
0.0001221899869550088
-0.0008706262292735761
0.0018387864583517515
0.001625894005925961
0.0014775858164269543
-1.032311506877829e-05
-0.0007266052599335706
0.0012933268746307194
-0.00150483019599661
-0.0010967396629381692
-0.0006233730018811328
0.0002285575625413136
-0.001556588369328925
-0.0016806726768761942
-0.001123559324825139
0.0001416183413286173
-0.00066994505023601
0.00017045321620091916
0.0005964037126324232
-0.00026193597816668007
-0.0013475373745971933
0.0007392542370566094
-0.0012288740476369278
0.0014781657759557916
-0.0003720418656646715
-0.002369690332096372
-0.0006878540198689094
8.392184910898045e-05
0.0007252715463380103
0.0007463825007400343
-0.00010881427144107904
0.0012792039459209416
0.0027882932379959626
0.00019455489557454236
-0.0005245937878576392
-0.0002037880445112053
0.0004134976528653813
0.0009401580040171615
9.958627448900137e-05
-0.0011884170499625324
0.0017412078481158888
0.00031861600046929504
0.0007537176585554461
-4.5194608416928385e-05
-0.0003595624845241109
-0.0019213152957707198
0.0004590728150852884
0.00017472531531983207
0.0010657809749898535
-0.0005404229963096398
-0.0007725336596904083
-0.0006069034544438015
-0.0004462625593492327
0.0010633546121391157
-0.0006383687759363073
-0.0008485480206220839
-0.000915176447497914
0.0012879553503221237
0.0003683522930526495
0.00041478855021004216
0.002478901983458593
0.0013647428161191518
-0.0008592069358748497
0.0007537345990851099
0.001161675920823635
0.0009636258360447126
-0.0009641357944564787
-0.0004415171592636532
0.0009186298324731321
-0.00013500367434270756
0.0009399578067717326
0.0004887758444314221
-0.0010484883553707218
-0.0004995631522712382
-0.0016813367323256936
5.6112169244149776e-05
3.8866897264781616e-05
-0.0004309713553817472
-0.0031032089621372124
0.0005122350955963568
-0.0017694428905282325
-0.0007825948545888756
5.369276261270649e-05
0.0011402436372123616
-0.00028885518152702206
0.0005507955624563024
0.0007037068088780828
-0.0004167152669390216
0.00038468574419515917
0.0006927959823811836
0.00102801287226469
0.002170673630305374
0.0009959823087228648
0.0011416360862058076
-0.00012143866187913417
-0.0012395125213680819
-0.0002530368227523842
0.0016442436616201485
0.0006542963671852005
0.0003696673658942923
0.0007804009495599913
0.001672137273762524
-0.0008808940249945447
-0.000393948613772912
0.0005255692984571017
-0.0007104164901089179
-0.0003611191292771614
-0.0008824027042857231
-0.0015997231224327186
-0.0019702384200478906
0.0005405257648807585
0.0013934432581705243
0.0005993651135894723
0.0017276630095203551
0.001130540005298986
0.00074456415874575
0.0011099859062365153
0.0019913295895809817
-0.0014402181962548332
-0.00020950047349026517
7.897385260345463e-05
-0.00045830388589304113
0.00161538990885009
0.0011592547328397832
-0.0011733006286322619
-0.00048737610777202875
0.0006102022126213636
-0.0010015340047971003
-0.0011853098055441321
-0.0009306849341617278
-0.003017439346822657
-0.0008868707521696407
-0.0017243028088994394
-1.8384129959816206e-05
0.0012094310333362521
0.002046935352370437
0.0009709885441496995
0.0008000357404195798
0.0002378362437885822
0.002633742360345334
-0.0010734986825688946
-0.0001175381907325712
-0.00016098930273262526
-0.00031330987308158826
0.0003892467815871262
0.001080867500248065
0.0026390335414305196
-0.0010012423962289414
0.00031426884393834323
-0.0012169636959130895
-0.0014809482560462837
0.0001388532933905448
-0.00020969744849176842
-0.0011704613435779474
-0.0002904936838957215
-0.0012533220735080723
-0.00017777214283797529
-0.0013966427945335158
-0.00047093675387666035
0.0005716045696508447
0.00048365320327588567
0.00032013286052953645
0.0008661073639610841
0.0015335498702746923
-0.001429231091956546
-0.0009954435102918695
-0.0007433259745935741
0.0005257667574539267
0.0019684164550227237
0.00018771012417669673
-0.0017577493673217308
-0.001914101459911562
-0.0006313467055416144
-0.0006181043903714886
0.00037420581845585085
