"Halloween / Sell in May after publication, net of costs · sign-flip|0.0014600706713780924"
0.0022798586572438154
0.0009017667844522965
-0.0010204946996466434
-0.00216113074204947
0.00016819787985865756
-0.0019837455830388697
-0.000591519434628975
-0.0013236749116607772
-0.00574416961130742
-0.0007731448763250881
0.002704593639575972
0.0030840989399293288
0.0009780918727915196
-0.00047561837455830427
-0.00033710247349823377
-0.002971024734982332
-0.002896819787985865
0.0017653710247349822
-0.0045915194346289765
0.001647349823321555
0.003746289752650177
0.0007406360424028265
-0.005642402826855124
-0.005067844522968197
0.0004367491166077735
0.003062897526501767
-0.0026388692579505297
-0.0012388692579505306
-0.0015802120141342752
-0.0016268551236749119
0.0011307420494699645
4.6643109540635616e-05
0.006665724381625441
0.0030742049469964666
-0.00027985865724381684
-0.0060897526501766785
0.00044028268551236764
0.0035123674911660785
-0.0034042402826855124
0.0017724381625441698
0.004440989399293287
0.002178798586572438
0.0008233215547703178
-0.0001455830388692584
0.0042862190812720845
-0.0030007067137809186
0.0016551236749116612
-0.0019286219081272094
-0.0010982332155477035
0.0010840989399293292
0.00302826855123675
-0.0006664310954063604
0.0005851590106007058
-0.002672791519434629
0.006914487632508835
0.008293286219081273
0.0064537102473498234
-0.0012692579505300357
0.0018134275618374562
-0.0004134275618374558
0.004047349823321555
0.004709540636042403
-0.003722968197879858
-0.0010127208480565366
0.0009752650176678446
-0.0011922261484098944
-0.0018480565371024739
0.0025886925795052993
-0.002263604240282685
0.0007060070671378089
0.001296113074204946
0.000868551236749116
-0.0038176678445229683
-0.0011356890459363958
-0.000701766784452296
-0.0030600706713780922
0.0022310954063604243
-0.004993639575971731
-0.0011795053003533567
-0.00018303886925795037
-0.0016607773851590104
-0.0025773851590106017
-0.003269257950530036
-0.0021823321554770314
7.491166077738476e-05
-0.004132862190812721
-0.00044876325088339205
0.0012756183745583041
-0.0013689045936395763
0.000658657243816255
0.0023908127208480553
0.003962544169611307
2.4028268551237242e-05
-0.00019787985865724427
-0.0016579505300353351
-0.002119434628975266
-0.0008558303886925798
-0.004254416961130742
-0.0012367491166077739
-0.0033505300353356897
-0.0005328621908127212
0.0016932862190812722
0.0005215547703180215
0.004591519434628975
0.004868551236749117
6.219081272084807e-05
0.0018127208480565368
-0.0006954063604240278
-0.003430388692579506
-0.0036
-0.0022819787985865723
0.0014374558303886932
-0.001551236749116608
-0.001002120141342756
-5.441696113074194e-05
0.0023130742049469965
0.00011095406360423944
0.0004395759717314486
-0.002242402826855124
-0.001867137809187279
0.0044565371024734984
0.002019787985865724
0.0007378091872791527
-0.0031300353356890466
-0.00037243816254416937
0.0012226148409893996
0.00036890459363957617
0.005096113074204948
-5.583038869257924e-05
0.003239575971731449
-0.0018063604240282686
0.0013151943462897532
-0.0032530035335689043
0.0026466431095406363
-0.0010727915194346292
0.0006579505300353366
0.0036798586572438165
0.003384452296819788
-0.0004522968197879864
-0.0034777385159010595
0.0031045936395759717
-0.0033491166077738517
0.0035088339222614845
-0.00393851590106007
-0.0036007067137809193
-0.004453710247349823
0.0014939929328621913
-0.0031300353356890458
-0.0015766784452296817
0.0017109540636042401
0.0012409893992932856
-0.0009300353356890463
0.0010946996466431097
0.0005137809187279153
0.00316678445229682
-0.0010021201413427556
0.0032353356890459364
-0.0026812720848056536
-0.003668551236749116
-0.00771802120141343
0.0011392226148409894
-0.0001222614840989394
-0.0010247349823321553
-0.0028098939929328626
-0.00143886925795053
0.0005985865724381628
0.004137102473498234
0.002645936395759717
0.0011243816254416963
0.0016671378091872796
0.0018289752650176674
-0.001007773851590106
-0.0004261484098939931
-0.0036975265017667844
0.0018869257950530044
0.00024098939929328625
-0.006757597173144877
-1.4134275618379867e-06
-0.0012699646643109543
-0.0008084805653710247
0.001616961130742049
0.000847349823321555
0.003917314487632509
0.0019406360424028266
0.006968904593639576
0.004761837455830389
0.0005618374558303883
-0.0006614840989399292
0.0006798586572438159
0.0007816254416961132
0.0020310954063604237
-0.0037385159010600716
0.00013710247349823382
0.0014289752650176674
-0.002860777385159011
-0.003924381625441697
0.0017893992932862186
-0.0008374558303886929
-0.004684098939929329
-0.0010911660777385157
-0.005617667844522969
0.004065724381625443
-0.00348339222614841
0.0014360424028268548
-0.0008946996466431091
-0.0005427561837455831
2.5441696113074246e-05
0.004180212014134276
0.0013137809187279152
-0.00012438162544169555
-0.0027512367491166075
-0.0013279151943462898
0.004910247349823322
-0.0006367491166077745
-0.0013236749116607778
-0.0006961130742049466
-0.0005872791519434624
0.0021462897526501774
0.004930035335689047
-0.002573144876325089
0.003609187279151943
0.006909540636042402
-0.0005222614840989405
0.005474204946996468
-0.0031434628975265024
-0.0018332155477031804
0.0005802120141342751
-0.0015455830388692575
-0.0033710247349823313
0.0008961130742049476
-6.431095406360382e-05
0.00026572438162544105
-0.006256537102473498
7.137809187279126e-05
0.0029314487632508836
0.00016961130742049446
0.0009031802120141348
-0.0034522968197879863
0.0015561837455830391
-0.0007745583038869264
0.003045936395759718
2.89752650176674e-05
-0.001015547703180212
-0.0015491166077738513
0.00480565371024735
-0.0008925795053003535
0.004435335689045938
-0.004289752650176679
-0.0033413427561837456
-0.00011024734982332197
-0.0003349823321554774
0.0014848056537102479
0.0009356890459363947
-0.004757597173144876
-0.005956183745583039
0.0020063604240282687
-0.003482685512367491
-0.005034628975265017
0.0010049469964664313
0.0005215547703180219
0.004068551236749117
0.0017477031802120135
-0.0020014134275618384
-0.0012374558303886924
-0.0011674911660777378
-0.002341342756183746
-0.0038685512367491173
-0.0035985865724381615
-0.0025378091872791508
0.0029893992932862193
-0.0016226148409893995
-0.003397173144876326
-0.0004918727915194348
0.0010120141342756183
-0.0007441696113074207
9.6113074204947e-05
-0.0008169611307420493
0.0017922261484098936
0.002168197879858657
-0.0001109540636042408
0.002506713780918729
0.0019123674911660782
-0.0008197879858657248
0.0016438162544169617
0.00017667844522968135
-0.0011067137809187277
0.001641696113074205
0.0008855123674911663
-0.002273498233215548
-0.0035441696113074203
0.0005724381625441695
0.0020551236749116607
-0.0034155477031802125
-0.0012508833922261482
6.643109540635998e-05
-0.0008904593639575976
0.00138303886925795
-0.0019533568904593636
0.0019045936395759718
0.0017787985865724372
0.002885512367491166
0.0032805653710247353
-0.0028416961130742057
-0.002973144876325088
-0.0010777385159010603
-0.0009335689045936398
0.0010897526501766786
0.0019003533568904588
0.001520848056537101
0.0017554770318021203
0.0023045936395759722
-0.0004826855123674914
-0.001409893992932862
-0.002750530035335688
0.002472791519434629
-5.2296819787985795e-05
-0.0008466431095406358
0.0037908127208480563
-0.0004395759717314486
0.00562756183745583
0.001257950530035335
-0.001130742049469964
8.621908127208502e-05
-0.0028353356890459362
-0.007312367491166078
0.002528621908127208
-0.005603533568904594
-0.000830388692579506
0.00218374558303887
-0.001765371024734983
-0.0023844522968197884
0.005234628975265018
-0.003744169611307421
0.006660070671378093
-0.0029434628975265015
-0.0026883392226148416
0.00346643109540636
-0.0007773851590106003
0.0002508833922261478
-0.0015420494699646644
-0.0003978798586572435
-0.002678445229681979
0.005213427561837456
-0.0026897526501766787
0.0008021201413427559
-0.0027236749116607774
0.0006155477031802117
-0.00267844522968198
-0.0011950530035335681
0.0006268551236749123
-0.0011844522968197883
-0.0014607773851590114
-0.0022565371024734974
0.003953356890459364
3.604240282685527e-05
0.0014346289752650181
-8.268551236749148e-05
-0.0032848056537102474
0.00419929328621908
-0.0018063604240282686
-0.002530035335689047
-0.0015137809187279144
0.0004565371024734982
-0.0012678445229681976
0.005458657243816254
-0.0024395759717314486
-0.001934275618374558
0.0011399293286219081
-0.00019787985865724378
-0.000812720848056538
-0.0004409893992932863
0.0011597173144876325
0.0010466431095406362
0.00010742049469964614
0.0016530035335689055
-0.00032508833922261513
-0.0006296819787985869
-0.0011045936395759717
0.0014035335689045931
-0.0012572438162544166
-0.00033710247349823285
0.0013378091872791522
-0.003245936395759717
-0.0014268551236749118
-0.0018530035335689045
-0.003818374558303887
0.00073356890459364
0.0021837455830388693
-0.002559717314487633
0.00019929328621908139
0.005397173144876326
-0.0009335689045936395
-0.0011568904593639584
0.0017279151943462906
0.0017745583038869253
-0.0008303886925795054
0.0006890459363957595
0.005021908127208481
-0.0025681978798586576
-0.002921554770318021
0.0015010600706713783
-0.001361837455830389
-0.0009575971731448756
0.0008325088339222616
0.0011441696113074205
-0.0033964664310954067
0.0012720848056537108
-0.004675618374558304
0.002440282685512368
8.833922261484107e-05
0.0025879858657243816
0.0006522968197879858
-0.0007851590106007067
-0.0007477031802120153
0.0008148409893992938
0.0009554770318021199
-0.0009307420494699654
-0.0025385159010600706
-0.0028120141342756182
-0.006847349823321556
0.0007851590106007075
-0.004270671378091872
0.0012332155477031805
0.0007816254416961135
-0.004289752650176679
-0.003732155477031802
0.0013293286219081268
-0.00033286219081272105
0.00444452296819788
0.001817667844522968
-7.561837455830438e-05
-0.0030551236749116607
-0.0029378091872791522
0.0012063604240282683
0.0034628975265017666
-0.00442190812720848
-0.0006310954063604237
-0.0038268551236749107
0.0034975265017667843
0.0010968197879858653
-0.001474911660777385
-0.003176678445229682
-0.003826148409893992
0.0015717314487632503
0.0022848056537102474
-0.004773144876325088
0.0007477031802120138
-0.0028678445229681983
0.0005908127208480565
-0.0004643109540636045
-0.005549116607773851
-0.004488339222614841
0.002690459363957598
0.0009477031802120145
0.0017286219081272085
0.0032190812720848056
0.00037314487632508916
-0.002975265017667845
1.8374558303887256e-05
-0.002368904593639576
0.0010961130742049468
-0.0013738515901060076
-0.0014685512367491169
-0.0030530035335689042
0.0016819787985865723
-0.0030798586572438167
0.0030254416961130745
-0.0006883392226148408
-0.004748409893992932
-0.0007999999999999998
-0.003060777385159011
-0.0021554770318021207
0.0005102473498233213
-7.703180212014132e-05
0.0017922261484098936
0.006679151943462897
-0.00269469964664311
0.006727915194346289
-0.0036798586572438165
-0.0015208480565371025
0.001973851590106007
0.002166077738515901
-0.0032989399293286217
0.0017893992932862186
0.0022713780918727916
-0.0012141342756183736
-0.0031575971731448767
-0.0005879858657243823
-0.0012459363957597169
0.004067137809187279
2.9681978798586835e-05
-0.0004784452296819791
0.002379505300353358
0.003418374558303887
0.0031081272084805657
0.0025229681978798588
-0.0032374558303886933
0.0033279151943462902
-0.0012084805653710244
-0.0004954063604240275
0.0001568904593639572
-0.0036077738515901065
0.004519434628975264
0.0004148409893992933
-0.0022282685512367492
-0.0021575971731448763
0.002532155477031802
-0.001463604240282685
-0.00011519434628975251
0.0008551236749116608
-0.002120848056537102
-0.0013236749116607765
-0.0003187279151943462
-0.003431802120141342
0.0025908127208480562
0.00012862190812720903
-0.001677031802120141
0.00032508833922261415
0.003200706713780919
-0.004471378091872792
0.00185017667844523
-0.0031985865724381626
-0.0005667844522968201
-0.004491166077738516
-0.001351236749116608
0.0005667844522968201
0.0002706713780918728
0.002641696113074206
-0.0006530035335689049
-0.0005922261484098948
0.0037045936395759716
0.0027229681978798593
-0.000282685512367491
0.0034084805653710254
0.0005568904593639577
0.0016197879858657243
0.0024240282685512368
-0.0008925795053003535
0.0018353356890459366
0.0034954063604240295
0.0026275618374558304
-0.0036346289752650176
0.0021886925795053004
-0.0023159010600706724
0.004630388692579505
0.0002706713780918724
0.0006784452296819792
-0.003436042402826855
-0.0033526501766784453
-0.001706713780918728
0.0008063604240282689
-0.0010614840989399289
0.004168904593639575
0.0018077738515901063
-0.002000706713780919
0.0024360424028268546
0.006004946996466431
0.0005067137809187278
-0.0003554770318021202
0.00030176678445229644
-0.00018727915194346282
0.0015505300353356893
0.0021102473498233213
-0.0013498233215547702
0.0032134275618374564
-0.0017484098939929327
-0.0034925795053003528
0.002216254416961131
-0.0012840989399293286
-0.00032932862190812666
-0.0008727915194346289
0.00321696113074205
0.00015971731448763228
-0.0067010600706713785
0.005797173144876325
0.002440989399293287
-0.0018176678445229676
0.005090459363957597
-0.003014840989399293
-0.001652296819787986
-0.0033830388692579496
-0.001399293286219081
-0.0009109540636042392
-6.501766784452326e-05
-0.002891166077738516
0.0046254416961130735
0.000530742049469965
0.0011399293286219086
0.0008296819787985866
0.005191519434628975
0.0018961130742049465
-0.00036113074204947014
-0.003151236749116608
0.002701766784452297
-0.0016056537102473504
0.0009328621908127213
-0.0045378091872791525
0.004281978798586572
-0.0003752650176678448
-0.000575971731448763
-6.996466431095382e-05
-0.0024098939929328624
-0.002480565371024735
0.000529328621908127
0.0009469964664310951
-0.0006473498233215549
-0.00011095406360424043
-0.0021583038869257944
-0.0017349823321554769
-0.000930742049469964
-0.0013759717314487635
0.004007773851590106
0.0031342756183745583
-0.002173851590106007
-0.0003477031802120143
-0.00330530035335689
0.0038212014134275623
-0.00028975265017667893
-0.0036862190812720847
-0.002030388692579505
-0.00018162544169611318
0.0028876325088339223
-0.002745583038869257
-0.005156890459363957
-0.0013999999999999998
0.0007787985865724387
0.0011123674911660776
0.00038091872791519465
-0.0018869257950530033
0.0023173144876325095
0.005624734982332155
-7.915194346289704e-05
-0.00038233215547703206
-0.003257243816254417
0.004139222614840989
0.003882685512367492
0.0016056537102473495
-0.0007710247349823322
0.001493286219081272
-0.004248056537102474
-0.0010127208480565368
0.0016600706713780914
-0.003937809187279151
-0.0012318021201413423
-7.067137809187285e-05
-0.0037908127208480563
-0.0006918727915194348
-0.0018742049469964665
-0.003924381625441695
0.0007611307420494699
-0.0038996466431095405
0.0009823321554770317
-0.0038318021201413427
0.0001265017667844522
0.0008593639575971732
0.002539929328621908
0.0026381625441696116
0.0014303886925795056
-0.00013144876325088303
0.0010770318021201414
-0.003331448763250883
0.0017144876325088337
-0.004686219081272084
0.0010833922261484106
-0.005421908127208481
0.0010918727915194338
-0.0029872791519434633
-0.002215547703180213
0.0036593639575971735
0.004417667844522968
-0.0009745583038869255
0.0009936395759717314
-0.001517314487632509
0.009374558303886928
0.003374558303886925
-0.0004388692579505296
0.0024395759717314486
-0.0008494699646643116
0.004092579505300353
0.0020480565371024735
-0.001888339222614841
0.0022204946996466435
-0.002839575971731449
0.0017597173144876322
0.0008869257950530036
-0.0018339222614840993
0.0032572438162544173
0.0008657243816254425
0.0005908127208480568
0.0008367491166077738
0.0010190812720848057
-0.0028911660777385163
0.0015710247349823324
-0.00407773851590106
-9.18727915194304e-06
0.00023957597173144846
0.004595053003533569
-0.0026946996466431093
-0.0013851590106007065
-0.0016819787985865727
0.009667844522968197
-0.0017003533568904596
0.0016650176678445225
-0.002320848056537102
-0.0007681978798586566
-0.001945583038869257
-0.00020989399293286262
-0.003616254416961131
-0.003380918727915195
-0.004132155477031802
-0.0022353356890459364
0.0006098939929328623
0.002177385159010601
0.0016098939929328625
-0.0016409893992932866
0.004733568904593639
0.0008692579505300361
-0.0009816254416961131
-0.002792226148409894
-0.0010459363957597174
-0.0019222614840989397
-0.0011851590106007064
2.897526501766779e-05
0.003217667844522968
-0.0016911660777385153
-0.0007342756183745586
-0.0019985865724381612
0.003422614840989399
-0.0029915194346289754
-0.0014734982332155486
0.003273498233215548
-0.002997879858657244
-0.00047703180212014135
0.0050869257950530026
0.001841696113074205
0.000956890459363957
0.00029823321554770367
-0.0025717314487632512
0.0015922261484098942
0.0022480565371024723
-0.004197879858657243
-0.002077031802120141
-0.002064310954063605
0.0007378091872791519
0.00011872791519434655
0.001108833922261484
0.002870671378091873
0.0016734982332155472
-0.0016310954063604233
0.003246643109540636
-0.0010431095406360413
-0.00038374558303886974
-0.0006127208480565363
-0.003619787985865725
0.002830388692579506
0.001353356890459364
0.00028197879858657225
0.0047915194346289745
-0.0010925795053003534
0.0012593639575971733
0.002737102473498233
0.006101766784452296
0.00568833922261484
0.004838869257950531
5.9363957597173276e-05
-0.00032720848056537087
-0.0020734982332155476
-0.0022325088339222618
0.00026996466431095394
0.0035759717314487634
-0.004846643109540636
0.004362544169611308
0.0020692579505300363
-0.00029187279151943483
0.002691166077738517
-0.0035703180212014133
-0.0016134275618374567
0.0071554770318021195
-0.0009293286219081264
0.0008643109540636041
0.0008014134275618374
0.005967491166077738
-0.0021321554770318027
0.00022614840989399292
0.0035533568904593635
0.0007773851590106012
0.0019314487632508834
0.0014777385159010612
-0.00427773851590106
-0.001886219081272085
-0.0029689045936395764
-0.0037660777385159004
-0.0017173144876325088
0.004290459363957597
0.0005893992932862194
0.0020395759717314484
0.0006303886925795061
0.006425441696113073
0.0013611307420494702
0.0018939929328621909
-0.001975265017667844
0.00171095406360424
0.0012275618374558302
0.0031144876325088344
-0.002521554770318022
-0.003838162544169611
-0.00038657243816254375
0.0012459363957597178
0.002783745583038869
-0.002941342756183746
0.0017561837455830386
-0.0017844522968197877
-0.005308833922261485
0.0012650176678445234
0.0014911660777385165
0.0030770318021201416
0.0014381625441696117
-0.0017406360424028274
-0.0030501766784452296
-0.0033660777385159015
0.004660070671378092
-0.0010325088339222623
-0.00280565371024735
0.004330742049469965
0.0015554770318021202
0.0001484098939929327
-0.0016572438162544164
-0.0005123674911660777
-0.0035978798586572447
0.0008409893992932866
-0.0005477031802120137
4.6643109540636104e-05
0.0013406360424028272
0.0010544169611307417
-0.0032989399293286217
-0.0032699646643109545
0.0035243816254416963
0.002737102473498233
-0.0013314487632508836
-0.005918021201413428
-0.0016014134275618372
-0.005592932862190813
0.0009780918727915198
-0.0010007067137809188
-0.0003985865724381623
-0.0009159010600706713
-0.001310954063604241
-0.0012388692579505297
0.0019802120141342756
-0.0003243816254416957
-0.0032042402826855123
0.00025653710247349864
0.001477738515901061
0.0024975265017667856
0.00022049469964664393
-0.003441696113074205
-0.005505300353356891
-0.0003123674911660778
0.0022077738515901067
-0.0019010600706713782
0.0003710247349823325
0.002829681978798586
-0.0010325088339222612
0.000407773851590106
-0.000578798586572438
-0.005560424028268551
-0.0026190812720848057
-0.002256537102473498
-0.0017533568904593638
-0.005185159010600706
0.005513074204946996
-0.0018932862190812719
3.6042402826854486e-05
-0.0007908127208480564
0.001412014134275619
0.0010791519434628978
-3.250883392226084e-05
0.0031540636042402823
-0.0002982332155477031
0.0033215547703180216
-0.001333568904593639
-0.001371731448763251
-0.00011448763250883406
0.0014409893992932863
0.0031809187279151943
0.0019215547703180214
-0.0018551236749116608
-0.0024855123674911656
-0.0008332155477031804
-0.004939929328621908
-0.0023017667844522963
-0.002457950530035335
-0.0014515901060070668
0.00463957597173145
0.003486925795053004
0.000886219081272085
0.000559717314487633
-0.00012296819787985925
-0.0004296819787985869
-0.0028424028268551247
0.003667844522968198
0.0007858657243816258
0.001969611307420495
-0.0033554770318021203
-0.001932155477031802
0.003543462897526502
-0.000990812720848057
0.0054537102473498225
-3.250883392226202e-05
-0.003212720848056537
-0.00037950530035335697
0.002152650176678445
0.003562544169611307
-0.002171731448763251
0.0019922261484098948
0.0016713780918727913
-0.0010530035335689048
-0.004537102473498232
0.0005010600706713783
0.0004848056537102469
0.001187985865724381
0.0024070671378091874
-0.003064310954063604
0.0012742049469964658
0.0037413427561837453
-0.0029038869257950535
0.002927208480565371
-0.0031568904593639573
-0.0009646643109540634
0.00021342756183745587
-0.002633922261484099
0.0007342756183745582
0.0025455830388692578
-0.0011151943462897526
-0.0011399293286219086
0.003682685512367491
-0.0026204946996466433
0.0011088339222614845
0.001990812720848057
0.0013215547703180207
-0.00011236749116607732
-0.003465724381625441
-0.00583321554770318
-0.00042544169611307396
-0.004306007067137809
0.0027116607773851587
-0.0012989399293286221
-0.0012954063604240283
0.004472084805653711
0.004003533568904594
-0.0014339222614840987
-7.349823321554766e-05
0.0008070671378091874
0.001026148409893993
0.007167491166077738
0.002238162544169611
-0.0002678445229681982
0.001552650176678445
0.0035985865724381632
-0.001953356890459363
-0.0030310954063604246
0.004062897526501767
-0.005121554770318022
-0.0010035335689045938
-0.0009137809187279154
-0.0034713780918727913
-0.0018141342756183736
-0.001320848056537103
-0.0038424028268551243
0.001792226148409894
-0.0008791519434628978
0.00240565371024735
0.002815547703180212
0.00520565371024735
0.005060070671378092
0.003913780918727915
0.0018812720848056545
0.0004890459363957601
0.0011321554770318018
-0.0005512367491166078
-0.002031095406360424
-0.0004939929328621907
0.0019547703180212003
0.00014346289752650244
-0.0016961130742049481
0.0013922261484098936
-0.000737102473498233
0.00016042402826855142
-0.0012855123674911661
0.002749116607773852
-0.0028918727915194344
0.0026141342756183746
-0.001670671378091873
-0.002366077738515901
-0.0006204946996466433
0.0002169611307420489
-0.003642402826855124
-0.003710954063604241
0.0043166077738515905
-0.000186572438162544
-0.0010424028268551234
0.0016056537102473497
-0.0020628975265017673
0.004648056537102473
0.000875618374558304
-0.0033095406360424033
-0.002965371024734983
0.0012402826855123675
0.0029017667844522966
-0.003948409893992933
-0.0006127208480565373
0.0006586572438162544
-0.005184452296819788
-0.005816961130742052
0.0014685512367491164
0.0006537102473498234
-0.0025349823321554766
0.0022268551236749117
0.001296819787985865
0.004141342756183745
-0.0023187279151943465
-0.0005809187279151944
-0.003954770318021202
-0.0030784452296819787
-0.0010968197879858658
0.0006487632508833915
-0.0006586572438162546
-0.0012628975265017665
0.0019604240282685512
-0.00039575971731448757
-0.0005257950530035335
-0.0011060070671378088
-0.000298939929328622
-0.00514982332155477
0.0014932862190812728
0.0006826855123674912
4.16961130742056e-05
0.002619787985865724
-0.0014551236749116606
-0.00011590106007067155
0.0013180212014134271
0.004812014134275619
0.002210600706713781
-0.0010636042402826856
-0.003303180212014134
0.0014395759717314475
0.0022226148409893996
0.0003321554770318023
-0.00035194346289752675
0.0009321554770318018
-0.001633922261484099
7.773851590106015e-05
0.00019575971731448805
0.00040565371024734955
-0.0030148409893992934
7.0671378091868935e-06
0.0022621908127208484
0.0024692579505300356
0.0005462897526501762
0.0023229681978798595
0.0011236749116607769
0.001658657243816254
0.0036904593639575972
-0.006403533568904595
0.0023632508833922265
0.0020671378091872794
0.0021144876325088335
0.0030883392226148405
-0.00477809187279152
-0.0006014134275618376
-0.0007194346289752654
0.0009300353356890455
0.002932862190812722
0.0023491166077738513
0.00015618374558303892
-0.0008113074204946995
0.004732155477031802
0.0024219081272084807
-0.005930742049469965
0.0013752650176678445
-0.0011102473498233215
-0.00033427561837455787
-8.551236749116646e-05
0.000754770318021201
-0.0018763250883392227
0.0006770318021201421
-0.00506643109540636
0.002547703180212014
0.0029823321554770313
0.00023604240282685502
-0.001968197879858656
0.0004685512367491164
-0.0001314487632508837
0.002202826855123675
-0.001338515901060071
-0.0011908127208480565
-0.002260070671378092
-0.001836749116607774
-7.773851590106024e-05
0.004638162544169612
-0.002550530035335689
0.001669257950530035
0.0015519434628975277
-0.0005738515901060067
-0.0031434628975265015
-0.0010650176678445227
-0.005033922261484099
1.484098939929322e-05
0.0034424028268551237
-0.0010091872791519432
-0.0020296819787985866
-0.00032579505300353535
-0.0031936395759717307
0.0017448763250883395
-0.002898233215547703
-0.0035936395759717313
-0.002039575971731448
-0.006508833922261484
0.0027060070671378095
0.0006162544169611308
0.0025151943462897526
-0.00353851590106007
0.0013378091872791517
-0.00041272084805653655
0.004332862190812721
3.604240282685547e-05
-0.0034042402826855124
-0.0017477031802120143
0.001084098939929329
-0.001998586572438162
-0.000853003533568905
-0.000987985865724382
0.002067137809187278
0.0023378091872791524
0.0029689045936395755
0.00046713780918728007
0.0012791519434628975
-0.0010756183745583036
-0.001908833922261485
-0.0036042402826855116
2.1908127208479723e-05
0.0011816254416961137
0.002409187279151944
-0.0030254416961130745
-0.0005929328621908124
0.004498233215547704
0.0007795053003533575
0.001840282685512368
0.0013010600706713784
-0.0010692579505300348
0.0005356890459363952
-0.0005639575971731449
0.005526501766784453
0.0018763250883392223
0.000440989399293287
-0.0005060070671378096
0.0010084805653710245
0.0028812720848056545
0.00022826855123674928
0.0011067137809187284
0.003985159010600707
0.0004840989399293281
-0.0036388692579505293
0.0005144876325088336
-0.0006452296819787987
-9.6113074204947e-05
0.0012607773851590104
-8.339222614840993e-05
-0.0027618374558303887
0.0018183745583038864
-0.0049250883392226155
0.0063823321554770315
-0.00020918727915194378
-0.0012332155477031796
-0.0015745583038869256
0.0022332155477031816
-0.0026219081272084808
0.0016805653710247346
-0.002307420494699647
-0.0026734982332155483
0.0009017667844522972
-0.0024388692579505296
0.0016664310954063602
0.00044522968197879847
0.00252226148409894
0.0018544169611307423
0.0015575971731448764
0.0025611307420494705
-0.00231660777385159
0.0037823321554770317
0.0013625441696113075
-0.0026805653710247346
0.0004409893992932857
0.00183321554770318
0.0027250883392226154
0.00045371024734982396
-0.0012904593639575974
-0.0008360424028268544
0.0021844522968197866
-0.005048056537102474
-0.0034812720848056535
5.229681978798599e-05
-0.0027597173144876318
-0.0004070671378091872
7.067137809190423e-07
-0.00020636042402826858
-0.004354063604240284
-0.0043773851590106
-0.005407773851590105
0.0027639575971731447
0.00034840989399293284
-0.000486219081272085
-0.0004699646643109543
-0.0043604240282685515
-0.003638869257950531
-0.0009639575971731457
0.0019830388692579507
-0.00027137809187279064
-0.003985159010600706
-0.0032480565371024736
-0.001537102473498233
0.006014134275618375
0.003519434628975265
-0.003347703180212013
3.5335689045936424e-05
-0.0017908127208480563
4.240282685512352e-05
-0.004792226148409894
0.0016106007067137813
-0.007190812720848057
0.0009229681978798592
0.0028720848056537104
-0.0003300353356890464
-7.349823321554706e-05
0.005247349823321556
-0.0030127208480565364
-0.003114487632508834
0.004513780918727915
-0.0027731448763250875
0.0004197879858657254
0.00019575971731448726
-0.0008367491166077729
0.0018678445229681974
-0.0020162544169611296
0.0037738515901060074
-0.0011738515901060073
-0.005975265017667844
0.001259363957597173
0.004275618374558304
0.0030346289752650178
0.00023038869257950562
0.003963250883392226
0.0024522968197879863
0.005095406360424028
-0.003225441696113075
-0.002906713780918728
-0.0024197879858657238
-0.0036459363957597173
0.0001194346289752649
0.0018975265017667849
0.0019123674911660773
-0.0022183745583038874
-0.001634628975265018
0.0014720848056537109
-0.0016155477031802117
0.0024042402826855128
-0.0038819787985865735
0.004965371024734983
0.0013300353356890462
-0.0015448763250883377
-0.0013434628975265016
0.0006826855123674909
0.0017201413427561834
0.0019597173144876327
0.0035321554770318024
0.006949823321554771
0.0029498233215547705
0.0010254416961130747
-0.0038275618374558292
0.0009095406360424031
0.0006360424028268557
0.0002014134275618385
0.001171731448763252
0.001208480565371025
-0.0005858657243816261
0.001930035335689046
0.004080565371024736
-0.00033780918727915215
0.0013427561837455824
-0.0016848056537102484
-0.00017667844522968175
-0.004696113074204946
-0.0006848056537102472
-0.0031187279151943465
0.0007109540636042397
-0.0011286219081272086
0.001062190812720848
0.0005010600706713778
-0.0042671378091872795
-0.001035335689045936
0.0021823321554770322
-0.0032911660777385156
-0.0022353356890459372
-0.002807773851590106
-0.0019321554770318028
-0.0032473498233215542
-0.0014332155477031806
-0.0018614840989399294
-0.0006155477031802119
7.773851590106131e-06
8.409893992932878e-05
0.0007992932862190817
-0.0019328621908127207
-0.00029823321554770367
0.001084805653710247
-1.4840989399293417e-05
-0.002651590106007068
-0.0005597173144876328
0.00012508833922261498
-0.0005929328621908133
0.001465724381625442
0.003243109540636042
-0.0020954063604240285
0.0009477031802120143
0.0009597173144876323
0.0031130742049469964
0.0019116607773851596
-0.0021067137809187278
-0.001387279151943463
-0.0010749116607773853
0.0005095406360424027
0.00045371024734982337
0.005281272084805653
-0.0020565371024734986
-0.0023166077738515905
-0.002431095406360424
0.0005583038869257943
0.0008233215547703185
-0.0011689045936395762
-0.002674204946996466
-0.005734982332155478
-0.002522968197879859
0.0017915194346289757
0.0009060070671378089
-7.067137809187261e-06
-0.0017773851590105996
0.0027250883392226154
5.088339222614752e-05
0.0018812720848056536
-0.0013498233215547707
-0.0006883392226148405
-0.0026530035335689045
-0.0014692579505300345
0.0007943462897526501
-0.0007851590106007074
-0.000533568904593639
0.0030501766784452305
0.0037137809187279157
0.0018416961130742042
-0.0008685512367491176
-7.42049469964665e-05
0.002850883392226148
0.00026996466431095377
-0.000542049469964664
0.00185017667844523
-0.003964664310954064
-0.003840989399293286
-0.003212720848056537
-0.0011272084805653713
-0.004157597173144877
-0.0010946996466431088
0.0020932862190812724
0.0008989399293286219
-0.0025837455830388695
-0.0020169611307420485
-0.0020466431095406364
0.0010840989399293287
0.00042968197879858635
0.0017795053003533574
0.003657950530035336
-0.0008530035335689046
-0.0011187279151943458
-0.004198586572438163
0.003990106007067139
-0.0014720848056537104
-0.002440282685512368
-0.0028699646643109544
-0.0009844522968197882
0.0005335689045936402
-0.0009554770318021209
0.0010480565371024735
0.0007300353356890457
0.0006678445229681988
0.0019434628975265014
0.006614840989399293
-0.0016098939929328623
-0.002263604240282686
-0.005739222614840989
-0.002575265017667844
0.0003618374558303887
-0.0009130742049469959
0.004589399293286219
0.0027371024734982336
-0.000815547703180212
0.00043886925795052985
0.0017265017667844524
-0.001077031802120141
-0.0013561837455830393
0.0010862190812720848
0.0028650176678445237
-0.0001250883392226146
-0.001720141342756183
-0.001021201413427562
0.0028120141342756182
0.0011462897526501768
0.000868551236749117
0.0002650176678445224
0.002218374558303887
-0.001527208480565372
0.0042699646643109546
-0.002504593639575972
-0.003937809187279151
0.0005971731448763249
0.0027950530035335693
0.004301060070671378
0.0012826855123674922
0.007426855123674909
-0.002834628975265018
0.003050883392226149
0.0011795053003533567
0.0015448763250883396
-0.002325088339222615
-0.003797879858657244
0.0017356890459363956
0.0017505300353356887
0.0019689045936395772
-0.0014876325088339225
0.0032692579505300356
-0.003543462897526502
0.001673498233215547
-0.0035038869257950525
0.00043321554770318037
-0.0016954063604240283
0.00295547703180212
0.0020572438162544163
-0.0038254416961130736
-0.0008579505300353354
0.0026621908127208477
0.002792932862190813
0.00097243816254417
0.002095406360424027
-0.002142756183745583
-0.003051590106007067
-0.004917314487632509
-0.0021053003533568902
-0.0024402826855123676
0.0014508833922261483
0.0022310954063604234
-0.00265512367491166
0.003385865724381625
-0.004235335689045936
-5.5123674911660786e-05
0.001363957597173145
-0.0058508833922261486
-0.0002607773851590105
-0.003627561837455831
-0.00026289752650176666
0.004269257950530036
0.0015985865724381623
-0.005120141342756184
0.002002120141342756
0.002890459363957597
0.00033003533568904607
-6.0777385159010186e-05
-0.001256537102473499
0.006787985865724383
0.0002692579505300348
0.002633922261484099
0.0017130742049469973
-0.0007858657243816259
-0.004812014134275618
-0.000859363957597173
-0.0033950530035335687
0.002075618374558303
0.00041554770318021197
-0.0012021201413427562
-0.0005964664310954069
-0.0014204946996466434
-0.0017335689045936396
-0.003737809187279152
0.0030756183745583037
0.0005095406360424032
0.002766784452296819
0.0014508833922261487
0.0022183745583038866
0.0010508833922261481
-0.0017187279151943474
0.0017399293286219086
0.0003858657243816253
-0.003241696113074205
0.005277031802120143
-0.0024226148409893984
0.0017477031802120148
0.00351660777385159
-0.0014353356890459362
-0.0020812720848056546
-0.00010106007067137854
0.0004975265017667848
0.0021441696113074205
-0.0015406360424028269
0.0014148409893992929
0.0037618374558303887
-0.005269964664310955
0.000508127208480566
0.006659363957597172
0.0014678445229681985
-0.007101060070671378
-0.0016925795053003537
0.0029759717314487635
-0.003732155477031802
0.00020141342756183723
0.00014770318021201396
0.0011512367491166072
0.0035653710247349826
0.0013886925795053
0.0012579505300353362
-0.00014063604240282686
0.006246643109540636
-0.00386643109540636
-0.003284098939929328
0.0027611307420494697
-0.001115901060070672
0.0046007067137809185
-0.003362544169611308
0.0006106007067137813
0.0021795053003533563
-0.004160424028268552
-0.0004586572438162545
-0.003361837455830389
0.0021434628975265002
-0.002525088339222615
-0.005240282685512368
-0.0004042402826855126
-0.001059363957597173
0.001534982332155477
0.000998586572438162
0.0019399293286219072
-0.0018296819787985863
-0.0027886925795053
-0.0015038869257950527
0.0022332155477031795
-0.004048056537102473
0.0030367491166077743
-0.0020014134275618376
0.001520848056537102
0.003342049469964665
0.0028459363957597174
0.002267137809187279
-0.0016070671378091877
-0.0007787985865724379
-0.003563250883392226
0.0011738515901060069
-0.005561130742049471
0.00015971731448763345
0.0011646643109540628
-0.00019081272084805651
-0.0005957597173144877
-0.002226855123674912
0.004580212014134275
0.0008586572438162548
-0.00045300353356890445
0.00472791519434629
0.0013010600706713788
0.005091872791519435
0.001645229681978799
0.00434982332155477
0.0008544169611307425
-0.0011597173144876325
0.0010636042402826858
0.00042049469964664356
0.004175265017667845
-0.003434628975265018
-0.0002636042402826853
-0.002443109540636043
-0.003627561837455831
0.0054565371024734985
0.0036466431095406363
-0.0012459363957597182
-0.002577385159010601
0.0008522968197879853
-0.0019738515901060066
-0.0006261484098939922
0.0034063604240282693
0.003240282685512367
0.0013653710247349825
-0.004717314487632508
0.0024713780918727917
0.0038303886925795056
0.0013441696113074212
0.0015809187279151949
0.003973144876325088
-0.0021844522968197883
0.0029102473498233217
-0.0031201413427561836
-0.0020720848056537105
-0.00013639575971731497
-0.0003038869257950525
0.0004770318021201412
0.0010784452296819789
-0.00031236749116607745
-0.0020127208480565373
-0.006156183745583039
-0.0019229681978798596
0.0035236749116607778
-0.0014954063604240286
0.0007321554770318023
0.0025356890459363964
-0.00048339222614841
-0.004679858657243816
-0.0007010600706713779
0.0019554770318021206
0.0016339222614840992
-0.0009865724381625442
0.0004438162544169609
0.0025908127208480567
-0.002352650176678445
0.0044784452296819785
-0.004093286219081272
-0.0038268551236749107
-3.0388692579505777e-05
-0.0033745583038869258
-0.006832508833922261
0.002462190812720848
-0.0014975265017667847
-0.0016204946996466439
-0.001783745583038869
-0.0011116607773851593
-0.003925795053003533
0.0021045936395759717
-0.000614134275618375
-0.0038021201413427565
0.0015413427561837456
0.002260070671378092
-0.00374416961130742
-0.0030636042402826863
0.0016607773851590106
0.005285512367491165
0.003790106007067138
-0.0004522968197879863
-0.0010621908127208474
-0.0001731448763250885
-0.003528621908127209
0.00025229681978798554
0.0021823321554770322
0.0001441696113074206
1.9081272084805908e-05
-0.0034275618374558312
0.0011872791519434629
0.0005893992932862192
0.0035335689045936404
0.003429681978798586
8.268551236749079e-05
-0.0026869257950530036
-4.805653710247321e-05
-0.00103886925795053
-2.261484098939896e-05
-0.00018374558303886865
-7.985865724381609e-05
-0.0001660777385159016
-0.000799293286219081
-0.0016763250883392216
0.0005151943462897532
0.0016918727915194345
-0.0037851590106007063
-0.00032084805653710203
0.0004508833922261485
-0.0038113074204946997
-0.0013851590106007073
0.004913780918727915
-2.826855123674875e-05
0.00187773851590106
-0.0011724381625441696
-0.0005498233215547706
-0.0001166077738515902
-0.0035491166077738514
-0.00239434628975265
-0.0013060070671378093
-0.0024183745583038867
-0.0013830388692579504
-0.0026720848056537108
-0.0002657243816254412
0.0030212014134275624
-0.004874911660777385
-0.00010106007067137833
0.0028565371024734986
0.002302473498233216
0.0029689045936395764
0.001766077738515901
0.0012261484098939931
0.00095547703180212
0.0008593639575971723
0.0031964664310954066
0.00019293286219081266
0.00192791519434629
-0.0010855123674911667
0.0033024734982332157
-0.002076325088339223
-0.0009279151943462898
0.0022325088339222618
-0.004384452296819789
-0.0038614840989399293
-0.00534982332155477
0.0010296819787985868
-0.004378091872791519
-0.005374558303886926
0.0008296819787985864
-0.003006360424028268
-0.0009166077738515902
0.0028678445229681983
0.0024692579505300356
0.00015759717314487663
-0.0033745583038869253
-0.0002968197879858656
-0.00030459363957597153
0.001324381625441696
0.00308904593639576
0.0012671378091872788
0.0006515901060070673
0.0027653710247349823
-0.0009915194346289751
0.0003957597173144878
-0.0048424028268551226
0.0025879858657243816
0.002902473498233216
-0.002752650176678446
0.0018798586572438152
0.001337809187279152
0.0024091872791519434
0.0006558303886925795
0.0020621908127208483
0.0003759717314487638
0.00010459363957597139
-0.0070530035335689065
-0.0040720848056537105
0.003484098939929329
0.0004961130742049465
-0.00331166077738516
-0.005375971731448765
0.0009809187279151948
-0.001918021201413427
0.0002946996466431093
0.0017901060070671375
0.001396466431095406
0.0005667844522968193
-0.0008091872791519434
0.0014494699646643119
-0.0020084805653710247
0.0014876325088339227
-0.0013413427561837458
-0.0021116607773851593
0.00042332155477031806
0.0022056537102473498
-0.0002431095406360419
0.0008777385159010603
-0.004412014134275618
0.0012480565371024736
0.002847349823321555
0.001312367491166078
-0.0030233215547703185
0.002431802120141343
0.0009696113074204947
0.000956890459363958
-0.0003081272084805644
0.004732155477031803
0.003218374558303887
0.0001180212014134276
-0.001045229681978799
-0.00045512367491166045
0.004674204946996466
-0.00154982332155477
0.002320141342756184
0.0007590106007067141
-0.0025646643109540636
-0.005972438162544168
-0.0020918727915194358
0.0026925795053003524
0.005959010600706713
-0.0009674911660777387
-0.0009250883392226154
0.002419787985865725
-7.137809187279071e-05
0.001949823321554771
-0.0014939929328621915
0.001991519434628975
-0.002286219081272085
-0.001378798586572438
-0.00042968197879858684
0.0021964664310954066
-0.0001696113074204949
0.0016508833922261486
-0.0035003533568904593
-0.0038614840989399284
0.0013851590106007062
0.0012770318021201408
-0.002535689045936396
-0.0025540636042402833
0.0003060070671378097
-0.0020007067137809195
0.0021575971731448763
0.0016063604240282685
-0.002591519434628975
-0.0016098939929328618
-0.0033879858657243824
-0.0015717314487632508
0.000568197879858658
-0.00029611307420494696
0.0042833922261484095
0.0005010600706713783
0.003396466431095406
-0.003342049469964664
-0.002559010600706714
-0.00011095406360424062
0.0009279151943462903
-0.0009738515901060073
0.00068904593639576
0.002534982332155477
3.5335689045934467e-06
0.0038459363957597174
0.00716042402826855
0.004189399293286219
-0.0040169611307420494
0.0006586572438162541
-0.0020134275618374563
0.00027915194346289716
0.0033031802120141343
0.0011250883392226157
-0.0027406360424028268
-0.0024409893992932865
0.005371024734982332
0.0015123674911660771
0.0025307420494699653
0.0014975265017667838
-0.0006014134275618377
0.00122756183745583
0.0029385159010600695
0.002235335689045937
0.002879151943462898
-0.005182332155477031
0.001566077738515901
-0.004082685512367492
-0.0018848056537102476
-0.0033604240282685506
-0.0013780918727915193
-0.001156183745583039
-0.0005137809187279151
0.003607067137809188
-0.0009378091872791519
0.0021604240282685505
0.0005201413427561827
-0.0019194346289752656
-0.0011999999999999995
9.681978798586605e-05
0.00013498233215547697
-0.002869257950530035
0.0020600706713780927
0.003324381625441696
0.004588692579505301
-0.001226855123674912
-0.0010204946996466434
0.00047773851590106
-0.0013491166077738515
-0.0005420494699646646
-0.0002636042402826859
0.0008798586572438159
0.0038515901060070684
0.0014452296819787984
-6.925795053003517e-05
-0.0003420494699646647
-0.002724381625441696
-0.0020862190812720844
1.5547703180212262e-05
-0.00043745583038869287
-0.00028480565371024735
0.0010699646643109544
-0.0006699646643109538
0.0012579505300353362
0.00134982332155477
0.0009590106007067145
0.0005356890459363949
0.0012932862190812712
0.0013802120141342762
0.0023236749116607772
0.0006671378091872792
0.0024021201413427563
0.0025646643109540636
0.0015886925795053006
-0.004562544169611307
-0.0029455830388692584
0.0053342756183745585
0.0031498233215547706
-0.00040282685512367446
-0.0029992932862190815
-0.0003851590106007063
0.003150530035335689
0.0036855123674911666
-0.0003731448763250892
0.0016572438162544157
-0.0005568904593639577
-0.0010282685512367493
0.005091872791519436
-0.002989399293286219
-0.004279151943462897
0.005149116607773852
0.0009095406360424031
-0.00019434628975265015
0.0009872791519434632
0.0019462897526501765
-0.0009978798586572437
0.0012409893992932867
0.0016706713780918732
-0.0024056537102473494
0.0005137809187279143
0.001697526501766785
-0.0005477031802120142
0.0033766784452296814
0.004736395759717315
-0.0011173144876325087
0.0027215547703180218
-0.0009929328621908129
-0.0038664310954063612
0.00544452296819788
-0.0025003533568904593
0.0011137809187279158
0.0042600706713780915
0.004607067137809188
0.0008416961130742048
-0.0010007067137809192
0.005704593639575973
0.004618374558303886
0.005586572438162545
-0.0006671378091872794
-0.004918727915194347
0.0020212014134275615
0.003932155477031803
0.00018586572438162577
0.0053413427561837465
-0.0021611307420494694
0.0029526501766784443
-0.00021201413427561797
0.0012219081272084801
0.002362544169611308
-0.00045512367491166094
0.0016021201413427557
-0.001210600706713781
-0.0032883392226148414
0.0017639575971731445
4.240282685512293e-06
0.0006777385159010596
0.0028445229681978794
-0.001130035335689046
-0.004385865724381624
0.0037561837455830395
0.0026332155477031796
-0.003867844522968197
0.0014424028268551234
0.0014438162544169611
-0.0002522968197879863
-0.0017208480565371021
-0.0027597173144876326
-0.001975971731448763
-0.0008650176678445235
0.003701766784452297
-0.0006120141342756192
-0.0007342756183745589
-0.004127208480565372
0.0031575971731448767
0.0023766784452296827
0.005776678445229682
-0.003551943462897527
0.0041611307420494695
0.00253356890459364
0.0010600706713780924
-0.0019731448763250876
5.724381625441752e-05
0.004212720848056538
0.002836042402826855
-0.0012473498233215555
-0.0018544169611307418
0.006281272084805654
-0.0018650176678445228
0.0026254416961130744
0.0040678445229681975
-0.0022409893992932856
0.0018113074204946995
5.088339222614849e-05
0.0014332155477031804
-0.0008098939929328622
-0.001000706713780919
0.0001660777385159009
0.0022749116607773856
-0.0023724381625441705
-0.002300353356890459
0.0028678445229681966
-0.0005349823321554768
0.002607773851590106
-0.0006318021201413423
-0.00037455830388692614
0.0008628975265017665
-0.002190106007067138
-0.00015194346289752655
-0.003039575971731449
0.0006000000000000002
-0.0014537102473498238
-0.0022932862190812725
0.0025837455830388695
-0.0012381625441696112
0.002458657243816255
-0.004826148409893994
0.0017710247349823325
-0.001098233215547703
0.0005031802120141345
-0.0021667844522968204
-0.002358303886925795
-0.0023236749116607772
0.0031759717314487636
-0.0015060070671378105
0.0016982332155477031
0.0005985865724381622
0.0005547703180212018
-0.0019272084805653706
-0.0007144876325088335
0.002611307420494699
-0.0007130742049469976
-0.002962544169611307
-0.003950530035335689
9.611307420494642e-05
0.004374558303886926
-0.0002530035335689042
0.004967491166077739
-0.0003802120141342761
-0.005893992932862191
0.003765371024734982
-0.0024671378091872796
-0.0009681978798586577
0.0016939929328621906
0.0014727915194346294
-0.0006424028268551236
0.0014862190812720854
0.00011660777385159041
-0.0012070671378091873
0.0011943462897526498
0.007591519434628974
-0.004185865724381625
0.002221201413427561
-0.003674204946996467
-0.002330035335689046
-0.0030042402826855126
-0.001732155477031802
-0.0024742049469964667
-0.0006537102473498235
-0.002554770318021202
0.0018946996466431096
0.0020240282685512366
-0.002318727915194346
-0.0017024734982332155
-0.00042968197879858554
0.00032791519434628935
-0.000867844522968198
-0.0016932862190812724
0.00476678445229682
0.002982332155477032
0.005129328621908127
0.0002883392226148402
-0.003224734982332155
0.0028261484098939926
0.0006219081272084803
-0.002975265017667845
-0.0013088339222614848
0.00187773851590106
-0.0019469964664310952
0.000648763250883392
-0.0014367491166077735
-0.0010650176678445229
-0.00010812720848056543
0.0029731448763250885
-0.0015604240282685513
0.001532155477031802
-8.339222614841013e-05
-0.0035243816254416963
-0.00030318021201413493
-0.0025024734982332163
-0.0022162544169611314
0.0021590106007067134
-0.0013886925795053
-0.00012084805653710279
0.0015095406360424025
-0.00037597173144876284
0.0013477031802120137
-0.0004848056537102469
-0.002015547703180212
-0.0009632508833922264
0.004175971731448763
0.002234628975265017
0.000958303886925795
0.0005745583038869257
0.0031392226148409894
-0.0025773851590106013
0.001106007067137809
-0.0010219081272084818
0.0007901060070671388
0.005461484098939929
0.00010459363957597198
-1.6254416961130815e-05
-0.00047067137809187295
-0.00387208480565371
-1.4134275618374277e-05
-0.0008127208480565361
-0.002758303886925795
0.0030162544169611305
-0.0012996466431095409
0.00011731448763250925
-0.0002487632508833919
-0.0006784452296819792
0.00034134275618374644
-0.002931448763250883
0.0039484098939929334
-0.0021123674911660774
0.005754063604240281
-0.0014918727915194346
-0.00485017667844523
-0.0016826855123674917
-0.004007773851590106
0.0007081272084805651
-0.005167491166077737
-0.0004946996466431096
-0.0006812720848056536
-0.0008303886925795046
-0.0009625441696113074
0.00504452296819788
-0.0034042402826855124
0.0025547703180212023
-0.00096678445229682
0.0006212014134275625
0.0020028268551236746
-0.003308833922261484
0.0010197879858657244
0.0007667844522968199
-0.0021427561837455834
0.004152650176678446
0.0033300353356890463
0.0007985865724381625
0.0011547703180212012
-0.00029469964664310906
-0.0031625441696113074
-0.0033787985865724383
-0.006272791519434629
0.0025978798586572434
-0.003096819787985865
0.0032261484098939927
-0.0008494699646643116
0.000554063604240283
-0.002813427561837456
-0.0024007067137809183
-0.002465017667844524
-0.00019434628975265015
-0.002120141342756183
-0.0035279151943462903
-0.001556183745583039
0.00035618374558303866
-0.002159717314487632
0.006973851590106007
0.0007696113074204947
0.0007413427561837456
-0.005809187279151944
-0.0015851590106007068
0.003488339222614841
0.0034021201413427554
6.925795053003526e-05
0.0027816254416961127
0.0002989399293286219
0.0010713780918727913
0.0030014134275618376
0.002851590106007067
8.551236749116569e-05
-0.004259363957597173
-0.0018247349823321555
-0.0006643109540636035
0.000940636042402827
0.002453710247349823
-4.8763250883391956e-05
0.0011922261484098944
-0.001954063604240283
0.0008989399293286226
0.003137102473498233
0.0008091872791519432
-0.006981625441696113
-0.0008579505300353364
-0.0008134275618374557
-3.462897526501836e-05
0.003831095406360424
-0.002465017667844523
0.001250883392226148
-0.00387208480565371
0.00408339222614841
-0.001659363957597174
0.0010763250883392226
-0.0009194346289752662
-7.067137809187286e-06
0.0014989399293286224
0.0019590106007067137
0.0028713780918727923
0.0015893992932862193
-0.0028501766784452304
0.0013371024734982334
0.002765371024734983
-0.00023462897526501812
-0.00041908127208480577
-0.00020706713780918763
-0.00213356890459364
-0.0006254416961130748
0.0020014134275618384
-0.0032275618374558303
0.006865724381625442
-0.00046501766784452325
-0.003308127208480566
0.0001632508833922264
0.002515901060070671
0.0016763250883392235
0.0008296819787985866
-0.003176678445229682
-0.002964664310954063
-0.0009795053003533564
0.00012650176678445215
-0.0012678445229681976
0.0007265017667844515
0.0017809187279151943
-0.0031985865724381626
-0.00022897526501766813
-0.002032508833922261
-0.0020607773851590116
-0.0033512367491166078
-0.004180918727915196
0.0010190812720848057
0.004484805653710248
-0.000616961130742049
-0.0018678445229681985
-0.006527208480565371
0.0007681978798586577
-0.00016819787985865715
-0.0019971731448763246
-1.4134275618373001e-06
-0.0018939929328621904
0.0013342756183745584
0.003612014134275618
-0.0030268551236749116
-4.2402826855123716e-05
-0.004628975265017667
-0.0005166077738515897
-0.0003639575971731454
0.0008784452296819786
-0.0018791519434628978
0.0002204946996466434
0.0058261484098939935
0.0033024734982332153
-0.002141342756183746
0.0008586572438162546
0.0022127208480565365
-0.0026028268551236745
-0.000760424028268551
-0.0006325088339222616
-0.0009773851590106004
0.0002911660777385156
0.0038918727915194353
0.0028339222614840983
0.0021597173144876332
0.0037201413427561843
-0.0025830388692579514
0.002763250883392227
-0.000995759717314487
-0.004870671378091873
-0.00617243816254417
-0.0012077738515901065
-0.006214134275618374
-0.0016664310954063604
-0.0010763250883392232
-0.002412720848056537
-0.00019363957597173125
-0.0003095406360424024
0.0003151943462897527
0.0021639575971731445
-0.0005844522968197883
0.0022508833922261487
0.002634628975265017
-0.0022522968197879853
-0.0010989399293286216
-0.0008833922261484099
0.0006106007067137809
-0.0042424028268551245
-0.004353356890459364
0.0021109540636042408
0.003606360424028269
-0.0018374558303886927
1.554770318021207e-05
0.0001484098939929324
0.006101766784452296
-0.00027420494699646644
-0.0007300353356890452
0.0008056537102473494
0.004206360424028269
-0.0032409893992932865
-0.0004261484098939923
0.005899646643109542
-0.0009173144876325083
-0.0010282685512367495
-0.0021265017667844517
0.0016049469964664312
-0.000608480565371025
-0.003393639575971731
-0.000881978798586572
-0.003994346289752651
-0.004324381625441696
0.0004685512367491176
-0.0018777385159010605
-0.0005455830388692575
-0.003462190812720847
-0.003597879858657244
0.0007787985865724381
-0.0008416961130742049
0.001142049469964664
0.0007724381625441698
-0.0010791519434628968
-0.0008155477031802124
0.0009985865724381625
0.0004918727915194344
0.004234628975265017
-0.0035363957597173133
0.0022855123674911664
0.001614840989399293
0.0045088339222614845
0.0023625441696113075
0.0038621908127208495
-0.0032120141342756184
-0.005168197879858657
-0.004712367491166079
0.000859363957597173
0.0017279151943462893
-0.003888339222614842
-0.0006840989399293288
0.0006508833922261489
0.0035795053003533565
0.002559010600706714
-0.0018515901060070668
-0.0038572438162544167
0.0023978798586572433
-0.002388692579505301
0.001792932862190813
-0.0005519434628975252
-0.00011802120141342712
0.0004551236749116602
0.0016466431095406363
-0.0019498233215547703
-7.208480565371075e-05
-1.696113074204971e-05
0.005388692579505301
-0.0005554770318021201
-0.0011936395759717306
3.8162544169611835e-05
-0.0004339222614840982
-2.4734982332155697e-05
0.002725088339222615
-0.0016657243816254423
0.000669257950530036
0.005004240282685513
-0.003072791519434629
-0.001839575971731449
0.0002254416961130742
0.0027286219081272085
0.0034296819787985864
0.0009717314487632507
-0.004067137809187279
-0.003983745583038871
-0.0002798586572438164
-0.002590106007067138
-0.004741342756183746
0.001281272084805654
0.004342049469964665
0.00020494699646643079
0.0020332155477031807
0.0010636042402826856
-0.00509469964664311
-0.0013300353356890454
0.00263886925795053
-0.0017922261484098936
0.0025356890459363964
-0.0025378091872791516
7.420494699646571e-05
-0.0004911660777385157
0.004968904593639576
0.002145583038869258
0.00039787985865724396
0.005362544169611309
0.000467844522968197
0.0012226148409893998
0.002634628975265017
0.0014303886925795056
0.0002508833922261485
0.0029102473498233213
0.001301060070671378
0.0013802120141342754
0.001007067137809187
0.0022925795053003535
-0.0036968197879858667
0.0003901060070671382
0.00210600706713781
-0.0029215547703180206
-0.0011427561837455834
-0.0023406360424028266
0.0010091872791519432
-0.0010240282685512372
0.0030727915194346286
0.0034275618374558304
0.0005371024734982329
0.0032070671378091873
0.0016056537102473495
0.007031802120141342
-0.002770318021201413
-0.00019717314487632524
4.381625441696062e-05
0.0018565371024734986
0.002532155477031802
-0.0008515901060070663
-0.0020883392226148413
0.00044946996466431146
-0.00010954063604240273
0.0008275618374558303
-0.0010515901060070667
-0.003571024734982332
-0.0011816254416961124
-0.0018014134275618373
-0.004548409893992932
-0.003254416961130743
-0.004147703180212014
-0.0008466431095406364
0.002776678445229682
0.0023703180212014128
-0.0018572438162544175
0.0007088339222614843
-0.0009971731448763252
0.00325017667844523
0.002783745583038869
0.0031215547703180215
-0.0014084805653710247
-0.0004424028268551238
-0.0027130742049469967
-0.00047773851590106044
-0.0014742049469964667
0.0020664310954063604
-0.0017010600706713784
0.0005787985865724379
0.003134982332155477
0.001898939929328621
0.00029893992932862216
-0.0027512367491166075
-0.003014134275618375
-0.0028346289752650177
0.0012756183745583046
-0.0008975265017667841
-0.001313780918727916
-0.0008734982332155468
-0.00016819787985865656
0.00272226148409894
-0.0032459363957597176
-0.0030028268551236747
0.0016989399293286223
-0.0021703180212014127
0.000517314487632508
0.0015731448763250883
-0.0037540636042402826
-0.0004021201413427563
-0.0038989399293286224
-0.00016537102473498255
-0.004544169611307419
0.0018134275618374562
0.0032600706713780928
0.0010240282685512376
-0.000390106007067138
0.0006219081272084803
-0.0007823321554770319
0.0007660777385159014
-0.0010303886925795056
-0.0008713780918727913
-0.0003243816254416965
-0.0020643109540636044
0.0027992932862190806
-0.0016480565371024736
0.00020424028268551254
0.0028876325088339227
0.0011166077738515912
0.007245936395759718
-0.0010819787985865722
-0.000532862190812721
-0.0008791519434628976
0.00263886925795053
0.0011236749116607775
0.0021088339222614847
0.0034240282685512363
-0.0031074204946996463
0.0015257950530035327
-0.0007109540636042406
-0.003139222614840989
0.004446643109540636
0.0016600706713780923
-0.0035660777385159007
0.00037879858657243815
0.0013604240282685518
0.004350530035335688
-0.0015689045936395764
-4.24028268551298e-06
0.005672791519434629
0.003548409893992933
0.005585865724381626
-0.0005533568904593638
0.0038035335689045936
0.0011710247349823316
0.0023392226148409895
-0.00031095406360424
-0.0009844522968197875
-0.0015180212014134268
-0.0022946996466431096
0.001547703180212014
0.0018720848056537104
-0.0006120141342756183
0.0014226148409893996
0.0022388692579505304
-0.0012508833922261484
-0.0014996466431095405
-0.0002840989399293287
0.0027681978798586577
-0.0037102473498233216
0.0021674911660777385
0.0012664310954063598
0.0026155477031802117
0.001055123674911661
0.00191660777385159
-0.004908833922261485
0.004200000000000001
0.0022148409893992934
-0.006484805653710248
0.002538515901060071
-0.0016339222614841
-0.002086219081272085
-0.0036961130742049477
-0.001471378091872791
-0.0004219081272084808
-0.004773851590106007
-0.0009611307420494694
-0.00016395759717314487
-0.0015286219081272086
0.004614134275618375
0.0019590106007067146
-0.0020699646643109536
-0.000154063604240283
0.0037222614840989403
3.5335689045937407e-06
0.004020494699646644
0.0033724381625441693
-0.0028918727915194353
-0.0012756183745583041
0.003647349823321555
0.0026438162544169604
0.0038367491166077733
0.001520141342756184
0.004869964664310954
-0.005078445229681979
0.0019505300353356893
-0.0028925795053003547
0.0052310954063604235
-0.002948409893992933
0.0009632508833922264
-0.001103180212014134
-0.0021766784452296817
0.0013356890459363955
0.0005540636042402824
0.0009660777385159012
-0.0049236749116607775
0.0008522968197879865
0.00031802120141342764
-0.003290459363957597
-0.001292579505300354
0.0026954063604240283
-0.00020706713780918565
0.0017667844522968198
-0.0021469964664310947
0.002265724381625442
0.003414840989399294
-0.0028537102473498235
0.0035526501766784463
-0.004889752650176678
0.0023314487632508834
0.0017604240282685511
-0.0027674911660777383
0.0016558303886925793
-0.000779505300353357
-0.006020494699646643
0.004187279151943464
-0.0015745583038869254
-0.003908127208480564
-0.0003830388692579505
0.0008077738515901055
0.0016459363957597173
0.0007236749116607775
0.0008777385159010599
-0.00048409893992932846
0.0019356890459363953
-4.522968197879871e-05
0.004057243816254418
0.00495053003533569
-0.0024296819787985877
0.0031999999999999997
0.0002876325088339223
0.0036254416961130744
0.0031321554770318023
-0.002679858657243817
0.001002826855123675
0.0013166077738515898
-9.399293286219076e-05
0.004614840989399294
-0.003384452296819788
-0.000863604240282686
-0.0025088339222614836
0.0013371024734982334
-0.0003159010600706711
0.0031356890459363963
-0.002602120141342757
-0.002198586572438163
-0.00155547703180212
-0.000906007067137809
-0.0012636042402826857
0.00021201413427561876
0.0025222614840989402
0.0010989399293286216
0.0036113074204946996
0.003191519434628976
0.00015406360424028258
0.0016989399293286223
0.002142756183745583
0.001835335689045936
0.0002240282685512364
-4.5936395759717555e-05
0.0031950530035335695
0.000880565371024735
0.002604946996466431
0.0023053003533568903
-0.0014925795053003534
0.004674911660777385
0.0007053003533568905
0.001860070671378091
0.0006840989399293284
0.0028685512367491177
-0.0029017667844522975
-0.0033851590106007065
0.0020911660777385164
-0.0009575971731448754
0.002396466431095406
0.0010876325088339227
0.0023286219081272083
0.0023639575971731454
0.004676325088339224
-0.0012091872791519427
-0.003979505300353357
-0.0002113074204947003
-0.0039045936395759717
0.0005081272084805649
-0.002634628975265018
-0.0005639575971731449
-5.653710247349593e-06
0.003714487632508833
-0.0007413427561837452
-0.0036346289752650176
-0.0008650176678445236
0.0012551236749116605
-0.002332155477031802
0.0006162544169611308
-0.0015265017667844517
0.0022558303886925793
0.0006021201413427566
-0.0002572438162544173
0.003637455830388692
0.0020805653710247347
0.0007413427561837454
0.0014614840989399295
0.00043533568904593594
-0.0038551236749116606
-0.0023017667844522963
-0.0069109540636042395
-0.0033533568904593643
4.310954063604275e-05
-0.0023802120141342767
-0.0004219081272084801
-0.002392932862190812
0.0009455830388692578
-0.0025611307420494705
0.0016282685512367492
-0.002432508833922262
0.0005547703180212014
-2.9681978798586638e-05
-0.0005314487632508834
0.0016869257950530034
0.00042190812720848027
-0.00131660777385159
0.0012219081272084801
-0.0054098939929328625
0.00568268551236749
0.0014268551236749126
0.0006332155477031804
-0.0031554770318021194
-0.00165017667844523
-0.0007978798586572439
0.004554063604240283
-0.003098939929328622
-0.0009943462897526502
0.0008848056537102474
-0.0038975265017667854
-0.0028812720848056536
-0.00033710247349823334
1.272084805653688e-05
0.0024240282685512368
-0.00013780918727915203
-0.0010077738515901072
0.0026035335689045948
-0.00016890459363957561
-0.001743462897526502
-0.0038134275618374558
0.0011038869257950531
-0.0024756183745583043
-0.0032784452296819784
-0.006921554770318022
0.0011498233215547703
-0.0070911660777385165
-0.000247349823321555
-0.0018473498233215545
-0.0015978798586572436
0.00015477031802120124
-0.00011166077738515902
0.0036840989399293286
0.0005731448763250876
0.007523674911660777
0.0022282685512367492
0.0011929328621908127
-2.89752650176675e-05
0.0038975265017667854
-0.003462190812720848
0.001130035335689046
0.0003809187279151946
0.0011943462897526503
0.0008339222614840986
0.0011681978798586564
-0.00417173144876325
-0.0005568904593639575
-0.0012035335689045928
-0.0068289752650176686
-0.0010098939929328618
-0.0018932862190812723
0.003955477031802119
-0.0023957597173144877
0.00693286219081272
0.004978091872791519
0.00016890459363957656
-0.0007625441696113068
0.002219081272084806
0.002458657243816254
0.005807773851590106
0.0011893992932862198
-0.0008565371024734973
-0.007373851590106008
-0.0023300353356890463
-0.005838162544169611
0.002763250883392226
-0.00046643109540636044
-0.0002473498233215538
0.0007257950530035334
-0.0003639575971731454
-0.0023498233215547702
0.0035936395759717313
-0.0035936395759717317
-0.004122968197879858
0.0027886925795053
-0.004517314487632509
-0.0005964664310954061
0.001985159010600707
-0.0018699646643109546
0.0013625441696113081
-0.003024028268551237
2.8268551236749924e-06
-0.0008247349823321552
-0.00016749116607773734
-0.0035469964664310953
-0.002168197879858656
0.0014325088339222623
-0.002662190812720848
0.0007999999999999999
-0.0014664310954063614
-0.0015766784452296825
0.0016
-0.002720848056537103
0.004601413427561838
0.0022614840989399294
-0.0015328621908127207
-0.00282756183745583
-4.52296819787988e-05
0.002620494699646643
-0.0006466431095406362
-0.0014784452296819782
-0.001212720848056537
-0.0010812720848056535
-0.001271378091872791
-0.001090459363957597
-0.0035243816254416963
-0.0011349823321554768
0.006385865724381626
-4.3816254416961506e-05
0.002280565371024735
0.000538515901060071
-0.004713780918727916
-0.0022833922261484094
0.0012678445229681971
0.00323321554770318
-0.002984452296819788
0.002513074204946996
-0.00023180212014134273
-0.0026014134275618374
0.0008925795053003538
0.0003307420494699647
-0.0005307420494699654
0.001561837455830389
-0.0010636042402826862
-0.0003908127208480569
-0.002438162544169611
0.004378091872791519
0.002770318021201413
-0.0005957597173144876
0.0008628975265017669
0.00044169611307420456
-0.0011512367491166072
0.00036042402826855127
0.0007879858657243823
0.0071363957597173145
0.0015999999999999999
0.002075618374558303
0.002602120141342757
-0.0012360424028268551
0.0013759717314487632
-0.002587279151943463
-0.0020508833922261486
-0.0015498233215547703
-0.0013265017667844525
-0.0013512367491166075
-0.00046360424028268546
0.002385159010600706
-6.360424028268517e-05
-0.0014600706713780913
-0.002693992932862191
-0.001932155477031802
-0.00286148409893993
-0.003980212014134275
0.0006169611307420494
-0.0027215547703180213
0.0029886925795053008
-0.0015335689045936393
0.0021752650176678446
-0.0009250883392226152
-0.0032141342756183745
0.0007243816254416961
0.002489752650176679
-0.0028438162544169605
-8.551236749116578e-05
0.0003999999999999995
0.0039583038869257965
-2.2614840989398764e-05
0.0023208480565371026
-0.001289752650176679
-0.0052932862190812726
0.0042381625441696115
0.0060310954063604255
-0.00043462897526501805
0.00256113074204947
-0.003419787985865724
-0.0016791519434628975
0.0064826855123674915
0.0013017667844522967
-0.003968197879858657
-0.0014643109540636034
0.0019307420494699646
0.002632508833922262
-3.674911660777412e-05
-0.0016445229681978798
0.0005653710247349824
-0.0050487632508833934
0.0010855123674911658
-0.0014770318021201418
9.96466431095409e-05
0.0009717314487632506
-0.001459363957597173
-0.00775053003533569
-0.0023328621908127204
0.0007703180212014132
-0.0031893992932862194
-0.0011696113074204943
-0.0021102473498233218
0.0033915194346289747
-0.004975971731448763
-0.001831095406360424
0.0012098939929328617
0.0030848056537102473
0.004643109540636042
-0.0007985865724381627
0.0003696113074204942
0.001704593639575972
0.0018671378091872795
-0.006056537102473498
0.000963957597173145
0.00018445229681978808
0.001781625441696113
-0.006775971731448763
0.0012346289752650178
-0.0010749116607773853
0.0017766784452296824
0.0009533568904593633
-0.004804240282685512
0.0035526501766784445
-0.004743462897526502
-0.004088339222614841
-0.004477031802120141
-0.0025568904593639584
0.00042190812720848027
-0.0017477031802120143
0.00039646643109540665
-0.0027173144876325083
0.0018113074204946995
-0.0028332155477031797
-0.001148409893992933
0.0007717314487632512
-0.0018303886925795053
0.0005095406360424024
0.000992932862190813
-0.0017491166077738512
-0.0021265017667844526
-0.0015625441696113073
-0.0005738515901060072
-0.0016628975265017664
0.0034904593639575967
0.0027858657243816256
0.0004212014134275619
-0.0033823321554770323
0.0009031802120141346
0.002196466431095406
0.0022155477031802124
0.0046925795053003524
0.0022911660777385164
0.002561837455830389
0.0016212014134275618
0.002292579505300354
-0.0011328621908127214
0.0015173144876325089
0.005063604240282685
-0.0006932862190812722
0.007609893992932862
-0.0010148409893992935
0.0019441696113074202
0.001969611307420494
0.002442402826855124
-0.0028275618374558296
-0.0010254416961130734
0.004030388692579505
0.0003639575971731448
0.004307420494699646
0.0009144876325088344
-0.0020961130742049475
0.0028826855123674907
0.002149116607773852
0.0021547703180212012
0.0039427561837455825
0.005250176678445229
0.001686219081272086
-0.0006452296819787992
0.002685512367491166
0.0019505300353356888
-0.0009060070671378089
0.0036325088339222615
-0.0033067137809187287
-0.0008000000000000006
-0.0006183745583038875
-0.004120848056537102
0.0044056537102473495
0.00027420494699646666
0.0008183745583038868
-0.0016600706713780918
-0.002157597173144877
-0.001998586572438163
-0.002284805653710247
0.0005321554770318022
-0.0028155477031802127
-0.0030261484098939927
-0.002708127208480567
-0.0006374558303886924
9.893992932862219e-05
0.0016021201413427557
-0.0004070671378091871
-0.009571024734982331
-0.0055060070671378095
-0.0022537102473498237
0.001465724381625442
0.004348409893992933
0.0021003533568904587
0.0016254416961130748
0.0007830388692579503
0.0008113074204946997
0.0017611307420494701
0.0006226148409893987
0.001604946996466431
-0.0014607773851590103
-0.00038869257950530014
-0.00041272084805653715
0.0017667844522968206
0.004596466431095406
0.0006346289752650172
0.0031031802120141346
0.002877738515901059
0.00013427561837455842
0.00010176678445229699
-0.0026063604240282694
-0.003767491166077738
-0.003324381625441696
0.001602826855123675
-0.0006678445229681978
0.0009950530035335694
0.0005045936395759715
0.0006487632508833924
-0.0011681978798586572
0.0027766784452296816
0.0027554770318021205
0.002538515901060071
-0.0018551236749116608
-0.0010261484098939926
-0.0036113074204946996
-0.004665724381625441
0.0009491166077738521
0.00033144876325088375
0.0030939929328621914
-0.0014091872791519434
-0.0008360424028268555
-0.0012855123674911661
-0.0029597173144876327
-0.0006141342756183748
-0.0041773851590106
-0.00702756183745583
0.0021300353356890457
-0.004506713780918728
0.0034833922261484095
0.003280565371024735
-0.0006756183745583052
-0.002477031802120141
0.0007929328621908133
0.0002049469964664309
-0.003426855123674912
-0.0024586572438162545
0.0006897526501766778
-0.0011321554770318024
-0.0028996466431095405
-0.0032303886925795044
-0.0033526501766784457
0.0010798586572438162
-0.003601413427561838
-0.0012840989399293288
0.0004600706713780918
0.0023187279151943465
0.002095406360424029
-0.0017547703180212015
-0.006267137809187278
-0.0035639575971731455
-0.002456537102473498
-0.0008946996466431093
0.0024833922261484095
-0.0021095406360424024
0.004396466431095406
-0.0004381625441696117
0.006585159010600707
-0.0003780918727915195
-0.001130035335689046
0.0005738515901060072
-0.002175265017667844
-0.0013710247349823324
-0.0036310954063604236
0.0038268551236749124
0.0005809187279151947
0.0012925795053003535
0.0038671378091872785
0.00575547703180212
-0.000343462897526502
-0.0020784452296819787
-0.0036551236749116614
0.0008812720848056534
-0.00014699646643109393
0.002574558303886926
0.0039689045936395755
-0.0007088339222614841
0.0011893992932862187
-0.0006169611307420486
-0.002819081272084806
0.00036042402826855116
0.004159010600706713
0.00010530035335688985
-0.002554063604240283
0.003765371024734982
-0.0036134275618374566
0.0008692579505300351
0.0031300353356890466
-0.0037886925795053
0.0010148409893992929
0.0006727915194346286
-0.004787279151943462
-0.0012487632508833928
-7.703180212014144e-05
-0.002715194346289753
0.0013187279151943457
-0.00038091872791519416
0.0037236749116607783
0.0013173144876325086
0.0005385159010600708
-0.0027547703180212015
-0.005174558303886925
-0.0016219081272084805
0.0004911660777385161
0.001592226148409894
0.0041653710247349825
0.004091166077738516
-0.004262190812720848
0.0002332155477031806
0.0020084805653710247
-0.002823321554770318
0.0014332155477031797
-0.0010918727915194349
0.0014544169611307423
-0.005038162544169611
-0.0026310954063604244
-0.002558303886925795
-0.0016402826855123672
-0.00011024734982332157
-2.3321554770318e-05
0.00469469964664311
0.004901766784452296
0.0024833922261484095
0.0026685512367491154
0.007393639575971732
-0.0010664310954063606
0.0035929328621908123
-0.0004459363957597176
0.00357809187279152
0.0007915194346289754
0.0033886925795053
-0.004166077738515902
-0.002168197879858658
0.0010339222614840985
0.0011434628975265013
-0.0012261484098939931
-0.0002197879858657237
-0.0017752650176678444
-0.0027816254416961127
-0.0030049469964664303
-0.003414840989399293
-0.006986572438162544
-0.00229399293286219
0.003469964664310954
-0.008707420494699646
-0.0018756183745583044
-0.00033851590106007064
0.00012367491166077687
-0.002213427561837456
0.0014678445229681979
-0.0016339222614840986
-0.00139434628975265
-0.0017731448763250884
-0.0002840989399293287
-0.0018325088339222614
0.0010798586572438164
0.0013286219081272092
-0.0014946996466431092
-0.0032883392226148406
-0.005346996466431096
0.0033448763250883387
-0.0011399293286219084
-0.0007964664310954068
-0.0021038869257950527
0.0007279151943462896
0.0008961130742049468
-0.00014911660777385124
-0.0029639575971731444
-0.0007441696113074206
0.0018466431095406355
0.0010628975265017672
0.002670671378091872
2.5441696113074395e-05
0.0026282685512367485
-0.0016522968197879857
-0.0023512367491166078
0.002361837455830388
0.0005166077738515903
0.0017173144876325083
-0.00039081272084805647
-0.004136395759717314
-0.001364664310954063
0.003019787985865724
-0.0024445229681978797
0.0028049469964664315
-0.0018664310954063605
-0.0030600706713780922
-0.0031088339222614847
0.0017710247349823325
-0.005126501766784452
0.0020515901060070675
0.004462190812720848
-1.5547703180211676e-05
-0.002160424028268551
0.0027802120141342747
-0.002956890459363957
-0.0021844522968197887
0.0019166077738515905
0.0007992932862190807
-0.0020558303886925797
-0.0012042402826855122
-0.0012890459363957597
0.000654416961130742
6.077738515901038e-05
-0.0027130742049469967
-0.0010473498233215539
0.0014946996466431086
-0.002198586572438163
0.0032657243816254415
-3.3922261484098735e-05
0.004761837455830388
0.0013088339222614843
0.005708127208480565
0.001002826855123675
-0.0004473498233215549
-0.0039773851590106015
-0.0014176678445229672
0.002196466431095407
-0.0003462897526501769
0.0009243816254416965
-0.004093286219081272
0.00041908127208480637
-0.0013526501766784455
-0.004562544169611307
0.00026431095406360413
0.00040918727915194314
-0.0011872791519434642
0.0024530035335689052
0.00128904593639576
0.00015759717314487682
-0.0012989399293286217
-0.0007342756183745575
0.0023279151943462898
-0.0008452296819787988
-0.003917314487632509
-0.0018572438162544164
0.0039469964664310955
0.0026014134275618374
0.00043250883392226134
-0.00553922261484099
0.0013349823321554776
-0.0021477031802120145
0.0012183745583038866
-0.0007773851590106008
-0.0008360424028268554
-0.0046763250883392225
-0.004712367491166078
0.004009893992932861
0.0012628975265017667
-0.002986572438162544
-0.0006240282685512368
0.0008706713780918726
0.0004416961130742047
-8.056537102473523e-05
0.00411095406360424
-0.0014042402826855121
-0.0019314487632508834
-0.0016946996466431095
-0.004603533568904594
-0.0013929328621908126
-0.0020911660777385164
-0.00439505300353357
0.003397879858657245
0.0016113074204946998
-0.0038869257950530024
-0.004674204946996466
-0.0005519434628975269
0.0031081272084805653
-0.0024565371024734975
-0.005713074204946995
-0.0011201413427561837
0.005874204946996466
0.0016487632508833915
-0.005719434628975266
0.001913074204946996
-0.0003950530035335695
-0.004244522968197879
0.0002784452296819785
-0.0011901060070671377
0.006039575971731448
0.0011618374558303882
0.001713780918727916
0.000865724381625442
0.0004219081272084806
-0.0022840989399293293
0.00021978798586572463
-0.002824028268551237
0.0017109540636042406
0.002031095406360424
3.462897526501758e-05
0.0014530035335689033
0.00021060070671378135
0.0013010600706713775
0.0028593639575971736
-0.007112367491166079
-0.0008106007067137814
0.0024791519434628974
-0.0007455830388692583
-0.00013498233215547727
-0.0003766784452296821
0.0037950530035335685
0.003112367491166078
0.004877738515901059
-0.004389399293286219
-0.0005187279151943461
0.002277031802120141
0.0015674911660777384
0.0016996466431095402
-0.004254416961130742
7.632508833922245e-05
-0.004348409893992933
0.001695406360424028
-0.000568904593639576
0.0032614840989399294
0.0013215547703180207
-0.0002636042402826861
0.002862897526501766
-0.0005441696113074202
0.003657950530035336
-0.0013385159010600703
0.0033413427561837456
-0.00012155477031802076
-0.004403533568904594
0.0016784452296819787
0.00031095406360424
-0.00192791519434629
0.0005363957597173148
0.0034692579505300352
-0.000831095406360424
-0.005645229681978799
-0.0022148409893992943
0.0018120141342756184
0.00013992932862190842
0.0010664310954063606
0.0007978798586572434
0.0018989399293286222
0.0013067137809187283
0.005372438162544169
0.004840282685512368
0.0006904593639575973
-0.00024805653710247325
0.0042226148409894
0.004006360424028268
0.002331448763250884
-0.001474911660777385
0.006876325088339223
0.00077243816254417
0.0005371024734982333
-0.0024070671378091883
0.0002445229681978797
0.0027618374558303883
-0.00046501766784452336
-0.00021908127208480535
-0.0009187279151943463
-0.0034275618374558295
-0.0012777385159010602
0.002137102473498234
0.0004445229681978793
0.0016416961130742045
-0.0014155477031802114
0.0008402826855123674
-8.904593639575972e-05
-0.0019710247349823315
0.001112367491166079
0.004854416961130742
-0.004231802120141343
0.0025130742049469966
-0.0013491166077738523
-0.0013674911660777386
0.0007243816254416963
0.002151236749116609
0.0032120141342756184
-0.003971024734982333
-0.0021194346289752654
0.001192932862190813
-3.0388692579505486e-05
-0.002770318021201414
0.0015901060070671379
0.004397879858657244
-0.006233215547703179
0.002368197879858657
0.002693992932862191
0.0026388692579505297
0.0009830388692579504
-0.0006614840989399299
0.0032805653710247353
-0.0022162544169611305
0.0011116607773851586
-0.001484098939929329
0.00021908127208480584
-0.0018268551236749113
0.0014247349823321553
-0.00014346289752650187
-0.002259363957597173
0.0011731448763250881
0.00294487632508834
-0.006385865724381625
-0.0003286219081272086
-0.005828975265017668
0.0024021201413427554
-0.004069964664310954
-0.004126501766784453
-0.0007611307420494703
-0.0012727915194346289
0.00016183745583038867
-0.0013095406360424027
0.0012636042402826857
0.002303886925795053
0.0022734982332155477
0.00028551236749116643
0.0033406360424028275
-0.002710247349823321
-0.0007151943462897516
0.0008636042402826857
-0.0011045936395759717
0.002007067137809187
-0.001980918727915194
0.0014692579505300356
0.0026946996466431093
0.0017229681978798582
0.0012607773851590104
0.004238162544169611
0.0031519434628975262
-0.00040989399293286206
-0.00036325088339222576
-0.0043137809187279155
-0.0008240282685512365
0.002484098939929328
0.0006819787985865726
-6.71378091872794e-05
0.0019017667844522968
-0.000387985865724382
-0.0001759717314487639
0.0025816254416961126
0.00396113074204947
-0.0032120141342756184
0.0056544169611307425
0.0026968197879858663
-0.00013144876325088236
0.0030056537102473497
0.0002127208480565376
0.0011759717314487627
0.0013406360424028268
0.0005533568904593632
-0.00041978798586572404
-0.0009151943462897529
-0.003079858657243816
0.004790812720848056
0.004453710247349823
-0.0015597173144876327
-0.0025604240282685515
0.002731448763250883
0.0019554770318021206
-0.0033434628975265016
-0.0007929328621908133
-0.0017328621908127208
0.0019717314487632514
-0.0013590106007067137
-0.0029074204946996475
-0.0014515901060070673
0.0020572438162544168
-0.0012000000000000001
-0.0002777385159010602
-0.00320565371024735
-0.002419081272084806
-0.002612014134275619
-0.002816961130742049
0.0018445229681978799
-0.0017137809187279156
0.0015328621908127203
-0.0012819787985865728
0.0009151943462897531
-0.0045265017667844515
-0.0016657243816254421
0.0007484098939929332
0.002575265017667844
-0.0018565371024734981
-0.001556890459363958
-0.00012014134275618346
0.004094699646643111
-0.0023879858657243824
-0.0007886925795053008
0.004058657243816255
-0.0021434628975265024
0.00071095406360424
0.00028339222614840966
0.0015773851590106
-0.002385159010600706
0.0016360424028268555
0.0016494699646643109
0.0033604240282685506
-0.000862897526501767
0.0011356890459363956
0.0017441696113074205
0.0015031802120141348
0.00024946996466431094
0.001510247349823322
-0.0038480565371024726
0.0012855123674911663
-0.0018826855123674914
0.00016042402826855082
0.0011272084805653705
-0.0034805653710247345
-0.0007392226148409895
0.0008975265017667849
-0.0030303886925795065
-0.002480565371024735
0.0011321554770318018
0.0023363957597173145
-0.0004106007067137806
0.0019554770318021206
8.833922261484146e-05
0.0037653710247349836
-0.004247349823321555
0.0005865724381625443
0.0008360424028268555
0.004899646643109542
-0.0038939929328621905
-0.0039279151943462905
-0.003004946996466431
1.7667844522968212e-05
-0.0009159010600706711
-8.197879858657243e-05
-0.0012360424028268556
-0.006219787985865723
-0.00470530035335689
-0.002137809187279152
0.002410600706713781
0.0007950530035335693
0.00021342756183745528
0.0015349823321554768
-0.00037243816254416986
0.005732862190812721
0.0023915194346289755
-0.0008968197879858662
0.0021293286219081268
-0.0012756183745583041
-0.0005060070671378097
0.0034049469964664313
0.004218374558303887
0.0024197879858657238
0.003304593639575972
0.003330742049469965
-0.0012098939929328614
0.003871378091872792
0.0006932862190812724
0.003011307420494699
0.0011293286219081263
-0.007045229681978799
-0.0016939929328621903
0.0018042402826855125
0.0017872791519434634
0.001669964664310954
0.0018106007067137807
0.0015272084805653707
-0.003069964664310953
0.0023837455830388694
0.0010098939929328629
-0.004358303886925795
-0.00011095406360424043
0.0014014134275618384
-0.002550530035335689
0.0006310954063604252
0.002551236749116608
-0.0023342756183745584
0.0030183745583038874
0.0010226148409893997
-0.003117314487632509
-0.0009321554770318025
-0.0013901060070671378
0.004543462897526502
-0.00039646643109540584
0.00213922261484099
0.00288339222614841
5.724381625441674e-05
0.0001526501766784451
0.0021575971731448763
-0.0025272084805653713
0.0010706713780918727
-0.005802826855123676
-0.0021279151943462906
0.000629681978798587
-0.0006727915194346293
0.002607067137809188
0.00283886925795053
-0.0027236749116607774
-0.002771024734982332
-0.0010798586572438153
0.0010791519434628976
0.0034975265017667843
-0.0029031802120141345
-0.00354982332155477
-0.0019901060070671374
0.00043745583038869265
-0.000192226148409894
-0.00363886925795053
-0.0006190812720848056
0.0011879858657243814
0.0010190812720848052
-0.0012826855123674913
0.0010678445229681977
-0.003037455830388693
-0.002298939929328622
-0.0006869257950530036
0.002633922261484099
-0.00017809187279152011
0.002178798586572438
-0.00033851590106006966
0.0019561837455830387
0.0006176678445229683
-0.00211660777385159
-0.0016862190812720846
-0.003325088339222615
0.008339929328621907
0.0009208480565371026
0.0033583038869257954
-0.0028614840989399305
-0.0013583038869257945
0.001047349823321554
0.0016593639575971733
-0.001997173144876325
-0.0020148409893992933
0.0012007067137809182
0.0026296819787985874
-0.0024925795053003536
0.0022219081272084806
0.002490459363957597
0.0014890459363957594
0.002510247349823322
0.004794346289752652
-0.006559717314487632
-0.0021385159010600704
-0.004815547703180212
-0.000354063604240283
0.0017964664310954062
-0.0008522968197879853
-0.0034084805653710254
0.001424734982332156
-0.0008515901060070669
-0.0028720848056537104
0.0008968197879858662
0.001279151943462897
4.169611307420499e-05
-0.0021477031802120145
-8.268551236749088e-05
-0.0022961130742049467
0.0007575971731448763
0.0012904593639575974
0.0006763250883392221
-0.007571731448763252
0.0017109540636042408
-0.00451660777385159
-0.0015406360424028275
-0.0008325088339222615
-0.0040431095406360425
0.0026395759717314487
0.005523674911660778
-0.006
-0.0021547703180212017
0.004617667844522968
-0.0033766784452296814
0.0017950530035335693
-0.004978798586572438
0.0007201413427561839
-0.005587279151943464
-0.002537809187279152
0.00017738515901060078
0.004419081272084806
-0.0014840989399293287
0.00219434628975265
0.0037455830388692583
-0.005467844522968197
0.0009858657243816257
0.004725795053003534
0.001216254416961131
-0.00016819787985865756
-0.00026431095406360435
0.0029985865724381617
0.0006826855123674911
0.0013477031802120148
0.0027936395759717314
0.0006600706713780921
-4.169611307420496e-05
0.0009689045936395758
-0.0038565371024734973
-0.0003201413427561832
-0.001977385159010601
0.00247773851590106
-0.005674204946996467
0.0003519434628975265
-0.0003971731448763253
0.00015477031802120113
0.0034749116607773853
0.0015660777385159016
-0.0024318021201413425
-0.005271378091872792
0.0011441696113074207
-0.001995053003533569
-0.0033201413427561837
-0.0035738515901060073
-0.0012996466431095409
0.0031328621908127195
-0.0037886925795053
-0.0013441696113074206
-0.00299434628975265
-0.0009787985865724379
-0.0005717314487632505
-0.0013088339222614845
0.0031964664310954057
-0.000577385159010601
0.003854416961130742
-0.0005349823321554772
-0.001318021201413428
-0.0015752650176678441
0.00024876325088339207
0.0027420494699646634
0.0010763250883392232
0.0004508833922261484
-0.00011166077738515867
0.0027865724381625446
0.0023321554770318028
0.0021477031802120137
0.0030381625441696113
0.00411660777385159
0.0005787985865724381
0.001315194346289753
-0.0011568904593639564
0.004432508833922262
0.0001816254416961127
0.0014
-0.002359010600706713
0.00036042402826855116
0.00041837455830388755
-0.000995053003533569
0.003880565371024735
0.0010819787985865725
-0.0018098939929328622
-0.0012275618374558304
0.0021922261484098944
-0.005331448763250883
0.0010600706713780916
-0.008848056537102475
-0.0028840989399293287
0.0017879858657243821
0.0036685512367491168
0.0004600706713780924
0.0006120141342756177
1.2720848056537664e-05
0.0008487632508833921
-0.002356890459363958
0.003203533568904594
-0.0009392226148409888
0.0009406360424028266
0.00012650176678445248
0.0035957597173144886
-0.0010565371024734978
-0.0016579505300353362
0.002120141342756183
-0.0003123674911660767
0.004197173144876324
-0.0008770318021201417
0.0007003533568904592
-5.088339222614884e-05
-0.004122968197879859
5.300353356890459e-05
-0.0006664310954063602
0.002141342756183745
0.0019038869257950528
-0.0035696113074204948
-0.002739222614840989
-0.001017667844522969
0.0005851590106007063
0.0031604240282685513
0.0028572438162544176
-0.0018056537102473502
-0.0035371024734982335
0.001690459363957597
0.0022374558303886924
-0.0003992932862190811
-0.0025667844522968197
0.0004204946996466435
-0.00038233215547703255
-0.0026890459363957593
0.001931448763250884
-0.00016537102473498255
-0.004443109540636043
-0.0006572438162544166
-0.0015491166077738511
0.001081978798586572
-0.0041159010600706715
0.0008219081272084805
0.0014727915194346285
-0.005132862190812721
0.00038021201413427513
-0.0001936395759717313
-0.0008169611307420492
-0.0024169611307420496
-0.002251590106007067
0.0020134275618374554
-0.0009936395759717312
0.0004063604240282689
-0.0016162544169611313
0.0007187279151943468
0.002896819787985866
-0.0019031802120141339
-0.0005356890459363963
0.0019378091872791511
0.004091872791519436
-0.0017321554770318025
-0.001342756183745583
-0.0022162544169611305
0.0029724381625441695
0.0044621908127208485
-0.0009992932862190806
0.0006
0.0013787985865724378
0.003379505300353356
0.0021886925795053013
0.0010318021201413433
0.0023660777385159015
-0.002096819787985865
-0.005114487632508834
0.0010614840989399297
-0.0066452296819788
-0.0018628975265017667
0.0010946996466431101
0.001550530035335689
0.00131660777385159
0.0010106007067137812
0.0009314487632508832
-0.001132862190812721
-0.0014424028268551234
-0.0037469964664310954
-0.0006607773851590108
-0.002247349823321554
0.0002925795053003535
-0.004265724381625442
-0.0037773851590106014
0.00019717314487632592
0.0034134275618374565
-0.003096819787985865
-0.0018367491166077744
-0.0035526501766784454
0.00016183745583038813
0.0035371024734982335
-0.0019130742049469965
0.0011689045936395762
-0.0027915194346289753
0.0027427561837455824
-0.00042473498233215487
-0.0003067137809187277
0.0002197879858657245
0.0007646643109540629
-0.0077215547703180214
0.0006000000000000003
-0.004771731448763251
0.0016501766784452296
-0.00036254416961130673
0.0008975265017667844
-0.0002226148409893991
-0.003559717314487632
-0.0006261484098939934
-0.0007646643109540631
-0.005096113074204947
-0.0001950530035335686
0.0011780918727915196
0.001721554770318021
-0.001297526501766785
0.00311660777385159
0.001297526501766785
-0.0037844522968197877
0.0028162544169611304
-0.0003780918727915189
0.0024975265017667843
-0.00014558303886925752
0.003667844522968198
-0.0026558303886925795
0.001425441696113074
0.0012303886925795046
0.003510247349823321
0.0015166077738515901
0.0008325088339222612
0.0010826855123674916
-0.0030636042402826854
-0.0016169611307420492
0.005626148409893993
0.00046501766784452276
-0.0011328621908127212
-0.001586572438162545
0.0017844522968197868
0.002853710247349823
0.0016021201413427564
0.0008855123674911658
0.003388692579505301
-0.0008219081272084802
0.0008141342756183741
-0.003426148409893993
0.0011024734982332158
-0.0017222614840989396
-0.001818374558303887
-0.002748409893992932
0.003358303886925795
0.0007901060070671386
-0.0013462897526501769
0.00271660777385159
-8.763250883392262e-05
-7.0671378091865005e-06
-0.0016833922261484098
-0.00025653710247349815
0.0007540636042402828
0.003927208480565371
0.0029611307420494702
-0.0013985865724381627
0.0028713780918727914
0.0012197879858657239
-0.004868551236749117
-0.0009759717314487645
0.0026240282685512364
-0.0026508833922261484
-0.003452296819787986
-0.004636042402826855
-0.0016996466431095415
-0.0005144876325088337
-0.0021667844522968204
0.00022190812720848085
0.0016975265017667846
-0.00016961130742049427
-0.0009477031802120141
0.002120848056537102
0.004009187279151943
-0.002132155477031802
-0.0017773851590106012
0.004667137809187279
-0.00334487632508834
0.000743462897526502
0.0038954063604240293
-0.0011837455830388686
-0.0003116607773851592
0.00614416961130742
0.0008063604240282694
0.0002925795053003531
0.003963957597173145
-0.0023385159010600714
-0.004290459363957597
0.002235335689045936
0.005049469964664312
0.0010197879858657242
0.0025689045936395758
0.001979505300353356
-0.0008424028268551231
0.002874204946996466
-0.0021130742049469955
0.0032805653710247344
0.0008961130742049466
0.000797879858657243
-0.00012650176678445288
-0.0025611307420494696
0.0037950530035335693
0.0011363957597173146
-0.0025759717314487634
0.00031519434628975325
0.00041908127208480523
-0.004902473498233215
0.002119434628975265
-0.0024226148409893992
0.0021950530035335686
0.0033314487632508842
-0.0014699646643109537
-0.0003915194346289757
-0.002137809187279152
0.003077031802120141
0.0027773851590106
-0.0010424028268551239
-0.0004056537102473493
-0.0005300353356890457
0.0033766784452296827
-0.0003915194346289747
0.0037434628975265023
0.0023060070671378093
0.0006869257950530041
0.0015300353356890457
-0.001447349823321555
-0.004450176678445229
-0.004877738515901059
0.002708833922261484
-0.0004946996466431096
0.0006127208480565369
-0.0050431095406360425
-0.0001307420494699642
-0.0007045936395759721
-0.0007349823321554763
3.745583038869238e-05
0.0028367491166077733
0.00033427561837455933
-0.002704593639575971
0.0015477031802120145
0.003216961130742049
0.0015795053003533567
-0.0011363957597173143
0.0011865724381625441
0.002737102473498233
-0.003317314487632509
0.0014070671378091863
0.0011851590106007072
-0.002592226148409894
0.005433215547703181
0.0030268551236749116
-0.002807773851590106
-0.0006614840989399302
0.0015597173144876325
-0.0028742049469964665
-0.0017335689045936398
0.0009017667844522972
0.0027074204946996466
0.001301060070671378
0.0014353356890459367
0.0006812720848056544
0.0008409893992932858
0.0018657243816254418
0.003509540636042402
-0.0011922261484098944
0.0007710247349823325
-0.00021413427561837428
0.007159717314487633
0.0031561837455830397
0.0018494699646643112
-0.004014840989399294
-0.0035074204946996474
0.005185159010600707
0.001896113074204947
-0.0007710247349823327
0.0013787985865724378
0.0004989399293286217
0.0008424028268551243
-0.0001554770318021195
-0.00211660777385159
-0.004599293286219081
0.0033491166077738517
-0.00025441696113074193
0.0021915194346289755
-0.0012756183745583041
0.0004727915194346293
0.006679151943462898
0.0031512367491166077
-0.0018530035335689045
0.0003943462897526497
0.002807773851590106
-0.000551943462897527
-0.0028098939929328617
0.00265017667844523
0.0007703180212014133
0.0029660777385159018
0.0015300353356890457
0.0011116607773851584
0.00015335689045936434
0.003106007067137809
-0.0004424028268551236
-0.0018699646643109546
-0.0012402826855123677
7.773851590106327e-06
0.00016254416961130737
-0.0022310954063604243
-0.0026749116607773854
-0.0008007067137809186
0.002860070671378092
0.0019215547703180214
-0.0018932862190812719
-9.257950530035258e-05
0.0030487632508833925
0.001094699646643109
-0.0021371024734982333
-0.0006190812720848045
0.0027724381625441694
0.0020586572438162547
-0.0012275618374558304
-0.0037102473498233216
-0.003061484098939929
-0.0072819787985865725
0.0026240282685512364
-0.0066572438162544175
-0.004718727915194347
-0.003711660777385159
0.0008819787985865724
-0.005414134275618375
0.0010049469964664313
-0.004877031802120141
-0.00034699646643109543
0.0019462897526501765
0.000597173144876326
0.001965371024734982
-0.00012155477031802095
0.0013611307420494704
0.0024607773851590105
0.0014445229681978808
-0.004469964664310954
0.0016275618374558304
0.0003710247349823318
-0.0014551236749116609
-0.002113074204946996
-0.0014551236749116606
0.0003901060070671372
0.005103180212014134
0.004126501766784452
0.0024402826855123676
-0.0036904593639575972
0.00021625441696113086
-0.0008212014134275621
-0.0009802120141342756
-0.0005335689045936399
-0.0022282685512367492
0.0030586572438162543
0.0014282685512367495
-0.005906713780918728
0.001178091872791519
0.0024141342756183754
0.0023151943462897525
-0.0018586572438162544
-0.0004346289752650171
0.0030275618374558306
7.915194346289764e-05
-0.0011363957597173146
-0.0003003533568904594
-0.0073618374558303895
0.005166077738515902
0.0030551236749116607
0.0018699646643109537
-0.00409469964664311
0.0006537102473498225
-0.0005653710247349819
0.0022028268551236756
0.0003024734982332157
0.0021406360424028265
-0.0008063604240282682
-0.00291660777385159
0.0022664310954063605
0.001537102473498233
0.000457243816254417
-0.0034282685512367498
0.0013307420494699644
-0.0016713780918727913
-0.00287208480565371
-0.0009752650176678454
0.0029943462897526513
0.0007173144876325087
-0.00047067137809187295
-0.0014734982332155477
0.003729328621908126
0.0007618374558303895
-0.0010409893992932857
0.0025498233215547703
-0.000736395759717315
0.0015618374558303881
0.0036607773851590106
0.0007731448763250884
-0.0004494699646643111
0.0016063604240282683
-0.00356113074204947
0.006616961130742049
2.7561837455829902e-05
-0.0013830388692579508
-0.0017088339222614836
-0.0017915194346289757
0.0025936395759717313
-0.0014904593639575975
-0.0004643109540636045
0.0017802120141342762
-0.0012141342756183747
0.001966784452296819
0.002176678445229682
0.004556183745583039
0.00683321554770318
-0.0017851590106007058
-0.0025674911660777382
0.0013512367491166077
0.0025455830388692586
0.0005505300353356896
0.00329469964664311
0.0015745583038869258
-0.0019717314487632514
0.00023462897526501734
-0.004162544169611307
-0.0002657243816254426
-0.00037173144876325093
0.0022798586572438154
-0.0037717314487632513
0.00048127208480565326
-0.0010784452296819795
-1.6254416961131502e-05
-0.0012558303886925793
0.0013540636042402832
-0.0001088339222614833
-1.4134275618378886e-06
0.005395053003533569
-0.0016296819787985867
0.00041908127208480577
-0.004185865724381625
0.000499646643109541
0.003031802120141343
0.0009151943462897524
-0.00019151943462897527
-0.002937809187279152
0.0010961130742049472
-0.0010445229681978797
0.0009427561837455834
-0.00022190812720848045
-0.005332155477031803
0.0008190812720848048
0.0048000000000000004
-0.0017745583038869253
-0.0013780918727915195
-0.0014169611307420494
0.0021703180212014135
0.0021703180212014135
-0.0023392226148409895
-0.00019363957597173128
0.0007045936395759711
-0.0031088339222614847
0.0021936395759717315
0.00402826855123675
-0.000942756183745583
0.000142756183745583
-0.0035901060070671386
0.0013908127208480563
0.0019137809187279155
-0.004795053003533569
-3.6042402826855075e-05
0.007565371024734983
-0.001997173144876325
0.005672791519434628
-0.002037455830388693
0.0027667844522968194
-0.0033498233215547703
-0.0023448763250883387
0.0009031802120141341
-0.0010169611307420492
0.001085512367491166
0.0009265017667844523
0.0006586572438162547
-0.0023060070671378084
-0.0006699646643109544
0.0017929328621908121
-0.001368197879858657
-0.00188904593639576
-0.0004946996466431101
-0.002457950530035336
0.0014770318021201413
0.0003024734982332158
0.001736395759717314
0.0017879858657243832
-0.001175971731448764
0.002922968197879859
-0.002824734982332155
-5.653710247349809e-05
0.0013385159010600714
0.001210600706713781
0.0027696113074204957
-0.0018501766784452295
-0.002176678445229682
-0.0003448763250883393
-0.004697526501766785
-0.002679858657243817
0.0018734982332155477
-0.0029399293286219074
-0.0028961130742049474
0.001043109540636042
-0.0029745583038869256
-0.002070671378091873
-0.0008636042402826853
-0.002482685512367491
0.002291872791519435
0.0029696113074204945
-0.0013773851590106005
0.0003173144876325087
-0.0010530035335689048
-0.004942756183745583
-0.0008325088339222618
-0.00047703180212014135
0.0012650176678445234
-0.0012869257950530034
0.00028409893992932853
-0.0001908127208480567
0.0068657243816254414
0.0015017667844522966
0.0017328621908127208
0.0008091872791519441
0.00584946996466431
0.002369611307420495
0.0013745583038869262
0.001664310954063604
-0.003997173144876324
-0.0007201413427561844
-0.0035879858657243825
0.002209893992932862
0.0030770318021201416
0.00029469964664310933
0.006686925795053004
0.001325088339222615
-0.00287208480565371
0.002030388692579505
-0.0007809187279151943
0.002325795053003534
0.001765371024734982
-0.003075618374558304
-0.00231660777385159
0.0012374558303886929
0.0009250883392226148
0.0037031802120141336
0.004804240282685512
-0.0044247349823321545
-0.0021830388692579503
-0.000962544169611307
-0.001187279151943463
0.0017780918727915193
0.0008056537102473494
0.0026579505300353356
0.0007378091872791514
-0.0003526501766784454
-0.00110035335689046
-6.007067137809232e-05
0.0007455830388692587
0.0039512367491166085
0.0018932862190812728
0.00558233215547703
-0.0020155477031802128
0.001210600706713781
-0.000823321554770318
0.003330742049469965
0.0033604240282685514
0.001803533568904594
0.0062339222614840985
0.0007526501766784457
-0.0008007067137809189
-0.0005519434628975266
-0.0011519434628975262
-0.004804240282685512
-0.00227208480565371
0.0013095406360424033
0.0017908127208480563
-0.00043109540636042403
-0.0034318021201413425
-0.0006544169611307425
0.0018657243816254413
0.0008968197879858658
0.001452296819787986
-0.004515901060070672
0.0016939929328621908
0.0002459363957597179
0.001539929328621908
0.0020515901060070675
-0.0013512367491166084
-0.004252296819787985
0.0018438162544169613
-7.985865724381609e-05
0.005113780918727915
0.0009964664310954064
-0.00015194346289752546
-0.0035915194346289752
-0.001072791519434629
0.004571024734982333
-0.002739929328621908
0.0017505300353356892
-0.0001837455830388701
-0.0027462897526501773
-0.003548409893992933
-0.0018204946996466427
-0.0017180212014134273
-0.00032508833922261415
9.116607773851606e-05
0.0027314487632508835
0.0005526501766784452
0.0042381625441696115
-0.004349116607773852
-0.0010169611307420496
0.0014636042402826853
-0.0014303886925795062
-0.0006254416961130748
-0.002037455830388693
-0.001662190812720848
-0.0015787985865724384
0.004207067137809189
-0.0029936395759717327
-0.002068551236749117
-0.003113780918727915
-0.0005123674911660786
-0.0010537102473498232
0.00272226148409894
-0.00278303886925795
0.0029893992932862198
0.0035236749116607773
-0.0020014134275618376
0.001371024734982333
0.0036007067137809184
0.0006954063604240282
-0.0005717314487632506
0.0008289752650176681
0.0013731448763250889
-0.003303180212014134
-0.004076325088339222
0.0004932862190812719
-0.0024600706713780915
-0.00037455830388692614
-0.001460070671378092
0.00014840989399293337
0.0030975265017667846
-0.0013272084805653719
0.0011017667844522962
0.0027420494699646643
0.0007477031802120142
0.0008445229681978798
-0.00042756183745583056
0.004546289752650177
-0.0019795053003533567
0.0006657243816254416
0.0017971731448763256
0.00012438162544169506
0.004929328621908128
-0.0018713780918727914
-0.003107420494699647
-0.0040268551236749125
-0.0014572438162544167
5.0176678445229353e-05
0.0027116607773851587
-0.00011095406360424043
0.0007971731448763253
0.0009363957597173149
-0.0003901060070671381
0.0005943462897526501
3.0388692579505093e-05
-0.004031802120141343
-0.0001413427561837452
0.001964664310954063
0.00019858657243816344
0.00345017667844523
0.0007681978798586566
-0.003293992932862191
-0.003146996466431095
0.004428975265017668
-0.00042897526501766824
-0.0013265017667844522
-0.0025660777385159007
0.0036431095406360423
0.0031533568904593633
0.0004134275618374558
1.9615247784896758e-19
-0.000902473498233216
0.0011342756183745583
-0.001033922261484099
0.0004572438162544166
-0.0022452296819787994
-0.0015434628975265013
-0.0018932862190812715
-5.088339222614752e-05
-0.0005307420494699642
-4.0989399293285824e-05
-0.0014402826855123673
0.0017597173144876322
-0.0026028268551236745
0.0006226148409893996
-0.0003667844522968198
-0.0021265017667844517
0.00021272084805653682
-0.006202826855123675
0.0014332155477031802
-0.004024734982332156
-0.0015194346289752647
-0.004255123674911662
-0.0009985865724381616
-0.002624028268551236
2.756183745583049e-05
-0.0016318021201413434
0.0018155477031802129
-0.005615547703180212
0.001636042402826855
-0.000708127208480566
0.0054388692579505305
0.0030918727915194345
0.0032141342756183745
0.0020636042402826862
0.002284098939929329
-0.0003477031802120143
0.0011689045936395756
0.00019575971731448764
0.0019745583038869264
-0.0020593639575971733
0.0030190812720848055
0.001857243816254417
0.003214840989399294
-0.0023886925795053
-0.0014572438162544173
-0.00039081272084805587
-0.0021950530035335695
-0.00041554770318021246
0.0012056537102473495
-0.00025441696113074177
-0.0016021201413427566
0.00468904593639576
-0.0037349823321554776
0.0026374558303886926
0.00038445229681978763
-0.0008798586572438168
-0.0009717314487632512
0.0014522968197879852
0.0008275618374558303
-0.004007067137809187
0.0015477031802120142
0.0014650176678445233
-0.0027809187279151945
0.0017272084805653714
-0.004187279151943463
-0.001570318021201413
0.003163250883392226
-0.001036749116607774
-0.0014367491166077735
0.0037787985865724376
0.001578091872791519
0.0027257950530035335
0.0005526501766784452
-0.0014367491166077735
-0.0011166077738515902
0.0016968197879858654
0.00022826855123674899
0.0017575971731448765
0.002224028268551237
-0.002484805653710247
0.0028643109540636047
-0.0040339222614841
0.002906713780918728
-0.003947703180212014
-0.0037257950530035326
-0.002900353356890459
-0.0001893992932862202
0.00037173144876325066
-0.0005455830388692578
0.0005173144876325092
-0.0029208480565371025
0.0005625441696113076
0.0022021201413427566
-0.0005236749116607774
-0.0017978798586572432
0.0012805653710247348
0.006142756183745583
-0.001065724381625442
0.00010247349823321505
-0.0016303886925795059
-0.0007646643109540634
0.004231095406360425
0.002
-0.005202826855123676
-0.0019823321554770317
-0.0058204946996466425
0.00023816254416961135
0.00011872791519434655
0.005122261484098939
0.0024070671378091883
0.002051590106007067
-0.0023505300353356896
0.0028593639575971727
-0.006062897526501768
0.0034487632508833923
0.00016749116607773826
-0.0005540636042402832
0.0011427561837455834
0.0030840989399293288
0.0015222614840989406
-0.003237455830388693
-0.002445936395759717
0.0016212014134275616
0.00044664310954063626
0.0003448763250883388
0.003051590106007067
-0.00158374558303887
0.00011660777385158962
0.0033851590106007056
-0.003115901060070671
0.0010593639575971732
0.0018614840989399299
9.540636042402826e-05
-0.001828975265017668
-0.0052862190812720845
0.0015102473498233215
0.0035151943462897535
-0.0004657243816254413
0.0027886925795053003
-0.0027159010600706713
-0.0026756183745583035
-0.004277738515901059
0.0014961130742049463
-0.0031116607773851593
-0.0023328621908127204
0.0010275618374558308
-0.001966077738515901
-0.0004685512367491166
0.0010530035335689048
0.0016127208480565364
0.002014134275618375
-0.00015901060070671374
-0.004602120141342756
-0.0007109540636042408
-0.0012459363957597173
0.00022190812720848026
-0.0030332155477031802
-0.004099646643109541
0.00014840989399293262
-0.002504593639575972
0.0017724381625441694
0.0013484098939929327
-0.0024042402826855115
0.003218374558303887
-0.0004939929328621908
0.004258657243816254
-7.349823321554726e-05
0.0038120141342756174
0.0014480565371024737
0.00031236749116607783
0.0010586572438162545
0.003478445229681978
-0.002301766784452297
0.004122968197879858
0.002402826855123675
-0.006115194346289752
0.004414134275618375
-0.005717314487632508
-0.0015653710247349822
-0.002199293286219082
-0.0045378091872791525
0.0011915194346289754
-0.0014014134275618369
-0.0021519434628975266
-0.004544876325088339
0.0045144876325088346
0.00041413427561837467
0.0014833922261484097
0.0044
0.0010530035335689053
0.0009929328621908129
0.002412014134275619
-0.0027024734982332155
0.0022720848056537106
0.004133568904593639
-0.0019448763250883392
-0.005060070671378093
-0.0012996466431095405
-0.005191519434628975
-0.00065017667844523
0.001065017667844523
-0.0002473498233215546
0.0014070671378091871
0.0030727915194346295
0.006619787985865725
1.3427561837456313e-05
0.0006424028268551234
-0.0024494699646643112
0.0005229681978798589
0.001996466431095406
0.0028445229681978803
0.00012720848056537172
-0.0018494699646643112
0.0006544169611307426
-0.00021201413427561857
-0.0001703180212014139
-0.0018657243816254418
-7.561837455830498e-05
0.0008636042402826859
-0.001751236749116608
-0.002301060070671378
0.003642402826855124
0.006558303886925795
0.0037187279151943463
0.0005081272084805651
0.0038727915194346294
0.0041985865724381635
-0.0009151943462897523
0.0025816254416961134
0.0008318021201413422
0.0005088339222614844
-0.0028134275618374553
0.0008494699646643107
-0.003267844522968197
-0.00218939929328622
-0.004028975265017668
-0.001374558303886926
0.0009865724381625445
0.0014522968197879852
0.0027215547703180218
-0.003661484098939929
-0.0007830388692579498
0.0009498233215547708
-0.00815547703180212
0.001315194346289752
-0.0010063604240282684
-0.001991519434628975
-0.0004961130742049473
0.0027957597173144874
-0.000795759717314488
0.0026219081272084808
0.000401413427561837
-0.0020897526501766784
-0.0030325088339222617
0.0035915194346289752
-0.0038155477031802123
0.001216961130742049
-0.00039787985865724434
0.0021342756183745587
-0.004458657243816254
0.0003385159010600705
0.0011568904593639582
1.9081272084804827e-05
0.0046734982332155475
-0.00045936395759717236
-0.0005583038869257952
-0.002445229681978798
0.0017257950530035334
-0.00268904593639576
-0.0006982332155477032
-0.003621201413427563
-0.0028007067137809194
0.0029038869257950522
-0.0032318021201413433
-0.0010226148409893995
-0.0035816254416961135
0.00224946996466431
0.0036
-0.0017137809187279154
-0.0013583038869257953
-0.00040424028268551274
-0.0029985865724381625
-0.0029335689045936397
-0.0022077738515901067
-0.00625017667844523
-0.004577385159010602
-0.0017844522968197883
-0.003084805653710248
-0.003
0.0007802120141342748
-4.381625441696042e-05
0.0023038869257950532
0.00011660777385158981
-0.0032296819787985863
-0.0016494699646643107
-0.0025604240282685515
0.0040155477031802115
-0.0005568904593639578
0.002424028268551237
0.002204946996466431
0.0010869257950530036
-0.0016756183745583043
0.00223321554770318
-0.0014862190812720843
-0.0017886925795052998
0.0011901060070671377
-0.005270671378091873
0.00263321554770318
0.0025816254416961126
0.003175971731448764
0.0014727915194346292
0.0015681978798586572
0.0017858657243816256
0.0015307420494699647
0.0008537102473498238
-0.0014558303886925796
-0.0033787985865724388
0.00025865724381625487
0.0024939929328621903
0.00604452296819788
-0.003358303886925795
-0.001704593639575972
-0.0006296819787985867
0.0009229681978798588
-0.004502473498233217
0.0030176678445229675
0.0021003533568904596
-0.0005809187279151941
-0.0015526501766784445
-0.0035356890459363956
0.0021660777385159
0.0007943462897526502
-0.000720848056537103
0.0011441696113074207
0.005513780918727914
0.004241696113074205
-0.0013505300353356905
0.002713780918727915
0.004669964664310954
0.00328339222614841
0.003542049469964665
-0.0009469964664310947
0.00016395759717314525
-0.0025703180212014133
0.0019123674911660773
-0.002530035335689047
0.00141696113074205
-0.006953356890459365
-0.0001547703180212016
-0.00025441696113074307
-0.0029575971731448767
-0.0006106007067137808
-0.0025901060070671372
-0.0002007067137809182
0.001175971731448764
-0.0014183745583038869
0.00272226148409894
-0.005508127208480566
-0.0033773851590106004
0.0037717314487632496
-0.0008176678445229679
-0.0022812720848056542
-0.0013681978798586573
0.004373851590106007
0.0005201413427561839
-0.001277031802120141
0.0017752650176678444
0.00038939929328621895
-0.0026840989399293295
7.773851590105543e-06
-0.0029823321554770317
0.000768904593639576
-0.005304593639575973
-0.0019717314487632505
-0.0033653710247349834
-0.0016650176678445227
-0.0016409893992932858
-0.0037031802120141345
-0.0008000000000000001
0.002746289752650177
0.00048268551236749127
-0.002297526501766785
-0.00046713780918727834
-0.0015823321554770313
-0.0005625441696113076
-0.0005703180212014132
0.004164664310954063
0.003214840989399293
0.005459363957597173
0.0029420494699646644
0.0015250883392226152
-0.0035795053003533574
0.003959010600706714
0.0028254416961130745
-0.0016141342756183748
-0.00056678445229682
-0.0019003533568904595
0.00016607773851590033
-0.0056749116607773846
0.0005611307420494704
-0.0020204946996466434
0.003420494699646643
0.0001265017667844518
0.004537102473498232
0.0033519434628975255
0.0028466431095406364
0.00016678445229681977
0.0022452296819787986
-0.0006466431095406362
0.0021865724381625443
-0.0007625441696113071
0.0026113074204947005
-0.0011922261484098942
-0.0012996466431095407
0.00040000000000000067
-0.0032869257950530035
-0.000130742049469964
0.0013406360424028274
-0.0014784452296819786
0.002931448763250883
-0.0009865724381625449
-0.0006240282685512361
-0.0019724381625441695
-0.003129328621908127
-0.004003533568904594
-0.004806360424028268
-0.002103180212014134
0.0015045936395759723
0.00048268551236749094
0.002229681978798586
-0.0030812720848056533
0.0015512367491166072
-0.0003151943462897523
-6.148409893992912e-05
0.0004240282685512367
-0.0007229681978798588
-0.00655053003533569
-0.000208480565371024
-0.0016120141342756177
0.0011491166077738518
-0.0011272084805653713
-0.0002169611307420489
-0.0003561837455830377
0.0006346289752650172
0.0009922261484098943
-0.004196466431095407
0.00012155477031802116
0.0013632508833922256
-0.0025943462897526502
-0.0016035335689045932
0.0024388692579505305
0.004065724381625441
0.0021611307420494703
-0.0017010600706713775
0.0014480565371024741
0.0016961130742049473
-0.001284098939929328
0.0015561837455830385
0.004187985865724382
0.0006501766784452298
0.0014374558303886925
0.0003738515901060071
0.0009554770318021209
-0.0026904593639575968
0.0071886925795053
-0.000954770318021201
8.763250883392202e-05
-0.000803533568904594
0.0010572438162544172
-0.00020424028268551243
0.0022268551236749113
0.00112720848056537
-0.0016325088339222617
-0.004390106007067137
-0.0017625441696113079
0.0030833922261484102
-0.0014508833922261479
-0.0018303886925795057
-0.005241696113074205
-0.003810600706713781
-0.0029795053003533567
-0.0008254416961130747
-0.0007208480565371025
0.0007088339222614845
0.0011992932862190816
-0.0008007067137809186
-0.0006155477031802121
0.0028416961130742053
0.0011851590106007075
0.006036749116607775
-0.0027441696113074203
-0.0007123674911660783
0.0006544169611307416
0.002501766784452297
0.003710954063604241
-0.0032727915194346283
2.685512367491155e-05
-0.0029851590106007068
-0.006790812720848056
-0.0018466431095406364
0.0023060070671378084
0.0023272084805653712
-0.003158303886925795
0.004633922261484099
-0.003831095406360425
-0.00287208480565371
0.0007816254416961127
0.0018261484098939928
-0.0010021201413427554
0.0026409893992932858
0.0037300353356890465
0.0015689045936395762
-0.00014346289752650127
0.0007448763250883394
-0.0004982332155477037
0.0016530035335689047
-0.0008911660777385162
-0.00633851590106007
0.0009724381625441693
0.0023038869257950532
-0.00031519434628975314
0.0012727915194346289
0.0003752650176678444
2.7561837455830884e-05
-0.00289469964664311
-0.0005604240282685503
0.0011519434628975262
0.002481978798586572
-0.0013187279151943459
-0.004356183745583038
0.0014431095406360424
6.925795053003556e-05
0.0030325088339222617
0.0008975265017667853
-3.745583038869218e-05
-0.0011363957597173148
0.002562544169611307
-0.0026431095406360427
0.002620494699646643
0.0024141342756183745
-0.001265724381625442
-0.006209893992932863
-0.0010664310954063606
-5.088339222614869e-05
0.0013208480565371022
-0.00498374558303887
0.0010501766784452302
-0.005321554770318021
-0.002040989399293287
-0.0030996466431095406
-0.0006494699646643112
0.003599293286219082
-0.0006431095406360423
-0.00013568904593639562
-0.0006487632508833918
0.00013215547703180187
0.003949116607773851
0.0017526501766784446
-4.169611307420487e-05
-0.001981625441696113
0.0042077738515901054
0.002588692579505301
0.000509540636042403
0.003880565371024735
0.0015469964664310953
0.0003915194346289751
-0.0011773851590106009
-0.003308127208480565
0.0019625441696113077
0.00016961130742049465
-0.001690459363957597
0.005578091872791519
0.0014310954063604245
-0.003990106007067138
0.00209964664310954
-0.0006636042402826856
-0.000265017667844523
0.004328621908127208
-0.0028791519434628976
-0.004487632508833923
0.00015265017667844528
-0.006598586572438162
-0.002842402826855124
-0.0018353356890459366
0.0011773851590106015
-0.0025724381625441693
-0.00034275618374558276
0.0008212014134275619
0.0005879858657243818
-0.0010565371024734986
-0.0024339222614840994
-0.0010183745583038867
-0.0010120141342756187
-0.0017462897526501768
0.004180918727915194
0.0015399293286219083
0.0035915194346289752
0.001506713780918727
0.002177385159010601
-0.0038904593639575978
-0.0003307420494699647
2.1201413427561465e-05
0.0040763250883392235
0.00013568904593639532
0.00031660777385159034
0.0012424028268551235
-0.002428975265017668
-0.0023413427561837447
0.0014727915194346292
-0.001847349823321555
0.0009420494699646648
0.001846643109540636
0.005845936395759717
-0.0016049469964664307
0.0009901060070671376
-0.0016925795053003537
0.002364664310954063
-0.002932862190812722
0.0017314487632508837
0.0007335689045936392
-0.003575265017667844
-0.0005865724381625447
0.0027010600706713775
-0.0016056537102473495
0.0008840989399293288
0.003915194346289752
-0.0012424028268551242
0.0013731448763250893
0.0035915194346289744
0.001049469964664311
0.0006678445229681984
-0.0005413427561837461
-0.0014869257950530033
0.0019187279151943468
0.0010749116607773853
0.0026438162544169617
0.004366784452296821
0.001576678445229682
-0.0027646643109540637
2.6855123674911156e-05
-0.0035102473498233215
0.00327773851590106
0.0014240282685512367
0.0007215547703180222
-0.0025901060070671372
0.0015378091872791518
-0.002142756183745584
-0.004562544169611307
-0.004917314487632509
-0.0023731448763250882
-0.0010883392226148413
-0.0012685512367491165
0.0003957597173144879
-0.0017858657243816254
0.0032989399293286217
-0.003620494699646643
0.0011922261484098942
0.003380212014134275
-0.002936395759717315
0.0030176678445229675
0.0025681978798586568
-7.13780918727911e-05
-7.703180212014168e-05
-0.0018876325088339231
0.0028127208480565363
-0.004379505300353357
0.0006424028268551231
-0.0018551236749116608
0.0022063604240282688
-0.003462190812720848
0.00019010600706713786
0.0014643109540636045
-0.0007575971731448761
0.0006183745583038863
-0.0005137809187279147
-0.0020551236749116607
-0.0017872791519434623
-0.004880565371024734
-0.0005144876325088336
0.001715194346289752
0.0037123674911660786
0.0020883392226148413
-0.004627561837455831
-0.007457243816254416
0.0032544169611307414
-0.005114487632508834
-0.005435335689045935
-0.0005646643109540636
0.0010508833922261488
0.0016353356890459363
0.0013922261484098945
0.0020862190812720857
-0.006959010600706714
-0.00043321554770318026
-0.0020063604240282682
0.0007144876325088333
0.0004021201413427558
0.000771024734982332
-0.0018770318021201426
-0.001987985865724382
-0.002729328621908127
-0.0006699646643109537
9.39929328621911e-05
-0.0006113074204946996
0.00836749116607774
-0.0069151943462897525
0.0024282685512367484
0.00045724381625441684
0.0005293286219081268
-0.0026798586572438156
0.0009130742049469969
-0.003730742049469966
-0.0008374558303886921
-0.00316113074204947
-0.00021484098939929217
0.0019130742049469956
-0.00038515901060070726
-0.005155477031802119
-0.0006289752650176683
0.0034628975265017666
-0.0009766784452296814
-0.0021766784452296834
-0.003488339222614841
-0.0012508833922261484
0.000520848056537102
-0.0015759717314487627
0.00017526501766784405
0.0016042402826855126
0.0006127208480565375
-0.0021406360424028265
-0.00014346289752650235
-0.00368339222614841
-0.003397879858657244
0.004080565371024735
-0.00022049469964664374
-0.004796466431095407
0.0017950530035335689
0.001865724381625441
0.0031957597173144885
0.001582332155477032
0.001577385159010601
0.0003583038869257952
-0.0027611307420494697
-0.0032310954063604243
-0.00020918727915194378
0.0018056537102473502
-0.00018586572438162528
0.00062756183745583
0.001120848056537102
0.002303180212014134
-0.003219081272084806
0.0018106007067137816
-0.0012098939929328619
0.001524381625441696
-0.0021575971731448763
-0.0006840989399293294
-0.0017568904593639578
0.0007886925795053004
0.00015477031802120164
0.0002777385159010601
-0.0015342756183745574
0.003407773851590106
-0.00010954063604240253
0.0014784452296819784
-0.001128621908127209
-0.004004946996466431
0.0012975265017667842
0.0007985865724381626
-0.0011639575971731447
-0.000212720848056537
0.001053710247349823
-0.00216749116607774
0.0032346289752650183
-0.0034409893992932866
0.0026911660777385158
3.604240282685468e-05
-0.00592791519434629
0.0005413427561837459
-0.0009639575971731448
0.0009653710247349823
-0.006496819787985864
-0.0021038869257950536
0.00011236749116607841
1.4134275618374571e-05
-0.000678445229681978
0.003319434628975265
0.0019512367491166078
-4.310954063604158e-05
0.00240565371024735
0.0012530035335689036
-0.0021611307420494707
0.002942756183745583
-0.004325088339222616
0.0006339222614840988
0.0006007067137809188
0.0008946996466431095
-0.0035618374558303903
-0.0014600706713780915
0.0004508833922261484
0.002003533568904594
0.0009187279151943466
0.0010070671378091867
0.0024148409893992927
0.003891166077738515
0.003654416961130741
-0.002146289752650178
0.003171024734982333
0.0024826855123674914
0.0006367491166077732
5.229681978798648e-05
0.002137809187279152
0.00730600706713781
0.0031583038869257953
0.003684805653710247
0.00017526501766784386
-0.00044310954063604295
0.0002296819787985864
-0.0016685512367491174
-0.0010904593639575978
-0.00538303886925795
-0.0034063604240282693
-0.0056572438162544175
-0.0031526501766784448
-0.00571660777385159
-0.003023321554770318
0.0020098939929328622
-0.0011074204946996467
-0.0044402826855123685
-0.0010508833922261488
0.0015130742049469963
-0.001123674911660777
-0.002149823321554771
-0.00276113074204947
0.0020770318021201416
0.00256113074204947
-0.001107420494699647
0.0021031802120141346
0.0033519434628975263
-0.0009583038869257946
-0.0009787985865724379
-0.0018367491166077748
0.0008600706713780917
0.0037795053003533566
-0.002506713780918728
0.0012113074204946998
0.005430388692579506
0.0012113074204946996
-0.0014077738515901061
0.002902473498233215
-0.0005208480565371027
0.0009745583038869255
-0.0010862190812720848
0.00036183745583038846
0.003958303886925794
0.004127208480565371
0.0003031802120141348
0.0008416961130742047
0.0005590106007067138
-0.0021547703180212012
0.0021038869257950527
0.0029689045936395755
-0.0008621908127208483
-0.00019081272084805632
0.003911660777385159
0.0017378091872791517
0.00193356890459364
-0.0008494699646643106
0.0019561837455830387
0.0018190812720848054
-0.0008169611307420495
-0.0015293286219081271
-0.002261484098939928
-0.0017293286219081275
0.0025392226148409896
-0.000428975265017667
0.00410530035335689
-0.002002120141342756
0.0008692579505300361
0.0017886925795052996
0.0007144876325088337
-0.0006932862190812722
0.0021356890459363963
1.4134275618375945e-06
0.00023604240282685502
0.003140636042402827
-0.0028657243816254414
-0.0023915194346289747
0.0011893992932862194
0.000346996466431096
0.0023279151943462898
0.0028303886925795047
0.0018197879858657248
0.0017406360424028263
-0.006589399293286218
0.0015646643109540636
0.004580918727915194
-0.00023604240282685532
0.002976678445229683
0.004122261484098939
-0.0011491166077738516
-0.0007038869257950527
0.004906007067137809
-0.0028028268551236746
0.0016346289752650178
0.005033922261484099
-0.0008445229681978795
-0.0026939929328621917
-0.0005872791519434631
-0.003385865724381625
-5.4416961130742135e-05
-0.0015717314487632516
0.0015349823321554772
-0.0022890459363957595
-0.0007681978798586574
0.0065017667844522965
0.0013194346289752655
0.002697526501766784
0.0015766784452296823
0.0006134275618374555
-0.0019660777385159017
0.002213427561837455
0.0036961130742049464
-0.0010904593639575978
0.004385159010600706
0.00014770318021201434
-0.0011279151943462894
0.0008077738515901063
0.0005024734982332155
-0.0038883392226148413
-0.001956183745583039
-3.8869257950530365e-05
0.0008282685512367493
-0.001506713780918728
-0.0009653710247349821
-0.0009724381625441694
-0.0015639575971731455
0.004500353356890459
0.0020848056537102477
0.0004042402826855122
0.0009462897526501766
0.0021208480565371025
0.0013978798586572437
0.00196678445229682
-0.0038600706713780926
0.0024282685512367484
-0.0043618374558303885
-0.001867137809187279
0.002626855123674912
0.0011830388692579505
-0.0025300353356890464
0.001447349823321554
-0.00024240282685512366
0.002845936395759718
0.0007116607773851594
-0.002519434628975265
-0.0023710247349823317
0.0026452296819787983
-0.0029406360424028273
0.0014303886925795053
-0.005311660777385159
0.001861484098939929
0.002396466431095406
-0.001464310954063605
-0.0007392226148409893
0.0015279151943462894
0.0013851590106007065
-0.0031809187279151947
0.0012925795053003526
0.001983038869257951
-0.0028522968197879856
0.001520141342756184
0.0025215547703180217
-0.00014628975265017607
-0.0006636042402826858
0.00121696113074205
-0.003439575971731449
0.0013583038869257953
0.0017717314487632504
-0.0024339222614840985
-0.002412014134275618
0.0016452296819787987
-0.0011710247349823318
0.0010530035335689046
-0.00016819787985865672
0.0027208480565371024
-5.6537102473492005e-06
0.0009568904593639583
-0.003707420494699646
0.001350530035335689
-0.0018558303886925798
0.0013681978798586565
-0.00018515901060070692
0.00308339222614841
0.0011144876325088339
-0.0023738515901060076
-0.004662190812720847
-0.0012770318021201414
-0.0016734982332155474
-0.00039363957597173124
0.0002706713780918734
-0.0013943462897526503
0.0017427561837455839
-0.001123674911660777
-0.00283321554770318
-0.0013286219081272085
0.0008007067137809188
0.0005561837455830385
0.0005229681978798584
0.00031095406360424
-0.0045363957597173155
0.006639575971731449
-0.0045335689045936396
-0.0022014134275618377
0.002482685512367491
7.067137809187275e-05
-0.0002565371024734984
0.0013575971731448764
-0.000958303886925795
-0.0010848056537102475
-0.0008805653710247343
0.002628975265017669
-0.0015003533568904597
0.0064070671378091875
-0.002851590106007067
0.00047349823321554734
-0.0020275618374558306
0.0014699646643109537
-0.001196466431095406
0.0010254416961130743
-0.0037187279151943463
0.0075441696113074195
0.0034628975265017666
1.9615247784896758e-19
0.0007519434628975277
0.002390812720848057
-0.003913074204946996
-0.0026897526501766787
0.002665724381625442
-0.0021455830388692576
-0.003983745583038869
0.00550600706713781
0.0007371024734982337
0.0019957597173144875
0.002959717314487633
-0.0022508833922261482
-0.003525795053003534
-0.002785865724381625
-0.004715901060070671
0.0003766784452296821
0.0016848056537102471
0.0009363957597173144
-0.003548409893992933
0.0027434628975265022
-0.0013858657243816252
0.0010197879858657242
-0.001049469964664311
0.0037915194346289757
0.005301060070671377
-0.0007095406360424022
0.0013978798586572435
-0.004732155477031803
0.00023321554770318003
-0.001639575971731448
0.0030233215547703193
0.0013088339222614848
0.005132862190812721
-0.003027561837455831
0.0033144876325088336
0.0012890459363957593
-0.000971024734982332
0.0020968197879858656
0.0035625441696113067
-0.0005081272084805648
0.002208480565371025
-0.002300353356890459
-0.00028409893992932815
-0.004857950530035337
-0.00033144876325088337
0.0027385159010600703
0.0009766784452296818
0.00028551236749116643
0.0019010600706713782
-0.0021074204946996467
-0.00035053003533568896
-0.0006749116607773853
-0.0008254416961130744
-0.002819081272084806
0.00383321554770318
0.0006035335689045936
-0.00026996466431095377
0.004539929328621909
-0.0011830388692579503
-0.002481978798586573
0.0025568904593639575
0.0036713780918727922
-0.004778091872791519
-0.0018282685512367486
-6.077738515901097e-05
0.002780918727915194
0.002046643109540636
-2.4028268551236605e-05
0.003614134275618375
-0.003163250883392226
0.0010360424028268552
-0.004616961130742049
0.0034402826855123676
0.0011095406360424034
-0.0012395759717314483
-0.00026643109540636014
0.004679151943462897
0.001451590106007067
0.0013893992932862195
0.002802826855123675
-0.0012833922261484103
-0.00025936395759717325
-0.0028106007067137807
0.006734275618374558
-0.0012452296819787986
0.0019342756183745586
0.0015477031802120142
-0.009631095406360424
0.0005886925795053009
0.00013144876325088382
-0.0023505300353356883
0.0008975265017667841
-0.0001978798586572436
-0.0001180212014134279
0.0020876325088339223
-0.002486925795053004
0.001215547703180212
0.0006954063604240275
-0.0010734982332155478
0.0007010600706713776
0.001578091872791519
-0.000448056537102474
-0.0013943462897526508
0.0005109540636042404
-0.0031130742049469964
-0.00356113074204947
-0.0011837455830388695
-0.0008727915194346292
0.003163250883392226
0.0013505300353356894
0.0014438162544169611
0.0007795053003533561
0.0028141342756183747
-1.8374558303887256e-05
-0.001514487632508835
-0.001134982332155477
0.0035434628975265013
-0.0021187279151943465
-0.002413427561837456
0.0015378091872791516
0.0015469964664310955
0.002559717314487632
-0.0037809187279151937
0.0023646643109540635
-0.0016763250883392226
-0.0026318021201413425
0.001453003533568904
0.00010671378091872764
-0.0016657243816254402
-0.0032204946996466435
-0.0019024734982332151
0.00114416961130742
-0.0014480565371024728
-0.0009201413427561844
0.00025936395759717303
0.0019469964664310952
8.056537102473533e-05
0.002724381625441696
0.0028063604240282677
0.002123674911660777
-0.003204240282685513
0.0021363957597173144
-0.0009901060070671383
0.007736395759717314
0.0011724381625441696
0.0035844522968197885
-0.0002353356890459369
0.0013053003533568903
0.0002473498233215546
0.0022219081272084806
0.0008501766784452296
0.0033590106007067135
-0.001945583038869258
0.0034508833922261488
0.00040706713780918734
0.000579505300353357
-0.0018522968197879866
0.0037639575971731448
-0.0032600706713780915
-0.006942049469964665
-0.00023957597173144827
0.0006473498233215551
-0.0011540636042402827
0.0025498233215547703
-0.00045795053003533587
-0.0019922261484098948
-0.0011010600706713774
0.001672084805653711
0.0022028268551236756
-0.0014643109540636047
-0.0010268551236749122
0.0015745583038869258
0.0023448763250883396
0.004837455830388694
-0.0021929328621908125
-0.0022812720848056534
0.0019229681978798587
-0.00013074204946996438
0.000440989399293286
-0.002934982332155477
-0.0015865724381625443
8.268551236749187e-05
0.0028381625441696117
0.00017455830388692558
-0.0006219081272084803
0.0008268551236749113
-0.0025660777385159007
0.0013236749116607787
0.002461484098939929
-0.0033978798586572437
-0.0011420494699646649
-5.865724381625423e-05
-0.0018190812720848062
-0.0007243816254416963
-0.0009484098939929324
-0.003846643109540635
0.003899646643109541
-0.003917314487632509
0.0019137809187279155
-0.002546996466431095
0.004719434628975265
0.004151943462897526
0.0002141342756183753
-0.0012000000000000005
0.0019865724381625443
-0.0015964664310954065
-0.0015766784452296827
-0.0015434628975265021
0.0008600706713780914
0.0012954063604240281
-0.0010282685512367485
-0.0027081272084805643
0.00048268551236749094
0.0008558303886925793
0.005956183745583039
-0.001670671378091873
-0.0016862190812720849
0.001100353356890459
-0.0021371024734982338
-0.004922968197879859
0.0014098939929328615
0.0028233215547703184
-0.0044650176678445236
0.00426643109540636
-0.0026812720848056536
0.005653003533568905
-0.003212720848056537
-0.0038247349823321564
-0.006386572438162543
0.00206643109540636
-0.004512367491166078
-0.00040070671378091916
-0.0047420494699646635
0.00069469964664311
0.002023321554770318
-0.007552650176678446
-0.0015851590106007066
-0.0009201413427561836
0.0013816254416961129
0.0022374558303886924
-0.0026049469964664314
0.0055568904593639576
-0.0048
-0.0009540636042402824
-0.0025003533568904593
-0.0008254416961130735
-0.0014904593639575967
0.0034996466431095404
-0.0014551236749116604
-0.0016911660777385153
0.0032318021201413433
0.003119434628975265
-0.0018169611307420502
0.004935689045936395
8.480565371024684e-06
-0.002353356890459364
-0.0025003533568904598
0.002999293286219081
-0.002212720848056537
-0.0025533568904593643
0.0014763250883392223
-0.0021547703180212012
0.0015109540636042413
-0.001986572438162544
-0.0022989399293286217
-0.0068289752650176686
0.0034530035335689044
0.0027385159010600703
-0.004162544169611307
-0.003867844522968198
-0.0022438162544169624
4.80565371024736e-05
0.0022035335689045933
-0.004896819787985865
0.001452296819787985
-0.0006968197879858659
0.003905300353356891
0.001293286219081272
0.003057950530035337
-0.0020473498233215546
-0.0012572438162544168
-0.0015067137809187277
0.0011477031802120143
0.0016431095406360418
0.003450883392226148
-0.005837455830388692
0.00033639575971731414
-0.003728621908127208
-0.000170318021201413
-0.0010551236749116615
-0.00038939929328621884
-0.0027908127208480567
0.0006763250883392228
0.00026148409893992925
0.0004918727915194355
0.00228339222614841
0.0008424028268551239
-0.0006480565371024743
-0.0011434628975265015
0.0008749116607773849
-0.001055123674911661
0.00032226148409893955
-0.0026798586572438165
0.003859363957597173
-0.004509540636042403
-0.002142049469964665
-9.399293286219105e-05
-0.0006374558303886932
0.0009010600706713781
0.00010106007067137794
-8.268551236749138e-05
-0.00045229681978798547
-0.0004049469964664316
0.0004883392226148409
-0.0034593639575971726
0.0010254416961130743
0.0010183745583038873
0.0030946996466431104
-0.0023498233215547702
-0.0014120141342756187
-0.0008487632508833925
0.00013427561837455815
0.005939929328621908
0.0009378091872791538
-0.003604946996466431
0.0006084805653710246
0.0022445229681978796
-0.0012388692579505304
-0.0019441696113074213
-0.0038056537102473496
-0.002224734982332155
0.0027625441696113077
-0.001981625441696113
-0.0009787985865724385
0.0018318021201413435
-0.003262190812720848
0.0012197879858657245
-0.0014791519434628985
-2.1201413427564407e-06
-0.0017265017667844524
0.0006325088339222622
0.00024098939929328636
-0.001579505300353356
0.0039731448763250885
0.004881978798586573
-0.001564664310954063
-0.00021625441696113086
-0.003730742049469964
0.0014600706713780917
-0.0019272084805653706
-0.0029116607773851592
0.0021314487632508824
-0.0003215547703180217
-0.0031978798586572437
-0.005089045936395759
-0.0021321554770318027
-0.002251590106007067
-0.00010459363957597159
-0.0017307420494699648
-0.0010049469964664313
-0.0005604240282685511
0.0007328621908127209
-0.003551943462897526
0.0023752650176678447
0.0010487632508833927
-0.001185159010600706
0.0007123674911660773
-0.0008862190812720849
-0.0029356890459363958
0.0015505300353356886
-0.0001321554770318015
-0.0023038869257950532
-0.004185159010600707
0.002759717314487632
-0.0021547703180212017
-0.0004091872791519433
-0.0008650176678445232
-0.002418374558303887
0.0008367491166077733
0.0008162544169611311
-0.0008296819787985862
-0.003225441696113074
0.0016459363957597175
-0.0062409893992932865
-0.002521554770318022
0.004373144876325088
0.00019010600706713835
0.0024219081272084816
-0.00339434628975265
-0.001614134275618375
-0.001959717314487633
0.0017561837455830384
-0.0024000000000000002
0.000919434628975265
-0.0032954063604240286
-0.0010176678445229681
-0.0008932862190812722
0.00016537102473498225
0.0010515901060070664
0.004493992932862192
0.0008883392226148409
-0.001575971731448763
0.0005526501766784454
0.0031371024734982334
0.0009703180212014133
-0.00017950530035335633
-0.003175971731448763
0.0008438162544169616
-0.0002565371024734982
0.0023611307420494695
0.002360424028268551
-0.00043180212014134225
-0.0015978798586572438
-0.006828268551236748
-0.006566077738515901
0.0030558303886925797
0.0021081272084805653
-0.0006911660777385151
-0.0033236749116607777
0.002063604240282686
0.003081272084805654
0.00034840989399293273
-0.0011356890459363965
-0.0008035335689045945
-0.004252296819787985
-0.0050197879858657245
0.0005151943462897524
0.0007222614840989401
-4.66431095406362e-05
-0.0019604240282685512
0.0027215547703180213
-0.005721554770318021
0.0009681978798586574
0.00027703180212014066
-0.0011809187279151943
4.5936395759716965e-05
-0.005697526501766785
0.00025229681978798576
-0.0006706713780918732
-0.003490459363957597
-0.0014042402826855125
-0.0015908127208480564
0.0002296819787985857
0.0008459363957597169
0.0015773851590106004
-0.0005250883392226151
0.001785159010600707
-0.00033992932862190827
0.00520565371024735
-0.0025229681978798583
0.0017639575971731443
0.00056678445229682
0.0005575971731448761
-0.0022445229681978796
0.003836749116607774
-0.0006727915194346286
0.0009342756183745582
-0.0009250883392226154
-0.003180212014134276
0.00027420494699646633
-0.00019434628975265034
-0.002195053003533569
0.0022042402826855127
0.0033024734982332166
-0.0032777385159010607
-0.005147703180212013
-0.004540636042402827
0.0019095406360424027
-0.0003208480565371024
-0.0010261484098939928
0.0006091872791519436
-0.002062190812720848
-0.0035618374558303895
0.0016664310954063604
0.0034134275618374556
0.003094699646643109
-0.0029088339222614838
0.0027469964664310954
0.0017187279151943465
0.002287632508833923
-0.0022742049469964658
0.00591095406360424
0.0019166077738515905
-0.002585159010600707
0.0012247349823321552
-0.00236113074204947
-0.002421908127208481
-0.002033922261484099
0.0010268551236749116
0.0007547703180212015
-0.0015901060070671374
0.001999293286219081
-0.0023653710247349825
-0.003245229681978799
0.0032904593639575975
0.00030459363957597175
0.001525088339222615
-0.00468268551236749
0.001334275618374558
0.0032035335689045937
-0.00020565371024735003
-0.0007045936395759717
0.0029236749116607766
-0.005797173144876325
0.002481272084805654
0.001257243816254417
-0.001819081272084805
-0.0008706713780918729
-0.00020141342756183783
0.00023533568904593637
0.0007879858657243809
0.0024148409893992927
0.0013922261484098934
-0.0045074204946996465
-0.0007144876325088342
0.0014261484098939928
0.002968197879858658
-0.0038374558303886936
0.002018374558303887
-0.00021766784452296876
-0.001339929328621908
0.0005413427561837452
0.0009378091872791514
0.0009420494699646643
0.0010954063604240285
0.00029045936395759715
-0.0019053003533568906
0.0007999999999999998
0.0018925795053003536
-0.0018763250883392227
0.0012558303886925787
0.0014918727915194344
0.0040692579505300355
-0.004236042402826856
-0.0025399293286219086
0.0020042402826855126
-0.001015547703180212
-0.0010734982332155473
-0.0030289752650176677
0.00010247349823321522
0.0020360424028268553
0.0029773851590106006
0.0024678445229681972
0.0007272084805653705
0.001429681978798586
-0.0017314487632508829
0.0007166077738515901
-0.003486925795053003
0.00049469964664311
-0.0006565371024734981
-0.006862190812720849
0.0013985865724381618
-0.0008480565371024734
0.006089045936395759
0.0005038869257950532
-6.360424028268517e-05
-0.0017519434628975262
-0.002051590106007067
0.00020848056537102532
0.004860777385159011
-0.004368904593639576
-0.0027455830388692583
0.0008699646643109543
0.002160424028268551
0.0018706713780918735
-0.003854416961130742
0.0013795053003533575
-0.0025060070671378103
-0.002237455830388693
0.002159010600706714
-0.0005717314487632506
0.0018395759717314485
-0.0018763250883392219
0.002119434628975266
-0.00042826855123674943
-0.002118727915194346
-0.00431731448763251
0.0024367491166077736
0.002443109540636042
0.0008544169611307423
0.001849469964664311
0.0036621908127208473
-0.0035448763250883397
0.0010826855123674908
0.0005095406360424032
-0.002197879858657243
0.004376678445229681
-0.0026918727915194347
-0.004097526501766784
0.00134982332155477
-0.00017243816254416985
-0.0017222614840989396
-0.002021201413427561
0.005279858657243817
0.0012007067137809182
0.00017667844522968194
-0.0002798586572438158
0.00032791519434628995
0.000785865724381625
-0.0022770318021201417
-0.0001689045936395758
-0.002739929328621908
-0.0031081272084805653
0.0022706713780918735
-0.0018911660777385156
0.0020678445229681975
0.001520141342756184
-0.00026643109540636046
-0.004641696113074205
0.003319434628975265
-7.279151943462905e-05
-0.005853710247349823
0.00022826855123674937
-0.001967491166077739
-0.004053710247349823
-0.001937809187279152
0.0033830388692579513
0.0023166077738515896
0.00035123674911660696
0.0032431095406360425
-0.0008544169611307427
-0.0006388692579505303
-0.0033653710247349825
0.0037399293286219074
0.000563957597173144
0.0011003533568904593
0.0040127208480565365
0.0026480565371024734
-0.0005611307420494706
0.0036706713780918724
0.0021455830388692576
-0.0006120141342756182
0.0015999999999999996
-0.002051590106007067
0.00039929328621908066
0.00360494699646643
0.00037738515901060085
0.0012946996466431096
-0.002932155477031802
0.003262897526501767
-0.0011137809187279151
0.003393639575971732
0.0015067137809187275
0.00022402826855123562
0.003940636042402826
-0.000850883392226148
-0.004527208480565371
0.0023307420494699644
0.001158303886925795
-0.0012869257950530026
-0.002600706713780919
-0.00032579505300353324
-0.001070671378091873
-9.89399293286169e-06
0.0043618374558303885
-0.0025045936395759714
0.003098233215547703
0.00139434628975265
-0.0008685512367491159
-0.003874911660777385
0.0015519434628975268
-0.0013427561837455833
-0.00042402826855123665
-0.0003208480565371028
-0.00014840989399293318
-0.004043109540636042
-0.0006409893992932861
-0.0014197879858657246
-0.0037243816254416964
-0.0026021201413427564
0.001956890459363957
0.0012360424028268558
0.0028445229681978794
-6.643109540636075e-05
0.001080565371024735
0.003423321554770318
0.00016113074204946988
-0.0017590106007067138
0.0015568904593639577
0.001426148409893993
0.0003102473498233215
-0.0001604240282685516
0.0006084805653710251
0.003071378091872792
0.002119434628975265
-0.005035335689045937
0.0010968197879858655
-0.0014819787985865726
0.0019632508833922263
0.0018197879858657244
-0.000491166077738516
0.001073498233215548
0.002189399293286219
-0.0028749116607773846
-0.0014833922261484093
0.0038204946996466447
-0.0018106007067137807
0.0006501766784452295
-0.0009816254416961125
0.003418374558303887
0.003451590106007067
0.00010600706713780938
-0.002040282685512368
0.00013992932862190772
0.0012692579505300347
0.00019434628975265007
-0.0003936395759717308
0.0005667844522968197
-0.0018664310954063605
-0.007067137809187279
0.0009674911660777387
0.004271378091872792
0.0008438162544169616
0.0030155477031802128
0.005848763250883393
-0.0015413427561837465
0.002108833922261484
-0.002777385159010601
0.0016501766784452296
0.0060650176678445225
0.00013780918727915225
0.001729328621908127
-0.00025441696113074177
0.001795759717314488
0.0031201413427561836
0.00043180212014134247
-0.00047632508833922254
0.00033356890459363916
0.0011307420494699643
0.002551943462897527
-0.0012890459363957595
0.004098233215547703
-0.004160424028268553
9.75265017667845e-05
-0.004238869257950529
-0.00041978798586572486
0.00253286219081272
-0.004738515901060072
-0.0005060070671378096
0.0016706713780918732
-0.0030014134275618376
-0.0015053003533568902
0.000921554770318021
0.0006494699646643106
0.0014162544169611306
-0.0003809187279151951
-0.0017802120141342758
0.003660070671378092
-0.003208480565371025
0.0037625441696113072
-0.003945583038869258
-8.763250883392202e-05
0.003713780918727915
0.00574416961130742
0.001373851590106007
0.003130035335689046
-0.0007660777385159019
0.001538515901060071
-0.0026268551236749123
0.0009038869257950539
-0.0029102473498233213
-0.0011787985865724384
0.0037434628975265005
-0.0009752650176678448
-0.0016254416961130741
-0.0014325088339222612
4.240282685511704e-06
0.002966077738515901
0.007334982332155477
0.0018247349823321557
0.0029201413427561848
0.005151236749116608
-0.002271378091872791
0.0019696113074204953
-0.0032671378091872795
-0.0007752650176678444
0.0021583038869257953
0.00036042402826855116
0.0013314487632508836
-0.002091166077738515
0.0006643109540636048
-0.002780212014134276
0.0020925795053003526
0.00020353356890459367
-0.0019116607773851583
-0.003163250883392227
0.0018628975265017672
0.0027908127208480567
0.0034685512367491162
-0.0020621908127208483
-0.00465088339222615
0.0024035335689045947
0.0018070671378091867
0.0007597173144876324
0.001990106007067138
-0.00652226148409894
-0.0003561837455830383
-0.002412720848056537
-0.001421201413427562
-0.0032734982332155477
-0.0011773851590106009
0.000896113074204947
-7.561837455830419e-05
-0.003834628975265017
0.004563250883392226
0.0019413427561837456
-0.001879151943462898
0.002656537102473498
0.0003625441696113079
-0.00212226148409894
0.004653710247349824
-0.006904593639575973
-0.0011795053003533567
0.0017180212014134273
-0.0008106007067137805
0.0014162544169611308
-0.0011349823321554773
-0.00021130742049469992
0.001537809187279153
0.0007498233215547708
-0.0013780918727915193
-0.0008339222614840987
0.0004911660777385164
0.0005618374558303892
-0.0012310954063604238
-0.0007766784452296824
0.0012840989399293286
0.0014685512367491162
-0.003202826855123675
0.0015257950530035333
0.001157597173144876
-4.946996466431629e-06
0.0012070671378091864
-0.002501060070671378
-0.002068551236749117
0.0009123674911660773
0.003946289752650176
-0.000356890459363958
-0.0015568904593639575
0.0015611307420494694
0.0039978798586572445
-0.0015067137809187284
1.9081272084805318e-05
0.0006021201413427563
-0.004226855123674911
-0.001499646643109541
-0.0030233215547703185
0.001559717314487633
0.001463604240282685
-0.005103180212014135
0.0012084805653710252
0.0010734982332155476
-0.0012734982332155476
0.004435335689045936
-0.0036763250883392225
-0.002877738515901059
-0.0036784452296819785
-0.003036042402826855
0.002402826855123675
-0.0015908127208480564
0.004045229681978799
0.0045512367491166075
-0.0017279151943462902
0.0012904593639575968
-0.005202826855123675
0.003062897526501767
-0.0022537102473498233
-0.006106007067137809
-0.0004155477031802125
-0.0019335689045936392
0.0011406360424028271
-0.003383745583038869
0.0013201413427561834
-0.002527208480565371
0.00024098939929328617
-0.003799293286219082
-0.002330035335689046
0.005469257950530036
0.005496819787985866
-0.0010226148409893997
-0.003052296819787986
-0.0006975265017667846
-0.004358303886925795
-0.0038176678445229683
-0.0005222614840989403
-0.0027477031802120135
0.0001978798586572436
-0.0008445229681978798
0.0024784452296819784
0.0036925795053003533
0.0019575971731448766
-0.00012720848056537113
-0.0023674911660777386
-0.0034120141342756185
0.0008685512367491163
0.002782332155477032
0.001942756183745583
0.0014791519434628972
-0.0005660777385159011
-0.0007590106007067138
0.002481978798586572
-0.0011893992932862192
0.003996466431095406
-0.0008127208480565368
0.001501766784452297
-0.0010840989399293292
-0.003447349823321554
0.0013151943462897525
-0.001043109540636042
-0.002595759717314488
0.002139929328621909
-0.0018353356890459366
0.0057187279151943455
0.00389469964664311
-0.0014826855123674903
0.0006713780918727913
0.0015159010600706711
-0.0035865724381625437
0.0007151943462897521
-0.0032134275618374564
0.003248763250883392
0.0024989399293286222
-0.0036939929328621904
0.00654982332155477
-0.0022289752650176678
-0.004255123674911662
-0.0009335689045936395
0.0010113074204946993
0.003727208480565372
0.004433922261484099
0.0014056537102473498
-2.82685512367411e-06
0.0036904593639575964
0.0010219081272084807
-0.0002890459363957597
0.0014367491166077744
0.0026565371024734985
0.001566784452296819
0.003792226148409895
0.0005597173144876325
0.00012650176678445248
0.001884805653710247
0.0005399293286219081
-0.005117314487632509
0.0004897526501766788
0.002575265017667844
0.00028339222614840966
0.00046007067137809193
0.005206360424028268
0.0012325088339222615
0.0033166077738515896
-0.002210600706713781
0.0007766784452296822
0.0015773851590106015
0.0016247349823321554
-0.002661484098939929
2.1908127208480407e-05
0.0009978798586572429
0.0011533568904593637
0.0032501766784452297
0.0009003533568904597
-0.0016374558303886926
0.0028402826855123678
0.0008572438162544169
-0.004260777385159011
-0.0021130742049469964
0.0019879858657243818
-0.0012515901060070676
0.00010035335689046008
8.339222614840974e-05
-0.0033908127208480566
0.0011802120141342764
-0.0014862190812720841
-0.004759717314487633
-0.004404240282685513
-0.0009342756183745578
-0.0026374558303886926
0.0027929328621908132
-0.002459363957597173
-0.0009653710247349823
0.004048763250883392
-0.003763957597173145
-0.0003201413427561834
0.007807773851590106
-0.0029773851590106006
-0.002612014134275618
-0.005180212014134276
-0.0021908127208480565
-0.0024819787985865733
-0.0010424028268551234
-0.0010537102473498227
-0.0003738515901060071
0.0029017667844522957
0.0049363957597173165
0.0034749116607773853
0.0024402826855123684
0.0014084805653710249
0.0007618374558303888
0.004163250883392227
0.0008777385159010594
-0.002338515901060071
-0.003000706713780919
-0.0028968197879858655
-0.005234628975265018
0.003915194346289753
0.0015505300353356878
0.0037455830388692575
0.0015123674911660787
0.002390106007067137
0.002480565371024736
-0.004201413427561837
-0.0002932862190812719
-0.0026664310954063607
-0.0012318021201413434
0.00206148409893993
8.692579505300397e-05
0.005514487632508834
0.0016664310954063609
-0.00463957597173145
-0.0028487632508833924
-0.0006530035335689039
-0.0013667844522968198
-8.975265017667817e-05
0.0005222614840989396
-0.0036381625441696108
0.0032954063604240286
-0.001400706713780919
0.0003886925795053007
0.0010282685512367489
0.0027250883392226145
-0.0014226148409893999
0.0017738515901060063
-0.006336395759717314
0.0025696113074204943
-0.001229681978798587
0.001356183745583039
-0.003453003533568904
0.001511660777385159
-0.004739222614840989
-0.0024063604240282684
-0.00580565371024735
-0.00432296819787986
-0.002095406360424029
-0.001510247349823322
-0.0035674911660777387
-0.0019908127208480573
-0.003135689045936396
0.00065583038869258
0.0047010600706713776
-0.002190106007067138
0.001821201413427562
-0.00016183745583038872
0.0021363957597173144
0.0016699646643109551
0.003087632508833922
0.0009936395759717316
0.001285512367491166
0.000878445229681979
-0.001976678445229682
-0.0017752650176678444
0.0011597173144876332
0.0017547703180212004
-0.0016127208480565369
-0.0017434628975265024
0.00028763250883392195
0.00257809187279152
0.001289752650176679
-0.0020254416961130737
0.0018685512367491168
-0.005780212014134276
-0.0028805653710247355
-0.0013512367491166075
0.0041844522968197875
-0.0011830388692579499
-0.002277031802120142
-0.0053865724381625445
0.003394346289752649
-0.0025067137809187284
-0.0006720848056537102
-0.000680565371024735
0.00034204946996466417
0.00029611307420494636
0.002951943462897527
-0.0014120141342756178
-0.003092579505300354
-0.002773851590106007
-0.000404946996466431
-0.0003985865724381626
-0.0016593639575971733
0.0017632508833922262
-0.0006833922261484098
0.005395759717314487
-0.0012226148409893996
0.0007816254416961136
-0.0033830388692579504
-0.0026727915194346293
-0.00403321554770318
0.003481272084805654
0.0031950530035335686
0.0011392226148409896
7.067137809186795e-06
-0.0009922261484098939
0.0019017667844522961
-0.002164664310954064
0.0014127208480565364
0.0011038869257950534
-0.002065724381625441
0.0018855123674911655
0.0024579505300353355
-0.004091166077738517
-0.002286219081272084
-0.0017568904593639576
-0.004800706713780919
0.0006098939929328625
0.004510247349823322
0.0003773851590106006
-0.00048339222614840943
0.000782332155477033
-0.0010035335689045938
0.000715901060070672
0.0011547703180212017
0.0027512367491166075
0.003134982332155477
-0.0006537102473498225
-0.0032190812720848056
-0.005021908127208481
-0.0014162544169611308
-0.00031378091872791514
-0.0035816254416961135
0.0015703180212014135
0.003399293286219082
-0.005086925795053003
-0.005473498233215549
-0.0009851590106007074
-0.00018869257950529977
-0.002764664310954064
0.0014763250883392223
-0.0041886925795053005
-0.0026756183745583043
-0.001413427561837456
-0.003022614840989399
-0.004518727915194345
-0.0020515901060070662
0.003921554770318022
-0.0002155477031802119
-0.0005427561837455839
0.0020897526501766784
-0.0017667844522968195
-0.002195759717314487
-1.201413427561813e-05
-0.0004381625441696114
-0.002306713780918728
-0.00043957597173144774
0.0010042402826855124
-0.0003795053003533565
-0.0018840989399293282
0.0018833922261484097
-0.001949823321554769
0.003903886925795053
-0.001239575971731449
0.0018466431095406364
0.001812014134275618
0.0028176678445229687
0.0015844522968197876
-0.0008487632508833929
-0.0018826855123674918
0.002891872791519435
0.0006897526501766787
-0.001942049469964664
-0.0007611307420494697
-0.0015653710247349826
-0.0022883392226148414
-0.0009901060070671378
0.0012452296819787992
0.002144876325088339
7.208480565371133e-05
0.00804381625441696
0.00049469964664311
0.0004134275618374558
-0.0005519434628975271
-0.004648056537102473
-0.0018360424028268554
-0.0018014134275618373
-0.0009689045936395758
0.004263604240282685
0.0007667844522968206
0.004414134275618375
-0.005398586572438162
7.985865724381599e-05
-0.0015116607773851592
-0.004204240282685513
-0.0013653710247349825
-1.2720848056537172e-05
0.0030014134275618376
0.002910247349823322
0.0019137809187279146
0.0028777385159010596
-0.0019286219081272088
0.0013406360424028272
-0.0012897526501766785
0.0010777385159010603
0.0017208480565371028
0.0007639575971731452
0.00010883392226148408
0.0012911660777385162
-0.00014346289752650165
0.0012572438162544168
0.003624734982332156
0.0015130742049469968
-0.004154063604240283
-0.003961837455830388
-0.0007893992932862186
-0.001220494699646643
-0.004851590106007067
0.004613427561837457
-0.003281272084805654
0.0022325088339222618
0.000993639575971731
0.0012332155477031796
-0.00015053003533568895
-0.0027335689045936396
-1.413427561837462e-05
-0.0032734982332155477
-0.0004028268551236749
-0.0021886925795053
0.00029893992932862254
-0.00043321554770318
-0.003151943462897527
-0.006746996466431095
0.004383038869257949
0.002969611307420495
-0.0042685512367491175
-0.0015335689045936397
-0.0030282685512367483
0.00016607773851590136
-0.001840282685512368
-0.0009568904593639573
-0.003512367491166077
0.0005879858657243823
-0.002809187279151943
0.0030522968197879857
-0.00015265017667844528
0.003557597173144878
-0.0036445229681978794
-0.001845936395759718
0.002217667844522969
0.0014381625441696115
0.0006282685512367494
-0.0020685512367491165
-0.0015780918727915194
0.0006254416961130738
0.0032650176678445226
-0.0017653710247349825
0.0022021201413427558
0.00013992932862190782
-0.0014763250883392228
0.0012070671378091868
0.0005434628975265015
0.0027512367491166092
-0.0013413427561837455
0.005173851590106007
-0.0029943462897526504
-0.003657950530035336
0.0034226148409893997
-0.0026240282685512364
0.0002954063604240284
0.0030522968197879857
-0.003143462897526502
0.0023378091872791524
5.229681978798599e-05
-0.0058614840989399284
0.0015250883392226142
-0.0005462897526501767
0.0002734982332155477
0.0006508833922261485
9.540636042402816e-05
0.005387985865724382
-0.003688339222614841
0.0036840989399293295
0.0012664310954063603
0.003721554770318021
0.00014416961130742052
-0.00288339222614841
-0.0017455830388692587
0.001758303886925795
0.0007893992932862194
-0.0001858657243816246
-0.003392932862190813
-0.0027738515901060074
-0.0009915194346289756
0.003415547703180212
-0.0015194346289752654
0.0009441696113074205
-0.0007173144876325095
-0.0018840989399293287
-0.0013703180212014134
-0.0011455830388692578
-0.0001950530035335685
0.0031681978798586575
-0.0020558303886925792
0.0012106007067137815
-0.002959717314487633
-0.0017752650176678444
0.00136113074204947
-0.0021081272084805653
0.003243816254416961
0.0034989399293286223
-0.004142756183745583
-0.0016289752650176673
-0.0011314487632508832
0.0009123674911660775
-0.0001356890459363961
-0.0007371024734982332
0.0007696113074204942
-0.0033201413427561837
0.00015477031802120202
0.0040515901060070685
0.0010636042402826847
-0.0021173144876325094
0.002063604240282686
-0.002263604240282686
-0.0013505300353356898
0.002934275618374558
0.003463604240282685
5.300353356890533e-05
-0.0013060070671378097
0.0011137809187279151
0.007296113074204947
0.0013745583038869255
0.0033837455830388686
8.692579505300348e-05
-0.001014134275618375
0.000532862190812721
0.0054289752650176675
0.005971731448763252
-0.001783038869257951
-0.0018749116607773841
-0.0005477031802120148
0.004337809187279153
0.0015378091872791514
0.0023498233215547702
-0.00252791519434629
0.00326148409893993
0.0003872791519434631
-0.0030049469964664316
-0.0029858657243816253
-0.0018777385159010605
-0.002398586572438162
0.0017999999999999995
-0.004826855123674912
-0.001985865724381625
-0.0014339222614840985
0.00042402826855123633
0.0007823321554770317
0.0018049469964664317
0.002616254416961131
0.0010572438162544172
-5.583038869257944e-05
-0.00020212014134275588
-0.004377385159010601
-0.00015335689045936393
-0.0014325088339222625
-0.00040424028268551236
0.000573144876325088
-0.0008381625441696112
0.0016657243816254415
0.000735689045936396
-0.0007293286219081281
0.0008946996466431091
-0.004908127208480566
-0.0026310954063604244
0.0002982332155477033
-0.0011844522968197874
-0.0004749116607773854
-0.005036749116607775
-0.00590530035335689
-0.00010812720848056582
-0.001961837455830389
0.0013201413427561845
0.001428975265017668
0.0016289752650176675
0.0009166077738515904
-0.0025017667844522973
-0.0021957597173144884
0.00128339222614841
-0.0014254416961130745
0.00013780918727915206
0.0012989399293286217
-0.00020636042402826898
-0.0003519434628975262
0.0012522968197879853
-5.1590106007067144e-05
0.003677031802120142
0.0012593639575971738
-0.0026593639575971735
-0.003388692579505301
0.0022084805653710244
0.0015017667844522975
0.0006939929328621905
-0.0024296819787985864
0.0022628975265017665
-0.00032367491166077734
0.0009738515901060071
0.0025625441696113076
-0.004446643109540636
-0.0022098939929328623
-0.00045371024734982375
-0.0028840989399293283
-0.0003766784452296821
0.0020989399293286216
-0.004888339222614841
-0.002792932862190813
-0.004978091872791519
0.004214840989399293
-0.004559717314487633
-0.001301766784452297
0.002838162544169611
-0.0006360424028268557
-0.0017583038869257949
-0.0016070671378091877
-0.00542826855123675
0.002461484098939929
0.002719434628975266
-0.0013908127208480568
0.004223321554770319
-0.00016113074204947045
0.0019109540636042398
0.0016742049469964666
-0.0015957597173144877
-0.0004897526501766786
-0.00035053003533568955
-0.004108833922261484
0.00031095406360424
-0.00013144876325088284
0.0020678445229681975
-0.00012508833922261441
0.0014339222614840994
2.897526501766779e-05
-0.0009766784452296816
0.0025144876325088336
0.0021505300353356887
0.002098939929328622
0.004539929328621909
0.00517809187279152
0.001159010600706714
-0.003732155477031804
-0.00039575971731448757
0.0022204946996466435
-0.0015321554770318018
0.0012176678445229682
-0.004477031802120141
-0.0009498233215547705
0.0022120141342756193
0.002118727915194347
-0.0008416961130742054
-0.0008544169611307418
-0.0026155477031802113
0.0017526501766784452
0.0011342756183745578
-0.0005752650176678443
-0.00043533568904593594
0.00512226148409894
-0.0008204946996466434
-0.0021194346289752654
0.003795759717314487
0.00037243816254416937
-0.0007017667844522968
-0.0032678445229681976
0.004694699646643111
0.0013703180212014136
-0.002285512367491167
0.0003554770318021202
0.00042826855123674905
0.00029611307420494696
-0.0023773851590106008
0.00021130742049469922
0.003401413427561838
0.002612014134275618
0.001337809187279152
0.003983038869257951
-0.0015964664310954065
-0.0015279151943462896
0.0015208480565371025
-0.0009653710247349821
-0.002921554770318021
0.0004699646643109543
-0.003660070671378092
-0.0017724381625441698
0.00028197879858657285
0.0021922261484098936
0.003302473498233216
-0.0023561837455830393
0.005741342756183747
-0.002769611307420494
-0.0010310954063604241
0.00023250883392226206
0.00028056537102473517
-0.0008600706713780917
-0.0008614840989399294
-0.0019498233215547698
0.006032508833922262
0.0011583038869257946
0.0015547703180212014
0.0005922261484098942
-0.0007116607773851591
-0.0007144876325088337
0.002177385159010601
0.0014501766784452295
-0.00015618374558303854
-0.0038628975265017668
0.0012925795053003535
-0.0013427561837455835
0.00221625441696113
-0.004884805653710247
-0.0011462897526501765
-0.0011286219081272082
0.0029787985865724386
0.001488339222614841
-0.003419787985865725
0.003416961130742049
-0.0004438162544169616
0.005784452296819788
0.00029399293286219117
-0.0004833922261484096
-0.0047477031802120135
0.0060621908127208475
0.0007462897526501766
0.0026742049469964664
-0.00010883392226148399
0.0006127208480565369
-0.0028819787985865726
0.004966784452296819
0.00032932862190812644
0.0032466431095406357
0.0009717314487632514
8.197879858657243e-05
-0.0011038869257950531
-7.773851590106327e-06
-0.0015512367491166078
0.001327915194346289
-0.0025575971731448756
0.0007547703180212006
-0.0005349823321554777
-0.0013462897526501769
0.003951236749116608
0.0015766784452296814
0.0028600706713780917
-0.0003144876325088338
-0.002171731448763251
0.0004890459363957596
0.004209893992932863
0.002547703180212014
0.00023250883392226157
-0.0019604240282685512
0.002949823321554771
0.0035696113074204948
-0.0021010600706713777
-0.0019477031802120138
0.0062091872791519434
0.000596466431095406
0.0002254416961130739
-0.00417173144876325
-0.0009533568904593637
-0.0014982332155477024
-0.0001717314487632513
-0.004269257950530034
0.0018826855123674914
-0.0005639575971731447
-0.0021286219081272087
-0.0024007067137809188
0.0007455830388692583
-0.0009759717314487633
-0.0025879858657243816
0.0006756183745583044
0.001642402826855124
0.0005837455830388695
-0.0035759717314487634
0.0023886925795053
0.0018946996466431088
-0.0015519434628975266
-0.00017667844522968194
-0.004723674911660777
0.004980918727915193
-0.004257243816254416
0.005911660777385158
-0.004907420494699648
0.0031462897526501757
0.0020127208480565373
1.8374558303886863e-05
0.003468551236749116
-0.002698233215547703
-0.0035908127208480567
-0.0007554770318021201
0.00472791519434629
-0.0025173144876325096
-0.0002996466431095411
-0.00040424028268551236
-0.001287632508833922
-0.00022685512367491082
-0.004903886925795053
0.0018734982332155473
0.0017137809187279156
0.0003406360424028267
-0.0005618374558303884
0.001048763250883393
0.001428268551236749
-0.003409187279151944
0.005064310954063605
0.0018593639575971732
-0.001344876325088339
0.00020494699646643068
-0.0020911660777385155
0.0003929328621908129
-0.0022063604240282696
0.00013356890459363918
0.0007957597173144873
0.0016197879858657236
0.00012508833922261558
-0.00499434628975265
0.004127915194346289
0.005325088339222616
0.0035180212014134277
0.0036402826855123677
-0.003437455830388692
0.0020876325088339223
0.005021201413427562
0.0010431095406360428
-0.0024883392226148406
-0.002641696113074205
0.001067844522968198
0.0005936395759717312
-0.0014621908127208482
-0.0020487632508833916
0.0008763250883392221
0.0011328621908127208
0.002265724381625441
0.0031109540636042403
-0.0011081272084805653
0.0021272084805653707
0.0013773851590106008
-0.0013710247349823321
-0.00010459363957597178
0.0002770318021201413
-0.0007540636042402828
0.0036530035335689054
-0.0011286219081272086
-0.003435335689045936
0.005004240282685512
0.0007936395759717313
-0.00249964664310954
-0.00013710247349823284
0.0023151943462897525
-0.0017257950530035337
-0.0002487632508833923
0.002542756183745583
0.003640282685512368
-4.946996466431149e-05
0.0031696113074204946
0.004209893992932861
0.0003505300353356887
-0.0009773851590106014
0.004834628975265017
-0.0015999999999999999
0.005424734982332156
0.0011180212014134272
0.003028975265017668
0.0005229681978798589
0.004289752650176679
-0.001467137809187279
0.0023314487632508834
-0.003248056537102474
-0.0031045936395759717
0.008409893992932863
-0.0007844522968197883
0.000674911660777385
-0.004857950530035336
-0.0010204946996466434
-0.0010091872791519441
-0.0020381625441696113
-0.0008395759717314487
-0.0005053003533568905
-0.0023752650176678447
2.897526501766779e-05
0.0037222614840989395
-0.0012558303886925797
-0.00016961130742049446
-0.0022636042402826863
0.001430388692579505
-0.0053053003533568895
-0.0007992932862190811
0.0013611307420494702
-0.00018303886925795
-0.004197879858657244
-0.005030388692579505
0.0024197879858657238
0.0017053003533568903
0.0008805653710247345
0.00042544169611307385
0.0006077738515901062
-0.002581625441696113
0.0016848056537102482
0.0045144876325088346
-0.003298233215547703
-0.001084098939929329
0.0027399293286219087
0.0011180212014134275
-0.0011427561837455832
0.002293286219081272
0.0018148409893992935
-0.0003710247349823326
-0.0011003533568904593
0.003226148409893994
-0.0010353356890459365
0.0014466431095406364
0.0013512367491166077
0.0032770318021201413
0.002432508833922261
0.0009568904593639577
-0.003011307420494699
-0.006214840989399292
-0.003219787985865724
0.005537102473498232
0.0027893992932862192
-0.0006176678445229682
-0.00170035335689046
-0.00193851590106007
0.001179505300353357
0.0022204946996466435
0.0001568904593639572
0.0022727915194346287
-0.0036346289752650176
-0.003695406360424029
0.0011137809187279156
0.004669964664310955
-0.0022240282685512367
-0.0007060070671378094
-0.00316749116607774
-0.0034805653710247362
-0.0004600706713780922
-0.003292579505300354
0.0008558303886925799
0.0027611307420494697
0.002720141342756184
0.0014784452296819784
-0.0012169611307420495
0.0010643109540636048
-0.005182332155477032
-0.0007611307420494703
-0.00024381625441696067
0.00038657243816254467
0.002451590106007067
-0.0013123674911660775
-0.002315901060070672
0.0010607773851590114
-0.003481272084805654
-0.000701766784452296
0.0010204946996466434
-0.0035371024734982335
0.0008339222614840983
-0.0013625441696113075
0.005836042402826856
0.002609893992932862
0.004224028268551238
-0.0030042402826855118
-0.001821201413427562
0.001570318021201414
-0.0016261484098939935
0.00041625441696113117
-0.002927915194346289
0.00408904593639576
0.0035759717314487634
-0.0018381625441696108
0.002240282685512367
-0.0007448763250883386
0.004501766784452297
0.0061349823321554765
0.003961837455830389
-0.0013328621908127209
0.0002805653710247347
-0.002246643109540636
-0.0006176678445229688
-0.0016353356890459363
-0.002873498233215548
-0.0014240282685512376
-0.0005802120141342759
-0.0012657243816254415
0.0003611307420494696
0.005065724381625443
-0.0007469964664310963
-0.0009759717314487636
-0.0026537102473498234
-0.0007745583038869262
0.001822614840989399
-0.0018169611307420495
0.0020204946996466426
-0.004418374558303887
0.0005908127208480566
0.0009809187279151942
-0.0007484098939929325
0.0004636042402826862
-0.0064551236749116605
0.00044028268551236786
0.001161837455830389
0.000662897526501767
0.000616254416961131
0.002012720848056537
0.0033413427561837447
-0.0003038869257950535
0.0004628975265017668
-0.0019901060070671383
-0.0032014134275618372
0.0011243816254416963
0.004540636042402827
-0.002504593639575972
-0.00047067137809187295
0.0023780918727915193
-0.003479858657243817
-0.0028791519434628976
-0.004561837455830388
-0.00252226148409894
-9.045936395759712e-05
0.003795759717314487
0.0004310954063604244
0.0009943462897526504
-5.724381625441674e-05
-0.0010367491166077742
-0.006506007067137809
0.001322968197879858
-0.0012282685512367496
-0.0020445229681978786
0.003696819787985866
0.0011484098939929326
0.0023441696113074206
0.0003187279151943459
0.0011236749116607769
0.0023915194346289747
0.004773144876325088
0.0020494699646643106
0.0068289752650176686
-0.0034063604240282684
-0.0019102473498233215
-0.004325088339222614
-0.005496819787985866
0.000373144876325088
-0.0008240282685512368
-0.00022190812720848007
-0.0026600706713780916
-0.0015469964664310955
-0.001352650176678445
-0.0008007067137809188
-0.003243109540636042
-0.0032219081272084806
0.0022431095406360417
-0.0017279151943462897
-0.0014812720848056532
0.0013137809187279152
0.001915194346289752
0.0012734982332155472
-0.001928621908127209
-0.001831095406360424
0.0024077738515901064
-0.0014431095406360435
-0.003004240282685513
0.004029681978798587
0.0037526501766784455
-0.001631095406360424
0.0053604240282685515
-0.0006869257950530038
0.0006113074204946996
0.00332226148409894
-0.003339222614840989
-0.00034699646643109565
-0.003509540636042403
0.000207067137809188
6.148409893992863e-05
-0.0017646643109540641
-0.0007038869257950527
-0.0003597173144876329
-0.0025992932862190813
-5.653710247349985e-06
-0.0014289752650176683
-0.0011328621908127212
-0.0008056537102473497
0.002674911660777385
0.004084098939929329
0.0037088339222614837
-0.00024452296819787924
-0.0032939929328621915
0.0008049469964664315
-0.002275618374558304
-0.0012127208480565367
0.0011872791519434622
-0.0021194346289752646
0.0026678445229681986
-0.002570318021201413
5.2296819787985795e-05
0.0016643109540636046
0.0012416961130742048
-0.0029943462897526504
0.004561837455830388
0.002678445229681979
-0.0008063604240282683
0.0026508833922261484
0.001373851590106007
0.001619787985865724
-0.0008982332155477035
-0.002380212014134275
-0.0010911660777385157
0.0007802120141342756
-0.003384452296819788
-0.0008233215547703179
-0.0033738515901060072
-0.003966077738515901
-0.002313074204946997
-0.0024643109540636037
-0.00038515901060070666
-0.004410600706713781
0.00038939929328621955
0.00013144876325088303
-0.0009964664310954064
-0.003603533568904594
-0.001132155477031802
0.002173144876325088
-0.00204452296819788
0.0026035335689045935
0.0006346289752650173
0.0004812720848056537
0.002672791519434629
-0.004060070671378092
-0.0013766784452296816
-0.0034473498233215543
0.0011017667844522962
0.0027681978798586577
-0.0028805653710247347
0.0024070671378091874
-0.0049773851590106015
-0.00030883392226148404
0.005018374558303887
0.0016169611307420503
0.006156890459363957
0.0005590106007067142
-0.002346996466431095
-0.0012303886925795057
0.003206360424028268
0.0005017667844522964
-0.00031802120141342786
-0.0022091872791519425
0.0019173144876325095
0.0004303886925795054
-0.0026756183745583043
-0.003840282685512369
-0.0018487632508833918
0.0018466431095406364
-0.0011250883392226144
-0.0016593639575971735
-0.0013554770318021199
0.001168904593639576
0.0010897526501766784
-0.0025681978798586576
0.005243816254416961
-0.004984452296819788
0.00036749116607773924
0.0034734982332155478
-0.006028268551236749
-0.0016063604240282683
0.0009024734982332154
0.00270530035335689
-0.004585159010600707
-0.0026303886925795055
0.0032932862190812725
-0.00299434628975265
0.0021618374558303893
-0.0015703180212014133
0.0009795053003533566
0.0019257950530035342
-0.003537809187279152
0.001875618374558304
0.005976678445229681
0.000465724381625442
0.0007639575971731448
0.0027646643109540637
-0.0015681978798586563
-0.003161837455830389
-0.0017929328621908126
0.001229681978798586
-0.0031116607773851593
-0.0007215547703180205
0.00010388692579505309
0.0036169611307420497
-0.0026183745583038863
-0.002481978798586572
0.0009074204946996465
-0.0012537102473498232
8.409893992932873e-05
-0.0006353356890459359
0.0021477031802120145
-0.0016848056537102475
-0.001312367491166078
-0.00165017667844523
0.00022049469964664296
-0.001829681978798586
0.0034699646643109538
-0.0022275618374558307
0.0020621908127208483
0.0016848056537102478
0.0031908127208480565
-2.826855123675385e-06
-0.0012494699646643116
0.0022233215547703177
-0.002239575971731449
-0.003886925795053003
0.0039010600706713776
-0.004006360424028268
0.00038798586572438165
-0.003155477031802121
-0.0009653710247349823
-0.002532155477031801
-0.0005908127208480564
-0.002332862190812721
0.0002805653710247343
0.0022593639575971738
-0.0004989399293286219
-0.0015180212014134285
-0.003971024734982333
0.0007717314487632506
0.001395759717314487
0.0002925795053003541
-0.0013816254416961135
0.000641696113074205
0.003214840989399294
0.002146289752650177
0.0027950530035335684
0.0049512367491166085
0.0018699646643109546
-0.0020840989399293288
-0.003101766784452297
-0.0021088339222614843
0.004053003533568905
0.0028388692579505302
-0.00011166077738515887
-0.0038706713780918734
0.003612014134275618
0.0034212014134275626
-0.002971024734982332
0.0038247349823321564
4.169611307420487e-05
-0.0027130742049469967
0.0034600706713780924
-0.0005363957597173143
0.0021901060070671384
-0.0004424028268551242
0.0053342756183745585
0.0002890459363957589
-0.0018141342756183745
0.0036459363957597173
-0.0002883392226148402
-0.004183038869257951
-0.003145583038869259
-0.0007964664310954066
0.0022056537102473498
0.0031102473498233214
-0.002436749116607774
-0.005713780918727916
-0.0003102473498233217
0.00022402826855123757
0.0015484098939929334
-0.0004141342756183741
-0.0020897526501766784
-0.0006749116607773853
0.0012628975265017673
-0.0010607773851590103
0.00018091872791519483
-0.002182332155477032
0.003635335689045936
-0.0028000000000000004
-0.0014084805653710247
-0.0014657243816254414
0.004404240282685512
0.0043660777385159015
0.0011498233215547712
0.0015342756183745576
0.0002558303886925799
-0.0008233215547703183
0.0019597173144876323
-0.003479151943462897
0.003574558303886926
-0.0013081272084805654
-0.00041625441696113014
0.0008621908127208486
-0.0010014134275618373
-0.0018600706713780915
-0.0024402826855123663
-0.001580918727915194
0.001771731448763251
0.002261484098939929
0.001750530035335689
-0.0003130742049469965
0.004621201413427563
-0.003009893992932862
-0.0009477031802120141
-0.0022678445229681985
0.00017667844522968194
0.0035689045936395745
-0.0001717314487632509
0.0006791519434628977
-0.003183745583038869
-0.0011420494699646644
-0.002997173144876326
-0.0035780918727915194
-2.4734982332155866e-05
0.0015837455830388693
-0.0004713780918727916
0.0035710247349823327
4.6643109540635806e-05
-0.0004848056537102469
0.0029491166077738507
0.0029194346289752654
-0.0029180212014134274
0.0012621908127208475
0.0026240282685512364
-0.0017738515901060074
0.0011293286219081272
0.0008035335689045934
0.00045653710247349786
0.0004204946996466435
-0.0019003533568904588
-0.003751236749116608
0.0026720848056537103
-0.0007710247349823326
-0.00037809187279152053
-0.0010388692579505296
-0.0013194346289752649
-0.001012720848056537
0.004683392226148409
0.0015208480565371018
0.0037964664310954055
0.0006212014134275619
8.409893992932897e-05
0.0033441696113074206
0.0026084805653710246
-0.0013540636042402826
-0.00015830388692579536
-0.0051491166077738525
0.0033554770318021203
-0.003224028268551237
0.0009187279151943466
-0.0008289752650176683
-0.002396466431095407
-0.0008819787985865728
0.0009865724381625442
0.0009773851590106012
-0.0016261484098939927
0.0023335689045936403
-0.0010219081272084807
0.005097526501766785
0.003580918727915194
-0.0030381625441696118
-0.0034657243816254416
-0.0019519434628975266
0.0009858657243816253
-0.00034275618374558314
0.0015356890459363958
-0.0018162544169611316
-0.001217667844522968
0.0005547703180212011
0.0012303886925795057
0.0020579505300353357
0.0035130742049469966
0.004319434628975265
0.0012183745583038872
0.003987279151943463
0.002284098939929328
0.0026932862190812723
0.000958303886925795
-0.0015413427561837456
0.0004480565371024735
-0.003601413427561838
-0.0026035335689045935
-0.0033130742049469965
-0.0005095406360424033
0.0034212014134275617
0.0031455830388692585
0.0010975265017667847
-0.003022614840989399
0.0003469964664310958
-0.0034522968197879854
0.0038565371024734986
0.0023681978798586563
0.0031512367491166077
2.0494699646642814e-05
0.0037102473498233208
0.00012296819787985846
0.004986572438162544
-0.0024692579505300356
-0.0014381625441696115
0.0009349823321554773
0.0009491166077738516
-0.0012339222614840988
-0.0016367491166077736
-0.0006614840989399295
2.0494699646643207e-05
-0.0008275618374558303
-0.002219787985865724
0.002051590106007068
-0.0019038869257950533
-0.003016961130742049
-0.0021095406360424037
0.009203533568904593
0.0002734982332155478
0.0009547703180212008
-0.0012219081272084814
0.001043109540636042
-0.006556890459363957
0.002856537102473499
0.002446643109540635
-0.0002416961130742058
1.837455830388647e-05
-0.0022925795053003535
-0.0006141342756183744
-0.0014855123674911664
0.0015964664310954058
0.0016042402826855135
-0.0004014134275618376
0.002259363957597173
-0.0014212014134275617
-0.0008098939929328628
0.0020289752650176672
-0.0008925795053003535
-0.0010091872791519426
-0.000354063604240283
0.004997879858657244
0.002939929328621908
0.0004628975265017666
-0.0010989399293286223
-0.003356890459363958
0.0020961130742049475
-0.0009413427561837459
-0.0008628975265017667
-0.00250530035335689
-0.0018487632508833926
0.003281978798586573
-0.000419081272084806
0.0020692579505300355
-0.00024946996466431094
-4.3109540636042557e-05
-0.005626148409893993
-0.0018339222614840987
-0.0020911660777385155
0.001098939929328622
-0.0010530035335689055
-0.0012021201413427568
0.0030784452296819787
-0.002707420494699647
-0.0028925795053003525
0.0018501766784452308
0.0010621908127208487
0.0016826855123674906
0.0007187279151943464
-0.0011215547703180217
0.0022706713780918726
-0.0012537102473498241
0.0023837455830388685
0.0008501766784452286
-0.0018318021201413426
-0.001354770318021202
-0.0015865724381625436
-0.0033427561837455835
0.0028063604240282686
0.0026162544169611307
0.0032395759717314485
0.0015632508833922265
-0.0010197879858657244
-0.0005378091872791518
-0.0014247349823321555
-0.0077448763250883386
0.00039081272084805647
0.0017660777385159008
-0.0017915194346289757
-0.0011773851590106015
0.0051116607773851585
-0.0018544169611307418
-0.000343462897526502
0.002991519434628975
0.000991519434628975
0.0034360424028268555
0.004592932862190812
-0.0013201413427561834
0.00014204946996466456
0.003774558303886926
0.0020812720848056533
0.0014996466431095405
-0.003933568904593641
0.0008063604240282685
0.0024869257950530044
0.003954770318021202
-0.0019773851590106
0.0046530035335689045
0.0026791519434628975
-0.0034374558303886926
-0.0010855123674911658
0.0004756183745583045
-0.0042134275618374555
-0.0005342756183745586
-0.0012954063604240283
0.0008798586572438163
0.005412014134275618
0.005855123674911661
-0.0009342756183745586
0.0013272084805653712
-0.002016254416961131
-0.004375265017667844
0.005879858657243817
-0.0011823321554770318
0.0031045936395759713
-0.004079151943462897
0.0007957597173144872
0.002002120141342756
0.0019194346289752656
0.003105300353356891
-0.004571024734982333
-0.0028784452296819786
0.0017964664310954062
0.0033554770318021208
0.0029929328621908133
-0.002748409893992932
0.0014862190812720852
-0.0010855123674911654
-0.0004961130742049473
0.0023321554770318023
-0.0017915194346289744
-0.002645936395759717
0.00496678445229682
-0.00391731448763251
-6.643109540636095e-05
-0.0013335689045936396
-0.0020840989399293283
9.823321554770296e-05
-0.0009915194346289751
-0.0021173144876325085
0.003344169611307421
0.001896113074204947
0.0006975265017667853
-0.00492226148409894
-0.0021992932862190803
0.0006197879858657248
0.0015159010600706716
-0.0006713780918727921
0.001934982332155477
-0.0005455830388692578
0.00011236749116607732
-0.000771731448763251
-0.0007738515901060061
-0.001804240282685512
0.0014063604240282682
0.0022982332155477036
0.0028332155477031797
0.0011109540636042405
-0.004461484098939929
0.004443109540636043
0.004448056537102473
7.349823321554715e-05
0.0038190812720848054
0.0024636042402826856
0.00043038869257950576
-0.003734275618374558
0.0032084805653710253
-0.002140636042402827
-0.0035477031802120147
0.0007491166077738516
-0.0020848056537102473
0.0019321554770318015
-0.0007441696113074202
-0.0010614840989399293
0.003496819787985866
0.0010784452296819784
0.0038494699646643114
0.0017222614840989399
-0.0022332155477031808
-5.2296819787985795e-05
0.006611307420494699
0.002760424028268551
0.001231095406360424
-0.00024522968197879843
0.0013992932862190812
0.0003787985865724382
0.0007717314487632514
-0.006744169611307421
0.0021795053003533568
-0.0007363957597173141
-0.001501060070671378
0.0020169611307420485
0.003734275618374558
-0.0013166077738515905
0.0038756183745583045
-0.0014007067137809192
0.0011936395759717315
0.003274911660777385
0.002247349823321554
0.0030346289752650178
0.0024233215547703178
0.00037455830388692554
-0.0003406360424028271
0.0012805653710247352
0.0012706713780918726
-0.0030727915194346295
-0.0032282685512367492
0.0021491166077738516
0.0017123674911660779
0.001548409893992933
-7.279151943462959e-05
6.99646643109541e-05
0.0008706713780918732
-0.001724381625441696
-0.001127208480565371
0.0021561837455830383
-0.0009462897526501765
-0.0020176678445229684
-0.0015109540636042394
0.0002466431095406362
-0.004103886925795052
-0.0056530035335689045
0.003272791519434629
-0.00018515901060070682
0.0018445229681978799
0.0005943462897526497
-0.0005109540636042402
0.003843109540636043
0.0016183745583038863
-0.0029703180212014143
-0.0034805653710247354
0.000668551236749116
0.005460070671378093
-0.0026332155477031805
-0.0006480565371024734
0.0025229681978798588
-0.0023399293286219085
-0.001133568904593639
0.0009477031802120141
-0.0030409893992932855
-0.001803533568904593
-0.00047208480565371025
-0.0011208480565371027
0.0006862190812720856
0.0015159010600706711
0.0022318021201413437
0.0032840989399293284
0.0031738515901060067
-0.0005561837455830392
0.0010374558303886925
0.004546289752650178
0.0008968197879858658
-0.0033646643109540636
-0.00368339222614841
-0.0036007067137809184
0.0005250883392226148
0.00011519434628975193
0.0026226148409893993
-0.00024664310954063573
-0.005851590106007068
0.002918021201413428
0.004887632508833924
-0.0030883392226148405
-0.006418374558303887
-0.0020169611307420494
-3.1095406360424625e-05
-0.004418374558303887
0.0015392226148409885
0.002801413427561838
0.004696113074204948
-0.001400706713780918
0.0032833922261484095
-0.0005957597173144873
0.003375265017667845
0.003502473498233216
0.003964664310954063
0.0032558303886925793
-0.0045307420494699645
0.003546289752650176
-0.0012855123674911653
0.003973851590106007
-0.0008805653710247355
0.00041413427561837505
-0.0013526501766784448
-0.003964664310954063
0.0011024734982332154
0.002290459363957597
0.00038657243816254456
0.0019802120141342756
-0.0016346289752650176
0.004555477031802121
-0.0017081272084805655
-0.0005872791519434627
0.00028904593639575855
-0.0018190812720848054
-0.006043816254416961
-0.00013286219081272074
0.004078445229681979
0.0024989399293286222
-0.00267208480565371
-0.002093992932862191
0.000713780918727915
-0.0005173144876325088
-0.0012487632508833924
-0.0001441696113074201
0.0010720848056537107
0.0004063604240282689
-0.0030233215547703185
0.0004021201413427558
-0.0013978798586572437
0.004426148409893992
-0.0022261484098939927
-0.0012706713780918728
0.00011590106007067195
0.0001773851590105998
0.0027067137809187285
-8.268551236749157e-05
8.975265017667837e-05
-0.003954770318021201
0.001957597173144876
0.0021929328621908125
0.0015469964664310948
-7.27915194346289e-05
0.000804240282685512
-0.0008021201413427562
0.00043321554770317993
0.0011045936395759708
-0.0017639575971731452
0.001111660777385159
0.0005491166077738517
-0.0032098939929328637
0.006932155477031803
0.004611307420494699
0.0031074204946996463
0.005658657243816255
0.005985865724381626
0.0017349823321554767
-0.0013159010600706708
-0.002901060070671379
0.0010035335689045938
0.0008925795053003533
0.0017561837455830384
-0.004920141342756184
-0.003768904593639576
-0.000811307420494699
0.0008537102473498234
0.001359010600706714
-0.0020049469964664316
-0.0024961130742049468
-0.000247349823321555
0.001424028268551236
-0.006704593639575971
0.0016148409893992938
0.0018819787985865724
-0.0014586572438162547
-0.001602826855123674
-0.0018911660777385163
-0.0027031802120141336
-0.0015187279151943458
-0.00162756183745583
-0.0019173144876325086
-0.001440282685512367
-0.0007547703180212013
-0.0011293286219081267
0.0009130742049469959
-0.0054579505300353355
-0.0001455830388692581
0.0019992932862190806
0.00012155477031802169
-0.001208480565371024
0.00032579505300353324
-0.00043462897526501767
0.0005215547703180212
-0.00010035335689045968
-0.0017469964664310956
0.0010035335689045938
0.0006840989399293286
0.0010077738515901064
-0.0016162544169611313
0.005416254416961132
-0.0023731448763250882
-0.0037886925795053007
-3.745583038869297e-05
-0.0043194346289752664
-0.008017667844522968
0.0008445229681978798
-0.004058657243816255
0.0006339222614840988
0.0022833922261484103
0.0015392226148409891
0.0026742049469964655
0.0024530035335689052
-0.0009385159010600709
0.0036190812720848066
-0.004039575971731449
-0.0008961130742049478
0.0039194346289752645
0.0006233215547703187
0.0018212014134275625
0.001344876325088339
0.00314982332155477
-0.000337809187279152
0.0007759717314487637
0.0035038869257950534
0.0022325088339222613
-0.0022770318021201412
-9.8939929328622e-05
-0.00207773851590106
0.005146289752650177
-0.0005604240282685521
-0.003933568904593639
-0.002118727915194346
-0.003241696113074205
-0.001125088339222615
0.00018515901060070595
-0.0023151943462897517
5.884574335469028e-19
0.002340636042402827
-0.002534982332155477
0.0007293286219081271
-0.002565371024734982
0.0005371024734982329
-0.0007257950530035331
-0.00234416961130742
0.0020219081272084805
0.00010176678445229758
-0.0004742049469964656
-0.00418374558303887
0.00013074204946996558
-0.002254416961130742
0.0016734982332155485
0.00486643109540636
-0.0008968197879858658
-0.004204946996466431
-0.0011971731448763249
0.00354982332155477
-0.0023038869257950537
0.0036664310954063607
-0.0012777385159010596
-0.0003215547703180217
0.002458657243816254
0.0008070671378091871
0.001534275618374558
0.0036416961130742048
-0.0024621908127208493
0.0015236749116607766
-0.005124381625441696
-0.0038091872791519423
0.0021703180212014135
-0.005122261484098939
0.003492579505300353
-0.0005187279151943458
-0.0024424028268551236
0.0014918727915194342
0.0021519434628975266
0.002917314487632509
0.003934982332155478
-0.0017533568904593638
-0.0022565371024734974
-0.000785159010600707
-0.0006325088339222613
0.0007950530035335694
-0.0019498233215547705
-0.0022819787985865728
0.0003795053003533573
0.0022452296819787977
-0.0006155477031802117
-0.0027908127208480563
0.002928621908127209
7.915194346289764e-05
0.0026734982332155474
0.0045660777385159
0.0011759717314487634
-0.00313922261484099
-0.00243321554770318
-0.0024770318021201418
-0.003875618374558303
-0.0008621908127208472
0.004896113074204948
0.002954770318021201
-0.0004353356890459365
0.00038091872791519427
-0.005865724381625442
0.001289752650176679
0.0004812720848056537
-0.002230388692579505
-0.0042247349823321565
0.002683392226148409
-0.0025491166077738514
-0.0020982332155477026
-0.0038657243816254414
0.000713780918727916
-0.0028388692579505302
-0.003919434628975265
-0.001828268551236749
0.0008091872791519437
-0.00021908127208480565
-0.003407773851590106
-0.002824028268551237
-0.0004120141342756186
-0.0023519434628975263
-0.0031590106007067134
-0.004709540636042401
-0.0008819787985865724
-0.00045229681978798585
-0.002332155477031802
-0.005488339222614841
0.00018939929328621824
0.0017371024734982327
-4.5229681978799296e-05
-0.003359010600706715
0.004053710247349824
0.0012409893992932864
0.001730742049469965
-0.00039505300353356924
0.0002494699646643102
-0.0018593639575971732
0.0028176678445229687
0.00029752650176678437
-0.001992932862190813
0.0013102473498233216
-0.0022784452296819788
-0.00019575971731448764
0.0012190812720848047
0.0001236749116607769
-0.0018742049469964675
-0.0015780918727915192
0.0010254416961130743
-0.003909540636042403
-0.00042897526501766786
-0.003931448763250882
0.0013674911660777381
0.003203533568904594
-0.0018409893992932858
-0.0005257950530035335
-0.003793639575971731
-0.0026749116607773854
-0.0014939929328621911
0.003086219081272085
0.0029964664310954065
-0.005932862190812721
-0.0019950530035335685
-0.0002628975265017663
-0.001425441696113074
-0.004154770318021201
-0.0016077738515901056
4.310954063604236e-05
-0.000978091872791519
-0.0023081272084805654
0.0032954063604240286
0.0018890459363957604
-0.0031908127208480565
0.00015547703180211989
0.0033095406360424025
-0.0003773851590106005
0.0016070671378091872
0.002069257950530035
-0.0017851590106007075
0.0007710247349823315
-0.0033010600706713787
-0.0023498233215547702
-0.004201413427561838
0.0032409893992932865
-0.0041653710247349825
0.006504593639575972
-0.001741342756183746
-0.002173851590106007
0.000765371024734982
-0.0030127208480565377
0.0019787985865724377
0.002713780918727915
-0.0006360424028268553
-0.00019293286219081266
-0.0016014134275618376
0.004354063604240282
-0.00775618374558304
0.0017858657243816256
0.00021201413427561827
0.0023462897526501767
-0.0035618374558303886
0.0019088339222614842
-0.000532155477031802
0.003513780918727916
0.005200000000000001
-0.005551236749116608
0.001498939929328622
-0.0008855123674911656
-8.409893992932818e-05
0.0041116607773851585
0.002399293286219081
-0.0003752650176678449
-0.0037102473498233216
-0.003259363957597174
0.002082685512367491
0.0006713780918727915
-0.0016445229681978795
-0.0031915194346289755
0.0023950530035335696
-0.0031109540636042403
0.001325088339222615
0.0026438162544169612
-0.0016614840989399296
-0.0011279151943462897
-7.420494699646631e-05
0.001046643109540636
0.003365371024734982
0.0012367491166077737
-0.0022120141342756175
0.0007038869257950527
0.0009477031802120151
0.00036607773851590134
0.0049886925795053
0.001068551236749117
-0.0016247349823321556
0.004093992932862191
-0.00027067137809187297
0.0008720848056537107
0.002971024734982332
-0.0020544169611307417
0.0021307420494699647
0.0027498233215547704
0.005669257950530035
-0.00020141342756183666
-0.0008296819787985874
0.0008346289752650173
-0.0043399293286219085
0.003278445229681979
0.004682685512367491
-0.0006600706713780921
0.0042438162544169615
-0.004365371024734982
0.0012749116607773854
-0.003292579505300353
-0.0014098939929328626
-0.001373851590106007
0.00182756183745583
0.003686219081272085
-0.001612720848056537
-0.002954063604240283
-0.0035406360424028276
-0.00012084805653710191
0.0007469964664310951
0.00032367491166077755
-0.0013851590106007067
-0.0022480565371024736
0.001651590106007067
-0.004190812720848056
-0.00026855123674911685
0.003178798586572438
-0.000142049469964663
0.00465088339222615
0.0024572438162544165
-0.00014770318021201386
-0.0020876325088339223
-0.0009512367491166078
0.0006388692579505306
0.00292226148409894
0.0018833922261484097
0.0015222614840989398
0.0026056537102473495
-7.279151943462841e-05
-0.002124381625441696
-0.001913780918727916
-0.0007045936395759723
0.0030961130742049466
-0.0001356890459363961
-0.0008197879858657249
-0.0012537102473498232
0.0032996466431095407
0.00044805653710247356
-0.001335689045936396
0.0015265017667844523
0.0011590106007067136
0.0006862190812720845
-0.0010855123674911658
-0.0029858657243816253
0.0028353356890459367
-0.00028621908127208465
0.002053710247349823
-0.004281272084805654
0.001781625441696113
-3.0388692579505093e-05
0.001086219081272085
0.0023151943462897534
0.003293992932862191
0.004706713780918729
-0.0004713780918727908
5.7243816254417716e-05
0.00014204946996466475
-0.004809893992932863
0.005056537102473497
-0.0012734982332155476
0.004067137809187279
0.0011886925795053008
-0.0023886925795053
0.0003392226148409889
0.0054883392226148416
0.0012339222614840988
0.0015137809187279153
0.001496113074204947
-0.0016098939929328614
-0.0012374558303886929
-0.0005731448763250886
-0.0007724381625441697
0.005579505300353357
0.0030134275618374563
-0.0036805653710247346
-0.003379505300353357
0.0001293286219081263
0.0001745583038869258
-0.002542049469964665
0.0019060070671378091
4.876325088339205e-05
-0.004441696113074206
-0.003931448763250883
0.003463604240282686
-0.006339222614840989
-0.005414840989399293
0.0023328621908127204
0.0028113074204946993
-0.004441696113074206
-0.004263604240282686
-0.005322261484098941
0.0021590106007067142
0.0003448763250883392
0.001636042402826855
0.0004452296819787983
0.00042120141342756135
-0.0009173144876325093
0.00020282685512367489
0.0006784452296819797
-0.00310600706713781
0.002361837455830388
-0.004672791519434629
-0.0016749116607773856
0.003995053003533569
0.001973144876325088
0.0003088339222614842
0.0025957597173144873
0.00036042402826855176
-0.0006692579505300358
0.0054946996466431084
0.0003455830388692585
0.0005604240282685515
0.0023943462897526506
-0.0022473498233215546
-0.003087632508833923
0.0031780918727915193
-0.002127208480565371
0.003869964664310955
0.002390106007067138
0.0008318021201413429
-0.00294982332155477
-0.003604946996466431
-0.0005971731448763251
-0.004301060070671379
-0.0031095406360424024
-0.00039434628975265027
1.766784452296831e-05
-7.703180212014086e-05
-0.00196678445229682
0.003732862190812721
-0.0029392226148409898
0.000500353356890459
-0.0009802120141342752
0.00400565371024735
0.0036056537102473495
0.0001455830388692582
-0.0007787985865724385
0.0022720848056537097
0.0007031802120141343
-0.001418374558303887
9.89399293286217e-05
-0.0027674911660777388
-0.005414134275618375
-0.0015773851590106015
-0.004546996466431095
0.0005893992932862189
0.0012522968197879853
-0.001267137809187279
-0.0047809187279151955
-0.0015752650176678444
0.0006049469964664317
-0.0004593639575971733
0.0005618374558303888
0.0013469964664310956
0.0012650176678445225
-0.002740636042402826
0.0021724381625441696
0.001459363957597173
-0.001968904593639577
0.004790812720848057
-0.00014063604240282667
0.00010459363957597178
-0.0033208480565371018
0.00536678445229682
8.268551236749088e-05
-0.002843816254416961
0.0010515901060070675
0.0011088339222614836
0.00240565371024735
0.0018954063604240277
0.0008727915194346286
0.0005646643109540641
0.0001731448763250885
-0.0004332155477031799
0.0002982332155477035
0.002156183745583039
-0.0013724381625441699
-0.0022565371024734983
0.0017279151943462902
-0.0010572438162544174
0.0021575971731448763
-0.004293992932862192
-0.006318021201413427
-0.002580918727915195
1.9787985865724457e-05
-0.002367491166077738
0.001109540636042403
0.003951943462897527
-0.0018303886925795053
-0.0040982332155477036
-0.002501060070671379
-0.001778091872791519
0.0018544169611307418
0.002162544169611308
0.0003738515901060075
0.0009208480565371025
0.007674204946996467
-0.004129328621908128
0.0005689045936395763
-0.0006551236749116608
-0.004338515901060071
-0.0019653710247349823
0.0019102473498233206
-0.0011554770318021191
-0.0006318021201413426
0.0037590106007067132
-0.002648056537102473
-0.0042148409893992935
-0.003906007067137809
0.005055830388692579
0.0004183745583038871
0.0034480565371024733
0.0035618374558303903
0.004390106007067138
0.0029477031802120145
0.0017653710247349825
-0.0014544169611307419
-0.0033067137809187283
-0.0011399293286219086
0.0031363957597173153
-0.0014042402826855123
-0.0033547703180212014
-0.003907420494699647
0.001498939929328622
-0.00026572438162544203
-0.000573144876325088
-0.002132862190812721
-0.000587279151943463
-0.005797173144876325
-0.0006636042402826858
-0.0015526501766784445
0.0016169611307420492
0.001392226148409894
-0.002713780918727915
-0.0017646643109540641
-0.00116113074204947
-0.0009660777385159005
0.004381625441696114
0.0037526501766784455
-0.004757597173144876
-0.00400565371024735
0.003267844522968198
0.004925088339222614
0.003814134275618375
-0.0002643109540636036
0.0008049469964664311
0.003323674911660777
0.000846643109540636
0.0007964664310954065
-0.001051590106007067
0.003930742049469965
-0.005292579505300352
-0.0024155477031802125
-0.0023060070671378084
0.002448763250883392
-0.0031074204946996463
0.00056678445229682
-0.0014579505300353361
-0.0006021201413427563
-0.00111660777385159
0.0023886925795052996
-0.00013215547703180247
0.0019434628975265012
-0.00022614840989399412
-0.0015236749116607769
0.005068551236749117
-0.006118727915194346
-0.0017978798586572435
1.837455830388647e-05
-0.001893286219081273
-0.002841696113074205
-0.0006494699646643114
0.0018233215547703177
-0.0023950530035335687
-0.0044579505300353355
-0.0067505300353356895
-0.003585865724381626
0.0012734982332155479
0.0058551236749116616
-0.0032042402826855127
-0.0029865724381625434
0.0001964664310954067
-0.0014148409893992935
0.0017116607773851582
-0.0032409893992932865
-0.0009830388692579502
-0.0030600706713780905
0.0022480565371024745
0.002959010600706714
0.00013568904593639556
-0.0014303886925795051
0.002113074204946997
0.0008756183745583032
0.0017286219081272083
0.0010643109540636052
0.0058671378091872785
0.00011378091872791444
-0.001021201413427562
-0.003048763250883393
0.0006127208480565376
0.008003533568904592
-0.0011371024734982327
0.0012671378091872788
-0.003609187279151943
0.0019363957597173143
-0.00014699646643109542
0.0001371024734982334
0.0014621908127208482
-0.0017229681978798588
-0.0007759717314487633
0.0025575971731448765
0.00163321554770318
-0.0012713780918727922
0.0006325088339222619
0.002054416961130742
-0.0022466431095406357
0.00030530035335688964
0.0010388692579505296
-0.00036183745583038906
-6.077738515901116e-05
-9.116607773851655e-05
-0.0014544169611307414
0.00034204946996466455
-0.0003540636042402827
0.0035081272084805655
0.0013526501766784453
0.0013604240282685516
-0.0017102473498233225
-4.3816254416961404e-05
-0.00030742049469964733
0.0021151943462897533
-0.003176678445229682
0.0017540636042402834
-0.002361837455830388
0.004761837455830389
-0.0007173144876325088
-0.0018593639575971732
-0.0016445229681978804
0.0017611307420494701
0.0032565371024734983
0.0011583038869257948
0.0038939929328621905
-0.0009123674911660773
-0.0017893992932862177
-0.00441696113074205
0.0016946996466431106
-0.0029420494699646644
-0.0005830388692579498
0.007306713780918728
0.0018706713780918722
-0.0014614840989399293
0.003525795053003534
0.002191519434628975
-0.0007469964664310956
-0.001981625441696113
0.002945583038869258
-0.001593639575971731
0.004840282685512367
0.0028961130742049465
-0.00038657243816254397
0.0027908127208480567
-0.0008346289752650182
-0.0025830388692579505
-0.0016537102473498232
-0.0021512367491166085
-0.0015462897526501767
0.003385865724381625
0.00025371024734982376
0.001750530035335689
-0.004945583038869257
-0.0019505300353356888
-0.004631095406360424
0.0036869257950530045
0.002382332155477032
-0.0018438162544169613
-5.229681978798619e-05
-0.003957597173144877
0.0004148409893992935
0.0023151943462897525
-0.0023858657243816255
0.00021060070671378135
0.0009392226148409897
-0.00036890459363957655
0.0034360424028268555
-0.0011731448763250883
-6.996466431095455e-05
-0.004013427561837457
-0.0019639575971731444
0.0007413427561837456
0.00021201413427561865
0.0011575971731448763
0.0021999999999999993
-0.005063604240282686
-0.0001003533568904594
-0.001554770318021201
-5.653710247348416e-06
-0.0015858657243816258
0.006836749116607774
-0.0033053003533568904
-0.00799929328621908
-0.0019731448763250885
-0.0029583038869257948
-0.00041554770318021165
0.0006275618374558303
0.000390106007067138
0.0038869257950530037
-0.0002593639575971733
0.0036
-0.0033321554770318032
0.00018374558303886913
0.002564664310954064
0.00027349823321554784
0.002703180212014134
0.0025526501766784454
-0.0024466431095406366
-0.0025017667844522973
-0.0018084805653710253
0.0012664310954063603
-0.0021392226148409903
0.000768904593639576
0.0031201413427561836
0.0013095406360424029
0.0005010600706713785
0.0013646643109540644
-0.0009293286219081271
-0.0005434628975265016
0.0017752650176678436
-0.005041696113074205
-0.003412720848056536
-0.006087632508833922
0.0020120141342756183
0.0017123674911660774
-0.0029342756183745582
-0.002549823321554771
-0.005956183745583039
-0.00032084805653710235
0.0007653710247349816
-0.002292579505300353
0.004775971731448765
0.0014416961130742046
-0.0006049469964664305
0.002547703180212014
0.002601413427561838
0.0018699646643109546
0.000454416961130742
-0.005736395759717314
0.002080565371024735
-0.0024558303886925794
0.001360424028268552
-0.0016459363957597177
-0.0038692579505300354
0.0016643109540636048
0.0007787985865724383
0.0020699646643109544
6.219081272084768e-05
-0.008467844522968197
-0.0031752650176678446
-0.0025823321554770315
-0.001356183745583039
-4.6643109540635806e-05
-0.0010876325088339225
0.0011717314487632512
0.0011505300353356887
0.0021469964664310942
0.002280565371024735
-0.00173922261484099
0.005212014134275619
-0.00019151943462897576
0.0009024734982332159
-0.0015448763250883396
0.00022049469964664315
-0.002448763250883392
-0.0016904593639575965
0.00178303886925795
0.0009844522968197882
0.002999293286219081
0.0008685512367491167
-0.0015915194346289756
-0.0013554770318021199
0.002549116607773851
-0.006545583038869257
-0.0009067137809187281
-0.0008091872791519436
0.0019413427561837456
-0.0011667844522968193
0.00030035335689045925
0.003458657243816254
-0.0032819787985865724
0.0027901060070671373
-0.0029137809187279153
0.0021795053003533568
-0.004104593639575971
-0.00025441696113074177
-0.0001922261484098934
0.0028431095406360424
-0.0008565371024734982
-0.0017689045936395758
0.0043109540636042405
-0.0032791519434628973
0.0009250883392226148
-0.0015802120141342757
0.00020141342756183715
-0.0005448763250883392
-0.0008226148409893992
0.0026890459363957597
-0.002667844522968198
0.0006522968197879859
-0.0009399293286219078
-0.0019752650176678445
-0.0014021201413427558
-0.0012155477031802107
-0.0012247349823321554
-0.0009547703180212014
0.0010014134275618375
-0.005766077738515902
0.002532155477031802
-0.003365371024734982
-0.00047844522968197865
-0.0015024734982332158
-0.0020000000000000005
-0.00647208480565371
0.0007950530035335686
-0.0025208480565371027
-0.0030162544169611305
0.0003060070671378098
-0.001547703180212014
-0.0007477031802120145
-0.0008070671378091867
0.001514487632508834
0.00026219081272084823
0.0005590106007067134
0.0026014134275618383
0.00014558303886925858
-0.004081272084805654
0.0032459363957597167
0.0001844522968197875
-0.003003533568904594
-0.0011074204946996465
-0.003943462897526502
0.0018487632508833926
-0.0013272084805653712
0.0004381625441696107
-0.0007406360424028263
-0.0015123674911660778
-0.004975971731448764
0.0016339222614840986
-0.0010897526501766795
0.0010904593639575967
-3.886925795053007e-05
0.0024989399293286214
-8.833922261484067e-05
0.0011964664310954072
-0.0008077738515901059
-0.004580918727915195
-0.004221908127208481
-0.0010692579505300343
-5.653710247349666e-06
-0.00039363957597173145
0.0004720848056537098
-0.0022565371024734983
0.0012339222614841
-0.006985865724381625
-0.003096113074204948
-0.00023886925795053
-0.0009081272084805664
0.004781625441696114
0.00172226148409894
-0.0025816254416961134
-0.005698233215547704
-0.001447349823321555
-0.001741342756183746
-0.0015681978798586568
0.0010607773851590116
0.0013780918727915202
0.004186572438162544
-0.001982332155477032
0.005259363957597173
-1.0600706713780732e-05
5.159010600706754e-05
-0.0036212014134275614
0.0025915194346289756
-0.0011773851590106009
-0.0008424028268551227
-0.005566784452296821
-0.0006318021201413424
-0.0026042402826855124
0.0009477031802120145
-0.0016424028268551235
0.0013964664310954064
0.003760424028268551
0.00012155477031802125
-0.0013823321554770319
-0.0031144876325088344
0.0021427561837455834
0.0029696113074204945
-0.0016558303886925793
-0.0003243816254416961
-0.0045844522968197885
-0.001870671378091873
-0.0007010600706713783
0.002940636042402827
-0.0023985865724381623
0.0004367491166077738
-0.00232226148409894
0.0013561837455830388
4.028268551236776e-05
0.00048339222614841013
0.004840282685512368
-0.0024558303886925794
-0.0003038869257950529
0.0028409893992932863
0.0019837455830388692
-5.936395759717288e-05
-0.00024664310954063633
-0.003974558303886927
-0.003934982332155478
0.002003533568904594
0.0005554770318021198
0.005599293286219081
-0.002148409893992933
0.006309540636042402
0.0003985865724381622
-0.00018303886925795116
-0.0006381625441696112
-0.0022819787985865728
-0.004170318021201413
-0.0008494699646643109
0.0021448763250883386
0.0038777385159010605
0.0005279151943462897
0.005271378091872792
0.0008176678445229677
0.0024134275618374564
0.0041201413427561845
-0.0005462897526501769
-0.00191660777385159
0.0011689045936395766
0.0009151943462897527
0.002144169611307421
0.001397173144876325
0.001457950530035336
0.0005095406360424028
-0.0020318021201413436
-0.0023575971731448764
-0.006698233215547704
0.002628975265017668
-0.0008706713780918731
0.0001250883392226152
0.004840989399293286
-0.002770318021201413
-0.000425441696113074
-0.0037703180212014134
0.0027964664310954064
0.0014325088339222614
0.0013674911660777388
-0.0020360424028268553
-0.001380212014134276
0.00010530035335689063
0.0017123674911660772
-0.002431095406360424
0.00386643109540636
0.0003201413427561836
-0.00314416961130742
0.0043590106007067135
-0.00038727915194346283
-0.00017243816254416944
0.0012848056537102471
0.002435335689045937
-0.0028339222614840987
-0.003469257950530035
0.0030021201413427557
-0.001608480565371024
0.0016197879858657236
-0.0029293286219081263
-0.001537809187279152
-0.001110954063604241
-0.0038070671378091876
-0.0019519434628975266
-1.6254416961130913e-05
0.0028360424028268556
-0.003521554770318021
0.0023738515901060068
0.0005858657243816251
-0.0008077738515901061
-0.002288339222614841
-0.002804946996466432
-0.0016303886925795057
-0.0038763250883392226
-0.0015816254416961134
-0.0005717314487632505
-0.00041201413427561785
-0.0004975265017667846
-0.00021625441696113045
0.0016325088339222609
0.002000706713780918
0.0011328621908127212
0.00492226148409894
-0.001957597173144877
-0.0003272084805653711
0.0037957597173144887
-0.0020742049469964666
-0.0013724381625441692
0.001031095406360424
0.0003378091872791516
0.0013413427561837455
0.0026720848056537103
0.0017180212014134277
0.0018296819787985872
-0.0023724381625441697
-0.0023667844522968196
0.003921554770318022
-0.003983038869257952
-0.00020848056537102496
-0.0026975265017667844
0.00047985865724381677
5.22968197879856e-05
-0.0003462897526501765
0.00013851590106007052
-0.00319434628975265
-0.0008247349823321552
0.0005201413427561837
-0.0012190812720848064
-0.005010600706713782
0.003060777385159011
-0.007221201413427562
-0.001251590106007067
0.002583038869257951
0.0004240282685512369
0.0004028268551236747
0.0008416961130742044
0.001141342756183745
-0.0002268551236749118
0.001913780918727915
0.0025512367491166074
-0.003563250883392227
0.002457950530035335
0.0009908127208480566
-0.0024240282685512368
0.0006600706713780926
-0.0025696113074204956
-0.0008501766784452298
-0.0011081272084805653
-0.0011936395759717315
0.002930742049469965
0.0015561837455830394
-0.0026402826855123677
-0.00028127208480565306
0.0015053003533568902
-0.002877738515901061
-5.512367491166044e-05
7.98586572438159e-05
0.0026508833922261484
-0.002163250883392227
-0.008103180212014133
0.00017879858657243798
-0.005004240282685512
0.0021448763250883395
0.0005095406360424026
-0.0027830388692579506
0.0010035335689045943
0.0006862190812720847
-0.001342756183745583
-0.0025992932862190813
-0.003420494699646643
0.0010169611307420492
-0.0016254416961130746
-0.00019010600706713816
0.0017434628975265011
0.002302473498233216
-0.005840989399293286
-0.002072791519434629
0.0008106007067137807
-0.005659363957597173
0.0019286219081272088
-0.004880565371024734
-0.003334275618374559
-0.0022190812720848064
-0.0027583038869257942
-0.0019462897526501765
0.004364664310954064
-0.0020494699646643115
0.0009717314487632514
-0.003760424028268551
-0.0003999999999999997
0.002763250883392226
0.0034544169611307415
0.001166077738515901
0.0024395759717314486
-0.0020049469964664316
-0.0007038869257950535
-0.002063604240282685
0.00027703180212014104
0.003228268551236749
0.0028360424028268556
0.003016254416961131
0.004069964664310955
0.0016579505300353355
0.0006176678445229681
0.002101060070671379
-0.003631095406360425
0.0017272084805653712
-0.0009759717314487628
-0.0010932862190812722
-0.00390530035335689
-0.00223321554770318
-0.0011031802120141342
0.0024678445229681977
-0.001853003533568905
-0.0034212014134275617
0.0041448763250883395
0.0029279151943462887
-0.002534275618374558
0.0014296819787985866
0.0001236749116607771
0.0005257950530035329
0.0010459363957597168
0.0005406360424028272
-5.7243816254416543e-05
0.0022961130742049475
-0.004200706713780919
-0.00031236749116607805
-0.003330742049469965
0.004685512367491166
-0.0008621908127208483
0.00044169611307420516
0.0032939929328621906
0.003918727915194346
-0.001975971731448764
-0.0009010600706713774
-0.00038798586572438105
0.001272791519434629
0.00016254416961130678
-0.0006932862190812716
-0.003502473498233216
-0.005734982332155478
-0.00043462897526501734
-0.0030911660777385164
-0.003732862190812721
0.0031229681978798586
0.00033144876325088337
0.0003321554770318025
0.001917314487632509
-0.003946289752650177
-0.0017144876325088342
0.0011618374558303895
-0.0021660777385159023
-0.001404240282685512
0.0001371024734982331
-0.0013109540636042406
-7.349823321554706e-05
0.0010551236749116605
0.0004402826855123675
0.0005844522968197875
0.00044452296819787917
-0.0012275618374558307
-0.007329328621908127
0.0005151943462897523
-0.0002869257950530033
-0.00033003533568904585
-0.001257950530035336
-0.0005151943462897527
-0.004612720848056537
0.0012770318021201414
1.4840989399293809e-05
0.0036381625441696125
0.0026240282685512373
0.0020530035335689046
0.0016989399293286223
0.0017074204946996466
-0.0017837455830388698
0.00544452296819788
0.0025512367491166083
-0.0012996466431095402
-0.0014727915194346288
-0.003308833922261484
0.001664310954063604
0.002716607773851589
-0.0027590106007067145
0.0009484098939929327
0.005543462897526502
0.0022007067137809187
-0.001861484098939929
0.0026395759717314483
-0.00027420494699646655
-0.002187279151943463
0.002942756183745583
-0.002203533568904594
-0.0033434628975265008
0.001127915194346289
0.0010932862190812724
-0.0012169611307420501
0.0030197879858657245
-0.002284098939929329
-0.0009123674911660771
-0.001547703180212014
-0.0018925795053003531
-0.0008473498233215556
-0.0008466431095406364
-0.00043321554770318
-0.005106007067137809
-0.001341342756183746
-0.0032614840989399286
-0.001966077738515901
-0.0016727915194346295
-0.003985159010600706
-0.00030176678445229644
-0.00535689045936396
-0.002001413427561837
-0.005344876325088339
0.003110247349823322
-0.0009590106007067133
-0.001192932862190814
-0.001443816254416961
-0.003484805653710248
6.996466431095382e-05
0.005076325088339222
0.003289752650176678
0.004595759717314489
0.0015413427561837458
0.00038162544169611324
-0.001891872791519435
-0.003185159010600707
-0.003587279151943463
-0.0010657243816254416
0.0037646643109540633
-0.0011696113074204945
-0.0005095406360424021
-0.001083392226148409
0.0002713780918727918
-0.0013936395759717314
-0.0015349823321554764
0.003793639575971732
0.003929328621908128
-0.0028600706713780917
0.002249469964664311
0.0002643109540636042
-0.0025434628975265017
-0.006559010600706714
0.0061957597173144885
-0.005426855123674912
0.005327915194346291
0.0034268551236749122
-3.5335689045933485e-06
-0.00038233215547703135
0.004265017667844522
0.00025583038869257956
0.003360424028268551
0.003106713780918727
0.003168904593639576
0.0015378091872791523
0.004007067137809188
-0.000881978798586573
-0.0048480565371024735
0.0021053003533568907
0.002462190812720848
0.001794346289752651
0.0002388692579505304
0.0006275618374558305
4.734982332155426e-05
-0.0037187279151943463
-0.0007038869257950524
0.003175265017667845
0.00044805653710247405
-0.00191095406360424
8.975265017667827e-05
-0.00017950530035335658
-0.0007363957597173141
-0.0006628975265017665
-0.004601413427561838
-0.0013038869257950517
-0.003221201413427562
0.005069964664310954
-0.0016282685512367492
0.0044155477031802125
-0.0007922261484098941
0.0003307420494699652
0.002567491166077739
0.0003823321554770313
-0.0017328621908127206
0.0007710247349823322
0.00034558303886925753
0.0006939929328621911
-0.000728621908127208
0.0024586572438162545
0.0055802120141342755
-0.002631802120141343
0.002407773851590106
-0.003506007067137808
0.0027724381625441703
-0.001368197879858657
0.0028332155477031806
-0.0032883392226148406
0.0013575971731448766
0.002445936395759717
0.0018473498233215553
-0.002596466431095406
0.000978798586572438
0.0041611307420494695
-0.00548904593639576
0.0032367491166077744
0.0006946996466431095
0.0020572438162544163
-0.0010982332155477024
5.159010600706734e-05
-0.002436042402826856
-0.001778798586572438
-0.004679858657243816
-0.002618374558303887
0.0009950530035335687
-0.003145583038869258
-0.0021265017667844517
0.0013477031802120144
-0.0036876325088339226
0.0008946996466431103
0.0006826855123674905
0.0009484098939929334
0.00038939929328621917
-0.0007858657243816248
-0.001786572438162544
-0.001300353356890459
-0.0007851590106007063
0.0011095406360424036
-0.0010431095406360426
-0.0014798586572438164
-0.0014035335689045936
0.0025300353356890464
-0.0015964664310954063
-0.00031519434628975287
-0.0021265017667844517
-0.00042544169611307434
0.0014989399293286216
0.00028904593639576034
-0.0015844522968197884
0.00013286219081272112
0.0006275618374558292
0.001347703180212014
-0.0017399293286219078
-0.005429681978798586
0.0014508833922261483
-0.005701766784452296
0.0016395759717314487
-0.002028268551236749
0.0018848056537102476
-0.004578798586572438
3.462897526501778e-05
0.0005710247349823322
0.0008388692579505294
-0.0009696113074204948
0.0024664310954063606
0.0014699646643109533
0.004543462897526502
-0.0039674911660777384
0.0024706713780918727
0.00018515901060070698
-0.0013060070671378102
0.0006275618374558309
0.000626855123674912
0.0029363957597173143
0.005812014134275618
0.0017590106007067138
0.0032155477031802116
-0.003172438162544169
-0.0054098939929328625
-0.0025180212014134272
0.001987279151943463
-0.0020077738515901057
0.0020819787985865723
-0.0006600706713780921
-0.0015045936395759714
0.0005957597173144874
-0.002657950530035336
-0.0024720848056537102
-0.0006862190812720858
-0.003207773851590106
-0.0023561837455830393
-0.002850883392226148
-0.00023533568904593599
-0.001853003533568905
-0.0001441696113074208
0.000813427561837456
-0.0017130742049469966
-0.0019681978798586574
0.0008961130742049468
0.0004226148409893994
0.002563250883392226
0.0009731448763250882
0.00028409893992932794
-0.001514487632508834
-0.0035561837455830385
-0.0038848056537102477
0.004677738515901061
-0.0013710247349823306
-0.0009236749116607772
0.001886219081272085
0.0048318021201413435
-0.001005653710247349
-0.00243321554770318
-0.00454416961130742
-0.0002254416961130742
-0.0003618374558303893
0.001626855123674911
0.005144876325088339
-0.0019265017667844527
-0.005637455830388693
-0.006012014134275619
-0.005431095406360423
0.0037858657243816252
-0.001608480565371025
-0.0018098939929328613
-0.004150530035335689
-0.0034289752650176674
0.00029469964664311
-0.0005229681978798582
-0.0030756183745583045
-0.0016798586572438169
-0.0024282685512367493
-0.002557597173144877
0.0019950530035335694
0.0017872791519434634
0.0038932862190812715
0.005674204946996466
0.002248056537102474
-0.0010678445229681975
0.00029893992932862183
-0.0024402826855123663
-0.0037208480565371024
0.000720141342756184
-0.00020565371024734954
-0.0020925795053003534
-0.003031095406360424
0.0006904593639575971
0.0006473498233215549
-0.0036515901060070674
0.001341342756183745
0.0010996466431095404
-0.003618374558303887
0.0013236749116607778
0.0023971731448763256
0.00023250883392226176
0.000425441696113074
0.002000706713780919
0.005464310954063603
0.002529328621908126
-0.005484098939929329
0.0010007067137809194
0.0014586572438162534
-0.0021392226148409894
-0.003768904593639576
-0.0015837455830388695
-0.0022395759717314485
0.0005265017667844515
-0.0032070671378091873
-0.000935689045936396
0.0004508833922261485
0.0006699646643109544
0.00025512367491166074
0.0006183745583038867
-0.0024155477031802125
-0.0012685512367491174
0.002843816254416961
-0.0005236749116607774
-0.0014770318021201415
-0.0036572438162544175
-0.002589399293286219
-0.001053710247349823
-0.0027886925795053
-0.005739929328621909
-0.0008155477031802121
-0.00039505300353356973
0.001657243816254417
0.007332155477031803
-0.0015003533568904584
0.0028098939929328626
0.0011074204946996467
0.00042049469964664286
-0.0012395759717314491
-0.00061696113074205
-0.0017116607773851591
-0.00011307420494699706
-4.452296819787986e-05
0.0002473498233215554
-0.00118303886925795
-0.0006098939929328619
-0.0025194346289752643
-0.0033519434628975268
0.003813427561837456
0.004667844522968198
0.00039363957597173145
0.0009533568904593628
-0.0005406360424028275
-0.0007371024734982337
0.0012826855123674907
-0.005219787985865725
-0.0022791519434628973
0.002156183745583039
0.0015879858657243812
-0.0027787985865724385
0.0007130742049469964
0.0045583038869257955
0.0023024734982332157
-0.00032720848056537124
-0.003908127208480566
-0.004532862190812722
0.0016197879858657245
-0.0012770318021201414
0.0005144876325088346
-0.00039222614840989437
0.0007689045936395766
0.0002155477031802122
-0.003330035335689047
-0.0033696113074204942
0.0015752650176678444
-0.0007413427561837466
-4.876325088339235e-05
0.0027342756183745586
0.0021759717314487627
-6.289752650176653e-05
-0.0022381625441696106
-0.001739929328621908
0.0004445229681978788
-0.0027837455830388696
0.0013971731448763254
-0.001548409893992933
-9.045936395759702e-05
-0.00010459363957597164
0.0067010600706713785
0.0015017667844522964
-0.006997173144876325
-0.003161837455830388
-0.0011844522968197883
0.0006819787985865721
0.0006791519434628981
0.0012593639575971733
0.0009625441696113072
0.0006395759717314488
-0.00017738515901060168
-0.003267844522968198
-0.0039038869257950522
0.003523674911660777
-0.004550530035335688
0.0010819787985865722
0.0030487632508833917
0.0003201413427561837
-0.004147703180212014
-4.098939929328663e-05
-0.0006897526501766784
-0.0017611307420494701
-0.0030614840989399293
0.0020353356890459376
-0.0006954063604240276
-0.0012395759717314491
-0.001552650176678446
0.0006537102473498231
-0.002531448763250883
-0.00029752650176678404
-0.0012212014134275616
-0.003046643109540637
0.0012395759717314487
0.0005151943462897528
-0.0015681978798586576
0.004113074204946997
-0.0015257950530035338
-0.0013116607773851591
0.0003646643109540632
-0.0007201413427561843
0.0008593639575971737
-0.002971024734982333
-0.0010833922261484102
-0.0003795053003533571
-0.0008537102473498236
-0.0034996466431095404
0.002260070671378092
-0.001511660777385159
-0.005669257950530035
-0.0019922261484098943
-0.001302473498233215
-0.0013116607773851594
0.004971731448763251
-0.000528621908127209
0.0008141342756183744
-0.0011024734982332158
0.0015943462897526502
-0.0019116607773851596
0.00033215547703180164
-0.002062190812720848
-0.00611660777385159
-0.004280565371024736
0.0002763250883392219
-0.003587985865724382
0.00034134275618374573
-0.007170318021201415
0.004690459363957597
0.00012155477031802155
-0.002453003533568905
-0.005311660777385158
-0.0023597173144876324
9.893992932862278e-06
-0.002887632508833922
0.0018600706713780921
0.0008402826855123676
0.0014296819787985872
-0.0003787985865724382
-0.002738515901060071
-0.0027547703180212015
-0.0014183745583038869
-0.0026961130742049464
0.00022756183745583044
-0.0008296819787985862
0.003630388692579505
0.0022325088339222605
-0.0024508833922261474
-4.6643109540636545e-05
0.002510247349823321
-0.00036042402826855165
-0.0005173144876325088
-0.004436749116607774
0.0002070671378091879
-7.06713780918454e-07
-0.005032508833922261
0.006768904593639576
0.0008848056537102476
0.0008522968197879859
-0.0014134275618374562
0.005056537102473498
0.0012141342756183747
0.0002897526501766789
-0.0019159010600706707
0.0035759717314487634
-0.0016925795053003526
0.001718727915194347
0.0017392226148409899
-0.002828268551236749
0.0054219081272084794
0.0019201413427561826
0.0016035335689045937
-0.0027349823321554767
-0.0034734982332155473
0.0048494699646643115
0.002870671378091873
-0.0013597173144876322
0.0029759717314487627
0.00024734982332155493
0.0026685512367491167
-0.0005427561837455823
-0.0005392226148409889
-0.0001017667844522968
0.0027950530035335693
0.007920848056537103
-0.004498233215547704
0.0011816254416961128
-0.0014621908127208474
0.0022275618374558302
0.0029893992932862193
-0.002513780918727915
0.0018544169611307418
0.0005554770318021206
0.0012360424028268562
4.169611307420467e-05
0.0015455830388692582
0.002967491166077739
0.00012367491166077768
0.0014409893992932859
-0.0053109540636042405
-0.006180212014134276
0.0024233215547703178
0.0004296819787985865
-0.002773144876325088
-0.0028897526501766788
-0.0008826855123674908
0.002395759717314488
-0.0011901060070671373
0.0005484098939929333
0.0011335689045936402
-0.0007286219081272087
-0.003167491166077739
-0.002509540636042402
-0.0012883392226148407
-0.002341342756183747
-0.0007166077738515898
-0.0009286219081272084
0.0003017667844522973
0.0015215547703180214
0.004385159010600707
-0.0006169611307420484
-0.007650883392226147
0.0004522968197879863
-0.0027773851590106005
-0.002474204946996467
-0.003093992932862191
0.004303886925795053
-0.00010106007067137766
0.0026812720848056536
0.0009420494699646645
0.0018579505300353354
0.0024911660777385157
-0.0029816254416961127
-5.300353356890484e-05
-0.0056664310954063594
0.002436042402826855
0.0029802120141342752
-0.002204946996466431
0.0005272084805653713
0.0010240282685512365
-8.904593639575942e-05
2.544169611307376e-05
-0.00026855123674911663
0.0012219081272084804
0.0015717314487632506
0.0027300353356890465
-0.00031448763250883455
0.003192226148409895
-0.0006763250883392226
0.0007526501766784451
0.0007455830388692583
-0.0007519434628975257
0.0009639575971731438
0.0018855123674911655
-0.0003681978798586575
-0.004424734982332155
-0.004062190812720848
-0.0012579505300353354
-0.0007597173144876324
0.0007469964664310959
0.0029611307420494694
-0.0036890459363957606
-0.0014021201413427563
-0.001987985865724381
-0.006173851590106007
-0.00041554770318021273
-0.0002593639575971734
0.0011978798586572434
-0.00020141342756183745
-0.003474911660777385
-0.0005858657243816252
0.0001936395759717318
0.0019978798586572435
0.0019151943462897524
0.0014042402826855128
-0.002780918727915195
-0.0027123674911660777
-0.004492579505300354
0.00010459363957597164
-0.004077031802120141
-0.002153356890459364
-0.00035901060070671386
0.0012812720848056538
0.00036325088339222576
0.0030565371024734995
-0.0032572438162544177
0.00045865724381625414
-0.00020636042402826898
0.0005017667844522972
-0.0007915194346289758
-0.006055830388692581
0.0022989399293286213
-0.0007279151943462902
-0.0004911660777385162
0.00044805653710247356
-0.005284098939929328
-0.002231802120141343
0.0006720848056537102
0.005159717314487632
-0.0012522968197879862
0.0023653710247349825
-0.0023971731448763256
-0.004232508833922261
0.0011978798586572434
0.00520494699646643
-0.0004402826855123673
-0.0022572438162544173
-0.0012077738515901058
-0.0022282685512367492
0.0014939929328621911
0.002428975265017668
0.00422190812720848
0.005021201413427562
-0.002737102473498234
0.00016325088339222622
0.0012939929328621908
0.002363957597173146
-0.0025130742049469974
-0.002398586572438162
0.0014021201413427558
0.00020494699646643079
-0.004889045936395759
-0.000390106007067138
0.0014466431095406355
0.0014233215547703178
-0.004403533568904595
0.0017229681978798588
0.0008197879858657259
0.00013286219081272107
-0.004998586572438163
9.187279151944118e-06
0.0006325088339222619
0.0032982332155477036
0.00016819787985865707
-0.00011872791519434537
-0.0012551236749116612
-0.0026014134275618374
0.0005314487632508841
0.004306007067137809
-0.00263321554770318
0.005614134275618374
0.00012791519434628978
-0.002039575971731449
-0.0048742049469964665
0.001417667844522968
0.0005943462897526502
0.0009088339222614843
0.0012756183745583046
0.002819081272084805
-0.0026939929328621904
0.0034014134275618378
0.0018869257950530037
0.002053003533568905
0.0014487632508833922
0.001364664310954063
-0.0023809187279151935
0.004819787985865724
0.0009045936395759714
-0.001577385159010601
-0.004595053003533569
0.004286925795053004
0.0010261484098939933
0.0008084805653710247
0.002185159010600707
-0.0010056537102473497
0.0042600706713780915
-0.00043462897526501783
-0.0005017667844522969
-0.0004106007067137814
0.0008148409893992936
0.00042332155477031865
-0.0006678445229681988
0.0011766784452296826
0.00045229681978798585
0.003981625441696113
0.0022028268551236747
0.003489045936395759
-0.0033957597173144877
0.003028268551236749
-0.0005222614840989395
-0.0011590106007067144
0.004681978798586572
-0.0005392226148409897
-0.0026692579505300357
0.0033625441696113075
0.0028226148409893994
0.005089045936395759
-0.005961837455830388
-0.0007095406360424029
-0.001684098939929329
-0.0019625441696113073
-0.0020226148409893995
-0.003587985865724381
0.0003717314487632515
-0.004224734982332156
-4.240282685512293e-05
-0.002455123674911661
-0.001112367491166078
-0.0005144876325088337
0.0008862190812720845
0.002850883392226148
0.00102826855123675
-0.0016756183745583035
0.004151943462897526
0.0010699646643109538
0.000891166077738516
-0.0019597173144876323
0.00016395759717314476
-0.002951943462897526
-0.0010148409893992933
0.0013802120141342758
0.0019809187279151937
-0.001510247349823322
-0.0006070671378091871
-0.0025886925795053006
0.004301060070671378
0.000993639575971731
-0.003178798586572438
0.002060777385159011
-0.0018028268551236748
0.000209893992932863
0.0027017667844522974
-0.00022756183745582985
-0.0031067137809187278
-0.0036572438162544175
0.0026169611307420492
-0.00357173144876325
0.0012473498233215548
0.0013321554770318019
-0.001000706713780919
-0.00012226148409894
-0.004671378091872792
-0.0012452296819787986
0.003344876325088339
0.0038077738515901066
0.0015731448763250876
0.003003533568904593
-0.001380212014134275
-0.0006530035335689045
-0.00366713780918728
0.00044028268551236764
0.0036155477031802126
0.0016961130742049473
0.0007116607773851591
0.004035335689045936
0.0021660777385159
0.0047491166077738515
-0.00383321554770318
0.0033795053003533573
0.001406360424028269
0.0003187279151943463
-0.0008551236749116608
-0.0013851590106007067
0.0016141342756183746
-0.0018522968197879858
0.0017392226148409897
-0.0014586572438162538
-0.003122968197879859
-0.0032530035335689043
0.003465017667844523
-0.0022572438162544177
0.00026996466431095377
0.0007512367491166085
0.0011137809187279153
-0.002062190812720848
0.0007752650176678448
0.0010848056537102475
0.0010233215547703182
-0.0012487632508833928
-0.0012982332155477031
0.0059441696113074205
-0.0010855123674911665
-0.0015335689045936395
0.0022805653710247357
-0.0016685512367491163
-0.00325017667844523
-6.360424028268596e-05
-0.00406713780918728
0.0005363957597173139
0.0007597173144876323
0.0016296819787985865
0.0010318021201413418
0.001180918727915194
-0.001679151943462897
0.0004381625441696109
0.001360424028268551
-0.002317314487632509
0.0022374558303886924
0.003828975265017668
0.001298233215547703
-0.002681978798586573
-0.00190600706713781
-0.0007392226148409897
0.003578798586572438
0.004134982332155478
-0.0021865724381625443
0.0033053003533568904
6.219081272084807e-05
0.0037547703180212015
